{"authorDailyContributionsMap":{"RyanNgWH":[{"date":"2024-03-06","commitResults":[{"hash":"6c62593d6713a432a0a6e0b84d4a8a5b0bccf0de","isMergeCommit":false,"messageTitle":"Update AboutUs","messageBody":"Add details for Ryan\n","fileTypesAndContributionMap":{"docs":{"insertions":15,"deletions":15}}},{"hash":"0986c751cf502ca454fb3ac1937a761bf288f284","isMergeCommit":true,"messageTitle":"Merge pull request #15 from ruijietay/Docs-UpdateAboutUs-Ruijie","messageBody":"Update roles and responsibilities in AboutUs page - Ruijie","fileTypesAndContributionMap":{}},{"hash":"c5f7484f1b5e85661db43d73d19c3bb5b13f7c54","isMergeCommit":true,"messageTitle":"Merge branch \u0027master\u0027 into Docs-UpdateAboutRyan","messageBody":"","fileTypesAndContributionMap":{}},{"hash":"2835340b16d8bb3f7aa5043a8fa36c123ab921a0","isMergeCommit":true,"messageTitle":"Merge pull request #30 from RyanNgWH/Docs-UpdateAboutRyan","messageBody":"Update roles and responsibilities in AboutUs page - Ryan","fileTypesAndContributionMap":{}}]},{"date":"2024-03-07","commitResults":[{"hash":"55121f1a70c0dee38831381c4e9ccc0ed76616dd","isMergeCommit":true,"messageTitle":"Merge pull request #31 from jjchee77/Docs-UpdateAboutUs","messageBody":"Update AboutUs for Jingjie","fileTypesAndContributionMap":{}},{"hash":"56a37b4ef945558f478c27b46aff0cb96b6cdda4","isMergeCommit":false,"messageTitle":"Add NFR to developer guide","messageBody":"","fileTypesAndContributionMap":{"docs":{"insertions":84,"deletions":80}}},{"hash":"0bb4e8be28c9a1b05307e3cb2fc25035c9287381","isMergeCommit":false,"messageTitle":"Add hyperlink in nfr","messageBody":"","fileTypesAndContributionMap":{"docs":{"insertions":3,"deletions":1}}},{"hash":"713db6a2e5ffaf7728ca8c6589aa9200624afbdc","isMergeCommit":false,"messageTitle":"Revert list symbol used in developer guide","messageBody":"","fileTypesAndContributionMap":{"docs":{"insertions":82,"deletions":84}}},{"hash":"85292e23e5067d3ab80e3395619f6f371c9fb203","isMergeCommit":false,"messageTitle":"Fix typo in developer\u0027s guide","messageBody":"","fileTypesAndContributionMap":{"docs":{"insertions":1,"deletions":1}}}]},{"date":"2024-03-08","commitResults":[{"hash":"b35bbb837825613a6296a02305a2585d66c3d264","isMergeCommit":false,"messageTitle":"Update ClickConnect to Fitbook","messageBody":"","fileTypesAndContributionMap":{"docs":{"insertions":23,"deletions":25}}},{"hash":"2cf41ee4141780ca0bc3c6097e2f1f77bb783bea","isMergeCommit":false,"messageTitle":"Add fully offline nfr","messageBody":"","fileTypesAndContributionMap":{"docs":{"insertions":1,"deletions":0}}},{"hash":"4e17223b495f976180ca9f1e4984c3857c4f351e","isMergeCommit":true,"messageTitle":"Merge branch \u0027master\u0027 into Docs-DevGuideNFR","messageBody":"","fileTypesAndContributionMap":{}}]},{"date":"2024-03-15","commitResults":[{"hash":"a6aafe6154d5842765d03731303b1a2ce220bbc2","isMergeCommit":false,"messageTitle":"Add attribute class","messageBody":"Attributes of a Person should be abstracted further to allow for common methods that can be used in the search function.\n\nLet\u0027s create an abstract Attribute class and have existing attributes inherit from it.\n","fileTypesAndContributionMap":{"functional-code":{"insertions":31,"deletions":0}}},{"hash":"102f59c4300239db69c12470c53b125b9ca7a36a","isMergeCommit":false,"messageTitle":"Refactor email attribute","messageBody":"","fileTypesAndContributionMap":{"functional-code":{"insertions":18,"deletions":8}}},{"hash":"6961095abf630add1d5fa812b850205812a61363","isMergeCommit":false,"messageTitle":"Refactor email attribute","messageBody":"","fileTypesAndContributionMap":{"functional-code":{"insertions":1,"deletions":1}}},{"hash":"da87804a7bd8ef22fb729098a4e41b4f7e4b51b0","isMergeCommit":false,"messageTitle":"Fix comments in email attribute","messageBody":"","fileTypesAndContributionMap":{"functional-code":{"insertions":1,"deletions":1}}},{"hash":"cda1c918a95220484480869f868c6db01ca74c67","isMergeCommit":false,"messageTitle":"Refactor address attribute","messageBody":"","fileTypesAndContributionMap":{"functional-code":{"insertions":20,"deletions":9}}},{"hash":"6ee61403446c871a081f3799d7a56988c1a89e4c","isMergeCommit":false,"messageTitle":"Refactor name attribute","messageBody":"","fileTypesAndContributionMap":{"functional-code":{"insertions":18,"deletions":9}}},{"hash":"efb341cd2de82e5765733aa660fb2d596f5003d0","isMergeCommit":false,"messageTitle":"Refactor note attribute","messageBody":"","fileTypesAndContributionMap":{"functional-code":{"insertions":18,"deletions":8}}},{"hash":"fa03c165fa20df0abc12879260f41dbaa8a3253a","isMergeCommit":false,"messageTitle":"Refactor phone attribute","messageBody":"","fileTypesAndContributionMap":{"functional-code":{"insertions":19,"deletions":9}}}]},{"date":"2024-03-16","commitResults":[{"hash":"c65147ae6903ede42eb25153c0c6c3d1e82b55e4","isMergeCommit":false,"messageTitle":"Refactor person class to use attributes","messageBody":"","fileTypesAndContributionMap":{"functional-code":{"insertions":115,"deletions":8}}},{"hash":"cd7bf397277d66fe19e90779fd8f408cb1fc9692","isMergeCommit":false,"messageTitle":"Refactor isMatch method to accept all Objects","messageBody":"","fileTypesAndContributionMap":{"functional-code":{"insertions":61,"deletions":15}}},{"hash":"dc4464f90a19fa7b3356f6fb0a7f87387940361a","isMergeCommit":false,"messageTitle":"Refactor classes to use attribute convention","messageBody":"","fileTypesAndContributionMap":{"functional-code":{"insertions":23,"deletions":18},"test-code":{"insertions":28,"deletions":22}}},{"hash":"353481310de6bedb68c006cb2e2b7efa6efc1142","isMergeCommit":false,"messageTitle":"Add search predicate","messageBody":"Application should be flexible enough to allow searching of any field\n\nLet\u0027s create a super predicate class, new search predicates can inherit from this\n","fileTypesAndContributionMap":{"functional-code":{"insertions":54,"deletions":0}}},{"hash":"59279b668dbebd49f1f2b2f482fbe0438fd84cb1","isMergeCommit":false,"messageTitle":"Refactor find command","messageBody":"Find command should be able to search multiple fields in one command\n","fileTypesAndContributionMap":{"functional-code":{"insertions":76,"deletions":14}}},{"hash":"28044dcdd522c5acc6ebb39f3d8bef7343d16cc3","isMergeCommit":false,"messageTitle":"Add search predicates for all fields","messageBody":"","fileTypesAndContributionMap":{"functional-code":{"insertions":128,"deletions":0}}},{"hash":"47cd0db0625c0cc1172989d844ffff2eec95d7ef","isMergeCommit":false,"messageTitle":"Add new attribute not found exception","messageBody":"","fileTypesAndContributionMap":{"functional-code":{"insertions":7,"deletions":0}}},{"hash":"fb668b4a290cc2e6163845886056f5922dcd2e4d","isMergeCommit":false,"messageTitle":"Refactor combined predicate \u0026 find command","messageBody":"","fileTypesAndContributionMap":{"functional-code":{"insertions":6,"deletions":7}}},{"hash":"2c4bc2a4ed320fa3a63c0fb9d24c43ba31f3db26","isMergeCommit":false,"messageTitle":"Create parserr for find command attributes","messageBody":"","fileTypesAndContributionMap":{"functional-code":{"insertions":35,"deletions":3}}},{"hash":"fc827edbb7061383040c7d6fa51cbb5e456d7bb4","isMergeCommit":false,"messageTitle":"Refactor find command parser","messageBody":"","fileTypesAndContributionMap":{"functional-code":{"insertions":42,"deletions":13}}},{"hash":"84dd45ad7821db668e96861bd829d6e767be4887","isMergeCommit":false,"messageTitle":"Fix tagSet matching logic","messageBody":"","fileTypesAndContributionMap":{"functional-code":{"insertions":5,"deletions":1}}},{"hash":"971422572c430726fe8b6d6a120edee79b3f8371","isMergeCommit":false,"messageTitle":"Fix test cases","messageBody":"","fileTypesAndContributionMap":{"test-code":{"insertions":35,"deletions":45}}},{"hash":"a3ffa7eede55d1809db4860cf7ae288851a7e29e","isMergeCommit":false,"messageTitle":"Refactor find command parser","messageBody":"Find command parser should not crash if prefix does not exist\n","fileTypesAndContributionMap":{"functional-code":{"insertions":5,"deletions":5}}},{"hash":"f58a997af20057e5129c8d425d893db0af6ff8ab","isMergeCommit":false,"messageTitle":"Refactor classes with new predicates directory","messageBody":"","fileTypesAndContributionMap":{"other":{"insertions":3,"deletions":2},"test-code":{"insertions":1,"deletions":0}}},{"hash":"803649f9be96b1006b2d98d2733c721c3ebd561a","isMergeCommit":false,"messageTitle":"Fix combined predicates toString","messageBody":"","fileTypesAndContributionMap":{"functional-code":{"insertions":1,"deletions":1}}},{"hash":"b079519ace9cf54f49e63d161b3ccc5a8c562745","isMergeCommit":false,"messageTitle":"Fix error message formatting for find command","messageBody":"","fileTypesAndContributionMap":{"functional-code":{"insertions":4,"deletions":5}}},{"hash":"ae8f1bb8390b108acf06e68851ea4c71ac935bd0","isMergeCommit":false,"messageTitle":"Update help message","messageBody":"","fileTypesAndContributionMap":{"functional-code":{"insertions":21,"deletions":18}}},{"hash":"2372a213f8f839d323e4c0fdd2d15a018f5994d7","isMergeCommit":false,"messageTitle":"Fix comments","messageBody":"","fileTypesAndContributionMap":{"functional-code":{"insertions":10,"deletions":5}}},{"hash":"3f48e240ed678aecd6e3f9174b2bf9c2f17b729f","isMergeCommit":false,"messageTitle":"Fix tagSet matching logic","messageBody":"","fileTypesAndContributionMap":{"functional-code":{"insertions":11,"deletions":18}}},{"hash":"4da3ffdfb8fcfa64f4b62c16640ebd1827f16b81","isMergeCommit":false,"messageTitle":"Add minimum argument for find command","messageBody":"","fileTypesAndContributionMap":{"functional-code":{"insertions":8,"deletions":8}}},{"hash":"a6c0bc1e15d65470b4ebe982b8eca9603bf35f01","isMergeCommit":false,"messageTitle":"Fix note search logic bug","messageBody":"","fileTypesAndContributionMap":{"functional-code":{"insertions":1,"deletions":1}}},{"hash":"5dfac5d1bae077199f1153897f526b07f0b3c6b2","isMergeCommit":false,"messageTitle":"Rename tagSet search parser","messageBody":"","fileTypesAndContributionMap":{"functional-code":{"insertions":2,"deletions":2},"other":{"insertions":2,"deletions":2}}},{"hash":"2525f332a918b4e127a8a9ef5ca06b7961e35b78","isMergeCommit":false,"messageTitle":"Fix test cases","messageBody":"","fileTypesAndContributionMap":{"test-code":{"insertions":41,"deletions":11}}},{"hash":"053fc624ba61848084575a69edd61d4e115d4fab","isMergeCommit":false,"messageTitle":"Bump junit version","messageBody":"","fileTypesAndContributionMap":{"other":{"insertions":1,"deletions":1}}},{"hash":"638b6a3d987792f7a40ca34617c9573fe2186fcb","isMergeCommit":false,"messageTitle":"Fix checkstyles","messageBody":"","fileTypesAndContributionMap":{"functional-code":{"insertions":37,"deletions":1}}},{"hash":"ed9549f1613de7b34a30e50f4ccc2d54a88ca417","isMergeCommit":false,"messageTitle":"Fix test cases checkstyles","messageBody":"","fileTypesAndContributionMap":{"test-code":{"insertions":3,"deletions":2}}}]},{"date":"2024-03-19","commitResults":[{"hash":"cdd3e28e146c7aacdd6cb489bfd3886ef57207ba","isMergeCommit":true,"messageTitle":"Merge branch \u0027master\u0027 into Enhancement-SearchFields","messageBody":"","fileTypesAndContributionMap":{}},{"hash":"b784f5661a9bef389c0adc3134cb445ff8b0a0a3","isMergeCommit":false,"messageTitle":"Fix merge conflicts","messageBody":"","fileTypesAndContributionMap":{"functional-code":{"insertions":3,"deletions":3}}},{"hash":"d341cce0f235e3269b93120017927c68b4f1dc85","isMergeCommit":false,"messageTitle":"Remove unnecessary import","messageBody":"","fileTypesAndContributionMap":{"functional-code":{"insertions":0,"deletions":1}}},{"hash":"6fda7bd2c3867f039a4740339441e8976602d742","isMergeCommit":false,"messageTitle":"Revert help command formatting fix","messageBody":"","fileTypesAndContributionMap":{"functional-code":{"insertions":3,"deletions":3}}},{"hash":"382d4d6c3223b0f11b641c28e71bc80376db8b64","isMergeCommit":false,"messageTitle":"Fix tag \u0026 tagset matching logic","messageBody":"","fileTypesAndContributionMap":{"functional-code":{"insertions":46,"deletions":14},"test-code":{"insertions":2,"deletions":2}}},{"hash":"7c53e67c5f0200c3673e5c1b6494ff0ca6618cb6","isMergeCommit":false,"messageTitle":"Add notes to test typical persons","messageBody":"","fileTypesAndContributionMap":{"test-code":{"insertions":11,"deletions":6}}},{"hash":"0fb88fbf963625df62ef61bf0b64ea8727bf4fb0","isMergeCommit":false,"messageTitle":"Add find command test cases","messageBody":"","fileTypesAndContributionMap":{"test-code":{"insertions":289,"deletions":5}}},{"hash":"55cec4028f0ece48f674e7992f258fdc7d290cd0","isMergeCommit":false,"messageTitle":"Add test case for multiple tags search","messageBody":"","fileTypesAndContributionMap":{"test-code":{"insertions":17,"deletions":1}}},{"hash":"99aa11429ddd26deabe55da5e3d5ab7d7844ea99","isMergeCommit":false,"messageTitle":"Refactor find command test cases","messageBody":"","fileTypesAndContributionMap":{"test-code":{"insertions":9,"deletions":16}}},{"hash":"d18b218d886fae8d643f4250215c41d365fa8d77","isMergeCommit":false,"messageTitle":"Fix test cases missing note checks","messageBody":"","fileTypesAndContributionMap":{"test-code":{"insertions":22,"deletions":12}}},{"hash":"881b830c029f1a81c9698d34a6754bfdfbf4b1d8","isMergeCommit":false,"messageTitle":"Add find command parser test cases","messageBody":"","fileTypesAndContributionMap":{"test-code":{"insertions":108,"deletions":9}}},{"hash":"5c417f9ce6eefeed57e1f51048c10cc2fbc4b173","isMergeCommit":false,"messageTitle":"Fix comment formatting","messageBody":"","fileTypesAndContributionMap":{"functional-code":{"insertions":5,"deletions":1}}},{"hash":"f5ffe0bfa7104cb357474df915b93a2f84bb8516","isMergeCommit":false,"messageTitle":"Add test cases for address match method","messageBody":"","fileTypesAndContributionMap":{"test-code":{"insertions":20,"deletions":0}}},{"hash":"b75bdc5b6eb9322fdd30699c1288509de5e47467","isMergeCommit":false,"messageTitle":"Fix bug in address match logic","messageBody":"","fileTypesAndContributionMap":{"functional-code":{"insertions":1,"deletions":1},"test-code":{"insertions":3,"deletions":0}}},{"hash":"e1231f1c623b70761faaf89e72447ae2764b66f3","isMergeCommit":false,"messageTitle":"Add email match test cases","messageBody":"","fileTypesAndContributionMap":{"functional-code":{"insertions":1,"deletions":1},"test-code":{"insertions":20,"deletions":0}}},{"hash":"d49e143faac213c8ae5c8f6ca3d771718b708bfc","isMergeCommit":false,"messageTitle":"Add test cases for combined predicates","messageBody":"","fileTypesAndContributionMap":{"test-code":{"insertions":100,"deletions":0}}},{"hash":"da79f59fc4621bbfdbf18fe260829c026bcaffbe","isMergeCommit":false,"messageTitle":"Modify test case structure to match code","messageBody":"","fileTypesAndContributionMap":{"other":{"insertions":1,"deletions":2},"test-code":{"insertions":0,"deletions":2}}},{"hash":"47d9c48bcb2015aa648cf5558cb4f326ab9b4a73","isMergeCommit":false,"messageTitle":"Add test cases for name matching","messageBody":"","fileTypesAndContributionMap":{"test-code":{"insertions":21,"deletions":0}}},{"hash":"2b80e57bd19658238ab48f11491e5669bfdb0920","isMergeCommit":false,"messageTitle":"Fix name matching bug","messageBody":"","fileTypesAndContributionMap":{"functional-code":{"insertions":1,"deletions":1}}},{"hash":"ec2b9c60fbfe784590c953edfaab2e34a3b04ef3","isMergeCommit":false,"messageTitle":"Fix combined predicates test case","messageBody":"","fileTypesAndContributionMap":{"test-code":{"insertions":1,"deletions":1}}},{"hash":"c4dbf3deefcdb0272ee7f6281c7ee18816be5277","isMergeCommit":false,"messageTitle":"Add phone matching test case","messageBody":"","fileTypesAndContributionMap":{"test-code":{"insertions":17,"deletions":0}}},{"hash":"b126f2f5ca5f21205942f0b8edd038f18d37b041","isMergeCommit":false,"messageTitle":"Fix phone matching bug","messageBody":"","fileTypesAndContributionMap":{"functional-code":{"insertions":1,"deletions":1}}},{"hash":"fe4c3e3a67941a84f54404b79155f8475c2d6daf","isMergeCommit":false,"messageTitle":"Remove unnecessary whitespace","messageBody":"","fileTypesAndContributionMap":{"test-code":{"insertions":0,"deletions":1}}},{"hash":"df588c21f0c247aa6d4c04f4c051df2cedb71013","isMergeCommit":false,"messageTitle":"Add tag matching test cases","messageBody":"","fileTypesAndContributionMap":{"test-code":{"insertions":21,"deletions":0}}},{"hash":"5667f4b177f89c989d27d648274fe970fac4e0c2","isMergeCommit":false,"messageTitle":"Fix tag matching bug","messageBody":"","fileTypesAndContributionMap":{"functional-code":{"insertions":1,"deletions":1}}},{"hash":"b80fa0b3b43d5166decb6cc830ffafb446cbb3b9","isMergeCommit":false,"messageTitle":"Add test cases for tagset","messageBody":"","fileTypesAndContributionMap":{"test-code":{"insertions":67,"deletions":0}}},{"hash":"b6621b2aa7bc665f774f66a832d31ce2728ba64f","isMergeCommit":false,"messageTitle":"Update help window phrasing","messageBody":"","fileTypesAndContributionMap":{"functional-code":{"insertions":1,"deletions":1}}},{"hash":"c7550f25b165275e17ecb9b6467ef5ea5da59dc5","isMergeCommit":false,"messageTitle":"Fix checkstyles","messageBody":"","fileTypesAndContributionMap":{"functional-code":{"insertions":7,"deletions":1},"test-code":{"insertions":34,"deletions":24}}},{"hash":"a48f00f0948d8fd36ffbc723c3fa8d2503510c54","isMergeCommit":false,"messageTitle":"Update UG for edit command","messageBody":"","fileTypesAndContributionMap":{"docs":{"insertions":12,"deletions":10}}},{"hash":"70f0f4593a90c8b7a17b8aa203ea179cff238bb7","isMergeCommit":true,"messageTitle":"Merge branch \u0027master\u0027 into Enhancement-SearchFields","messageBody":"","fileTypesAndContributionMap":{}},{"hash":"df97c23b5c82260c6bda1de1f584d13015d57e7d","isMergeCommit":false,"messageTitle":"Fix merge conflict","messageBody":"","fileTypesAndContributionMap":{"functional-code":{"insertions":0,"deletions":1}}},{"hash":"3915ad95cb8773bd085347525e3b14e90488bc47","isMergeCommit":false,"messageTitle":"Fix merge conflicts","messageBody":"","fileTypesAndContributionMap":{"functional-code":{"insertions":3,"deletions":2},"test-code":{"insertions":12,"deletions":12}}},{"hash":"30aef4e18b47e30f0a3f639cb809c931c913945f","isMergeCommit":false,"messageTitle":"Add test cases","messageBody":"","fileTypesAndContributionMap":{"test-code":{"insertions":15,"deletions":0}}},{"hash":"8446c078eda1212c2c27b523da9ce23107c1a70a","isMergeCommit":false,"messageTitle":"Update comment formatting","messageBody":"Co-authored-by: Dillon Tan \u003c40649376+dillontkh@users.noreply.github.com\u003e","fileTypesAndContributionMap":{"functional-code":{"insertions":1,"deletions":2}}},{"hash":"9bf857cbc7cedbf7ed47b01bb32cac00e9dc1098","isMergeCommit":false,"messageTitle":"Update formatting issue","messageBody":"Co-authored-by: Dillon Tan \u003c40649376+dillontkh@users.noreply.github.com\u003e","fileTypesAndContributionMap":{"functional-code":{"insertions":1,"deletions":2}}},{"hash":"2b3fd7ea9261ec44b30a03cb59a95177c0d81876","isMergeCommit":false,"messageTitle":"Refactor find command parse method","messageBody":"Check for empty argument should be done before tokenizing.\n","fileTypesAndContributionMap":{"functional-code":{"insertions":5,"deletions":4}}},{"hash":"f6a0c47bbecc400ed5f50b06b06d66298fc1fdc1","isMergeCommit":true,"messageTitle":"Merge branch \u0027master\u0027 into Enhancement-SearchFields","messageBody":"","fileTypesAndContributionMap":{}},{"hash":"de24fdeb4cc7495a5b6631f8f73196ad3c9ecf4b","isMergeCommit":false,"messageTitle":"Resolve merge conflicts","messageBody":"","fileTypesAndContributionMap":{"functional-code":{"insertions":4,"deletions":3}}},{"hash":"939a9cf926229ab3fc6146e654cdfde5081b24c6","isMergeCommit":false,"messageTitle":"Fix checkstyles","messageBody":"","fileTypesAndContributionMap":{"functional-code":{"insertions":1,"deletions":1}}}]},{"date":"2024-03-20","commitResults":[{"hash":"8073cb3c10abab66890c72a4775792534feadb60","isMergeCommit":false,"messageTitle":"Add OS check methods","messageBody":"","fileTypesAndContributionMap":{"functional-code":{"insertions":41,"deletions":3}}},{"hash":"3a306de8e16d11dcab69eee33172299233a6ced7","isMergeCommit":false,"messageTitle":"Fix help window formatting","messageBody":"Help window should show proper formatting on all supported OS.\n\nLet\u0027s,\n* Set different format based on OS\n","fileTypesAndContributionMap":{"functional-code":{"insertions":38,"deletions":3}}},{"hash":"65f130ccc45277b47c272074a211967d852b5442","isMergeCommit":false,"messageTitle":"Add test cases","messageBody":"","fileTypesAndContributionMap":{"test-code":{"insertions":21,"deletions":0}}},{"hash":"ed955de1f3a1bea80c07835adc486a182c34b021","isMergeCommit":false,"messageTitle":"Fix formatting bug on windows","messageBody":"","fileTypesAndContributionMap":{"functional-code":{"insertions":7,"deletions":25}}},{"hash":"9ec205766f1de01292b2bf51fe67eeb9c92c0d0a","isMergeCommit":false,"messageTitle":"Fix checkstyles","messageBody":"","fileTypesAndContributionMap":{"functional-code":{"insertions":7,"deletions":4}}},{"hash":"793671fb03e23134569ef1d4e461a5e821046bf5","isMergeCommit":false,"messageTitle":"Refactor openURL method","messageBody":"","fileTypesAndContributionMap":{"functional-code":{"insertions":1,"deletions":1}}},{"hash":"849d9a580645613dfc21538036a557d9563e59f6","isMergeCommit":true,"messageTitle":"Merge pull request #109 from RyanNgWH/BugFix-HelpWindowFormatting","messageBody":"BugFix: Help window formatting","fileTypesAndContributionMap":{}},{"hash":"8d9a2fe13d883deaba7d877899ba18005fb02f91","isMergeCommit":true,"messageTitle":"Merge pull request #118 from ruijietay/Docs-UpdateDevGuide","messageBody":"Fix minor typo in sequence diagram","fileTypesAndContributionMap":{}},{"hash":"7eb9d34a7f679fe4855630d6385a675da6e48a42","isMergeCommit":true,"messageTitle":"Merge pull request #119 from dillontkh/Task-RenameBuildFilename","messageBody":"Rename built jar file to FitBook","fileTypesAndContributionMap":{}}]}],"bgopi23":[{"date":"2024-03-07","commitResults":[{"hash":"4b20b643c85a8ad6b452283dbab5efe86cff02ae","isMergeCommit":false,"messageTitle":"Update DeveloperGuide","messageBody":"","fileTypesAndContributionMap":{"docs":{"insertions":21,"deletions":0}}},{"hash":"d8eead38a19cf3d236e907f08739300735140526","isMergeCommit":false,"messageTitle":"Update DeveloperGuide","messageBody":"Added use cases\n","fileTypesAndContributionMap":{"docs":{"insertions":70,"deletions":2}}},{"hash":"6fd1d0b6f84cdc4095b2271f3e5e6a67fc68a5e5","isMergeCommit":false,"messageTitle":"Fix typos","messageBody":"","fileTypesAndContributionMap":{"docs":{"insertions":6,"deletions":6}}},{"hash":"f74289daeb10890f07a8e625abcf29002eb1cd7e","isMergeCommit":false,"messageTitle":"Update use cases","messageBody":"","fileTypesAndContributionMap":{"docs":{"insertions":19,"deletions":22}}},{"hash":"22fce80ce6c785877183cbe138fe2846f621d85b","isMergeCommit":false,"messageTitle":"Update ReadMe","messageBody":"Update readMe for Gopi\n","fileTypesAndContributionMap":{"docs":{"insertions":4,"deletions":4}}},{"hash":"f938db22ef8530dbc68df58923af0bfb05fcd68b","isMergeCommit":false,"messageTitle":"Update DG Use-Cases","messageBody":"","fileTypesAndContributionMap":{"docs":{"insertions":21,"deletions":38}}},{"hash":"f06315aea7f1dea74d54a0a1f3c1811521a7a4e5","isMergeCommit":false,"messageTitle":"Update DG - Glossary","messageBody":"","fileTypesAndContributionMap":{"docs":{"insertions":3,"deletions":3}}}]},{"date":"2024-03-08","commitResults":[{"hash":"0e223f9a815e65d475522452dfaa76027dc9f3da","isMergeCommit":true,"messageTitle":"Merge pull request #45 from ruijietay/Docs-UpdateUserStories","messageBody":"Update user stories in developer guide","fileTypesAndContributionMap":{}}]},{"date":"2024-03-09","commitResults":[{"hash":"5bd2445e72a672ceb8e5c11edbeaceaa9cf9c439","isMergeCommit":false,"messageTitle":"Update DG Use Case","messageBody":"","fileTypesAndContributionMap":{"docs":{"insertions":13,"deletions":13}}},{"hash":"74e8ad4f6fdf986d2b2b42ba15667c939a140bab","isMergeCommit":true,"messageTitle":"Merge pull request #52 from dillontkh/Docs-UpdateProductScope","messageBody":"Update user profile and value proposition","fileTypesAndContributionMap":{}},{"hash":"e20220a6e6f979d887bbaf0ba9ec716e6b638236","isMergeCommit":false,"messageTitle":"Update DG Use Case","messageBody":"","fileTypesAndContributionMap":{"docs":{"insertions":6,"deletions":0}}},{"hash":"6ec7b02f777b3c86c99dc082dfaff018eebd3362","isMergeCommit":false,"messageTitle":"Update DG Use Cases","messageBody":"","fileTypesAndContributionMap":{"docs":{"insertions":8,"deletions":2}}}]},{"date":"2024-03-15","commitResults":[{"hash":"b1c971d7b3da3f742e1bcd6b3583a87d6edb4ee9","isMergeCommit":false,"messageTitle":"Update delete","messageBody":"","fileTypesAndContributionMap":{"functional-code":{"insertions":6,"deletions":6}}},{"hash":"89a4f7ba1f7100df6dee5961e84e9d271518a6b8","isMergeCommit":false,"messageTitle":"Update DG","messageBody":"Changed \u0027person\u0027 to \u0027client\u0027\nfor better consistency\nacross the DG\n","fileTypesAndContributionMap":{"docs":{"insertions":14,"deletions":14}}},{"hash":"b0c95f19b1a1e0e28bd71844c94b920b79e4f796","isMergeCommit":false,"messageTitle":"Update docs","messageBody":"Updates rest of the\ndocuments to change\n\u0027person\u0027 to \u0027client\u0027\n","fileTypesAndContributionMap":{"docs":{"insertions":22,"deletions":22}}}]},{"date":"2024-03-17","commitResults":[{"hash":"12fff8eb1d607f0137c00a8bc6d3a2ec27360154","isMergeCommit":true,"messageTitle":"Merge pull request #71 from dillontkh/Feature-QRCode","messageBody":"Add QR Code for Contacts","fileTypesAndContributionMap":{}},{"hash":"5fefbc763e445356854abb8a6596743e12e7cd6b","isMergeCommit":false,"messageTitle":"Update edit message","messageBody":"Updated edit error message\nto include NOTE\n","fileTypesAndContributionMap":{"functional-code":{"insertions":6,"deletions":4}}},{"hash":"62b477718bcc22c7c633c59196c805f8ebd96d0a","isMergeCommit":false,"messageTitle":"Update UG","messageBody":"Updated UG to include\nnote\n","fileTypesAndContributionMap":{"docs":{"insertions":7,"deletions":7}}},{"hash":"18ac227d4de898e5b363a0127b607b7ab514bdde","isMergeCommit":false,"messageTitle":"Update EditCommand","messageBody":"Updated edit command\nto only return non-null\nfields\n","fileTypesAndContributionMap":{"functional-code":{"insertions":39,"deletions":2}}},{"hash":"7659cbae7e89aa5b8b4ddedfad13b97e0b80ba3e","isMergeCommit":false,"messageTitle":"Update testcases","messageBody":"Updated testcases\nfor edit command\n","fileTypesAndContributionMap":{"functional-code":{"insertions":1,"deletions":1},"test-code":{"insertions":8,"deletions":4}}}]},{"date":"2024-03-18","commitResults":[{"hash":"f948333cb635b2d53d58d7d6343db61e5ea198c1","isMergeCommit":false,"messageTitle":"Update docs/UserGuide.md","messageBody":"Co-authored-by: Dillon Tan \u003c40649376+dillontkh@users.noreply.github.com\u003e","fileTypesAndContributionMap":{"docs":{"insertions":1,"deletions":1}}},{"hash":"0e45b251513a28bc74b84677e8d6cff699078cd0","isMergeCommit":false,"messageTitle":"Update docs/UserGuide.md","messageBody":"Co-authored-by: Dillon Tan \u003c40649376+dillontkh@users.noreply.github.com\u003e","fileTypesAndContributionMap":{"docs":{"insertions":1,"deletions":1}}}]},{"date":"2024-03-19","commitResults":[{"hash":"62dc36f3ba9df6610e473b841e65feaf5514b756","isMergeCommit":true,"messageTitle":"Merge pull request #83 from bgopi23/Feature-UpdateEditMessage","messageBody":"Update EditCommand.java","fileTypesAndContributionMap":{}},{"hash":"8f1a4ae5d880e6e75a66722cb79bfc6182df0529","isMergeCommit":true,"messageTitle":"Merge pull request #82 from dillontkh/Docs-QRGenerationUML","messageBody":"Add QR Code Generation Info to Developer Guide","fileTypesAndContributionMap":{}},{"hash":"e3371a3fd038c4e3fab49076214244287a2616b2","isMergeCommit":false,"messageTitle":"Fix add message","messageBody":"Fixed bug so that only\nnon-null values are\ndisplayed after\nsuccessful addition\n","fileTypesAndContributionMap":{"functional-code":{"insertions":42,"deletions":3},"test-code":{"insertions":2,"deletions":2}}},{"hash":"13c4155bf89a155a1752c70b3c75b515cda2d221","isMergeCommit":false,"messageTitle":"Fix import message","messageBody":"","fileTypesAndContributionMap":{"functional-code":{"insertions":0,"deletions":1}}},{"hash":"3f8cf70440de3c76f2de6cc741230d1552405586","isMergeCommit":false,"messageTitle":"Fix import messages","messageBody":"","fileTypesAndContributionMap":{"functional-code":{"insertions":6,"deletions":1}}},{"hash":"e53a35dd3519521c40f2fd62351c518b38ea0615","isMergeCommit":false,"messageTitle":"Fix import message","messageBody":"","fileTypesAndContributionMap":{"functional-code":{"insertions":2,"deletions":2}}},{"hash":"0f0ddb8ba007b4cf75a083ba97b9168ef6cf6623","isMergeCommit":false,"messageTitle":"Fix import message","messageBody":"","fileTypesAndContributionMap":{"test-code":{"insertions":0,"deletions":2}}},{"hash":"e6ff663399ec312a906340201c5c3382121bc53c","isMergeCommit":false,"messageTitle":"Update testcase","messageBody":"","fileTypesAndContributionMap":{"test-code":{"insertions":2,"deletions":1}}},{"hash":"0cb684d98f4e0791d6ed7a3b1e77bb45d136baa4","isMergeCommit":false,"messageTitle":"Remove print","messageBody":"","fileTypesAndContributionMap":{"test-code":{"insertions":0,"deletions":1}}}]}],"ruijietay":[{"date":"2024-02-24","commitResults":[{"hash":"5e6b3108e73824c09cd26c5c454f4feff3104d8d","isMergeCommit":false,"messageTitle":"Add skeleton for RemarkCommand","messageBody":"","fileTypesAndContributionMap":{"functional-code":{"insertions":39,"deletions":19}}},{"hash":"b56f9ca7101d811a6c08112a3c51791d88654f82","isMergeCommit":false,"messageTitle":"Implement exception for RemarkCommand","messageBody":"","fileTypesAndContributionMap":{"functional-code":{"insertions":15,"deletions":2}}},{"hash":"cc660b4ff137baec78037f4fd453185ab75c9cf6","isMergeCommit":false,"messageTitle":"Implement remark command","messageBody":"","fileTypesAndContributionMap":{"functional-code":{"insertions":220,"deletions":26},"test-code":{"insertions":64,"deletions":10}}}]},{"date":"2024-02-25","commitResults":[{"hash":"6eeb4fab3a58ef241fb667b817f9723fb514a0f3","isMergeCommit":false,"messageTitle":"Fix checkstyle violations","messageBody":"","fileTypesAndContributionMap":{"functional-code":{"insertions":36,"deletions":29}}}]},{"date":"2024-03-04","commitResults":[{"hash":"3253f45ee0f619c992e774a11e3ae15c9e05d7a7","isMergeCommit":false,"messageTitle":"Update AboutUs to add photo for Ruijie","messageBody":"","fileTypesAndContributionMap":{"docs":{"insertions":24,"deletions":11}}}]},{"date":"2024-03-05","commitResults":[{"hash":"c47b5b4017d78ba4d9adacc21da24cb2c805ccef","isMergeCommit":false,"messageTitle":"Update roles and responsibilities in AboutUs page","messageBody":"","fileTypesAndContributionMap":{"docs":{"insertions":3,"deletions":3}}},{"hash":"b88142fc36d22893edbe0f4814fb65affb82e87e","isMergeCommit":true,"messageTitle":"Merge pull request #14 from dillontkh/branch-UpdateAboutUs-Dillon","messageBody":"Add profile picture for Dillon","fileTypesAndContributionMap":{}},{"hash":"02b6721600cae2c04cbc252981718861c57fc172","isMergeCommit":true,"messageTitle":"Merge branch \u0027master\u0027 to Docs-UpdateAboutUs-Ruijie","messageBody":"","fileTypesAndContributionMap":{}},{"hash":"35e6bf8531e0c9f84ea776b15fd028e6af4a3845","isMergeCommit":false,"messageTitle":"Update README","messageBody":"","fileTypesAndContributionMap":{"docs":{"insertions":11,"deletions":11}}},{"hash":"193ba43e1de3f6183890b94a492bf62b4d0142b8","isMergeCommit":false,"messageTitle":"Update README","messageBody":"","fileTypesAndContributionMap":{"docs":{"insertions":2,"deletions":1}}},{"hash":"df390cfa6a0027262e37bd2c287642618fa29275","isMergeCommit":false,"messageTitle":"Update README","messageBody":"","fileTypesAndContributionMap":{"docs":{"insertions":0,"deletions":1}}},{"hash":"9c370a7b8ba40393af33323d65b66e99d47c0427","isMergeCommit":false,"messageTitle":"Update docs/AboutUs.md","messageBody":"Co-authored-by: Dillon Tan \u003c40649376+dillontkh@users.noreply.github.com\u003e","fileTypesAndContributionMap":{"docs":{"insertions":1,"deletions":1}}},{"hash":"1b67293da8e4aeb60cc576284510f243e783f752","isMergeCommit":false,"messageTitle":"Edit responsibilities for Ruijie","messageBody":"","fileTypesAndContributionMap":{"docs":{"insertions":1,"deletions":1}}},{"hash":"3c2e553467f013506e3a65e5c778352f7e3c2b15","isMergeCommit":false,"messageTitle":"Update user stories for developer guide","messageBody":"","fileTypesAndContributionMap":{"docs":{"insertions":10,"deletions":8}}},{"hash":"3f7a2e3139fe5583a488e44ed70a8d230e52a035","isMergeCommit":false,"messageTitle":"Fix typo in user stories","messageBody":"","fileTypesAndContributionMap":{"docs":{"insertions":10,"deletions":10}}},{"hash":"328c117aa82ffffb0a29e030466d05cb17bd5d27","isMergeCommit":true,"messageTitle":"Merge pull request #19 from dillontkh/Docs-UpdateUserStories","messageBody":"Update User Stories in the Developer Guide","fileTypesAndContributionMap":{}}]},{"date":"2024-03-06","commitResults":[{"hash":"7b85c8df212c3bea5d356fda896ef8163185950f","isMergeCommit":false,"messageTitle":"Update README.md","messageBody":"Add link back to original project repository\n\nCo-authored-by: Ryan Ng \u003cryan.ng.dev@tinynamoo.com\u003e","fileTypesAndContributionMap":{"docs":{"insertions":1,"deletions":1}}},{"hash":"7fa21ca74314962b662b1cb2cfb790d4628eb635","isMergeCommit":false,"messageTitle":"Update product scope of developer guide","messageBody":"","fileTypesAndContributionMap":{"docs":{"insertions":6,"deletions":4}}},{"hash":"be076e8b455a6c6f76362eb064c42831a4d31850","isMergeCommit":true,"messageTitle":"Merge pull request #23 from RyanNgWH/Docs-UpdateProjectSite-Ryan","messageBody":"Update site-wide settings","fileTypesAndContributionMap":{}},{"hash":"51d828bd4aabc4cdb5e3a8953737040daf317a96","isMergeCommit":false,"messageTitle":"Update AboutUs for Ruijie","messageBody":"","fileTypesAndContributionMap":{"docs":{"insertions":1,"deletions":1}}},{"hash":"d72655221e66753d041c196e6feec6b05c8570f6","isMergeCommit":false,"messageTitle":"Update AboutUs for Ruijie","messageBody":"","fileTypesAndContributionMap":{"docs":{"insertions":1,"deletions":1}}}]},{"date":"2024-03-07","commitResults":[{"hash":"9d80a8467433c341fc6ea2acdc36e132de7434dd","isMergeCommit":true,"messageTitle":"Merge pull request #37 from bgopi23/Docs-UpdateReadMeGopi","messageBody":"Update ReadMe","fileTypesAndContributionMap":{}},{"hash":"b67ba821f2f81355b16dd4247314168f71d7c826","isMergeCommit":true,"messageTitle":"Merge pull request #38 from jjchee77/Docs-UpdateGlossary","messageBody":"Update glossary for developer guide","fileTypesAndContributionMap":{}},{"hash":"06c5485e2f7419440379d8b0a4a173a9671fb5d1","isMergeCommit":true,"messageTitle":"Merge pull request #36 from bgopi23/Docs-DeveloperGuideUseCases","messageBody":"Add use cases for develop guide","fileTypesAndContributionMap":{}}]},{"date":"2024-03-08","commitResults":[{"hash":"df28fae4d57d9207130f195abf41a0bf8053d528","isMergeCommit":false,"messageTitle":"Update user stories in develop guide","messageBody":"","fileTypesAndContributionMap":{"docs":{"insertions":21,"deletions":20}}}]},{"date":"2024-03-09","commitResults":[{"hash":"31cf3adf27f36fc589f848b103c79f7c5c04c8e0","isMergeCommit":true,"messageTitle":"Merge pull request #46 from RyanNgWH/Docs-DevGuideNFR","messageBody":"Update NFR in developer guide","fileTypesAndContributionMap":{}},{"hash":"fd88b2c2c4cd844d1eae92ce68ee6ff8edd8becb","isMergeCommit":false,"messageTitle":"Update product name in entire project","messageBody":"","fileTypesAndContributionMap":{"docs":{"insertions":15,"deletions":15}}},{"hash":"825279b4b62b3c2b1938595b519b6cdae6877ada","isMergeCommit":false,"messageTitle":"Update README","messageBody":"","fileTypesAndContributionMap":{"docs":{"insertions":4,"deletions":4}}},{"hash":"9054cd06c0594bbb85808d1018bba9fc263cc2df","isMergeCommit":false,"messageTitle":"Update README","messageBody":"","fileTypesAndContributionMap":{"docs":{"insertions":2,"deletions":4}}},{"hash":"adff13cc056165a253c52e746c7e6e9b015940f4","isMergeCommit":true,"messageTitle":"Merge pull request #50 from ruijietay/Docs-UpdateREADME","messageBody":"Update README","fileTypesAndContributionMap":{}},{"hash":"b65f6b8a05edf4e57657cc3a173af59951d47ee2","isMergeCommit":true,"messageTitle":"Merge pull request #39 from jjchee77/Docs-UpdateGlossary","messageBody":"Update glossary in developer guide","fileTypesAndContributionMap":{}}]},{"date":"2024-03-11","commitResults":[{"hash":"a4ded52af79d32aa789ddff5074f58766b9a45be","isMergeCommit":false,"messageTitle":"Remove duplicate user story","messageBody":"","fileTypesAndContributionMap":{"docs":{"insertions":2,"deletions":3}}}]},{"date":"2024-03-13","commitResults":[{"hash":"07330cd847eca5821f8b07262f08a2278b825cd5","isMergeCommit":true,"messageTitle":"Merge pull request #64 from dillontkh/Feature-AddHelpMenu","messageBody":"Add Command Help to Help Menu","fileTypesAndContributionMap":{}},{"hash":"3f5fae7bf64902df0298a5af3b6a755c61fedcc5","isMergeCommit":true,"messageTitle":"Merge branch \u0027tutorial-adding-command\u0027","messageBody":"","fileTypesAndContributionMap":{}},{"hash":"b582a785014eefc733267cb73c0773978e6e73d7","isMergeCommit":false,"messageTitle":"Implement note command and add test cases","messageBody":"","fileTypesAndContributionMap":{"functional-code":{"insertions":54,"deletions":51},"other":{"insertions":58,"deletions":56},"test-code":{"insertions":18,"deletions":18}}},{"hash":"fddf280e917b4f1a44710bafd1f08cc6d2f36dc7","isMergeCommit":false,"messageTitle":"Update edit command to support editing of note","messageBody":"","fileTypesAndContributionMap":{"functional-code":{"insertions":8,"deletions":8}}},{"hash":"af2d7d4829e121debe5e9ed2ce7e33a60e5e1d7b","isMergeCommit":false,"messageTitle":"Fix checkstyle violations","messageBody":"","fileTypesAndContributionMap":{"functional-code":{"insertions":12,"deletions":7}}},{"hash":"f7fd34238c4889704f594ff29812c1df0e9b434b","isMergeCommit":false,"messageTitle":"Update help menu for note command","messageBody":"","fileTypesAndContributionMap":{"functional-code":{"insertions":1,"deletions":0}}},{"hash":"9d540f1f50f02121b0acfda0a96e11feb4de8c96","isMergeCommit":false,"messageTitle":"Fix checkstyle violations","messageBody":"","fileTypesAndContributionMap":{"functional-code":{"insertions":4,"deletions":2},"test-code":{"insertions":1,"deletions":1}}},{"hash":"8852d59c320134f5a7c69d38f244d2fd76dd0800","isMergeCommit":false,"messageTitle":"Improve clarity in UI.java","messageBody":"Co-authored-by: Dillon Tan \u003c40649376+dillontkh@users.noreply.github.com\u003e","fileTypesAndContributionMap":{"functional-code":{"insertions":1,"deletions":1}}},{"hash":"d7f1fa8803e1bfe17e055c2b0064b32d99a701db","isMergeCommit":true,"messageTitle":"Merge branch \u0027master\u0027 into Feature-AddNote","messageBody":"","fileTypesAndContributionMap":{}},{"hash":"e93205a1cd064b280fef8cb93ccf5d7b57c4be98","isMergeCommit":false,"messageTitle":"Fix minor typo","messageBody":"","fileTypesAndContributionMap":{"functional-code":{"insertions":1,"deletions":1}}}]},{"date":"2024-03-14","commitResults":[{"hash":"2e4ce814b01b5e62ed955c357990fe2f11829fbe","isMergeCommit":false,"messageTitle":"Refactor test cases to include note","messageBody":"","fileTypesAndContributionMap":{"functional-code":{"insertions":12,"deletions":9},"test-code":{"insertions":63,"deletions":81}}},{"hash":"aca3634ac790e3e18be8f8a71ab6e95065298674","isMergeCommit":false,"messageTitle":"Fix checkstyle violations","messageBody":"","fileTypesAndContributionMap":{"functional-code":{"insertions":1,"deletions":2},"test-code":{"insertions":79,"deletions":8}}},{"hash":"b505aa4f07900ccc9cc669efc9504cdd351cbbf6","isMergeCommit":false,"messageTitle":"Remove unused code","messageBody":"","fileTypesAndContributionMap":{"functional-code":{"insertions":0,"deletions":5}}},{"hash":"1dea472cef870b053b849363fc22e18b0171d738","isMergeCommit":false,"messageTitle":"Fix test cases","messageBody":"","fileTypesAndContributionMap":{"test-code":{"insertions":2,"deletions":5}}},{"hash":"b1e300355ce67ad7e46852b5c2498d442df1f2fb","isMergeCommit":false,"messageTitle":"Fix checkstyle violation","messageBody":"","fileTypesAndContributionMap":{"test-code":{"insertions":5,"deletions":1}}}]},{"date":"2024-03-15","commitResults":[{"hash":"e6649f8ae9368110472457e7246aa73dd8c6770c","isMergeCommit":false,"messageTitle":"Update JavaDocs in ParserUtil","messageBody":"Co-authored-by: Dillon Tan \u003c40649376+dillontkh@users.noreply.github.com\u003e","fileTypesAndContributionMap":{"functional-code":{"insertions":2,"deletions":1}}},{"hash":"55dc07521339ad761b83a7a1877b3d6d76121ffa","isMergeCommit":true,"messageTitle":"Merge branch \u0027master\u0027 from upstream","messageBody":"","fileTypesAndContributionMap":{}},{"hash":"2e2db0c0776fd51bbddeee346b74bd648b2e1e4a","isMergeCommit":true,"messageTitle":"Merge branch \u0027master\u0027 into Feature-AddNote","messageBody":"","fileTypesAndContributionMap":{}},{"hash":"61019eaeea2a7e27c827e3dbb1becff6733a8aa1","isMergeCommit":true,"messageTitle":"Merge branch \u0027Feature-AddNote\u0027 from origin","messageBody":"","fileTypesAndContributionMap":{}},{"hash":"101eb0e7fe7c8da0580c73621b461c611ff08b12","isMergeCommit":true,"messageTitle":"Merge PR #68 from dillontkh/Docs-HelpMenuUserStory","messageBody":"Add user story for help menu","fileTypesAndContributionMap":{}}]},{"date":"2024-03-16","commitResults":[{"hash":"2a98f67ad9526ab48e7ac1bb89743a947ac8b27d","isMergeCommit":true,"messageTitle":"Merge pull request #73 from bgopi23/Docs-ChangePersonToClient","messageBody":"Update Docs","fileTypesAndContributionMap":{}},{"hash":"6d8aa2fd72b0c804eefdb5be1eee3ca3eec4fa8a","isMergeCommit":true,"messageTitle":"Merge branch \u0027master\u0027 into Feature-AddNote","messageBody":"","fileTypesAndContributionMap":{}},{"hash":"84aceecb51c3a4f14402b34b3608dc9f661793e6","isMergeCommit":false,"messageTitle":"Implement duplicate detection for note prefix","messageBody":"","fileTypesAndContributionMap":{"functional-code":{"insertions":1,"deletions":1}}},{"hash":"8bf4de667e7d532eed46ba2568e1ca033209a629","isMergeCommit":true,"messageTitle":"Merge pull request #72 from bgopi23/Feature-UpdateDelete","messageBody":"Update delete command ","fileTypesAndContributionMap":{}}]},{"date":"2024-03-19","commitResults":[{"hash":"dea94985bb67965b9db3974f9fcd10a08ff4bf31","isMergeCommit":true,"messageTitle":"Merge pull request #84 from bgopi23/Docs-UpdateUG","messageBody":"Update UG (edit command)","fileTypesAndContributionMap":{}},{"hash":"633bfada34b97951daca0975b117bdaa6b45b4e3","isMergeCommit":false,"messageTitle":"Update user guide introduction","messageBody":"","fileTypesAndContributionMap":{"docs":{"insertions":1,"deletions":1}}},{"hash":"98176ef6f8a6cc781d14c13ae457885d49fe0999","isMergeCommit":false,"messageTitle":"Update clear command in user guide","messageBody":"","fileTypesAndContributionMap":{"docs":{"insertions":6,"deletions":2}}},{"hash":"f4152b450462a3b5f72c0635655e1430947c2d66","isMergeCommit":false,"messageTitle":"Update edit command in user guide","messageBody":"","fileTypesAndContributionMap":{"docs":{"insertions":13,"deletions":0}}},{"hash":"43a9ebbb8a94f11f67e184e83af1b1305f834661","isMergeCommit":false,"messageTitle":"Implement duplicate detection for note prefix","messageBody":"","fileTypesAndContributionMap":{"functional-code":{"insertions":3,"deletions":1},"test-code":{"insertions":18,"deletions":1}}},{"hash":"9cee1f672dff13400c3011ce2a54c189f35d1c21","isMergeCommit":false,"messageTitle":"Update test cases to account for duplicate notes","messageBody":"","fileTypesAndContributionMap":{"functional-code":{"insertions":0,"deletions":1},"test-code":{"insertions":17,"deletions":18}}},{"hash":"1a3179ba193a5874a5efa42e18d0935812c79dfe","isMergeCommit":false,"messageTitle":"Fix checkstyle violations","messageBody":"","fileTypesAndContributionMap":{"functional-code":{"insertions":1,"deletions":1},"test-code":{"insertions":19,"deletions":12}}},{"hash":"45d8cb77a9fd0b887c6930b8086e463fa64600d9","isMergeCommit":false,"messageTitle":"Update docs/UserGuide.md","messageBody":"Co-authored-by: Ryan Ng \u003cryan.ng.dev@tinynamoo.com\u003e","fileTypesAndContributionMap":{"docs":{"insertions":2,"deletions":2}}},{"hash":"782fdec8cf88d9d2ff808c86efd5223746f6e2cd","isMergeCommit":false,"messageTitle":"Update user guide introduction","messageBody":"","fileTypesAndContributionMap":{"docs":{"insertions":1,"deletions":1}}},{"hash":"4d4b78ca9334305a36a8f82896fc9ef05c57a058","isMergeCommit":true,"messageTitle":"Merge pull request #93 from ruijietay/Docs-UpdateUserGuide","messageBody":"Update note feature in user guide","fileTypesAndContributionMap":{}},{"hash":"32c2673ad6368a2f1278bf9a4bc327c6458def80","isMergeCommit":true,"messageTitle":"Merge pull request #99 from dillontkh/Docs-QRCodeUG","messageBody":"Add QR Code Section to User Guide","fileTypesAndContributionMap":{}},{"hash":"3b4b28f7fe31c6d4eed85265b326a1a5fbfdd28c","isMergeCommit":false,"messageTitle":"Add note command parser test cases","messageBody":"","fileTypesAndContributionMap":{"test-code":{"insertions":75,"deletions":17}}},{"hash":"799757212b0cb686c88395bf0f81b5cd4117857a","isMergeCommit":true,"messageTitle":"Merge pull request #100 from jjchee77/Bugfix-DuplicateClients","messageBody":"Bugfix: Update duplicate client check","fileTypesAndContributionMap":{}}]},{"date":"2024-03-20","commitResults":[{"hash":"63be5da6a4f1e69e078af4323d00f9f5a5e674dc","isMergeCommit":false,"messageTitle":"Add sequence diagram and update note command in DG","messageBody":"","fileTypesAndContributionMap":{"docs":{"insertions":101,"deletions":9}}},{"hash":"97217c1375cb1bad7ee74640aa0166e42b636430","isMergeCommit":false,"messageTitle":"Fix bugs in DG links","messageBody":"","fileTypesAndContributionMap":{"docs":{"insertions":2,"deletions":1}}},{"hash":"0652895cb8e343f118dc381374c6e201a465f9f5","isMergeCommit":false,"messageTitle":"Fix minor typo in sequence diagram","messageBody":"","fileTypesAndContributionMap":{"docs":{"insertions":1,"deletions":1}}}]}],"jjchee77":[{"date":"2024-03-06","commitResults":[{"hash":"a5aca960622490b8e116faee9ab630dabfa3700a","isMergeCommit":false,"messageTitle":"Update AboutUs for Jingjie","messageBody":"","fileTypesAndContributionMap":{"docs":{"insertions":5,"deletions":4}}}]},{"date":"2024-03-07","commitResults":[{"hash":"bacd4639a7c5a89861867e78f7d32b73eba477a5","isMergeCommit":true,"messageTitle":"Merge pull request #34 from dillontkh/Docs-UpdateUG","messageBody":"Update User Guide and Index page","fileTypesAndContributionMap":{}},{"hash":"674b650828c8ec532d5298f667b9aecb7fe4cdcf","isMergeCommit":false,"messageTitle":"Update glossary","messageBody":"","fileTypesAndContributionMap":{"docs":{"insertions":6,"deletions":0}}},{"hash":"1ce915b3dc5e637895c63772a1a0b65f6e28bfcf","isMergeCommit":false,"messageTitle":"Update glossary","messageBody":"","fileTypesAndContributionMap":{"docs":{"insertions":1,"deletions":1}}}]},{"date":"2024-03-08","commitResults":[{"hash":"7341f0172c89dc0bbef4d1c85d250bc1d4391ed4","isMergeCommit":true,"messageTitle":"Merge pull request #35 from bgopi23/Docs-UpdateDeveloperGuideGlossary","messageBody":"Update DeveloperGuide - Glossary","fileTypesAndContributionMap":{}},{"hash":"91809fc0192cc7116a162d16694afd9e1eccb2e4","isMergeCommit":false,"messageTitle":"Update glossary","messageBody":"","fileTypesAndContributionMap":{"docs":{"insertions":6,"deletions":16}}},{"hash":"fd9585c32ed41e3c9d58f90589ce9a888bd993db","isMergeCommit":false,"messageTitle":"Update glossary","messageBody":"","fileTypesAndContributionMap":{"docs":{"insertions":12,"deletions":12}}}]},{"date":"2024-03-09","commitResults":[{"hash":"a42bfcfec80a53b7ccbb0378329e58dbc7307848","isMergeCommit":true,"messageTitle":"Merge pull request #53 from bgopi23/Docs-UpdateDGUseCases","messageBody":"Update DG Use Case","fileTypesAndContributionMap":{}},{"hash":"da804828fdaffbfb6d2e7a7abcb3db809707cdf2","isMergeCommit":true,"messageTitle":"Resolve conflicts","messageBody":"","fileTypesAndContributionMap":{}},{"hash":"7dd0250ab4dee4aca45c5a2f2fe4d795b443ba41","isMergeCommit":false,"messageTitle":"Update glossary","messageBody":"","fileTypesAndContributionMap":{"docs":{"insertions":11,"deletions":7}}},{"hash":"302436eed72e030f53215a0b494f8d8fc0c8a1b8","isMergeCommit":false,"messageTitle":"Update glossary","messageBody":"","fileTypesAndContributionMap":{"docs":{"insertions":0,"deletions":1}}}]},{"date":"2024-03-15","commitResults":[{"hash":"8cd2e029f9f55899f79064089576963cff617d86","isMergeCommit":false,"messageTitle":"Update email and address to be optional","messageBody":"","fileTypesAndContributionMap":{"functional-code":{"insertions":29,"deletions":15},"test-code":{"insertions":7,"deletions":36}}},{"hash":"968772b55effc79207ecc38410be09eb26cda9d1","isMergeCommit":false,"messageTitle":"Update JsonAdaptedPerson validation","messageBody":"","fileTypesAndContributionMap":{"functional-code":{"insertions":2,"deletions":2}}},{"hash":"7ce1b18b82bf2ca779e1a1de2d89697a7fb3c233","isMergeCommit":false,"messageTitle":"Update test cases","messageBody":"","fileTypesAndContributionMap":{"functional-code":{"insertions":2,"deletions":2},"test-code":{"insertions":21,"deletions":27}}},{"hash":"b480b5838bc5b3b9f8171543151ec29699ed67f8","isMergeCommit":false,"messageTitle":"Update message usage","messageBody":"","fileTypesAndContributionMap":{"functional-code":{"insertions":2,"deletions":2}}}]},{"date":"2024-03-16","commitResults":[{"hash":"79a82e1f26acdf2aecc2beec615825ab7a7cf01b","isMergeCommit":false,"messageTitle":"Update PersonCard class","messageBody":"","fileTypesAndContributionMap":{"functional-code":{"insertions":9,"deletions":0}}},{"hash":"1175a3738df21ef8ddbbf075e7c547b85addbbb5","isMergeCommit":true,"messageTitle":"Merge pull request #79 from ruijietay/Feature-AddNote","messageBody":"","fileTypesAndContributionMap":{}}]},{"date":"2024-03-19","commitResults":[{"hash":"e3e01499ec1ebb67302d3c22fbeea8a382c571e4","isMergeCommit":false,"messageTitle":"Update duplicate client check","messageBody":"","fileTypesAndContributionMap":{"functional-code":{"insertions":3,"deletions":1},"test-code":{"insertions":13,"deletions":13}}},{"hash":"5574bf8669895cb716b536478b589bbf7e51d987","isMergeCommit":false,"messageTitle":"Update duplicate client check","messageBody":"","fileTypesAndContributionMap":{"functional-code":{"insertions":1,"deletions":0},"test-code":{"insertions":24,"deletions":11}}},{"hash":"52f8a0fd771be6c167448e650d09c2c37f1e3a71","isMergeCommit":false,"messageTitle":"Update phone validation","messageBody":"","fileTypesAndContributionMap":{"functional-code":{"insertions":2,"deletions":2},"test-code":{"insertions":14,"deletions":14}}},{"hash":"3175f828e8fd69c0ce5b5511e492eab470e6ae57","isMergeCommit":false,"messageTitle":"Update phone validation","messageBody":"","fileTypesAndContributionMap":{"functional-code":{"insertions":1,"deletions":1}}},{"hash":"d7d3fc698eb3b75b69ab375b9940ba4a812cc442","isMergeCommit":false,"messageTitle":"Update phone validation","messageBody":"","fileTypesAndContributionMap":{"functional-code":{"insertions":1,"deletions":1}}},{"hash":"77a087f34243f95819c95f5f545fc36f989df780","isMergeCommit":true,"messageTitle":"Merge pull request #97 from ruijietay/Feature-AddNote","messageBody":"Update note prefix duplication test cases and checks","fileTypesAndContributionMap":{}},{"hash":"e335700fbb9dc1dd5eff2504e3729fe0a77bb7f7","isMergeCommit":false,"messageTitle":"Update src/main/java/seedu/address/model/person/Phone.java","messageBody":"Co-authored-by: Tay Ruijie \u003cruijietay.github@arctoszero.com\u003e","fileTypesAndContributionMap":{"functional-code":{"insertions":1,"deletions":1}}},{"hash":"5905abf393520ff8f2303494344b247b34a8f819","isMergeCommit":true,"messageTitle":"Merge pull request #103 from jjchee77/Bugfix-PhoneValidation","messageBody":"Bugfix: Update phone validation","fileTypesAndContributionMap":{}},{"hash":"882f5792d0792e8003a662aa203c5951cd7a4d79","isMergeCommit":true,"messageTitle":"Merge branch \u0027master\u0027 into Bugfix-DuplicateClients","messageBody":"","fileTypesAndContributionMap":{}}]}],"dillontkh":[{"date":"2024-03-04","commitResults":[{"hash":"2aa3e39602736096a4469f1dc44ac60ed9206daf","isMergeCommit":true,"messageTitle":"Merge pull request #12 from ruijietay/branch-UpdateAboutUs-Ruijie","messageBody":"Update AboutUs to add photo for Ruijie","fileTypesAndContributionMap":{}}]},{"date":"2024-03-05","commitResults":[{"hash":"91c7e138f73a321f0bc1ffea0fe418d2578e18b9","isMergeCommit":false,"messageTitle":"Add picture for dillon","messageBody":"","fileTypesAndContributionMap":{"docs":{"insertions":4,"deletions":14}}},{"hash":"1f8918afc5a18a898b25a0e4373508f7c8283f7c","isMergeCommit":false,"messageTitle":"Update user stories in the DG","messageBody":"","fileTypesAndContributionMap":{"docs":{"insertions":137,"deletions":74}}},{"hash":"c78a02e45d59af711dffa3edfb37a5a2073081e0","isMergeCommit":true,"messageTitle":"Merge pull request #18 from ruijietay/Docs-UpdateUserStories","messageBody":"Update user stories for developer guide","fileTypesAndContributionMap":{}},{"hash":"f374f4867fcfeb93fe5877a710823e8e8efbfb5f","isMergeCommit":true,"messageTitle":"Resolve merge conflict","messageBody":"","fileTypesAndContributionMap":{}}]},{"date":"2024-03-06","commitResults":[{"hash":"9c2698452a602c9f89533736c439b24b4532be0f","isMergeCommit":true,"messageTitle":"Merge pull request #16 from ruijietay/Docs-UpdateREADME","messageBody":"Update README","fileTypesAndContributionMap":{}},{"hash":"2a9332fc9b81bc1584119cc49013e3f87b4d310a","isMergeCommit":true,"messageTitle":"Merge pull request #22 from ruijietay/Docs-UpdateProductScope","messageBody":"Update product scope of developer guide","fileTypesAndContributionMap":{}}]},{"date":"2024-03-07","commitResults":[{"hash":"f76aa644a63ca5e88dab88a40cc5e7dfdf6e0d38","isMergeCommit":false,"messageTitle":"Update User Guide","messageBody":"","fileTypesAndContributionMap":{"docs":{"insertions":9,"deletions":9}}},{"hash":"c39face8bcdf0e8c618fd9db133a1bb0009520ba","isMergeCommit":false,"messageTitle":"Update index.md","messageBody":"","fileTypesAndContributionMap":{"docs":{"insertions":6,"deletions":6}}},{"hash":"348072f7203a72ae90cc846f81cda83f7c294a84","isMergeCommit":true,"messageTitle":"Merge pull request #32 from RyanNgWH/Docs-DevGuideNFR","messageBody":"Update Developer Guide - Non Functional Requirements","fileTypesAndContributionMap":{}}]},{"date":"2024-03-08","commitResults":[{"hash":"4b27a00ccdacf4e50aac1a8eb123040ee44307ee","isMergeCommit":true,"messageTitle":"Merge branch \u0027master\u0027 into Docs-UpdateDeveloperGuideGlossary","messageBody":"","fileTypesAndContributionMap":{}}]},{"date":"2024-03-09","commitResults":[{"hash":"527391cf859825023527946c1290648dfec03db6","isMergeCommit":true,"messageTitle":"Merge pull request #48 from ruijietay/Docs-UpdateProductName","messageBody":"Update product name in entire project","fileTypesAndContributionMap":{}},{"hash":"7bb6ec37560e435173d3145a26319fa56cf3cc27","isMergeCommit":false,"messageTitle":"Update user profile and value proposition","messageBody":"","fileTypesAndContributionMap":{"docs":{"insertions":2,"deletions":5}}}]},{"date":"2024-03-11","commitResults":[{"hash":"cf0edfd16f30dbe0cc5f5d54a54833646d049ac5","isMergeCommit":true,"messageTitle":"Merge pull request #61 from ruijietay/Docs-UpdateUserStories","messageBody":"Remove duplicate user story","fileTypesAndContributionMap":{}}]},{"date":"2024-03-12","commitResults":[{"hash":"3251c823b8118443ec82440f2c227a98fd432afa","isMergeCommit":false,"messageTitle":"Add command help to help window","messageBody":"","fileTypesAndContributionMap":{"functional-code":{"insertions":15,"deletions":2}}},{"hash":"fc1b1a902a34967a5c628aab94616c19b468444a","isMergeCommit":false,"messageTitle":"Make button in help window open user guide URL","messageBody":"","fileTypesAndContributionMap":{"functional-code":{"insertions":30,"deletions":17}}},{"hash":"343c23d35172f8a768778cc38e0801ef7a365816","isMergeCommit":false,"messageTitle":"Add newline at end of file","messageBody":"","fileTypesAndContributionMap":{"functional-code":{"insertions":1,"deletions":1}}},{"hash":"6a27a803559389ad29a170613d56a828069f7152","isMergeCommit":false,"messageTitle":"Remove trailing whitespace","messageBody":"","fileTypesAndContributionMap":{"functional-code":{"insertions":0,"deletions":1},"docs":{"insertions":2,"deletions":2}}},{"hash":"506df5644e67de6e715693ec26672a6240feda8f","isMergeCommit":false,"messageTitle":"Remove unused method","messageBody":"","fileTypesAndContributionMap":{"functional-code":{"insertions":0,"deletions":11}}},{"hash":"e0de327439ce7018f507f97a1e3869762800857a","isMergeCommit":false,"messageTitle":"Remove unused imports","messageBody":"","fileTypesAndContributionMap":{"functional-code":{"insertions":0,"deletions":2}}},{"hash":"d4604b1a3473cf7bb6d6630fa46ae9977b3588fa","isMergeCommit":false,"messageTitle":"Rename person to client","messageBody":"","fileTypesAndContributionMap":{"functional-code":{"insertions":5,"deletions":5}}}]},{"date":"2024-03-13","commitResults":[{"hash":"9608f2adadf183b510801249087fbf278e1c8f40","isMergeCommit":false,"messageTitle":"Add confirmation step to clear address book","messageBody":"","fileTypesAndContributionMap":{"functional-code":{"insertions":51,"deletions":6}}},{"hash":"04d0c0099e618d19f8655db137be10f2261fd379","isMergeCommit":false,"messageTitle":"Update clear command tests","messageBody":"","fileTypesAndContributionMap":{"functional-code":{"insertions":1,"deletions":1},"test-code":{"insertions":12,"deletions":4}}},{"hash":"504400cfa610587d26b4a6025be87a7e1a1ef3d2","isMergeCommit":false,"messageTitle":"Add user story for help menu","messageBody":"","fileTypesAndContributionMap":{"docs":{"insertions":2,"deletions":1}}}]},{"date":"2024-03-14","commitResults":[{"hash":"c4ef5b975c6a5e3daf77fa77ecd3858d1a385d6a","isMergeCommit":true,"messageTitle":"Merge pull request #65 from dillontkh/Enhancement-AddClearConfirm","messageBody":"Add confirmation for clear command","fileTypesAndContributionMap":{}}]},{"date":"2024-03-15","commitResults":[{"hash":"51e1e9adfc0d6fe53c41bd3a0508a80b3c32a1b0","isMergeCommit":false,"messageTitle":"Generate QR code when contact added","messageBody":"","fileTypesAndContributionMap":{"functional-code":{"insertions":83,"deletions":1},"other":{"insertions":3,"deletions":0}}},{"hash":"81b505a29be4385a064027b94bd584e3a6c4e391","isMergeCommit":false,"messageTitle":"Clean up QR generator code","messageBody":"","fileTypesAndContributionMap":{"functional-code":{"insertions":46,"deletions":25}}},{"hash":"8f4251498d347e8a59efe3d15e82ecd450156bd5","isMergeCommit":false,"messageTitle":"Generate QR whenever person is created","messageBody":"","fileTypesAndContributionMap":{"functional-code":{"insertions":41,"deletions":21}}},{"hash":"87cbc8d0de49fa850838d156614365f64a8bb847","isMergeCommit":false,"messageTitle":"Add tests","messageBody":"","fileTypesAndContributionMap":{"functional-code":{"insertions":4,"deletions":1},"test-code":{"insertions":39,"deletions":0}}},{"hash":"77904bd98b346c610c52d39db457d20de3b1c5a3","isMergeCommit":false,"messageTitle":"Fix checkstyle","messageBody":"","fileTypesAndContributionMap":{"test-code":{"insertions":3,"deletions":3}}},{"hash":"000bc3730dc3ee27621cd7721fefc87df3975d4f","isMergeCommit":false,"messageTitle":"Handle deleting of QR codes","messageBody":"","fileTypesAndContributionMap":{"functional-code":{"insertions":29,"deletions":0},"test-code":{"insertions":24,"deletions":0}}},{"hash":"63b7b293fbbf3243d0cdf4de352a06e0ff92fdbb","isMergeCommit":false,"messageTitle":"Add QR code user story","messageBody":"","fileTypesAndContributionMap":{"docs":{"insertions":3,"deletions":2}}},{"hash":"ea0277fc3e1af8f35954f71cb3fca5584dba82c4","isMergeCommit":false,"messageTitle":"Remove unused code","messageBody":"","fileTypesAndContributionMap":{"functional-code":{"insertions":0,"deletions":5}}},{"hash":"fae14ce680cc4905fe48cbfe5176fe61b5a9b70a","isMergeCommit":false,"messageTitle":"Update JavaDocs","messageBody":"","fileTypesAndContributionMap":{"functional-code":{"insertions":3,"deletions":1}}},{"hash":"5e246beaeaed69aca6c65fba8d62f8b320454650","isMergeCommit":false,"messageTitle":"Update deletQrCode test","messageBody":"","fileTypesAndContributionMap":{"test-code":{"insertions":2,"deletions":1}}},{"hash":"e3780b446c581e552892ff3089eff6ad54d89d5d","isMergeCommit":false,"messageTitle":"Fix failing test","messageBody":"","fileTypesAndContributionMap":{"test-code":{"insertions":1,"deletions":2}}},{"hash":"0174370f3a5480d1b06bb483645b4876912ba4e2","isMergeCommit":true,"messageTitle":"Merge pull request #66 from ruijietay/Feature-AddNote","messageBody":"Implement note feature","fileTypesAndContributionMap":{}}]},{"date":"2024-03-16","commitResults":[{"hash":"2134c990cc8fab47fdd47c3d70d5821f7f8ccc5b","isMergeCommit":true,"messageTitle":"Merge pull request #74 from jjchee77/Feature-MandatoryFields","messageBody":"Feature mandatory fields","fileTypesAndContributionMap":{}},{"hash":"c0263c8443b54bf0563e2ace6e0f1139d6a4bfc4","isMergeCommit":true,"messageTitle":"Resolve merge conflict","messageBody":"","fileTypesAndContributionMap":{}}]},{"date":"2024-03-17","commitResults":[{"hash":"448a669a942a3a560ef1ef50ab4e4feacc060564","isMergeCommit":false,"messageTitle":"Add @FXML for note","messageBody":"","fileTypesAndContributionMap":{"functional-code":{"insertions":1,"deletions":0}}},{"hash":"042d61bcae4db23a63fbeb36a34d3c51f5e33de4","isMergeCommit":false,"messageTitle":"Add QR generation info to DG","messageBody":"","fileTypesAndContributionMap":{"docs":{"insertions":20,"deletions":0}}},{"hash":"364fdec7099beed1d4a7754da748073ecd760518","isMergeCommit":false,"messageTitle":"Reformat code for clarity","messageBody":"","fileTypesAndContributionMap":{"functional-code":{"insertions":6,"deletions":2}}}]},{"date":"2024-03-19","commitResults":[{"hash":"36beca44ad64fb6633f4a58d9dceff8e57d1729e","isMergeCommit":true,"messageTitle":"Merge pull request #85 from bgopi23/Feature-EditMessage","messageBody":"Fix bug for edit command","fileTypesAndContributionMap":{}},{"hash":"7d8f1adae34c76454629bb987b7c27b643edb74a","isMergeCommit":false,"messageTitle":"Add QR code section in user guide","messageBody":"","fileTypesAndContributionMap":{"docs":{"insertions":8,"deletions":0}}},{"hash":"d83263cca2c4a1809228d2f0aa92d9f17f8013e9","isMergeCommit":false,"messageTitle":"Move QR code generation and deletion","messageBody":"","fileTypesAndContributionMap":{"functional-code":{"insertions":5,"deletions":5}}},{"hash":"636d9830e0db42e670f5f26adfbab73159780f13","isMergeCommit":false,"messageTitle":"Initialize QR Codes when Model is initialized","messageBody":"","fileTypesAndContributionMap":{"functional-code":{"insertions":11,"deletions":0}}},{"hash":"3bea5cb694490466ba4e9fb4fc1b032d7f3c7d0c","isMergeCommit":false,"messageTitle":"Move deleting of QR codes in clear command","messageBody":"","fileTypesAndContributionMap":{"functional-code":{"insertions":3,"deletions":3}}},{"hash":"3975a29abbb6c6868e37362f903192111f2e7082","isMergeCommit":false,"messageTitle":"Remove unused imports","messageBody":"","fileTypesAndContributionMap":{"functional-code":{"insertions":0,"deletions":1}}},{"hash":"17dd40764e47a8676a838b983d86c39002f9e2dd","isMergeCommit":false,"messageTitle":"Remove QR scanning screenshot","messageBody":"","fileTypesAndContributionMap":{"docs":{"insertions":0,"deletions":2}}},{"hash":"a304d6534ed92f5bb17186463004a6eda290205e","isMergeCommit":false,"messageTitle":"Add QR code scanning and contact screenhshot","messageBody":"","fileTypesAndContributionMap":{"docs":{"insertions":3,"deletions":0}}},{"hash":"9433ba491f1151952e802cda7b4ce4d4cbce368d","isMergeCommit":true,"messageTitle":"Merge pull request #104 from bgopi23/Bug-AddCommandMessage","messageBody":"Fix add message","fileTypesAndContributionMap":{}},{"hash":"d6f33804263e4bfaba820e7c436141b89012327b","isMergeCommit":true,"messageTitle":"Merge pull request #77 from RyanNgWH/Enhancement-SearchFields","messageBody":"Enhancement: Allow searching for any fields ","fileTypesAndContributionMap":{}},{"hash":"ef88912edae795ac9ba537feb67da6410a7ebe74","isMergeCommit":true,"messageTitle":"Merge branch \u0027master\u0027 into Bugfix-QRCodeGeneration","messageBody":"","fileTypesAndContributionMap":{}},{"hash":"412c7ce26d054524894e7bb18ea8132892b43cfa","isMergeCommit":false,"messageTitle":"Fix checkstyle","messageBody":"","fileTypesAndContributionMap":{"functional-code":{"insertions":1,"deletions":1}}},{"hash":"a93c93906d2db6d81a8a4211b026fa5c82c36b41","isMergeCommit":true,"messageTitle":"Merge pull request #102 from dillontkh/Bugfix-QRCodeGeneration","messageBody":"Fix QR Code Generation and Deletion","fileTypesAndContributionMap":{}}]},{"date":"2024-03-20","commitResults":[{"hash":"91732a70abd1b6149cf457f1ec0b216e33456037","isMergeCommit":false,"messageTitle":"Update acknowledgements for QR code library","messageBody":"","fileTypesAndContributionMap":{"docs":{"insertions":3,"deletions":2}}},{"hash":"5c260003b232e294ead3d59920e6be0d9b5f86a6","isMergeCommit":false,"messageTitle":"Create table of contents","messageBody":"","fileTypesAndContributionMap":{"docs":{"insertions":33,"deletions":5}}},{"hash":"cfa1d8955e593a3d53cb64abce4572c64bfea266","isMergeCommit":false,"messageTitle":"Add tags so Intellij can update table of contents","messageBody":"","fileTypesAndContributionMap":{"docs":{"insertions":12,"deletions":9}}},{"hash":"b2ba71eaaa82b25950bc38349f353506f26be295","isMergeCommit":false,"messageTitle":"Fix formatting issues","messageBody":"","fileTypesAndContributionMap":{"docs":{"insertions":2,"deletions":4}}},{"hash":"1346bf564b27587d152a56f8d707f6756422ac06","isMergeCommit":false,"messageTitle":"Fix auto table of contents","messageBody":"","fileTypesAndContributionMap":{"docs":{"insertions":2,"deletions":31}}},{"hash":"1625a2260b5c7b4214138afd19ac9061032c27a6","isMergeCommit":false,"messageTitle":"Update acknowledgements","messageBody":"","fileTypesAndContributionMap":{"docs":{"insertions":1,"deletions":1}}},{"hash":"1e91b938ef65bcb062a97c9d5a1e9eaf221b336c","isMergeCommit":false,"messageTitle":"Update docs/DeveloperGuide.md","messageBody":"Co-authored-by: Ryan Ng \u003cryan.ng.dev@tinynamoo.com\u003e","fileTypesAndContributionMap":{"docs":{"insertions":4,"deletions":1}}},{"hash":"2823b0f3714c16c970e202231fd5f2f455d64516","isMergeCommit":true,"messageTitle":"Merge pull request #108 from dillontkh/Docs-QRLibraryAcknowledgement","messageBody":"Add Acknowledgement for QR Code Library \u0026 Table of Contents","fileTypesAndContributionMap":{}},{"hash":"9b5088cd5a71d4ab440373149cf101ba09400450","isMergeCommit":true,"messageTitle":"Merge pull request #116 from ruijietay/Docs-UpdateDevGuide","messageBody":"Add sequence diagram and update note command in DG","fileTypesAndContributionMap":{}},{"hash":"f1c8645e5b1747a2a767d7369abd02116d184e35","isMergeCommit":false,"messageTitle":"Rename built jar file to FitBook","messageBody":"","fileTypesAndContributionMap":{"other":{"insertions":1,"deletions":1}}}]}]},"authorFileTypeContributionMap":{"RyanNgWH":{"docs":53,"functional-code":818,"test-code":825,"other":1},"bgopi23":{"docs":107,"functional-code":88,"test-code":11},"ruijietay":{"docs":148,"functional-code":256,"test-code":214},"jjchee77":{"docs":25,"functional-code":29,"test-code":62},"dillontkh":{"docs":127,"functional-code":243,"test-code":75,"other":4}},"authorContributionVariance":{"RyanNgWH":71936.09,"bgopi23":2164.8884,"ruijietay":11217.261,"jjchee77":1140.5927,"dillontkh":6174.193},"authorDisplayNameMap":{"RyanNgWH":"CS2103T-T17-3 NG W..RYAN","bgopi23":"CS2103T-T17-3 BASK..NATH","ruijietay":"CS2103T-T17-3 TAY ..-JIE","jjchee77":"CS2103T-T17-3 CHEE.. JIE","dillontkh":"CS2103T-T17-3 TAN ..LLON"}}
