{"authorDailyContributionsMap":{"RyanNgWH":[{"date":"2024-03-06","commitResults":[{"hash":"6c62593d6713a432a0a6e0b84d4a8a5b0bccf0de","isMergeCommit":false,"messageTitle":"Update AboutUs","messageBody":"Add details for Ryan\n","fileTypesAndContributionMap":{"docs":{"insertions":15,"deletions":15}}},{"hash":"0986c751cf502ca454fb3ac1937a761bf288f284","isMergeCommit":true,"messageTitle":"Merge pull request #15 from ruijietay/Docs-UpdateAboutUs-Ruijie","messageBody":"Update roles and responsibilities in AboutUs page - Ruijie","fileTypesAndContributionMap":{}},{"hash":"c5f7484f1b5e85661db43d73d19c3bb5b13f7c54","isMergeCommit":true,"messageTitle":"Merge branch \u0027master\u0027 into Docs-UpdateAboutRyan","messageBody":"","fileTypesAndContributionMap":{}},{"hash":"2835340b16d8bb3f7aa5043a8fa36c123ab921a0","isMergeCommit":true,"messageTitle":"Merge pull request #30 from RyanNgWH/Docs-UpdateAboutRyan","messageBody":"Update roles and responsibilities in AboutUs page - Ryan","fileTypesAndContributionMap":{}}]},{"date":"2024-03-07","commitResults":[{"hash":"55121f1a70c0dee38831381c4e9ccc0ed76616dd","isMergeCommit":true,"messageTitle":"Merge pull request #31 from jjchee77/Docs-UpdateAboutUs","messageBody":"Update AboutUs for Jingjie","fileTypesAndContributionMap":{}},{"hash":"56a37b4ef945558f478c27b46aff0cb96b6cdda4","isMergeCommit":false,"messageTitle":"Add NFR to developer guide","messageBody":"","fileTypesAndContributionMap":{"docs":{"insertions":84,"deletions":80}}},{"hash":"0bb4e8be28c9a1b05307e3cb2fc25035c9287381","isMergeCommit":false,"messageTitle":"Add hyperlink in nfr","messageBody":"","fileTypesAndContributionMap":{"docs":{"insertions":3,"deletions":1}}},{"hash":"713db6a2e5ffaf7728ca8c6589aa9200624afbdc","isMergeCommit":false,"messageTitle":"Revert list symbol used in developer guide","messageBody":"","fileTypesAndContributionMap":{"docs":{"insertions":82,"deletions":84}}},{"hash":"85292e23e5067d3ab80e3395619f6f371c9fb203","isMergeCommit":false,"messageTitle":"Fix typo in developer\u0027s guide","messageBody":"","fileTypesAndContributionMap":{"docs":{"insertions":1,"deletions":1}}}]},{"date":"2024-03-08","commitResults":[{"hash":"b35bbb837825613a6296a02305a2585d66c3d264","isMergeCommit":false,"messageTitle":"Update ClickConnect to Fitbook","messageBody":"","fileTypesAndContributionMap":{"docs":{"insertions":23,"deletions":25}}},{"hash":"2cf41ee4141780ca0bc3c6097e2f1f77bb783bea","isMergeCommit":false,"messageTitle":"Add fully offline nfr","messageBody":"","fileTypesAndContributionMap":{"docs":{"insertions":1,"deletions":0}}},{"hash":"4e17223b495f976180ca9f1e4984c3857c4f351e","isMergeCommit":true,"messageTitle":"Merge branch \u0027master\u0027 into Docs-DevGuideNFR","messageBody":"","fileTypesAndContributionMap":{}}]}],"bgopi23":[{"date":"2024-03-07","commitResults":[{"hash":"4b20b643c85a8ad6b452283dbab5efe86cff02ae","isMergeCommit":false,"messageTitle":"Update DeveloperGuide","messageBody":"","fileTypesAndContributionMap":{"docs":{"insertions":21,"deletions":0}}},{"hash":"d8eead38a19cf3d236e907f08739300735140526","isMergeCommit":false,"messageTitle":"Update DeveloperGuide","messageBody":"Added use cases\n","fileTypesAndContributionMap":{"docs":{"insertions":70,"deletions":2}}},{"hash":"6fd1d0b6f84cdc4095b2271f3e5e6a67fc68a5e5","isMergeCommit":false,"messageTitle":"Fix typos","messageBody":"","fileTypesAndContributionMap":{"docs":{"insertions":6,"deletions":6}}},{"hash":"f74289daeb10890f07a8e625abcf29002eb1cd7e","isMergeCommit":false,"messageTitle":"Update use cases","messageBody":"","fileTypesAndContributionMap":{"docs":{"insertions":19,"deletions":22}}},{"hash":"22fce80ce6c785877183cbe138fe2846f621d85b","isMergeCommit":false,"messageTitle":"Update ReadMe","messageBody":"Update readMe for Gopi\n","fileTypesAndContributionMap":{"docs":{"insertions":4,"deletions":4}}},{"hash":"f938db22ef8530dbc68df58923af0bfb05fcd68b","isMergeCommit":false,"messageTitle":"Update DG Use-Cases","messageBody":"","fileTypesAndContributionMap":{"docs":{"insertions":21,"deletions":38}}},{"hash":"f06315aea7f1dea74d54a0a1f3c1811521a7a4e5","isMergeCommit":false,"messageTitle":"Update DG - Glossary","messageBody":"","fileTypesAndContributionMap":{"docs":{"insertions":3,"deletions":3}}}]},{"date":"2024-03-08","commitResults":[{"hash":"0e223f9a815e65d475522452dfaa76027dc9f3da","isMergeCommit":true,"messageTitle":"Merge pull request #45 from ruijietay/Docs-UpdateUserStories","messageBody":"Update user stories in developer guide","fileTypesAndContributionMap":{}}]},{"date":"2024-03-09","commitResults":[{"hash":"5bd2445e72a672ceb8e5c11edbeaceaa9cf9c439","isMergeCommit":false,"messageTitle":"Update DG Use Case","messageBody":"","fileTypesAndContributionMap":{"docs":{"insertions":13,"deletions":13}}},{"hash":"74e8ad4f6fdf986d2b2b42ba15667c939a140bab","isMergeCommit":true,"messageTitle":"Merge pull request #52 from dillontkh/Docs-UpdateProductScope","messageBody":"Update user profile and value proposition","fileTypesAndContributionMap":{}},{"hash":"e20220a6e6f979d887bbaf0ba9ec716e6b638236","isMergeCommit":false,"messageTitle":"Update DG Use Case","messageBody":"","fileTypesAndContributionMap":{"docs":{"insertions":6,"deletions":0}}},{"hash":"6ec7b02f777b3c86c99dc082dfaff018eebd3362","isMergeCommit":false,"messageTitle":"Update DG Use Cases","messageBody":"","fileTypesAndContributionMap":{"docs":{"insertions":8,"deletions":2}}}]}],"ruijietay":[{"date":"2024-03-04","commitResults":[{"hash":"3253f45ee0f619c992e774a11e3ae15c9e05d7a7","isMergeCommit":false,"messageTitle":"Update AboutUs to add photo for Ruijie","messageBody":"","fileTypesAndContributionMap":{"docs":{"insertions":24,"deletions":11}}}]},{"date":"2024-03-05","commitResults":[{"hash":"c47b5b4017d78ba4d9adacc21da24cb2c805ccef","isMergeCommit":false,"messageTitle":"Update roles and responsibilities in AboutUs page","messageBody":"","fileTypesAndContributionMap":{"docs":{"insertions":3,"deletions":3}}},{"hash":"b88142fc36d22893edbe0f4814fb65affb82e87e","isMergeCommit":true,"messageTitle":"Merge pull request #14 from dillontkh/branch-UpdateAboutUs-Dillon","messageBody":"Add profile picture for Dillon","fileTypesAndContributionMap":{}},{"hash":"02b6721600cae2c04cbc252981718861c57fc172","isMergeCommit":true,"messageTitle":"Merge branch \u0027master\u0027 to Docs-UpdateAboutUs-Ruijie","messageBody":"","fileTypesAndContributionMap":{}},{"hash":"35e6bf8531e0c9f84ea776b15fd028e6af4a3845","isMergeCommit":false,"messageTitle":"Update README","messageBody":"","fileTypesAndContributionMap":{"docs":{"insertions":11,"deletions":11}}},{"hash":"193ba43e1de3f6183890b94a492bf62b4d0142b8","isMergeCommit":false,"messageTitle":"Update README","messageBody":"","fileTypesAndContributionMap":{"docs":{"insertions":2,"deletions":1}}},{"hash":"df390cfa6a0027262e37bd2c287642618fa29275","isMergeCommit":false,"messageTitle":"Update README","messageBody":"","fileTypesAndContributionMap":{"docs":{"insertions":0,"deletions":1}}},{"hash":"9c370a7b8ba40393af33323d65b66e99d47c0427","isMergeCommit":false,"messageTitle":"Update docs/AboutUs.md","messageBody":"Co-authored-by: Dillon Tan \u003c40649376+dillontkh@users.noreply.github.com\u003e","fileTypesAndContributionMap":{"docs":{"insertions":1,"deletions":1}}},{"hash":"1b67293da8e4aeb60cc576284510f243e783f752","isMergeCommit":false,"messageTitle":"Edit responsibilities for Ruijie","messageBody":"","fileTypesAndContributionMap":{"docs":{"insertions":1,"deletions":1}}},{"hash":"3c2e553467f013506e3a65e5c778352f7e3c2b15","isMergeCommit":false,"messageTitle":"Update user stories for developer guide","messageBody":"","fileTypesAndContributionMap":{"docs":{"insertions":10,"deletions":8}}},{"hash":"3f7a2e3139fe5583a488e44ed70a8d230e52a035","isMergeCommit":false,"messageTitle":"Fix typo in user stories","messageBody":"","fileTypesAndContributionMap":{"docs":{"insertions":10,"deletions":10}}},{"hash":"328c117aa82ffffb0a29e030466d05cb17bd5d27","isMergeCommit":true,"messageTitle":"Merge pull request #19 from dillontkh/Docs-UpdateUserStories","messageBody":"Update User Stories in the Developer Guide","fileTypesAndContributionMap":{}}]},{"date":"2024-03-06","commitResults":[{"hash":"7b85c8df212c3bea5d356fda896ef8163185950f","isMergeCommit":false,"messageTitle":"Update README.md","messageBody":"Add link back to original project repository\n\nCo-authored-by: Ryan Ng \u003cryan.ng.dev@tinynamoo.com\u003e","fileTypesAndContributionMap":{"docs":{"insertions":1,"deletions":1}}},{"hash":"7fa21ca74314962b662b1cb2cfb790d4628eb635","isMergeCommit":false,"messageTitle":"Update product scope of developer guide","messageBody":"","fileTypesAndContributionMap":{"docs":{"insertions":6,"deletions":4}}},{"hash":"be076e8b455a6c6f76362eb064c42831a4d31850","isMergeCommit":true,"messageTitle":"Merge pull request #23 from RyanNgWH/Docs-UpdateProjectSite-Ryan","messageBody":"Update site-wide settings","fileTypesAndContributionMap":{}},{"hash":"51d828bd4aabc4cdb5e3a8953737040daf317a96","isMergeCommit":false,"messageTitle":"Update AboutUs for Ruijie","messageBody":"","fileTypesAndContributionMap":{"docs":{"insertions":1,"deletions":1}}},{"hash":"d72655221e66753d041c196e6feec6b05c8570f6","isMergeCommit":false,"messageTitle":"Update AboutUs for Ruijie","messageBody":"","fileTypesAndContributionMap":{"docs":{"insertions":1,"deletions":1}}}]},{"date":"2024-03-07","commitResults":[{"hash":"9d80a8467433c341fc6ea2acdc36e132de7434dd","isMergeCommit":true,"messageTitle":"Merge pull request #37 from bgopi23/Docs-UpdateReadMeGopi","messageBody":"Update ReadMe","fileTypesAndContributionMap":{}},{"hash":"b67ba821f2f81355b16dd4247314168f71d7c826","isMergeCommit":true,"messageTitle":"Merge pull request #38 from jjchee77/Docs-UpdateGlossary","messageBody":"Update glossary for developer guide","fileTypesAndContributionMap":{}},{"hash":"06c5485e2f7419440379d8b0a4a173a9671fb5d1","isMergeCommit":true,"messageTitle":"Merge pull request #36 from bgopi23/Docs-DeveloperGuideUseCases","messageBody":"Add use cases for develop guide","fileTypesAndContributionMap":{}}]},{"date":"2024-03-08","commitResults":[{"hash":"df28fae4d57d9207130f195abf41a0bf8053d528","isMergeCommit":false,"messageTitle":"Update user stories in develop guide","messageBody":"","fileTypesAndContributionMap":{"docs":{"insertions":21,"deletions":20}}}]},{"date":"2024-03-09","commitResults":[{"hash":"31cf3adf27f36fc589f848b103c79f7c5c04c8e0","isMergeCommit":true,"messageTitle":"Merge pull request #46 from RyanNgWH/Docs-DevGuideNFR","messageBody":"Update NFR in developer guide","fileTypesAndContributionMap":{}},{"hash":"fd88b2c2c4cd844d1eae92ce68ee6ff8edd8becb","isMergeCommit":false,"messageTitle":"Update product name in entire project","messageBody":"","fileTypesAndContributionMap":{"docs":{"insertions":15,"deletions":15}}},{"hash":"825279b4b62b3c2b1938595b519b6cdae6877ada","isMergeCommit":false,"messageTitle":"Update README","messageBody":"","fileTypesAndContributionMap":{"docs":{"insertions":4,"deletions":4}}},{"hash":"9054cd06c0594bbb85808d1018bba9fc263cc2df","isMergeCommit":false,"messageTitle":"Update README","messageBody":"","fileTypesAndContributionMap":{"docs":{"insertions":2,"deletions":4}}},{"hash":"adff13cc056165a253c52e746c7e6e9b015940f4","isMergeCommit":true,"messageTitle":"Merge pull request #50 from ruijietay/Docs-UpdateREADME","messageBody":"Update README","fileTypesAndContributionMap":{}},{"hash":"b65f6b8a05edf4e57657cc3a173af59951d47ee2","isMergeCommit":true,"messageTitle":"Merge pull request #39 from jjchee77/Docs-UpdateGlossary","messageBody":"Update glossary in developer guide","fileTypesAndContributionMap":{}}]},{"date":"2024-03-11","commitResults":[{"hash":"a4ded52af79d32aa789ddff5074f58766b9a45be","isMergeCommit":false,"messageTitle":"Remove duplicate user story","messageBody":"","fileTypesAndContributionMap":{"docs":{"insertions":2,"deletions":3}}}]}],"jjchee77":[{"date":"2024-03-06","commitResults":[{"hash":"a5aca960622490b8e116faee9ab630dabfa3700a","isMergeCommit":false,"messageTitle":"Update AboutUs for Jingjie","messageBody":"","fileTypesAndContributionMap":{"docs":{"insertions":5,"deletions":4}}}]},{"date":"2024-03-07","commitResults":[{"hash":"bacd4639a7c5a89861867e78f7d32b73eba477a5","isMergeCommit":true,"messageTitle":"Merge pull request #34 from dillontkh/Docs-UpdateUG","messageBody":"Update User Guide and Index page","fileTypesAndContributionMap":{}},{"hash":"674b650828c8ec532d5298f667b9aecb7fe4cdcf","isMergeCommit":false,"messageTitle":"Update glossary","messageBody":"","fileTypesAndContributionMap":{"docs":{"insertions":6,"deletions":0}}},{"hash":"1ce915b3dc5e637895c63772a1a0b65f6e28bfcf","isMergeCommit":false,"messageTitle":"Update glossary","messageBody":"","fileTypesAndContributionMap":{"docs":{"insertions":1,"deletions":1}}}]},{"date":"2024-03-08","commitResults":[{"hash":"7341f0172c89dc0bbef4d1c85d250bc1d4391ed4","isMergeCommit":true,"messageTitle":"Merge pull request #35 from bgopi23/Docs-UpdateDeveloperGuideGlossary","messageBody":"Update DeveloperGuide - Glossary","fileTypesAndContributionMap":{}},{"hash":"91809fc0192cc7116a162d16694afd9e1eccb2e4","isMergeCommit":false,"messageTitle":"Update glossary","messageBody":"","fileTypesAndContributionMap":{"docs":{"insertions":6,"deletions":16}}},{"hash":"fd9585c32ed41e3c9d58f90589ce9a888bd993db","isMergeCommit":false,"messageTitle":"Update glossary","messageBody":"","fileTypesAndContributionMap":{"docs":{"insertions":12,"deletions":12}}}]},{"date":"2024-03-09","commitResults":[{"hash":"a42bfcfec80a53b7ccbb0378329e58dbc7307848","isMergeCommit":true,"messageTitle":"Merge pull request #53 from bgopi23/Docs-UpdateDGUseCases","messageBody":"Update DG Use Case","fileTypesAndContributionMap":{}},{"hash":"da804828fdaffbfb6d2e7a7abcb3db809707cdf2","isMergeCommit":true,"messageTitle":"Resolve conflicts","messageBody":"","fileTypesAndContributionMap":{}},{"hash":"7dd0250ab4dee4aca45c5a2f2fe4d795b443ba41","isMergeCommit":false,"messageTitle":"Update glossary","messageBody":"","fileTypesAndContributionMap":{"docs":{"insertions":11,"deletions":7}}},{"hash":"302436eed72e030f53215a0b494f8d8fc0c8a1b8","isMergeCommit":false,"messageTitle":"Update glossary","messageBody":"","fileTypesAndContributionMap":{"docs":{"insertions":0,"deletions":1}}}]}],"dillontkh":[{"date":"2024-03-04","commitResults":[{"hash":"2aa3e39602736096a4469f1dc44ac60ed9206daf","isMergeCommit":true,"messageTitle":"Merge pull request #12 from ruijietay/branch-UpdateAboutUs-Ruijie","messageBody":"Update AboutUs to add photo for Ruijie","fileTypesAndContributionMap":{}}]},{"date":"2024-03-05","commitResults":[{"hash":"91c7e138f73a321f0bc1ffea0fe418d2578e18b9","isMergeCommit":false,"messageTitle":"Add picture for dillon","messageBody":"","fileTypesAndContributionMap":{"docs":{"insertions":4,"deletions":14}}},{"hash":"1f8918afc5a18a898b25a0e4373508f7c8283f7c","isMergeCommit":false,"messageTitle":"Update user stories in the DG","messageBody":"","fileTypesAndContributionMap":{"docs":{"insertions":137,"deletions":74}}},{"hash":"c78a02e45d59af711dffa3edfb37a5a2073081e0","isMergeCommit":true,"messageTitle":"Merge pull request #18 from ruijietay/Docs-UpdateUserStories","messageBody":"Update user stories for developer guide","fileTypesAndContributionMap":{}},{"hash":"f374f4867fcfeb93fe5877a710823e8e8efbfb5f","isMergeCommit":true,"messageTitle":"Resolve merge conflict","messageBody":"","fileTypesAndContributionMap":{}}]},{"date":"2024-03-06","commitResults":[{"hash":"9c2698452a602c9f89533736c439b24b4532be0f","isMergeCommit":true,"messageTitle":"Merge pull request #16 from ruijietay/Docs-UpdateREADME","messageBody":"Update README","fileTypesAndContributionMap":{}},{"hash":"2a9332fc9b81bc1584119cc49013e3f87b4d310a","isMergeCommit":true,"messageTitle":"Merge pull request #22 from ruijietay/Docs-UpdateProductScope","messageBody":"Update product scope of developer guide","fileTypesAndContributionMap":{}}]},{"date":"2024-03-07","commitResults":[{"hash":"f76aa644a63ca5e88dab88a40cc5e7dfdf6e0d38","isMergeCommit":false,"messageTitle":"Update User Guide","messageBody":"","fileTypesAndContributionMap":{"docs":{"insertions":9,"deletions":9}}},{"hash":"c39face8bcdf0e8c618fd9db133a1bb0009520ba","isMergeCommit":false,"messageTitle":"Update index.md","messageBody":"","fileTypesAndContributionMap":{"docs":{"insertions":6,"deletions":6}}},{"hash":"348072f7203a72ae90cc846f81cda83f7c294a84","isMergeCommit":true,"messageTitle":"Merge pull request #32 from RyanNgWH/Docs-DevGuideNFR","messageBody":"Update Developer Guide - Non Functional Requirements","fileTypesAndContributionMap":{}}]},{"date":"2024-03-08","commitResults":[{"hash":"4b27a00ccdacf4e50aac1a8eb123040ee44307ee","isMergeCommit":true,"messageTitle":"Merge branch \u0027master\u0027 into Docs-UpdateDeveloperGuideGlossary","messageBody":"","fileTypesAndContributionMap":{}}]},{"date":"2024-03-09","commitResults":[{"hash":"527391cf859825023527946c1290648dfec03db6","isMergeCommit":true,"messageTitle":"Merge pull request #48 from ruijietay/Docs-UpdateProductName","messageBody":"Update product name in entire project","fileTypesAndContributionMap":{}},{"hash":"7bb6ec37560e435173d3145a26319fa56cf3cc27","isMergeCommit":false,"messageTitle":"Update user profile and value proposition","messageBody":"","fileTypesAndContributionMap":{"docs":{"insertions":2,"deletions":5}}}]},{"date":"2024-03-11","commitResults":[{"hash":"cf0edfd16f30dbe0cc5f5d54a54833646d049ac5","isMergeCommit":true,"messageTitle":"Merge pull request #61 from ruijietay/Docs-UpdateUserStories","messageBody":"Remove duplicate user story","fileTypesAndContributionMap":{}}]}]},"authorFileTypeContributionMap":{"RyanNgWH":{"docs":45,"functional-code":0,"test-code":0},"bgopi23":{"docs":68,"functional-code":0,"test-code":0},"ruijietay":{"docs":37,"functional-code":0,"test-code":0},"jjchee77":{"docs":26,"functional-code":0,"test-code":0},"dillontkh":{"docs":98,"functional-code":0,"test-code":0}},"authorContributionVariance":{"RyanNgWH":5923.8315,"bgopi23":2552.25,"ruijietay":446.1636,"jjchee77":124.91359,"dillontkh":2747.7285},"authorDisplayNameMap":{"RyanNgWH":"CS2103T-T17-3 NG W..RYAN","bgopi23":"CS2103T-T17-3 BASK..NATH","ruijietay":"CS2103T-T17-3 TAY ..-JIE","jjchee77":"CS2103T-T17-3 CHEE.. JIE","dillontkh":"CS2103T-T17-3 TAN ..LLON"}}
