{"authorDailyContributionsMap":{"nigel27022001":[{"date":"2024-03-06","commitResults":[{"hash":"a3f2efb36fae29426785f1d92b7f5bdc1d3e320c","isMergeCommit":false,"messageTitle":"Add Use Cases to Developer Guide","messageBody":"","fileTypesAndContributionMap":{"docs":{"insertions":117,"deletions":7}}}]},{"date":"2024-03-07","commitResults":[{"hash":"c88c0dccf094a9a38c3c3f703c6412e4112c57da","isMergeCommit":false,"messageTitle":"Fix Style Check Mistakes in DeveloperGuide.md","messageBody":"","fileTypesAndContributionMap":{"docs":{"insertions":4,"deletions":4}}},{"hash":"9392adf069991ed83df521e384a452b9e5641771","isMergeCommit":false,"messageTitle":"Fix Readme.md stylecheck","messageBody":"","fileTypesAndContributionMap":{"docs":{"insertions":1,"deletions":1}}},{"hash":"98981b1b46aef54015ab4c2e51917fc9786c7582","isMergeCommit":true,"messageTitle":"Merge pull request #12 from 0-yibai/yibai/update-DG","messageBody":"Add user stories, NFR, glossary to developer guide","fileTypesAndContributionMap":{}},{"hash":"88ec1e05df514261102dfee4c5562885d235bd4b","isMergeCommit":true,"messageTitle":"Merge branch \u0027master\u0027 of github.com:nigel27022001/tp into branch-DeveloperGuide","messageBody":"# Conflicts:\n#\tREADME.md\n","fileTypesAndContributionMap":{}},{"hash":"a159766918130480cd19f897782910f9226f46ed","isMergeCommit":false,"messageTitle":"Add nigel.md file","messageBody":"","fileTypesAndContributionMap":{"docs":{"insertions":11,"deletions":0}}},{"hash":"ef0ca2465276d9c2938e106c80d485519938847b","isMergeCommit":true,"messageTitle":"Merge pull request #19 from nigel27022001/branch-Nigel-Info","messageBody":"Add nigel.md file","fileTypesAndContributionMap":{}}]},{"date":"2024-03-09","commitResults":[{"hash":"cdc939ff07876774a83e624327fbc8c85f6856e8","isMergeCommit":false,"messageTitle":"Fix nigel27022001.png","messageBody":"","fileTypesAndContributionMap":{"docs":{"insertions":1,"deletions":1}}},{"hash":"1decddb87e357f97ec1143fa1b2de266b4593d83","isMergeCommit":true,"messageTitle":"Merge pull request #22 from nigel27022001/branch-png-fix","messageBody":"Fix nigel27022001.png","fileTypesAndContributionMap":{}}]},{"date":"2024-03-11","commitResults":[{"hash":"fff298a7c88b96caf47622b314712f5b2d446e73","isMergeCommit":false,"messageTitle":"Updated config.yml and DG","messageBody":"","fileTypesAndContributionMap":{"docs":{"insertions":8,"deletions":2}}},{"hash":"0779ce634007f1b321a2979a85d6de651cf6d390","isMergeCommit":true,"messageTitle":"Merge pull request #27 from nigel27022001/branch-fix-DG-and-config","messageBody":"Updated config.yml and DG","fileTypesAndContributionMap":{}}]},{"date":"2024-03-14","commitResults":[{"hash":"afeb4463e84f7629cf3d53e28ce4ada4082a38b4","isMergeCommit":false,"messageTitle":"Add json storage for orders","messageBody":"","fileTypesAndContributionMap":{"functional-code":{"insertions":24,"deletions":12}}},{"hash":"b28206660339eba8ae57f1ac980a5a91c7a748b0","isMergeCommit":false,"messageTitle":"Fix stylecheck for AddOrderCommand","messageBody":"","fileTypesAndContributionMap":{"functional-code":{"insertions":1,"deletions":4}}},{"hash":"b645636e7d9912c8490e3d8e8c9ace29444e720f","isMergeCommit":false,"messageTitle":"Fix stylecheck for DG and UG","messageBody":"","fileTypesAndContributionMap":{"docs":{"insertions":5,"deletions":5}}},{"hash":"0872c40687c6154c05fa2758dcd76feb4b220a83","isMergeCommit":false,"messageTitle":"Fix AddOrderCommand Stylecheck","messageBody":"","fileTypesAndContributionMap":{"functional-code":{"insertions":84,"deletions":84}}},{"hash":"80ef9b922f0e298594c573e32eb09a9b6125105f","isMergeCommit":false,"messageTitle":"Fix StyleCheck","messageBody":"","fileTypesAndContributionMap":{"functional-code":{"insertions":121,"deletions":120}}},{"hash":"f03642d214fee08f2226d5db08a137c2cb26b140","isMergeCommit":false,"messageTitle":"Fix checkstyles","messageBody":"","fileTypesAndContributionMap":{"functional-code":{"insertions":157,"deletions":22}}},{"hash":"963b2f7030630a5117bc24b12d8b92eb593f08b5","isMergeCommit":false,"messageTitle":"Fix StyleChecks 2","messageBody":"","fileTypesAndContributionMap":{"functional-code":{"insertions":14,"deletions":12}}},{"hash":"fcecf8fa8172c01d1750cb57604834f203b386f1","isMergeCommit":false,"messageTitle":"Fix stylecheck","messageBody":"","fileTypesAndContributionMap":{"functional-code":{"insertions":4,"deletions":4}}},{"hash":"86550d7a10bb1b4dd446a2344bbb12a0f1073cd7","isMergeCommit":false,"messageTitle":"fix stylecheck","messageBody":"","fileTypesAndContributionMap":{"functional-code":{"insertions":1,"deletions":1}}},{"hash":"eb027143d6492870309d5b944cd3fb9ccbc0de71","isMergeCommit":false,"messageTitle":"Fix ModelStub","messageBody":"","fileTypesAndContributionMap":{"test-code":{"insertions":6,"deletions":0}}},{"hash":"6ee74113fb20cac48138f4cce07b042c45ddb078","isMergeCommit":false,"messageTitle":"Fix stylecheck","messageBody":"","fileTypesAndContributionMap":{"test-code":{"insertions":11,"deletions":7}}},{"hash":"105ff908a0914faf526d3be07d939211b0592228","isMergeCommit":false,"messageTitle":"Fix stylecheck","messageBody":"","fileTypesAndContributionMap":{"test-code":{"insertions":8,"deletions":8}}},{"hash":"0a7c6028a29275e4d87aad612ded6c64c1a81559","isMergeCommit":false,"messageTitle":"fix stylecheck","messageBody":"","fileTypesAndContributionMap":{"test-code":{"insertions":2,"deletions":2}}},{"hash":"5d304617f04d69e1c03f727d2624e03b9492f019","isMergeCommit":false,"messageTitle":"fix javadocs","messageBody":"","fileTypesAndContributionMap":{"test-code":{"insertions":0,"deletions":10}}},{"hash":"9c1342a24c0a76565f4a45c6f28f388ce8ae72e4","isMergeCommit":true,"messageTitle":"Merge pull request #41 from nigel27022001/branch-order-feature","messageBody":"Add JSON Storage Capability for Orders, Quantity and Products","fileTypesAndContributionMap":{}}]},{"date":"2024-03-17","commitResults":[{"hash":"c6a38e00aa39995ed8dddc726a04ddc9f73194ca","isMergeCommit":false,"messageTitle":"Add ListOrderCommand.java, Update OrderList to include FilteredList","messageBody":"","fileTypesAndContributionMap":{"functional-code":{"insertions":127,"deletions":6}}},{"hash":"af34926da69079b167e75bb754280b2de6b16f79","isMergeCommit":true,"messageTitle":"Merge branch \u0027master\u0027 into branch-list-order-feature, Add JavaDocs for methods added in Model, Order and OrderList.","messageBody":"","fileTypesAndContributionMap":{}},{"hash":"92bd640ab5440d788c13265efef2cb1aa733e80e","isMergeCommit":false,"messageTitle":"Fix stylecheck","messageBody":"","fileTypesAndContributionMap":{"functional-code":{"insertions":1,"deletions":5}}},{"hash":"d533e4e5116661a93e808b3e8bde6e340583857d","isMergeCommit":false,"messageTitle":"Fix AddCommandTest ModelStub","messageBody":"","fileTypesAndContributionMap":{"test-code":{"insertions":11,"deletions":0}}},{"hash":"7c2bf845062fd9570c15099a23f6b61943efaf7a","isMergeCommit":true,"messageTitle":"Merge pull request #49 from nigel27022001/branch-list-order-feature","messageBody":"Branch list order feature","fileTypesAndContributionMap":{}}]},{"date":"2024-03-18","commitResults":[{"hash":"1f7c193da208f9d2fa8821bad13334e9a1954f06","isMergeCommit":false,"messageTitle":"Fix allocation of order id and indexing","messageBody":"","fileTypesAndContributionMap":{"functional-code":{"insertions":34,"deletions":11},"test-code":{"insertions":16,"deletions":11}}},{"hash":"3521ed997d85ffd2e95cd2bb80f34a9062d617ae","isMergeCommit":false,"messageTitle":"Fix TestCase for editOrder","messageBody":"","fileTypesAndContributionMap":{"test-code":{"insertions":9,"deletions":6}}},{"hash":"33568939fbf68febf0cfd916902422a095676b5d","isMergeCommit":true,"messageTitle":"Merge branch \u0027AY2324S2-CS2103T-T08-2:master\u0027 into master","messageBody":"","fileTypesAndContributionMap":{}},{"hash":"a18e690c143d593d5efb07fdb081c2ad26434075","isMergeCommit":true,"messageTitle":"Merge branch \u0027master\u0027 into branch-fix-order-id","messageBody":"","fileTypesAndContributionMap":{}},{"hash":"f77a61cd5ee5d251e755a9f8ed8152427e09b44c","isMergeCommit":false,"messageTitle":"FIx styleCheck","messageBody":"","fileTypesAndContributionMap":{"test-code":{"insertions":0,"deletions":1}}},{"hash":"c6b4f8e57fa32a3393ce94517352c3b93a322042","isMergeCommit":true,"messageTitle":"Merge pull request #54 from nigel27022001/branch-fix-order-id","messageBody":"Fix allocation of order id and indexing","fileTypesAndContributionMap":{}}]},{"date":"2024-03-19","commitResults":[{"hash":"c4675e0801a1207792a736e237c521f24e8ac6a1","isMergeCommit":false,"messageTitle":"Fixed Testcases","messageBody":"","fileTypesAndContributionMap":{"functional-code":{"insertions":10,"deletions":0},"test-code":{"insertions":18,"deletions":11}}},{"hash":"3033c36ff772351559b95b077956efbf05c3f0de","isMergeCommit":true,"messageTitle":"Merge branch \u0027master\u0027 into branch-fix-order-id","messageBody":"","fileTypesAndContributionMap":{}},{"hash":"fc89af8cf5d47e3c38e86e1af7339e810b809e97","isMergeCommit":false,"messageTitle":"Fix stylecheck","messageBody":"","fileTypesAndContributionMap":{"test-code":{"insertions":1,"deletions":1}}},{"hash":"07f17a1ba23923b79dab32478bf285478ef08595","isMergeCommit":true,"messageTitle":"Merge pull request #58 from nigel27022001/branch-fix-order-id","messageBody":"Branch fix order","fileTypesAndContributionMap":{}},{"hash":"ee96fbb9fbd8c7e1bd2ec1ddebc4671a78db7b41","isMergeCommit":true,"messageTitle":"Merge pull request #53 from 0-yibai/edit-order-command","messageBody":"Add edit order command","fileTypesAndContributionMap":{}},{"hash":"d9064a496a0e989f28217bd077f23e5ef8a05e2e","isMergeCommit":true,"messageTitle":"Merge pull request #59 from bertrandong/add-tagging","messageBody":"Update orderlist test","fileTypesAndContributionMap":{}},{"hash":"b576e5b60c4ce84e151ab4bc31acd51014cb0ba7","isMergeCommit":false,"messageTitle":"Fix PREFIX_ORDER_ID","messageBody":"","fileTypesAndContributionMap":{"functional-code":{"insertions":7,"deletions":8},"test-code":{"insertions":10,"deletions":4}}},{"hash":"88f2835b0ba29493373237a5a6f07d785190b588","isMergeCommit":true,"messageTitle":"Merge branch \u0027master\u0027 into branch-fix-order-id","messageBody":"","fileTypesAndContributionMap":{}},{"hash":"fba4ae69b44d640d07c8f4006ab0d77a90b8a3ac","isMergeCommit":false,"messageTitle":"Adding JSON storage functionality","messageBody":"","fileTypesAndContributionMap":{"functional-code":{"insertions":124,"deletions":16},"test-code":{"insertions":16,"deletions":16}}},{"hash":"75f66edb8824f2d557325a9ea1c75f03e339ce5c","isMergeCommit":true,"messageTitle":"Merge branch \u0027master\u0027 into branch-fix-order-id","messageBody":"# Conflicts:\n#\tsrc/main/java/seedu/address/logic/commands/AddOrderCommand.java\n#\tsrc/main/java/seedu/address/model/order/Order.java\n#\tsrc/main/java/seedu/address/model/order/Quantity.java\n#\tsrc/test/java/seedu/address/model/order/QuantityTest.java\n","fileTypesAndContributionMap":{}},{"hash":"97d22ed7da90869a170c8fd94e2aa1ff7d2ff36c","isMergeCommit":true,"messageTitle":"Merge pull request #67 from nigel27022001/branch-fix-order-id","messageBody":"Branch fix order","fileTypesAndContributionMap":{}}]},{"date":"2024-03-20","commitResults":[{"hash":"b59915141652ca38117ecf50a5581b891aa10453","isMergeCommit":false,"messageTitle":"update JSON capabilities for Orders","messageBody":"","fileTypesAndContributionMap":{"functional-code":{"insertions":94,"deletions":50},"test-code":{"insertions":15,"deletions":18}}},{"hash":"6816b38ac948a91ff33070c6690a2b51cff0562c","isMergeCommit":true,"messageTitle":"Merge pull request #68 from nigel27022001/branch-fix-order-id","messageBody":"update JSON capabilities for Orders","fileTypesAndContributionMap":{}}]},{"date":"2024-03-21","commitResults":[{"hash":"cb0f5c363a46a8df87b587c9197635d6a9e31e85","isMergeCommit":false,"messageTitle":"Update JsonAdaptedOrder to capture customer name and phone number, update some testcases to include new jsonadaptedaddressbook","messageBody":"","fileTypesAndContributionMap":{"functional-code":{"insertions":12,"deletions":3},"test-code":{"insertions":21,"deletions":1}}},{"hash":"586b3730c6603f73898bbc9124fa048d6067a9e2","isMergeCommit":false,"messageTitle":"fix StyleCheck","messageBody":"","fileTypesAndContributionMap":{"test-code":{"insertions":1,"deletions":2}}},{"hash":"76489ba35c8cf0e2c0149f1edfc24cf2c221c7cc","isMergeCommit":true,"messageTitle":"Merge pull request #74 from nigel27022001/branch-update-jsonorders","messageBody":"Update JsonAdaptedOrder to capture customer name and phone number","fileTypesAndContributionMap":{}},{"hash":"fc4bba6db5422517580cecbd2a537307d1fd469e","isMergeCommit":true,"messageTitle":"Merge pull request #75 from Joelwang22/branch-onClickViewOrders","messageBody":"Added onclick functionality to personCard","fileTypesAndContributionMap":{}},{"hash":"2623714fe617cbe2da575bc683eb53425ea7ef9c","isMergeCommit":true,"messageTitle":"Merge pull request #62 from 0-yibai/edit-order-command","messageBody":"Add test cases for edit order parser and re-structure edit order command","tags":["Strack.io-v1.2"],"fileTypesAndContributionMap":{}}]}],"chonghaoen":[{"date":"2024-03-05","commitResults":[{"hash":"14870afb017e2eed2057ce3eb7976057cf246b02","isMergeCommit":false,"messageTitle":"Add Isaac info to team","messageBody":"","fileTypesAndContributionMap":{"docs":{"insertions":10,"deletions":0}}}]},{"date":"2024-03-07","commitResults":[{"hash":"5861bb187f7105d4e745a9e2fa2e00aa6885d083","isMergeCommit":true,"messageTitle":"Merge branch \u0027master\u0027 of https://github.com/chonghaoen/tp","messageBody":"* \u0027master\u0027 of https://github.com/chonghaoen/tp:\n  Fix Readme.md stylecheck\n  Fix Style Check Mistakes in DeveloperGuide.md\n  Add new line to end README for CI\n  Add user stories, NFR, glossary to developer guide\n  Add Use Cases to Developer Guide\n  Update Readme\n","fileTypesAndContributionMap":{}},{"hash":"4bbbc8e21ae1caac7f0d1abd3429b508c801d911","isMergeCommit":true,"messageTitle":"Merge branch \u0027master\u0027 into update-aboutus","messageBody":"","fileTypesAndContributionMap":{}},{"hash":"a2ddcbf5d586723e6390ca63733424676163515f","isMergeCommit":false,"messageTitle":"Update AboutUs","messageBody":"","fileTypesAndContributionMap":{"docs":{"insertions":28,"deletions":30}}},{"hash":"17e4abb7033389c5632174c827518b6e040d4dba","isMergeCommit":true,"messageTitle":"Merge pull request #15 from chonghaoen/update-aboutus","messageBody":"Update aboutus","fileTypesAndContributionMap":{}},{"hash":"d8fbe816c10a2dc73b93881f52a7d76a3d1d8e50","isMergeCommit":false,"messageTitle":"Fix style of isaac.md","messageBody":"","fileTypesAndContributionMap":{"docs":{"insertions":1,"deletions":1}}},{"hash":"0579236cd360d2d091c2946f5a8df9ad4e5c0a63","isMergeCommit":true,"messageTitle":"Merge pull request #8 from chonghaoen/add-isaac-info","messageBody":"Add Isaac info to team","fileTypesAndContributionMap":{}}]},{"date":"2024-03-09","commitResults":[{"hash":"6252eec9792750f8e531d8707362426c2f773123","isMergeCommit":false,"messageTitle":"Change Isaac Image to PNG","messageBody":"","fileTypesAndContributionMap":{"docs":{"insertions":1,"deletions":1}}},{"hash":"510a2ba91402e18725c605756469bd85495397a4","isMergeCommit":true,"messageTitle":"Merge pull request #21 from chonghaoen/fix-image","messageBody":"Change Isaac Image to PNG","fileTypesAndContributionMap":{}}]},{"date":"2024-03-11","commitResults":[{"hash":"05657ce51273e4df4ef09282625c60a2dcad185f","isMergeCommit":false,"messageTitle":"Add base order classes","messageBody":"","fileTypesAndContributionMap":{"functional-code":{"insertions":19,"deletions":0}}},{"hash":"d20b1474b587a0733b5872f50d1c3829493d5446","isMergeCommit":true,"messageTitle":"Merge pull request #36 from chonghaoen/add-base-order","messageBody":"Add base order classes","fileTypesAndContributionMap":{}}]},{"date":"2024-03-14","commitResults":[{"hash":"7da72c3405a7db3b6309e1094478653184698900","isMergeCommit":false,"messageTitle":"Add Cancel Command as well as its parser Add OrderBuilder for testing purposes Add messages regarding orders","messageBody":"","fileTypesAndContributionMap":{"functional-code":{"insertions":106,"deletions":0},"test-code":{"insertions":169,"deletions":0}}},{"hash":"05fc167b79b2cbcf461a9658eb6d0241bacf8936","isMergeCommit":true,"messageTitle":"Merge branch \u0027master\u0027 into add-cancel-order-command","messageBody":"# Conflicts:\n#\tsrc/main/java/seedu/address/logic/parser/AddressBookParser.java\n#\tsrc/main/java/seedu/address/model/order/Order.java\n","fileTypesAndContributionMap":{}}]},{"date":"2024-03-15","commitResults":[{"hash":"fc7baa11610f3beb9998bd8bc54dcee6e01803b2","isMergeCommit":false,"messageTitle":"Add Typical Orders for testing purposes Edit Order Builder to be simpler Add Cancel Command Parser Test Add valid strings for product and quantity in CommandTestUtil","messageBody":"","fileTypesAndContributionMap":{"functional-code":{"insertions":5,"deletions":4},"test-code":{"insertions":127,"deletions":69}}},{"hash":"d5cb86bee525fc5d6359ebdd25e670ea04ff70fc","isMergeCommit":false,"messageTitle":"Split FindCommand into FindPersonCommand and FindOrderCommand Improve FindPerson to support finding by name, phone, email or address.","messageBody":"","fileTypesAndContributionMap":{"functional-code":{"insertions":361,"deletions":61},"other":{"insertions":9,"deletions":9},"test-code":{"insertions":10,"deletions":10}}}]},{"date":"2024-03-17","commitResults":[{"hash":"23f2cdaf536208fce7f8f5e7668a7fb56a6193af","isMergeCommit":false,"messageTitle":"Add Unit Testing for FindPersonCommand","messageBody":"","fileTypesAndContributionMap":{"functional-code":{"insertions":43,"deletions":20},"other":{"insertions":12,"deletions":13},"test-code":{"insertions":450,"deletions":23}}},{"hash":"f549a1b48178ca6240e1a04bc67a5806d31216e8","isMergeCommit":true,"messageTitle":"Merge branch \u0027master\u0027 into add-cancel-order-command","messageBody":"","fileTypesAndContributionMap":{}},{"hash":"77fc97c3067a387a9a3a694d21bf353ccbc17509","isMergeCommit":false,"messageTitle":"Improve CancelCommand to integrate with Model","messageBody":"","fileTypesAndContributionMap":{"functional-code":{"insertions":90,"deletions":6},"test-code":{"insertions":42,"deletions":6}}},{"hash":"72ab99731e059d6dace15e05bd60933a89f0066e","isMergeCommit":false,"messageTitle":"Fix Style","messageBody":"","fileTypesAndContributionMap":{"functional-code":{"insertions":6,"deletions":0}}},{"hash":"cda0f35a292a2611a006947754caf434f354ebdb","isMergeCommit":false,"messageTitle":"Fix Style","messageBody":"","fileTypesAndContributionMap":{"test-code":{"insertions":22,"deletions":7}}},{"hash":"2b799a28ae116e685c5cdc00cfa75fa794b1fa3d","isMergeCommit":false,"messageTitle":"Fix style","messageBody":"","fileTypesAndContributionMap":{"test-code":{"insertions":6,"deletions":2}}},{"hash":"ab0096a3acaf0820b7ed5bec59bc3b98692ec171","isMergeCommit":true,"messageTitle":"Merge branch \u0027master\u0027 into add-cancel-order-command","messageBody":"# Conflicts:\n#\tsrc/main/java/seedu/address/model/Model.java\n#\tsrc/main/java/seedu/address/model/ModelManager.java\n#\tsrc/main/java/seedu/address/model/order/Order.java\n#\tsrc/main/java/seedu/address/model/order/OrderList.java\n#\tsrc/test/java/seedu/address/logic/commands/AddCommandTest.java\n","fileTypesAndContributionMap":{}},{"hash":"3d428299cfa17c9ddbfada5d28386a7fcd957ba0","isMergeCommit":false,"messageTitle":"Fix bug","messageBody":"","fileTypesAndContributionMap":{"functional-code":{"insertions":1,"deletions":2}}},{"hash":"bd63cad69d9554da7be09713546ba227f11d9393","isMergeCommit":false,"messageTitle":"Fix style","messageBody":"","fileTypesAndContributionMap":{"functional-code":{"insertions":0,"deletions":5}}},{"hash":"8eca51e8881952819587743d18c5b28640ceb37f","isMergeCommit":false,"messageTitle":"Fix style","messageBody":"","fileTypesAndContributionMap":{"functional-code":{"insertions":0,"deletions":1}}},{"hash":"e776ab93bf5405c2f0647f146a601dcd9f9925b4","isMergeCommit":false,"messageTitle":"Fix Style","messageBody":"","fileTypesAndContributionMap":{"test-code":{"insertions":0,"deletions":3}}},{"hash":"291e9231ca701276738762fd9b9a68f7e6f8e931","isMergeCommit":false,"messageTitle":"Fix bugs","messageBody":"","fileTypesAndContributionMap":{"test-code":{"insertions":5,"deletions":7}}},{"hash":"1fd3327259f5912237016d5543d6b1a85c30477b","isMergeCommit":true,"messageTitle":"Merge branch \u0027master\u0027 into add-find-order","messageBody":"","fileTypesAndContributionMap":{}},{"hash":"9728d535209c82c43243f5b745e1b0de88c3e620","isMergeCommit":true,"messageTitle":"Merge pull request #42 from chonghaoen/add-cancel-order-command","messageBody":"Add cancel order command","fileTypesAndContributionMap":{}},{"hash":"9a8ddacb06d106af2844594c746d0ef20a11f7c9","isMergeCommit":true,"messageTitle":"Merge branch \u0027master\u0027 into add-find-order","messageBody":"","fileTypesAndContributionMap":{}},{"hash":"638b7ca94bbb7a8138e28059651f22740069a519","isMergeCommit":false,"messageTitle":"Fix style and add unit testing for FindOrderCommand and parsing of FindOrder in FindCommandParser","messageBody":"","fileTypesAndContributionMap":{"functional-code":{"insertions":32,"deletions":20},"test-code":{"insertions":145,"deletions":28}}}]},{"date":"2024-03-18","commitResults":[{"hash":"efe9bfab306593ca1667006eb6b50aa8bbae2139","isMergeCommit":true,"messageTitle":"Merge branch \u0027master\u0027 into add-find-order","messageBody":"","fileTypesAndContributionMap":{}},{"hash":"4e2a6622f409257654c02dd34f8a530e1f33a138","isMergeCommit":false,"messageTitle":"Fix typo","messageBody":"","fileTypesAndContributionMap":{"test-code":{"insertions":3,"deletions":4}}},{"hash":"3c7bae7e5f6c47902d94f406fbe300d459888769","isMergeCommit":true,"messageTitle":"Merge pull request #44 from chonghaoen/add-find-order","messageBody":"Add capability to find orders by ID and find person by email, phone and address","fileTypesAndContributionMap":{}}]},{"date":"2024-03-19","commitResults":[{"hash":"546768a311638c11696ced553c591cbd0f11e82e","isMergeCommit":false,"messageTitle":"Fix testing for orderlist","messageBody":"","fileTypesAndContributionMap":{"functional-code":{"insertions":1,"deletions":1},"test-code":{"insertions":21,"deletions":15}}},{"hash":"983151912c02e26ad7711c11d892de49b14ab02c","isMergeCommit":true,"messageTitle":"Merge pull request #57 from chonghaoen/add-unit-testing","messageBody":"Fix testing for orderlist","fileTypesAndContributionMap":{}},{"hash":"4b2c7fdc154b8d3f9ab68b81513eb179ba1df658","isMergeCommit":false,"messageTitle":"Add testing for MatchingOrderIndexPredicate","messageBody":"","fileTypesAndContributionMap":{"test-code":{"insertions":71,"deletions":20}}}]},{"date":"2024-03-20","commitResults":[{"hash":"65c72b1a44eb9a0729b5d985637cce641c6de52f","isMergeCommit":false,"messageTitle":"Add GUI for OrderList","messageBody":"","fileTypesAndContributionMap":{"functional-code":{"insertions":175,"deletions":37}}},{"hash":"02ba98145769caa81c4883c264f92bec457cf00f","isMergeCommit":true,"messageTitle":"Merge branch \u0027master\u0027 into update-gui","messageBody":"","fileTypesAndContributionMap":{}},{"hash":"c8d6df437b2852100cae1146bea888af4d183463","isMergeCommit":false,"messageTitle":"Edit style of orders and products in GUI","messageBody":"","fileTypesAndContributionMap":{"functional-code":{"insertions":30,"deletions":2}}},{"hash":"7cb04ab6ee3c84b662a580309ae8e22769bfc103","isMergeCommit":false,"messageTitle":"Edit style of OrderCard GUI","messageBody":"","fileTypesAndContributionMap":{"functional-code":{"insertions":11,"deletions":10},"test-code":{"insertions":4,"deletions":6}}},{"hash":"798f04e002a260813d55fb2fa42cc573a6411ca0","isMergeCommit":false,"messageTitle":"Edit AddOrder and AddProduct to work with GUI updates","messageBody":"","fileTypesAndContributionMap":{"functional-code":{"insertions":35,"deletions":10}}},{"hash":"203e35fb66d07ae57a3163c39389fcf5c9806a8d","isMergeCommit":true,"messageTitle":"Merge branch \u0027master\u0027 into update-gui","messageBody":"# Conflicts:\n#\tsrc/main/java/seedu/address/logic/commands/AddOrderCommand.java\n#\tsrc/test/java/seedu/address/model/order/OrderListTest.java\n","fileTypesAndContributionMap":{}},{"hash":"27ba74cd0313be03fdae703e082efcb67d443d3e","isMergeCommit":true,"messageTitle":"Merge branch \u0027master\u0027 into add-unit-testing","messageBody":"","fileTypesAndContributionMap":{}},{"hash":"c79735db62c2695bba1d8059d1cb6886e49bcb50","isMergeCommit":true,"messageTitle":"Merge pull request #69 from chonghaoen/add-unit-testing","messageBody":"Add unit testing for Predicates","fileTypesAndContributionMap":{}},{"hash":"fcff5c4420dc9dd56a864335d1b68d382ce2ef73","isMergeCommit":false,"messageTitle":"Fix Style","messageBody":"","fileTypesAndContributionMap":{"functional-code":{"insertions":1,"deletions":0}}},{"hash":"09bad9ac18b9150346908f0d75ce2f14062068b8","isMergeCommit":false,"messageTitle":"Fix Style","messageBody":"","fileTypesAndContributionMap":{"functional-code":{"insertions":1,"deletions":2}}},{"hash":"49a2ea8571427b50da78d8c2763ba7422edbd31f","isMergeCommit":true,"messageTitle":"Merge pull request #70 from chonghaoen/update-gui","messageBody":"Update gui with orders","fileTypesAndContributionMap":{}}]}],"0-yibai":[{"date":"2024-03-06","commitResults":[{"hash":"8739bdf08fe38755088d813c54a6153920c984da","isMergeCommit":false,"messageTitle":"Add user stories, NFR, glossary to developer guide","messageBody":"","fileTypesAndContributionMap":{"docs":{"insertions":33,"deletions":13}}}]},{"date":"2024-03-07","commitResults":[{"hash":"8f2cd446594b6c4e3189b55c92b616ddef2fbc87","isMergeCommit":false,"messageTitle":"Add new line to end README for CI","messageBody":"","fileTypesAndContributionMap":{"docs":{"insertions":2,"deletions":1}}},{"hash":"4823adf9c3a62bb0add4ee20b14590f22c682ea9","isMergeCommit":true,"messageTitle":"Merge pull request #11 from nigel27022001/branch-DeveloperGuide","messageBody":"Add Use Cases to Developer Guide","fileTypesAndContributionMap":{}}]},{"date":"2024-03-10","commitResults":[{"hash":"74c85ae79fcc768064b99e1cebae52cbdb308ca3","isMergeCommit":false,"messageTitle":"Fix png issue","messageBody":"","fileTypesAndContributionMap":{"docs":{"insertions":1,"deletions":1}}},{"hash":"bdebad7633f404473ea8452de526273d6f194e42","isMergeCommit":true,"messageTitle":"Merge pull request #25 from 0-yibai/branch-png-fix","messageBody":"Fix png issue","fileTypesAndContributionMap":{}}]},{"date":"2024-03-17","commitResults":[{"hash":"30d7ab4a22f466a7824678ccba68e09ff39eac1e","isMergeCommit":false,"messageTitle":"Use c/ prefix for customer ID of edit command","messageBody":"","fileTypesAndContributionMap":{"functional-code":{"insertions":197,"deletions":46}}},{"hash":"ab5f44fb5a82af60094fd0d645cd4200c6319fb8","isMergeCommit":false,"messageTitle":"Add edit order command and relevant implementations in model","messageBody":"","fileTypesAndContributionMap":{"functional-code":{"insertions":276,"deletions":42},"other":{"insertions":51,"deletions":50},"test-code":{"insertions":9,"deletions":9}}}]},{"date":"2024-03-18","commitResults":[{"hash":"6613b5f1e2716d2d851f2c53465a92ba352f35fe","isMergeCommit":false,"messageTitle":"Move order customer differentiator method to ParserUtil","messageBody":"","fileTypesAndContributionMap":{"functional-code":{"insertions":30,"deletions":20}}},{"hash":"6e12bffa30a148b3c0d81d74baff7fcb43aa9bf6","isMergeCommit":false,"messageTitle":"Add parser for edit order and add test for Quantity","messageBody":"","fileTypesAndContributionMap":{"functional-code":{"insertions":79,"deletions":57},"test-code":{"insertions":64,"deletions":0}}},{"hash":"35c0ca56d060617c36a64679d257c86ca652966b","isMergeCommit":true,"messageTitle":"Merge branch \u0027master\u0027 into edit-order-command","messageBody":"Inter-development stage sync.\n","fileTypesAndContributionMap":{}},{"hash":"006c2952d507a44c7332266a3611efe795f8bc94","isMergeCommit":false,"messageTitle":"Remove unused imports","messageBody":"","fileTypesAndContributionMap":{"functional-code":{"insertions":0,"deletions":33}}},{"hash":"a8f67dbc93f2937f3245895f180ae9a4bc8719ef","isMergeCommit":false,"messageTitle":"Trim javadoc and styling for CI","messageBody":"","fileTypesAndContributionMap":{"functional-code":{"insertions":47,"deletions":14}}},{"hash":"beca44cbc7944370a54aa3e7a3f6cc8233bb956c","isMergeCommit":false,"messageTitle":"Trim line length for CI","messageBody":"","fileTypesAndContributionMap":{"functional-code":{"insertions":13,"deletions":6}}},{"hash":"2815cc4588327b91e107dbdac0710c7a70019a0b","isMergeCommit":true,"messageTitle":"Merge branch \u0027master\u0027 into edit-order-command","messageBody":"","fileTypesAndContributionMap":{}}]},{"date":"2024-03-19","commitResults":[{"hash":"5607ba939b2e895fd00cf2231b053ade0f261c07","isMergeCommit":true,"messageTitle":"Merge branch \u0027master\u0027 into edit-order-command","messageBody":"","fileTypesAndContributionMap":{}},{"hash":"cda93a6636e10aeb459c9c5d5f012479ce20499a","isMergeCommit":false,"messageTitle":"Unify namespace PREFIX_ORDER_ID to PREFIX_ORDER","messageBody":"","fileTypesAndContributionMap":{"functional-code":{"insertions":14,"deletions":14},"test-code":{"insertions":19,"deletions":7}}},{"hash":"439cac70369c5901bf201f54fb880ab8df3e7840","isMergeCommit":false,"messageTitle":"Unify prefix space for test cases","messageBody":"","fileTypesAndContributionMap":{"functional-code":{"insertions":1,"deletions":1},"test-code":{"insertions":51,"deletions":38}}},{"hash":"06cc67fcff154df07e951738e4943b6023267b7c","isMergeCommit":true,"messageTitle":"Merge branch \u0027master\u0027 into edit-order-command","messageBody":"","fileTypesAndContributionMap":{}},{"hash":"a5cc933f74dd23e3f9d3f3c3a991bb6e9718bdfb","isMergeCommit":false,"messageTitle":"Fix null check and extra imports for tests","messageBody":"","fileTypesAndContributionMap":{"functional-code":{"insertions":1,"deletions":1},"test-code":{"insertions":0,"deletions":7}}},{"hash":"dcdcdff97f9549ef49bab85c0eec9d1384843e33","isMergeCommit":false,"messageTitle":"Add test cases for edit order parser","messageBody":"","fileTypesAndContributionMap":{"functional-code":{"insertions":2,"deletions":4},"test-code":{"insertions":139,"deletions":0}}},{"hash":"ed413dc4479b4865944c8c4c6ab00df46554f880","isMergeCommit":true,"messageTitle":"Fix merge conflicts of Order and OrderTest","messageBody":"","fileTypesAndContributionMap":{}},{"hash":"131f27575b1dc9d77c8ce9d5a8f1a2cf7b61f3e1","isMergeCommit":false,"messageTitle":"Fix missing import for order test","messageBody":"","fileTypesAndContributionMap":{"test-code":{"insertions":1,"deletions":0}}},{"hash":"9abdbd174c161fa3c185558d3b0d5f3aad44900f","isMergeCommit":true,"messageTitle":"Merge branch \u0027master\u0027 into branch-fix_add_orders","messageBody":"","fileTypesAndContributionMap":{}},{"hash":"475923f2915f4700d5239df1bc1d47dc3cffa6a1","isMergeCommit":true,"messageTitle":"Merge pull request #52 from Joelwang22/branch-fix_add_orders","messageBody":"Added adding product to order functionality","fileTypesAndContributionMap":{}}]},{"date":"2024-03-20","commitResults":[{"hash":"6e23d53b31b71c1c26f4b026a3ec6d4b624ea0fd","isMergeCommit":true,"messageTitle":"Merge branch \u0027master\u0027 into edit-order-command","messageBody":"","fileTypesAndContributionMap":{}},{"hash":"bd9aeee16afd6bdaddd91dfe88b1a3ad54e2b773","isMergeCommit":false,"messageTitle":"Make order final and fix bugs for order","messageBody":"","fileTypesAndContributionMap":{"functional-code":{"insertions":54,"deletions":17},"test-code":{"insertions":22,"deletions":0}}},{"hash":"3bc9029d0b5b804cd2e1cdb426adb6f4d51dff82","isMergeCommit":false,"messageTitle":"Fix bug of unable to reflect order edit in GUI","messageBody":"","fileTypesAndContributionMap":{"functional-code":{"insertions":9,"deletions":4},"test-code":{"insertions":0,"deletions":17}}}]}],"Joelwang22":[{"date":"2024-03-07","commitResults":[{"hash":"eb0ff60b302d72ecfbc01b5a8d81da865ae0bd53","isMergeCommit":false,"messageTitle":"Add Joel info","messageBody":"","fileTypesAndContributionMap":{"docs":{"insertions":10,"deletions":0}}},{"hash":"ebfa2a444075165a819c5be2f99ab912bb8ddae5","isMergeCommit":true,"messageTitle":"Merge pull request #17 from Joelwang22/add-joel-info","messageBody":"Add Joel info","fileTypesAndContributionMap":{}},{"hash":"9ccec53486f08bd4a4a9d7f431da43edd86f0f6f","isMergeCommit":false,"messageTitle":"Update UserGuide","messageBody":"","fileTypesAndContributionMap":{"docs":{"insertions":85,"deletions":22}}},{"hash":"0ae19ef608d26acb8cd4b53b3eaf1b52a6eb62ea","isMergeCommit":true,"messageTitle":"Merge pull request #18 from Joelwang22/branch-UserGuide","messageBody":"Update UserGuide","fileTypesAndContributionMap":{}},{"hash":"0379ed501219a656a4b0257f1744680535991d37","isMergeCommit":false,"messageTitle":"Fix intro of UserGuide","messageBody":"","fileTypesAndContributionMap":{"docs":{"insertions":1,"deletions":1}}},{"hash":"36bc0f09986483e04a58bd4af29fcf6b8df2d2fb","isMergeCommit":true,"messageTitle":"Merge pull request #20 from Joelwang22/branch-UserGuide","messageBody":"Fix intro of UserGuide","fileTypesAndContributionMap":{}}]},{"date":"2024-03-09","commitResults":[{"hash":"899689aef07337295f2a174d06a3d095f7d73617","isMergeCommit":false,"messageTitle":"fix png issue","messageBody":"","fileTypesAndContributionMap":{"docs":{"insertions":1,"deletions":1}}},{"hash":"6ac12d95f8867b8970b3faa555c23fe1278bc5c4","isMergeCommit":false,"messageTitle":"Revert \"fix png issue\"","messageBody":"This reverts commit 899689aef07337295f2a174d06a3d095f7d73617.\n","fileTypesAndContributionMap":{"docs":{"insertions":1,"deletions":1}}},{"hash":"744b4cec71d86a5281acf7b1794b6cfac27fb972","isMergeCommit":true,"messageTitle":"Merge pull request #24 from Joelwang22/Fix-joelwang22.png","messageBody":"fix joelwang22.png ","fileTypesAndContributionMap":{}}]},{"date":"2024-03-11","commitResults":[{"hash":"fc71bf562b42e51c6bde3e20a623ed9653761dcf","isMergeCommit":true,"messageTitle":"Merge pull request #37 from Joelwang22/Fix-joelwang22.png","messageBody":"Revert \"fix png issue\"","fileTypesAndContributionMap":{}}]},{"date":"2024-03-12","commitResults":[{"hash":"01312ca9cff21044e283b930b65be5a1ed0bc6f3","isMergeCommit":false,"messageTitle":"add methods for order and product class add quantity class","messageBody":"","fileTypesAndContributionMap":{"functional-code":{"insertions":160,"deletions":0}}},{"hash":"1e4965925d28554e269f3b197c5131d5d0d6ab05","isMergeCommit":false,"messageTitle":"fix order","messageBody":"","fileTypesAndContributionMap":{"functional-code":{"insertions":10,"deletions":1}}},{"hash":"2a02b8f634dc13807db25598225b61a76336a604","isMergeCommit":true,"messageTitle":"Merge pull request #38 from Joelwang22/branch-order","messageBody":"add methods for order and product class","fileTypesAndContributionMap":{}}]},{"date":"2024-03-14","commitResults":[{"hash":"b8916e172a15a7a5d32219e49b1201b8bb3316be","isMergeCommit":false,"messageTitle":"Add addOrderCommand class Add addOrderCommandParser class Add findPersonByPhoneNumber method to ModelManager Add JsonAdaptedOrder Add basic Ui implementation of order","messageBody":"","fileTypesAndContributionMap":{"functional-code":{"insertions":246,"deletions":16},"test-code":{"insertions":28,"deletions":9}}}]},{"date":"2024-03-17","commitResults":[{"hash":"f9250d2766cdc87e7203706b47bbd2cb0999ae09","isMergeCommit":false,"messageTitle":"add product logic","messageBody":"","fileTypesAndContributionMap":{"functional-code":{"insertions":25,"deletions":0}}},{"hash":"a81b036b532efc6778cd6fcd63c0296444e8e83a","isMergeCommit":false,"messageTitle":"Add AddProductCommand class Add AddProductCommand Parser class","messageBody":"","fileTypesAndContributionMap":{"functional-code":{"insertions":207,"deletions":43}}},{"hash":"a5ce694d281b13132207e6bdce3cb2d92c188c1b","isMergeCommit":true,"messageTitle":"Merge branch \u0027master\u0027 into branch-fix_add_orders","messageBody":"","fileTypesAndContributionMap":{}}]},{"date":"2024-03-18","commitResults":[{"hash":"993f5f39e44a7967562b8b7bba721501d435944c","isMergeCommit":false,"messageTitle":"fix Order.java","messageBody":"fix missing bracket","fileTypesAndContributionMap":{"functional-code":{"insertions":2,"deletions":0}}}]},{"date":"2024-03-21","commitResults":[{"hash":"3eaee7a0ccd146753c4f9e0ce6eac849418b8cfd","isMergeCommit":false,"messageTitle":"Add showPersonOrders method to mainWindow Add setOnPersonSelectedCallback method to personListPanel","messageBody":"","fileTypesAndContributionMap":{"functional-code":{"insertions":45,"deletions":0}}},{"hash":"3776d02c735a47ecbc62f6bd022b0f224d789c77","isMergeCommit":false,"messageTitle":"fix checkstyle","messageBody":"","fileTypesAndContributionMap":{"functional-code":{"insertions":0,"deletions":3}}},{"hash":"affce7f9517b3258bd7ce501f6ebf7e6ddc83939","isMergeCommit":false,"messageTitle":"Fix Style","messageBody":"","fileTypesAndContributionMap":{"functional-code":{"insertions":1,"deletions":0}}}]}],"bertrandong":[{"date":"2024-03-06","commitResults":[{"hash":"f26c708404035ca3e20cb70908f4ba14d0c2bd1b","isMergeCommit":false,"messageTitle":"Update Readme","messageBody":"","fileTypesAndContributionMap":{"docs":{"insertions":27,"deletions":15}}},{"hash":"35198c31abf6a5340efbcc8ed92139f63ad6e156","isMergeCommit":true,"messageTitle":"Merge pull request #10 from bertrandong/update-readme","messageBody":"Update Readme","fileTypesAndContributionMap":{}}]},{"date":"2024-03-07","commitResults":[{"hash":"d9fb24f15e48de612ce3b9d71e0fcea9900c580d","isMergeCommit":false,"messageTitle":"Add Bertrand info","messageBody":"","fileTypesAndContributionMap":{"docs":{"insertions":10,"deletions":0}}},{"hash":"f25d5d8baf872c328446f81c85f3e5ec52be21bc","isMergeCommit":true,"messageTitle":"Merge pull request #16 from bertrandong/add-bertrand-info","messageBody":"Add Bertrand info","fileTypesAndContributionMap":{}}]},{"date":"2024-03-09","commitResults":[{"hash":"c9dcae44b7d88cf07b0459d2f04d3b85c8c909e3","isMergeCommit":false,"messageTitle":"Fix png issue","messageBody":"","fileTypesAndContributionMap":{"docs":{"insertions":1,"deletions":1}}},{"hash":"15645b708d761652d255a75c1da083cff3b495dd","isMergeCommit":true,"messageTitle":"Merge pull request #23 from bertrandong/branch-fix-png","messageBody":"Fix png issue","fileTypesAndContributionMap":{}}]},{"date":"2024-03-16","commitResults":[{"hash":"8ccf9d1ccb67e4dc87eaace51d2eff553a4dbd8f","isMergeCommit":false,"messageTitle":"Add OrderList","messageBody":"","fileTypesAndContributionMap":{"functional-code":{"insertions":74,"deletions":1}}},{"hash":"5ad5708fb0be6a237186fd6832ab6c95fd984631","isMergeCommit":true,"messageTitle":"Merge pull request #46 from bertrandong/add-orderlist","messageBody":"Add OrderList","fileTypesAndContributionMap":{}},{"hash":"37cd8884fcf06006a5f3189d834326eee88808e7","isMergeCommit":false,"messageTitle":"Add tagging of orders to person","messageBody":"","fileTypesAndContributionMap":{"functional-code":{"insertions":4,"deletions":1}}},{"hash":"2ded51e71a9a61e51bc76887e41cb2b9565b79d0","isMergeCommit":true,"messageTitle":"Merge pull request #47 from bertrandong/add-tagging","messageBody":"Add tagging of orders to person","fileTypesAndContributionMap":{}},{"hash":"971447c9165c6bb4f702e6a2eeb8bdb8a805a755","isMergeCommit":false,"messageTitle":"Add duplicate order check for edit order","messageBody":"","fileTypesAndContributionMap":{"functional-code":{"insertions":16,"deletions":2}}},{"hash":"23360474e023ebfbd56619790af2dc4ad18c91dc","isMergeCommit":true,"messageTitle":"Merge pull request #48 from bertrandong/add-tagging","messageBody":"Add duplicate order check for edit order","fileTypesAndContributionMap":{}}]},{"date":"2024-03-17","commitResults":[{"hash":"c2f62237156fb705d8e6cda562c084f7dd7a6145","isMergeCommit":false,"messageTitle":"Add OrderList testing","messageBody":"","fileTypesAndContributionMap":{"functional-code":{"insertions":19,"deletions":2},"test-code":{"insertions":69,"deletions":0}}},{"hash":"6bfd0739d9866021e6b4e60b8506c898d2361b08","isMergeCommit":true,"messageTitle":"Merge pull request #50 from bertrandong/master","messageBody":"Add OrderList testing","fileTypesAndContributionMap":{}},{"hash":"4579730faf3be27a3321a29ebd7be8c4ef320d4e","isMergeCommit":false,"messageTitle":"Add OrderList testing","messageBody":"","fileTypesAndContributionMap":{"functional-code":{"insertions":32,"deletions":1},"test-code":{"insertions":57,"deletions":3}}},{"hash":"bda8ec532b94141f109652553291833fe8a74e55","isMergeCommit":true,"messageTitle":"Merge pull request #51 from bertrandong/add-tagging","messageBody":"Add OrderList testing","fileTypesAndContributionMap":{}}]},{"date":"2024-03-18","commitResults":[{"hash":"305aa25d35ba7ba94a18e38b8bcf5a9d8de3c70f","isMergeCommit":false,"messageTitle":"Fix OrderList test","messageBody":"","fileTypesAndContributionMap":{"test-code":{"insertions":1,"deletions":0}}},{"hash":"73b0a6b0e5cf8d7f71302e10fd7df7be9bec13fd","isMergeCommit":true,"messageTitle":"Merge pull request #55 from bertrandong/add-tagging","messageBody":"Fix OrderList test","fileTypesAndContributionMap":{}},{"hash":"24ee0bfd2cb56f841da6b16e6aeec0976c94c483","isMergeCommit":false,"messageTitle":"Update delete and edit order","messageBody":"","fileTypesAndContributionMap":{"functional-code":{"insertions":42,"deletions":9},"test-code":{"insertions":28,"deletions":4}}},{"hash":"8b34e11fb665d5420e4d3bb3a3402553965f24f9","isMergeCommit":false,"messageTitle":"Update delete and edit order","messageBody":"","fileTypesAndContributionMap":{"functional-code":{"insertions":13,"deletions":1}}},{"hash":"4a79f3d9e05884387afbfb3a0e8aeccec3669409","isMergeCommit":false,"messageTitle":"Update delete and edit order","messageBody":"","fileTypesAndContributionMap":{"test-code":{"insertions":0,"deletions":2}}},{"hash":"9a3050a79c1219dd64e3260cb2c89623b2c75774","isMergeCommit":false,"messageTitle":"Update delete and edit order","messageBody":"","fileTypesAndContributionMap":{"test-code":{"insertions":5,"deletions":5}}},{"hash":"1d28915a88217cb9d7e69c903a9274d1164b02b0","isMergeCommit":false,"messageTitle":"Update delete and edit order","messageBody":"","fileTypesAndContributionMap":{"test-code":{"insertions":0,"deletions":3}}}]},{"date":"2024-03-19","commitResults":[{"hash":"c58b67e22bebb1e4dacf80241205ab7363409554","isMergeCommit":true,"messageTitle":"Merge pull request #56 from bertrandong/add-tagging","messageBody":"Update delete and edit order","fileTypesAndContributionMap":{}},{"hash":"b7ee8b8806b2ee299a8d57a7830c02b4621211da","isMergeCommit":false,"messageTitle":"Update orderlist test","messageBody":"","fileTypesAndContributionMap":{"test-code":{"insertions":77,"deletions":27}}},{"hash":"1403c717474834df83f4c33b2ac8c5038be99798","isMergeCommit":false,"messageTitle":"Add OrderTest","messageBody":"","fileTypesAndContributionMap":{"functional-code":{"insertions":5,"deletions":0},"test-code":{"insertions":28,"deletions":2}}},{"hash":"54273de4f7b951fb95c2c561524d2711e5a355a1","isMergeCommit":false,"messageTitle":"Add OrderTest","messageBody":"","fileTypesAndContributionMap":{"test-code":{"insertions":3,"deletions":2}}},{"hash":"bc66b2246c4726dd309d1ac5fcf742efaa075f48","isMergeCommit":true,"messageTitle":"Merge pull request #61 from bertrandong/add-ordertest","messageBody":"Add OrderTest","fileTypesAndContributionMap":{}},{"hash":"af930201e62010c701160870cec27a5a52d59e72","isMergeCommit":true,"messageTitle":"Merge branch \u0027master\u0027 into edit-order-command","messageBody":"","fileTypesAndContributionMap":{}},{"hash":"4ad6539e3c7f522c662cd65fbd1eb91b80d37a18","isMergeCommit":true,"messageTitle":"Merge pull request #60 from 0-yibai/edit-order-command","messageBody":"Update test cases for edit order command","fileTypesAndContributionMap":{}},{"hash":"db5de3c0193e1410ccca85a1213ce22ca385d8c7","isMergeCommit":true,"messageTitle":"Merge pull request #63 from bertrandong/add-producttest","messageBody":"Add ProductTest and fix QuantityTest","fileTypesAndContributionMap":{}},{"hash":"55304273d1f059da01e444f7ed626fddc083eab7","isMergeCommit":true,"messageTitle":"Merge pull request #64 from bertrandong/add-producttest","messageBody":"Add ProductTest and fix QuantityTest","fileTypesAndContributionMap":{}},{"hash":"4c815fe5445d02c44735b32313c66eeb1dc57778","isMergeCommit":false,"messageTitle":"Remove extra method in Quantity","messageBody":"","fileTypesAndContributionMap":{"functional-code":{"insertions":0,"deletions":7}}},{"hash":"e696a615646416df3c105b9febf7d8627988e6f5","isMergeCommit":false,"messageTitle":"Remove trailing whitespace","messageBody":"","fileTypesAndContributionMap":{"functional-code":{"insertions":0,"deletions":2}}},{"hash":"2186b946b692e9e6bc64af4ba312736f2e7f5fdd","isMergeCommit":false,"messageTitle":"Remove duplicate in Product","messageBody":"","fileTypesAndContributionMap":{"functional-code":{"insertions":0,"deletions":7}}},{"hash":"518c73bc51b0200846620656816bdcdd95982ee6","isMergeCommit":false,"messageTitle":"Fix bug in AddProductCommand","messageBody":"","fileTypesAndContributionMap":{"functional-code":{"insertions":1,"deletions":1}}},{"hash":"087a830d588b5682f98e50f8f9fa5460de3dceed","isMergeCommit":false,"messageTitle":"Fix checkstyle issues","messageBody":"","fileTypesAndContributionMap":{"functional-code":{"insertions":24,"deletions":19}}},{"hash":"319e36def95dc3ac5e66a68253286edbc68f95eb","isMergeCommit":false,"messageTitle":"Fix checkstyle issues","messageBody":"","fileTypesAndContributionMap":{"functional-code":{"insertions":20,"deletions":14}}},{"hash":"3a787462e138da31ea68ad9827ee15ad1d9ad8d8","isMergeCommit":false,"messageTitle":"Fix checkstyle issues","messageBody":"","fileTypesAndContributionMap":{"functional-code":{"insertions":3,"deletions":2}}},{"hash":"cc61ae89911cc767b0ee042e65e6c5de08e0f924","isMergeCommit":false,"messageTitle":"Fix checkstyle issues","messageBody":"","fileTypesAndContributionMap":{"functional-code":{"insertions":1,"deletions":1}}},{"hash":"585b45452f34bc978f95f3411fe07a7ac7056258","isMergeCommit":false,"messageTitle":"Fix checkstyle issues in tests","messageBody":"","fileTypesAndContributionMap":{"test-code":{"insertions":2,"deletions":3}}},{"hash":"b05740693f65b60fa8c87b0b8d256729911515c0","isMergeCommit":true,"messageTitle":"Merge pull request #66 from bertrandong/master","messageBody":"Remove extra method in Quantity","fileTypesAndContributionMap":{}}]}]},"authorFileTypeContributionMap":{"nigel27022001":{"docs":0,"functional-code":500,"test-code":73},"chonghaoen":{"docs":0,"functional-code":355,"test-code":129},"0-yibai":{"docs":0,"functional-code":286,"test-code":144},"Joelwang22":{"docs":0,"functional-code":518,"test-code":10},"bertrandong":{"docs":0,"functional-code":182,"test-code":125}},"authorContributionVariance":{"nigel27022001":20700.105,"chonghaoen":50589.773,"0-yibai":22115.645,"Joelwang22":6453.0757,"bertrandong":3688.606},"authorDisplayNameMap":{"nigel27022001":"CS2103T-T08-2 NIGE..TONG","chonghaoen":"CS2103T-T08-2 ISAA..O EN","0-yibai":"CS2103T-T08-2 YANG..IBAI","Joelwang22":"CS2103T-T08-2 WANG..JOEL","bertrandong":"CS2103T-T08-2 ONG ..RAND"}}
