{"authorDailyContributionsMap":{"dedsecrattle":[],"Li-Zizhen":[],"Austintjh19":[],"ValenciaLim":[]},"authorFileTypeContributionMap":{"dedsecrattle":{"docs":0,"functional-code":0,"test-code":0},"Li-Zizhen":{"docs":0,"functional-code":0,"test-code":0},"Austintjh19":{"docs":0,"functional-code":0,"test-code":0},"ValenciaLim":{"docs":0,"functional-code":0,"test-code":0}},"authorContributionVariance":{"dedsecrattle":0.0,"Li-Zizhen":0.0,"Austintjh19":0.0,"ValenciaLim":0.0},"authorDisplayNameMap":{"dedsecrattle":"CS2103T-T16-1 KUMA..BHAT","Li-Zizhen":"CS2103T-T16-1 LI Z..ZHEN","Austintjh19":"CS2103T-T16-1 TAN ..HENG","ValenciaLim":"CS2103T-T16-1 LIM ..NCIA"}}
