{"authorDailyContributionsMap":{"modembcc":[{"date":"2024-02-28","commitResults":[{"hash":"0a6fac1ca4b174bbccf0df6cf1e1f09fad962bf4","isMergeCommit":false,"messageTitle":"Update AboutUs","messageBody":"","fileTypesAndContributionMap":{"docs":{"insertions":14,"deletions":13}}},{"hash":"23ee228683d3017803e5b9c66593350e3d157701","isMergeCommit":true,"messageTitle":"Merge pull request #2 from Lin-Shuang-Shuang/branch-update_aboutUs","messageBody":"Update AboutUs.md Shuang Shuang","fileTypesAndContributionMap":{}},{"hash":"84c6d11b32856439a4e915d33c05c47e0c77c3bb","isMergeCommit":true,"messageTitle":"Merge branch \u0027master\u0027 into branch-update-aboutus","messageBody":"","fileTypesAndContributionMap":{}},{"hash":"34b669cd54113e7f4a288227f4a659ee31fd03a8","isMergeCommit":true,"messageTitle":"Merge pull request #1 from modembcc/branch-update-aboutus","messageBody":"Update AboutUs for Thanakorn","fileTypesAndContributionMap":{}},{"hash":"e6a53c51620b53452611a2f6ab566f390f8e3c38","isMergeCommit":true,"messageTitle":"Merge pull request #3 from ananya21/AboutUs","messageBody":"AboutUs Ananya Shahi Created","fileTypesAndContributionMap":{}},{"hash":"a30942d6fb1136d91621ded3702a8c13ab90bfab","isMergeCommit":true,"messageTitle":"Merge pull request #5 from ThitipatC/UpdateAboutUs","messageBody":"Update AboutUs Thitipat","fileTypesAndContributionMap":{}},{"hash":"f311581f2fca2420200c159bc9bf96541d88ab6b","isMergeCommit":false,"messageTitle":"Revert \"Merge pull request #5 from ThitipatC/UpdateAboutUs\"","messageBody":"This reverts commit a30942d6fb1136d91621ded3702a8c13ab90bfab, reversing\nchanges made to e6a53c51620b53452611a2f6ab566f390f8e3c38.\n","fileTypesAndContributionMap":{"docs":{"insertions":19,"deletions":18}}},{"hash":"83db78f48ac0fed2634b78f8a3db14b1c007cc0a","isMergeCommit":true,"messageTitle":"Merge pull request #19 from ThitipatC/UpdateAboutUs","messageBody":"Update about us","fileTypesAndContributionMap":{}}]},{"date":"2024-03-03","commitResults":[{"hash":"6886a4a55ee0a0138d37ec5c5cb92d533a87d395","isMergeCommit":false,"messageTitle":"Update README","messageBody":"","fileTypesAndContributionMap":{"docs":{"insertions":29,"deletions":11}}},{"hash":"d9d419648856606a07eee416c5c584e63fc9a481","isMergeCommit":false,"messageTitle":"Update site-wide settings and homepage","messageBody":"","fileTypesAndContributionMap":{"docs":{"insertions":8,"deletions":13}}}]},{"date":"2024-03-06","commitResults":[{"hash":"e4f6e77afe464955a6230aa0dcd689ef01fd6da4","isMergeCommit":false,"messageTitle":"Fix pictures not showing up in dashboard","messageBody":"","fileTypesAndContributionMap":{"docs":{"insertions":2,"deletions":5}}},{"hash":"6517ecd6eaf2e200c833e2b5702a9442cf8bede2","isMergeCommit":true,"messageTitle":"Merge pull request #20 from Lin-Shuang-Shuang/branch-Update-UG","messageBody":"Update UserGuide for features Add and Delete Project","fileTypesAndContributionMap":{}},{"hash":"71db047d902c87199c5415e96985b6e8ff65e2f2","isMergeCommit":true,"messageTitle":"Merge pull request #1 from modembcc/master","messageBody":"Update PR to latest version","fileTypesAndContributionMap":{}},{"hash":"3a7448cafcecde85936b2c5b0cbcea7e52e879b8","isMergeCommit":true,"messageTitle":"Merge pull request #2 from modembcc/master","messageBody":"Update PR to lastest version","fileTypesAndContributionMap":{}}]},{"date":"2024-03-07","commitResults":[{"hash":"e34b791270c282160e226feb1b6ef067a7e469b7","isMergeCommit":true,"messageTitle":"Merge pull request #21 from Lin-Shuang-Shuang/branch-Update-DG","messageBody":"","fileTypesAndContributionMap":{}},{"hash":"6248386c823ab5dcedc1a0f9d54230bf85c1d92b","isMergeCommit":true,"messageTitle":"Merge branch \u0027master\u0027 into branch-fix-images-AboutUs","messageBody":"","fileTypesAndContributionMap":{}},{"hash":"9b9becfda0bf615019c2dafbbf437c1130a4e9ef","isMergeCommit":true,"messageTitle":"Merge pull request #3 from modembcc/master","messageBody":"Update Pr","fileTypesAndContributionMap":{}}]},{"date":"2024-03-09","commitResults":[{"hash":"f523735a2484a5f3fe66aa4619bb8e510d86b005","isMergeCommit":true,"messageTitle":"Merge pull request #23 from modembcc/branch-update-readme","messageBody":"Update the README and project website","fileTypesAndContributionMap":{}},{"hash":"a12827eec1d7c63c807de4e507c5c801da5eac86","isMergeCommit":true,"messageTitle":"Merge pull request #5 from modembcc/master","messageBody":"Update PR","fileTypesAndContributionMap":{}}]},{"date":"2024-03-12","commitResults":[{"hash":"e119752f9c7cff49e74725641d5fae76954dadba","isMergeCommit":false,"messageTitle":"Update Use Case for DG","messageBody":"","fileTypesAndContributionMap":{"docs":{"insertions":352,"deletions":88}}},{"hash":"0510219e2d759c2263088581b8ba623309a2e2f3","isMergeCommit":false,"messageTitle":"Update UG with assign member to task, assign deadline to project\u0026task","messageBody":"","fileTypesAndContributionMap":{"docs":{"insertions":112,"deletions":51}}},{"hash":"4c5b24117b3ccba31ae5e0c2e9e4eaf79780d10c","isMergeCommit":true,"messageTitle":"Merge pull request #24 from modembcc/branch-fix-images-AboutUs","messageBody":"Fix pictures not showing up in dashboard","fileTypesAndContributionMap":{}},{"hash":"8bbb9499eab1440eb95d7e88143368232177e136","isMergeCommit":true,"messageTitle":"Merge pull request #6 from modembcc/master","messageBody":"Update PR","fileTypesAndContributionMap":{}},{"hash":"f2346b7fb6e34ee9b84cf8cce15b61956a473715","isMergeCommit":true,"messageTitle":"Merge pull request #7 from modembcc/master","messageBody":"Update PR","fileTypesAndContributionMap":{}},{"hash":"32c1c425bb1ce6b12898d6afde80edcd8cc27ca3","isMergeCommit":true,"messageTitle":"Merge pull request #26 from modembcc/branch-Update-DG-UseCases","messageBody":"Update Use Case for DG","fileTypesAndContributionMap":{}},{"hash":"8dad032e63538639c0d8c7bf1b1dca9ff414e884","isMergeCommit":true,"messageTitle":"Merge pull request #8 from modembcc/master","messageBody":"Update PR","fileTypesAndContributionMap":{}},{"hash":"48b5ab935702cba51dfcc13a4f46fe2066317ed7","isMergeCommit":true,"messageTitle":"Merge pull request #27 from modembcc/branch-Update-UG-Modem","messageBody":"Update UG with assign member to task, assign deadline to project\u0026task","fileTypesAndContributionMap":{}},{"hash":"4bd204c983633554edf7dc623af43bb299f173ab","isMergeCommit":true,"messageTitle":"Merge pull request #28 from ThitipatC/updateUG","messageBody":"Update UserGuide","fileTypesAndContributionMap":{}},{"hash":"ab0dc2b140890ba8505dae33e062c040c369e3d0","isMergeCommit":true,"messageTitle":"Merge pull request #29 from ThitipatC/updateDG","messageBody":"Update glossary inside DG","fileTypesAndContributionMap":{}}]},{"date":"2024-03-13","commitResults":[{"hash":"ca1561b681a85a18e6424d56014be17f43c0434b","isMergeCommit":true,"messageTitle":"Merge pull request #32 from ananya21/Update-DG-Target-User-Profile-Value-Proposition-User-Stories","messageBody":"Update DG target user profile value proposition user stories","fileTypesAndContributionMap":{}},{"hash":"4cdc52fa9b2b7452921d6892ae898f7eb27b675a","isMergeCommit":true,"messageTitle":"Merge pull request #33 from ananya21/master","messageBody":"Fixed User Guide","fileTypesAndContributionMap":{}},{"hash":"f80ac43fc8aa5abf4fa03bd2ab7f450bb5f091fb","isMergeCommit":true,"messageTitle":"Merge pull request #22 from Lin-Shuang-Shuang/branch-AddProjectCommand","messageBody":"Update AddCommand to AddProjectCommand","fileTypesAndContributionMap":{}}]},{"date":"2024-03-15","commitResults":[{"hash":"4a96885ef26c7e87b9d56efde268d52d77d39652","isMergeCommit":false,"messageTitle":"Remove unused imports and set up for delete project command","messageBody":"","fileTypesAndContributionMap":{"functional-code":{"insertions":17,"deletions":15},"other":{"insertions":31,"deletions":31},"test-code":{"insertions":91,"deletions":91}}},{"hash":"fda6b200ef3210f13ed2b9e13e41a331c21339de","isMergeCommit":false,"messageTitle":"Implement Delect Project","messageBody":"Filtered Lists have been removed from the delete command tests as there is no filter function in v1.2.\n\nThe arguement has been changed from using index to using string and searching through the list.\n","fileTypesAndContributionMap":{"functional-code":{"insertions":26,"deletions":18},"test-code":{"insertions":17,"deletions":61}}},{"hash":"6cf7d3635acebd029d521ca2726ea03ccec071ad","isMergeCommit":false,"messageTitle":"Remove trailing whitespaces","messageBody":"","fileTypesAndContributionMap":{"functional-code":{"insertions":0,"deletions":2},"docs":{"insertions":41,"deletions":36}}},{"hash":"d5860d73cd454e449a0b54e7bdf7e12d5050e187","isMergeCommit":false,"messageTitle":"Fix Checkstyles","messageBody":"","fileTypesAndContributionMap":{"functional-code":{"insertions":12,"deletions":12}}},{"hash":"3b545406cd17dab785f1066165529b947509f668","isMergeCommit":false,"messageTitle":"Fix more checkstyles","messageBody":"","fileTypesAndContributionMap":{"test-code":{"insertions":73,"deletions":68}}},{"hash":"72752905a2809365bc9704317957c9835f095ca6","isMergeCommit":false,"messageTitle":"Add deleteProjectCommand test in AddressBookParserTest","messageBody":"","fileTypesAndContributionMap":{"test-code":{"insertions":7,"deletions":5}}},{"hash":"666ec5db42c993b7ca32d92caef9f525a80ad863","isMergeCommit":true,"messageTitle":"Merge pull request #34 from modembcc/branch-Delete-Project","messageBody":"Add Delete Project Command","fileTypesAndContributionMap":{}},{"hash":"cf2a243da9fc68c20887612c8866098a99dffab1","isMergeCommit":false,"messageTitle":"Update UI project list part","messageBody":"","fileTypesAndContributionMap":{"functional-code":{"insertions":195,"deletions":185}}},{"hash":"0a8e723a4b1d6208e272abf883072ab025fa7cee","isMergeCommit":true,"messageTitle":"Merge branch \u0027branch-New-Ui\u0027 into master","messageBody":"","fileTypesAndContributionMap":{}},{"hash":"6d120a1142d73b0d45cebb2f57d44b72ffead960","isMergeCommit":false,"messageTitle":"Revert \"Merge branch \u0027branch-New-Ui\u0027 into master\"","messageBody":"This reverts commit 0a8e723a4b1d6208e272abf883072ab025fa7cee, reversing\nchanges made to 666ec5db42c993b7ca32d92caef9f525a80ad863.\n","fileTypesAndContributionMap":{"functional-code":{"insertions":186,"deletions":196}}},{"hash":"f7e29376e5afc7e286990c965d53f25c071d06f0","isMergeCommit":false,"messageTitle":"Revert \"Update UI project list part\"","messageBody":"This reverts commit cf2a243da9fc68c20887612c8866098a99dffab1.\n","fileTypesAndContributionMap":{"functional-code":{"insertions":4,"deletions":0}}},{"hash":"320a46e7fa99acb6299a76c071fd1b2a9d3f1ab3","isMergeCommit":false,"messageTitle":"Fix master branch","messageBody":"","fileTypesAndContributionMap":{"functional-code":{"insertions":0,"deletions":4}}}]},{"date":"2024-03-18","commitResults":[{"hash":"4dc316b7eb094429686e35f66e24f41dbe4004d8","isMergeCommit":true,"messageTitle":"Merge pull request #39 from ananya21/addTask","messageBody":"Add task","fileTypesAndContributionMap":{}},{"hash":"09a530d3ffd0c804cce198fd47cc447401835a39","isMergeCommit":true,"messageTitle":"Merge pull request #10 from AY2324S2-CS2103T-W08-4/master","messageBody":"Update Master","fileTypesAndContributionMap":{}}]},{"date":"2024-03-19","commitResults":[{"hash":"9f65bd3e059815bff40b3eb07b54cae2c8ac99d0","isMergeCommit":true,"messageTitle":"Merge pull request #11 from ThitipatC/DeleteTaskCommand","messageBody":"Delete task command","fileTypesAndContributionMap":{}},{"hash":"4d9eaddd0992f4a5c3955d5bc62ec611e4ba33ae","isMergeCommit":false,"messageTitle":"Clean the codes and remove bugs","messageBody":"","fileTypesAndContributionMap":{"functional-code":{"insertions":27,"deletions":134},"other":{"insertions":14,"deletions":22}}},{"hash":"324f7283cac73776e36d6bcadea21a2c1809f78c","isMergeCommit":false,"messageTitle":"Move exception to commons/exceptions","messageBody":"","fileTypesAndContributionMap":{"functional-code":{"insertions":11,"deletions":11},"other":{"insertions":1,"deletions":1},"test-code":{"insertions":3,"deletions":3}}},{"hash":"3154ed5fedc3c8ca5f52f6297ba9ddf54e8f6c46","isMergeCommit":false,"messageTitle":"Fix checkstyles","messageBody":"","fileTypesAndContributionMap":{"functional-code":{"insertions":144,"deletions":84},"other":{"insertions":1,"deletions":1},"test-code":{"insertions":3,"deletions":200}}},{"hash":"28ea475d6a878f9b09f1d171de5d9f9dc11ebbbe","isMergeCommit":true,"messageTitle":"Merge pull request #44 from modembcc/branch-fix-task-commands","messageBody":"Branch fix task commands","fileTypesAndContributionMap":{}}]},{"date":"2024-03-20","commitResults":[{"hash":"076e11d270f0acb51fa7d209d55a9bc93f4ca95d","isMergeCommit":true,"messageTitle":"Merge pull request #14 from ananya21/refactor-code","messageBody":"Refactor code","fileTypesAndContributionMap":{}},{"hash":"2a7772664e00d7df08e873b91aa3f0c0dbcd5ffe","isMergeCommit":false,"messageTitle":"Change fxid to match java file","messageBody":"","fileTypesAndContributionMap":{"functional-code":{"insertions":2,"deletions":2}}}]},{"date":"2024-03-21","commitResults":[{"hash":"1416c7613295bccc7b267b1bee22e410d21395dc","isMergeCommit":true,"messageTitle":"Merge pull request #59 from Lin-Shuang-Shuang/branch-addtest","messageBody":"Add tests for new commands","fileTypesAndContributionMap":{}},{"hash":"ae24b2bf9738cc8d0802ed789eaf49997a1ecc6e","isMergeCommit":true,"messageTitle":"Merge pull request #58 from ananya21/statusCommand","messageBody":"Status command","fileTypesAndContributionMap":{}},{"hash":"ac8a436fc0a3202528dcbe36a619ced78001dd4c","isMergeCommit":true,"messageTitle":"Merge pull request #56 from ananya21/deadlineCommand","messageBody":"Deadline command","fileTypesAndContributionMap":{}},{"hash":"575d85de5f01bc1c9e48a9b58340fd76c400719e","isMergeCommit":true,"messageTitle":"Merge pull request #57 from ananya21/assign-person","messageBody":"Finished assign-person","fileTypesAndContributionMap":{}},{"hash":"b56fba01556e2d9a495efbb61dbef11fd5472601","isMergeCommit":false,"messageTitle":"Add column for tasks","messageBody":"","fileTypesAndContributionMap":{"functional-code":{"insertions":47,"deletions":21}}},{"hash":"531645a6efda7f36c03d43235d0e7f8f6930ca16","isMergeCommit":true,"messageTitle":"Merge branch \u0027master\u0027 into branch-New-ui","messageBody":"","fileTypesAndContributionMap":{}}]},{"date":"2024-03-22","commitResults":[{"hash":"f10532bd1662ff3647940dae806aec495ae94e52","isMergeCommit":false,"messageTitle":"Edit window size","messageBody":"","fileTypesAndContributionMap":{"functional-code":{"insertions":5,"deletions":17}}},{"hash":"dfba4a6aa1fd41a7b905c7f090617685dc34f6e4","isMergeCommit":false,"messageTitle":"Resize and style task column","messageBody":"","fileTypesAndContributionMap":{"functional-code":{"insertions":25,"deletions":18}}},{"hash":"d2f208642f39c93380aa71419ea001187f063161","isMergeCommit":false,"messageTitle":"Add task columns","messageBody":"","fileTypesAndContributionMap":{"functional-code":{"insertions":234,"deletions":28}}},{"hash":"5f646c58735513af0b7835f9a53cbd5882006a49","isMergeCommit":false,"messageTitle":"Add text to columns","messageBody":"","fileTypesAndContributionMap":{"functional-code":{"insertions":13,"deletions":3}}},{"hash":"6c8e3121727ae8afb3ba1c8c2284a0ca43c65a14","isMergeCommit":false,"messageTitle":"Add show project command","messageBody":"","fileTypesAndContributionMap":{"functional-code":{"insertions":111,"deletions":0}}},{"hash":"0126b2068040783e008c205767ee3e271d101b07","isMergeCommit":false,"messageTitle":"Show tasks based on their status","messageBody":"","fileTypesAndContributionMap":{"functional-code":{"insertions":118,"deletions":5}}},{"hash":"8e4db778dd29939eaeb889ab892b9b26b5c78527","isMergeCommit":false,"messageTitle":"Add member and deadline to ui","messageBody":"","fileTypesAndContributionMap":{"functional-code":{"insertions":33,"deletions":13}}},{"hash":"371bcd503ddbcb6e5f279702ccaebaa804f71411","isMergeCommit":false,"messageTitle":"Fix checkstyles and model stub in tests","messageBody":"","fileTypesAndContributionMap":{"functional-code":{"insertions":11,"deletions":21},"test-code":{"insertions":20,"deletions":0}}},{"hash":"c155258fbc27f9bccc831025ccd82be8dab1b98e","isMergeCommit":false,"messageTitle":"Fix bug where program fails if model is initialized without projects.","messageBody":"","fileTypesAndContributionMap":{"functional-code":{"insertions":7,"deletions":3}}},{"hash":"1d9aeaf3d1ff1911fdebe67cb771b3c39a69977c","isMergeCommit":false,"messageTitle":"Clean up code and change command word to match the documents","messageBody":"","fileTypesAndContributionMap":{"functional-code":{"insertions":20,"deletions":67}}}]},{"date":"2024-03-28","commitResults":[{"hash":"ad78ffef1894d1b113c9bbc287f7de874c43239f","isMergeCommit":false,"messageTitle":"Update DG with delete project implementation","messageBody":"","fileTypesAndContributionMap":{"docs":{"insertions":84,"deletions":64}}},{"hash":"193ea5516fe4442482f1fbc3ef5bfedf0a8ecf3a","isMergeCommit":true,"messageTitle":"Merge pull request #66 from Lin-Shuang-Shuang/branch-FindAndListProject","messageBody":"Implement list and find project","fileTypesAndContributionMap":{}},{"hash":"88cc761c9fe04db42c7c017d29542f4e270b308a","isMergeCommit":true,"messageTitle":"Merge branch \u0027master\u0027 into branch-update-dg-deleteProject","messageBody":"","fileTypesAndContributionMap":{}},{"hash":"122dc8d75ffd3f4a98737035c5bca10c19f3ba64","isMergeCommit":true,"messageTitle":"Merge pull request #77 from modembcc/branch-update-dg-deleteProject","messageBody":"Update DG with delete project implementation","fileTypesAndContributionMap":{}},{"hash":"249abba9db8256bc26fd59fd1649fbefda180629","isMergeCommit":true,"messageTitle":"Merge pull request #69 from ThitipatC/DeleteTaskShowProjectuml","messageBody":"Update uml for DeleteTask and ShowProject","fileTypesAndContributionMap":{}},{"hash":"d8d774d8f2bd1477c55a34d6e4d940b3f51fb222","isMergeCommit":true,"messageTitle":"Merge pull request #80 from ThitipatC/updateDeleteTaskDG","messageBody":"Update delete task on dg","fileTypesAndContributionMap":{}}]},{"date":"2024-03-30","commitResults":[{"hash":"7b50d9326c3199b50cadb536ed2b66f39cc4f8ab","isMergeCommit":false,"messageTitle":"Update set task status","messageBody":"","fileTypesAndContributionMap":{"functional-code":{"insertions":104,"deletions":62},"other":{"insertions":18,"deletions":13}}},{"hash":"6d5c3f8f9e2e76be19331262b16bdf74e8674b6d","isMergeCommit":false,"messageTitle":"Add set project status backend","messageBody":"","fileTypesAndContributionMap":{"functional-code":{"insertions":107,"deletions":10},"test-code":{"insertions":0,"deletions":42}}},{"hash":"fa5d2b5d64099abb3f528b65cd384b6465b42eab","isMergeCommit":false,"messageTitle":"Add UI for set project status","messageBody":"","fileTypesAndContributionMap":{"functional-code":{"insertions":178,"deletions":166}}}]},{"date":"2024-03-31","commitResults":[{"hash":"ee4b0859aac5b4f0a235459259217e01e3ff8c56","isMergeCommit":false,"messageTitle":"Update User Guide Minimum","messageBody":"","fileTypesAndContributionMap":{"docs":{"insertions":29,"deletions":20}}},{"hash":"4b871e063c7ba9292e7d08ab92bd26920a6c5cf1","isMergeCommit":false,"messageTitle":"Small changes","messageBody":"","fileTypesAndContributionMap":{"docs":{"insertions":4,"deletions":5}}}]},{"date":"2024-04-03","commitResults":[{"hash":"3a033021dfa15720837e324a785be2751f910d49","isMergeCommit":false,"messageTitle":"Rearrange Commands","messageBody":"","fileTypesAndContributionMap":{"docs":{"insertions":99,"deletions":85}}},{"hash":"e630f809861a0f2970dc9d3eddcbce401af4497d","isMergeCommit":false,"messageTitle":"Update command table","messageBody":"","fileTypesAndContributionMap":{"docs":{"insertions":18,"deletions":17}}},{"hash":"61603b30238c80b7051b500d83d61ac8e5fdf820","isMergeCommit":false,"messageTitle":"Update Command Word in Feature List","messageBody":"","fileTypesAndContributionMap":{"docs":{"insertions":52,"deletions":90}}},{"hash":"f958d0f539741d05f0bed3268b1d50e1c5ad0fc2","isMergeCommit":false,"messageTitle":"Add UI and update feature descriptions.","messageBody":"Change all mentions of list, DevPlanPro, projectmanager to \"project list\"\n","fileTypesAndContributionMap":{"docs":{"insertions":97,"deletions":68}}},{"hash":"938185cfd7d6637dbc14fdaecf5c292ed2fbfd2b","isMergeCommit":false,"messageTitle":"Fix set status","messageBody":"","fileTypesAndContributionMap":{"docs":{"insertions":26,"deletions":27}}},{"hash":"a7346fd6b3eb4e671eb8b79f06fbb0bd30561e9e","isMergeCommit":true,"messageTitle":"Merge branch \u0027AY2324S2-CS2103T-W08-4:master\u0027 into master","messageBody":"","fileTypesAndContributionMap":{}},{"hash":"773a508e4a34ed45429c56550ed6a52a907bfaa2","isMergeCommit":true,"messageTitle":"Merge branch \u0027AY2324S2-CS2103T-W08-4:master\u0027 into master","messageBody":"","fileTypesAndContributionMap":{}},{"hash":"95c0de057f61d0ff6479aaae5734e76e5823d6c5","isMergeCommit":false,"messageTitle":"Update set status","messageBody":"","fileTypesAndContributionMap":{"docs":{"insertions":25,"deletions":8}}}]},{"date":"2024-04-04","commitResults":[{"hash":"eea9d63f9f862d0c98dd16ebccdb9f25be539a4f","isMergeCommit":true,"messageTitle":"Merge branch \u0027AY2324S2-CS2103T-W08-4:master\u0027 into master","messageBody":"","fileTypesAndContributionMap":{}},{"hash":"e169b3c8cfc9497f4a86bbf9356fbff8e9ae83ad","isMergeCommit":true,"messageTitle":"Merge branch \u0027branch-demo-ug\u0027 into master","messageBody":"","fileTypesAndContributionMap":{}},{"hash":"503ff3a82df694f59d222e078345be018bf79f7c","isMergeCommit":true,"messageTitle":"Merge pull request #15 from modembcc/master","messageBody":"Update PR","fileTypesAndContributionMap":{}},{"hash":"1d351c1200b57b427b9bca73941f3ccf7b2b0b31","isMergeCommit":false,"messageTitle":"Update README","messageBody":"","fileTypesAndContributionMap":{"docs":{"insertions":3,"deletions":3}}},{"hash":"cf12852028c3236b7de81b8ffb0fa778890e57c0","isMergeCommit":true,"messageTitle":"Merge branch \u0027branch-demo-ug\u0027 of https://github.com/modembcc/tp into branch-demo-ug","messageBody":"","fileTypesAndContributionMap":{}},{"hash":"839f784c279f686b63f9dfe96621aa49f595d1c4","isMergeCommit":false,"messageTitle":"Small changes + ui.png","messageBody":"","fileTypesAndContributionMap":{"docs":{"insertions":10,"deletions":10}}},{"hash":"2a6d9a3aeaf3fc9cbbfca400d16d1195ed1fcace","isMergeCommit":false,"messageTitle":"Update the UG for 1.3 and add clear, help, and exit command","messageBody":"","fileTypesAndContributionMap":{"functional-code":{"insertions":6,"deletions":6},"docs":{"insertions":125,"deletions":15}}},{"hash":"4b2f66a62f8c35cefecbaccc8ad0818f05f26558","isMergeCommit":true,"messageTitle":"Merge branch \u0027AY2324S2-CS2103T-W08-4:master\u0027 into master","messageBody":"","fileTypesAndContributionMap":{}},{"hash":"f6257b0a6345a9136cb282fc2f4fb5a102a420f7","isMergeCommit":true,"messageTitle":"Merge branch \u0027master\u0027 into branch-demo-ug","messageBody":"","fileTypesAndContributionMap":{}},{"hash":"1ef0391b9bde3f083f2d68a10c573f99472f8910","isMergeCommit":true,"messageTitle":"Merge branch \u0027AY2324S2-CS2103T-W08-4:master\u0027 into master","messageBody":"","fileTypesAndContributionMap":{}},{"hash":"94c61adbc9831d098c3ca8a3819bca857d62bede","isMergeCommit":true,"messageTitle":"Merge branch \u0027master\u0027 into branch-demo-ug","messageBody":"","fileTypesAndContributionMap":{}},{"hash":"5887db56161f9325b75982c7c008a2604dce5db9","isMergeCommit":true,"messageTitle":"Merge pull request #99 from ThitipatC/FilterCategoryCommand","messageBody":"add FilterCategoryCommand","fileTypesAndContributionMap":{}},{"hash":"bad41bc8589f60697a553ae199107323bac67773","isMergeCommit":false,"messageTitle":"Add warnings and update filter category","messageBody":"","fileTypesAndContributionMap":{"docs":{"insertions":16,"deletions":2}}},{"hash":"915b310327bd3f3b5631a69860c34dfddd5c2833","isMergeCommit":true,"messageTitle":"Merge branch \u0027AY2324S2-CS2103T-W08-4:master\u0027 into master","messageBody":"","fileTypesAndContributionMap":{}},{"hash":"5513e07f4f4a5184706d142a1994ba4c30242c0e","isMergeCommit":true,"messageTitle":"Merge branch \u0027master\u0027 into branch-demo-ug","messageBody":"","fileTypesAndContributionMap":{}},{"hash":"586e706ff356125d091ae3a42afafe4c700d804b","isMergeCommit":false,"messageTitle":"Update command summary","messageBody":"","fileTypesAndContributionMap":{"docs":{"insertions":27,"deletions":15}}},{"hash":"4ec0356556a286bf88faff5959619563a3cd0dfb","isMergeCommit":true,"messageTitle":"Merge pull request #93 from modembcc/branch-demo-ug","messageBody":"Update User Guide","fileTypesAndContributionMap":{}},{"hash":"7da6f1bc86af01dbc9afa0b01cedc75ab36fa56e","isMergeCommit":false,"messageTitle":"Update MainApp.java","messageBody":"","fileTypesAndContributionMap":{"functional-code":{"insertions":1,"deletions":1}}}]},{"date":"2024-04-05","commitResults":[{"hash":"b8c129cd38f14ff8118c6261cade1848e0c14906","isMergeCommit":false,"messageTitle":"Update UG UI","messageBody":"","fileTypesAndContributionMap":{"docs":{"insertions":1,"deletions":1}}}]},{"date":"2024-04-09","commitResults":[{"hash":"ffcf20f5db153c7fe4582d0bce653d122054de05","isMergeCommit":false,"messageTitle":"Fix some UG bugs that can be fixed immediately","messageBody":"","fileTypesAndContributionMap":{"docs":{"insertions":15,"deletions":5}}}]},{"date":"2024-04-13","commitResults":[{"hash":"a71b00c64d3916f20446c11b6c78aa0c79dca154","isMergeCommit":true,"messageTitle":"Merge branch \u0027master\u0027 into branch-fix-ug-bugs","messageBody":"","fileTypesAndContributionMap":{}},{"hash":"262ed991617e02a8c5426e0d5e21830d6ebe8ea8","isMergeCommit":false,"messageTitle":"Fix UG bugs","messageBody":"","fileTypesAndContributionMap":{"docs":{"insertions":20,"deletions":6}}},{"hash":"9154090f01778622b80a8a638a542db343d5ee6b","isMergeCommit":false,"messageTitle":"Set status auto-updates","messageBody":"","fileTypesAndContributionMap":{"functional-code":{"insertions":30,"deletions":5}}},{"hash":"267a8f352bd39fe4c896bec37ecc834804678da5","isMergeCommit":false,"messageTitle":"Revert previous change to do in new branch","messageBody":"","fileTypesAndContributionMap":{"functional-code":{"insertions":6,"deletions":31}}},{"hash":"aba786c27762c102ef182620ac22d45a2fd75464","isMergeCommit":false,"messageTitle":"Make set project status auto-updates","messageBody":"","fileTypesAndContributionMap":{"functional-code":{"insertions":31,"deletions":4}}},{"hash":"f55b9c81463437f14a29a61ef15caf5aff061797","isMergeCommit":false,"messageTitle":"Fix failed checks","messageBody":"","fileTypesAndContributionMap":{"functional-code":{"insertions":1,"deletions":1},"docs":{"insertions":8,"deletions":7}}},{"hash":"16924626b0ee0037fabd814cf7b1fbad3afd163b","isMergeCommit":false,"messageTitle":"Auto update project category","messageBody":"","fileTypesAndContributionMap":{"functional-code":{"insertions":26,"deletions":20}}},{"hash":"fbef73382a618ea99c1419cc246c9a6fabc477c4","isMergeCommit":false,"messageTitle":"Make set project deadline update","messageBody":"","fileTypesAndContributionMap":{"functional-code":{"insertions":9,"deletions":1}}},{"hash":"2752bbea9f5166b3298599ffe70295d04f9bc515","isMergeCommit":false,"messageTitle":"Make tasks command update ui and fix delete person cascading bug","messageBody":"","fileTypesAndContributionMap":{"functional-code":{"insertions":56,"deletions":2}}},{"hash":"4b58124358b725bba501f4be99231c1403f216d0","isMergeCommit":false,"messageTitle":"Fix checkstyles and add comment","messageBody":"","fileTypesAndContributionMap":{"functional-code":{"insertions":17,"deletions":9}}},{"hash":"9574141bd809341b4a3fbe29d48964d9a7dd965d","isMergeCommit":true,"messageTitle":"Merge branch \u0027master\u0027 into branch-ui-updates","messageBody":"","fileTypesAndContributionMap":{}},{"hash":"30dd29388ef0b27b964c0dce290e6b2eb5d225cd","isMergeCommit":true,"messageTitle":"Merge branch \u0027master\u0027 into branch-ui-updates","messageBody":"","fileTypesAndContributionMap":{}}]},{"date":"2024-04-14","commitResults":[{"hash":"1e719f5b4bf4f1b1d0d0c616d8fcf973a9eac7dc","isMergeCommit":true,"messageTitle":"Merge pull request #161 from ThitipatC/FixTeamBox","messageBody":"Fix team box to be horizontally scrollable","fileTypesAndContributionMap":{}},{"hash":"aa64df5ed75d1d0fe560d3ac14df259558c544be","isMergeCommit":false,"messageTitle":"Add limitations for some commands","messageBody":"","fileTypesAndContributionMap":{"docs":{"insertions":34,"deletions":24}}},{"hash":"587b9168c2f27c7ffd58fdb156fd8e0584117810","isMergeCommit":true,"messageTitle":"Merge branch \u0027master\u0027 into branch-ug-finals","messageBody":"","fileTypesAndContributionMap":{}},{"hash":"cb02a88b2083e81e769b87ac46e6b94acf1f5190","isMergeCommit":false,"messageTitle":"Add screenshots","messageBody":"","fileTypesAndContributionMap":{"functional-code":{"insertions":19,"deletions":14},"docs":{"insertions":50,"deletions":18}}}]},{"date":"2024-04-15","commitResults":[{"hash":"a582176ac53f885647a1273a472e44eff678ec35","isMergeCommit":false,"messageTitle":"Update error messages","messageBody":"","fileTypesAndContributionMap":{"functional-code":{"insertions":16,"deletions":18},"docs":{"insertions":49,"deletions":11}}},{"hash":"a588e8dec8de6196035bcf9feeb76c35de506bbf","isMergeCommit":false,"messageTitle":"Add full stop to error message","messageBody":"","fileTypesAndContributionMap":{"functional-code":{"insertions":1,"deletions":1}}},{"hash":"991c497022bc58da134c5dc36e8c2643ebcbfdab","isMergeCommit":true,"messageTitle":"Merge branch \u0027master\u0027 into branch-ug-finals","messageBody":"","fileTypesAndContributionMap":{}},{"hash":"b00b4bfbbc67cdbfffc2b82c6b484d0bcea08461","isMergeCommit":false,"messageTitle":"Add instructions and update TOC","messageBody":"","fileTypesAndContributionMap":{"docs":{"insertions":9,"deletions":1}}},{"hash":"0c0883715c05f54e4e214acf4081fae0dbd62141","isMergeCommit":false,"messageTitle":"Fix failed build","messageBody":"","fileTypesAndContributionMap":{"test-code":{"insertions":7,"deletions":7}}},{"hash":"92adb8391aaf11b3864cd7f91e742c0f6f710319","isMergeCommit":false,"messageTitle":"Fix error message","messageBody":"","fileTypesAndContributionMap":{"functional-code":{"insertions":4,"deletions":1}}},{"hash":"23e243d0bcbc6d733e2263f86640c64ff6a802dc","isMergeCommit":false,"messageTitle":"Add error message","messageBody":"","fileTypesAndContributionMap":{"functional-code":{"insertions":2,"deletions":0}}},{"hash":"5b95446f3cf16fd1233f1c9bfb7872cbfd0e6f00","isMergeCommit":false,"messageTitle":"Add more error message","messageBody":"","fileTypesAndContributionMap":{"functional-code":{"insertions":2,"deletions":0}}},{"hash":"626a584e8f7dbf532231aa93dd481d80bcce94d9","isMergeCommit":false,"messageTitle":"Update error message","messageBody":"","fileTypesAndContributionMap":{"docs":{"insertions":3,"deletions":0}}},{"hash":"5c4ac1d47407bcead462968cc22a0c11a07cb873","isMergeCommit":true,"messageTitle":"Merge pull request #166 from modembcc/branch-fix-member-commands","messageBody":"Fix error message for member commands","fileTypesAndContributionMap":{}},{"hash":"b179334542552696059414b56e5c57a8ad211045","isMergeCommit":true,"messageTitle":"Merge branch \u0027master\u0027 into branch-ug-finals","messageBody":"","fileTypesAndContributionMap":{}},{"hash":"d5f4853672d15753e1485fb58fb319a39609c338","isMergeCommit":true,"messageTitle":"Merge pull request #167 from Lin-Shuang-Shuang/branch-ErrorMessage","messageBody":"Add error message for edit project name","fileTypesAndContributionMap":{}},{"hash":"ab40a17336f87d20836ddf3b3a9ba6dd938456dd","isMergeCommit":false,"messageTitle":"Update Error messages","messageBody":"","fileTypesAndContributionMap":{"functional-code":{"insertions":37,"deletions":74},"docs":{"insertions":22,"deletions":17}}},{"hash":"f5e99f11859e72b69975e402f0fcdbb3517998b9","isMergeCommit":true,"messageTitle":"Merge branch \u0027master\u0027 into branch-ug-finals","messageBody":"","fileTypesAndContributionMap":{}},{"hash":"81be8b07494e42571c51f2a2c859b489191be82c","isMergeCommit":false,"messageTitle":"Update Error messages","messageBody":"","fileTypesAndContributionMap":{"functional-code":{"insertions":9,"deletions":23},"docs":{"insertions":7,"deletions":6}}},{"hash":"a06b9463c94eaea89b746c2c4206823df509ceb0","isMergeCommit":false,"messageTitle":"Fix checkstyles","messageBody":"","fileTypesAndContributionMap":{"functional-code":{"insertions":7,"deletions":4}}},{"hash":"faca831b61c1646dd42cefd40477a28811c6f9dc","isMergeCommit":false,"messageTitle":"Fix tests","messageBody":"","fileTypesAndContributionMap":{"functional-code":{"insertions":12,"deletions":2},"docs":{"insertions":1,"deletions":0},"test-code":{"insertions":7,"deletions":21}}},{"hash":"7572faee019ff0ec14478a91d1ed804d258914cd","isMergeCommit":true,"messageTitle":"Merge branch \u0027master\u0027 into branch-ug-finals","messageBody":"","fileTypesAndContributionMap":{}},{"hash":"0bdcbb98af34bed6165f8b4e9257af6a6bf16be2","isMergeCommit":false,"messageTitle":"Final changes","messageBody":"","fileTypesAndContributionMap":{"other":{"insertions":1,"deletions":1},"docs":{"insertions":2,"deletions":2}}},{"hash":"0bd17e68f6671b9ed198bd34a49d9b21f5c637d6","isMergeCommit":true,"messageTitle":"Merge pull request #164 from modembcc/branch-ug-finals","messageBody":"Update UG","tags":["v1.4"],"fileTypesAndContributionMap":{}}]}],"ThitipatC":[{"date":"2024-02-28","commitResults":[{"hash":"6c139f6949074705286f0029f76a1521e24f92aa","isMergeCommit":false,"messageTitle":"Update AboutUs","messageBody":"","fileTypesAndContributionMap":{"docs":{"insertions":3,"deletions":3}}},{"hash":"f47f6391c492ef96654534ff48f1b1a39db247a1","isMergeCommit":true,"messageTitle":"Clean AboutUs","messageBody":"","fileTypesAndContributionMap":{}},{"hash":"ee948f7d5e4413dd65123a14efe1b82e964f8057","isMergeCommit":false,"messageTitle":"Clean AboutUs","messageBody":"","fileTypesAndContributionMap":{"docs":{"insertions":5,"deletions":14}}}]},{"date":"2024-03-12","commitResults":[{"hash":"5ebf8d17bd52042f5e4f46985b53ef7caa73a2f2","isMergeCommit":false,"messageTitle":"Update UserGuide","messageBody":"","fileTypesAndContributionMap":{"docs":{"insertions":39,"deletions":16}}},{"hash":"53885a8b1ca28f17b40f48ef6acf11b22ad5d508","isMergeCommit":false,"messageTitle":"Update UserGuide.md","messageBody":"","fileTypesAndContributionMap":{"docs":{"insertions":7,"deletions":7}}},{"hash":"7547c099e94935395f959938b011083cf8a6e960","isMergeCommit":false,"messageTitle":"Update to glossary inside DG","messageBody":"","fileTypesAndContributionMap":{"docs":{"insertions":6,"deletions":3}}},{"hash":"bb69388daf237826019378a592a07f0b3039fc33","isMergeCommit":false,"messageTitle":"delete typo","messageBody":"","fileTypesAndContributionMap":{"docs":{"insertions":1,"deletions":1}}}]},{"date":"2024-03-18","commitResults":[{"hash":"a3ca75e6840ada23bdfc8895af69596ba87fa487","isMergeCommit":false,"messageTitle":"Add delete task feature","messageBody":"","fileTypesAndContributionMap":{"functional-code":{"insertions":165,"deletions":8}}},{"hash":"23cdd50345257c4b9998ab769e50ada22b311e9a","isMergeCommit":false,"messageTitle":"Update DeleteTaskCommand.java","messageBody":"","fileTypesAndContributionMap":{"functional-code":{"insertions":1,"deletions":1}}},{"hash":"097b65f2db758b081d4d379f165f8e7ff903554b","isMergeCommit":false,"messageTitle":"Update Person.java","messageBody":"","fileTypesAndContributionMap":{"functional-code":{"insertions":1,"deletions":1}}},{"hash":"9155e30378c8c09355ea74e3411e326a600d65e0","isMergeCommit":false,"messageTitle":"move hasTask to Person","messageBody":"","fileTypesAndContributionMap":{"functional-code":{"insertions":1,"deletions":8}}},{"hash":"97663ad5602d809d6bba6a8c466f21894365a732","isMergeCommit":false,"messageTitle":"Update Person with hasTask","messageBody":"","fileTypesAndContributionMap":{"functional-code":{"insertions":9,"deletions":0}}},{"hash":"0645b77f718d029ef1a7e43a1e3d73d59a6c5120","isMergeCommit":false,"messageTitle":"Update Person.java","messageBody":"","fileTypesAndContributionMap":{"functional-code":{"insertions":1,"deletions":1}}}]},{"date":"2024-03-25","commitResults":[{"hash":"95aa36095a11571086e2832fab41999572f98a73","isMergeCommit":false,"messageTitle":"Update uml for DeleteTask and ShowProject","messageBody":"","fileTypesAndContributionMap":{"docs":{"insertions":148,"deletions":0}}}]},{"date":"2024-03-28","commitResults":[{"hash":"8c0e62a6e061ab35c2a828a081befc307986316a","isMergeCommit":true,"messageTitle":"Merge branch \u0027AY2324S2-CS2103T-W08-4:master\u0027 into DeleteTaskShowProjectuml","messageBody":"","fileTypesAndContributionMap":{}},{"hash":"de24b26c755f937fca8a1360ea73772d9f480035","isMergeCommit":true,"messageTitle":"Merge branch \u0027AY2324S2-CS2103T-W08-4:master\u0027 into DeleteTaskShowProjectuml","messageBody":"","fileTypesAndContributionMap":{}},{"hash":"7806bd22759053b38a84052b1ef4e52c655a05f0","isMergeCommit":true,"messageTitle":"Merge pull request #2 from ThitipatC/DeleteTaskShowProjectuml","messageBody":"Delete task show projectuml","fileTypesAndContributionMap":{}},{"hash":"0c8a52b422a0d0b85646290d65439944b6275db4","isMergeCommit":false,"messageTitle":"Update uml for DeleteTask and ShowProject","messageBody":"","fileTypesAndContributionMap":{"docs":{"insertions":18,"deletions":2}}},{"hash":"9a27ab6de9472fc80fafa0b9e8de5579a8100d0a","isMergeCommit":false,"messageTitle":"Update dg for delete task and delete excess print in Person","messageBody":"","fileTypesAndContributionMap":{"functional-code":{"insertions":0,"deletions":1},"docs":{"insertions":2,"deletions":2}}},{"hash":"34a5fe7f0536fa618e68968a31b3844b482df585","isMergeCommit":false,"messageTitle":"create EditProjectName","messageBody":"","fileTypesAndContributionMap":{"functional-code":{"insertions":147,"deletions":1}}}]},{"date":"2024-03-29","commitResults":[{"hash":"1f9f1ece30f3a79dd4a3fd014d1455c92757e683","isMergeCommit":false,"messageTitle":"create EditProjectName","messageBody":"","fileTypesAndContributionMap":{"functional-code":{"insertions":2,"deletions":2}}},{"hash":"7b8e8899f6b03d1c080dcbd58a67f62b950f9a05","isMergeCommit":false,"messageTitle":"create RenameCommand","messageBody":"","fileTypesAndContributionMap":{"functional-code":{"insertions":173,"deletions":50}}}]},{"date":"2024-04-03","commitResults":[{"hash":"21a7a232e230ce8cb8c9afb8160ae97f30cfbfd1","isMergeCommit":true,"messageTitle":"Merge pull request #95 from Lin-Shuang-Shuang/branch-SingleCategory","messageBody":"Add project category feature ","fileTypesAndContributionMap":{}}]},{"date":"2024-04-04","commitResults":[{"hash":"3885044c4778b7f5b651ef653acbcf4f51cfaac5","isMergeCommit":false,"messageTitle":"add FilterCategoryCommand","messageBody":"","fileTypesAndContributionMap":{"functional-code":{"insertions":131,"deletions":0}}},{"hash":"e45c27227bd65a738c66abef40740ea9428f42f3","isMergeCommit":true,"messageTitle":"Merge branch \u0027Master\u0027 into FilterCategoryCommand","messageBody":"","fileTypesAndContributionMap":{}},{"hash":"f5719ada9bda404f91f39c51bf68bda6e458bc54","isMergeCommit":false,"messageTitle":"add FilterCategoryCommand","messageBody":"","fileTypesAndContributionMap":{"functional-code":{"insertions":4,"deletions":3}}}]},{"date":"2024-04-13","commitResults":[{"hash":"16acea27933c6327f4b0170ecfee1db2714a5899","isMergeCommit":false,"messageTitle":"edit CommentListCard to support vertical scroll","messageBody":"","fileTypesAndContributionMap":{"functional-code":{"insertions":26,"deletions":8}}}]},{"date":"2024-04-14","commitResults":[{"hash":"94286bf728e5f9d9d44972550a6651a8374ed58d","isMergeCommit":false,"messageTitle":"edit CommentListCard to support vertical scroll","messageBody":"","fileTypesAndContributionMap":{"functional-code":{"insertions":35,"deletions":33}}},{"hash":"3be4184a4481e8444a82ef05181751c1aa2148c1","isMergeCommit":true,"messageTitle":"Merge branch \u0027Master\u0027 into FixTeamBox","messageBody":"","fileTypesAndContributionMap":{}},{"hash":"f344ffd89946969006ed2d73a39235926a0bd688","isMergeCommit":false,"messageTitle":"edit CommentListCard to support vertical scroll","messageBody":"","fileTypesAndContributionMap":{"functional-code":{"insertions":1,"deletions":1}}}]}],"Lin-Shuang-Shuang":[{"date":"2024-02-28","commitResults":[{"hash":"e59ff31686b8cb2e71eabf0f8edc60c384ab8514","isMergeCommit":false,"messageTitle":"Update AboutUs.md","messageBody":"","fileTypesAndContributionMap":{"docs":{"insertions":2,"deletions":2}}},{"hash":"1f480b0db1f3d73823484eb2377d09ef1b5c4a60","isMergeCommit":false,"messageTitle":"Update UserGuide","messageBody":"","fileTypesAndContributionMap":{"docs":{"insertions":20,"deletions":19}}},{"hash":"69e5d072c8f912580e73f1ae0d1ba40ef5403441","isMergeCommit":false,"messageTitle":"Update DeveloperGuide NFRs","messageBody":"","fileTypesAndContributionMap":{"docs":{"insertions":8,"deletions":5}}},{"hash":"4834d85179569a7700124185b3091c949390b625","isMergeCommit":false,"messageTitle":"Correct mistakes in command format","messageBody":"","fileTypesAndContributionMap":{"docs":{"insertions":9,"deletions":9}}}]},{"date":"2024-02-29","commitResults":[{"hash":"761dd614a13f2342842dbd68d56d1be4544b5d89","isMergeCommit":false,"messageTitle":"Update AddCommand to AddProjectCommand","messageBody":"","fileTypesAndContributionMap":{"functional-code":{"insertions":149,"deletions":270},"other":{"insertions":25,"deletions":25},"test-code":{"insertions":7,"deletions":7}}}]},{"date":"2024-03-05","commitResults":[{"hash":"d574a2a8c181ad48554d2c8d6e75dbd5cb2325cb","isMergeCommit":false,"messageTitle":"Edit to pass checkstyle","messageBody":"","fileTypesAndContributionMap":{"functional-code":{"insertions":2,"deletions":45},"test-code":{"insertions":4,"deletions":114}}}]},{"date":"2024-03-06","commitResults":[{"hash":"e87b492aa54d26f4c6fe028e5ed749f4fbc7109f","isMergeCommit":false,"messageTitle":"Fix tests and checkstyle","messageBody":"","fileTypesAndContributionMap":{"functional-code":{"insertions":11,"deletions":1},"test-code":{"insertions":34,"deletions":205}}}]},{"date":"2024-03-07","commitResults":[{"hash":"cdccd70b6b1030c0ff641fb1bc98376bd0fba87c","isMergeCommit":true,"messageTitle":"Merge pull request #1 from Lin-Shuang-Shuang/master","messageBody":"Update pull request","fileTypesAndContributionMap":{}},{"hash":"65477ef2c7fa6f0bea74ee64bf0357ac43b10e56","isMergeCommit":true,"messageTitle":"Merge pull request #2 from Lin-Shuang-Shuang/master","messageBody":"Update pull request","fileTypesAndContributionMap":{}},{"hash":"d4cd817724e6cb3a08b7d0d4db71ff79fa15784e","isMergeCommit":true,"messageTitle":"Merge pull request #3 from Lin-Shuang-Shuang/master","messageBody":"Update Pull Request","fileTypesAndContributionMap":{}}]},{"date":"2024-03-09","commitResults":[{"hash":"33a24752f2057091f6b3d961c83fa7d2c6dcecd8","isMergeCommit":true,"messageTitle":"Merge pull request #4 from Lin-Shuang-Shuang/master","messageBody":"Create PR","fileTypesAndContributionMap":{}}]},{"date":"2024-03-13","commitResults":[{"hash":"5cecfc62a0b7d52ff7b6adbb2d629dbd5b2dd032","isMergeCommit":true,"messageTitle":"Merge pull request #5 from Lin-Shuang-Shuang/master","messageBody":"Update PR","fileTypesAndContributionMap":{}}]},{"date":"2024-03-21","commitResults":[{"hash":"7392da6f85a5cbdf9d75197b99da3ce3c83dbbfa","isMergeCommit":false,"messageTitle":"Add tests for new commands","messageBody":"","fileTypesAndContributionMap":{"functional-code":{"insertions":4,"deletions":2},"test-code":{"insertions":267,"deletions":0}}},{"hash":"75983ac539a5dd45a8e3c7bf2ef7f6566f3d5cc3","isMergeCommit":false,"messageTitle":"Correct checktyle errors","messageBody":"","fileTypesAndContributionMap":{"test-code":{"insertions":4,"deletions":47}}},{"hash":"e41d9ea73e60aefd8d4d363dd05ae7e8b71ce7a4","isMergeCommit":false,"messageTitle":"Update Delete Sequence Diagram","messageBody":"","fileTypesAndContributionMap":{"docs":{"insertions":29,"deletions":29}}},{"hash":"0193966a3db43931cc17096c45dfe254c9f714fb","isMergeCommit":true,"messageTitle":"Merge pull request #6 from Lin-Shuang-Shuang/master","messageBody":"update pr","fileTypesAndContributionMap":{}}]},{"date":"2024-03-22","commitResults":[{"hash":"0885c0570d57c001ca5c5f31315f5bce77208732","isMergeCommit":true,"messageTitle":"Merge pull request #7 from Lin-Shuang-Shuang/master","messageBody":"update pr","fileTypesAndContributionMap":{}},{"hash":"5019e2f9a229b9b326979401f1f98fdf0106b81f","isMergeCommit":true,"messageTitle":"Merge pull request #60 from Lin-Shuang-Shuang/branch-UML","messageBody":"Update Delete Sequence Diagram","fileTypesAndContributionMap":{}},{"hash":"49175c611d4fb2118751431ca9a89c4fe1dd16fd","isMergeCommit":false,"messageTitle":"Update UG for v1.2","messageBody":"","fileTypesAndContributionMap":{"docs":{"insertions":38,"deletions":35}}},{"hash":"0b6f0486b69d0e5143e91d75298285b3d92752e1","isMergeCommit":false,"messageTitle":"Remove list feature","messageBody":"","fileTypesAndContributionMap":{"docs":{"insertions":1,"deletions":9}}},{"hash":"1dd3659c77b1ec871cceacdd8fbbd964a36435c0","isMergeCommit":true,"messageTitle":"Merge pull request #62 from Lin-Shuang-Shuang/branch-UpdateUG2","messageBody":"Update UG for v1.2","fileTypesAndContributionMap":{}},{"hash":"e6cf4e68651b9ca53c43c9a65ba3d811a4a56bd5","isMergeCommit":true,"messageTitle":"Merge pull request #63 from ananya21/add-exceptions","messageBody":"Added correct exceptions","tags":["v1.2"],"fileTypesAndContributionMap":{}}]},{"date":"2024-03-24","commitResults":[{"hash":"4497c1125e1295a49636cbb16ef842caded18188","isMergeCommit":false,"messageTitle":"Add new features","messageBody":"","fileTypesAndContributionMap":{"functional-code":{"insertions":6,"deletions":6},"other":{"insertions":33,"deletions":32},"test-code":{"insertions":0,"deletions":6}}},{"hash":"f58c0cee7db5a9aeee16a787568f46b6e788871d","isMergeCommit":false,"messageTitle":"Add more tests","messageBody":"","fileTypesAndContributionMap":{"functional-code":{"insertions":29,"deletions":35},"docs":{"insertions":17,"deletions":17},"test-code":{"insertions":316,"deletions":2}}}]},{"date":"2024-03-25","commitResults":[{"hash":"02106153f603ff75d7a6ed982eb9616eec6b3511","isMergeCommit":false,"messageTitle":"Fix code to pass test","messageBody":"","fileTypesAndContributionMap":{"functional-code":{"insertions":34,"deletions":0}}},{"hash":"3e4a9a782ac7f177e76726395410afccca966a2f","isMergeCommit":false,"messageTitle":"Add tests","messageBody":"","fileTypesAndContributionMap":{"test-code":{"insertions":56,"deletions":0}}},{"hash":"c65455e1ca81ff99ea60d13b8498bc88622a72b7","isMergeCommit":true,"messageTitle":"Merge pull request #68 from Lin-Shuang-Shuang/branch-moretests","messageBody":"Add more tests","fileTypesAndContributionMap":{}},{"hash":"5882473559fc3842076421dad9b1001b9584df3c","isMergeCommit":true,"messageTitle":"Merge pull request #8 from Lin-Shuang-Shuang/master","messageBody":"update pr","fileTypesAndContributionMap":{}}]},{"date":"2024-03-27","commitResults":[{"hash":"c5852a18ffbb2f6428a2546a8e1937270895a2d4","isMergeCommit":false,"messageTitle":"Update DG","messageBody":"","fileTypesAndContributionMap":{"other":{"insertions":4,"deletions":0},"docs":{"insertions":106,"deletions":0}}},{"hash":"3cda4c8adcd7a567ea05ac4586e68a813d8d1643","isMergeCommit":false,"messageTitle":"Add project deadline feature","messageBody":"","fileTypesAndContributionMap":{"functional-code":{"insertions":209,"deletions":63},"other":{"insertions":25,"deletions":23},"test-code":{"insertions":48,"deletions":0}}},{"hash":"4301216b52a050aae4d1a2717fde08b0b538b7f0","isMergeCommit":false,"messageTitle":"Update command word","messageBody":"","fileTypesAndContributionMap":{"functional-code":{"insertions":12,"deletions":12},"other":{"insertions":24,"deletions":25},"test-code":{"insertions":10,"deletions":10}}}]},{"date":"2024-03-28","commitResults":[{"hash":"3ff68ea4136a709204e7fcdfb3df2fa3e15ee55a","isMergeCommit":true,"messageTitle":"Merge pull request #75 from Lin-Shuang-Shuang/branch-UpdateDG","messageBody":"Update DG with implementation of add project","fileTypesAndContributionMap":{}},{"hash":"e902ae49abbcd07607de8cbb670ac1e48f98d6a9","isMergeCommit":true,"messageTitle":"Merge pull request #9 from Lin-Shuang-Shuang/master","messageBody":"update pr","fileTypesAndContributionMap":{}},{"hash":"baa2a16b011b000d1dbeba8245745cacf7ee0a90","isMergeCommit":true,"messageTitle":"Merge pull request #10 from Lin-Shuang-Shuang/master","messageBody":"update pr","fileTypesAndContributionMap":{}}]},{"date":"2024-03-31","commitResults":[{"hash":"46046a1994929a778bb880c5a2482b99d5f9a4e2","isMergeCommit":true,"messageTitle":"Resolve merge conflict","messageBody":"","fileTypesAndContributionMap":{}},{"hash":"120c54ceb429039272340ac49129eb8eacc4de2b","isMergeCommit":true,"messageTitle":"Merge branch \u0027branch-AddDeadlineProject\u0027 of https://github.com/Lin-Shuang-Shuang/tp into branch-AddDeadlineProject","messageBody":"","fileTypesAndContributionMap":{}},{"hash":"e4224b60976df180d8439052eb11237890731e01","isMergeCommit":true,"messageTitle":"Merge pull request #76 from Lin-Shuang-Shuang/branch-AddDeadlineProject","messageBody":"Add project deadline feature","tags":["v1.3trial"],"fileTypesAndContributionMap":{}}]},{"date":"2024-04-03","commitResults":[{"hash":"9a52ac6747699f7d6b06d905460ba01fb7eb54e1","isMergeCommit":false,"messageTitle":"Add project category feature","messageBody":"","fileTypesAndContributionMap":{"functional-code":{"insertions":150,"deletions":2}}}]},{"date":"2024-04-04","commitResults":[{"hash":"af43d629b19a797d1143b8c9f633b791174b33b2","isMergeCommit":true,"messageTitle":"Merge pull request #100 from modembcc/branch-update-version","messageBody":"Update MainApp.java","tags":["v1.3"],"fileTypesAndContributionMap":{}}]},{"date":"2024-04-05","commitResults":[{"hash":"6e96c68270b82f4fde6b6478a3cb889ed6a23f6b","isMergeCommit":true,"messageTitle":"Merge pull request #101 from modembcc/branch-ui-picture","messageBody":"Update UG UI","fileTypesAndContributionMap":{}}]},{"date":"2024-04-08","commitResults":[{"hash":"867536797c3b60dd3bd22d42abcd76a6282f4364","isMergeCommit":false,"messageTitle":"Add tests","messageBody":"","fileTypesAndContributionMap":{"functional-code":{"insertions":112,"deletions":16},"test-code":{"insertions":912,"deletions":0}}},{"hash":"7ca5b993e1cb1ecc657613bb0258e0b484d2c0ae","isMergeCommit":true,"messageTitle":"Merge pull request #148 from Lin-Shuang-Shuang/branch-test","messageBody":"Add tests","fileTypesAndContributionMap":{}}]},{"date":"2024-04-11","commitResults":[{"hash":"9459689fe27277f835e004a0954433a4488a046c","isMergeCommit":false,"messageTitle":"Fix storage for team and project status","messageBody":"","fileTypesAndContributionMap":{"functional-code":{"insertions":88,"deletions":10}}},{"hash":"798fadbb7d0f00586af8c02e10d06895d56fad5b","isMergeCommit":false,"messageTitle":"Fix storage for task and task status","messageBody":"","fileTypesAndContributionMap":{"functional-code":{"insertions":76,"deletions":5}}},{"hash":"031475685bf4cfc30a93ad3c78420f4e2b24ab8a","isMergeCommit":false,"messageTitle":"Fix all storage issues","messageBody":"","fileTypesAndContributionMap":{"functional-code":{"insertions":231,"deletions":9}}},{"hash":"633e26020add4350df50090a144fece1a6ee2104","isMergeCommit":false,"messageTitle":"Fix checkstyle error","messageBody":"","fileTypesAndContributionMap":{"functional-code":{"insertions":16,"deletions":7}}}]},{"date":"2024-04-12","commitResults":[{"hash":"6697d4c9a221d2155491e4b3b6a4473541ea21a2","isMergeCommit":false,"messageTitle":"Fix SetStatusCommandParser","messageBody":"","fileTypesAndContributionMap":{"functional-code":{"insertions":10,"deletions":10}}},{"hash":"ddef799ce76a3ae166b6940cad5c9a1a28664a6f","isMergeCommit":false,"messageTitle":"Fix project renaming data loss issue","messageBody":"","fileTypesAndContributionMap":{"functional-code":{"insertions":15,"deletions":0}}},{"hash":"43f6ffabe2aaefc2e6bb25ef20369263eed3d901","isMergeCommit":false,"messageTitle":"Fix test error","messageBody":"","fileTypesAndContributionMap":{"test-code":{"insertions":2,"deletions":2}}}]},{"date":"2024-04-13","commitResults":[{"hash":"9a0449915132849e22bb4418ae2485aa789b834d","isMergeCommit":true,"messageTitle":"Merge pull request #153 from modembcc/branch-fix-ug-bugs","messageBody":"Fix ug bugs","fileTypesAndContributionMap":{}},{"hash":"c91f5fe523edfc7cf512439c9044dbfae899c4be","isMergeCommit":false,"messageTitle":"Fix error message","messageBody":"","fileTypesAndContributionMap":{"functional-code":{"insertions":23,"deletions":7},"docs":{"insertions":6,"deletions":4}}},{"hash":"509bea5f17518a19e07a23ff2bada701e21fcbb7","isMergeCommit":false,"messageTitle":"Fix checkstyle error","messageBody":"","fileTypesAndContributionMap":{"functional-code":{"insertions":5,"deletions":4},"test-code":{"insertions":2,"deletions":2}}},{"hash":"336a6c0cf688c6bae1be6a1cb90c7a64db98814d","isMergeCommit":true,"messageTitle":"Merge pull request #12 from Lin-Shuang-Shuang/master","messageBody":"update pr","fileTypesAndContributionMap":{}},{"hash":"d8415fbbffee6742928659889c7a4ca6f99a4aab","isMergeCommit":true,"messageTitle":"Merge pull request #152 from Lin-Shuang-Shuang/branch-FixProjectRename","messageBody":"Fix project renaming data loss issue","fileTypesAndContributionMap":{}},{"hash":"a96296d8b477d875196b7e9e0c3e0cf2e95e5444","isMergeCommit":true,"messageTitle":"Merge pull request #156 from modembcc/branch-ui-updates","messageBody":"Branch UI updates","fileTypesAndContributionMap":{}},{"hash":"9fae0656a7907b2e8c94469b75604ed4ea40a6cf","isMergeCommit":true,"messageTitle":"Fix merge conflicts","messageBody":"","fileTypesAndContributionMap":{}},{"hash":"3c02b12664f6cb69436c7df05dad4eeb2f0a3010","isMergeCommit":true,"messageTitle":"Merge branch \u0027master\u0027 of https://github.com/Lin-Shuang-Shuang/tp","messageBody":"","fileTypesAndContributionMap":{}},{"hash":"b015b95877fcb58370cafbe66a34e5362e1515b1","isMergeCommit":true,"messageTitle":"Fix merge conflicts","messageBody":"","fileTypesAndContributionMap":{}},{"hash":"9d92da2815ff150b84aa8093c7b78a4a67871af6","isMergeCommit":true,"messageTitle":"Merge pull request #14 from Lin-Shuang-Shuang/master","messageBody":"update pr","fileTypesAndContributionMap":{}},{"hash":"4a374adca38a7a88f02abbd7fb061102987cdaff","isMergeCommit":true,"messageTitle":"Merge pull request #151 from Lin-Shuang-Shuang/branch-FixStorage","messageBody":"Fix all storage issues","fileTypesAndContributionMap":{}},{"hash":"192ccd9d96f1e96d67f748d589cf36746c223716","isMergeCommit":true,"messageTitle":"Merge branch \u0027master\u0027 into branch-FixErrorMessages","messageBody":"","fileTypesAndContributionMap":{}},{"hash":"af3b6e92d615a6ab0dbad46b61dff9842a0b9280","isMergeCommit":false,"messageTitle":"Fix checkstyle","messageBody":"","fileTypesAndContributionMap":{"functional-code":{"insertions":15,"deletions":0}}},{"hash":"90faa39031a5d9d6eccba4827cc6ab9fa6c0d0b0","isMergeCommit":true,"messageTitle":"Fix checkstyle error","messageBody":"","fileTypesAndContributionMap":{}},{"hash":"ae9d04f5edf87dc00521209eff4ae514d2dee0e4","isMergeCommit":true,"messageTitle":"Merge pull request #155 from Lin-Shuang-Shuang/branch-FixErrorMessages","messageBody":"Branch fix error messages","fileTypesAndContributionMap":{}},{"hash":"dc5b8a2be6381b923f981af4fa70dba9d6e9bb7f","isMergeCommit":false,"messageTitle":"Fix renaming error","messageBody":"","fileTypesAndContributionMap":{"functional-code":{"insertions":3,"deletions":1}}},{"hash":"15be674ae4362f848d775f2138d7af64c37759f0","isMergeCommit":true,"messageTitle":"Merge pull request #158 from Lin-Shuang-Shuang/branch-fix","messageBody":"Fix renaming error","fileTypesAndContributionMap":{}}]},{"date":"2024-04-14","commitResults":[{"hash":"7a74e05cb73b8a500ba94d4ba1346839a05b320d","isMergeCommit":false,"messageTitle":"Improve code quality","messageBody":"","fileTypesAndContributionMap":{"functional-code":{"insertions":225,"deletions":191},"test-code":{"insertions":3,"deletions":3}}},{"hash":"ce2f738d80f195034e74d0f257e54b490e618e6a","isMergeCommit":false,"messageTitle":"Fix checkstyle","messageBody":"","fileTypesAndContributionMap":{"functional-code":{"insertions":6,"deletions":4}}},{"hash":"b8275e22b87c0e9e84d71181cd64097daba7b1a9","isMergeCommit":true,"messageTitle":"Merge pull request #15 from Lin-Shuang-Shuang/master","messageBody":"update pr","fileTypesAndContributionMap":{}},{"hash":"01652122f70ac3bac91a049a8d5f3cbd998cef00","isMergeCommit":true,"messageTitle":"Merge pull request #162 from Lin-Shuang-Shuang/branch-CodeQuality","messageBody":"Improve code quality","fileTypesAndContributionMap":{}},{"hash":"c83365111016d298bcdc826e21d00beda7cf383f","isMergeCommit":false,"messageTitle":"Fix Ui and error messages","messageBody":"","fileTypesAndContributionMap":{"functional-code":{"insertions":22,"deletions":5},"test-code":{"insertions":1,"deletions":1}}},{"hash":"f5f3ddc83a41356d3c4fe0ac34979c53cb94e526","isMergeCommit":false,"messageTitle":"Fix error message","messageBody":"","fileTypesAndContributionMap":{"functional-code":{"insertions":2,"deletions":4}}},{"hash":"6d05b75b3a12b41d19315cf4e281e54150d82ba0","isMergeCommit":false,"messageTitle":"Update DG","messageBody":"","fileTypesAndContributionMap":{"docs":{"insertions":105,"deletions":4}}}]},{"date":"2024-04-15","commitResults":[{"hash":"f7379b9b168a00ca07f8933aa596c9c240fc2f13","isMergeCommit":false,"messageTitle":"Fix bug","messageBody":"","fileTypesAndContributionMap":{"functional-code":{"insertions":0,"deletions":5}}},{"hash":"ca41e61e3e7cc1f2496382d14e9495059ea28319","isMergeCommit":true,"messageTitle":"Merge pull request #163 from Lin-Shuang-Shuang/branch-LastBugFix","messageBody":"Fix Ui and error messages","fileTypesAndContributionMap":{}},{"hash":"abb3eac5b7ddecfb7aa69defdc16a3083884e21d","isMergeCommit":false,"messageTitle":"Add features to DG","messageBody":"","fileTypesAndContributionMap":{"docs":{"insertions":27,"deletions":8}}},{"hash":"92877575695e072f68c6ec7c942d28777c2e6d0c","isMergeCommit":false,"messageTitle":"Add error message for edit project name","messageBody":"","fileTypesAndContributionMap":{"functional-code":{"insertions":10,"deletions":3}}},{"hash":"d7dd93335b92bb8f6c2b55fdb440fb4f4f3e0678","isMergeCommit":true,"messageTitle":"Merge pull request #16 from Lin-Shuang-Shuang/master","messageBody":"update pr","fileTypesAndContributionMap":{}},{"hash":"68574c72b1f71e28f01ada4960d5ccf99969b01c","isMergeCommit":false,"messageTitle":"Update DG","messageBody":"","fileTypesAndContributionMap":{"docs":{"insertions":635,"deletions":235}}},{"hash":"f86455d1a90d2f3e7c58024f6c0d10b71bdba2a3","isMergeCommit":false,"messageTitle":"Delete trailing whitespace in DG","messageBody":"","fileTypesAndContributionMap":{"docs":{"insertions":10,"deletions":10}}},{"hash":"83e94e3244b3db40b14925e88d70209f74cd3f27","isMergeCommit":false,"messageTitle":"Fix checkstyle","messageBody":"","fileTypesAndContributionMap":{"docs":{"insertions":2,"deletions":2}}},{"hash":"c03d1946d89ed7e552d8a2657bd73b06a9035862","isMergeCommit":false,"messageTitle":"Fix syntax error","messageBody":"","fileTypesAndContributionMap":{"docs":{"insertions":42,"deletions":27}}},{"hash":"80638e43f6d211aac1b1de7d9d316edd9fe19eb0","isMergeCommit":false,"messageTitle":"Fix syntax errors","messageBody":"","fileTypesAndContributionMap":{"docs":{"insertions":11,"deletions":36}}},{"hash":"399db2785136106708cf28a6d63aa1c1a1b14647","isMergeCommit":false,"messageTitle":"Update manual testing","messageBody":"","fileTypesAndContributionMap":{"docs":{"insertions":14,"deletions":7}}},{"hash":"ef7cdf2904293d89f9c61c1b0b16885e1bbe8bc8","isMergeCommit":false,"messageTitle":"Update acknowledgements","messageBody":"","fileTypesAndContributionMap":{"docs":{"insertions":0,"deletions":1}}},{"hash":"e085db6eea19cfb3c767805f2ccc538daa65a4e0","isMergeCommit":false,"messageTitle":"Update user stories","messageBody":"","fileTypesAndContributionMap":{"docs":{"insertions":55,"deletions":33}}},{"hash":"162cb7f957e0afb183b1f306155fb878498c87c1","isMergeCommit":false,"messageTitle":"Update manual testing","messageBody":"","fileTypesAndContributionMap":{"docs":{"insertions":5,"deletions":5}}},{"hash":"0c373b80dd92dcb4c45105c4f32c3a647deda704","isMergeCommit":true,"messageTitle":"Merge pull request #17 from Lin-Shuang-Shuang/master","messageBody":"update pr","fileTypesAndContributionMap":{}},{"hash":"591e1ba1c7ea74390c41b6a5b9804aaee63d4931","isMergeCommit":true,"messageTitle":"Merge pull request #165 from Lin-Shuang-Shuang/branch-DGfeature","messageBody":"Update DG","fileTypesAndContributionMap":{}}]}],"ananya21":[{"date":"2024-02-28","commitResults":[{"hash":"7f78afc8e4a1f8f89b3290a000228c11a4b0c900","isMergeCommit":false,"messageTitle":"AboutUs Created","messageBody":"","fileTypesAndContributionMap":{"docs":{"insertions":3,"deletions":3}}},{"hash":"d91089e047b387edc7a60e891f88424e4292ac80","isMergeCommit":false,"messageTitle":"AboutUs Created","messageBody":"","fileTypesAndContributionMap":{"docs":{"insertions":3,"deletions":3}}},{"hash":"3e869856eddd0d34ea0b5cf58cf0fe6fe3f0fd6f","isMergeCommit":true,"messageTitle":"Merge branch \u0027master\u0027 of https://github.com/ananya21/tp","messageBody":"","fileTypesAndContributionMap":{}},{"hash":"12d17e2d920512ed05ea27b1eae1af361ae7e1a9","isMergeCommit":true,"messageTitle":"Merge branch \u0027master\u0027 into AboutUs","messageBody":"","fileTypesAndContributionMap":{}}]},{"date":"2024-03-12","commitResults":[{"hash":"100530fcb126c6980ca1fc2a784069d72ff5dacd","isMergeCommit":false,"messageTitle":"Update user guide for task and project status settings","messageBody":"","fileTypesAndContributionMap":{"docs":{"insertions":34,"deletions":0}}}]},{"date":"2024-03-13","commitResults":[{"hash":"9b06718cdc18a0aa644a25d5d98607f4c5207d71","isMergeCommit":false,"messageTitle":"Update developer guide to include the target user profile, value proposition and the user stories","messageBody":"","fileTypesAndContributionMap":{"docs":{"insertions":57,"deletions":11}}},{"hash":"302615fc0cb59b3651b66ac527d688385582506c","isMergeCommit":false,"messageTitle":"Fixed User Guide","messageBody":"","fileTypesAndContributionMap":{"docs":{"insertions":4,"deletions":3}}}]},{"date":"2024-03-15","commitResults":[{"hash":"88479f4a4d79e85d6ac7a3f197fac8147d1a9359","isMergeCommit":false,"messageTitle":"Implemented Add Task command","messageBody":"","fileTypesAndContributionMap":{"functional-code":{"insertions":163,"deletions":20},"test-code":{"insertions":208,"deletions":0}}}]},{"date":"2024-03-17","commitResults":[{"hash":"3850bb2bbe28157aab44aa38f7352ee125f28c6e","isMergeCommit":false,"messageTitle":"Added Project and Tasks","messageBody":"","fileTypesAndContributionMap":{"functional-code":{"insertions":150,"deletions":4}}}]},{"date":"2024-03-18","commitResults":[{"hash":"2516fc2273abd78c804ff8d28ed6405000617529","isMergeCommit":false,"messageTitle":"Added AddTask","messageBody":"","fileTypesAndContributionMap":{"functional-code":{"insertions":83,"deletions":27},"other":{"insertions":5,"deletions":1},"test-code":{"insertions":22,"deletions":7}}},{"hash":"dec91ea4bed8a25206d45a2dab20f6b2a5caf29a","isMergeCommit":false,"messageTitle":"AddTask","messageBody":"","fileTypesAndContributionMap":{"functional-code":{"insertions":1,"deletions":1},"test-code":{"insertions":6,"deletions":24}}},{"hash":"edbaa79fd0a166d97dffc033007349894154b513","isMergeCommit":false,"messageTitle":"Fixed checkstyle violations","messageBody":"","fileTypesAndContributionMap":{"functional-code":{"insertions":1,"deletions":1},"test-code":{"insertions":8,"deletions":10}}}]},{"date":"2024-03-20","commitResults":[{"hash":"bac660dd802d969cecf329c157efa8b279128105","isMergeCommit":false,"messageTitle":"Refactored the code, still some pre-existing issues with UI and Null-Pointer Exceptions","messageBody":"","fileTypesAndContributionMap":{"functional-code":{"insertions":631,"deletions":348},"other":{"insertions":137,"deletions":143},"test-code":{"insertions":404,"deletions":393}}},{"hash":"f12161b6742398ecb1cea0a5dbde73d0565f242a","isMergeCommit":true,"messageTitle":"Merge pull request #1 from modembcc/branch-fix-bug-refactor","messageBody":"Fix bug refactor","fileTypesAndContributionMap":{}}]},{"date":"2024-03-21","commitResults":[{"hash":"6a85e9d54a74dc36b1cfa83eafba680ce4ff945e","isMergeCommit":false,"messageTitle":"Finished assign-person","messageBody":"","fileTypesAndContributionMap":{"functional-code":{"insertions":184,"deletions":5}}},{"hash":"78f6d74f341eddd0c388b9887efdbf1e0b510002","isMergeCommit":false,"messageTitle":"Resolved merge conflicts with master","messageBody":"","fileTypesAndContributionMap":{"functional-code":{"insertions":2,"deletions":6}}},{"hash":"e656ef2c5fe37abf43e4ecf2c97ac71b6ea55ad9","isMergeCommit":false,"messageTitle":"Finished setting the status","messageBody":"","fileTypesAndContributionMap":{"functional-code":{"insertions":127,"deletions":0}}},{"hash":"0c9fffe90b0d040180c40d5d67c9012904a22ae9","isMergeCommit":false,"messageTitle":"adjust AddTaskCommand to master","messageBody":"","fileTypesAndContributionMap":{"functional-code":{"insertions":2,"deletions":6}}},{"hash":"bccd01e635a26c5bc97ba5295584c3a10abd69fb","isMergeCommit":false,"messageTitle":"Fixed merge conflicts","messageBody":"","fileTypesAndContributionMap":{"functional-code":{"insertions":140,"deletions":1},"test-code":{"insertions":63,"deletions":49}}},{"hash":"fe3aa673b6ab4b4c093f097e055410140c41d0e5","isMergeCommit":false,"messageTitle":"Fixing merge conflicts","messageBody":"","fileTypesAndContributionMap":{"functional-code":{"insertions":2,"deletions":16},"test-code":{"insertions":0,"deletions":1}}},{"hash":"744fadd13a8c2176bbf37a37a71a12b89c085ba2","isMergeCommit":false,"messageTitle":"Fixed Merge Conflicts","messageBody":"","fileTypesAndContributionMap":{"functional-code":{"insertions":10,"deletions":6},"other":{"insertions":0,"deletions":4}}},{"hash":"654c81a12a7dc5f61ecfbc4bfc257053b22c6cb6","isMergeCommit":false,"messageTitle":"Fixed gradle checkstyle issue","messageBody":"","fileTypesAndContributionMap":{"test-code":{"insertions":10,"deletions":7}}},{"hash":"fdad1d712ca23292d952570845086f5076722368","isMergeCommit":true,"messageTitle":"Merge branch \u0027master\u0027 into deadlineCommand","messageBody":"","fileTypesAndContributionMap":{}},{"hash":"d38564e6586d4260a5bc9e3c164515cab4efc163","isMergeCommit":false,"messageTitle":"Update Person.java","messageBody":"","fileTypesAndContributionMap":{"functional-code":{"insertions":0,"deletions":10}}},{"hash":"0070dc2905e4bb4f1615615b61b52091e0f51a3c","isMergeCommit":true,"messageTitle":"Fixed merge conflicts","messageBody":"","fileTypesAndContributionMap":{}},{"hash":"6e63ab5c238ffa9bae97e712ee02b71fadb6cdd4","isMergeCommit":false,"messageTitle":"Update Person.java","messageBody":"","fileTypesAndContributionMap":{"functional-code":{"insertions":0,"deletions":1}}}]},{"date":"2024-03-22","commitResults":[{"hash":"0399204f40e5b7f0bdcc69baa2cb6b1a678799fc","isMergeCommit":true,"messageTitle":"Merge pull request #61 from modembcc/branch-New-ui","messageBody":"Add new UI","fileTypesAndContributionMap":{}},{"hash":"8549bcf381221dfefffdb883d8ec213bbd5b1c6b","isMergeCommit":false,"messageTitle":"Added correct exceptions","messageBody":"","fileTypesAndContributionMap":{"functional-code":{"insertions":208,"deletions":100},"test-code":{"insertions":3,"deletions":3}}},{"hash":"7e917912aee8c603e71b686ce3a3264b7c682891","isMergeCommit":true,"messageTitle":"Merge branch \u0027master\u0027 into add-exceptions","messageBody":"","fileTypesAndContributionMap":{}}]},{"date":"2024-03-23","commitResults":[{"hash":"100af751c1ea78f83cdc83d1c04b6c18b964effa","isMergeCommit":false,"messageTitle":"Add AssignTeamCommand and AssignTeamCommandParser","messageBody":"Add a new command, AssignTeamCommand, to create a team for assignment to pre-existing projects. This command facilitates the creation of teams within the application. Additionally, create AssignTeamCommandParser to handle parsing logic for this command.\n\nTo support the functionality of AssignTeamCommand, modify AddressBookParser to incorporate necessary changes.\n\nThis commit addresses the need for creating and parsing team-related commands, enhancing the project\u0027s functionality.\n\nResolves: issue#64\n","fileTypesAndContributionMap":{"functional-code":{"insertions":124,"deletions":0}}}]},{"date":"2024-03-25","commitResults":[{"hash":"7f89c4aa33183b27390adfee0bc44a9dfa6b6046","isMergeCommit":false,"messageTitle":"Adjusted AddressBookParser.java in java/logic/parser, Fixed Checkstyle issue of extra import blank link","messageBody":"","fileTypesAndContributionMap":{"functional-code":{"insertions":0,"deletions":1}}},{"hash":"853142f511286ec4ff0364913a4b2f047ebff400","isMergeCommit":true,"messageTitle":"Merge branch \u0027master\u0027 into assign-team","messageBody":"","fileTypesAndContributionMap":{}},{"hash":"b6cfa798793a21c8c53f4d0dc0e13abb2202000a","isMergeCommit":false,"messageTitle":"Edited AssignTeamCommandParser: deleted the extra quotation marks in .map function which removed the MESSAGE_CONSTRAINTS thrown exception","messageBody":"","fileTypesAndContributionMap":{"functional-code":{"insertions":1,"deletions":2}}},{"hash":"6c6b71336284609e8b273319e8fbe25de3c7072b","isMergeCommit":true,"messageTitle":"Trying to push changes encountering some merge issues","messageBody":"","fileTypesAndContributionMap":{}}]},{"date":"2024-03-29","commitResults":[{"hash":"289f4ef8ad300434ad9079a58ad4e6bdb296d81c","isMergeCommit":false,"messageTitle":"Edited MainWindow.fxml, ProjectListPanel.fxml: Code runs properly after being refactored, this code has to be merged with the master branch to ensure the refactored code can work. project package currently contains classes Project, ProjectList and Task, AddressBookParser is now PlannerParser and has been updated accordingly in the test, there are major bugs which should be fixed after merging to the master branch","messageBody":"","fileTypesAndContributionMap":{"functional-code":{"insertions":8,"deletions":9},"other":{"insertions":2,"deletions":2},"test-code":{"insertions":1,"deletions":2}}}]},{"date":"2024-03-31","commitResults":[{"hash":"da383dc3f9ba04168b02ca08276367dd5ed78ee0","isMergeCommit":true,"messageTitle":"Merge pull request #83 from modembcc/branch-set-project-status","messageBody":"Implement set project status command","fileTypesAndContributionMap":{}},{"hash":"59e87d6eb09ca3f649a9ad33bdee115725ea0e60","isMergeCommit":false,"messageTitle":"Update EditTaskNameCommand.java","messageBody":"","fileTypesAndContributionMap":{"functional-code":{"insertions":1,"deletions":1}}},{"hash":"943c9023283132b2b4f045cd06b5d97f882b9aa4","isMergeCommit":false,"messageTitle":"Update EditTaskNameCommand.java","messageBody":"","fileTypesAndContributionMap":{"functional-code":{"insertions":2,"deletions":1}}},{"hash":"47319951e405c24e72537041b7a893dfa171e38c","isMergeCommit":false,"messageTitle":"Update EditTaskNameCommand.java","messageBody":"","fileTypesAndContributionMap":{"functional-code":{"insertions":2,"deletions":2}}},{"hash":"428515ba41aa76782c7ae52973384f47117c5dee","isMergeCommit":false,"messageTitle":"Update EditTaskNameCommand.java","messageBody":"","fileTypesAndContributionMap":{"functional-code":{"insertions":3,"deletions":2}}},{"hash":"7e384ef4f75c72ed8f78c8624e6ff031e900adc0","isMergeCommit":false,"messageTitle":"Update EditTaskNameCommand.java","messageBody":"","fileTypesAndContributionMap":{"functional-code":{"insertions":1,"deletions":1}}},{"hash":"5d295b2c16988047fa5404d7f657b99f75d5d2f0","isMergeCommit":false,"messageTitle":"Update EditTaskNameCommand.java","messageBody":"","fileTypesAndContributionMap":{"functional-code":{"insertions":2,"deletions":2}}},{"hash":"997e394a3934b64e7ec521684c107c34530945e2","isMergeCommit":true,"messageTitle":"Merge branch \u0027master\u0027 into RenameCommand","messageBody":"","fileTypesAndContributionMap":{}},{"hash":"aca59d39d9abe19ad6e7d29a4aafd3c9611f909b","isMergeCommit":true,"messageTitle":"Merge pull request #82 from ThitipatC/RenameCommand","messageBody":"Create Rename command","fileTypesAndContributionMap":{}},{"hash":"795eaa00008821be2723dcf98ed1db7154be64e0","isMergeCommit":true,"messageTitle":"Merge branch \u0027master\u0027 into assign-team","messageBody":"Merge Assign-Team with Current Master\n","fileTypesAndContributionMap":{}},{"hash":"4611a744560727530373ef3ce1ee6267e7beceac","isMergeCommit":false,"messageTitle":"Edited AssignPersonCommand.java and AssignTeamCommand.java to be correctly updated with the current master branch, and so if the person assigned to a task isn\u0027t in the project team, an error is returned","messageBody":"","fileTypesAndContributionMap":{"functional-code":{"insertions":23,"deletions":3}}},{"hash":"0b8284f22e8aa6014bc01da5e4945e5fc46e1f11","isMergeCommit":false,"messageTitle":"Created AddPersonCommand.java and DeletePersonCommand.java classes: Address issue #73","messageBody":"","fileTypesAndContributionMap":{"functional-code":{"insertions":279,"deletions":2}}}]},{"date":"2024-04-03","commitResults":[{"hash":"f07a38e26319d78f05145e19d2b17623cddb14a7","isMergeCommit":false,"messageTitle":"Update UserGuide.md","messageBody":"","fileTypesAndContributionMap":{"docs":{"insertions":11,"deletions":4}}},{"hash":"366e364727f3e201d060f003c336fee9ee57929b","isMergeCommit":false,"messageTitle":"Tried fixing set name error: Person.java throws a NullPointerException because this.status \u003d null, this is called from the PersonCard class, therefore I set status \u003d None at the beginning","messageBody":"","fileTypesAndContributionMap":{"functional-code":{"insertions":3,"deletions":2}}},{"hash":"4be75636b0bed075a37686e395a0bbda9a0fdecc","isMergeCommit":false,"messageTitle":"Updated the UI for assign-team, ready to merge","messageBody":"","fileTypesAndContributionMap":{"functional-code":{"insertions":12,"deletions":1}}},{"hash":"79c94b741ef58502d030ce63a71cb8842e0ebb05","isMergeCommit":true,"messageTitle":"Merge branch \u0027master\u0027 into assign-team","messageBody":"","fileTypesAndContributionMap":{}},{"hash":"7619841e7fb55e457aeb39877fa7940c518deb59","isMergeCommit":false,"messageTitle":"Update Person.java","messageBody":"","fileTypesAndContributionMap":{"functional-code":{"insertions":1,"deletions":0}}},{"hash":"f5e0d1bee938ccda65a9d399a64199078fcd7951","isMergeCommit":true,"messageTitle":"Merge branch \u0027master\u0027 into removeTeamMember","messageBody":"","fileTypesAndContributionMap":{}},{"hash":"045b6131e5fdc11d75e098cd6ce5d01d173f97e0","isMergeCommit":false,"messageTitle":"TaskListPanel.fxml","messageBody":"","fileTypesAndContributionMap":{"functional-code":{"insertions":1,"deletions":1}}},{"hash":"61a0f56bbe9e279bb09b4fa6c34ba412383b8c22","isMergeCommit":false,"messageTitle":"TaskListPanel.java Added a space to ensure neatness in UI","messageBody":"","fileTypesAndContributionMap":{"functional-code":{"insertions":1,"deletions":1}}},{"hash":"206a92300ea729dfc98519bc4cdc379f28778976","isMergeCommit":true,"messageTitle":"Merge branch \u0027assign-team\u0027 of https://github.com/ananya21/tp into assign-team","messageBody":"","fileTypesAndContributionMap":{}},{"hash":"1537cac39df0f6e253ae4d46397199d853a8ae88","isMergeCommit":false,"messageTitle":"Updated the .fxml file","messageBody":"","fileTypesAndContributionMap":{"functional-code":{"insertions":7,"deletions":0}}},{"hash":"feec0a0423fb873fb2d86299607b6d48b6e4c3b3","isMergeCommit":true,"messageTitle":"Merge pull request #65 from ananya21/assign-team","messageBody":"Add AssignTeamCommand and AssignTeamCommandParser","fileTypesAndContributionMap":{}}]},{"date":"2024-04-04","commitResults":[{"hash":"00ec493b86de7c4afc88edb1c5ae99afb2af03a6","isMergeCommit":false,"messageTitle":"Created add comments, created a third section within project description in which comments can be added in the UI, Created AddCommentCommand.java, AddCommentCommandParser.java, and edited AddressBookParser.java, resolves issue#85","messageBody":"","fileTypesAndContributionMap":{"functional-code":{"insertions":308,"deletions":2}}},{"hash":"bd39e30c1c52f4ac29f96dd55cf15fdd55a4a2d1","isMergeCommit":true,"messageTitle":"Merge branch \u0027master\u0027 into add-comment","messageBody":"","fileTypesAndContributionMap":{}},{"hash":"c7c372ec1dc9e157476e2e3c7bf0edb275f1e06c","isMergeCommit":true,"messageTitle":"Merge branch \u0027master\u0027 into removeTeamMember","messageBody":"","fileTypesAndContributionMap":{}},{"hash":"0f950d966ccb425acb6ba20d614deb6f6a2a3293","isMergeCommit":false,"messageTitle":"Update Person.java","messageBody":"","fileTypesAndContributionMap":{"functional-code":{"insertions":1,"deletions":1}}},{"hash":"94745c27349dd57461d66b1b32de43ee3f1a9567","isMergeCommit":false,"messageTitle":"Update Person.java","messageBody":"","fileTypesAndContributionMap":{"functional-code":{"insertions":0,"deletions":1}}},{"hash":"a0b2d574a450671cd4c97a38b1e5144d53ffe3d6","isMergeCommit":true,"messageTitle":"Merge pull request #92 from ananya21/removeTeamMember","messageBody":"Created AddPersonCommand.java and DeletePersonCommand.java classes","fileTypesAndContributionMap":{}},{"hash":"9db9cd619f106047510b61982a630a791dcc2f15","isMergeCommit":true,"messageTitle":"Fixed merge conflicts in Person.java","messageBody":"","fileTypesAndContributionMap":{}},{"hash":"d1093555f4a499470a10d088f3884ad1f81a58a0","isMergeCommit":false,"messageTitle":"Updated the model UML diagram","messageBody":"","fileTypesAndContributionMap":{"docs":{"insertions":11,"deletions":13}}},{"hash":"65092976093a84ea7dcd88dbc96293b0231a6245","isMergeCommit":true,"messageTitle":"Merge branch \u0027master\u0027 into add-comment","messageBody":"","fileTypesAndContributionMap":{}},{"hash":"c74afdaad5c689e2ac5c0a6fd6f204f531150e5a","isMergeCommit":true,"messageTitle":"Merge pull request #96 from ananya21/add-comment","messageBody":"Created addCommentCommand.java","fileTypesAndContributionMap":{}},{"hash":"0141e779811a4b9c05e42f1897755ae3020e16b2","isMergeCommit":false,"messageTitle":"Changed /in to /to for AddCommentCommandParser.java and AddCommentCommand","messageBody":"","fileTypesAndContributionMap":{"functional-code":{"insertions":4,"deletions":4}}},{"hash":"651e4358f1d3ecea2450d344a5104aba7d369528","isMergeCommit":true,"messageTitle":"Merge branch \u0027AY2324S2-CS2103T-W08-4:master\u0027 into add-comment","messageBody":"","fileTypesAndContributionMap":{}},{"hash":"1515a4b4e0a934e6fa28af9a2b429ffab8d3c4a5","isMergeCommit":true,"messageTitle":"Merge pull request #98 from ananya21/add-comment","messageBody":"Add comment","fileTypesAndContributionMap":{}},{"hash":"de6fc5648f6d7ace1945e0da059528ba260b49e4","isMergeCommit":true,"messageTitle":"Merge branch \u0027master\u0027 into update-UML","messageBody":"","fileTypesAndContributionMap":{}},{"hash":"a42384b00bdc821745c301d34d47fda1c23da4fc","isMergeCommit":true,"messageTitle":"Merge pull request #97 from ananya21/update-UML","messageBody":"Update Model uml","fileTypesAndContributionMap":{}}]},{"date":"2024-04-09","commitResults":[{"hash":"69f8f3a61d8fbb56512cd01d7afb0a0fdf031501","isMergeCommit":true,"messageTitle":"Branch: Refactor-Code: Merged the corresponding files, Pending tasks to be done: Delete Person.java, Debug","messageBody":"","fileTypesAndContributionMap":{}},{"hash":"48839b2abd25ede587f1cc089ac2fc060e9c456b","isMergeCommit":false,"messageTitle":"Finished debugging, Main.java is running as expected and all the Commands are working","messageBody":"","fileTypesAndContributionMap":{"functional-code":{"insertions":157,"deletions":168},"other":{"insertions":1,"deletions":1},"test-code":{"insertions":85,"deletions":122}}}]},{"date":"2024-04-11","commitResults":[{"hash":"06fcbd2221ff0f0596ed1f0a5711449ac3aa0e72","isMergeCommit":false,"messageTitle":"Finished refactoring the code","messageBody":"","fileTypesAndContributionMap":{"functional-code":{"insertions":21,"deletions":114},"other":{"insertions":34,"deletions":18},"test-code":{"insertions":136,"deletions":454}}},{"hash":"e4945737fe84ad6a29580c28285526798c3dc35d","isMergeCommit":true,"messageTitle":"Merge pull request #149 from ananya21/refactor-code","messageBody":"Refactor code","fileTypesAndContributionMap":{}}]}]},"authorFileTypeContributionMap":{"modembcc":{"docs":832,"functional-code":916,"test-code":83,"other":45},"ThitipatC":{"docs":158,"functional-code":515,"test-code":0},"Lin-Shuang-Shuang":{"docs":865,"functional-code":1035,"test-code":1281,"other":2},"ananya21":{"docs":50,"functional-code":2107,"test-code":661}},"authorContributionVariance":{"modembcc":73557.69,"ThitipatC":2864.0881,"Lin-Shuang-Shuang":64159.395,"ananya21":102112.35},"authorDisplayNameMap":{"modembcc":"CS2103T-W08-4 PAWI..KORN","ThitipatC":"CS2103T-W08-4 CHAI..IPAT","Lin-Shuang-Shuang":"CS2103T-W08-4 LIN ..UANG","ananya21":"CS2103T-W08-4 SHAH..ANYA"}}
