{"authorDailyContributionsMap":{"IamZhenHong":[{"date":"2024-03-07","commitResults":[{"hash":"6c03658084af0e8f0dd45447382129947931c609","isMergeCommit":false,"messageTitle":"Update AboutUs","messageBody":"","fileTypesAndContributionMap":{"docs":{"insertions":8,"deletions":0}}},{"hash":"92f4e27d22a1d3538509fa7c939f7fdc34498503","isMergeCommit":true,"messageTitle":"Merge pull request #26 from IamZhenHong/Update-ZhenHong_AboutUs","messageBody":"Update AboutUs","fileTypesAndContributionMap":{}}]}],"ongzhili":[{"date":"2024-02-28","commitResults":[{"hash":"9385799409105c26b28c56cef388d382521797e8","isMergeCommit":false,"messageTitle":"Update AboutUs and add portfolio document","messageBody":"","fileTypesAndContributionMap":{"docs":{"insertions":25,"deletions":14}}},{"hash":"0d4d8dde6bc98ef5b9f7aa17b474ce30744715d5","isMergeCommit":true,"messageTitle":"Merge branch \u0027ongzhili-aboutus\u0027","messageBody":"","fileTypesAndContributionMap":{}},{"hash":"1cdca2a8236930177923a58a23db170bcbc34658","isMergeCommit":true,"messageTitle":"Merge branch \u0027master\u0027 of https://github.com/AY2324S2-CS2103T-W10-3/tp","messageBody":"","fileTypesAndContributionMap":{}},{"hash":"b92aa4cf1a7fa10d192874fa2ac256960bd5de86","isMergeCommit":true,"messageTitle":"Merge pull request #12 from ongzhili/master","messageBody":"Update Zhi Li\u0027s information and add porfolio document","fileTypesAndContributionMap":{}}]},{"date":"2024-03-04","commitResults":[{"hash":"02d00ce9d38c44b1adc0de95ab432b7302f15c4c","isMergeCommit":false,"messageTitle":"Update Readme and Ui mockup","messageBody":"","fileTypesAndContributionMap":{"docs":{"insertions":33,"deletions":11}}},{"hash":"7dba2bd9811194cec98ef1fd9ce0833fad676a8a","isMergeCommit":true,"messageTitle":"Merge branch \u0027ongzhili-readme\u0027","messageBody":"","fileTypesAndContributionMap":{}}]},{"date":"2024-03-06","commitResults":[{"hash":"303c97cc2458edc8079556dc5cc01c9dd4395790","isMergeCommit":true,"messageTitle":"Merge pull request #18 from wallacexuhanxiao/tutorial-adding-command","messageBody":"Trival commit to fullfil the task","fileTypesAndContributionMap":{}}]},{"date":"2024-03-07","commitResults":[{"hash":"256a9a93e5475c7d2cbb7909d48b4c99addb2aa5","isMergeCommit":false,"messageTitle":"Update ongzhili.PNG filename and corresponding references","messageBody":"","fileTypesAndContributionMap":{"docs":{"insertions":1,"deletions":1}}}]}],"wallacexuhanxiao":[{"date":"2024-02-24","commitResults":[{"hash":"c9f7c4d577bee6bc5230f9e5123d6cf4a1c9ba1c","isMergeCommit":false,"messageTitle":"Update README.md","messageBody":"","fileTypesAndContributionMap":{"docs":{"insertions":2,"deletions":0}}}]},{"date":"2024-02-28","commitResults":[{"hash":"919ecb18046289168a7eaf90c02cc309261b679e","isMergeCommit":false,"messageTitle":"Update about us for Hanxiao","messageBody":"","fileTypesAndContributionMap":{"docs":{"insertions":5,"deletions":4}}},{"hash":"4e09887f7596159395ec7d397e1df70dd84dc7ab","isMergeCommit":false,"messageTitle":"Fix minor bug","messageBody":"","fileTypesAndContributionMap":{"docs":{"insertions":1,"deletions":1}}},{"hash":"14a7036a7cfd60bd09d7909e394ceeb83a4715f6","isMergeCommit":true,"messageTitle":"Merge branch \u0027Update-Hanxiao_AboutUs\u0027","messageBody":"","fileTypesAndContributionMap":{}},{"hash":"b4a351ff43dd7d1c15719dbd263a1dff03179eae","isMergeCommit":true,"messageTitle":"Merge pull request #10 from wallacexuhanxiao/Update-Hanxiao_AboutUs","messageBody":"Update about us for Hanxiao","fileTypesAndContributionMap":{}},{"hash":"7296ae707a6d00ea992fc5fb17bb707e4fa7cfcd","isMergeCommit":true,"messageTitle":"Merge branch \u0027AY2324S2-CS2103T-W10-3:master\u0027 into master","messageBody":"","fileTypesAndContributionMap":{}},{"hash":"ed843ebaa8031e8fddb0f5b79e4dedd96ddb905c","isMergeCommit":false,"messageTitle":"Update developer guide","messageBody":"","fileTypesAndContributionMap":{"docs":{"insertions":25,"deletions":10}}},{"hash":"a62de54094445ca0bb6fd6bbb1ab57878a3c8e6f","isMergeCommit":false,"messageTitle":"Update use cases","messageBody":"","fileTypesAndContributionMap":{"docs":{"insertions":97,"deletions":9}}}]},{"date":"2024-03-04","commitResults":[{"hash":"26e9cbe6fde203eb0cadfa7e2c9bc010d337a048","isMergeCommit":false,"messageTitle":"Add extension on one of use case","messageBody":"","fileTypesAndContributionMap":{"docs":{"insertions":8,"deletions":1}}},{"hash":"210877125a8899c968f0feefa46e45ec780c1034","isMergeCommit":true,"messageTitle":"Merge pull request","messageBody":"Update user story and use case","fileTypesAndContributionMap":{}}]},{"date":"2024-03-05","commitResults":[{"hash":"d5d40cb05359c517c61ba677e2a7cbf6bfa6db0f","isMergeCommit":false,"messageTitle":"Trival commit to fullfil the task","messageBody":"","fileTypesAndContributionMap":{"docs":{"insertions":1,"deletions":1}}}]},{"date":"2024-03-06","commitResults":[{"hash":"a87b8b983aacee0240f60c9d434f0c849e3d38fe","isMergeCommit":false,"messageTitle":"Update AboutUs.md","messageBody":"","fileTypesAndContributionMap":{"docs":{"insertions":1,"deletions":1}}},{"hash":"cbfde2c3e413724d73c55a6c2a5a0d4f3e933392","isMergeCommit":true,"messageTitle":"Merge pull request #16 from ongzhili/master","messageBody":"Update README.md and Ui.png","fileTypesAndContributionMap":{}}]},{"date":"2024-03-07","commitResults":[{"hash":"f957dced0a7cb777b2322bcfadb664f8a055f0ed","isMergeCommit":false,"messageTitle":"Some minor update on about us","messageBody":"","fileTypesAndContributionMap":{"docs":{"insertions":2,"deletions":2}}},{"hash":"93ba48f6c63def592ca8bc686c7d0b435b43c726","isMergeCommit":true,"messageTitle":"Merge pull request #21 from wallacexuhanxiao/Clear-AB3","messageBody":"Clear AB3 on the website","fileTypesAndContributionMap":{}},{"hash":"33b24443ad46b16ef14f70d2e21108e2d16458e6","isMergeCommit":true,"messageTitle":"Merge pull request #27 from ongzhili/ongzhili-image-renaming","messageBody":"Update ongzhili.PNG filename and corresponding references","fileTypesAndContributionMap":{}}]}],"J-wang-CSMA":[{"date":"2024-02-28","commitResults":[{"hash":"6904df26d33ff50f462fe6761cea38f33bced0ee","isMergeCommit":false,"messageTitle":"Edit AboutUs page and add relevant documents","messageBody":"","fileTypesAndContributionMap":{"docs":{"insertions":49,"deletions":6}}},{"hash":"23c5fc971ff7b838b6ec07055f5931ea1b285465","isMergeCommit":false,"messageTitle":"Update project portfolio page","messageBody":"","fileTypesAndContributionMap":{"docs":{"insertions":4,"deletions":10}}},{"hash":"e045d19f119c818d5d636c633b1d4e17b1ea998e","isMergeCommit":true,"messageTitle":"Merge pull request #8 from J-wang-CSMA/branch-AboutUsJeremy","messageBody":"Edit AboutUs page and add relevant documents for J-Wang-CSMA","fileTypesAndContributionMap":{}}]}]},"authorFileTypeContributionMap":{"IamZhenHong":{"docs":5,"functional-code":0,"test-code":0},"ongzhili":{"docs":54,"functional-code":0,"test-code":0},"wallacexuhanxiao":{"docs":119,"functional-code":0,"test-code":0},"J-wang-CSMA":{"docs":43,"functional-code":0,"test-code":0}},"authorContributionVariance":{"IamZhenHong":4.244898,"ongzhili":210.35204,"wallacexuhanxiao":1508.883,"J-wang-CSMA":315.7807},"authorDisplayNameMap":{"IamZhenHong":"CS2103T-W10-3 SENG..HONG","ongzhili":"CS2103T-W10-3 ONG ..I LI","wallacexuhanxiao":"CS2103T-W10-3 XU H..XIAO","J-wang-CSMA":"CS2103T-W10-3 WANG..REMY"}}
