{"authorDailyContributionsMap":{"cleowenxuan":[{"date":"2024-02-25","commitResults":[{"hash":"2b75784c9f9b0ebf27dc2eabeaed8583cf3d2198","isMergeCommit":false,"messageTitle":"Update README.md","messageBody":"","fileTypesAndContributionMap":{"docs":{"insertions":1,"deletions":1}}},{"hash":"13b43df1dbddc4dd643524e4a361077f9b0d8a5c","isMergeCommit":false,"messageTitle":"Update default.md","messageBody":"","fileTypesAndContributionMap":{"docs":{"insertions":1,"deletions":1}}}]},{"date":"2024-03-06","commitResults":[{"hash":"dba6cb9f9488c7759d77fbe81af295c56c7a463d","isMergeCommit":false,"messageTitle":"Update README.md","messageBody":"","fileTypesAndContributionMap":{"docs":{"insertions":8,"deletions":10}}}]},{"date":"2024-03-07","commitResults":[{"hash":"d2f581ee7bd323129164c12be495d3262d45b9ee","isMergeCommit":false,"messageTitle":"Update README.md","messageBody":"","fileTypesAndContributionMap":{"docs":{"insertions":3,"deletions":1}}},{"hash":"7aa67c0e80b58da6fc7aa3886814c575c977ceeb","isMergeCommit":false,"messageTitle":"Update README.md","messageBody":"","fileTypesAndContributionMap":{"docs":{"insertions":1,"deletions":3}}},{"hash":"2b4b7cadb70ef0901001cfb2de7052b0ec6f3d25","isMergeCommit":false,"messageTitle":"Update README.md","messageBody":"","fileTypesAndContributionMap":{"docs":{"insertions":1,"deletions":1}}},{"hash":"159c472921f34a238748404df6de7e77908e7425","isMergeCommit":false,"messageTitle":"Update README.md","messageBody":"","fileTypesAndContributionMap":{"docs":{"insertions":1,"deletions":1}}},{"hash":"18800bc210d89d2d1b61195d3433d7048d98a84e","isMergeCommit":true,"messageTitle":"Merge pull request #17 from peienlim/branch-AboutUs","messageBody":"Update AboutUs","fileTypesAndContributionMap":{}}]},{"date":"2024-03-15","commitResults":[{"hash":"fcb605e5e24b29953b4db4d56d64adfee26b7c54","isMergeCommit":false,"messageTitle":"Update the DeleteCommand to delete both index and name","messageBody":"","fileTypesAndContributionMap":{"functional-code":{"insertions":61,"deletions":15},"test-code":{"insertions":10,"deletions":10}}},{"hash":"74d785852ee9318f354ce90c9cf012bb84017a59","isMergeCommit":true,"messageTitle":"Merge branch \u0027master\u0027 of https://github.com/cleowenxuan/tp into branch-DeleteCommand","messageBody":"","fileTypesAndContributionMap":{}},{"hash":"73e0f695ceedab4f386ced721752db71af647685","isMergeCommit":false,"messageTitle":"Modify the relevant files that failed the build checks","messageBody":"","fileTypesAndContributionMap":{"functional-code":{"insertions":10,"deletions":3}}},{"hash":"18ccec3c8885f0dfb3704409619aa5030c33ee3c","isMergeCommit":false,"messageTitle":"Modify relevant files to address failed build checks because of failed testcases","messageBody":"","fileTypesAndContributionMap":{"functional-code":{"insertions":4,"deletions":2},"test-code":{"insertions":34,"deletions":12}}},{"hash":"f6175152ddfa4625ca1b8091a965ec055a1c5798","isMergeCommit":false,"messageTitle":"Modify DeleteCommandTest file to adhere to checkstyle rule","messageBody":"","fileTypesAndContributionMap":{"test-code":{"insertions":2,"deletions":1}}}]},{"date":"2024-03-19","commitResults":[{"hash":"555d36e12e97bbffb94654c2bac0e24cae9addd8","isMergeCommit":false,"messageTitle":"Add declaration of static variables for better clarity","messageBody":"","fileTypesAndContributionMap":{"functional-code":{"insertions":5,"deletions":4},"test-code":{"insertions":8,"deletions":12}}}]},{"date":"2024-03-21","commitResults":[{"hash":"801fedae7169596c59ef19d8520d92f4fc35cf9b","isMergeCommit":true,"messageTitle":"Merge pull request #29 from cleowenxuan/branch-DeleteCommand","messageBody":"Update DeleteCommand to delete by index or name","fileTypesAndContributionMap":{}}]},{"date":"2024-03-29","commitResults":[{"hash":"8983b0469cfea8fb87145e668c92a48369e9ec19","isMergeCommit":false,"messageTitle":"Update Developer Guide and UML Diagrams","messageBody":"","fileTypesAndContributionMap":{"docs":{"insertions":60,"deletions":5}}},{"hash":"5c0c74d746a3ee84e42bbf00b11a46277692c5bd","isMergeCommit":true,"messageTitle":"Merge pull request #46 from cleowenxuan/branch-UpdateDeveloperGuide","messageBody":"Update Developer Guide and UML Diagrams","fileTypesAndContributionMap":{}},{"hash":"5016845b85a90c26a7cacc7574d51976e0eccd0e","isMergeCommit":false,"messageTitle":"Enable Assertions","messageBody":"","fileTypesAndContributionMap":{"other":{"insertions":4,"deletions":0}}},{"hash":"c9a0b5d37d9f772a98d8da90553858d48578a95a","isMergeCommit":true,"messageTitle":"Merge branch \u0027master\u0027 of https://github.com/cleowenxuan/tp into branch-AddAssertions","messageBody":"","fileTypesAndContributionMap":{}},{"hash":"4d23a43ca1759f9c5f652e94acc86ed7abdb4db6","isMergeCommit":true,"messageTitle":"Merge pull request #48 from cleowenxuan/branch-AddAssertions","messageBody":"Enable Assertions","fileTypesAndContributionMap":{}}]},{"date":"2024-04-02","commitResults":[{"hash":"cc0e214f8b5a9f250eefe63a87b250f3aef13c30","isMergeCommit":false,"messageTitle":"Update EditCommand to edit by name or index","messageBody":"","fileTypesAndContributionMap":{"functional-code":{"insertions":61,"deletions":20},"test-code":{"insertions":26,"deletions":25}}},{"hash":"244a265e449b4e6e8487b145e87cbe3f3921caa6","isMergeCommit":false,"messageTitle":"Modify relevant files to pass testcases","messageBody":"","fileTypesAndContributionMap":{"functional-code":{"insertions":9,"deletions":4},"test-code":{"insertions":12,"deletions":11}}},{"hash":"9b743ff3b4db1e72a0cb23098b22987ed60b1901","isMergeCommit":false,"messageTitle":"Modify relevant files to pass checkstyle","messageBody":"","fileTypesAndContributionMap":{"functional-code":{"insertions":1,"deletions":1},"test-code":{"insertions":2,"deletions":2}}},{"hash":"8cc9ba5fc2fadb1bd9e880e864f0b3e7602849b8","isMergeCommit":true,"messageTitle":"Merge branch \u0027AY2324S2-CS2103T-T11-3:master\u0027 into branch-RenameContacts","messageBody":"","fileTypesAndContributionMap":{}},{"hash":"4c75e535d800dd9af58174efb3db4303b725bf37","isMergeCommit":true,"messageTitle":"Merge pull request #57 from cleowenxuan/branch-RenameContacts","messageBody":"Update EditCommand to edit by name or index","fileTypesAndContributionMap":{}}]},{"date":"2024-04-04","commitResults":[{"hash":"ee16ba58b04f1f34a4ced2387bd783321720d323","isMergeCommit":false,"messageTitle":"Update AssignCommand to assign event tags","messageBody":"","fileTypesAndContributionMap":{"functional-code":{"insertions":70,"deletions":12},"test-code":{"insertions":1,"deletions":1}}},{"hash":"67afbbeeabb9f57a32219b5b4c3281f99d0b079a","isMergeCommit":false,"messageTitle":"Modify files to pass checkstyle","messageBody":"","fileTypesAndContributionMap":{"functional-code":{"insertions":0,"deletions":1}}},{"hash":"01191dea1e83afcab2c619cc22397b7b091f8cf1","isMergeCommit":true,"messageTitle":"Merge pull request #62 from peienlim/branch-eventSwitcherUI","messageBody":"Implement event switcher UI","fileTypesAndContributionMap":{}},{"hash":"edc668ed8dfca7b40f5146a439e5db16a9a4379a","isMergeCommit":false,"messageTitle":"Create SwitchCommand feature to switch between event tags","messageBody":"","fileTypesAndContributionMap":{"functional-code":{"insertions":121,"deletions":31},"test-code":{"insertions":3,"deletions":3}}},{"hash":"ae21aede42e5b4001f4c15c36314a9061ae1e5c0","isMergeCommit":false,"messageTitle":"Modify relevant files to pass build","messageBody":"","fileTypesAndContributionMap":{"functional-code":{"insertions":0,"deletions":6}}},{"hash":"1edc13d450c52116b5409c0e6eefcdc3470dca1a","isMergeCommit":true,"messageTitle":"Merge branch \u0027AY2324S2-CS2103T-T11-3:master\u0027 into branch-AssignEventTags","messageBody":"","fileTypesAndContributionMap":{}},{"hash":"2663ebf5721a080ecba05bc5d93a13a1a53a201e","isMergeCommit":false,"messageTitle":"Modify AddressBook to pass checkstyle","messageBody":"","fileTypesAndContributionMap":{"functional-code":{"insertions":1,"deletions":2}}},{"hash":"3db1060f7496a94b6c11eac58feb6ba879950cf6","isMergeCommit":true,"messageTitle":"Merge pull request #67 from peienlim/branch-updateUG","messageBody":"Update UG for switch command","fileTypesAndContributionMap":{}},{"hash":"0f3cbd3ce093cbf1858d8e98506083e8ae232458","isMergeCommit":true,"messageTitle":"Merge branch \u0027master\u0027 of https://github.com/cleowenxuan/tp into branch-UpdateUserGuide","messageBody":"","fileTypesAndContributionMap":{}},{"hash":"b592f4a2a37a56b8b287353b9fbad07b6bef2c3d","isMergeCommit":false,"messageTitle":"Update User Guide","messageBody":"","fileTypesAndContributionMap":{"docs":{"insertions":52,"deletions":31}}},{"hash":"4449230676a4194a7328cda55005fa00843f4fea","isMergeCommit":false,"messageTitle":"Minor bug fix to pass checkstyle","messageBody":"","fileTypesAndContributionMap":{"docs":{"insertions":0,"deletions":11}}},{"hash":"079cfe97b6ad6f8714ac4b0fcdf529c087dcd35a","isMergeCommit":false,"messageTitle":"Minor bug fix to pass checkstyle","messageBody":"","fileTypesAndContributionMap":{"docs":{"insertions":2,"deletions":5}}}]},{"date":"2024-04-05","commitResults":[{"hash":"f9243741b6b232c46bb3833b6fd62d3bc2e36c82","isMergeCommit":false,"messageTitle":"Minor changes to the return message","messageBody":"","fileTypesAndContributionMap":{"functional-code":{"insertions":24,"deletions":13}}},{"hash":"444b4307d71cae81b5361ec824df948c9aae2596","isMergeCommit":false,"messageTitle":"Minor changes to pass checkstyle","messageBody":"","fileTypesAndContributionMap":{"functional-code":{"insertions":0,"deletions":2},"docs":{"insertions":1,"deletions":1}}},{"hash":"8ddea674e94d0069ef39bebec400286b1b8f727f","isMergeCommit":true,"messageTitle":"Merge pull request #73 from cleowenxuan/branch-MinorBugFix","messageBody":"Minor edits to the Messages","fileTypesAndContributionMap":{}}]},{"date":"2024-04-10","commitResults":[{"hash":"4b1c0074b71b7726b1536741f93f001e5e3331c1","isMergeCommit":false,"messageTitle":"Fix Documentation Bugs","messageBody":"","fileTypesAndContributionMap":{"functional-code":{"insertions":1,"deletions":1},"docs":{"insertions":26,"deletions":26}}}]},{"date":"2024-04-11","commitResults":[{"hash":"f8c44bf246db25eec9e73d2df2258696469baff8","isMergeCommit":true,"messageTitle":"Merge pull request #142 from cleowenxuan/branch-BugFix","messageBody":"Fix User Guide Bugs","fileTypesAndContributionMap":{}}]},{"date":"2024-04-13","commitResults":[{"hash":"80d3e37a2fe08196ca6d8f4d76a04f64f8c11d52","isMergeCommit":false,"messageTitle":"Add relevant testcases for Delete and Edit Command","messageBody":"","fileTypesAndContributionMap":{"functional-code":{"insertions":10,"deletions":3},"test-code":{"insertions":157,"deletions":6}}},{"hash":"13fd506c78bda38656b81445ad05575b3926b600","isMergeCommit":true,"messageTitle":"Merge branch \u0027master\u0027 into branch-TestCases","messageBody":"","fileTypesAndContributionMap":{}}]},{"date":"2024-04-14","commitResults":[{"hash":"fda17b7ec4be3c7ace8de4ef7eec52798e8b458b","isMergeCommit":true,"messageTitle":"Merge pull request #154 from cleowenxuan/branch-TestCases","messageBody":"Add relevant test cases for Delete and Edit Command","fileTypesAndContributionMap":{}},{"hash":"3d56beb65ad3a939ddd5856f9f64bb4b707ff77c","isMergeCommit":true,"messageTitle":"Merge pull request #155 from peterXGD/branch_ugupdate","messageBody":"add some lines for UG for the managing tags and event section","fileTypesAndContributionMap":{}}]},{"date":"2024-04-15","commitResults":[{"hash":"599aed8e1646d40bc0fddf17ff87a0962cd9fb42","isMergeCommit":false,"messageTitle":"Update UserGuide","messageBody":"","fileTypesAndContributionMap":{"docs":{"insertions":205,"deletions":204}}},{"hash":"bcacb2fd61a9fdbedc7dc8d2fbc27bb456dd2046","isMergeCommit":true,"messageTitle":"Merge branch \u0027cleowenxuan-branch-UserGuideUpdate\u0027 Merge branch to update UserGuide.","messageBody":"","fileTypesAndContributionMap":{}},{"hash":"3be4db11ca2a2a6fa5ee96bd1a4d17b67678db2e","isMergeCommit":true,"messageTitle":"Resolve Merge Conflicts with User Guide","messageBody":"","fileTypesAndContributionMap":{}},{"hash":"062f445f235c66a9b81511df4fe41f6f67877fd6","isMergeCommit":true,"messageTitle":"Merge branch \u0027master\u0027 into master","messageBody":"","fileTypesAndContributionMap":{}},{"hash":"889e73c944cfd96c281fd3f281d419482cc5accb","isMergeCommit":true,"messageTitle":"Merge pull request #162 from cleowenxuan/master","messageBody":"Update User Guide and Resolve Merge Conflicts","fileTypesAndContributionMap":{}}]}],"peterXGD":[{"date":"2024-03-15","commitResults":[{"hash":"82971dcd56e3e08e3fe1d204ce1916c1b7b72432","isMergeCommit":false,"messageTitle":"Add UG v1.1 as a template to add v1.2 features","messageBody":"Per title.\n","fileTypesAndContributionMap":{"docs":{"insertions":10,"deletions":8}}}]},{"date":"2024-03-20","commitResults":[{"hash":"3d616246c3aa4777aae93689a355a4015dc81fe7","isMergeCommit":false,"messageTitle":"Search command to search for people matching one tag","messageBody":"","fileTypesAndContributionMap":{"functional-code":{"insertions":123,"deletions":9},"test-code":{"insertions":82,"deletions":0}}},{"hash":"74c80ac0b9d2bfcfe424c38e2ffe7b570990ea08","isMergeCommit":false,"messageTitle":"Reverted the readme to the state and added the search command","messageBody":"","fileTypesAndContributionMap":{"docs":{"insertions":8,"deletions":10}}},{"hash":"9d7c2c37fb35bc657ec75c140274ca8199ed8108","isMergeCommit":false,"messageTitle":"Do Checkstyle for the searchCommand implemented.","messageBody":"","fileTypesAndContributionMap":{"functional-code":{"insertions":13,"deletions":3}}},{"hash":"54ee8100c5a854f9519cf564ee31c1ab468415e0","isMergeCommit":false,"messageTitle":"For checkstyle","messageBody":"","fileTypesAndContributionMap":{"functional-code":{"insertions":10,"deletions":1},"test-code":{"insertions":5,"deletions":6}}},{"hash":"2656d0c3c33bb96e54c953c9cc220b648caa219d","isMergeCommit":false,"messageTitle":"Update AddressBook.java","messageBody":"","fileTypesAndContributionMap":{"functional-code":{"insertions":0,"deletions":1}}},{"hash":"9db6dcefc967544f0befafa8427d6b403e0e9790","isMergeCommit":false,"messageTitle":"changed search tag name to searchTagCommand","messageBody":"","fileTypesAndContributionMap":{"other":{"insertions":0,"deletions":0}}},{"hash":"fb367785ccb76fb0f8b76c9f05c6a1f1a6b66ff7","isMergeCommit":false,"messageTitle":"Change SearchCommand class name","messageBody":"","fileTypesAndContributionMap":{"functional-code":{"insertions":13,"deletions":13},"test-code":{"insertions":10,"deletions":10}}}]},{"date":"2024-03-21","commitResults":[{"hash":"2f9651747d4b9d2afef3c387aa3d39a08af3a53d","isMergeCommit":true,"messageTitle":"Merge pull request #35 from peterXGD/branch-a-searchcommand","messageBody":"Branch a searchcommand","fileTypesAndContributionMap":{}}]},{"date":"2024-03-25","commitResults":[{"hash":"7db997ed5b57275f0ac17811f0046dd7b83cfc5b","isMergeCommit":true,"messageTitle":"Merge pull request #37 from jonpwk/branch-editUserGuide","messageBody":"Edit User Guide","fileTypesAndContributionMap":{}}]},{"date":"2024-03-29","commitResults":[{"hash":"66d431ed59bd2a16aa53a51386db24837d4bd3e0","isMergeCommit":false,"messageTitle":"Update EventTag Class","messageBody":"EventTag class is implemented as a subclass.\nThis allows the implementation of features in v1.3.\n\nLet\u0027s add the EventTag class to enable other members to start coding.\n","fileTypesAndContributionMap":{"functional-code":{"insertions":80,"deletions":0},"test-code":{"insertions":29,"deletions":0}}},{"hash":"25b52537fe202d3da20e5ac95c70db78a1c49803","isMergeCommit":true,"messageTitle":"Merge branch \u0027branch-UG-Update\u0027","messageBody":"* branch-UG-Update:\n  Update EventTag Class\n","fileTypesAndContributionMap":{}},{"hash":"d4e0f5fc1f4bb43a76a2adaac21d47804d773fe9","isMergeCommit":false,"messageTitle":"Change version name to for a Jar release","messageBody":"","fileTypesAndContributionMap":{"functional-code":{"insertions":1,"deletions":1}}},{"hash":"0692a5bacccd9f94da8d3bf0acef8fed30bd9950","isMergeCommit":true,"messageTitle":"Merge pull request #45 from peterXGD/branch-EventTagClass-Update","messageBody":"Branch event tag class update","fileTypesAndContributionMap":{}},{"hash":"332691c6a98d6bb3501da1ebe6f4024f09ee8795","isMergeCommit":false,"messageTitle":"Add lines to DevGuide, change version in Main.app.","messageBody":"","fileTypesAndContributionMap":{"functional-code":{"insertions":1,"deletions":1},"docs":{"insertions":63,"deletions":11}}}]},{"date":"2024-04-02","commitResults":[{"hash":"49ff994ee2e92511b0ec2f436c18eebfb317a10b","isMergeCommit":true,"messageTitle":"Merge pull request #56 from jonpwk/branch-dtagBugFix","messageBody":"Branch dtag bug fix","fileTypesAndContributionMap":{}}]},{"date":"2024-04-04","commitResults":[{"hash":"f1cb193557ec92610dd43619659fd9c832d13878","isMergeCommit":false,"messageTitle":"Update ctag to work with event tags","messageBody":"","fileTypesAndContributionMap":{"functional-code":{"insertions":90,"deletions":17}}},{"hash":"a9a1af37c910c83bc27591fcaef83bf558b90937","isMergeCommit":false,"messageTitle":"update 2","messageBody":"","fileTypesAndContributionMap":{"functional-code":{"insertions":3,"deletions":3},"docs":{"insertions":7,"deletions":1}}}]},{"date":"2024-04-05","commitResults":[{"hash":"460f8f56070fc0b334ed526f63bf93f1018e37af","isMergeCommit":false,"messageTitle":"update 3","messageBody":"","fileTypesAndContributionMap":{"functional-code":{"insertions":12,"deletions":9},"test-code":{"insertions":1,"deletions":2}}},{"hash":"22bcccbb27d364ae297739d885653d6aa009888b","isMergeCommit":false,"messageTitle":"Update UserGuide.md","messageBody":"","fileTypesAndContributionMap":{"docs":{"insertions":1,"deletions":1}}},{"hash":"2b530771b492b0ed8faa653039c0d2b57f5c8eb7","isMergeCommit":false,"messageTitle":"Update ParserUtil.java","messageBody":"","fileTypesAndContributionMap":{"functional-code":{"insertions":1,"deletions":1}}},{"hash":"4d7122b1a62ed24d4499134e2193ef059c3fee40","isMergeCommit":false,"messageTitle":"Update UserGuide.md","messageBody":"","fileTypesAndContributionMap":{"docs":{"insertions":4,"deletions":3}}},{"hash":"a6f535f2d79d952457f015a8bcc4b69663a89917","isMergeCommit":true,"messageTitle":"Merge branch \u0027master\u0027 into A-ctagUpdate","messageBody":"","fileTypesAndContributionMap":{}},{"hash":"f0181e3213690cb0269759332410c0ee0949416e","isMergeCommit":true,"messageTitle":"Merge pull request #71 from peterXGD/A-ctagUpdate","messageBody":"A ctag update","fileTypesAndContributionMap":{}},{"hash":"1329d208ae06fd6a684923b976dc03d58b5b1177","isMergeCommit":false,"messageTitle":"Add devent command for EB.","messageBody":"This allows an event to be deleted from the book, as well as its associated people.\n","fileTypesAndContributionMap":{"functional-code":{"insertions":134,"deletions":14},"docs":{"insertions":15,"deletions":0},"test-code":{"insertions":0,"deletions":5}}},{"hash":"cb845dc97ce37836bed95b5196854a3808281572","isMergeCommit":false,"messageTitle":"Update devent after debug","messageBody":"","fileTypesAndContributionMap":{"functional-code":{"insertions":1,"deletions":1}}},{"hash":"1c33583b9f431ba6aed7f11553d164df37696ee0","isMergeCommit":true,"messageTitle":"Merge branch \u0027master\u0027 into branch-deventUpdate","messageBody":"","fileTypesAndContributionMap":{}},{"hash":"6cf1b402afc42f090182dbf68d002f984c9c9466","isMergeCommit":false,"messageTitle":"Fix EventPanelList Ui Issue with not displaying correct after each command","messageBody":"","fileTypesAndContributionMap":{"functional-code":{"insertions":3,"deletions":0}}},{"hash":"863b16355e27db4d7cb412282acc350891c72c60","isMergeCommit":true,"messageTitle":"Merge pull request #78 from peterXGD/branch-UiFix","messageBody":"Fix EventPanelList Ui Issue with not displaying correct after each co…","fileTypesAndContributionMap":{}},{"hash":"aaa938a5e40429b6562fb690ef3100f59bd1bb5e","isMergeCommit":false,"messageTitle":"Make test pass build","messageBody":"","fileTypesAndContributionMap":{"test-code":{"insertions":8,"deletions":8}}}]},{"date":"2024-04-12","commitResults":[{"hash":"218096189e8685b988551c5c35cb0b3a9325ef10","isMergeCommit":false,"messageTitle":"Add ctagCommandTest and modifies CtagCommand to fix bug","messageBody":"","fileTypesAndContributionMap":{"functional-code":{"insertions":14,"deletions":3},"test-code":{"insertions":80,"deletions":0}}},{"hash":"5716e33a8d13e1e5c9097f7e672eb8e1fe3db944","isMergeCommit":false,"messageTitle":"fix bux","messageBody":"","fileTypesAndContributionMap":{"test-code":{"insertions":5,"deletions":7}}},{"hash":"c47b316e4a7cc9c19672ce480fd733bd814dd99f","isMergeCommit":true,"messageTitle":"Merge pull request #148 from peterXGD/ctag_branch","messageBody":"Add ctagCommandTest and modifies CtagCommand to fix bug","fileTypesAndContributionMap":{}}]},{"date":"2024-04-14","commitResults":[{"hash":"64e1f6506951517b6f2498b9becc60f2aadc9d14","isMergeCommit":true,"messageTitle":"Merge pull request #153 from jonpwk/branch-editUserGuideIntro","messageBody":"Branch edit user guide intro","fileTypesAndContributionMap":{}},{"hash":"5c22affc070529ab356ff5d9f2d4d33dce2c4afa","isMergeCommit":false,"messageTitle":"add some lines for UG for the managing tags and event section","messageBody":"","fileTypesAndContributionMap":{"functional-code":{"insertions":1,"deletions":1},"docs":{"insertions":222,"deletions":64}}},{"hash":"bbe40c9b36c9b2a16538adb21010d2484d267284","isMergeCommit":false,"messageTitle":"no message","messageBody":"","fileTypesAndContributionMap":{"docs":{"insertions":2,"deletions":2}}}]}],"owenong1":[{"date":"2024-03-05","commitResults":[{"hash":"91c9fcb65d9e4a7ca5ca9684ab1908bd7ec27561","isMergeCommit":false,"messageTitle":"Test","messageBody":"","fileTypesAndContributionMap":{"docs":{"insertions":1,"deletions":1}}},{"hash":"5f07f85f141875404ac1ab402c6ce272e454817b","isMergeCommit":true,"messageTitle":"Merge pull request #16 from owenong1/branch-test","messageBody":"Test","fileTypesAndContributionMap":{}}]},{"date":"2024-03-08","commitResults":[{"hash":"f09d527af8fae0ee869514ac79b937dfd40b07c7","isMergeCommit":true,"messageTitle":"Merge pull request #21 from jonpwk/master","messageBody":"Update DeveloperGuide.md file","fileTypesAndContributionMap":{}}]},{"date":"2024-03-18","commitResults":[{"hash":"6576cc1c2364d3468e0c922caf7b6b5bd4874b40","isMergeCommit":false,"messageTitle":"Added functionality for Import command, and sample import template","messageBody":"","fileTypesAndContributionMap":{"functional-code":{"insertions":153,"deletions":0},"test-code":{"insertions":17,"deletions":0}}},{"hash":"674e2215f481492d3b55eb43d2fca9769b9a0cf8","isMergeCommit":true,"messageTitle":"Merge branch \u0027branch-addImport\u0027","messageBody":"","fileTypesAndContributionMap":{}},{"hash":"c92e370f71b307fcd5639a9b660e146e05768090","isMergeCommit":false,"messageTitle":"Minor updates for checkstyle","messageBody":"","fileTypesAndContributionMap":{"functional-code":{"insertions":36,"deletions":31}}},{"hash":"0e1d20fa6899103b5b80f98a2f3c40915877b567","isMergeCommit":false,"messageTitle":"Minor checkstyle update","messageBody":"","fileTypesAndContributionMap":{"test-code":{"insertions":0,"deletions":9}}},{"hash":"7caf95bb90f4c2aa342bba468653a6c97bf87a05","isMergeCommit":true,"messageTitle":"Merge branch \u0027branch-checkstyleImportUpdate\u0027","messageBody":"","fileTypesAndContributionMap":{}}]},{"date":"2024-03-21","commitResults":[{"hash":"bf59f9762f23f83ebe9add21854bb4c84babf464","isMergeCommit":true,"messageTitle":"Merge branch \u0027master\u0027 into branch-ImportCommand","messageBody":"","fileTypesAndContributionMap":{}},{"hash":"db0a6255019a37a9a8c11beaf55de8dacdf0245c","isMergeCommit":true,"messageTitle":"Merge pull request #34 from owenong1/branch-ImportCommand","messageBody":"Implement　import command","fileTypesAndContributionMap":{}}]},{"date":"2024-03-29","commitResults":[{"hash":"57ece3d350de4a0c03e3500a10cf21d2d2bbb8a0","isMergeCommit":false,"messageTitle":"UPdated DG to include import/export commands","messageBody":"","fileTypesAndContributionMap":{"docs":{"insertions":32,"deletions":0}}}]},{"date":"2024-04-01","commitResults":[{"hash":"8ca1aa1d85e573647f31d878f7432acc91405950","isMergeCommit":false,"messageTitle":"Implement path parameter to the import command","messageBody":"","fileTypesAndContributionMap":{"functional-code":{"insertions":61,"deletions":6}}},{"hash":"72200dbd9d3e67fc4549ec498f2c0a72230897b0","isMergeCommit":false,"messageTitle":"Checkstyle edits","messageBody":"","fileTypesAndContributionMap":{"functional-code":{"insertions":8,"deletions":6}}},{"hash":"1e25496b4c01c4151eccdd2f47d45b1aaccf18be","isMergeCommit":false,"messageTitle":"Add some testing for import command","messageBody":"","fileTypesAndContributionMap":{"functional-code":{"insertions":3,"deletions":5},"test-code":{"insertions":32,"deletions":0}}},{"hash":"0389e123afe03811cda3a067797e209b17e91078","isMergeCommit":false,"messageTitle":"Minor checkstyle edits","messageBody":"","fileTypesAndContributionMap":{"test-code":{"insertions":0,"deletions":1}}}]},{"date":"2024-04-03","commitResults":[{"hash":"ec606dac2d1d138e1fa729feb35af715c2243e04","isMergeCommit":true,"messageTitle":"Merge pull request #52 from owenong1/branch-addImportPath","messageBody":"Implement path parameter to the import command","fileTypesAndContributionMap":{}},{"hash":"59e1d3f2d909f0b60fb84268b9c2ef17fbb8c84d","isMergeCommit":false,"messageTitle":"Implemented Export Command","messageBody":"Pending tag implementation finalisation before complete\n","fileTypesAndContributionMap":{"functional-code":{"insertions":104,"deletions":14},"test-code":{"insertions":5,"deletions":0}}}]},{"date":"2024-04-04","commitResults":[{"hash":"d69931f4e72b37437da2560c4d049a6e758aed43","isMergeCommit":true,"messageTitle":"Merge pull request #61 from owenong1/branch-exportCommand","messageBody":"Implemented Export Command","fileTypesAndContributionMap":{}},{"hash":"346ee06ef9cd99fc4158b445f91a12ddb8a4e39c","isMergeCommit":false,"messageTitle":"UG update for 1.3.1 release","messageBody":"","fileTypesAndContributionMap":{"docs":{"insertions":26,"deletions":6}}}]},{"date":"2024-04-05","commitResults":[{"hash":"8a5e4179d662d096001a4310bb0c973cb14c3490","isMergeCommit":false,"messageTitle":"Tag support for export/import","messageBody":"Minor bug fixes as well\n","fileTypesAndContributionMap":{"functional-code":{"insertions":132,"deletions":27},"docs":{"insertions":11,"deletions":3}}},{"hash":"8b9cd643ad459ff1f6ae7be28fb72e2c7093fed2","isMergeCommit":false,"messageTitle":"Minor edits","messageBody":"","fileTypesAndContributionMap":{"docs":{"insertions":6,"deletions":6}}},{"hash":"e8183f4af5c29333e1ba8ee11b9d20a71f41bdcd","isMergeCommit":true,"messageTitle":"Merge branch \u0027master\u0027 into branch-imporExportTags","messageBody":"","fileTypesAndContributionMap":{}},{"hash":"8a56b63957537e2a93652369743421c505572fc0","isMergeCommit":true,"messageTitle":"Merge pull request #76 from owenong1/branch-imporExportTags","messageBody":"Import/export tags","fileTypesAndContributionMap":{}},{"hash":"216c300cb6d27a5279ca2a027712d62f4a5b8f3e","isMergeCommit":true,"messageTitle":"Merge branch \u0027master\u0027 into branch-deventUpdate","messageBody":"","fileTypesAndContributionMap":{}},{"hash":"81bada3683b368b46dda61e1592e826c14d563fb","isMergeCommit":true,"messageTitle":"Merge pull request #74 from peterXGD/branch-deventUpdate","messageBody":"Branch devent update","fileTypesAndContributionMap":{}},{"hash":"a17d3b9b9face16a1545942584b8da93411a4f67","isMergeCommit":false,"messageTitle":"no message","messageBody":"","fileTypesAndContributionMap":{"functional-code":{"insertions":1,"deletions":1}}},{"hash":"26aaf8abe720e321a679fcfc663442600ec05acc","isMergeCommit":true,"messageTitle":"Merge pull request #77 from owenong1/branch-versionNu,","messageBody":"Version no.","tags":["v1.3.1"],"fileTypesAndContributionMap":{}},{"hash":"08745b5b3d79d31c6c8ee797d6f9deb813bbd6cb","isMergeCommit":true,"messageTitle":"Merge pull request #79 from peterXGD/branch-UiFix","messageBody":"Make test pass build","fileTypesAndContributionMap":{}}]},{"date":"2024-04-10","commitResults":[{"hash":"ea5670a4bd073f0b483f149eeff36395db4f36d3","isMergeCommit":false,"messageTitle":"Fix all import issues raised previously","messageBody":"","fileTypesAndContributionMap":{"functional-code":{"insertions":1,"deletions":1},"docs":{"insertions":11,"deletions":9}}},{"hash":"1c08834876532e40928b5e7c1cda145b58d9c617","isMergeCommit":false,"messageTitle":"small edits","messageBody":"","fileTypesAndContributionMap":{"docs":{"insertions":0,"deletions":1},"test-code":{"insertions":1,"deletions":2}}},{"hash":"4a60c440206e0ee8e9666b64b824599cd07e633f","isMergeCommit":true,"messageTitle":"Merge branch \u0027branch-importFixes\u0027","messageBody":"# Conflicts:\n#\tsrc/test/java/seedu/address/logic/commands/ImportCommandTest.java\n","fileTypesAndContributionMap":{}},{"hash":"ca89b4041a2d08c1e7952c195882a53c6a45e34d","isMergeCommit":false,"messageTitle":"Minor checkstyle edit","messageBody":"","fileTypesAndContributionMap":{"test-code":{"insertions":0,"deletions":10}}}]},{"date":"2024-04-11","commitResults":[{"hash":"7ada356e7114ce93c0f09c8fe41f4a1501efac17","isMergeCommit":false,"messageTitle":"no message","messageBody":"","fileTypesAndContributionMap":{"docs":{"insertions":2,"deletions":2}}},{"hash":"79e80d0f9e54f20502e8854e32ab52c5145869a5","isMergeCommit":true,"messageTitle":"Merge branch \u0027branch-importFixes\u0027","messageBody":"# Conflicts:\n#\tdata/addressbook.json\n","fileTypesAndContributionMap":{}},{"hash":"33df24f6fb6b28f2336d238ba414c8a0ad583f0a","isMergeCommit":true,"messageTitle":"Merge pull request #144 from owenong1/branch-importBugs","messageBody":"Branch import bugs","fileTypesAndContributionMap":{}},{"hash":"6ff23fb8bf181ca1cb3a4cadd8ecc06c22a0b9ee","isMergeCommit":false,"messageTitle":"FIx some export bugs","messageBody":"","fileTypesAndContributionMap":{"functional-code":{"insertions":2,"deletions":2},"docs":{"insertions":2,"deletions":0}}},{"hash":"c8429d400d6ce8f578acc278d2583e080ad58384","isMergeCommit":false,"messageTitle":"Minor bug fixes","messageBody":"","fileTypesAndContributionMap":{"functional-code":{"insertions":2,"deletions":1}}},{"hash":"ebd0093d2c35127dbc2982262c1bfcf2dbae3486","isMergeCommit":false,"messageTitle":"Minor update","messageBody":"","fileTypesAndContributionMap":{"functional-code":{"insertions":6,"deletions":2}}},{"hash":"0d3d7713d747dcc301cf2494ea149e27454352e2","isMergeCommit":false,"messageTitle":"Minor wordingupdate","messageBody":"","fileTypesAndContributionMap":{"docs":{"insertions":1,"deletions":0}}}]},{"date":"2024-04-13","commitResults":[{"hash":"58b843e2e18de9990a65997f69c70368d3689aab","isMergeCommit":true,"messageTitle":"Merge pull request #145 from owenong1/branch-exportFix","messageBody":"Branch export fix","fileTypesAndContributionMap":{}}]},{"date":"2024-04-14","commitResults":[{"hash":"f222a13456f6b1e819803953ee6209e4c6d0a593","isMergeCommit":true,"messageTitle":"Merge pull request #156 from peienlim/branch-updateUG","messageBody":"Add new Try Out Your First commands section","fileTypesAndContributionMap":{}}]},{"date":"2024-04-15","commitResults":[{"hash":"b93963f31370f3fdad1eba4f0a78df478490501c","isMergeCommit":false,"messageTitle":"UG updates","messageBody":"","fileTypesAndContributionMap":{"docs":{"insertions":23,"deletions":11}}},{"hash":"1156e63d4d1fe68ad8474eb9d792be185c1d9f36","isMergeCommit":true,"messageTitle":"Merge pull request #163 from owenong1/branch-GeneralCommandsUG","messageBody":"UG updates","fileTypesAndContributionMap":{}}]}],"jonpwk":[{"date":"2024-03-07","commitResults":[{"hash":"40b14ce4ba93d1b6487090520c0971fc7386054b","isMergeCommit":false,"messageTitle":"Update DeveloperGuide.md file","messageBody":"","fileTypesAndContributionMap":{"docs":{"insertions":54,"deletions":16}}}]},{"date":"2024-03-11","commitResults":[{"hash":"dc2c9c08090ef5c2bdd9d33a5c28fec9a0c05be5","isMergeCommit":false,"messageTitle":"Edit DeveloperGuide","messageBody":"","fileTypesAndContributionMap":{"docs":{"insertions":2,"deletions":0}}},{"hash":"f5b9f4ef1e10c62e29b3411d0ebae07db8546cdf","isMergeCommit":true,"messageTitle":"Merge branch \u0027AY2324S2-CS2103T-T11-3:master\u0027 into master","messageBody":"","fileTypesAndContributionMap":{}},{"hash":"6703116bf4da4ff1acbcfc88d58ca668b5fbc2dd","isMergeCommit":false,"messageTitle":"Edit DeveloperGuide","messageBody":"Made minor changes to numbering format and removed extra new lines.\n","fileTypesAndContributionMap":{"docs":{"insertions":10,"deletions":10}}}]},{"date":"2024-03-18","commitResults":[{"hash":"abec874a6ee9d8ddb6af5264aeb7117fc5fc0864","isMergeCommit":true,"messageTitle":"Merge pull request #27 from peienlim/branch-TagListClass","messageBody":"Implement UniqueTagList class","fileTypesAndContributionMap":{}}]},{"date":"2024-03-19","commitResults":[{"hash":"9129c711f8b60dfbaeb0dc0a49d4f1bf2d5c67f1","isMergeCommit":false,"messageTitle":"Add ctag and dtag functions","messageBody":"","fileTypesAndContributionMap":{"functional-code":{"insertions":268,"deletions":10},"test-code":{"insertions":110,"deletions":3}}},{"hash":"ea947a1875514390121fdc5f75038d3f8b91e5db","isMergeCommit":false,"messageTitle":"Minor changes to fix failing build","messageBody":"","fileTypesAndContributionMap":{"functional-code":{"insertions":39,"deletions":15},"test-code":{"insertions":9,"deletions":4}}}]},{"date":"2024-03-21","commitResults":[{"hash":"77e2726d588496d015733ba5ccc20bdac0a9d072","isMergeCommit":true,"messageTitle":"Merge branch \u0027master\u0027 into branch-addTagCommand","messageBody":"","fileTypesAndContributionMap":{}},{"hash":"b755f38e0215465854e8b6539df9c90c843956ca","isMergeCommit":true,"messageTitle":"Merge pull request #33 from jonpwk/branch-addTagCommand","messageBody":"Add ctag and dtag functions","fileTypesAndContributionMap":{}},{"hash":"d674a6271155e15dc82107973ad6f6a3a97cbe24","isMergeCommit":false,"messageTitle":"Minor Bug Fixex","messageBody":"","fileTypesAndContributionMap":{"functional-code":{"insertions":0,"deletions":10}}}]},{"date":"2024-03-25","commitResults":[{"hash":"55fbb1885c27b4f0fe3438d8f532f18afd4a34eb","isMergeCommit":false,"messageTitle":"Edit User Guide","messageBody":"","fileTypesAndContributionMap":{"docs":{"insertions":58,"deletions":4}}},{"hash":"153c093ddb2270be742a4097e5f98eb4690415ad","isMergeCommit":false,"messageTitle":"Minor Edit","messageBody":"","fileTypesAndContributionMap":{"functional-code":{"insertions":0,"deletions":1},"other":{"insertions":1,"deletions":1},"test-code":{"insertions":0,"deletions":5}}}]},{"date":"2024-03-29","commitResults":[{"hash":"daab269068e39cf3a2f1183ab903044673276cf0","isMergeCommit":true,"messageTitle":"Merge pull request #47 from owenong1/branch-dgImportExport","messageBody":"UPdated DG to include import/export commands","fileTypesAndContributionMap":{}},{"hash":"18566cd0206a68e505c18b8a33595cb2036da213","isMergeCommit":true,"messageTitle":"Merge pull request #49 from peterXGD/branch-DevGuideUpdate","messageBody":"Add lines to DevGuide, change version in Main.app.","fileTypesAndContributionMap":{}},{"hash":"322a23193de86c8631f689ab2d3cf38dac934b50","isMergeCommit":false,"messageTitle":"Edit DeveleporGuide to describe ctag and dtag functions","messageBody":"","fileTypesAndContributionMap":{"docs":{"insertions":26,"deletions":0}}},{"hash":"111baee8480fb14d7a6dbb5e76e82161e0d8dfd5","isMergeCommit":true,"messageTitle":"Merge pull request #50 from jonpwk/branch-dgCtagDtag","messageBody":"Edit DeveleporGuide to describe ctag and dtag functions","tags":["v1.2.1"],"fileTypesAndContributionMap":{}}]},{"date":"2024-04-01","commitResults":[{"hash":"9ee04c5e7beb805a24422e7a3e1bed9d6868796d","isMergeCommit":true,"messageTitle":"Merge pull request #51 from peienlim/branch-eventTagList","messageBody":"Introduce eventTagList for addressbook ","fileTypesAndContributionMap":{}},{"hash":"4e626a581b4de766d457fd9e5b9bd58bc9df5143","isMergeCommit":false,"messageTitle":"bugfix dtag to remove tag from Person object","messageBody":"","fileTypesAndContributionMap":{"functional-code":{"insertions":22,"deletions":13},"test-code":{"insertions":1,"deletions":13}}},{"hash":"bcb71092086f7b6805b8bb8355dc35fd394f833b","isMergeCommit":true,"messageTitle":"Merge pull request #53 from peienlim/branch-eventTagList","messageBody":"Implement use of generics for UniqueTagList class","fileTypesAndContributionMap":{}},{"hash":"2eb558fd0f2035fa59f375fc500887fc78aa717b","isMergeCommit":true,"messageTitle":"Merge branch \u0027master\u0027 of https://github.com/jonpwk/tp","messageBody":"","fileTypesAndContributionMap":{}}]},{"date":"2024-04-02","commitResults":[{"hash":"16427febedb12aa7c862f7185a6f41b193a2c03c","isMergeCommit":true,"messageTitle":"Merge pull request #54 from peienlim/branch-eventTagList","messageBody":"Edit JsonAdaptedEventTag to properly store event tag list on exit","fileTypesAndContributionMap":{}},{"hash":"944a8b028a8cf1d96bee3a7c2c32a7541ff1aaef","isMergeCommit":true,"messageTitle":"Merge branch \u0027AY2324S2-CS2103T-T11-3:master\u0027 into master","messageBody":"","fileTypesAndContributionMap":{}},{"hash":"0b454773735f6a749e84628d0026fbb0cfe7cb35","isMergeCommit":false,"messageTitle":"Edit JsonSerializableAddressBook to parse Person\u0027s tags into Model\u0027s internal tagList Fixed dtag command bug to remove tags from Person\u0027s tags","messageBody":"","fileTypesAndContributionMap":{"functional-code":{"insertions":16,"deletions":10}}},{"hash":"11a1e2247241796fc92b7c45e76b3918d1396230","isMergeCommit":false,"messageTitle":"Edit for successful build","messageBody":"","fileTypesAndContributionMap":{"test-code":{"insertions":40,"deletions":3}}},{"hash":"80feb3fca361b1bb8e53d19bd23156fe6eceb838","isMergeCommit":false,"messageTitle":"Edit for build errors","messageBody":"","fileTypesAndContributionMap":{"docs":{"insertions":12,"deletions":12}}},{"hash":"abf38aa37ee7848a395867a9b8e7145b1595143c","isMergeCommit":false,"messageTitle":"Add assign command","messageBody":"","fileTypesAndContributionMap":{"functional-code":{"insertions":199,"deletions":10},"docs":{"insertions":12,"deletions":0},"test-code":{"insertions":2,"deletions":12}}},{"hash":"515f1c56642c660072e8ae13643586ed8292fa0a","isMergeCommit":false,"messageTitle":"edit minor bug to allow multiple tags assigned at once","messageBody":"","fileTypesAndContributionMap":{"functional-code":{"insertions":1,"deletions":1}}}]},{"date":"2024-04-03","commitResults":[{"hash":"aef9b39fc934de2e231b81c85407300f9209ad0a","isMergeCommit":false,"messageTitle":"edit for build errors","messageBody":"","fileTypesAndContributionMap":{"functional-code":{"insertions":3,"deletions":2}}}]},{"date":"2024-04-04","commitResults":[{"hash":"8941115dfc4680627f600f3f8738d90afc05aadb","isMergeCommit":false,"messageTitle":"Edit for correct sample JSON file creation","messageBody":"","fileTypesAndContributionMap":{"functional-code":{"insertions":5,"deletions":0}}},{"hash":"92635dc1f9bf89d467cff3860da3a313efc50bb9","isMergeCommit":false,"messageTitle":"minor edit to preserve save file","messageBody":"","fileTypesAndContributionMap":{"functional-code":{"insertions":7,"deletions":7}}},{"hash":"c080d7d8e30497dd1fc316d5b009502493e9a7c2","isMergeCommit":false,"messageTitle":"Edit logic to display correct error message","messageBody":"","fileTypesAndContributionMap":{"functional-code":{"insertions":1,"deletions":1}}}]},{"date":"2024-04-13","commitResults":[{"hash":"f375837a22d53359ce35644078ac1ee33bfb7e92","isMergeCommit":false,"messageTitle":"Bug fixes for dtag and assign","messageBody":"Address Issues #111, #126, #136\n","fileTypesAndContributionMap":{"functional-code":{"insertions":4,"deletions":4}}},{"hash":"ff2fb6faef2c6f03816dedbb38dee645ef6827bd","isMergeCommit":true,"messageTitle":"Merge pull request #152 from peienlim/branch-updateUG","messageBody":"UG update to include GUI section","fileTypesAndContributionMap":{}},{"hash":"f91221882cd232c5abd4d8ad74d3ab20349cb5ae","isMergeCommit":false,"messageTitle":"Edit Introduction","messageBody":"","fileTypesAndContributionMap":{"docs":{"insertions":47,"deletions":10}}},{"hash":"02d1c69ae67c7b40b2501dee5507c86aaa75f072","isMergeCommit":true,"messageTitle":"Merge branch \u0027master\u0027 into branch-editUserGuideIntro","messageBody":"# Conflicts:\n#\tdocs/UserGuide.md\n","fileTypesAndContributionMap":{}},{"hash":"afba70dc2818878256474e7efbcef269623ade6b","isMergeCommit":false,"messageTitle":"Edit UserGuide","messageBody":"","fileTypesAndContributionMap":{"docs":{"insertions":1,"deletions":1}}}]},{"date":"2024-04-14","commitResults":[{"hash":"f8db0bf9e1708f9421cdf8593119f8fbe52b126e","isMergeCommit":true,"messageTitle":"Merge pull request #151 from jonpwk/branch-bugFixing","messageBody":"Bug fixes for dtag and assign","fileTypesAndContributionMap":{}},{"hash":"c6b4bc5af7e3ce8d667dc5767276e494c2b91152","isMergeCommit":false,"messageTitle":"Edit index.md","messageBody":"","fileTypesAndContributionMap":{"docs":{"insertions":4,"deletions":4}}},{"hash":"230628bbb32a2a5997f146c13715a30a6f57d68a","isMergeCommit":false,"messageTitle":"Edit UserGuide","messageBody":"","fileTypesAndContributionMap":{"docs":{"insertions":194,"deletions":122}}},{"hash":"1d881719a79fa8e05ce856aa1dd9569c1abd78f8","isMergeCommit":true,"messageTitle":"Merge pull request #158 from jonpwk/branch-editUserGuide","messageBody":"Edit UserGuide","fileTypesAndContributionMap":{}},{"hash":"aeee1da8c2c6c96bd28897f0beb2406cc3f2129e","isMergeCommit":true,"messageTitle":"Merge pull request #157 from jonpwk/branch-editIndex","messageBody":"Edit index.md","fileTypesAndContributionMap":{}},{"hash":"fe6563a8a79f2618db73ed43cb1b234829e97186","isMergeCommit":false,"messageTitle":"Edit UserGuide","messageBody":"","fileTypesAndContributionMap":{"docs":{"insertions":41,"deletions":40}}},{"hash":"f923d35f7892f8e0b28a07aa5f02905fc09922de","isMergeCommit":true,"messageTitle":"Merge branch \u0027AY2324S2-CS2103T-T11-3:master\u0027 into branch-editUserGuide","messageBody":"","fileTypesAndContributionMap":{}}]},{"date":"2024-04-15","commitResults":[{"hash":"62d10f98b71ecaa2e2f37410fffda94b0e6b0cdf","isMergeCommit":true,"messageTitle":"Merge pull request #159 from jonpwk/branch-editUserGuide","messageBody":"Branch edit user guide","fileTypesAndContributionMap":{}}]}],"peienlim":[{"date":"2024-02-25","commitResults":[{"hash":"b40dc7e35a3b3f22b7b30579048c225c87693056","isMergeCommit":true,"messageTitle":"Merge pull request #1 from AY2324S2-CS2103T-T11-3/switch-docs-to-markbind","messageBody":"Merge switch-docs-to-markbind to master","fileTypesAndContributionMap":{}}]},{"date":"2024-03-06","commitResults":[{"hash":"782844cdaedc99a2c6f5d6f698b6b9f1ff3254ef","isMergeCommit":false,"messageTitle":"Update AboutUs","messageBody":"","fileTypesAndContributionMap":{"docs":{"insertions":17,"deletions":33}}}]},{"date":"2024-03-10","commitResults":[{"hash":"73865a1e2d2229eacda704219c7a7a3e43e79b15","isMergeCommit":true,"messageTitle":"Merge pull request #19 from cleowenxuan/branch-README","messageBody":"Update README file","fileTypesAndContributionMap":{}}]},{"date":"2024-03-11","commitResults":[{"hash":"f07c114d177af711d23f0608ee12ff04dbef0f7d","isMergeCommit":true,"messageTitle":"Merge pull request #22 from jonpwk/master","messageBody":"Edit DeveloperGuide","fileTypesAndContributionMap":{}},{"hash":"1736f48ef0d1cef019eb29dbf3ee23985cada8cd","isMergeCommit":true,"messageTitle":"Merge pull request #23 from jonpwk/branch-editDeveloperGuide","messageBody":"Edit DeveloperGuide","fileTypesAndContributionMap":{}}]},{"date":"2024-03-12","commitResults":[{"hash":"5e2402a0b7d993dbd2b0703d68403fd6b986b96c","isMergeCommit":false,"messageTitle":"Create UniqueTagList class and methods","messageBody":"","fileTypesAndContributionMap":{"functional-code":{"insertions":9,"deletions":0}}},{"hash":"8a8839259077ca6f3ebdfede630ee480ed40741c","isMergeCommit":false,"messageTitle":"Create UniqueTagList class and methods","messageBody":"","fileTypesAndContributionMap":{"functional-code":{"insertions":100,"deletions":2}}}]},{"date":"2024-03-13","commitResults":[{"hash":"931ad50358bf4916a9b116b3350b6fd4a0ad1d91","isMergeCommit":false,"messageTitle":"Add UniqueTagList var and methods for AddressBook class","messageBody":"","fileTypesAndContributionMap":{"functional-code":{"insertions":61,"deletions":3}}},{"hash":"8a3fd80ae87bcad4a9fff51002334b1f7db9b37f","isMergeCommit":false,"messageTitle":"Implement JSON serializing of tag list","messageBody":"","fileTypesAndContributionMap":{"functional-code":{"insertions":27,"deletions":14}}}]},{"date":"2024-03-15","commitResults":[{"hash":"c1e9956af7a3432ae6782205cdf37cfb1697f852","isMergeCommit":true,"messageTitle":"Merge pull request #28 from peterXGD/branch-UG-Update","messageBody":"Add UG v1.1 as a template to add v1.2 features","fileTypesAndContributionMap":{}},{"hash":"8a2178faf65446aa27513b97f2b2adfe04630fa6","isMergeCommit":false,"messageTitle":"Minor changes to fix failing build","messageBody":"","fileTypesAndContributionMap":{"functional-code":{"insertions":7,"deletions":1}}},{"hash":"ac7228e44af24c4e93704c596c91e93fb17de769","isMergeCommit":false,"messageTitle":"Minor change to fix failing build","messageBody":"","fileTypesAndContributionMap":{"functional-code":{"insertions":0,"deletions":1}}}]},{"date":"2024-03-17","commitResults":[{"hash":"b572b29c5a1cd393c670ee3c193ca82991de9087","isMergeCommit":false,"messageTitle":"Implement and update tests for new classes and methods","messageBody":"","fileTypesAndContributionMap":{"functional-code":{"insertions":85,"deletions":13},"test-code":{"insertions":195,"deletions":4}}},{"hash":"a14ea37e8c260e8101353f22e316b3a820255a1c","isMergeCommit":true,"messageTitle":"Merge branch \u0027master\u0027 into branch-TagListClass","messageBody":"","fileTypesAndContributionMap":{}},{"hash":"211aab8d7c34a5f7c480894239982f4019db1bd9","isMergeCommit":false,"messageTitle":"Add more tests for AddressBook class to improve code coverage","messageBody":"","fileTypesAndContributionMap":{"test-code":{"insertions":71,"deletions":7}}},{"hash":"0779856d50953cf28666c5326eeaa95e878bf508","isMergeCommit":false,"messageTitle":"Minor changes to AddressBookTest to address build issues","messageBody":"","fileTypesAndContributionMap":{"test-code":{"insertions":6,"deletions":16}}}]},{"date":"2024-03-21","commitResults":[{"hash":"a8764e29ee57e6b97c3967b654191da74fe03714","isMergeCommit":true,"messageTitle":"Merge pull request #36 from jonpwk/branch-addTagCommand","messageBody":"Minor Bug Fixes","tags":["v1.2"],"fileTypesAndContributionMap":{}}]},{"date":"2024-03-28","commitResults":[{"hash":"f46ca7d2c2a915cf9d77a03cc052d8b303a6c9ab","isMergeCommit":false,"messageTitle":"Update model class diagram","messageBody":"","fileTypesAndContributionMap":{"docs":{"insertions":6,"deletions":1}}},{"hash":"02a3491876254a3435a9e04bc5f7bb33f2e064e1","isMergeCommit":false,"messageTitle":"Update StorageClassDiagram and developer guide","messageBody":"","fileTypesAndContributionMap":{"docs":{"insertions":26,"deletions":10}}}]},{"date":"2024-03-29","commitResults":[{"hash":"9e826f4b34aa59bc89bf76b2f77de30dc971a764","isMergeCommit":true,"messageTitle":"Merge pull request #44 from peienlim/branch-updateDgPeiEn","messageBody":"Update developer guide and class diagrams","fileTypesAndContributionMap":{}}]},{"date":"2024-03-30","commitResults":[{"hash":"6ea29c09425ad8ff8d77718c6b2d98a62dd6a2da","isMergeCommit":false,"messageTitle":"Create new EventListPanel class","messageBody":"","fileTypesAndContributionMap":{"functional-code":{"insertions":50,"deletions":0}}},{"hash":"8f6758a5fc8a102753eedb1c89e32852869db805","isMergeCommit":false,"messageTitle":"Create EventCard class and fxml files for event tab section","messageBody":"","fileTypesAndContributionMap":{"functional-code":{"insertions":73,"deletions":4}}}]},{"date":"2024-03-31","commitResults":[{"hash":"28dd1b6e1b14757b8dfab7407bdb1dd1a51d9f6a","isMergeCommit":false,"messageTitle":"Fix EventCard class for event tab switcher UI","messageBody":"","fileTypesAndContributionMap":{"functional-code":{"insertions":41,"deletions":28}}},{"hash":"ad49b2b8cc93f9a135f7bdcd92c26bcdb90ae381","isMergeCommit":false,"messageTitle":"Add additional eventTagList for addressbook class","messageBody":"","fileTypesAndContributionMap":{"functional-code":{"insertions":62,"deletions":2}}},{"hash":"28d0439531e7193ceac7275da7494333928e4680","isMergeCommit":false,"messageTitle":"Implement JsonAdaptedEventTag for proper storage of event tag list","messageBody":"","fileTypesAndContributionMap":{"functional-code":{"insertions":95,"deletions":1}}},{"hash":"06fb7388bef05487b8305559eff4af6ba5c2bc8c","isMergeCommit":false,"messageTitle":"Minor edit to add duplicate event tag message","messageBody":"","fileTypesAndContributionMap":{"functional-code":{"insertions":2,"deletions":1}}},{"hash":"e8b381ce757dc1a13b4feafb5a2a539782819cc4","isMergeCommit":false,"messageTitle":"Edits to fix build issues","messageBody":"","fileTypesAndContributionMap":{"functional-code":{"insertions":12,"deletions":13},"test-code":{"insertions":11,"deletions":2}}}]},{"date":"2024-04-01","commitResults":[{"hash":"8e193a23bff987d4c2b919a473b1f83aaed40228","isMergeCommit":false,"messageTitle":"Implement use of generics for UniqueTagList class to handle both Tags and EventTags","messageBody":"","fileTypesAndContributionMap":{"functional-code":{"insertions":31,"deletions":30},"test-code":{"insertions":8,"deletions":8}}},{"hash":"d29f5211aec886b96f784315ce0e04b54763f268","isMergeCommit":false,"messageTitle":"Edit JsonAdaptedEventTag to properly store event tag list on exit","messageBody":"","fileTypesAndContributionMap":{"functional-code":{"insertions":8,"deletions":11}}},{"hash":"6b9805603bf2571fc1c97eb52a44fa4568695364","isMergeCommit":true,"messageTitle":"Merge branch \u0027branch-eventTagList\u0027 into branch-eventSwitcherUI","messageBody":"","fileTypesAndContributionMap":{}},{"hash":"536dc2b90c9edbaea37c4d200358b08429285cca","isMergeCommit":false,"messageTitle":"Modify event panel list to display event tags in addressbook","messageBody":"","fileTypesAndContributionMap":{"functional-code":{"insertions":33,"deletions":3}}}]},{"date":"2024-04-02","commitResults":[{"hash":"8bb88f88d10c210c2f0f60e64f7a887f202c4077","isMergeCommit":false,"messageTitle":"Edit searchTag command to search via event tags","messageBody":"","fileTypesAndContributionMap":{"functional-code":{"insertions":123,"deletions":18},"test-code":{"insertions":45,"deletions":3}}},{"hash":"8bbd0c63d5b62c7cc794978fc06df77acd962195","isMergeCommit":false,"messageTitle":"Modify Person class to store set of events","messageBody":"","fileTypesAndContributionMap":{"functional-code":{"insertions":29,"deletions":2}}},{"hash":"f6720f3ae7e6a2e91348ff121f7748306a040e25","isMergeCommit":true,"messageTitle":"Merge branch \u0027master\u0027 into branch-eventSwitcherUI","messageBody":"","fileTypesAndContributionMap":{}},{"hash":"8ef8626da7cd246a483d3270f87562f2d08c7290","isMergeCommit":false,"messageTitle":"Minor edit to fix build issue","messageBody":"","fileTypesAndContributionMap":{"functional-code":{"insertions":1,"deletions":1}}},{"hash":"e0e5565d92cbc583060374ceae02a84458b4245d","isMergeCommit":true,"messageTitle":"Merge pull request #55 from peienlim/branch-eventSwitcherUI","messageBody":"Implement Event Switcher UI","fileTypesAndContributionMap":{}},{"hash":"1400de5d94fbbb86cbfd4f1d0edd07ef164d878e","isMergeCommit":true,"messageTitle":"Merge new changes and resolve merge conflict in Person.java","messageBody":"","fileTypesAndContributionMap":{}},{"hash":"3c059b5f47716ff6a5ddf49177e2954eb02d510e","isMergeCommit":false,"messageTitle":"Edit Person and JsonAdaptedPerson classes to include list of event tags of person","messageBody":"","fileTypesAndContributionMap":{"functional-code":{"insertions":26,"deletions":2}}},{"hash":"a43236573430e078fc8590613fbb0267f360fcae","isMergeCommit":false,"messageTitle":"Modify classes related to Person and test cases","messageBody":"","fileTypesAndContributionMap":{"functional-code":{"insertions":58,"deletions":8},"test-code":{"insertions":36,"deletions":11}}},{"hash":"4c20eacc30b2d87e28c08625acdb249797592258","isMergeCommit":true,"messageTitle":"Merge pull request #58 from peienlim/branch-personEventTagList","messageBody":"Event tag list for Person class ","fileTypesAndContributionMap":{}}]},{"date":"2024-04-03","commitResults":[{"hash":"0f410d90c6cb1bd42b7abca3c700b02270b677e1","isMergeCommit":false,"messageTitle":"Implement logic to display persons correctly when searching by events","messageBody":"","fileTypesAndContributionMap":{"functional-code":{"insertions":16,"deletions":7}}},{"hash":"8fbd3d47284298a005b2e3b3b819d3a201b84baf","isMergeCommit":false,"messageTitle":"Modify event switcher UI to highlight selected event","messageBody":"","fileTypesAndContributionMap":{"functional-code":{"insertions":77,"deletions":5}}},{"hash":"3928fdfc97aea847ceb80560863a286bfd0fd893","isMergeCommit":false,"messageTitle":"Modify person cards to display event tags of person","messageBody":"","fileTypesAndContributionMap":{"functional-code":{"insertions":20,"deletions":0}}},{"hash":"8e8b48bbef2632ae93895b93d334aca1403ad94e","isMergeCommit":false,"messageTitle":"Fix bugs for search function","messageBody":"","fileTypesAndContributionMap":{"functional-code":{"insertions":31,"deletions":9},"test-code":{"insertions":10,"deletions":0}}},{"hash":"d7cefc239338edbb9eb09f4d4010403976d50152","isMergeCommit":false,"messageTitle":"Minor edits","messageBody":"","fileTypesAndContributionMap":{"functional-code":{"insertions":26,"deletions":16}}},{"hash":"c57a5d61de3e581134cbb3629118b8ee853b4811","isMergeCommit":false,"messageTitle":"Remove CurrentEventTagListener class and minor edit to fix checkstyle error","messageBody":"","fileTypesAndContributionMap":{"functional-code":{"insertions":0,"deletions":7}}},{"hash":"8d13b9117beaaf95ed2becb7ca48a019f5e2e0d8","isMergeCommit":true,"messageTitle":"Merge branch \u0027master\u0027 into branch-assignCommand","messageBody":"","fileTypesAndContributionMap":{}},{"hash":"a737bcf0db7401fa6e883ba03d0e616c32ea1dec","isMergeCommit":true,"messageTitle":"Merge pull request #59 from jonpwk/branch-assignCommand","messageBody":"Add assign command","fileTypesAndContributionMap":{}}]},{"date":"2024-04-04","commitResults":[{"hash":"3afdf36f3282d4173976badd09b7c1ab734e8505","isMergeCommit":true,"messageTitle":"Merge branch \u0027master\u0027 into branch-AssignEventTags","messageBody":"","fileTypesAndContributionMap":{}},{"hash":"dc2dce0c630209669f1ed05abfb96f0c0190f286","isMergeCommit":true,"messageTitle":"Merge pull request #64 from cleowenxuan/branch-SwitchCommand","messageBody":"Create SwitchCommand feature to switch between event tags","fileTypesAndContributionMap":{}},{"hash":"63df22e76e7ba6e0f630df7cd21799fafc6562b5","isMergeCommit":true,"messageTitle":"Merge pull request #65 from jonpwk/branch-buildShadowJar","messageBody":"Edit for correct sample JSON file creation","fileTypesAndContributionMap":{}},{"hash":"fe826ad654ffbf3ab52b4b575b8083bc8b6993ed","isMergeCommit":true,"messageTitle":"Merge pull request #66 from jonpwk/branch-assignCommand","messageBody":"Edit logic to display correct error message","fileTypesAndContributionMap":{}},{"hash":"298a8eee3cec2c584348babe6318957e70b627b1","isMergeCommit":false,"messageTitle":"Edit UG for new Switch command","messageBody":"","fileTypesAndContributionMap":{"docs":{"insertions":14,"deletions":0}}},{"hash":"3f27a9e7700412756c9621dff514b170d2c31e2a","isMergeCommit":false,"messageTitle":"Minor edit to fix search command bug","messageBody":"","fileTypesAndContributionMap":{"functional-code":{"insertions":2,"deletions":2}}},{"hash":"d5e679f4f50c78f3a431fe7fabd63da75374862a","isMergeCommit":true,"messageTitle":"Merge pull request #63 from cleowenxuan/branch-AssignEventTags","messageBody":"Update AssignCommand to assign event tags","fileTypesAndContributionMap":{}},{"hash":"f069f2210ae4d96b98de53ed9d89aa737213f888","isMergeCommit":true,"messageTitle":"Merge branch \u0027master\u0027 into branch-UpdateUserGuide","messageBody":"","fileTypesAndContributionMap":{}},{"hash":"d74293e1afc211d7718a094dd8daf9bed16e27d1","isMergeCommit":true,"messageTitle":"Merge pull request #69 from cleowenxuan/branch-UpdateUserGuide","messageBody":"Update User Guide","fileTypesAndContributionMap":{}},{"hash":"596fe2e31ba261f52085a1c200c18eca10acec3c","isMergeCommit":true,"messageTitle":"Merge pull request #68 from peienlim/branch-addressbookjson","messageBody":"Update addressbook.json and SearchCommandParser","fileTypesAndContributionMap":{}},{"hash":"f276102cb683fe46da583de606f0e0f87034f91a","isMergeCommit":true,"messageTitle":"Merge pull request #70 from owenong1/branch-updateUG1.3","messageBody":"UG update for 1.3.1 release","tags":["v1.3"],"fileTypesAndContributionMap":{}}]},{"date":"2024-04-10","commitResults":[{"hash":"1532364e6a2b999a84c82bdef83db5fc186aa29d","isMergeCommit":false,"messageTitle":"Bugfix: ensure tags of persons updated upon creation and assignment","messageBody":"","fileTypesAndContributionMap":{"functional-code":{"insertions":3,"deletions":0}}}]},{"date":"2024-04-11","commitResults":[{"hash":"1e4f7189446c8cb83cd2a626625375c318354637","isMergeCommit":false,"messageTitle":"Add test cases for UniqueTagList class","messageBody":"","fileTypesAndContributionMap":{"functional-code":{"insertions":2,"deletions":1},"test-code":{"insertions":50,"deletions":3}}},{"hash":"0b09734d348e83ed31bb1cb7841624ca31bedb13","isMergeCommit":false,"messageTitle":"Fix checkstyle issues for unique tag list and test classes","messageBody":"","fileTypesAndContributionMap":{"functional-code":{"insertions":0,"deletions":1},"test-code":{"insertions":6,"deletions":1}}},{"hash":"63c088e853419f7d1b54fd6ea11cf4afbaebe81c","isMergeCommit":false,"messageTitle":"Add test cases for EventTag class","messageBody":"","fileTypesAndContributionMap":{"test-code":{"insertions":48,"deletions":0}}},{"hash":"753634308c24a3461349607f9d5f163cad2d9c31","isMergeCommit":false,"messageTitle":"Add test cases for SwitchCommand class","messageBody":"","fileTypesAndContributionMap":{"test-code":{"insertions":255,"deletions":0}}},{"hash":"4de320ce419950974a04cb8474acdcd79fa493ef","isMergeCommit":false,"messageTitle":"Add test cases for SwitchCommandParser class and minor edit for SwitchCommandTest class","messageBody":"","fileTypesAndContributionMap":{"test-code":{"insertions":37,"deletions":1}}},{"hash":"ba02fc61361909361ec832105573425db620f5df","isMergeCommit":true,"messageTitle":"Merge branch \u0027master\u0027 into branch-eventTagUiBug","messageBody":"","fileTypesAndContributionMap":{}},{"hash":"74cdef0c09d03e65c9ec502644080e968e4375cd","isMergeCommit":true,"messageTitle":"Merge pull request #141 from peienlim/branch-eventTagUiBug","messageBody":"Bugfix: ensure tags of persons updated upon creation and assignment","fileTypesAndContributionMap":{}},{"hash":"c9e5049f3e43a3887896a07041e55666b010ed2c","isMergeCommit":true,"messageTitle":"Merge pull request #146 from peienlim/branch-tagClassesTests","messageBody":"Test cases for tag related classes ","fileTypesAndContributionMap":{}}]},{"date":"2024-04-13","commitResults":[{"hash":"d8ee2a044d64413451e047c5d372baae0189693a","isMergeCommit":false,"messageTitle":"Add new sections and re-order sections","messageBody":"","fileTypesAndContributionMap":{"docs":{"insertions":15,"deletions":8}}},{"hash":"8f12c9d66c7c7bb1af915a49893531bdade54b95","isMergeCommit":true,"messageTitle":"Merge branch \u0027master\u0027 into branch-updateUG","messageBody":"","fileTypesAndContributionMap":{}},{"hash":"3ae80567639893b44721a52e7c9747dc9f3a1bfd","isMergeCommit":false,"messageTitle":"Add GUI section","messageBody":"","fileTypesAndContributionMap":{"docs":{"insertions":20,"deletions":3}}},{"hash":"ebb8446260259318270aeb97feeb6c72031a5679","isMergeCommit":true,"messageTitle":"Merge pull request #147 from peienlim/branch-SwitchCommandTests","messageBody":"Add test cases for Switch command ","fileTypesAndContributionMap":{}}]},{"date":"2024-04-14","commitResults":[{"hash":"d8b1086139362bab24c8458a0305b5907d59ecc6","isMergeCommit":false,"messageTitle":"Add new try out your first commands section","messageBody":"","fileTypesAndContributionMap":{"docs":{"insertions":35,"deletions":5}}}]},{"date":"2024-04-15","commitResults":[{"hash":"66d630c2eb07c349c632ef8adfb0d98b7146d416","isMergeCommit":false,"messageTitle":"Edits for minor typos and addition of page break","messageBody":"","fileTypesAndContributionMap":{"docs":{"insertions":26,"deletions":10}}},{"hash":"0f869a7a4060ab193575b4f1db834562ca03a9b7","isMergeCommit":true,"messageTitle":"Merge pull request #164 from peienlim/branch-updateUG","messageBody":"Edits for minor typos and addition of page break","fileTypesAndContributionMap":{}}]}]},"authorFileTypeContributionMap":{"cleowenxuan":{"docs":227,"functional-code":324,"test-code":221,"other":4},"peterXGD":{"docs":156,"functional-code":432,"test-code":178},"owenong1":{"docs":53,"functional-code":413,"test-code":43},"jonpwk":{"docs":281,"functional-code":476,"test-code":131,"other":1},"peienlim":{"docs":99,"functional-code":850,"test-code":728}},"authorContributionVariance":{"cleowenxuan":6567.89,"peterXGD":5045.429,"owenong1":2213.1936,"jonpwk":8618.183,"peienlim":10120.139},"authorDisplayNameMap":{"cleowenxuan":"CS2103T-T11-3 TAY ..CLEO","peterXGD":"CS2103T-T11-3 LI Y..IFEI","owenong1":"CS2103T-T11-3 ONG ..OWEN","jonpwk":"CS2103T-T11-3 PUA ..THAN","peienlim":"CS2103T-T11-3 LIM ..I EN"}}
