{"authorDailyContributionsMap":{"JuliaPoo":[{"date":"2024-03-03","commitResults":[{"hash":"929e75f1a864428141dc8315d6e6818e344dd1cb","isMergeCommit":false,"messageTitle":"Updated AboutUs.md and added portfolios for each member (#15)","messageBody":"* Docs: Updated AboutUs.md\r\n\r\nUpdated according to https://nus-cs2103-ay2324s2.github.io/website/schedule/week7/project.html\r\nIt is not completed, we require other members to add their profile pictures.\r\n\r\n* Update AboutUs.md","fileTypesAndContributionMap":{"docs":{"insertions":80,"deletions":23}}}]},{"date":"2024-03-07","commitResults":[{"hash":"abd771c93a28918f4ad29e305cab259478e9ac9d","isMergeCommit":false,"messageTitle":"Docs: Updated glossary (#16)","messageBody":"","fileTypesAndContributionMap":{"docs":{"insertions":7,"deletions":0}}},{"hash":"7b29ee45f34b02114bade29e804ba3119999b723","isMergeCommit":false,"messageTitle":"Update non-functional requirements. (#17)","messageBody":"* Docs: Update non-functional requirements.\r\n\r\n* Fix spacing\r\n\r\n---------\r\n\r\nCo-authored-by: Ken Jin \u003ckenjin4096@gmail.com\u003e","fileTypesAndContributionMap":{"docs":{"insertions":13,"deletions":3}}}]},{"date":"2024-03-22","commitResults":[{"hash":"b6e4c3cda1f61e15fcc2350a4057ad303b9952d0","isMergeCommit":false,"messageTitle":"Fixes 2 puml files (#54)","messageBody":"1. BetterModelClassDiagram.puml now allows multiple Cca to be referenced by Person\r\n2. ModelClassDiagram.puml now uses Cca instead of CCA","fileTypesAndContributionMap":{"docs":{"insertions":7,"deletions":5}}},{"hash":"8626b46df8dec69b1a78f4583b536d8562b77454","isMergeCommit":false,"messageTitle":"Implements Role and CCA labels in PersonCard (#52)","messageBody":"* Implements Role and CCA labels in PersonCard\r\n\r\n* Fixes checkstyle violations","fileTypesAndContributionMap":{"functional-code":{"insertions":29,"deletions":7}}}]},{"date":"2024-03-25","commitResults":[{"hash":"e86664b53ff3bdd10ed201645a3f8ee45e214646","isMergeCommit":false,"messageTitle":"Add an introduction to the UG (#74)","messageBody":"* Add an introduction to the UG\r\n\r\n* Update UserGuide.md","fileTypesAndContributionMap":{"docs":{"insertions":38,"deletions":1}}},{"hash":"53f7738d9b882e09eb1d3fc28b07eeb230a90524","isMergeCommit":false,"messageTitle":"Adds FAQ questions in UG (#75)","messageBody":"","fileTypesAndContributionMap":{"docs":{"insertions":15,"deletions":1}}}]},{"date":"2024-03-27","commitResults":[{"hash":"a583dbccd9e58fb08ceebc6f9f2bb9df3348bd79","isMergeCommit":false,"messageTitle":"Edits the UG up till Tutorials (#82)","messageBody":"* Edits the UG up till Tutorials\r\n\r\n* Renames section in UG\r\n\r\n* Fix `edit` reference in UG","fileTypesAndContributionMap":{"other":{"insertions":11,"deletions":0},"docs":{"insertions":87,"deletions":51}}},{"hash":"79bf7d59c98bc1fe64e616be55687486004164b5","isMergeCommit":false,"messageTitle":"Style print navbar in UG (#84)","messageBody":"* Style print navbar in UG\r\n\r\n* Update main.css","fileTypesAndContributionMap":{"other":{"insertions":37,"deletions":0},"docs":{"insertions":1,"deletions":1}}}]},{"date":"2024-03-29","commitResults":[{"hash":"1871c82bed8d3776134128b9964961678ff3d485","isMergeCommit":false,"messageTitle":"Refactor from tag to role and fix many issues (#93)","messageBody":"1. Fixed `edit` command not being able to edit CCAs only\r\n2. Fixed `Role`s not being able to have spaces (contradicts examples in the UG)\r\n2. Fixed `edit` command example is malformed\r\n3. Wrong `assign` documentation\r\n4. A bunch of string builders were missing CCA field\r\n  - Also fixed the serialising tests to include the CCA field\r\n5. A bunch of code that is `Cca` object adjacent has documentation that mentions `tag` instead of `cca`.","fileTypesAndContributionMap":{"functional-code":{"insertions":244,"deletions":243},"other":{"insertions":2,"deletions":2},"docs":{"insertions":27,"deletions":27},"test-code":{"insertions":190,"deletions":188}}},{"hash":"b81a63d81022baeacd4c908aa4a32a7d5c027697","isMergeCommit":false,"messageTitle":"Documents the Proposed Better CCA-level Actions Meta-feature (#100)","messageBody":"Also fixed DG styling.\r\n\r\nCo-authored-by: chuahjiajie \u003c122253924+chuahjiajie@users.noreply.github.com\u003e","fileTypesAndContributionMap":{"other":{"insertions":0,"deletions":6},"docs":{"insertions":152,"deletions":1}}}]},{"date":"2024-03-31","commitResults":[{"hash":"62205c918db698648e388259969e176c969640bb","isMergeCommit":false,"messageTitle":"Implement UniqueCcaList and updated the DG (#104)","messageBody":"* Implement UniqueCcaList and updated the DG\r\n\r\n1. When Person gets added/editted in the AddressBook, a new Person\r\nis created uses Cca objects from AddressBook.ccas (of type UniqueCcaList).\r\nThis ensures that Person objects from AddressBook has the same Cca objects.\r\nThis allows us to store meta-data in Cca objects that is immediately shared\r\nacross all Person objects that has the same Cca. At the same time, no\r\nmodifications to Command is needed, as everything is performed at the\r\nAddressBook level.\r\n\r\n2. The serialiser for AddressBook is modified to also serialise a list of\r\nCca objects. Do delete your addressbook.json before testing this new code.\r\n\r\n3. In the future, UniqueCcaList will be made up of CcaFull objects, which\r\nare derived from Cca class but contain metadata. Person will still use Cca\r\nobjects.\r\n\r\n* Update UniqueCcaList.java\r\n\r\n* Fix bug caused by merge with master","fileTypesAndContributionMap":{"functional-code":{"insertions":301,"deletions":9},"docs":{"insertions":2,"deletions":2},"test-code":{"insertions":7,"deletions":0}}}]},{"date":"2024-04-04","commitResults":[{"hash":"3b851cf2b44b8e4a1c0f759a4abb30dd915fba81","isMergeCommit":false,"messageTitle":"Implement displaying of CCA (#109)","messageBody":"","fileTypesAndContributionMap":{"functional-code":{"insertions":385,"deletions":56},"other":{"insertions":1,"deletions":1},"docs":{"insertions":1,"deletions":1},"test-code":{"insertions":11,"deletions":0}}}]},{"date":"2024-04-09","commitResults":[{"hash":"8b3731f3546436cdb6e512a361388c032aa4d8e1","isMergeCommit":false,"messageTitle":"Fix metadata null exceptions (#179)","messageBody":"* Fix metadata null exceptions\r\n\r\nI attempted to manually find and handle null exceptions\r\nstemming from the optional argument in Add, however, I\r\nsoon gave up and decided to change Person.metadata into\r\nand Optional and let the type system tell me what to change.\r\n\r\n* Update Person.java","fileTypesAndContributionMap":{"functional-code":{"insertions":36,"deletions":13},"test-code":{"insertions":13,"deletions":6}}}]},{"date":"2024-04-11","commitResults":[{"hash":"a5f0ecd367b7aa18d8376718f8c8357025498737","isMergeCommit":false,"messageTitle":"Fix removal of CCA when no more members in CCA (#183)","messageBody":"","fileTypesAndContributionMap":{"functional-code":{"insertions":34,"deletions":15}}}]},{"date":"2024-04-12","commitResults":[{"hash":"8f4e2ad0419aa8e1279b1da509f9088858a393b3","isMergeCommit":false,"messageTitle":"Fix result messages and error messages (#184)","messageBody":"* Fix result messages and error messages\r\n\r\n* Fix tests","fileTypesAndContributionMap":{"functional-code":{"insertions":90,"deletions":27},"test-code":{"insertions":39,"deletions":25}}},{"hash":"834a24efe4720a9838b24e148b2e069d3838285f","isMergeCommit":false,"messageTitle":"Change r/ and c/ as a way to clear the fields to r/nil and c/nil (#186)","messageBody":"","fileTypesAndContributionMap":{"functional-code":{"insertions":21,"deletions":8},"test-code":{"insertions":3,"deletions":2}}}]},{"date":"2024-04-13","commitResults":[{"hash":"96a3e71071140fc376ed09e09a4327984d62e262","isMergeCommit":false,"messageTitle":"Fix sample data and added text wrap to UI (#189)","messageBody":"","fileTypesAndContributionMap":{"functional-code":{"insertions":29,"deletions":12}}}]},{"date":"2024-04-14","commitResults":[{"hash":"7cbcdee7304f39d02dfefe3e7e7de3eca98f19b7","isMergeCommit":false,"messageTitle":"WIP User Guide (#192)","messageBody":"* Improved per-feature template and started refactoring UG\r\n\r\n* Major refactor of UG\r\n\r\n* Cleanup","fileTypesAndContributionMap":{"other":{"insertions":28,"deletions":7},"docs":{"insertions":376,"deletions":242}}},{"hash":"f4b6045940009310b3e89c7915cd7bf7cf65a579","isMergeCommit":false,"messageTitle":"Fix broken link detector (#193)","messageBody":"","fileTypesAndContributionMap":{"docs":{"insertions":2,"deletions":2}}},{"hash":"df3367f60eaef410848d970a31a12f816c1141ef","isMergeCommit":false,"messageTitle":"Fix multiple issues (#188)","messageBody":"* Fix multiple issues\r\n\r\n1. Error when `charge` does nothing.\r\n2. Error when `cca_delete` tries to delete a CCA that does not exist.\r\n3. Correct `ChargeCommand.MESSAGE_USAGE`.\r\n4. Correct `DeleteCcaCommand.MESSAGE_USAGE`.\r\n5. Added details to `FilterCommand.MESSAGE_USAGE`.\r\n6. Correct `OweCommand.MESSAGE_USAGE`.\r\n7. Fix parsing for OweCommand where multiple `m/` were allowed but not handled.\r\n\r\n* Improve message for DeleteCcaCommand\r\n\r\n* Fix wrong parsing of AddCommand and EditCommand","fileTypesAndContributionMap":{"functional-code":{"insertions":54,"deletions":38}}},{"hash":"a6c374063df16a00ea7f63d22ad901527522b146","isMergeCommit":false,"messageTitle":"Partially filled command formats (#197)","messageBody":"* Partially filled command formats\r\n\r\nStill need to add `info`, `warnings` and `tips`\r\n\r\n* Fix header level","fileTypesAndContributionMap":{"docs":{"insertions":328,"deletions":16}}}]},{"date":"2024-04-15","commitResults":[{"hash":"ceb78f45634cde50ba7eea43ed47dbb0e96ef04a","isMergeCommit":false,"messageTitle":"Added navigation links throughout the UG (#200)","messageBody":"* Add navigation throughout the user guide\r\n\r\n* Fix checkstyle","fileTypesAndContributionMap":{"docs":{"insertions":180,"deletions":11}}},{"hash":"934660639490df2bcd38f8495c990d9fafe2efb1","isMergeCommit":false,"messageTitle":"Improve formatting (mostly) (#206)","messageBody":"* Improve formatting (mostly)\r\n\r\n* Improve formatting (mostly)\r\n\r\n* Update docs/UserGuide.md\r\n\r\nCo-authored-by: Ken Jin \u003ckenjin4096@gmail.com\u003e\r\n\r\n* Update docs/UserGuide.md\r\n\r\nCo-authored-by: Ken Jin \u003ckenjin4096@gmail.com\u003e\r\n\r\n* Address comments\r\n\r\n* Add a TODO\r\n\r\n---------\r\n\r\nCo-authored-by: Ken Jin \u003ckenjin4096@gmail.com\u003e","fileTypesAndContributionMap":{"other":{"insertions":1,"deletions":0},"docs":{"insertions":173,"deletions":97}}},{"hash":"6bfd170a3f0d683adc298896bfb69d8157e38923","isMergeCommit":false,"messageTitle":"fix css for ug (#215)","messageBody":"","fileTypesAndContributionMap":{"other":{"insertions":1,"deletions":1}}},{"hash":"a2990091bf511435ae55c83541707305427078ef","isMergeCommit":false,"messageTitle":"Add descriptions for assign command (#217)","messageBody":"","fileTypesAndContributionMap":{"docs":{"insertions":13,"deletions":1}}},{"hash":"16657444c66f6f296a1c7d8b3f1b5b77ad28c9f5","isMergeCommit":false,"messageTitle":"Finalise UG (#219)","messageBody":"","fileTypesAndContributionMap":{"docs":{"insertions":6,"deletions":6}}},{"hash":"041069293a3a32d5c2231cc8fe20fead43447418","isMergeCommit":false,"messageTitle":"Fix warnings from AssignCommand (#220)","messageBody":"","tags":["v1.4"],"fileTypesAndContributionMap":{"functional-code":{"insertions":5,"deletions":11}}}]}],"chuahjiajie":[{"date":"2024-03-07","commitResults":[{"hash":"aca1d6a0a9a6e7e2d5b8f4c2f01acd7eeeebc7ad","isMergeCommit":false,"messageTitle":"Update AboutUs (#27)","messageBody":"* Comply with .png format\r\n\r\nChange the names of the following images:\r\nchuahjiajie.jpg -\u003e chuahjiajie.png\r\n\r\nAdditionally, the image source for the \"Lifu\"\r\nprofile was adjusted to the .png file instead\r\nof the .jpg file.\r\n\r\n* Remove \"title:\"\r\n\r\nIncluding \"title:\" was evoking an error.\r\n\r\n* Add Deliverables and Deadlines Role\r\n\r\nAppended \"Deliverables and Deadlines\" role to\r\nprofile of Chuah Jia Jie.\r\n\r\n---------\r\n\r\nCo-authored-by: chuahjiajie \u003cjiajiechuah@gmail.com\u003e","fileTypesAndContributionMap":{"docs":{"insertions":5,"deletions":3}}},{"hash":"298e536bc5527abf8934ca49379a8c69cc4cbde1","isMergeCommit":false,"messageTitle":"Add \"title:\" Back to Heading (#32)","messageBody":"* Comply with .png format\r\n\r\nChange the names of the following images:\r\nchuahjiajie.jpg -\u003e chuahjiajie.png\r\n\r\nAdditionally, the image source for the \"Lifu\"\r\nprofile was adjusted to the .png file instead\r\nof the .jpg file.\r\n\r\n* Remove \"title:\"\r\n\r\nIncluding \"title:\" was evoking an error.\r\n\r\n* Add Deliverables and Deadlines Role\r\n\r\nAppended \"Deliverables and Deadlines\" role to\r\nprofile of Chuah Jia Jie.\r\n\r\n* Add \"title:\" Back\r\n\r\nAdded the \"title:\" portion back to the\r\nAboutUs file.\r\n\r\n---------\r\n\r\nCo-authored-by: chuahjiajie \u003cjiajiechuah@gmail.com\u003e","fileTypesAndContributionMap":{"docs":{"insertions":1,"deletions":1}}}]},{"date":"2024-03-21","commitResults":[{"hash":"f5f67df896a4cc307699bfef4c588491966d938f","isMergeCommit":false,"messageTitle":"Add CCA Label (#47)","messageBody":"* Add CCA CLI Syntax\r\n\r\n* Add CCA Object\r\n\r\n* Edit Person to Include CCA\r\n\r\n* Add ParseUtil Compliance with CCA\r\n\r\n* Edit Add Command\r\n\r\nMade Add Command comply with\r\nCCA.\r\n\r\n* Edit Edit Command\r\n\r\n* Edit Edit Parser\r\n\r\n* Create JsonAdaptedCCA\r\n\r\n* Edit JsonAdaptedPerson\r\n\r\n* Edit SampleDataUtil\r\n\r\n* Fix CLI Prefix\r\n\r\n* Edit Json Files and Fix Issue\r\n\r\nEdited Json Files to comply with new\r\n\"CCA\" parameter.\r\n\r\nAdditionally, fixed an issue with CCA\r\nclass. Issue was that validation regex\r\nwas incorrect and did not accept\r\nwhitespace.\r\n\r\n* Add CCA to UI\r\n\r\n* Fix JsonAdaptedPerson\r\n\r\nNeglected to add a few lines to\r\nthe constructor.\r\n\r\n* Fix Add Command Error\r\n\r\n* Fix Existing Tests\r\n\r\n* Add CCA Test\r\n\r\n* fix tests\r\n\r\n* Refactor to follow checkstyle.xml\r\n\r\n* Rename appropriate files\r\n\r\n* Refactor to pass checkstyle check\r\n\r\n---------\r\n\r\nCo-authored-by: Ken Jin \u003c28750310+Fidget-Spinner@users.noreply.github.com\u003e\r\nCo-authored-by: Jules \u003cjulia.poo.poo.poo@gmail.com\u003e","fileTypesAndContributionMap":{"functional-code":{"insertions":250,"deletions":17},"test-code":{"insertions":112,"deletions":21}}}]},{"date":"2024-03-22","commitResults":[{"hash":"66944d15ed756e97f9effe4f0a56c52ddaa8619b","isMergeCommit":false,"messageTitle":"Fix StorageClassDiagram.puml (#57)","messageBody":"","tags":["v1.2"],"fileTypesAndContributionMap":{"docs":{"insertions":3,"deletions":1}}}]},{"date":"2024-03-25","commitResults":[{"hash":"5ddd2edbeef90b879a212847b0adb99d3195dbb0","isMergeCommit":false,"messageTitle":"Add Basics Section to UG (#76)","messageBody":"* Add Images\r\n\r\n* Add Clear Command Example\r\n\r\n* Update UserGuide.md\r\n\r\n* Update UserGuide.md","fileTypesAndContributionMap":{"docs":{"insertions":88,"deletions":1}}},{"hash":"3b7a8e181ae25318b3315eefc2fb8c5b60091d19","isMergeCommit":false,"messageTitle":"Fix UserGuide.md (#77)","messageBody":"","fileTypesAndContributionMap":{"docs":{"insertions":1,"deletions":1}}}]},{"date":"2024-03-29","commitResults":[{"hash":"24e6094d897c3a900d4ce65e4cb058accc152baf","isMergeCommit":false,"messageTitle":"Update DG (#99)","messageBody":"Added proposed implementation for\r\nAttendance Tracking feature.","fileTypesAndContributionMap":{"docs":{"insertions":26,"deletions":0}}}]},{"date":"2024-04-05","commitResults":[{"hash":"8de5f05a51c5290ab84d74409349c83b1832f5d4","isMergeCommit":false,"messageTitle":"Add a set attendance feature (#111)","messageBody":"Co-authored-by: Jules \u003cjulia.poo.poo.poo@gmail.com\u003e","tags":["v1.3"],"fileTypesAndContributionMap":{"functional-code":{"insertions":519,"deletions":16},"docs":{"insertions":6,"deletions":6},"test-code":{"insertions":239,"deletions":19}}}]},{"date":"2024-04-14","commitResults":[{"hash":"66a96b71badba9d6f53441feac1ebe4419541e13","isMergeCommit":false,"messageTitle":"Fix Name Accepting Numbers (#195)","messageBody":"* Fix Name Accepting Numbers\r\n\r\n* Fix Tests\r\n\r\nWhitespace test can be removed\r\nbecause .trim() is applied to the input.\r\nSo a string with only whitespace is\r\ninvalid by default.\r\n\r\nHave also checked a name that is only\r\nwhitespace is valid testing the app itself.","fileTypesAndContributionMap":{"functional-code":{"insertions":2,"deletions":2},"test-code":{"insertions":2,"deletions":4}}}]},{"date":"2024-04-15","commitResults":[{"hash":"302804c197a7299725adcc87f742549f882d07b3","isMergeCommit":false,"messageTitle":"Removed Ability to Assign Role for Add, Assign and Edit Commands without CCA (#204)","messageBody":"* Fix JavaDocs\r\n\r\n* Fix Assign without CCA\r\n\r\n* Change AddCommandTest","fileTypesAndContributionMap":{"functional-code":{"insertions":32,"deletions":12},"test-code":{"insertions":10,"deletions":0}}},{"hash":"3fb0a9ac1a12d092f2820917995a045adac76b9e","isMergeCommit":false,"messageTitle":"Change Assign to Append (#209)","messageBody":"* Change Assign to Append\r\n\r\n* Fix Assign Command\r\n\r\nPrevious iteration did not prevent adding of roles\r\ncorrectly. Could still add a role when there was not a\r\nCCA.\r\n\r\nAdditionally, there would be many strange errors after.\r\n\r\n* Remove Broken Test\r\n\r\nThis test does not comply with\r\ncurrent version of assign\r\n\r\n* Fix Checkstyle","fileTypesAndContributionMap":{"functional-code":{"insertions":14,"deletions":2},"test-code":{"insertions":0,"deletions":23}}},{"hash":"e27de02e3e057f2076f1c7feb4b4fd69c7e339a1","isMergeCommit":false,"messageTitle":"Edit Command Automatically Removes Roles when a CCAs are also removed from a Contact (#213)","messageBody":"* Fix EditCommand\r\n\r\nMade sure the edit command\r\nproperly checks if the person has\r\na CCA before adding a role.\r\n\r\n* Change Edit Command\r\n\r\nEdit command now automatically deletes\r\nroles of a person if a persons CCA is removed\r\nvia \"c/nil\".\r\n\r\nAlso deleted some test.","fileTypesAndContributionMap":{"functional-code":{"insertions":20,"deletions":8},"test-code":{"insertions":0,"deletions":23}}},{"hash":"832f05dffe3fdf947f8508ff2a07e5fee29f8345","isMergeCommit":false,"messageTitle":"Update UG to Reflect Roles not Being Applicable for People without CCA (#216)","messageBody":"* Update UG\r\n\r\n* Update CCA_Delete","fileTypesAndContributionMap":{"docs":{"insertions":27,"deletions":1}}},{"hash":"bf46578cec03f625bb759e9bad88d915e2932dc5","isMergeCommit":false,"messageTitle":"Fix DG To Say CCA Manager instead of AB3 Addressbook (#223)","messageBody":"* Fix DG\r\n\r\n* Fix DG More","fileTypesAndContributionMap":{"docs":{"insertions":4,"deletions":2}}}]}],"alphajae11":[{"date":"2024-03-04","commitResults":[{"hash":"78165e32e484b6fe123719efe72ab877688d848d","isMergeCommit":false,"messageTitle":"Add Use Cases, Target user profile, value proposition, and user stories documentation (#14)","messageBody":"* Accomplish 2 tasks given regarding Developer Guide\r\n\r\n* Fixed minor typo\r\n\r\nRealised you\u0027ve enabled others to edit so yay\r\n\r\n* Docs: Formatting\r\n\r\n1. Standardised `EXCO Member` by replacing references to `CCA Organiser` with `EXCO Member`\r\n2. Replaced Use Case documentation with verbatim code blocks so that it looks somewhat nicer in markbind\r\n3. Backticked glossary terms\r\n\r\n---------\r\n\r\nCo-authored-by: alphajae11 \u003cleejaegeun20#gmail.com\u003e\r\nCo-authored-by: Jules \u003c57632293+JuliaPoo@users.noreply.github.com\u003e\r\nCo-authored-by: Jules \u003cjulia.poo.poo.poo@gmail.com\u003e","fileTypesAndContributionMap":{"docs":{"insertions":70,"deletions":21}}}]},{"date":"2024-03-07","commitResults":[{"hash":"ce31a923536e34de5f6c27c75ee1c687fef88c0e","isMergeCommit":false,"messageTitle":"Add Jae Geun\u0027s Profile Picture (#26)","messageBody":"* Accomplish 2 tasks given regarding Developer Guide\r\n\r\n* Fixed minor typo\r\n\r\nRealised you\u0027ve enabled others to edit so yay\r\n\r\n* Docs: Formatting\r\n\r\n1. Standardised `EXCO Member` by replacing references to `CCA Organiser` with `EXCO Member`\r\n2. Replaced Use Case documentation with verbatim code blocks so that it looks somewhat nicer in markbind\r\n3. Backticked glossary terms\r\n\r\n* Add my profile picture in AboutUs.md\r\n\r\n---------\r\n\r\nCo-authored-by: alphajae11 \u003cleejaegeun20#gmail.com\u003e\r\nCo-authored-by: Jules \u003c57632293+JuliaPoo@users.noreply.github.com\u003e\r\nCo-authored-by: Jules \u003cjulia.poo.poo.poo@gmail.com\u003e","fileTypesAndContributionMap":{"docs":{"insertions":1,"deletions":1}}}]},{"date":"2024-03-21","commitResults":[{"hash":"bda69b0725039b3223eb93149b6c41f8f69c2d4e","isMergeCommit":false,"messageTitle":"Add assign command (#45)","messageBody":"* Accomplish 2 tasks given regarding Developer Guide\r\n\r\n* Fixed minor typo\r\n\r\nRealised you\u0027ve enabled others to edit so yay\r\n\r\n* Docs: Formatting\r\n\r\n1. Standardised `EXCO Member` by replacing references to `CCA Organiser` with `EXCO Member`\r\n2. Replaced Use Case documentation with verbatim code blocks so that it looks somewhat nicer in markbind\r\n3. Backticked glossary terms\r\n\r\n* Add my profile picture in AboutUs.md\r\n\r\n* Add Assign Command as a part of v1.2\r\n\r\n* Adhere to code standards\r\n\r\n* Adhere to java checkstyle\r\n\r\n* Adhere to java checkstyle standard\r\n\r\n* Adhere to java checkstyle standard for AssignCommandParser\r\n\r\n* Add some test for AssignCommand\r\n\r\n* Add some test for AssignCommandParserTest\r\n\r\n* Updated AssignCommand with CCAs\r\n\r\n---------\r\n\r\nCo-authored-by: alphajae11 \u003cleejaegeun20#gmail.com\u003e\r\nCo-authored-by: Jules \u003c57632293+JuliaPoo@users.noreply.github.com\u003e\r\nCo-authored-by: Jules \u003cjulia.poo.poo.poo@gmail.com\u003e\r\nCo-authored-by: Ken Jin \u003ckenjin4096@gmail.com\u003e","fileTypesAndContributionMap":{"functional-code":{"insertions":233,"deletions":0},"test-code":{"insertions":128,"deletions":11}}}]},{"date":"2024-03-26","commitResults":[{"hash":"0a87ef8ffacbcdf3e6724e246dd21669436a20ce","isMergeCommit":false,"messageTitle":"Add Mini intro with general format of the commands (#80)","messageBody":"* Accomplish 2 tasks given regarding Developer Guide\r\n\r\n* Fixed minor typo\r\n\r\nRealised you\u0027ve enabled others to edit so yay\r\n\r\n* Docs: Formatting\r\n\r\n1. Standardised `EXCO Member` by replacing references to `CCA Organiser` with `EXCO Member`\r\n2. Replaced Use Case documentation with verbatim code blocks so that it looks somewhat nicer in markbind\r\n3. Backticked glossary terms\r\n\r\n* Add my profile picture in AboutUs.md\r\n\r\n* Add Mini-Intro with general formats of commands\r\n\r\nAdd mini intro to the (very few) GUI elements we have\r\n\r\nAdd a section on the general format of the commands for people who might not have much experience with commands\r\n\r\n* Make minor edits to UserGuide.md as requested\r\n\r\n---------\r\n\r\nCo-authored-by: alphajae11 \u003cleejaegeun20#gmail.com\u003e\r\nCo-authored-by: Jules \u003c57632293+JuliaPoo@users.noreply.github.com\u003e\r\nCo-authored-by: Jules \u003cjulia.poo.poo.poo@gmail.com\u003e","fileTypesAndContributionMap":{"docs":{"insertions":15,"deletions":0}}}]},{"date":"2024-03-31","commitResults":[{"hash":"cf0ff997f9c760f57faee68fef9a1bd0e00f6bc2","isMergeCommit":false,"messageTitle":"Update dev guide - Proposed feature of feedback (#105)","messageBody":"* Accomplish 2 tasks given regarding Developer Guide\r\n\r\n* Fixed minor typo\r\n\r\nRealised you\u0027ve enabled others to edit so yay\r\n\r\n* Docs: Formatting\r\n\r\n1. Standardised `EXCO Member` by replacing references to `CCA Organiser` with `EXCO Member`\r\n2. Replaced Use Case documentation with verbatim code blocks so that it looks somewhat nicer in markbind\r\n3. Backticked glossary terms\r\n\r\n* Add my profile picture in AboutUs.md\r\n\r\n* Adding on my input in developerGuide\r\n\r\n* Change according to the feedback received\r\n\r\n---------\r\n\r\nCo-authored-by: alphajae11 \u003cleejaegeun20#gmail.com\u003e\r\nCo-authored-by: Jules \u003c57632293+JuliaPoo@users.noreply.github.com\u003e\r\nCo-authored-by: Jules \u003cjulia.poo.poo.poo@gmail.com\u003e","fileTypesAndContributionMap":{"docs":{"insertions":23,"deletions":0}}}]},{"date":"2024-04-04","commitResults":[{"hash":"32a0234aa9e5e05b8237859ca4fc37d022b33882","isMergeCommit":false,"messageTitle":"Add metacontact to the CCA manager (#107)","messageBody":"* Add metacontact to the CCA manager\r\n\r\n* Edit the TypicalPersons with details about Amy and Bob\r\n\r\n* Solve the issue of checks on github\r\n\r\n* Edit the editcommand and typicalPersonalsAddressBook.json according to the comments\r\n\r\n* Fix all tests and a bunch of bugs\r\n\r\n* Remove debugging statement\r\n\r\n---------\r\n\r\nCo-authored-by: Jules \u003cjulia.poo.poo.poo@gmail.com\u003e\r\nCo-authored-by: Jules \u003c57632293+JuliaPoo@users.noreply.github.com\u003e","fileTypesAndContributionMap":{"functional-code":{"insertions":179,"deletions":22},"test-code":{"insertions":120,"deletions":24}}}]},{"date":"2024-04-15","commitResults":[{"hash":"8129fb0088fa6ecaf5e3cf31f77d4ba446cae5d7","isMergeCommit":false,"messageTitle":"Fix/phone validator (#202)","messageBody":"* Add phone validator\r\n\r\nEnsure all phone numbers have 8 digits according to Singapore phone number format\r\n\r\n* Edit according to the feedback given by my teammates","fileTypesAndContributionMap":{"functional-code":{"insertions":4,"deletions":2},"test-code":{"insertions":18,"deletions":17}}},{"hash":"4b2b0d6f6d955efb67a0f19ca31dce678f2b83d5","isMergeCommit":false,"messageTitle":"Add some reference for phone validation part (#218)","messageBody":"","fileTypesAndContributionMap":{"functional-code":{"insertions":5,"deletions":2},"docs":{"insertions":2,"deletions":0}}}]}],"LifHoshi":[{"date":"2024-03-02","commitResults":[{"hash":"1213e981f70f26c45c5bed5b02fbc628e3ed12a2","isMergeCommit":false,"messageTitle":"Update UserGuide.md","messageBody":"","fileTypesAndContributionMap":{"docs":{"insertions":101,"deletions":64}}},{"hash":"0a224865b7ab76ed2483f285223f63ea4fcdd6b0","isMergeCommit":true,"messageTitle":"Merge pull request #1 from LifHoshi/branch-UserGuide","messageBody":"Update UserGuide.md","fileTypesAndContributionMap":{}},{"hash":"9b05cc46a6c47ca893294f9651edb5c8c45004bd","isMergeCommit":true,"messageTitle":"Merge pull request #13 from LifHoshi/master","messageBody":"Update User Guide And Upload Photo","fileTypesAndContributionMap":{}}]},{"date":"2024-03-06","commitResults":[{"hash":"0cd417f2e96639b4797916ef0fa57c165d224375","isMergeCommit":false,"messageTitle":"Update small change on UserGuide.md to meet with tp Dashboard (#24)","messageBody":"","fileTypesAndContributionMap":{"docs":{"insertions":1,"deletions":1}}}]},{"date":"2024-03-21","commitResults":[{"hash":"e724e1a176faf7bd8cac9289c8feef233eb40e13","isMergeCommit":false,"messageTitle":"Update UserGuide.md about milestone v1.2 new feature (#48)","messageBody":"* Update small change on UserGuide.md to meet with tp Dashboard\r\n\r\n* Update UserGuide.md relate to filter tags\r\n\r\n* Update UserGuide.md in milestone v1.2\r\n\r\nDescribe the new feature function in UserGuide and provide the format of the command.  Images examples will be provided when the final version is done.","fileTypesAndContributionMap":{"docs":{"insertions":41,"deletions":17}}},{"hash":"46989bfc03c3645448fc7e5cefab7ad9b12eabf7","isMergeCommit":false,"messageTitle":"Update CCA class into diagram (#50)","messageBody":"* Update CCA class into diagram\r\n\r\n* Update CCA class into diagram","fileTypesAndContributionMap":{"docs":{"insertions":5,"deletions":1}}}]},{"date":"2024-03-23","commitResults":[{"hash":"ea52d0f76c39d49b283d5feac98852b4fd248740","isMergeCommit":false,"messageTitle":"Update UndoRedoState from addressbook to CCA Manager (#58)","messageBody":"* Delete docs/images/lifhoshi.jpg\r\n\r\nWrong photo format\r\n\r\n* Change the photo format from jpg to png\r\n\r\n* Update new UndoRedoState6 relate to filter\r\n\r\n* Update all the UndoRedoState to CCA Manager\r\n\r\n* Update UndoRedoState6.puml\r\n\r\nUpdateRedoState0 to UpdateRedoState6 all the original address book have been replaced with our own CCA Manager. \r\n\r\nMeanwhile change a new line in some file to pass the test.","fileTypesAndContributionMap":{"functional-code":{"insertions":1,"deletions":1},"docs":{"insertions":41,"deletions":19}}}]},{"date":"2024-03-28","commitResults":[{"hash":"f36ec4ca936a3fb2990128f723e30a519637337c","isMergeCommit":false,"messageTitle":"Update UserGuide.md about wrong command in UG (#86)","messageBody":"fix the wrong command described in issue","fileTypesAndContributionMap":{"docs":{"insertions":1,"deletions":1}}}]},{"date":"2024-03-31","commitResults":[{"hash":"a9c7e08f084bcb2933fd49b44f9862e0613a0653","isMergeCommit":false,"messageTitle":"Update v1.3 feature about new command owe (#101)","messageBody":"* Update CCA Manager\u0027s new feature about Owe command\r\n\r\n* Fix some stupid format problem\r\n\r\n* Modify some credits and check changes\r\n\r\n* Modify nuance of white space errors\r\n\r\n* Modify further nuance of errors\r\n\r\n* Modify again about checkstyle\r\n\r\n* Fix the format issue in the test","fileTypesAndContributionMap":{"functional-code":{"insertions":364,"deletions":21},"docs":{"insertions":17,"deletions":17},"test-code":{"insertions":227,"deletions":27}}}]},{"date":"2024-04-05","commitResults":[{"hash":"4b9a8d74b065aedbf6916b9abfcbe08784b9d7a8","isMergeCommit":false,"messageTitle":"Update UG relate to v1.3 (#120)","messageBody":"Co-authored-by: Ken Jin \u003ckenjin4096@gmail.com\u003e","fileTypesAndContributionMap":{"docs":{"insertions":74,"deletions":4}}}]},{"date":"2024-04-14","commitResults":[{"hash":"6ec5fe37d9bf30dbdbac14d5106cb42e7e374841","isMergeCommit":false,"messageTitle":"Fix the email domain bug (#194)","messageBody":"* Fix the email domain bug\r\n\r\n* Update Email.java\r\n\r\n* Fix Email test\r\n\r\n* Fix test issue","fileTypesAndContributionMap":{"functional-code":{"insertions":5,"deletions":3},"test-code":{"insertions":14,"deletions":6}}},{"hash":"5fa526589849c98d4392c338e7e35479a1c104d3","isMergeCommit":false,"messageTitle":"Add more tests to fullfill code amounts requiremnt  (#196)","messageBody":"* Fix the email domain bug\r\n\r\n* Update Email.java\r\n\r\n* Fix Email test\r\n\r\n* Fix test issue\r\n\r\n* Add more tests and fix the tiny Javadoc errors\r\n\r\n* Add acknowledgement in test and more tests on emailTest\r\n\r\n* Fix name","fileTypesAndContributionMap":{"functional-code":{"insertions":38,"deletions":4},"test-code":{"insertions":65,"deletions":1}}}]},{"date":"2024-04-15","commitResults":[{"hash":"860a5eed36e940133e32664489d7e429314db67d","isMergeCommit":false,"messageTitle":"Update the cca_delete, setatt and Glossary in UserGuide (#201)","messageBody":"---------\r\n\r\nCo-authored-by: Ken Jin \u003ckenjin4096@gmail.com\u003e","fileTypesAndContributionMap":{"docs":{"insertions":64,"deletions":17}}},{"hash":"8b70957eb80a121002e455ea8b4919d2d273c27c","isMergeCommit":false,"messageTitle":"Update UG and DG (#205)","messageBody":"Co-authored-by: Ken Jin \u003ckenjin4096@gmail.com\u003e\r\nCo-authored-by: chuahjiajie \u003c122253924+chuahjiajie@users.noreply.github.com\u003e","fileTypesAndContributionMap":{"docs":{"insertions":32,"deletions":13}}}]}],"Fidget-Spinner":[{"date":"2024-02-25","commitResults":[{"hash":"528aca17076c7442fdb249e5ae1fdbed7bda7154","isMergeCommit":false,"messageTitle":"Use MarkBind instead of Jekyll for project website","messageBody":"","fileTypesAndContributionMap":{"other":{"insertions":195,"deletions":38},"docs":{"insertions":311,"deletions":190}}},{"hash":"970018e28966596eb65633fd658a0b8fb7290a27","isMergeCommit":false,"messageTitle":"Rename AB3 to CCA Manager in docs","messageBody":"","fileTypesAndContributionMap":{"docs":{"insertions":1,"deletions":1}}}]},{"date":"2024-03-07","commitResults":[{"hash":"68f8adaedfae409bcf3a1f2bf93f07fdde2a0d54","isMergeCommit":false,"messageTitle":"Add Ken Jin\u0027s profile picture (#22)","messageBody":"* Add Ken Jin\u0027s profile picture\r\n\r\n* Use correct naming style","fileTypesAndContributionMap":{"docs":{"insertions":1,"deletions":1}}},{"hash":"c30058aa5c19f5b1607462783e24c81f91544715","isMergeCommit":false,"messageTitle":"Remove Lifu\u0027s JPG photo (#21)","messageBody":"","fileTypesAndContributionMap":{"docs":{"insertions":1,"deletions":1}}},{"hash":"f5fbbe4d776377d0b7b822108b3a088dd7df25c6","isMergeCommit":false,"messageTitle":"Rename Ken Jin\u0027s JPG to PNG (#28)","messageBody":"Part of https://github.com/AY2324S2-CS2103T-W11-2/tp/issues/5","fileTypesAndContributionMap":{"docs":{"insertions":1,"deletions":1}}},{"hash":"5035617542963494a3c61870c36f2884ea49618e","isMergeCommit":false,"messageTitle":"Update README for CCA Manager details (#23)","messageBody":"","fileTypesAndContributionMap":{"docs":{"insertions":13,"deletions":11}}},{"hash":"d8732f88cf017ed11259b0833b52e4cf2ffdb6de","isMergeCommit":false,"messageTitle":"Remove AB3 from user guide (#31)","messageBody":"","fileTypesAndContributionMap":{"docs":{"insertions":14,"deletions":14}}}]},{"date":"2024-03-11","commitResults":[{"hash":"3b308f9767c9435be6c9be837d8f8ed2e1c2fc6c","isMergeCommit":false,"messageTitle":"Add codecov CI (#36)","messageBody":"","fileTypesAndContributionMap":{"other":{"insertions":4,"deletions":3}}}]},{"date":"2024-03-17","commitResults":[{"hash":"e5ce4c156ccdaf20c412e84f9a1c0e22e1f3ce91","isMergeCommit":false,"messageTitle":"Rename user-facing parts to CCA Manager (#41)","messageBody":"","fileTypesAndContributionMap":{"functional-code":{"insertions":2,"deletions":2},"other":{"insertions":1,"deletions":1}}}]},{"date":"2024-03-20","commitResults":[{"hash":"0ef52b845cb5b00ef5478fbea1187b3c4af6d2ee","isMergeCommit":false,"messageTitle":"Add a filter by tag/group command (#43)","messageBody":"","fileTypesAndContributionMap":{"functional-code":{"insertions":152,"deletions":0},"test-code":{"insertions":222,"deletions":0}}}]},{"date":"2024-03-21","commitResults":[{"hash":"c34128de4129ddb1dc73108f4be74dc206723b22","isMergeCommit":false,"messageTitle":"Filter by cca (#49)","messageBody":"","fileTypesAndContributionMap":{"functional-code":{"insertions":16,"deletions":13},"other":{"insertions":12,"deletions":12},"test-code":{"insertions":38,"deletions":35}}}]},{"date":"2024-03-23","commitResults":[{"hash":"0e304d9eea33bf2a9ffe96ec4d7c5ed99934c782","isMergeCommit":false,"messageTitle":"Update UniqueCcaList in model class diagram (#60)","messageBody":"","fileTypesAndContributionMap":{"docs":{"insertions":3,"deletions":0}}}]},{"date":"2024-03-24","commitResults":[{"hash":"6652f72ba2861fc71bcf48940ef75d5bba85caed","isMergeCommit":false,"messageTitle":"Partially revert 1213e98 (#71)","messageBody":"","fileTypesAndContributionMap":{"docs":{"insertions":64,"deletions":102}}}]},{"date":"2024-03-25","commitResults":[{"hash":"a6ec7a40160b66da07b8f424234f536e6961d6f0","isMergeCommit":false,"messageTitle":"Explain target audience prerequisite knowledge (#73)","messageBody":"","fileTypesAndContributionMap":{"docs":{"insertions":4,"deletions":1}}}]},{"date":"2024-03-26","commitResults":[{"hash":"bf5d0b84d88c5be3f79b747f23913e41d7b235f2","isMergeCommit":false,"messageTitle":"Add small gloassary and os-specific info (#81)","messageBody":"","fileTypesAndContributionMap":{"docs":{"insertions":10,"deletions":3}}}]},{"date":"2024-03-29","commitResults":[{"hash":"6dfdfe9da2f30aca5c93b030ef9af69002a8c013","isMergeCommit":false,"messageTitle":"Enable assertions in build.gradle (#96)","messageBody":"","fileTypesAndContributionMap":{"other":{"insertions":6,"deletions":0}}},{"hash":"dec0b65c31d7cc9b3a9f2f50cd679b55f4437d67","isMergeCommit":false,"messageTitle":"Update DeveloperGuide with payment splitting (#98)","messageBody":"","fileTypesAndContributionMap":{"docs":{"insertions":13,"deletions":0}}}]},{"date":"2024-04-04","commitResults":[{"hash":"ff2c9f1b0ba04ff713abdb272ddb7e401c4fea77","isMergeCommit":false,"messageTitle":"Add ability to filer by CCA and roles (#113)","messageBody":"","fileTypesAndContributionMap":{"functional-code":{"insertions":51,"deletions":20},"test-code":{"insertions":118,"deletions":29}}},{"hash":"654f033b9f9d44175bcfbb457067b669fabd0cca","isMergeCommit":false,"messageTitle":"Add a charge command (#115)","messageBody":"* Add ability to filer by CCA and roles\r\n\r\n* Add a charge command","fileTypesAndContributionMap":{"functional-code":{"insertions":175,"deletions":9},"test-code":{"insertions":4,"deletions":2}}},{"hash":"72cd1ba75d344698df93c743d21d2dbc94154897","isMergeCommit":false,"messageTitle":"Implement delete cca command (#117)","messageBody":"Co-authored-by: Jules \u003cjulia.poo.poo.poo@gmail.com\u003e","fileTypesAndContributionMap":{"functional-code":{"insertions":187,"deletions":2},"test-code":{"insertions":5,"deletions":0}}}]},{"date":"2024-04-10","commitResults":[{"hash":"945b066ad42390599734e741618509a49af5798d","isMergeCommit":false,"messageTitle":"Change help URL to CCA Manager (#180)","messageBody":"","fileTypesAndContributionMap":{"functional-code":{"insertions":1,"deletions":1}}},{"hash":"11b5057fcf2fdf8e0f394b1db94e761f7cc64be3","isMergeCommit":false,"messageTitle":"Check for empty role (#181)","messageBody":"","fileTypesAndContributionMap":{"functional-code":{"insertions":12,"deletions":0}}}]},{"date":"2024-04-14","commitResults":[{"hash":"42c51b58f403a482df4e31ecba11615d7a58c115","isMergeCommit":false,"messageTitle":"Add examples for find, filter, owe, charge, assign (#198)","messageBody":"","fileTypesAndContributionMap":{"docs":{"insertions":43,"deletions":27}}}]},{"date":"2024-04-15","commitResults":[{"hash":"1e24f503837d162770031faea86a48ec4fccdaf1","isMergeCommit":false,"messageTitle":"Fix links and landing page (#203)","messageBody":"","fileTypesAndContributionMap":{"docs":{"insertions":22,"deletions":14}}},{"hash":"10f30094b69e16df0da6831773b45b5ef0cbb49d","isMergeCommit":false,"messageTitle":"Rename addressbook.json to ccamanager.json (#208)","messageBody":"","fileTypesAndContributionMap":{"functional-code":{"insertions":1,"deletions":1},"docs":{"insertions":1,"deletions":1},"test-code":{"insertions":1,"deletions":1}}},{"hash":"9b853df7c8b4934e53965147752166a0733b8de7","isMergeCommit":false,"messageTitle":"Delete roles after deleting CCA (#212)","messageBody":"","fileTypesAndContributionMap":{"functional-code":{"insertions":12,"deletions":7}}},{"hash":"16f45a5dd2cf27c3569f03a7e76f9c17ce3932a9","isMergeCommit":false,"messageTitle":"Use BigDecimal in devguide (#221)","messageBody":"","fileTypesAndContributionMap":{"docs":{"insertions":4,"deletions":2}}},{"hash":"9e9a33f7585f99ba00dff58b43ef754f9bf53640","isMergeCommit":false,"messageTitle":"Fix find command screenshot (#224)","messageBody":"* Fix find command screenshot\r\n\r\n* make CCA required\r\n\r\n* fix many bugs\r\n\r\n* last fixes","fileTypesAndContributionMap":{"docs":{"insertions":7,"deletions":9}}}]}]},"authorFileTypeContributionMap":{"JuliaPoo":{"docs":1270,"functional-code":1169,"test-code":248,"other":67},"chuahjiajie":{"docs":87,"functional-code":757,"test-code":309},"alphajae11":{"docs":91,"functional-code":342,"test-code":211},"LifHoshi":{"docs":120,"functional-code":377,"test-code":278},"Fidget-Spinner":{"docs":326,"functional-code":523,"test-code":320,"other":201}},"authorContributionVariance":{"JuliaPoo":50917.855,"chuahjiajie":15189.803,"alphajae11":4787.412,"LifHoshi":9363.727,"Fidget-Spinner":18965.115},"authorDisplayNameMap":{"JuliaPoo":"CS2103T-W11-2 POON..LIAN","chuahjiajie":"CS2103T-W11-2 CHUA.. JIE","alphajae11":"CS2103T-W11-2 LEE ..GEUN","LifHoshi":"CS2103T-W11-2 WANG..LIFU","Fidget-Spinner":"CS2103T-W11-2 OOI .. JIN"}}
