{"authorDailyContributionsMap":{"JuliaPoo":[{"date":"2024-03-03","commitResults":[{"hash":"929e75f1a864428141dc8315d6e6818e344dd1cb","isMergeCommit":false,"messageTitle":"Updated AboutUs.md and added portfolios for each member (#15)","messageBody":"* Docs: Updated AboutUs.md\r\n\r\nUpdated according to https://nus-cs2103-ay2324s2.github.io/website/schedule/week7/project.html\r\nIt is not completed, we require other members to add their profile pictures.\r\n\r\n* Update AboutUs.md","fileTypesAndContributionMap":{"docs":{"insertions":80,"deletions":23}}}]},{"date":"2024-03-07","commitResults":[{"hash":"abd771c93a28918f4ad29e305cab259478e9ac9d","isMergeCommit":false,"messageTitle":"Docs: Updated glossary (#16)","messageBody":"","fileTypesAndContributionMap":{"docs":{"insertions":7,"deletions":0}}},{"hash":"7b29ee45f34b02114bade29e804ba3119999b723","isMergeCommit":false,"messageTitle":"Update non-functional requirements. (#17)","messageBody":"* Docs: Update non-functional requirements.\r\n\r\n* Fix spacing\r\n\r\n---------\r\n\r\nCo-authored-by: Ken Jin \u003ckenjin4096@gmail.com\u003e","fileTypesAndContributionMap":{"docs":{"insertions":13,"deletions":3}}}]},{"date":"2024-03-22","commitResults":[{"hash":"b6e4c3cda1f61e15fcc2350a4057ad303b9952d0","isMergeCommit":false,"messageTitle":"Fixes 2 puml files (#54)","messageBody":"1. BetterModelClassDiagram.puml now allows multiple Cca to be referenced by Person\r\n2. ModelClassDiagram.puml now uses Cca instead of CCA","fileTypesAndContributionMap":{"docs":{"insertions":7,"deletions":5}}},{"hash":"8626b46df8dec69b1a78f4583b536d8562b77454","isMergeCommit":false,"messageTitle":"Implements Role and CCA labels in PersonCard (#52)","messageBody":"* Implements Role and CCA labels in PersonCard\r\n\r\n* Fixes checkstyle violations","fileTypesAndContributionMap":{"functional-code":{"insertions":29,"deletions":7}}}]}],"chuahjiajie":[{"date":"2024-03-07","commitResults":[{"hash":"aca1d6a0a9a6e7e2d5b8f4c2f01acd7eeeebc7ad","isMergeCommit":false,"messageTitle":"Update AboutUs (#27)","messageBody":"* Comply with .png format\r\n\r\nChange the names of the following images:\r\nchuahjiajie.jpg -\u003e chuahjiajie.png\r\n\r\nAdditionally, the image source for the \"Lifu\"\r\nprofile was adjusted to the .png file instead\r\nof the .jpg file.\r\n\r\n* Remove \"title:\"\r\n\r\nIncluding \"title:\" was evoking an error.\r\n\r\n* Add Deliverables and Deadlines Role\r\n\r\nAppended \"Deliverables and Deadlines\" role to\r\nprofile of Chuah Jia Jie.\r\n\r\n---------\r\n\r\nCo-authored-by: chuahjiajie \u003cjiajiechuah@gmail.com\u003e","fileTypesAndContributionMap":{"docs":{"insertions":5,"deletions":3}}},{"hash":"298e536bc5527abf8934ca49379a8c69cc4cbde1","isMergeCommit":false,"messageTitle":"Add \"title:\" Back to Heading (#32)","messageBody":"* Comply with .png format\r\n\r\nChange the names of the following images:\r\nchuahjiajie.jpg -\u003e chuahjiajie.png\r\n\r\nAdditionally, the image source for the \"Lifu\"\r\nprofile was adjusted to the .png file instead\r\nof the .jpg file.\r\n\r\n* Remove \"title:\"\r\n\r\nIncluding \"title:\" was evoking an error.\r\n\r\n* Add Deliverables and Deadlines Role\r\n\r\nAppended \"Deliverables and Deadlines\" role to\r\nprofile of Chuah Jia Jie.\r\n\r\n* Add \"title:\" Back\r\n\r\nAdded the \"title:\" portion back to the\r\nAboutUs file.\r\n\r\n---------\r\n\r\nCo-authored-by: chuahjiajie \u003cjiajiechuah@gmail.com\u003e","fileTypesAndContributionMap":{"docs":{"insertions":1,"deletions":1}}}]},{"date":"2024-03-21","commitResults":[{"hash":"f5f67df896a4cc307699bfef4c588491966d938f","isMergeCommit":false,"messageTitle":"Add CCA Label (#47)","messageBody":"* Add CCA CLI Syntax\r\n\r\n* Add CCA Object\r\n\r\n* Edit Person to Include CCA\r\n\r\n* Add ParseUtil Compliance with CCA\r\n\r\n* Edit Add Command\r\n\r\nMade Add Command comply with\r\nCCA.\r\n\r\n* Edit Edit Command\r\n\r\n* Edit Edit Parser\r\n\r\n* Create JsonAdaptedCCA\r\n\r\n* Edit JsonAdaptedPerson\r\n\r\n* Edit SampleDataUtil\r\n\r\n* Fix CLI Prefix\r\n\r\n* Edit Json Files and Fix Issue\r\n\r\nEdited Json Files to comply with new\r\n\"CCA\" parameter.\r\n\r\nAdditionally, fixed an issue with CCA\r\nclass. Issue was that validation regex\r\nwas incorrect and did not accept\r\nwhitespace.\r\n\r\n* Add CCA to UI\r\n\r\n* Fix JsonAdaptedPerson\r\n\r\nNeglected to add a few lines to\r\nthe constructor.\r\n\r\n* Fix Add Command Error\r\n\r\n* Fix Existing Tests\r\n\r\n* Add CCA Test\r\n\r\n* fix tests\r\n\r\n* Refactor to follow checkstyle.xml\r\n\r\n* Rename appropriate files\r\n\r\n* Refactor to pass checkstyle check\r\n\r\n---------\r\n\r\nCo-authored-by: Ken Jin \u003c28750310+Fidget-Spinner@users.noreply.github.com\u003e\r\nCo-authored-by: Jules \u003cjulia.poo.poo.poo@gmail.com\u003e","fileTypesAndContributionMap":{"functional-code":{"insertions":250,"deletions":17},"test-code":{"insertions":112,"deletions":21}}}]},{"date":"2024-03-22","commitResults":[{"hash":"66944d15ed756e97f9effe4f0a56c52ddaa8619b","isMergeCommit":false,"messageTitle":"Fix StorageClassDiagram.puml (#57)","messageBody":"","fileTypesAndContributionMap":{"docs":{"insertions":3,"deletions":1}}}]}],"alphajae11":[{"date":"2024-03-04","commitResults":[{"hash":"78165e32e484b6fe123719efe72ab877688d848d","isMergeCommit":false,"messageTitle":"Add Use Cases, Target user profile, value proposition, and user stories documentation (#14)","messageBody":"* Accomplish 2 tasks given regarding Developer Guide\r\n\r\n* Fixed minor typo\r\n\r\nRealised you\u0027ve enabled others to edit so yay\r\n\r\n* Docs: Formatting\r\n\r\n1. Standardised `EXCO Member` by replacing references to `CCA Organiser` with `EXCO Member`\r\n2. Replaced Use Case documentation with verbatim code blocks so that it looks somewhat nicer in markbind\r\n3. Backticked glossary terms\r\n\r\n---------\r\n\r\nCo-authored-by: alphajae11 \u003cleejaegeun20#gmail.com\u003e\r\nCo-authored-by: Jules \u003c57632293+JuliaPoo@users.noreply.github.com\u003e\r\nCo-authored-by: Jules \u003cjulia.poo.poo.poo@gmail.com\u003e","fileTypesAndContributionMap":{"docs":{"insertions":70,"deletions":21}}}]},{"date":"2024-03-07","commitResults":[{"hash":"ce31a923536e34de5f6c27c75ee1c687fef88c0e","isMergeCommit":false,"messageTitle":"Add Jae Geun\u0027s Profile Picture (#26)","messageBody":"* Accomplish 2 tasks given regarding Developer Guide\r\n\r\n* Fixed minor typo\r\n\r\nRealised you\u0027ve enabled others to edit so yay\r\n\r\n* Docs: Formatting\r\n\r\n1. Standardised `EXCO Member` by replacing references to `CCA Organiser` with `EXCO Member`\r\n2. Replaced Use Case documentation with verbatim code blocks so that it looks somewhat nicer in markbind\r\n3. Backticked glossary terms\r\n\r\n* Add my profile picture in AboutUs.md\r\n\r\n---------\r\n\r\nCo-authored-by: alphajae11 \u003cleejaegeun20#gmail.com\u003e\r\nCo-authored-by: Jules \u003c57632293+JuliaPoo@users.noreply.github.com\u003e\r\nCo-authored-by: Jules \u003cjulia.poo.poo.poo@gmail.com\u003e","fileTypesAndContributionMap":{"docs":{"insertions":1,"deletions":1}}}]},{"date":"2024-03-21","commitResults":[{"hash":"bda69b0725039b3223eb93149b6c41f8f69c2d4e","isMergeCommit":false,"messageTitle":"Add assign command (#45)","messageBody":"* Accomplish 2 tasks given regarding Developer Guide\r\n\r\n* Fixed minor typo\r\n\r\nRealised you\u0027ve enabled others to edit so yay\r\n\r\n* Docs: Formatting\r\n\r\n1. Standardised `EXCO Member` by replacing references to `CCA Organiser` with `EXCO Member`\r\n2. Replaced Use Case documentation with verbatim code blocks so that it looks somewhat nicer in markbind\r\n3. Backticked glossary terms\r\n\r\n* Add my profile picture in AboutUs.md\r\n\r\n* Add Assign Command as a part of v1.2\r\n\r\n* Adhere to code standards\r\n\r\n* Adhere to java checkstyle\r\n\r\n* Adhere to java checkstyle standard\r\n\r\n* Adhere to java checkstyle standard for AssignCommandParser\r\n\r\n* Add some test for AssignCommand\r\n\r\n* Add some test for AssignCommandParserTest\r\n\r\n* Updated AssignCommand with CCAs\r\n\r\n---------\r\n\r\nCo-authored-by: alphajae11 \u003cleejaegeun20#gmail.com\u003e\r\nCo-authored-by: Jules \u003c57632293+JuliaPoo@users.noreply.github.com\u003e\r\nCo-authored-by: Jules \u003cjulia.poo.poo.poo@gmail.com\u003e\r\nCo-authored-by: Ken Jin \u003ckenjin4096@gmail.com\u003e","fileTypesAndContributionMap":{"functional-code":{"insertions":233,"deletions":0},"test-code":{"insertions":128,"deletions":11}}}]}],"LifHoshi":[{"date":"2024-03-02","commitResults":[{"hash":"1213e981f70f26c45c5bed5b02fbc628e3ed12a2","isMergeCommit":false,"messageTitle":"Update UserGuide.md","messageBody":"","fileTypesAndContributionMap":{"docs":{"insertions":101,"deletions":64}}},{"hash":"0a224865b7ab76ed2483f285223f63ea4fcdd6b0","isMergeCommit":true,"messageTitle":"Merge pull request #1 from LifHoshi/branch-UserGuide","messageBody":"Update UserGuide.md","fileTypesAndContributionMap":{}},{"hash":"9b05cc46a6c47ca893294f9651edb5c8c45004bd","isMergeCommit":true,"messageTitle":"Merge pull request #13 from LifHoshi/master","messageBody":"Update User Guide And Upload Photo","fileTypesAndContributionMap":{}}]},{"date":"2024-03-06","commitResults":[{"hash":"0cd417f2e96639b4797916ef0fa57c165d224375","isMergeCommit":false,"messageTitle":"Update small change on UserGuide.md to meet with tp Dashboard (#24)","messageBody":"","fileTypesAndContributionMap":{"docs":{"insertions":1,"deletions":1}}}]},{"date":"2024-03-21","commitResults":[{"hash":"e724e1a176faf7bd8cac9289c8feef233eb40e13","isMergeCommit":false,"messageTitle":"Update UserGuide.md about milestone v1.2 new feature (#48)","messageBody":"* Update small change on UserGuide.md to meet with tp Dashboard\r\n\r\n* Update UserGuide.md relate to filter tags\r\n\r\n* Update UserGuide.md in milestone v1.2\r\n\r\nDescribe the new feature function in UserGuide and provide the format of the command.  Images examples will be provided when the final version is done.","fileTypesAndContributionMap":{"docs":{"insertions":41,"deletions":17}}},{"hash":"46989bfc03c3645448fc7e5cefab7ad9b12eabf7","isMergeCommit":false,"messageTitle":"Update CCA class into diagram (#50)","messageBody":"* Update CCA class into diagram\r\n\r\n* Update CCA class into diagram","fileTypesAndContributionMap":{"docs":{"insertions":5,"deletions":1}}}]}],"Fidget-Spinner":[{"date":"2024-02-25","commitResults":[{"hash":"528aca17076c7442fdb249e5ae1fdbed7bda7154","isMergeCommit":false,"messageTitle":"Use MarkBind instead of Jekyll for project website","messageBody":"","fileTypesAndContributionMap":{"other":{"insertions":170,"deletions":0},"docs":{"insertions":311,"deletions":190}}},{"hash":"970018e28966596eb65633fd658a0b8fb7290a27","isMergeCommit":false,"messageTitle":"Rename AB3 to CCA Manager in docs","messageBody":"","fileTypesAndContributionMap":{"docs":{"insertions":1,"deletions":1}}}]},{"date":"2024-03-07","commitResults":[{"hash":"68f8adaedfae409bcf3a1f2bf93f07fdde2a0d54","isMergeCommit":false,"messageTitle":"Add Ken Jin\u0027s profile picture (#22)","messageBody":"* Add Ken Jin\u0027s profile picture\r\n\r\n* Use correct naming style","fileTypesAndContributionMap":{"docs":{"insertions":1,"deletions":1}}},{"hash":"c30058aa5c19f5b1607462783e24c81f91544715","isMergeCommit":false,"messageTitle":"Remove Lifu\u0027s JPG photo (#21)","messageBody":"","fileTypesAndContributionMap":{"docs":{"insertions":1,"deletions":1}}},{"hash":"f5fbbe4d776377d0b7b822108b3a088dd7df25c6","isMergeCommit":false,"messageTitle":"Rename Ken Jin\u0027s JPG to PNG (#28)","messageBody":"Part of https://github.com/AY2324S2-CS2103T-W11-2/tp/issues/5","fileTypesAndContributionMap":{"docs":{"insertions":1,"deletions":1}}},{"hash":"5035617542963494a3c61870c36f2884ea49618e","isMergeCommit":false,"messageTitle":"Update README for CCA Manager details (#23)","messageBody":"","fileTypesAndContributionMap":{"docs":{"insertions":13,"deletions":11}}},{"hash":"d8732f88cf017ed11259b0833b52e4cf2ffdb6de","isMergeCommit":false,"messageTitle":"Remove AB3 from user guide (#31)","messageBody":"","fileTypesAndContributionMap":{"docs":{"insertions":14,"deletions":14}}}]},{"date":"2024-03-17","commitResults":[{"hash":"e5ce4c156ccdaf20c412e84f9a1c0e22e1f3ce91","isMergeCommit":false,"messageTitle":"Rename user-facing parts to CCA Manager (#41)","messageBody":"","fileTypesAndContributionMap":{"functional-code":{"insertions":2,"deletions":2},"other":{"insertions":1,"deletions":1}}}]},{"date":"2024-03-20","commitResults":[{"hash":"0ef52b845cb5b00ef5478fbea1187b3c4af6d2ee","isMergeCommit":false,"messageTitle":"Add a filter by tag/group command (#43)","messageBody":"","fileTypesAndContributionMap":{"functional-code":{"insertions":152,"deletions":0},"test-code":{"insertions":222,"deletions":0}}}]},{"date":"2024-03-21","commitResults":[{"hash":"c34128de4129ddb1dc73108f4be74dc206723b22","isMergeCommit":false,"messageTitle":"Filter by cca (#49)","messageBody":"","fileTypesAndContributionMap":{"functional-code":{"insertions":16,"deletions":13},"other":{"insertions":12,"deletions":12},"test-code":{"insertions":38,"deletions":35}}}]}]},"authorFileTypeContributionMap":{"JuliaPoo":{"docs":103,"functional-code":29,"test-code":0},"chuahjiajie":{"docs":8,"functional-code":248,"test-code":111},"alphajae11":{"docs":66,"functional-code":232,"test-code":128},"LifHoshi":{"docs":108,"functional-code":0,"test-code":0},"Fidget-Spinner":{"docs":289,"functional-code":157,"test-code":225,"other":171}},"authorContributionVariance":{"JuliaPoo":427.51724,"chuahjiajie":5317.4414,"alphajae11":4800.4473,"LifHoshi":1016.72284,"Fidget-Spinner":19286.783},"authorDisplayNameMap":{"JuliaPoo":"CS2103T-W11-2 POON..LIAN","chuahjiajie":"CS2103T-W11-2 CHUA.. JIE","alphajae11":"CS2103T-W11-2 LEE ..GEUN","LifHoshi":"CS2103T-W11-2 WANG..LIFU","Fidget-Spinner":"CS2103T-W11-2 OOI .. JIN"}}
