{"authorDailyContributionsMap":{"guanquann":[{"date":"2024-03-05","commitResults":[{"hash":"139d797ba4cbe08d2bcad8c79c3be0032195856f","isMergeCommit":true,"messageTitle":"Merge pull request #13 from maze508/master","messageBody":"Update README and Add Ui Mockup","fileTypesAndContributionMap":{}},{"hash":"52a5b35dca429d7ed887c1013b5d61f3b61dd98b","isMergeCommit":false,"messageTitle":"Update developer documentation to include user stories and use cases","messageBody":"","fileTypesAndContributionMap":{"docs":{"insertions":22,"deletions":9}}},{"hash":"460ea80babd93776196a996fe204a92c97e1648d","isMergeCommit":true,"messageTitle":"Merge pull request #16 from maze508/readme_ui","messageBody":"Update README and Ui Mockup","fileTypesAndContributionMap":{}}]},{"date":"2024-03-06","commitResults":[{"hash":"d0cbec846af3c0673c10a4e00719a46c5ff05192","isMergeCommit":true,"messageTitle":"Merge pull request #21 from maze508/fix_imagename","messageBody":"Fix img naming to fit auto grader convention","fileTypesAndContributionMap":{}}]},{"date":"2024-03-12","commitResults":[{"hash":"37be90e70a923e39c821187f5562798448cbc58d","isMergeCommit":false,"messageTitle":"Add addorder command to add orders from suppliers","messageBody":"","fileTypesAndContributionMap":{"functional-code":{"insertions":414,"deletions":3}}},{"hash":"a11c8c4d4547f6cff9ea9179703c4b869decea9d","isMergeCommit":false,"messageTitle":"Add order count to PersonCard ui, fix bug where edit command removes previous orders","messageBody":"","fileTypesAndContributionMap":{"functional-code":{"insertions":9,"deletions":1}}},{"hash":"05190eceec8877a7da0ecbc19529d97355e807a4","isMergeCommit":false,"messageTitle":"Fix bug where PersonCard does not auto update order count when new order is added","messageBody":"","fileTypesAndContributionMap":{"functional-code":{"insertions":2,"deletions":0}}},{"hash":"32dfcb3e94f9fa57edf23d3a1a15c23cfcaef2d4","isMergeCommit":false,"messageTitle":"Change orderList type to ArrayList","messageBody":"","fileTypesAndContributionMap":{"functional-code":{"insertions":11,"deletions":11}}},{"hash":"709fe5914c26f7075fdf1dc6b784cf0e2da2d9f0","isMergeCommit":false,"messageTitle":"Add status string to Order class","messageBody":"","fileTypesAndContributionMap":{"functional-code":{"insertions":31,"deletions":4}}},{"hash":"85af32b418dc9e6104b08f54dc3ff351db387b8b","isMergeCommit":false,"messageTitle":"Fix existing test cases due to new order field added","messageBody":"","fileTypesAndContributionMap":{"test-code":{"insertions":14,"deletions":10}}},{"hash":"9b2cc3db81f4552c3cd80370f85d2f204b38dd59","isMergeCommit":false,"messageTitle":"Fix checkstyle in JsonAdaptedPersonTest.","messageBody":"","fileTypesAndContributionMap":{"test-code":{"insertions":8,"deletions":4}}},{"hash":"e5299e80dbf1a37909bfa80b8127f5cbc5fae48c","isMergeCommit":false,"messageTitle":"Testing for Order","messageBody":"","fileTypesAndContributionMap":{"functional-code":{"insertions":14,"deletions":4},"test-code":{"insertions":59,"deletions":0}}},{"hash":"90d18a66bb73cbe22dd5733efe8700e3b0a5ae74","isMergeCommit":false,"messageTitle":"Fix checkstyle in JsonAdaptedOrder","messageBody":"","fileTypesAndContributionMap":{"functional-code":{"insertions":0,"deletions":1}}},{"hash":"9cea1753b65b69872b8d320df3070e11981d2eb2","isMergeCommit":false,"messageTitle":"Remove test file","messageBody":"","fileTypesAndContributionMap":{"test-code":{"insertions":0,"deletions":5}}}]},{"date":"2024-03-13","commitResults":[{"hash":"b44e6ffc698dd17d99191455f13590877b9a2c3f","isMergeCommit":false,"messageTitle":"Add test for AddOrderCommand","messageBody":"","fileTypesAndContributionMap":{"test-code":{"insertions":98,"deletions":1}}},{"hash":"b772982d0a8e69525e58a209cd7c52d66998ec29","isMergeCommit":false,"messageTitle":"Fix test","messageBody":"","fileTypesAndContributionMap":{"test-code":{"insertions":5,"deletions":6}}},{"hash":"1505831b1ce7459b614fa02fb34bc7db47535431","isMergeCommit":false,"messageTitle":"Add test for Date and Order and AddOrderCommandParser","messageBody":"","fileTypesAndContributionMap":{"test-code":{"insertions":119,"deletions":0}}},{"hash":"3239db70c31e6ad212e9800d5ff36f81658f9144","isMergeCommit":false,"messageTitle":"More user testing \u003d","messageBody":"","fileTypesAndContributionMap":{"test-code":{"insertions":111,"deletions":5}}},{"hash":"0de5dc5700b956a969aad5f3e5a9116913e61a9a","isMergeCommit":false,"messageTitle":"Add testing for parser","messageBody":"","fileTypesAndContributionMap":{"test-code":{"insertions":23,"deletions":0}}},{"hash":"254ef10e366c907589d602b339dfe994631de864","isMergeCommit":false,"messageTitle":"Update user guide","messageBody":"","fileTypesAndContributionMap":{"docs":{"insertions":28,"deletions":9}}},{"hash":"e467070ec2965f72680bede3e6c05fab6f3a7cf7","isMergeCommit":false,"messageTitle":"Fix code based on comments given","messageBody":"","fileTypesAndContributionMap":{"functional-code":{"insertions":44,"deletions":44},"docs":{"insertions":3,"deletions":3},"test-code":{"insertions":32,"deletions":32}}},{"hash":"c73fd7028ea5801f4b6ba7bfe31286a1fed4f293","isMergeCommit":true,"messageTitle":"Fix merge conflict, address comment in PR","messageBody":"","fileTypesAndContributionMap":{}}]},{"date":"2024-03-14","commitResults":[{"hash":"d79ff0bdce5d560ad7761d5c6dd8a6e403ff503a","isMergeCommit":false,"messageTitle":"Rename orderlist to orders","messageBody":"","fileTypesAndContributionMap":{"functional-code":{"insertions":14,"deletions":24},"test-code":{"insertions":9,"deletions":9}}},{"hash":"4ee0fa8c9c809c28c1b049e258228f2cfc58b55d","isMergeCommit":false,"messageTitle":"Improve test coverage for Order","messageBody":"","fileTypesAndContributionMap":{"functional-code":{"insertions":2,"deletions":8},"test-code":{"insertions":20,"deletions":6}}},{"hash":"3ce76690ffc6b46a3d552bbe85ab759ec0b4bc56","isMergeCommit":true,"messageTitle":"Merge pull request #25 from guanquann/branch-add-orders","messageBody":"Add order command","fileTypesAndContributionMap":{}}]},{"date":"2024-03-18","commitResults":[{"hash":"911722b3c5d64df923283b7755d8a8ee4fc9de99","isMergeCommit":false,"messageTitle":"Update user stories based on v1.2 requirements","messageBody":"","fileTypesAndContributionMap":{"docs":{"insertions":16,"deletions":15}}},{"hash":"85cf30c77dfc17d945952f2dba4ded881def96b4","isMergeCommit":false,"messageTitle":"Fix workflow for addorder","messageBody":"","fileTypesAndContributionMap":{"functional-code":{"insertions":14,"deletions":22},"test-code":{"insertions":23,"deletions":19}}}]},{"date":"2024-03-19","commitResults":[{"hash":"035906dcd40f061245aa76c05e3c633c62ea6110","isMergeCommit":false,"messageTitle":"Fix test in AddOrderCommand","messageBody":"","fileTypesAndContributionMap":{"test-code":{"insertions":6,"deletions":5}}},{"hash":"6fb9762bbb7acaa4f03a5a14ff8210df318269c2","isMergeCommit":true,"messageTitle":"Merge pull request #32 from guanquann/branch-add-order-workflow","messageBody":"Fix implementation for addorder","fileTypesAndContributionMap":{}}]},{"date":"2024-03-20","commitResults":[{"hash":"a428425a808081bfafec879794e893c1a0d92866","isMergeCommit":false,"messageTitle":"Add sequence diagram and update dev guide for addorder","messageBody":"","fileTypesAndContributionMap":{"docs":{"insertions":125,"deletions":0}}},{"hash":"9f3292b1f74383c91d8e4dfebcebe38f038d546b","isMergeCommit":false,"messageTitle":"Update AddOrder sequence diagram","messageBody":"","fileTypesAndContributionMap":{"docs":{"insertions":2,"deletions":3}}},{"hash":"1700f173c9446f513b3886618c7f9a0446be8232","isMergeCommit":false,"messageTitle":"Fix slight bug in addorder sequence diagram","messageBody":"","fileTypesAndContributionMap":{"docs":{"insertions":1,"deletions":1}}}]},{"date":"2024-03-21","commitResults":[{"hash":"d6bc03e7e8053b258ee54e1a388d3880db8aa4aa","isMergeCommit":false,"messageTitle":"Update addorder sequence diagram","messageBody":"","fileTypesAndContributionMap":{"docs":{"insertions":10,"deletions":9}}},{"hash":"ebb4cafb020554e536a508ea8f4e7021dcb11344","isMergeCommit":true,"messageTitle":"Fix conflict","messageBody":"","fileTypesAndContributionMap":{}},{"hash":"30b70fadbd5234701227d724c8f6b7023c9ce9d0","isMergeCommit":true,"messageTitle":"Merge pull request #35 from guanquann/branch-addorder-dev-guide","messageBody":"Update DG for addorder","fileTypesAndContributionMap":{}}]},{"date":"2024-03-23","commitResults":[{"hash":"861ae27cbdb84df1a6b1a135e9aee52afa1a1b9b","isMergeCommit":false,"messageTitle":"Create Status and Remark class for Order","messageBody":"","fileTypesAndContributionMap":{"functional-code":{"insertions":139,"deletions":11},"test-code":{"insertions":108,"deletions":30}}},{"hash":"94ed410a22cc383d1c9d071d457afecf8a8248c2","isMergeCommit":false,"messageTitle":"Increase test coverage","messageBody":"","fileTypesAndContributionMap":{"test-code":{"insertions":15,"deletions":0}}},{"hash":"d44694da18a084bdbf9668da6249eb318185e7b8","isMergeCommit":false,"messageTitle":"Increase coverage for Status","messageBody":"","fileTypesAndContributionMap":{"test-code":{"insertions":14,"deletions":2}}}]},{"date":"2024-03-24","commitResults":[{"hash":"04cf7011768589a670161ef4e214bab6755c8c1b","isMergeCommit":false,"messageTitle":"Fix test in status","messageBody":"","fileTypesAndContributionMap":{"test-code":{"insertions":2,"deletions":4}}},{"hash":"e9766e13d722091741b4c11a0546c2e8b626a7e6","isMergeCommit":false,"messageTitle":"Make use of Model and ModelManager in AddOrder","messageBody":"","fileTypesAndContributionMap":{"functional-code":{"insertions":31,"deletions":5},"test-code":{"insertions":6,"deletions":0}}}]},{"date":"2024-03-25","commitResults":[{"hash":"ddb13a8c2a5964550d53aa56bd946e686142134e","isMergeCommit":false,"messageTitle":"Fix bug in JsonAdaptedOrder","messageBody":"","fileTypesAndContributionMap":{"functional-code":{"insertions":4,"deletions":2}}},{"hash":"b8a57c6fadcb6dbcf90f00d0280fecab36f2323a","isMergeCommit":true,"messageTitle":"Merge pull request #40 from guanquann/branch-refine-addorder","messageBody":"Make use of Model and ModelManager in AddOrder","fileTypesAndContributionMap":{}}]},{"date":"2024-03-26","commitResults":[{"hash":"f6bd4e6053c8209a5fef908905f41fa66da3d8ca","isMergeCommit":false,"messageTitle":"Update UI","messageBody":"","fileTypesAndContributionMap":{"functional-code":{"insertions":54,"deletions":21}}},{"hash":"cd8e575c55cd657dcfe08a2a3cc379036d24479c","isMergeCommit":true,"messageTitle":"Merge pull request #52 from maze508/userguide_week10_2101","messageBody":"Add UserGuide for CS2101","fileTypesAndContributionMap":{}},{"hash":"ee9892a9ec2fa2d8086e785416ebd53310460bdf","isMergeCommit":true,"messageTitle":"Merge pull request #53 from maze508/addmodel-listorder","messageBody":"Add Model Abstraction for ListOrder","fileTypesAndContributionMap":{}},{"hash":"984d321ec4742dc965162c48ab5aa42679bcca98","isMergeCommit":true,"messageTitle":"Merge pull request #54 from maze508/fix-listorder-model","messageBody":"Change Implementation from ArrayList to List in ListOrder Command","fileTypesAndContributionMap":{}}]},{"date":"2024-03-27","commitResults":[{"hash":"498c9a673696192860227510bb00fb419f9b7246","isMergeCommit":true,"messageTitle":"Update Status to class instead","messageBody":"","fileTypesAndContributionMap":{}},{"hash":"4732ed22ecd7e0333573a1652979eb7e2ec49bd9","isMergeCommit":false,"messageTitle":"Fix checkstyle","messageBody":"","fileTypesAndContributionMap":{"test-code":{"insertions":1,"deletions":1}}},{"hash":"59cec0097d49fad51af09997785f6b920b256e07","isMergeCommit":false,"messageTitle":"Increase test coverage","messageBody":"","fileTypesAndContributionMap":{"test-code":{"insertions":24,"deletions":8}}},{"hash":"ddd6212ef00a8ec90964a10fb45a9969cd13dcfa","isMergeCommit":false,"messageTitle":"Fix checkstyle","messageBody":"","fileTypesAndContributionMap":{"test-code":{"insertions":0,"deletions":1}}},{"hash":"6c209e39dd5214d4a207dbb0f3eebcea4e620444","isMergeCommit":false,"messageTitle":"Increase coverage","messageBody":"","fileTypesAndContributionMap":{"test-code":{"insertions":10,"deletions":0}}}]},{"date":"2024-03-28","commitResults":[{"hash":"bbfd4c7afc55578af32db7139e40981537953f5b","isMergeCommit":false,"messageTitle":"Remove status","messageBody":"","fileTypesAndContributionMap":{"functional-code":{"insertions":5,"deletions":121},"test-code":{"insertions":4,"deletions":83}}},{"hash":"bf0006cf98a05ad36be4c8346f58a24e2a03d8bb","isMergeCommit":true,"messageTitle":"Merge branch \u0027master\u0027 of https://github.com/guanquann/tp into create-status-remark-class","messageBody":"","fileTypesAndContributionMap":{}},{"hash":"5677ca7c883a427c1f6802adfdc15ac7d66e0f76","isMergeCommit":false,"messageTitle":"Merge branch","messageBody":"","fileTypesAndContributionMap":{"test-code":{"insertions":11,"deletions":7}}},{"hash":"85feab135cb80f33cc9599f05dfb685a3a4de24e","isMergeCommit":true,"messageTitle":"Merge pull request #39 from guanquann/create-status-remark-class","messageBody":"Create Remark class for Order","fileTypesAndContributionMap":{}}]},{"date":"2024-03-29","commitResults":[{"hash":"d4737ace251e50fed25a2b785af2dcd236993ddd","isMergeCommit":false,"messageTitle":"Add light theme to UI","messageBody":"","fileTypesAndContributionMap":{"functional-code":{"insertions":14,"deletions":11},"other":{"insertions":58,"deletions":64}}},{"hash":"b6b35b1ee50d5083719e059a51d65267940bd16b","isMergeCommit":true,"messageTitle":"Fix conflicts when merging ui","messageBody":"","fileTypesAndContributionMap":{}},{"hash":"fe537213522d9967eb4dff921d2d1d2474a08e96","isMergeCommit":false,"messageTitle":"Enable assertions in gradle file","messageBody":"","fileTypesAndContributionMap":{"other":{"insertions":4,"deletions":0}}},{"hash":"248e62ce8666a3cb18f64353f7422c7ad11b129c","isMergeCommit":true,"messageTitle":"Merge pull request #57 from guanquann/branch-add-assertion","messageBody":"Enable assertions in gradle file","tags":["v1.3.trial"],"fileTypesAndContributionMap":{}},{"hash":"b1a7322789874cfd3f91b3a8dd13ae4abdd112b5","isMergeCommit":false,"messageTitle":"Add no order found message when listorder returns empty order list","messageBody":"","fileTypesAndContributionMap":{"functional-code":{"insertions":6,"deletions":1},"test-code":{"insertions":1,"deletions":1}}},{"hash":"97e5328de1f86eda2b4e7d66300d5a913a04b95a","isMergeCommit":false,"messageTitle":"Fix date bug which accepts invalid date such as 2021-02-31","messageBody":"","fileTypesAndContributionMap":{"functional-code":{"insertions":4,"deletions":2}}},{"hash":"1609944c0f47b7a4e1cbd1c6c87b2e2e340a8a1f","isMergeCommit":false,"messageTitle":"Fix tiny UI bug","messageBody":"","fileTypesAndContributionMap":{"functional-code":{"insertions":4,"deletions":3}}},{"hash":"97ad6a8cff8ca2e6f4705736bc9d43f96a0ad522","isMergeCommit":true,"messageTitle":"Merge pull request #49 from guanquann/branch-ui","messageBody":"Update UI","fileTypesAndContributionMap":{}},{"hash":"713e1dc7e096cd423f65858fa097f24cb4bf92f9","isMergeCommit":true,"messageTitle":"Merge branch \u0027master\u0027 of https://github.com/guanquann/tp into branch-date-bug","messageBody":"","fileTypesAndContributionMap":{}}]},{"date":"2024-03-30","commitResults":[{"hash":"576a27b6e548815427aa9b3d7583400a12956c18","isMergeCommit":false,"messageTitle":"Fix duplicate order bug for same person, enhance test cases for orders","messageBody":"","fileTypesAndContributionMap":{"functional-code":{"insertions":49,"deletions":10},"docs":{"insertions":2,"deletions":5},"test-code":{"insertions":92,"deletions":13}}},{"hash":"11e9cde5fd0c6f3163a67b20b54e43184140f8b3","isMergeCommit":false,"messageTitle":"Fix checkstyle for TypicalOrders","messageBody":"","fileTypesAndContributionMap":{"test-code":{"insertions":3,"deletions":3}}},{"hash":"f7882756b28910660b2ed938ca6db6c570e91c68","isMergeCommit":false,"messageTitle":"Use TypicalOrders for maze508 part","messageBody":"","fileTypesAndContributionMap":{"test-code":{"insertions":11,"deletions":19}}},{"hash":"da71b9a45e36c6211ec5ed6ad5d8ca2e3feec256","isMergeCommit":false,"messageTitle":"Fix checkstyle in ModelManagerTest","messageBody":"","fileTypesAndContributionMap":{"test-code":{"insertions":0,"deletions":1}}}]},{"date":"2024-03-31","commitResults":[{"hash":"59b1c0d68d234fdeba1869ab7272e2473f110dd0","isMergeCommit":false,"messageTitle":"Fix bug when invalid data is in addressbook.json that causes program to crash","messageBody":"","fileTypesAndContributionMap":{"functional-code":{"insertions":7,"deletions":0},"test-code":{"insertions":16,"deletions":2}}}]},{"date":"2024-04-02","commitResults":[{"hash":"c861b13f3d1d58fbc49875681a5260cc212e41a3","isMergeCommit":true,"messageTitle":"Merge pull request #61 from guanquann/branch-order-bug-fix","messageBody":"Bug fixes, enhance test cases for orders","fileTypesAndContributionMap":{}}]},{"date":"2024-04-03","commitResults":[{"hash":"6a08a604ec450910a66a9189596540e0f7d560a3","isMergeCommit":false,"messageTitle":"Change remark validation, fix minor issues for addorder docs","messageBody":"","fileTypesAndContributionMap":{"functional-code":{"insertions":6,"deletions":8},"test-code":{"insertions":1,"deletions":3}}},{"hash":"f544240ae7e935bef7256211d17a49fe53daf1d2","isMergeCommit":true,"messageTitle":"Merge pull request #67 from guanquann/branch-remark-validation","messageBody":"Change remark validation","fileTypesAndContributionMap":{}},{"hash":"720c4a0827267dc6992d72926fc7df1b506eeb4e","isMergeCommit":false,"messageTitle":"Update UG to fix formatting issues","messageBody":"","fileTypesAndContributionMap":{"other":{"insertions":1,"deletions":1},"docs":{"insertions":11,"deletions":10}}},{"hash":"1c875875aa6c73ea7edf984b24dc6378cd5c06f7","isMergeCommit":true,"messageTitle":"Merge pull request #63 from maze508/deleteorder-ug","messageBody":"Add user guide for deleteorder command","fileTypesAndContributionMap":{}}]},{"date":"2024-04-04","commitResults":[{"hash":"64a24f5168188095d143cacd8ce6b75c484d7a46","isMergeCommit":true,"messageTitle":"Merge pull request #70 from sun-ruiheng/Update-README","messageBody":"Fix some UG details and update README","fileTypesAndContributionMap":{}},{"hash":"76e15d85766a5bf3bdbb8f8a4d11232c45c1790a","isMergeCommit":false,"messageTitle":"Shift help section of UG down, add known issues","messageBody":"","fileTypesAndContributionMap":{"docs":{"insertions":11,"deletions":9}}}]},{"date":"2024-04-08","commitResults":[{"hash":"26b4425fe9777efbcc923ee9a81f5721054b9f2c","isMergeCommit":false,"messageTitle":"Remove duplicate order constraint","messageBody":"","fileTypesAndContributionMap":{"functional-code":{"insertions":0,"deletions":17},"docs":{"insertions":4,"deletions":1},"test-code":{"insertions":0,"deletions":24}}}]},{"date":"2024-04-09","commitResults":[{"hash":"e56a08c0c213a4d7b9e770ddafae3bcad2a94b41","isMergeCommit":false,"messageTitle":"Update UG and DG","messageBody":"","fileTypesAndContributionMap":{"docs":{"insertions":28,"deletions":11}}},{"hash":"7f7acd3f73eb4ee07c037fe7f90e01542108853a","isMergeCommit":false,"messageTitle":"Change URL to correct repo in DG","messageBody":"","fileTypesAndContributionMap":{"docs":{"insertions":8,"deletions":8}}},{"hash":"4e07e0408770a293419cdcf370bb8d92c00c2df1","isMergeCommit":false,"messageTitle":"Update addorder sequence diagram, DG","messageBody":"","fileTypesAndContributionMap":{"docs":{"insertions":60,"deletions":23}}},{"hash":"6e1996b4022ea5f8d5f9533bb32bef736847d083","isMergeCommit":true,"messageTitle":"Merge pull request #131 from guanquann/branch-ped-ug-bug-fix","messageBody":"UG and DG enhancements","fileTypesAndContributionMap":{}},{"hash":"3f83933ad03fe8557cf42ecc84e1f016efc31a22","isMergeCommit":false,"messageTitle":"Update checkstyle","messageBody":"","fileTypesAndContributionMap":{"docs":{"insertions":32,"deletions":32}}}]},{"date":"2024-04-11","commitResults":[{"hash":"80d8b3905be873fc793ca0b13ff1152523c416a8","isMergeCommit":false,"messageTitle":"Update links to correct repo in docs","messageBody":"","fileTypesAndContributionMap":{"docs":{"insertions":12,"deletions":13}}},{"hash":"4ab7a9e76c6318707df99b8ebe5ed147fabf5d66","isMergeCommit":true,"messageTitle":"Merge pull request #135 from guanquann/standarise-appname","messageBody":"Update links to correct repo in docs","fileTypesAndContributionMap":{}},{"hash":"ad8c4a524909ed96b8e85a51da507844abfa1dc1","isMergeCommit":false,"messageTitle":"Rename addressbook to GourtmetGrid in readme","messageBody":"","fileTypesAndContributionMap":{"docs":{"insertions":1,"deletions":1}}},{"hash":"8e4421ab04f0282902b0e5777f8445400080c7fa","isMergeCommit":false,"messageTitle":"Update add command example in readme","messageBody":"","fileTypesAndContributionMap":{"docs":{"insertions":1,"deletions":1}}},{"hash":"460aa75fb05673ada0d70c608d8b70b351239652","isMergeCommit":true,"messageTitle":"Merge pull request #137 from guanquann/standarise-appname","messageBody":"Update readme in github, remove title suffix in site.json","fileTypesAndContributionMap":{}},{"hash":"a8ee6c03bca5a8a8d3ba5761824e719d61a311f9","isMergeCommit":false,"messageTitle":"Update note comment for duplicate orders","messageBody":"","fileTypesAndContributionMap":{"docs":{"insertions":1,"deletions":1}}},{"hash":"5ae03e0abacb0833f115f86e28e272863cee484b","isMergeCommit":true,"messageTitle":"Merge pull request #130 from guanquann/branch-ped-bug-fix","messageBody":"Remove duplicate order constraint","fileTypesAndContributionMap":{}},{"hash":"b2903e62b48b43d0835eb03dde51c77f4244777f","isMergeCommit":true,"messageTitle":"Merge pull request #133 from guanquann/branch-addorder-dg","messageBody":"Update addorder sequence diagram, use case and manual testing","fileTypesAndContributionMap":{}},{"hash":"fe90e3b5902aac2f12ba1f3dc7e2740be1de820a","isMergeCommit":false,"messageTitle":"Fix formatting for addorder in UG","messageBody":"","fileTypesAndContributionMap":{"docs":{"insertions":3,"deletions":1}}},{"hash":"755f3b0fcd426b4837adbe288a867f6dbe820be0","isMergeCommit":false,"messageTitle":"Fix UG poor phrasing in quick start section","messageBody":"","fileTypesAndContributionMap":{"docs":{"insertions":1,"deletions":1}}},{"hash":"3f6d8a0d59f8530d13268efaff36a98b70f89392","isMergeCommit":true,"messageTitle":"Merge pull request #138 from guanquann/branch-ped-bug-fix","messageBody":"Fix formatting in addorder, fix weird phrasing in quick start section","fileTypesAndContributionMap":{}},{"hash":"16b798b20aaf6eca4dfe8bae5f8e542a0763fe03","isMergeCommit":true,"messageTitle":"Merge pull request #132 from maze508/ug-updates","messageBody":"UG and DG Enhancements and Fix Find Command","fileTypesAndContributionMap":{}}]},{"date":"2024-04-12","commitResults":[{"hash":"4c74c2a903708b5148db76af09f378413d2dd977","isMergeCommit":false,"messageTitle":"Fix bugs, standarise some docs in UG and DG","messageBody":"","fileTypesAndContributionMap":{"functional-code":{"insertions":2,"deletions":2},"docs":{"insertions":52,"deletions":30},"test-code":{"insertions":1,"deletions":1}}},{"hash":"f0e484e75e9a21fd3467074b223f7e3dd4678d9f","isMergeCommit":false,"messageTitle":"Fix checkstyle in UG and DG","messageBody":"","fileTypesAndContributionMap":{"docs":{"insertions":6,"deletions":6}}}]},{"date":"2024-04-13","commitResults":[{"hash":"76be0e145ff1e996b07ce3e80b56f0235d8bf110","isMergeCommit":false,"messageTitle":"Update log and data file to gourmetgrid","messageBody":"","fileTypesAndContributionMap":{"functional-code":{"insertions":13,"deletions":13},"docs":{"insertions":2,"deletions":2}}},{"hash":"d4af0dce26f850dc74f74e0969fea3bec7fa3866","isMergeCommit":false,"messageTitle":"Standarise note and reminder boxes","messageBody":"","fileTypesAndContributionMap":{"docs":{"insertions":17,"deletions":18}}},{"hash":"e55113b651e0487791c8658f6ebc1d919d3c641c","isMergeCommit":false,"messageTitle":"Remove linebreak","messageBody":"","fileTypesAndContributionMap":{"docs":{"insertions":5,"deletions":3}}},{"hash":"7a557e6475c2dc2f8071a797abd01e2aa514b4bc","isMergeCommit":false,"messageTitle":"Rename to contact in DG use cases","messageBody":"","fileTypesAndContributionMap":{"docs":{"insertions":7,"deletions":7}}},{"hash":"898b326258973746c910b9b8921b1b793a30223a","isMergeCommit":false,"messageTitle":"Fix issue 73","messageBody":"","fileTypesAndContributionMap":{"docs":{"insertions":5,"deletions":0}}},{"hash":"f1b84f01280fea5627d0e080389f70706c85ce21","isMergeCommit":false,"messageTitle":"UG known issues","messageBody":"","fileTypesAndContributionMap":{"docs":{"insertions":0,"deletions":1}}}]},{"date":"2024-04-14","commitResults":[{"hash":"a95c7dcc55275f7537ae4e6b6a508b43ec784220","isMergeCommit":false,"messageTitle":"Change person to contact, update class diagram in DG","messageBody":"","fileTypesAndContributionMap":{"docs":{"insertions":26,"deletions":7}}},{"hash":"dac80af016d0801796cf748fc8e0916bb1dbadbf","isMergeCommit":true,"messageTitle":"Merge pull request #139 from guanquann/ug-bug-fix-v2.0","messageBody":"Fix bugs, standarise some docs in UG and DG","fileTypesAndContributionMap":{}},{"hash":"e4d14fccdd1f14b4bd1773b8cf12f079a4064d25","isMergeCommit":false,"messageTitle":"Revert back default sample data","messageBody":"","fileTypesAndContributionMap":{"functional-code":{"insertions":8,"deletions":6}}},{"hash":"f160bb197c7908b0ae8b1e0bb5ce8249fa776357","isMergeCommit":true,"messageTitle":"Merge pull request #144 from guanquann/ug-bug-fix-v2.0","messageBody":"Revert back default sample data in v1.3","fileTypesAndContributionMap":{}}]}],"sun-ruiheng":[{"date":"2024-03-05","commitResults":[{"hash":"39eade0c06b3772f0b8648f7927db4f416acc51c","isMergeCommit":true,"messageTitle":"Merge pull request #15 from guanquann/user-stories-use-cases","messageBody":"Update developer documentation to include user stories and use cases","fileTypesAndContributionMap":{}},{"hash":"f3577046717c48010c2a1b85be18498e6e7f4de1","isMergeCommit":false,"messageTitle":"Update NFRs and Glossary","messageBody":"","fileTypesAndContributionMap":{"other":{"insertions":580,"deletions":0},"docs":{"insertions":79,"deletions":74}}},{"hash":"db411e4ba136783bfc4884417585152af124c85d","isMergeCommit":false,"messageTitle":"Add NFRs","messageBody":"","fileTypesAndContributionMap":{"other":{"insertions":0,"deletions":580}}}]},{"date":"2024-03-13","commitResults":[{"hash":"84bc76c02523572ecf9a37a39b7b7a308b94770b","isMergeCommit":false,"messageTitle":"Add Company first commit","messageBody":"","fileTypesAndContributionMap":{"functional-code":{"insertions":67,"deletions":0}}},{"hash":"8359dd45e1ec4bdd0b5ebc9562a295456fd1edf5","isMergeCommit":false,"messageTitle":"Add Company first commit","messageBody":"","fileTypesAndContributionMap":{"functional-code":{"insertions":72,"deletions":49},"test-code":{"insertions":27,"deletions":13}}}]},{"date":"2024-03-14","commitResults":[{"hash":"d29cfec777bf81a3855c6d55d800c4181b887744","isMergeCommit":false,"messageTitle":"Include Company in contacts info","messageBody":"","fileTypesAndContributionMap":{"functional-code":{"insertions":17,"deletions":7}}},{"hash":"94a5e8817625704528af356c6a235afa03a15b77","isMergeCommit":true,"messageTitle":"Merge branch \u0027AY2324S2-CS2103T-T16-3:master\u0027 into Branch-Add-Company","messageBody":"","fileTypesAndContributionMap":{}},{"hash":"a423c0c7f57efa0ea710b636ed8c49656511e62a","isMergeCommit":false,"messageTitle":"Company in Contact","messageBody":"","fileTypesAndContributionMap":{"functional-code":{"insertions":2,"deletions":2}}}]},{"date":"2024-03-15","commitResults":[{"hash":"2a4a60afd9e8ae8f7b5c79be832bc55a461930fc","isMergeCommit":false,"messageTitle":"Fix formatting, avoid star import","messageBody":"","fileTypesAndContributionMap":{"functional-code":{"insertions":37,"deletions":7}}},{"hash":"83e1cbc13482148e67f17816c8b6d81ae2ac2afd","isMergeCommit":false,"messageTitle":"Fix edit for company","messageBody":"","fileTypesAndContributionMap":{"functional-code":{"insertions":10,"deletions":4},"test-code":{"insertions":39,"deletions":12}}},{"hash":"4ee27b6a1ce4506d8b01c002526934bc588c9e6e","isMergeCommit":true,"messageTitle":"Resolve conflict with Add Orders","messageBody":"","fileTypesAndContributionMap":{}},{"hash":"0631a4b81f303877c478539d066f64fe6fd9f47f","isMergeCommit":false,"messageTitle":"Solve checkstyle issues","messageBody":"","fileTypesAndContributionMap":{"functional-code":{"insertions":5,"deletions":8},"test-code":{"insertions":19,"deletions":14}}}]},{"date":"2024-03-16","commitResults":[{"hash":"981ee31ee7a8ab53f5cd58b0e9d8e316e4e67f65","isMergeCommit":false,"messageTitle":"Fix some tests for Company","messageBody":"","fileTypesAndContributionMap":{"functional-code":{"insertions":3,"deletions":1},"test-code":{"insertions":66,"deletions":34}}},{"hash":"1f004bd56c68299f3dc2a3f4e1f05d31e50ecff5","isMergeCommit":true,"messageTitle":"Deconflict Company with addfav","messageBody":"","fileTypesAndContributionMap":{}},{"hash":"c54efec6c84d53162fa98466fd78bbc7a9670cbe","isMergeCommit":false,"messageTitle":"Clean up checkstyle","messageBody":"","fileTypesAndContributionMap":{"test-code":{"insertions":0,"deletions":1}}},{"hash":"bfc3aed9cb6b4cdc5c745f53c4bfec3a993218de","isMergeCommit":false,"messageTitle":"Fix bug raised by Gavin","messageBody":"","fileTypesAndContributionMap":{"functional-code":{"insertions":2,"deletions":1}}},{"hash":"860a2332519f0f0f6848a156c3ed6844c7713880","isMergeCommit":false,"messageTitle":"Allow more flexible names","messageBody":"","fileTypesAndContributionMap":{"functional-code":{"insertions":6,"deletions":4}}},{"hash":"9738e8fb73c065588548fbce86b8b142a88e0658","isMergeCommit":false,"messageTitle":"Fix styling","messageBody":"","fileTypesAndContributionMap":{"functional-code":{"insertions":4,"deletions":4}}},{"hash":"5452674ede720af62157aa8a513b1d1d21d352ec","isMergeCommit":false,"messageTitle":"Remove redundant Person() constructor","messageBody":"","fileTypesAndContributionMap":{"functional-code":{"insertions":0,"deletions":16},"test-code":{"insertions":1,"deletions":1}}},{"hash":"0de20e661834e3bd711b7f8c0633835025b42d7b","isMergeCommit":false,"messageTitle":"remove another redundancy","messageBody":"","fileTypesAndContributionMap":{"test-code":{"insertions":0,"deletions":3}}},{"hash":"35a71f48f4b8479c454de2e420f38687b43b87b0","isMergeCommit":true,"messageTitle":"Merge pull request #28 from sun-ruiheng/Branch-Add-Company","messageBody":"Incude Company in Contact","fileTypesAndContributionMap":{}}]},{"date":"2024-03-18","commitResults":[{"hash":"628169f3a2189e3fa61902858050489c8eda6ed9","isMergeCommit":false,"messageTitle":"update UG for Company","messageBody":"","fileTypesAndContributionMap":{"docs":{"insertions":15,"deletions":15}}}]},{"date":"2024-03-19","commitResults":[{"hash":"28676eebab113cbc5315f916b9985e92ac5721f8","isMergeCommit":false,"messageTitle":"Update DG UMLs to include Company, Order, multiplicity","messageBody":"","fileTypesAndContributionMap":{"docs":{"insertions":14,"deletions":8}}}]},{"date":"2024-03-21","commitResults":[{"hash":"3d368a0522fae10f940376144f0467ccfd2d210a","isMergeCommit":true,"messageTitle":"Merge branch \u0027master\u0027 into Branch-Update-UG-Company","messageBody":"","fileTypesAndContributionMap":{}},{"hash":"5b8f45645419abda548e69d9eb7f72e66cb37004","isMergeCommit":false,"messageTitle":"Update DG for Add","messageBody":"","fileTypesAndContributionMap":{"functional-code":{"insertions":0,"deletions":1},"docs":{"insertions":101,"deletions":0}}},{"hash":"8fd7e958dd2586083598cb06f729bcac411e6a04","isMergeCommit":true,"messageTitle":"Merge branch \u0027master\u0027 into Branch-AddCommand-DG","messageBody":"","fileTypesAndContributionMap":{}},{"hash":"7e197b69c2c955df2884b00cef417174f5494d28","isMergeCommit":true,"messageTitle":"Merge pull request #33 from sun-ruiheng/Branch-Update-UG-Company","messageBody":"Update UG for Company and minor updates to DG","fileTypesAndContributionMap":{}},{"hash":"20a741b32172b2bf6bd7922050a1bbd3374aabf7","isMergeCommit":false,"messageTitle":"Fix trailing whitespace","messageBody":"","fileTypesAndContributionMap":{"docs":{"insertions":1,"deletions":1}}},{"hash":"abc44ecbaecfb2527214b8cf9f916755c6ac09bf","isMergeCommit":true,"messageTitle":"Merge branch \u0027master\u0027 into Branch-AddCommand-DG","messageBody":"","fileTypesAndContributionMap":{}},{"hash":"0c760e63b2bee264cdd8ec9bc5d6f9fd23d20120","isMergeCommit":false,"messageTitle":"update categorisation in UML","messageBody":"","fileTypesAndContributionMap":{"docs":{"insertions":8,"deletions":2}}},{"hash":"90895742420c7e3d9dc40bf2987fe388123baba0","isMergeCommit":false,"messageTitle":"Fix UML further","messageBody":"","fileTypesAndContributionMap":{"docs":{"insertions":1,"deletions":0}}},{"hash":"aad939d871e49c01712f5f95ad6c9323e06b3e90","isMergeCommit":true,"messageTitle":"Merge pull request #37 from sun-ruiheng/Branch-AddCommand-DG","messageBody":"Update DG for Add","tags":["v1.2"],"fileTypesAndContributionMap":{}}]},{"date":"2024-03-25","commitResults":[{"hash":"46ad9d4f0df5d9aa760980e0573ffb3fa2ed23f2","isMergeCommit":false,"messageTitle":"Add ShowFav command","messageBody":"","fileTypesAndContributionMap":{"functional-code":{"insertions":37,"deletions":4},"test-code":{"insertions":9,"deletions":2}}},{"hash":"3e86d13aa3a4ac4d0a186730df5e5d95afd93946","isMergeCommit":false,"messageTitle":"fix checkstyle","messageBody":"","fileTypesAndContributionMap":{"functional-code":{"insertions":0,"deletions":1}}},{"hash":"80a202d6b7dee6fa88f89579c7c782d8d4bced65","isMergeCommit":false,"messageTitle":"Fix message","messageBody":"","fileTypesAndContributionMap":{"functional-code":{"insertions":1,"deletions":1}}}]},{"date":"2024-03-26","commitResults":[{"hash":"9cf5183048289d074d7887c528f7d49c3f7ef65a","isMergeCommit":false,"messageTitle":"Add tests for Show Favourite command","messageBody":"","fileTypesAndContributionMap":{"functional-code":{"insertions":11,"deletions":0},"test-code":{"insertions":67,"deletions":1}}},{"hash":"e015b133b6b672ac07fefd994706629786b45b85","isMergeCommit":false,"messageTitle":"Fix bug in equals()","messageBody":"","fileTypesAndContributionMap":{"functional-code":{"insertions":1,"deletions":1}}},{"hash":"e4d5b2f2b28a8fbd558955e6cc79433c5869f210","isMergeCommit":false,"messageTitle":"Debug strange bug","messageBody":"","fileTypesAndContributionMap":{"functional-code":{"insertions":1,"deletions":1},"test-code":{"insertions":5,"deletions":14}}},{"hash":"c37c44d80abf3a7a60b5cf28b7449ea1cb6d54fd","isMergeCommit":false,"messageTitle":"Fix checkstyle","messageBody":"","fileTypesAndContributionMap":{"test-code":{"insertions":0,"deletions":4}}},{"hash":"e50e0cc232755a5ae75b063a5962f928ffe48bb1","isMergeCommit":false,"messageTitle":"Small comment mistake","messageBody":"","fileTypesAndContributionMap":{"test-code":{"insertions":1,"deletions":1}}},{"hash":"a2aebf2cad20a40da0e611049d3b5f44e8212ad6","isMergeCommit":false,"messageTitle":"Make rules for no-argument commands stricter","messageBody":"","fileTypesAndContributionMap":{"functional-code":{"insertions":131,"deletions":5},"test-code":{"insertions":16,"deletions":5}}},{"hash":"42f057d6abae1ca9db0ebb6827dcdbd396d1165e","isMergeCommit":false,"messageTitle":"Update UG url in help message","messageBody":"","fileTypesAndContributionMap":{"functional-code":{"insertions":1,"deletions":1}}},{"hash":"30a2ba8cc79ce820875eb8e02b20717f6491577c","isMergeCommit":false,"messageTitle":"Abstract check into ParserUtil method","messageBody":"","fileTypesAndContributionMap":{"functional-code":{"insertions":27,"deletions":25}}}]},{"date":"2024-03-27","commitResults":[{"hash":"3c2a5e0e92923dd023636ce52c820ca47cfc83bd","isMergeCommit":true,"messageTitle":"Merge branch \u0027master\u0027 into Branch-BugFix-CommandFormats","messageBody":"","fileTypesAndContributionMap":{}},{"hash":"8351afc0d271e05dcbe0d4daff87107ae7221066","isMergeCommit":false,"messageTitle":"Update ParserUtil","messageBody":"","fileTypesAndContributionMap":{"functional-code":{"insertions":1,"deletions":0}}},{"hash":"bec8464fdcda43ffca8d153631b43f6858f592d7","isMergeCommit":false,"messageTitle":"Resolve conflicts","messageBody":"","fileTypesAndContributionMap":{"functional-code":{"insertions":3,"deletions":3}}},{"hash":"0399fc0e20d216f1bf4185e070f76e090780af0b","isMergeCommit":true,"messageTitle":"Merge pull request #51 from sun-ruiheng/Branch-BugFix-CommandFormats","messageBody":"Bug Fix: Commands with No Arguments","fileTypesAndContributionMap":{}}]},{"date":"2024-03-29","commitResults":[{"hash":"7252451bd50739db1ac6a9ca46cdae3b9476a3e2","isMergeCommit":true,"messageTitle":"Merge pull request #60 from guanquann/branch-invalid-date-bug","messageBody":"Fix date parse bug","fileTypesAndContributionMap":{}}]},{"date":"2024-03-30","commitResults":[{"hash":"bac3dd1d24dae88db0e461b4d8a99e8547a8dbbc","isMergeCommit":false,"messageTitle":"Update more DG","messageBody":"","fileTypesAndContributionMap":{"docs":{"insertions":111,"deletions":8}}},{"hash":"201382f986c8dd78d5a3e1b1a89d961b2a7ef578","isMergeCommit":false,"messageTitle":"Change naming in DG","messageBody":"","fileTypesAndContributionMap":{"docs":{"insertions":3,"deletions":3}}}]},{"date":"2024-04-02","commitResults":[{"hash":"25ad31a4f8e6a2afbe5de9b47acc5a4234c1fe29","isMergeCommit":false,"messageTitle":"Add activation bar in ShowFavouriteSequenceDiagram.puml","messageBody":"","fileTypesAndContributionMap":{"docs":{"insertions":3,"deletions":0}}},{"hash":"85a272659c10017c67fc541dbbb8d9da3797ce16","isMergeCommit":false,"messageTitle":"Update DG, fix inconsistencies","messageBody":"","fileTypesAndContributionMap":{"docs":{"insertions":28,"deletions":9}}}]},{"date":"2024-04-03","commitResults":[{"hash":"10ced178764dba6acccc67f274ef27ff8c69becc","isMergeCommit":true,"messageTitle":"Merge pull request #65 from sun-ruiheng/Update-UG","messageBody":"Update UG, fix inconsistencies","fileTypesAndContributionMap":{}},{"hash":"d00a8460052fd2bd7192cba4389cf8943628156b","isMergeCommit":true,"messageTitle":"Merge pull request #64 from gavingoh99/update-dg-with-deletefav","messageBody":"Update DG with RemoveFavourite","fileTypesAndContributionMap":{}},{"hash":"038b265498191d6e75195e2979b867310af26d30","isMergeCommit":false,"messageTitle":"Change to warnings for addfav, removefav","messageBody":"","fileTypesAndContributionMap":{"functional-code":{"insertions":19,"deletions":6},"test-code":{"insertions":20,"deletions":9}}}]},{"date":"2024-04-04","commitResults":[{"hash":"068915d637296ff9b0920beb36d8c31058e5c879","isMergeCommit":true,"messageTitle":"Merge pull request #69 from guanquann/branch-ug-styling","messageBody":"Update UG to fix formatting issues","fileTypesAndContributionMap":{}},{"hash":"c300d2315acc0348ed562cbb7faa1f9663a3416d","isMergeCommit":false,"messageTitle":"Fix some UG details and update README","messageBody":"","fileTypesAndContributionMap":{"docs":{"insertions":93,"deletions":39}}},{"hash":"83202b594cc0625dabc9b5406c46823d55d156c1","isMergeCommit":false,"messageTitle":"Rename some tests","messageBody":"","fileTypesAndContributionMap":{"test-code":{"insertions":2,"deletions":2}}},{"hash":"5213fe0b8473f7a6fc5fad824a7a7b1a9d56a470","isMergeCommit":true,"messageTitle":"Merge branch \u0027master\u0027 into Update-README","messageBody":"","fileTypesAndContributionMap":{}},{"hash":"adac9b10a2e80eb11e72a6ac20e06f9a520f464d","isMergeCommit":true,"messageTitle":"Merge pull request #68 from sun-ruiheng/Add-Warning-for-Favs","messageBody":"Change to Warnings for addfav, removefav","fileTypesAndContributionMap":{}},{"hash":"6c27f589cef5e2609bc9ccee332653634d9b1968","isMergeCommit":false,"messageTitle":"Change to warnings for addfav, removefav","messageBody":"","fileTypesAndContributionMap":{"functional-code":{"insertions":19,"deletions":6},"test-code":{"insertions":20,"deletions":9}}},{"hash":"b4dcc5439ee5e666c0d67c2e8c42da0fd125e1e4","isMergeCommit":false,"messageTitle":"Rename some tests","messageBody":"","fileTypesAndContributionMap":{"test-code":{"insertions":2,"deletions":2}}},{"hash":"da17f6e88211d21197664782c82f2ab07ef5fabe","isMergeCommit":false,"messageTitle":"Fix some UG details","messageBody":"","fileTypesAndContributionMap":{"functional-code":{"insertions":2,"deletions":2},"docs":{"insertions":25,"deletions":18}}},{"hash":"1cea178a7952cf0808702a017052dbf88167795e","isMergeCommit":false,"messageTitle":"Fix addorder message","messageBody":"","fileTypesAndContributionMap":{"functional-code":{"insertions":1,"deletions":1}}}]},{"date":"2024-04-05","commitResults":[{"hash":"cd863c123c27f1241924f96fb980ff0651c48b2f","isMergeCommit":true,"messageTitle":"Merge pull request #71 from guanquann/branch-ug-enhancements","messageBody":"Shift help section of UG down, add known issues","tags":["v1.3"],"fileTypesAndContributionMap":{}}]},{"date":"2024-04-10","commitResults":[{"hash":"714336338d82b7d85f4997dc70f387ac30ada1bf","isMergeCommit":false,"messageTitle":"Fix bugs raised in PE-D","messageBody":"","fileTypesAndContributionMap":{"docs":{"insertions":44,"deletions":47}}},{"hash":"30a45a4bcabdd58515602d7426b64a88d1dc5d31","isMergeCommit":false,"messageTitle":"Rename showfav to listfav","messageBody":"","fileTypesAndContributionMap":{"functional-code":{"insertions":3,"deletions":3},"other":{"insertions":18,"deletions":18},"docs":{"insertions":73,"deletions":56},"test-code":{"insertions":5,"deletions":5}}},{"hash":"309b91011f2e77d61904bf26f187af3e321576c7","isMergeCommit":false,"messageTitle":"Fix more bugs","messageBody":"","fileTypesAndContributionMap":{"docs":{"insertions":2,"deletions":2}}}]},{"date":"2024-04-12","commitResults":[{"hash":"2ce029558c097296120e9c4094fe81ecb912bdf2","isMergeCommit":false,"messageTitle":"change DG and UML for updated name","messageBody":"","fileTypesAndContributionMap":{"docs":{"insertions":5,"deletions":5}}},{"hash":"8cfc9337c7c350479081781906506f4c777d3c64","isMergeCommit":true,"messageTitle":"Merge branch \u0027master\u0027 into Bug-Fixes-1.4","messageBody":"","fileTypesAndContributionMap":{}},{"hash":"27bb541a012b7cfd8613cec701addea2b479f536","isMergeCommit":true,"messageTitle":"Merge pull request #134 from sun-ruiheng/Bug-Fixes-1.4","messageBody":"Fix bugs raised in PE-D","fileTypesAndContributionMap":{}},{"hash":"c8e0d32340d54779407009e86ff66aa79179c532","isMergeCommit":false,"messageTitle":"fix more","messageBody":"","fileTypesAndContributionMap":{"docs":{"insertions":4,"deletions":4}}}]},{"date":"2024-04-14","commitResults":[{"hash":"c39c4a92b5d28ed3eb5bc98bc0895304b57a5fdb","isMergeCommit":true,"messageTitle":"Merge branch \u0027AY2324S2-CS2103T-T16-3:master\u0027 into master","messageBody":"","fileTypesAndContributionMap":{}},{"hash":"5077809b188bd751a0f343aa62d44e3f9fe3c11b","isMergeCommit":true,"messageTitle":"Merge pull request #141 from gavingoh99/update-dg","messageBody":"Add use case and manual testing for addfav \u0026 removefav to DG","fileTypesAndContributionMap":{}},{"hash":"66dd661610759b591b4759eb38eeac30022c7faa","isMergeCommit":false,"messageTitle":"Embellish UG and DG","messageBody":"","fileTypesAndContributionMap":{"docs":{"insertions":66,"deletions":15}}},{"hash":"72a1d2054bb8dd6979737bd022a48af82de6e829","isMergeCommit":true,"messageTitle":"Merge branch \u0027master\u0027 into DG-UseCases","messageBody":"","fileTypesAndContributionMap":{}}]}],"gavingoh99":[{"date":"2024-03-05","commitResults":[{"hash":"27c0cb119cd49ac19672fa715eb56fe26cdea59d","isMergeCommit":false,"messageTitle":"docs: update aboutus","messageBody":"","fileTypesAndContributionMap":{"docs":{"insertions":17,"deletions":31}}},{"hash":"dc2f56f31797b6e6bf7a44a95523b6e8bf060efa","isMergeCommit":true,"messageTitle":"Merge branch \u0027master\u0027 into updateAboutUs","messageBody":"","fileTypesAndContributionMap":{}},{"hash":"66df7655f7238ce4c46eb18e7e9e27a64e52b522","isMergeCommit":false,"messageTitle":"docs: update member name","messageBody":"","fileTypesAndContributionMap":{"docs":{"insertions":1,"deletions":1}}},{"hash":"478c29119233e77284f65b3551a0fad684569fff","isMergeCommit":true,"messageTitle":"Merge pull request #19 from sun-ruiheng/Branch-v1.1-NFR-Glossary","messageBody":"Edit NFRs and Glossary","fileTypesAndContributionMap":{}}]},{"date":"2024-03-13","commitResults":[{"hash":"3b9e2079eaa84aa26a2d5bc205cedf90861c54da","isMergeCommit":false,"messageTitle":"feat: add favourite command and parser","messageBody":"","fileTypesAndContributionMap":{"functional-code":{"insertions":109,"deletions":0}}},{"hash":"5785223bed1c06da2cf4fca042be763db2e99115","isMergeCommit":true,"messageTitle":"Merge branch \u0027master\u0027 into add-favourites","messageBody":"","fileTypesAndContributionMap":{}},{"hash":"2f3eac48c006bc43c0069e6fb4142119e17579f7","isMergeCommit":false,"messageTitle":"feat: add unit tests for new command and parser","messageBody":"","fileTypesAndContributionMap":{"functional-code":{"insertions":31,"deletions":9},"test-code":{"insertions":154,"deletions":0}}},{"hash":"e09d0cffcebc0438acb908e893cc7f46b58f455c","isMergeCommit":false,"messageTitle":"docs: add javadocs and address checkstyle","messageBody":"","fileTypesAndContributionMap":{"functional-code":{"insertions":15,"deletions":2}}},{"hash":"167368b371de4b99c4d5b9495369d9bfd5495650","isMergeCommit":false,"messageTitle":"docs: update userguide to reflect addfav feature","messageBody":"","fileTypesAndContributionMap":{"docs":{"insertions":15,"deletions":0}}},{"hash":"6693292c944231f90f7a663c7166185bfcd878db","isMergeCommit":false,"messageTitle":"docs: update command summary","messageBody":"","fileTypesAndContributionMap":{"docs":{"insertions":1,"deletions":0}}}]},{"date":"2024-03-14","commitResults":[{"hash":"e13a0c57f312e6e1c0bb3a06bf1f6ad70164606b","isMergeCommit":false,"messageTitle":"docs: tweaks to user guide formatting","messageBody":"","fileTypesAndContributionMap":{"docs":{"insertions":1,"deletions":0}}},{"hash":"c9f8ed28ad879398ee601d21afa3cebc6c4beb67","isMergeCommit":false,"messageTitle":"docs: tweak userguide","messageBody":"","fileTypesAndContributionMap":{"docs":{"insertions":4,"deletions":4}}},{"hash":"6bb1b9682c5c9403fecd17239a46c4f8c3e04957","isMergeCommit":false,"messageTitle":"feat: prevent edit command from purging Favourite tag and update userguide to reflect behaviour","messageBody":"","fileTypesAndContributionMap":{"functional-code":{"insertions":6,"deletions":0},"docs":{"insertions":3,"deletions":3}}},{"hash":"a98b06b5951cbf9b46ae10dd2bbc1997c467c51c","isMergeCommit":false,"messageTitle":"feat: add unit test for editcommand retaining favourite tag","messageBody":"","fileTypesAndContributionMap":{"test-code":{"insertions":20,"deletions":0}}},{"hash":"ddd12b9f330bd985c22ad2586c53cc0156efa050","isMergeCommit":true,"messageTitle":"feat: update branch with addorder function","messageBody":"","fileTypesAndContributionMap":{}},{"hash":"5f2b533c36fde20626eeeebe464b376b24ffa347","isMergeCommit":false,"messageTitle":"feat: resolve merge conflicts","messageBody":"","fileTypesAndContributionMap":{"functional-code":{"insertions":0,"deletions":3},"test-code":{"insertions":0,"deletions":3}}},{"hash":"31c6c63c49d1c42b91b965a3703674f0ae34a79f","isMergeCommit":false,"messageTitle":"docs: tweak table in userguide","messageBody":"","fileTypesAndContributionMap":{"docs":{"insertions":1,"deletions":1}}}]},{"date":"2024-03-15","commitResults":[{"hash":"a4569d9a33113e695d1034eca199cb2ad8d5c281","isMergeCommit":false,"messageTitle":"feat: convert fav into its own field","messageBody":"","fileTypesAndContributionMap":{"functional-code":{"insertions":46,"deletions":7},"test-code":{"insertions":14,"deletions":9}}},{"hash":"44202beb3e4385dd623a044b393d8aa400544246","isMergeCommit":false,"messageTitle":"feat: handle duplicate indices","messageBody":"","fileTypesAndContributionMap":{"functional-code":{"insertions":17,"deletions":13}}},{"hash":"14a64472d85194983460e8b19be4ae1356d9237d","isMergeCommit":false,"messageTitle":"feat: revert modifications to editcommand to retain Favourite tag","messageBody":"","fileTypesAndContributionMap":{"functional-code":{"insertions":2,"deletions":7},"test-code":{"insertions":25,"deletions":31}}},{"hash":"76f081401b088237d999f0865bba0ecc29e16c52","isMergeCommit":false,"messageTitle":"docs: revert userguide for editcommand","messageBody":"","fileTypesAndContributionMap":{"docs":{"insertions":3,"deletions":2}}},{"hash":"363fbfcd03c2ca3e2377bd35b96dcdb9fa04231b","isMergeCommit":false,"messageTitle":"feat: ensure test coverage of isfav field","messageBody":"","fileTypesAndContributionMap":{"functional-code":{"insertions":1,"deletions":0},"test-code":{"insertions":9,"deletions":4}}},{"hash":"78e29fd2dfb56e797b5600602340058159468e79","isMergeCommit":false,"messageTitle":"style: ensure adherence to checkstyle","messageBody":"","fileTypesAndContributionMap":{"test-code":{"insertions":2,"deletions":2}}},{"hash":"c00b15e67e0d3fa51e948150342842374709cfed","isMergeCommit":false,"messageTitle":"feat: fix handling index greater than size case","messageBody":"","fileTypesAndContributionMap":{"functional-code":{"insertions":4,"deletions":4}}},{"hash":"4ca7daa90d457ff850c7f68a6b6e3beb7fce681f","isMergeCommit":false,"messageTitle":"docs: update userguide for addfav to reflect handling of index out of range","messageBody":"","fileTypesAndContributionMap":{"docs":{"insertions":1,"deletions":0}}},{"hash":"6c7bffa1fc399fed78361d79d55420c05df378bf","isMergeCommit":false,"messageTitle":"feat: introduce smart splitting for addfavouritecommandparser","messageBody":"","fileTypesAndContributionMap":{"functional-code":{"insertions":3,"deletions":1}}},{"hash":"e43d0477db3d2bd9ae40103962a3e6f8ce90178a","isMergeCommit":true,"messageTitle":"Merge pull request #27 from gavingoh99/add-favourites","messageBody":"Add favourites","fileTypesAndContributionMap":{}}]},{"date":"2024-03-21","commitResults":[{"hash":"f279da87391ca0e7661db1545afc0f9f70151838","isMergeCommit":false,"messageTitle":"docs: update dg and create sequence diagram for addfav","messageBody":"","fileTypesAndContributionMap":{"docs":{"insertions":118,"deletions":0}}},{"hash":"b257401e519fc039c831206bfb6e6fdc2cadb1de","isMergeCommit":false,"messageTitle":"style: address checkstyle","messageBody":"","fileTypesAndContributionMap":{"docs":{"insertions":1,"deletions":1}}},{"hash":"f932fd94f2c2ad8574e25a7f36205589e22fe8d5","isMergeCommit":false,"messageTitle":"docs: update sequence diagram to better represent interactions with model","messageBody":"","fileTypesAndContributionMap":{"docs":{"insertions":7,"deletions":0}}},{"hash":"4691b3081a4f04c2a80f6dbf58dd047c96a9161f","isMergeCommit":false,"messageTitle":"docs: update loop condition","messageBody":"","fileTypesAndContributionMap":{"docs":{"insertions":1,"deletions":1}}},{"hash":"97937f5c7726299a497579c674d0816f23ab8829","isMergeCommit":true,"messageTitle":"Merge branch \u0027master\u0027 into add-favourites-uml","messageBody":"","fileTypesAndContributionMap":{}},{"hash":"e6a9d8db363174723f90c40b4d499c4987c2918f","isMergeCommit":true,"messageTitle":"Merge pull request #36 from gavingoh99/add-favourites-uml","messageBody":"Update DG for AddFav","fileTypesAndContributionMap":{}}]},{"date":"2024-03-22","commitResults":[{"hash":"e76edca47ee7502b6b95fd3082da1304680678d7","isMergeCommit":false,"messageTitle":"feat: add removefavouritecommand and parser","messageBody":"","fileTypesAndContributionMap":{"functional-code":{"insertions":151,"deletions":0}}}]},{"date":"2024-03-23","commitResults":[{"hash":"cb6a6a9f039dfca056ae8b6f24287d02976acb6c","isMergeCommit":false,"messageTitle":"feat: add test for removfav command and parser","messageBody":"","fileTypesAndContributionMap":{"functional-code":{"insertions":5,"deletions":5},"test-code":{"insertions":143,"deletions":0}}}]},{"date":"2024-03-24","commitResults":[{"hash":"9c1a8ca2ed7f7c5c197d25b30a9eb0b63f9c5ca0","isMergeCommit":false,"messageTitle":"Use streams to detect non-favourite indices","messageBody":"","fileTypesAndContributionMap":{"functional-code":{"insertions":7,"deletions":3}}},{"hash":"92b93c024383626a35e9600587d83accb95c98c7","isMergeCommit":false,"messageTitle":"Ammend variable namein equals() method","messageBody":"","fileTypesAndContributionMap":{"functional-code":{"insertions":2,"deletions":2}}},{"hash":"f9791e5ac81b74e941841626aa653e15418f5d5b","isMergeCommit":false,"messageTitle":"Ammend files to adhere to checkstyle","messageBody":"","fileTypesAndContributionMap":{"functional-code":{"insertions":7,"deletions":4}}}]},{"date":"2024-03-25","commitResults":[{"hash":"3244f5ed65b45be9c35da458ca3c106f9eaf168f","isMergeCommit":false,"messageTitle":"Improve test coverage","messageBody":"","fileTypesAndContributionMap":{"test-code":{"insertions":23,"deletions":2}}},{"hash":"ca2e00d7d5fb69b14a828e1c72605df91657894b","isMergeCommit":false,"messageTitle":"Ammend AddFavouriteCommand documentation to align with format","messageBody":"","fileTypesAndContributionMap":{"docs":{"insertions":1,"deletions":2}}},{"hash":"a522bb9982e124e599437e6debcb9b570ba8e877","isMergeCommit":false,"messageTitle":"Add documentation for RemoveFavouriteCommand","messageBody":"","fileTypesAndContributionMap":{"docs":{"insertions":27,"deletions":1}}},{"hash":"58720d623325c63c0cf4cac1de59457e32c3a631","isMergeCommit":false,"messageTitle":"Prevent AddFavouriteCommand from acting on existing favourite contacts","messageBody":"","fileTypesAndContributionMap":{"functional-code":{"insertions":7,"deletions":1},"test-code":{"insertions":14,"deletions":0}}}]},{"date":"2024-03-26","commitResults":[{"hash":"cb1ef92ca014ed1ad3454dce0c6d75f6389d0884","isMergeCommit":false,"messageTitle":"Abstract csv parser into its own function","messageBody":"","fileTypesAndContributionMap":{"functional-code":{"insertions":12,"deletions":6},"test-code":{"insertions":16,"deletions":0}}},{"hash":"87bcacac30cc05f1b29be9a0ce87ae6faf6a0ce9","isMergeCommit":true,"messageTitle":"Merge pull request #41 from gavingoh99/delete-favourites","messageBody":"Delete favourites","fileTypesAndContributionMap":{}}]},{"date":"2024-04-02","commitResults":[{"hash":"a500bbdc2e2fc6d622babfbb9bff569463fe52c4","isMergeCommit":false,"messageTitle":"Add RemoveFavourite sequence diagram","messageBody":"","fileTypesAndContributionMap":{"docs":{"insertions":105,"deletions":0}}},{"hash":"acf8ba34b9b166a80aca15f2cccb615426ace956","isMergeCommit":true,"messageTitle":"Merge pull request #62 from sun-ruiheng/master","messageBody":"Update DG for ShowFav","fileTypesAndContributionMap":{}},{"hash":"5c87c9228d03f6fd525629b8154209543ecc0cd4","isMergeCommit":false,"messageTitle":"Update AddFavourite and RemoveFavourite sequence diagrams","messageBody":"","fileTypesAndContributionMap":{"docs":{"insertions":2,"deletions":2}}},{"hash":"51873ec8e48cfee1e0f7d8e4214332ff39752854","isMergeCommit":true,"messageTitle":"Resolve merge conflict","messageBody":"","fileTypesAndContributionMap":{}}]},{"date":"2024-04-11","commitResults":[{"hash":"53671ab2f83a36b29018df968f341d79c5350b1b","isMergeCommit":false,"messageTitle":"Squash bug and fix documentation issues","messageBody":"","fileTypesAndContributionMap":{"functional-code":{"insertions":5,"deletions":1},"docs":{"insertions":22,"deletions":7}}}]},{"date":"2024-04-12","commitResults":[{"hash":"16069ed90323ee651d51f5623e9f59c0afc1f617","isMergeCommit":true,"messageTitle":"Resolve merge conflict","messageBody":"","fileTypesAndContributionMap":{}},{"hash":"073c00caca104c9472d60bf20d125200e76ba6cf","isMergeCommit":false,"messageTitle":"Tweak details of UG to align with conventions","messageBody":"","fileTypesAndContributionMap":{"docs":{"insertions":2,"deletions":2}}},{"hash":"f3aa41754660551f83dc1bdc5b7d429110120bc5","isMergeCommit":false,"messageTitle":"Tweak README and Table of Contents to reflect command updates","messageBody":"","fileTypesAndContributionMap":{"docs":{"insertions":2,"deletions":2}}},{"hash":"568e20290ff4c516fbe49bb87d5f650030eccac4","isMergeCommit":false,"messageTitle":"Tweak UG to resolve errors","messageBody":"","fileTypesAndContributionMap":{"docs":{"insertions":0,"deletions":3}}},{"hash":"b08e96660818fed7347b59652c51f435f57bbb09","isMergeCommit":true,"messageTitle":"Merge pull request #136 from gavingoh99/squash-bugs-from-ped","messageBody":"Squash bug and fix documentation-related issues from PE-D","fileTypesAndContributionMap":{}}]},{"date":"2024-04-13","commitResults":[{"hash":"dc16eb60cfe07d60a7b10571b80fc52cd897d616","isMergeCommit":false,"messageTitle":"Update DG to include use case and manual testing for addfav and removefav","messageBody":"","fileTypesAndContributionMap":{"docs":{"insertions":92,"deletions":0}}}]},{"date":"2024-04-14","commitResults":[{"hash":"8cd0b734f56bcd37a08eebaca69b8cf6b02221a3","isMergeCommit":false,"messageTitle":"Update DG for standardization","messageBody":"","fileTypesAndContributionMap":{"docs":{"insertions":22,"deletions":6}}},{"hash":"049600a7babba1eab9c06a964bc83f91b48df569","isMergeCommit":false,"messageTitle":"Update instructions for manual testing","messageBody":"","fileTypesAndContributionMap":{"docs":{"insertions":11,"deletions":11}}},{"hash":"ad257d28bb5cbbfb29f96e8c3869e87b01182132","isMergeCommit":false,"messageTitle":"Fix test case expected output","messageBody":"","fileTypesAndContributionMap":{"docs":{"insertions":2,"deletions":2}}},{"hash":"3683b3deca5cc78246bf792d04cc0b0c54b15aa0","isMergeCommit":false,"messageTitle":"Fix more test case expected outputs","messageBody":"","fileTypesAndContributionMap":{"docs":{"insertions":4,"deletions":4}}},{"hash":"e6092631a07243fa8111f07bb873ebc8afcdfc01","isMergeCommit":true,"messageTitle":"Merge pull request #143 from sun-ruiheng/DG-UseCases","messageBody":"Update DG and UG and resolve more issues","fileTypesAndContributionMap":{}}]}],"maze508":[{"date":"2024-03-05","commitResults":[{"hash":"e8a5e5cb0820e2e44c1b42fe6dec38cdcd4cba1b","isMergeCommit":false,"messageTitle":"Update README","messageBody":"","fileTypesAndContributionMap":{"docs":{"insertions":21,"deletions":9}}},{"hash":"ce96723309ebc5114f4e124a916d07121ceda732","isMergeCommit":true,"messageTitle":"Merge pull request #14 from gavingoh99/updateAboutUs","messageBody":"Update AboutUs","fileTypesAndContributionMap":{}},{"hash":"912bf611b080dbbee5e23d6b8a9194701cfb721c","isMergeCommit":false,"messageTitle":"Update README","messageBody":"","fileTypesAndContributionMap":{"docs":{"insertions":1,"deletions":1}}}]},{"date":"2024-03-06","commitResults":[{"hash":"c1b926362c9d16875599cc3bc2dfec0dc53c61a0","isMergeCommit":false,"messageTitle":"Fix AboutUs img link","messageBody":"","fileTypesAndContributionMap":{"docs":{"insertions":4,"deletions":4}}}]},{"date":"2024-03-11","commitResults":[{"hash":"eda11aa4c4d5b21a5a7e37d28965921f3bd4d626","isMergeCommit":false,"messageTitle":"Implement Custom Search by names and tags","messageBody":"","fileTypesAndContributionMap":{"functional-code":{"insertions":104,"deletions":12},"test-code":{"insertions":77,"deletions":36}}},{"hash":"be38d71928fe87b15442a4211d2dcb5ebe96adb7","isMergeCommit":false,"messageTitle":"Update User Guide Accordingly","messageBody":"","fileTypesAndContributionMap":{"docs":{"insertions":12,"deletions":4}}},{"hash":"143f4c2bce5a9575bf553c3dec817b2fd6a48343","isMergeCommit":false,"messageTitle":"Fix EOF Error in File","messageBody":"","fileTypesAndContributionMap":{"functional-code":{"insertions":0,"deletions":1},"docs":{"insertions":1,"deletions":1},"test-code":{"insertions":1,"deletions":1}}},{"hash":"5b15b063d53a94c7703e9b7d6c06cea7994c204e","isMergeCommit":false,"messageTitle":"Fix Checkstyle","messageBody":"","fileTypesAndContributionMap":{"functional-code":{"insertions":23,"deletions":9},"test-code":{"insertions":12,"deletions":5}}},{"hash":"f48e0b1db6aa1b1ebcce11cf357e45b53e80adcb","isMergeCommit":false,"messageTitle":"Remove Redundant Code","messageBody":"","fileTypesAndContributionMap":{"test-code":{"insertions":0,"deletions":1}}},{"hash":"88280cd312047a4a8959a71b3bc19ef605da0a2a","isMergeCommit":false,"messageTitle":"Fix User Guide Error","messageBody":"","fileTypesAndContributionMap":{"docs":{"insertions":1,"deletions":1}}},{"hash":"29ddd5e9a19596d203d5e99e71f7a278e1ac88ee","isMergeCommit":false,"messageTitle":"Add Test Coverage","messageBody":"","fileTypesAndContributionMap":{"test-code":{"insertions":40,"deletions":0}}},{"hash":"820b16a464aab2fc3152b6419456633640ddfeb4","isMergeCommit":false,"messageTitle":"Add more Test Coverage","messageBody":"","fileTypesAndContributionMap":{"test-code":{"insertions":91,"deletions":0}}},{"hash":"06712e2c31bed307f57909e390eb001930c8a83a","isMergeCommit":false,"messageTitle":"Fix Checkstyle Issues","messageBody":"","fileTypesAndContributionMap":{"test-code":{"insertions":21,"deletions":12}}},{"hash":"97a0f141c484a47f95588ccd4356579443f5f0fb","isMergeCommit":false,"messageTitle":"Add Code Coverage for Equals for new Name and Tag Predicate","messageBody":"","fileTypesAndContributionMap":{"test-code":{"insertions":16,"deletions":0}}}]},{"date":"2024-03-12","commitResults":[{"hash":"6297eb72e3797a63cdd98ff4387e689fde97a847","isMergeCommit":false,"messageTitle":"Add SubString Search add more restrictions and formatting updates","messageBody":"","fileTypesAndContributionMap":{"functional-code":{"insertions":74,"deletions":49},"test-code":{"insertions":9,"deletions":34}}},{"hash":"9d209c4bc9362577dbaa9915f5f182e94190cf3b","isMergeCommit":false,"messageTitle":"Update User Guide","messageBody":"","fileTypesAndContributionMap":{"docs":{"insertions":12,"deletions":13}}},{"hash":"c9c3d4aa889459d92b57ae57d662ef601e3bfe5f","isMergeCommit":false,"messageTitle":"Add relevant tests","messageBody":"","fileTypesAndContributionMap":{"functional-code":{"insertions":3,"deletions":3},"test-code":{"insertions":73,"deletions":0}}},{"hash":"8705701da5281e9a2bdddb9455abd9f586c95984","isMergeCommit":false,"messageTitle":"Add more test coverage","messageBody":"","fileTypesAndContributionMap":{"test-code":{"insertions":20,"deletions":0}}},{"hash":"f8fcd7359bd205fac6539713af8ee96158d07a19","isMergeCommit":false,"messageTitle":"Refactor FindCommandParser","messageBody":"","fileTypesAndContributionMap":{"functional-code":{"insertions":45,"deletions":55},"docs":{"insertions":1,"deletions":1},"test-code":{"insertions":41,"deletions":73}}}]},{"date":"2024-03-13","commitResults":[{"hash":"0740c58fb4f0358cabec957e984ebfbc712ddba4","isMergeCommit":false,"messageTitle":"Make implementation more elegant, update user guide and expand tests","messageBody":"","fileTypesAndContributionMap":{"functional-code":{"insertions":13,"deletions":2},"docs":{"insertions":36,"deletions":10},"test-code":{"insertions":43,"deletions":44}}},{"hash":"a10da229cf9474714d2025a57ad5d88577a70161","isMergeCommit":false,"messageTitle":"Update User guide","messageBody":"","fileTypesAndContributionMap":{"docs":{"insertions":1,"deletions":1}}},{"hash":"9c81327fb8875a3dc71ff4617e2eb62871574029","isMergeCommit":false,"messageTitle":"Fix FindCommand Error Message","messageBody":"","fileTypesAndContributionMap":{"functional-code":{"insertions":2,"deletions":2}}},{"hash":"742c0707e5eafcd25b0d48de48639997b8e1dd6a","isMergeCommit":false,"messageTitle":"Update Find Command Error Message and User Guide","messageBody":"","fileTypesAndContributionMap":{"functional-code":{"insertions":1,"deletions":1},"docs":{"insertions":4,"deletions":0}}},{"hash":"c9dd521b9c6b1156043b704cc7480ef20cf1f4cf","isMergeCommit":false,"messageTitle":"Fix Code Quality","messageBody":"","fileTypesAndContributionMap":{"functional-code":{"insertions":11,"deletions":6}}},{"hash":"4e4aa556d1ab2eb01f9b02e2cfbe69f618615235","isMergeCommit":false,"messageTitle":"Full Update User Guide for Search","messageBody":"","fileTypesAndContributionMap":{"functional-code":{"insertions":7,"deletions":5},"docs":{"insertions":32,"deletions":25}}},{"hash":"99eb73fe0994792576539a500e2975890ec11348","isMergeCommit":true,"messageTitle":"Merge pull request #23 from maze508/flexible-search","messageBody":"Flexible search","fileTypesAndContributionMap":{}}]},{"date":"2024-03-18","commitResults":[{"hash":"abef21bbc5d3299c7734178607273d756caf8b75","isMergeCommit":false,"messageTitle":"Implement list order command","messageBody":"","fileTypesAndContributionMap":{"functional-code":{"insertions":124,"deletions":1},"docs":{"insertions":9,"deletions":0}}},{"hash":"52f815ae6d877e115890c76c9f24b85655518b94","isMergeCommit":false,"messageTitle":"Add tests and fix User Guide","messageBody":"","fileTypesAndContributionMap":{"functional-code":{"insertions":8,"deletions":2},"docs":{"insertions":1,"deletions":0},"test-code":{"insertions":78,"deletions":0}}},{"hash":"c970cc1877434b44dd667da42b3d56550b95af08","isMergeCommit":true,"messageTitle":"Merge pull request #30 from guanquann/branch-dev-guide","messageBody":"Update user stories based on v1.2 requirements","fileTypesAndContributionMap":{}},{"hash":"b3d7545c42a3fb0bfc8824329803f93c22926683","isMergeCommit":false,"messageTitle":"Extend Test Coverage","messageBody":"","fileTypesAndContributionMap":{"test-code":{"insertions":49,"deletions":0}}},{"hash":"eaf9f691a7d7cc926af00b448f99d2101e337968","isMergeCommit":false,"messageTitle":"Improve Coding Style and Standardise Tests","messageBody":"","fileTypesAndContributionMap":{"functional-code":{"insertions":8,"deletions":2},"test-code":{"insertions":3,"deletions":4}}}]},{"date":"2024-03-19","commitResults":[{"hash":"414bfb39bd55266c858157b44d01147b4b72ab6f","isMergeCommit":false,"messageTitle":"Update DG for listorder","messageBody":"","fileTypesAndContributionMap":{"docs":{"insertions":51,"deletions":0}}},{"hash":"959b40131988f38a4d1a2d6400cc191ade950944","isMergeCommit":true,"messageTitle":"Merge pull request #29 from maze508/command-list-orders","messageBody":"Add Command list orders","fileTypesAndContributionMap":{}},{"hash":"593ef68fa66d5b67456fe49d0246f370c3b242a6","isMergeCommit":false,"messageTitle":"Add Colour to UML Diagram","messageBody":"","fileTypesAndContributionMap":{"docs":{"insertions":47,"deletions":17}}}]},{"date":"2024-03-20","commitResults":[{"hash":"cc01b696a85c4a6b72a0e63c100d7fc010dba81c","isMergeCommit":false,"messageTitle":"Change Style of UML Diagram","messageBody":"","fileTypesAndContributionMap":{"docs":{"insertions":75,"deletions":35}}},{"hash":"0ba7a7672fc82860b7b4ad24fa34cf093822bb1c","isMergeCommit":false,"messageTitle":"Fix UML Diagram","messageBody":"","fileTypesAndContributionMap":{"docs":{"insertions":5,"deletions":5}}}]},{"date":"2024-03-21","commitResults":[{"hash":"a74c3e9a68c5871016e07571bd6212a26218dd91","isMergeCommit":false,"messageTitle":"Fix Line in UML","messageBody":"","fileTypesAndContributionMap":{"docs":{"insertions":1,"deletions":1}}},{"hash":"1fdc9bdf6a8ff50a75916331ac04f30fa20ad227","isMergeCommit":true,"messageTitle":"Merge pull request #34 from maze508/uml_listorder","messageBody":"Update DG for listorder","fileTypesAndContributionMap":{}}]},{"date":"2024-03-25","commitResults":[{"hash":"3970f0acd81b29a1d7fde350f99abc0ca75f8372","isMergeCommit":false,"messageTitle":"Fix UI text for listorder","messageBody":"","fileTypesAndContributionMap":{"functional-code":{"insertions":1,"deletions":1}}},{"hash":"3facc53f062435cad99b3fd9277c2ec6adbb935a","isMergeCommit":true,"messageTitle":"Merge pull request #46 from maze508/fix-listorder-outputtext","messageBody":"Fix UI text for listorder","fileTypesAndContributionMap":{}},{"hash":"bc224bb2d5c5461de62aa5e9e1168350a64000e4","isMergeCommit":false,"messageTitle":"Fix test cases for listorder","messageBody":"","fileTypesAndContributionMap":{"test-code":{"insertions":2,"deletions":2}}},{"hash":"157292ac7dae2afbcea374fd9799eb29964c5e0d","isMergeCommit":true,"messageTitle":"Merge pull request #47 from maze508/fix-listorder-testcase","messageBody":"Fix test cases for listorder","fileTypesAndContributionMap":{}}]},{"date":"2024-03-26","commitResults":[{"hash":"c4ff12775489db5fa3b29eba7444ed52a165178a","isMergeCommit":false,"messageTitle":"Add UserGuide for CS2101","messageBody":"","fileTypesAndContributionMap":{"docs":{"insertions":103,"deletions":45}}},{"hash":"73be575826ba35a4a29e6d28d0b4eff54237ce2c","isMergeCommit":true,"messageTitle":"Merge branch \u0027master\u0027 into userguide_week10_2101","messageBody":"","fileTypesAndContributionMap":{}},{"hash":"fabe215649331cea6091f6a7c7ba63c7d36b734a","isMergeCommit":false,"messageTitle":"Add Model Abstraction for ListOrder","messageBody":"","fileTypesAndContributionMap":{"functional-code":{"insertions":25,"deletions":1},"docs":{"insertions":2,"deletions":2},"test-code":{"insertions":5,"deletions":0}}},{"hash":"e2fccf71a834f867f7b5ba252bf9d9e14a93e99f","isMergeCommit":true,"messageTitle":"Merge branch \u0027master\u0027 into addmodel-listorder","messageBody":"","fileTypesAndContributionMap":{}},{"hash":"a95f63f290c95f2efaf463509b6e65b90a984da1","isMergeCommit":false,"messageTitle":"Change Implementation from ArrayList to List","messageBody":"","fileTypesAndContributionMap":{"functional-code":{"insertions":6,"deletions":8}}},{"hash":"bc58ac48147aef9694385bd049214f7283543218","isMergeCommit":false,"messageTitle":"Add Delete Order Command","messageBody":"","fileTypesAndContributionMap":{"functional-code":{"insertions":176,"deletions":4},"test-code":{"insertions":11,"deletions":0}}},{"hash":"a54d52d58701f50550b9327b2298e63fec4b351a","isMergeCommit":false,"messageTitle":"Add Test Cases for DeleteOrder and ListOrder","messageBody":"","fileTypesAndContributionMap":{"functional-code":{"insertions":39,"deletions":8},"test-code":{"insertions":274,"deletions":0}}}]},{"date":"2024-03-27","commitResults":[{"hash":"4c8499a373ed17fbd268f867de2284403fedfc1a","isMergeCommit":false,"messageTitle":"Simpliy logic for DeleteOrderCommand","messageBody":"","fileTypesAndContributionMap":{"functional-code":{"insertions":2,"deletions":32}}},{"hash":"05529264ae4a7cd460f7ccdac223413f4d5a7c1a","isMergeCommit":false,"messageTitle":"Fix erroneous test case for DeleteOrder","messageBody":"","fileTypesAndContributionMap":{"test-code":{"insertions":2,"deletions":2}}}]},{"date":"2024-03-28","commitResults":[{"hash":"1d09a058b9d26e013f245d938d35c8e03c11c6d9","isMergeCommit":false,"messageTitle":"Fix Abstraction and remove redundant variable","messageBody":"","fileTypesAndContributionMap":{"functional-code":{"insertions":2,"deletions":5}}},{"hash":"50da494738a88f4664d5049f1e847d19526f1796","isMergeCommit":false,"messageTitle":"Add Missing Test Case for DeleteOrderCommandParser","messageBody":"","fileTypesAndContributionMap":{"test-code":{"insertions":8,"deletions":0}}},{"hash":"f52172fb5a63676e87283c18413bf8996f3d1d92","isMergeCommit":true,"messageTitle":"Merge pull request #55 from maze508/command-delete-order","messageBody":"Add Delete Order Command","fileTypesAndContributionMap":{}}]},{"date":"2024-04-01","commitResults":[{"hash":"272ddc5f8c67b9ff4a51aae6bb37516635e20ef9","isMergeCommit":false,"messageTitle":"Add user guide for deleteorder command","messageBody":"","fileTypesAndContributionMap":{"docs":{"insertions":22,"deletions":1}}}]},{"date":"2024-04-02","commitResults":[{"hash":"8e9ecd13402f6c79d16325c75dbf1138114cd225","isMergeCommit":false,"messageTitle":"Update UG for listorder and deleteorder","messageBody":"","fileTypesAndContributionMap":{"docs":{"insertions":2,"deletions":2}}},{"hash":"144ec7122754e11e497270cf0575c8b3be10b7bd","isMergeCommit":false,"messageTitle":"Update DG and relevant UML Diagrams","messageBody":"","fileTypesAndContributionMap":{"docs":{"insertions":124,"deletions":7}}}]},{"date":"2024-04-03","commitResults":[{"hash":"e1fa5c7d60d17f2c7d5329d3e5ad5cd1f508146d","isMergeCommit":false,"messageTitle":"Add company search to find command and update UserGuide","messageBody":"","fileTypesAndContributionMap":{"functional-code":{"insertions":46,"deletions":25},"other":{"insertions":17,"deletions":8},"docs":{"insertions":16,"deletions":13},"test-code":{"insertions":170,"deletions":173}}},{"hash":"b7b7bbba76d9808230e5831ca08610837f0bd9de","isMergeCommit":false,"messageTitle":"Update test for SearchPredicate and ArgumentMultiMap","messageBody":"","fileTypesAndContributionMap":{"test-code":{"insertions":89,"deletions":40}}},{"hash":"491978aeb2c760eb9b8c2a7a077e67ee019ca917","isMergeCommit":false,"messageTitle":"Fix Checkstyle","messageBody":"","fileTypesAndContributionMap":{"test-code":{"insertions":49,"deletions":23}}},{"hash":"b381e9f92a53dab0f51838e361aea533197f0fe5","isMergeCommit":false,"messageTitle":"Update ListOrder Sequence Diagram","messageBody":"","fileTypesAndContributionMap":{"docs":{"insertions":5,"deletions":13}}}]},{"date":"2024-04-04","commitResults":[{"hash":"c7a9e1008a0f9c707bb47b46f4f75ed961dc57a6","isMergeCommit":false,"messageTitle":"Find Command Message Changes","messageBody":"","fileTypesAndContributionMap":{"functional-code":{"insertions":3,"deletions":3}}},{"hash":"ea8ff231cc9973d621242ea01d74f602628a1302","isMergeCommit":true,"messageTitle":"Merge branch \u0027master\u0027 into findcommand-update","messageBody":"","fileTypesAndContributionMap":{}},{"hash":"39f0347de9b385e9d221cc5769135ee6e9ba745d","isMergeCommit":true,"messageTitle":"Merge pull request #66 from maze508/findcommand-update","messageBody":"Add company search to find command and update UserGuide","fileTypesAndContributionMap":{}}]},{"date":"2024-04-09","commitResults":[{"hash":"0f11ba586273d770d7a0904b78be32aed30e83dc","isMergeCommit":false,"messageTitle":"Fix PE-D Issues","messageBody":"","fileTypesAndContributionMap":{"functional-code":{"insertions":7,"deletions":3},"docs":{"insertions":22,"deletions":10}}},{"hash":"7722f1a9fe4d2e4007612dc462104934b53cb672","isMergeCommit":false,"messageTitle":"Fix CheckStyle","messageBody":"","fileTypesAndContributionMap":{"docs":{"insertions":1,"deletions":1}}}]},{"date":"2024-04-11","commitResults":[{"hash":"333bcf343d0cbc07cb19349950e8c6a19fdab08d","isMergeCommit":false,"messageTitle":"Fix more issues","messageBody":"","fileTypesAndContributionMap":{"docs":{"insertions":1,"deletions":1}}},{"hash":"f5b2a725d17111ebc29a27b40945be5bc4b9e119","isMergeCommit":false,"messageTitle":"Update UG and DG","messageBody":"","fileTypesAndContributionMap":{"docs":{"insertions":8,"deletions":8}}},{"hash":"d6747091d7770a0f4e809536fd965b365d667016","isMergeCommit":true,"messageTitle":"Merge branch \u0027master\u0027 into ug-updates","messageBody":"","fileTypesAndContributionMap":{}},{"hash":"2a4fe6db82c615d199c394475321d098f9dab8ed","isMergeCommit":false,"messageTitle":"Update UG and DG Issues","messageBody":"","fileTypesAndContributionMap":{"docs":{"insertions":2,"deletions":2}}},{"hash":"f6e9b1f81ffeb33f34ed1128c75ac731ac5dad17","isMergeCommit":false,"messageTitle":"Reverse Feature Freeze Violation","messageBody":"","fileTypesAndContributionMap":{"functional-code":{"insertions":3,"deletions":6}}}]},{"date":"2024-04-12","commitResults":[{"hash":"8510471639288ad9c218d3ee2c771189c886f81b","isMergeCommit":false,"messageTitle":"Update Manual Testing","messageBody":"","fileTypesAndContributionMap":{"docs":{"insertions":35,"deletions":0}}}]},{"date":"2024-04-13","commitResults":[{"hash":"211ed605cf676aaf4c90831b291a205e193a6b11","isMergeCommit":true,"messageTitle":"Merge branch \u0027master\u0027 into dg-updates","messageBody":"","fileTypesAndContributionMap":{}},{"hash":"59b3f5c861952eb91fd1f66f903d5e6e07980699","isMergeCommit":false,"messageTitle":"Update wording in DG","messageBody":"","fileTypesAndContributionMap":{"docs":{"insertions":1,"deletions":1}}},{"hash":"642beb3de3c0327808b523bc1d83f8c3f847ee2f","isMergeCommit":true,"messageTitle":"Merge branch \u0027dg-updates\u0027 of https://github.com/maze508/tp into dg-updates","messageBody":"","fileTypesAndContributionMap":{}},{"hash":"7aeb09c98c3b99c4622e9d8982b3394ef5aa4639","isMergeCommit":true,"messageTitle":"Merge pull request #140 from maze508/dg-updates","messageBody":"Dg updates","fileTypesAndContributionMap":{}}]},{"date":"2024-04-14","commitResults":[{"hash":"a5e06c8e3311b0ec66118af364330dcf7776876c","isMergeCommit":false,"messageTitle":"Add Use Cases and Update Find Command Manual Testing","messageBody":"","fileTypesAndContributionMap":{"docs":{"insertions":99,"deletions":0}}},{"hash":"092d6b5cbbf2c41b0ee4779ea6b75f83c5d410f9","isMergeCommit":false,"messageTitle":"Fix Styling Issue","messageBody":"","fileTypesAndContributionMap":{"docs":{"insertions":12,"deletions":12}}},{"hash":"022a708d8ac452d399c03f12abf59f0033824264","isMergeCommit":true,"messageTitle":"Merge branch \u0027master\u0027 into userguide-updates","messageBody":"","fileTypesAndContributionMap":{}},{"hash":"900bd7c0e7df6b6a6c0005cb117531368a947879","isMergeCommit":true,"messageTitle":"Merge pull request #142 from maze508/userguide-updates","messageBody":"Add Use Cases and Update Find Command Manual Testing","fileTypesAndContributionMap":{}}]}]},"authorFileTypeContributionMap":{"guanquann":{"docs":353,"functional-code":665,"test-code":579,"other":3},"sun-ruiheng":{"docs":508,"functional-code":375,"test-code":236},"gavingoh99":{"docs":370,"functional-code":330,"test-code":350},"maze508":{"docs":486,"functional-code":507,"test-code":740}},"authorContributionVariance":{"guanquann":15802.387,"sun-ruiheng":36542.098,"gavingoh99":4084.7644,"maze508":27283.654},"authorDisplayNameMap":{"guanquann":"CS2103T-T16-3 TAN ..QUAN","sun-ruiheng":"CS2103T-T16-3 SUN ..HENG","gavingoh99":"CS2103T-T16-3 GAVI..HONG","maze508":"CS2103T-T16-3 MA Z..XUAN"}}
