{"authorDailyContributionsMap":{"guohuang88":[{"date":"2024-03-05","commitResults":[{"hash":"67cb69188c5c4655d8709f6ce3bc0bc089286207","isMergeCommit":false,"messageTitle":"Update AboutUs.md to add profile picture","messageBody":"","fileTypesAndContributionMap":{"docs":{"insertions":6,"deletions":6}}}]},{"date":"2024-03-06","commitResults":[{"hash":"2210a0fd7846a8923b1777796d49469dfec2ffed","isMergeCommit":true,"messageTitle":"Merge pull request #39 from NeoHW/V1.1-ReadMe","messageBody":"Update README with project details and UI mockup","fileTypesAndContributionMap":{}},{"hash":"309a95f89f3ec28c2b56dbbd2b5c3187ff494248","isMergeCommit":true,"messageTitle":"Merge pull request #38 from NeoHW/V1.1-UserStories","messageBody":"Add Nurse user stories for PatientSync","fileTypesAndContributionMap":{}},{"hash":"3ebbae815f98eec9afbd0bf04edeb7ec9535e6f9","isMergeCommit":false,"messageTitle":"Add use cases in Developer Guide","messageBody":"","fileTypesAndContributionMap":{"docs":{"insertions":153,"deletions":8}}}]},{"date":"2024-03-08","commitResults":[{"hash":"b0f8627c0a934b926ff27a8ea2903ee555685405","isMergeCommit":true,"messageTitle":"Merge pull request #51 from NeoHW/v1.1-Fix-UG","messageBody":"Fix User Guide to be in terms of PatientSync instead of AB-3","fileTypesAndContributionMap":{}}]},{"date":"2024-03-10","commitResults":[{"hash":"6d88de5ef15fb883093ee6f2f6d439d70f151215","isMergeCommit":true,"messageTitle":"Merge pull request #57 from SherisseTJW/fix/unable-to-load-addressbook","messageBody":"fix: Null errors on running","fileTypesAndContributionMap":{}}]},{"date":"2024-03-14","commitResults":[{"hash":"1c7d87f3abc00843c4ad8690585e98a9b9ddf3c3","isMergeCommit":true,"messageTitle":"Merge pull request #62 from NeoHW/V1.2-plantUML-dependencies","messageBody":"V1.2 Update Docs and dependencies","fileTypesAndContributionMap":{}},{"hash":"cd41d4424da3ab1837e31493535b7434dd563e5d","isMergeCommit":false,"messageTitle":"Update DeveloperGuide to include delete command","messageBody":"","fileTypesAndContributionMap":{"docs":{"insertions":22,"deletions":0}}},{"hash":"fd530985b42495646f76c5bf8662d510e18e8ade","isMergeCommit":false,"messageTitle":"Update DeleteCommand class to delete a patient with new delete message","messageBody":"","fileTypesAndContributionMap":{"functional-code":{"insertions":15,"deletions":2}}},{"hash":"cb2c28c547fe61d22caadb4b39351d628dd5ecd6","isMergeCommit":false,"messageTitle":"Fix test cases in DeleteCommandTest","messageBody":"","fileTypesAndContributionMap":{"test-code":{"insertions":2,"deletions":2}}}]},{"date":"2024-03-16","commitResults":[{"hash":"a9bf5c3d90416212c027b0d9a35e83b0a7d00906","isMergeCommit":false,"messageTitle":"Add EditImportantDateCommand feature","messageBody":"","fileTypesAndContributionMap":{"functional-code":{"insertions":179,"deletions":1}}},{"hash":"5ab03db361b15e6491b49928a6f352ffec6d2c49","isMergeCommit":false,"messageTitle":"Add test cases for EditImportantDateCommand class","messageBody":"","fileTypesAndContributionMap":{"functional-code":{"insertions":3,"deletions":3},"test-code":{"insertions":228,"deletions":0}}},{"hash":"16468a695aad6f5af95742f74a6b8692be3ab0fb","isMergeCommit":false,"messageTitle":"Update Developer Guide and User Guide","messageBody":"","fileTypesAndContributionMap":{"docs":{"insertions":68,"deletions":3}}}]},{"date":"2024-03-18","commitResults":[{"hash":"9067fea0a9dd86876027c54eedabbe7bf65d06e3","isMergeCommit":true,"messageTitle":"Merge branch \u0027master\u0027 into branch-v1.2-edit-important-date","messageBody":"# Conflicts:\n#\tdocs/DeveloperGuide.md\n#\tsrc/main/java/seedu/address/logic/Messages.java\n","fileTypesAndContributionMap":{}},{"hash":"454bfb6228cabd89dd812495644e1202677a2ef6","isMergeCommit":false,"messageTitle":"Refactor EditImportantDateCommand to EditEventCommand","messageBody":"","fileTypesAndContributionMap":{"functional-code":{"insertions":3,"deletions":3},"other":{"insertions":47,"deletions":47},"test-code":{"insertions":240,"deletions":228}}},{"hash":"29b58a759dcacc4e542915c7efdf5effe3abb1a5","isMergeCommit":false,"messageTitle":"Update User Guide and Developer Guide","messageBody":"","fileTypesAndContributionMap":{"docs":{"insertions":34,"deletions":35}}},{"hash":"77aea7ab44523cf891944504e9d0cc9f65c2f633","isMergeCommit":false,"messageTitle":"Minor Developer Guide update","messageBody":"","fileTypesAndContributionMap":{"docs":{"insertions":1,"deletions":1}}},{"hash":"b3e52cd9bb0bd76b6744935d72a9393236930c23","isMergeCommit":false,"messageTitle":"Remove an unused constant value","messageBody":"","fileTypesAndContributionMap":{"functional-code":{"insertions":0,"deletions":2}}},{"hash":"1988c4ee82a4ebd939538994c2c7369ccf4766fc","isMergeCommit":false,"messageTitle":"Add EditEventSequenceDiagram and update DeleteSequenceDiagram","messageBody":"","fileTypesAndContributionMap":{"docs":{"insertions":81,"deletions":1}}}]},{"date":"2024-03-19","commitResults":[{"hash":"add53b037ba1698ca96994853170fb7212558c0a","isMergeCommit":true,"messageTitle":"Merge pull request #90 from ZhiWei1010/v1.2-list-command","messageBody":"Docs: Update developer guide to include ListCommand interaction","fileTypesAndContributionMap":{}},{"hash":"9c37544f2af1873e667359365376643d34c8666a","isMergeCommit":true,"messageTitle":"Merge pull request #93 from choowengyan/docs/add-sequence-diagram","messageBody":"Docs: v1.2 Add Sequence Diagram for AddCommand \u0026 EditCommand","fileTypesAndContributionMap":{}},{"hash":"75e22f557a3cb8e1c5b01023f268c16a7baafb55","isMergeCommit":false,"messageTitle":"Update Developer Guide for DeleteCommand","messageBody":"","fileTypesAndContributionMap":{"docs":{"insertions":3,"deletions":0}}}]},{"date":"2024-03-21","commitResults":[{"hash":"95d206933590e1a7a5c7dbe70cf85f16caef5c53","isMergeCommit":true,"messageTitle":"Merge pull request #107 from ZhiWei1010/v1.2-release-0.1","messageBody":"Update front page of User Guide","fileTypesAndContributionMap":{}}]},{"date":"2024-03-22","commitResults":[{"hash":"861179b602bf82f7d9f8585634a170721950c437","isMergeCommit":false,"messageTitle":"Update NameContainsKeywordsPredicate class to search patient using patient name for find command","messageBody":"","fileTypesAndContributionMap":{"functional-code":{"insertions":1,"deletions":1}}},{"hash":"c1d9b5ec33d269a3cdd999e0dd839112298b9221","isMergeCommit":false,"messageTitle":"Update UI to remove patient hospital id shown in the patient list","messageBody":"","fileTypesAndContributionMap":{"functional-code":{"insertions":0,"deletions":5}}},{"hash":"d59b69f71286693110be8c4e08edf4e340665157","isMergeCommit":false,"messageTitle":"Update test case in NameContainsKeywordsPredicateTest","messageBody":"","fileTypesAndContributionMap":{"test-code":{"insertions":2,"deletions":2}}},{"hash":"87e3521659afe725a8f6bba51aae396d100a9053","isMergeCommit":false,"messageTitle":"Update User Guide for FindCommand and update numbered list to follow proper coding standard","messageBody":"","fileTypesAndContributionMap":{"docs":{"insertions":17,"deletions":13}}},{"hash":"4baebdac3bb576c7568931174410450ffe6d454a","isMergeCommit":false,"messageTitle":"Update Developer Guide to include FindCommand and add FindSequenceDiagram","messageBody":"","fileTypesAndContributionMap":{"docs":{"insertions":110,"deletions":0}}},{"hash":"c4be93aea84dbb1b249d83d067b345bfdbf0f6f1","isMergeCommit":false,"messageTitle":"Update User Guide","messageBody":"","fileTypesAndContributionMap":{"docs":{"insertions":1,"deletions":1}}},{"hash":"f0c5d2a127ad587fa67fca4c61c588e8ca2e34a1","isMergeCommit":false,"messageTitle":"Update test case in NameContainsKeywordsPredicateTest","messageBody":"","fileTypesAndContributionMap":{"test-code":{"insertions":4,"deletions":4}}}]},{"date":"2024-03-23","commitResults":[{"hash":"4905c574d19d8aceac455ce855feac9561c47c6a","isMergeCommit":true,"messageTitle":"Merge pull request #116 from NeoHW/V1.3-TagsEnhancement","messageBody":"V1.3 tags enhancement","fileTypesAndContributionMap":{}},{"hash":"2ebf3934557eb3f628e9bc8e1a322a38029162f6","isMergeCommit":true,"messageTitle":"Merge pull request #117 from SherisseTJW/feat/custom-duplicate-event-message","messageBody":"Add a custom duplicate message when the user adds a duplicate event","fileTypesAndContributionMap":{}},{"hash":"2d7fa402a7e93943854264304d93515159fce753","isMergeCommit":false,"messageTitle":"Update EditEventCommand class to have a customised message for duplicate events","messageBody":"","fileTypesAndContributionMap":{"functional-code":{"insertions":9,"deletions":1}}},{"hash":"ecee6403fa212a7fb71717da2e79a4890212732e","isMergeCommit":false,"messageTitle":"Update EditEventCommandTest to test for duplicate events","messageBody":"","fileTypesAndContributionMap":{"test-code":{"insertions":36,"deletions":0}}},{"hash":"f5a940688684582b7e9a4d572eec73ddf6869ea4","isMergeCommit":false,"messageTitle":"Update Developer Guide for EditEventCommand","messageBody":"","fileTypesAndContributionMap":{"docs":{"insertions":1,"deletions":0}}},{"hash":"2b570b0aeafde8c2a71724f7633740e48b56ca73","isMergeCommit":false,"messageTitle":"Remove extra new line in AddEventCommandTest","messageBody":"","fileTypesAndContributionMap":{"test-code":{"insertions":0,"deletions":1}}},{"hash":"7efd227f6f7fdaa78d6ea2a0c56514a8b686722e","isMergeCommit":true,"messageTitle":"Merge pull request #120 from SherisseTJW/feat/sort-events","messageBody":"Preserve Ordering for Events by Sorting them","fileTypesAndContributionMap":{}}]},{"date":"2024-03-24","commitResults":[{"hash":"5c2c027d49b99fccf6d463ba3a45a4edb604420c","isMergeCommit":false,"messageTitle":"Add FindTagsCommand feature","messageBody":"","fileTypesAndContributionMap":{"functional-code":{"insertions":157,"deletions":0}}},{"hash":"61bb373a0c27c343b408fe77facf6695564cf42b","isMergeCommit":false,"messageTitle":"Add test cases after implementing FindTagsCommand","messageBody":"","fileTypesAndContributionMap":{"functional-code":{"insertions":1,"deletions":1},"other":{"insertions":1,"deletions":1},"test-code":{"insertions":237,"deletions":6}}},{"hash":"786607392a4411a11ebaee059f8831f72f60d702","isMergeCommit":false,"messageTitle":"Update User Guide and Developer Guide to include FindTagsCommand","messageBody":"","fileTypesAndContributionMap":{"docs":{"insertions":132,"deletions":3}}},{"hash":"20b8f7c0632bf0afe15d4f8716b97e17c22f79e7","isMergeCommit":false,"messageTitle":"Update FindTagsCommandTest to shorten length of a line","messageBody":"","fileTypesAndContributionMap":{"test-code":{"insertions":2,"deletions":1}}}]},{"date":"2024-03-27","commitResults":[{"hash":"5de863156222e6544d733138b79aa449f1e40a8d","isMergeCommit":true,"messageTitle":"Merge pull request #124 from ZhiWei1010/v1.3-fix-deletee-message","messageBody":"Update message delete event success to match with add event","fileTypesAndContributionMap":{}},{"hash":"a4cd2990abc67337fc53a40bd3848b60999d0bc5","isMergeCommit":true,"messageTitle":"Merge pull request #128 from NeoHW/V1.3-fixSampleData","messageBody":"Corrections to sample data","tags":["v1.3.trial"],"fileTypesAndContributionMap":{}}]},{"date":"2024-03-29","commitResults":[{"hash":"7081f552d0bf0e5a0df8c5455cd02ff91b1533d8","isMergeCommit":true,"messageTitle":"Merge pull request #130 from ZhiWei1010/v1.3-delete-event-activity-diagram","messageBody":"Update Developer Guide for DeleteEventCommand","fileTypesAndContributionMap":{}}]},{"date":"2024-03-30","commitResults":[{"hash":"b7c4f0335d4dd07208b4d76971265ececda37eb6","isMergeCommit":true,"messageTitle":"Merge pull request #136 from SherisseTJW/doc/AddEventCommand-Activity-Diagram","messageBody":"Add event command activity diagram and lifeline note for all commands","fileTypesAndContributionMap":{}}]},{"date":"2024-03-31","commitResults":[{"hash":"46db9f51a17866d533e3576df42fb7af35c62984","isMergeCommit":false,"messageTitle":"Update DeleteSequenceDiagram to indicate end of lifeline for DeleteCommand","messageBody":"","fileTypesAndContributionMap":{"docs":{"insertions":4,"deletions":1}}},{"hash":"025388f3d7e6b44cb2defb917aafbfa4aea51600","isMergeCommit":false,"messageTitle":"Update FindTagsSequenceDiagram to indicate end of lifeline for FindTagsCommand","messageBody":"","fileTypesAndContributionMap":{"docs":{"insertions":5,"deletions":2}}},{"hash":"65209b29478af0a51564703f651114a9007a82e2","isMergeCommit":false,"messageTitle":"Update FindSequenceDiagram to indicate end of lifeline for FindCommand","messageBody":"","fileTypesAndContributionMap":{"docs":{"insertions":4,"deletions":1}}},{"hash":"b031d80c7cb1c655ce5ecaaa5db1196d8f845672","isMergeCommit":false,"messageTitle":"Add EditEventActivityDiagram for EditEventCommand","messageBody":"","fileTypesAndContributionMap":{"docs":{"insertions":37,"deletions":0}}},{"hash":"8a427c6026417c74096649991ea7c921d5c90f0f","isMergeCommit":false,"messageTitle":"Update execute method in EditEventCommand to improve code quality","messageBody":"","fileTypesAndContributionMap":{"functional-code":{"insertions":47,"deletions":14}}},{"hash":"7f6f2ff133c777f2cfbd57133cf3b688e798996d","isMergeCommit":false,"messageTitle":"Update EditEventCommand to have a better working flow","messageBody":"","fileTypesAndContributionMap":{"functional-code":{"insertions":16,"deletions":7}}},{"hash":"e479b5812d752d40d4230d0c885150730b46f31d","isMergeCommit":false,"messageTitle":"Update test case for EditEventCommandTest","messageBody":"","fileTypesAndContributionMap":{"test-code":{"insertions":9,"deletions":28}}},{"hash":"1f6ba046e8faf68a026ce324041d3ba398b2cfe5","isMergeCommit":false,"messageTitle":"Update EditEventActivityDiagram to the correct workflow","messageBody":"","fileTypesAndContributionMap":{"docs":{"insertions":5,"deletions":4}}},{"hash":"37158f8ae6c3798c1c8165d9b2a90e3421d7e0da","isMergeCommit":false,"messageTitle":"Update Developer Guide and User Guide","messageBody":"","fileTypesAndContributionMap":{"functional-code":{"insertions":1,"deletions":1},"docs":{"insertions":4,"deletions":1}}},{"hash":"4afeb10a110bead08eb5d0c765ab18af445021ec","isMergeCommit":true,"messageTitle":"Merge branch \u0027master\u0027 of https://github.com/AY2324S2-CS2103-F09-2/tp into branch-v1.3-EditEventCommandIssues","messageBody":"","fileTypesAndContributionMap":{}}]}],"SherisseTJW":[{"date":"2024-03-04","commitResults":[{"hash":"6aaaf3fa750fe83176ac00adc3f7c0e0c15d20df","isMergeCommit":true,"messageTitle":"Merge pull request #22 from NeoHW/V1.1-AddProfilePic","messageBody":"V1.1 add profile pic","fileTypesAndContributionMap":{}},{"hash":"8f2224d5f8fdee7802fa4b96d441a0695cec983a","isMergeCommit":true,"messageTitle":"Merge pull request #23 from ZhiWei1010/v1.1-add-profile-picture","messageBody":"Update AboutUs.md for milestone v1.1","fileTypesAndContributionMap":{}}]},{"date":"2024-03-06","commitResults":[{"hash":"482117fa53f473a152cfe2ebcdef1b577b0a0592","isMergeCommit":false,"messageTitle":"doc: Update About Us","messageBody":"","fileTypesAndContributionMap":{"docs":{"insertions":15,"deletions":5}}},{"hash":"2b8ae16bc2f7c127ca668df2013bf003b541b9ae","isMergeCommit":false,"messageTitle":"minor-doc-fix: Style Errors in build","messageBody":"","fileTypesAndContributionMap":{"docs":{"insertions":2,"deletions":2}}},{"hash":"8d97da58f2cf227f5f91b09d66652fecd148e8c5","isMergeCommit":true,"messageTitle":"Merge pull request #40 from guohuang88/branch-UseCases","messageBody":"Add use cases in Developer Guide","fileTypesAndContributionMap":{}}]},{"date":"2024-03-08","commitResults":[{"hash":"f734e81d6235797f85cb762e847fa18d5d2e0f2f","isMergeCommit":false,"messageTitle":"fix: Change extension to lower case","messageBody":"","fileTypesAndContributionMap":{"docs":{"insertions":1,"deletions":1}}},{"hash":"797d8de10ba054b991d3cf3a9b69e18949c29da4","isMergeCommit":true,"messageTitle":"Merge pull request #52 from NeoHW/V1.2-Convert-Person-to-Patient","messageBody":"V1.2 convert person to patient Model","fileTypesAndContributionMap":{}}]},{"date":"2024-03-09","commitResults":[{"hash":"e5335b217aec13f412aab747f5eff2c7c69dde45","isMergeCommit":true,"messageTitle":"Merge pull request #54 from NeoHW/V1.2-Convert-Person-to-Patient-Main-Java","messageBody":"V1.2 convert person to patient main java","fileTypesAndContributionMap":{}}]},{"date":"2024-03-10","commitResults":[{"hash":"fb1c3e1fd59fb4ad61ed721e75b304f571bbf89b","isMergeCommit":false,"messageTitle":"fix: Null errors on running","messageBody":"Some *person* for JavaFx were not changed to patient, causing null errors on running AddressBook\n","fileTypesAndContributionMap":{"functional-code":{"insertions":2,"deletions":2}}}]},{"date":"2024-03-12","commitResults":[{"hash":"ef47664951e032e4ded97dc97a0ba6e01524d53e","isMergeCommit":false,"messageTitle":"feat: Add ImportantDate Model","messageBody":"","fileTypesAndContributionMap":{"functional-code":{"insertions":143,"deletions":0},"test-code":{"insertions":76,"deletions":0}}},{"hash":"4f7e8f5fbf588a92d9171d0a1407d2513be7f491","isMergeCommit":false,"messageTitle":"feat: Add Event Name attribute to Important Date","messageBody":"","fileTypesAndContributionMap":{"functional-code":{"insertions":15,"deletions":9},"test-code":{"insertions":22,"deletions":17}}},{"hash":"0079b635cf431dc70cb1508292bd2878a8677950","isMergeCommit":false,"messageTitle":"feat: Add ImportantDate Command","messageBody":"","fileTypesAndContributionMap":{"functional-code":{"insertions":271,"deletions":122}}}]},{"date":"2024-03-13","commitResults":[{"hash":"833fca6bc94ac7aaf0539ad7ef9f45efc05127e5","isMergeCommit":false,"messageTitle":"feat: Add Parsers for AddImportantDateCommand","messageBody":"","fileTypesAndContributionMap":{"functional-code":{"insertions":135,"deletions":29},"test-code":{"insertions":53,"deletions":44}}},{"hash":"54a04252f0d715f1c773d541c042106f49a0ce7f","isMergeCommit":false,"messageTitle":"fix: String formatting error for MESSAGE_SUCCESS","messageBody":"","fileTypesAndContributionMap":{"functional-code":{"insertions":3,"deletions":2}}},{"hash":"ac45628e5e982082493d9f757da67efb39bcd359","isMergeCommit":false,"messageTitle":"fix: Fix Errors in message shown to user","messageBody":"","fileTypesAndContributionMap":{"functional-code":{"insertions":4,"deletions":4}}},{"hash":"d72117ce54491a3a27b601dc6a799102bca3c4ed","isMergeCommit":false,"messageTitle":"wip: Fix failing tests","messageBody":"","fileTypesAndContributionMap":{"functional-code":{"insertions":13,"deletions":0},"test-code":{"insertions":10,"deletions":0}}},{"hash":"666d780577c319dbf368ea28f00a34afabaaa360","isMergeCommit":true,"messageTitle":"Merge pull request #58 from NeoHW/V1.2-addTagsBackend","messageBody":"V1.2 add tags backend","fileTypesAndContributionMap":{}},{"hash":"97a409797e0709d8f957e4d0476c0b9bc16bb2b5","isMergeCommit":false,"messageTitle":"fix: Failing tests","messageBody":"","fileTypesAndContributionMap":{"test-code":{"insertions":12,"deletions":3}}},{"hash":"93a8a253901fcfa55240ebbff16bdf761c6d710d","isMergeCommit":false,"messageTitle":"test: Add tests for AddImportantDateCommand","messageBody":"","fileTypesAndContributionMap":{"test-code":{"insertions":104,"deletions":0}}},{"hash":"4566db5a5a1d768e056f89a3280d418d2da9bfb6","isMergeCommit":true,"messageTitle":"Merge remote-tracking branch \u0027upstream/master\u0027 into feat/add-important-dates-for-patients","messageBody":"","fileTypesAndContributionMap":{}},{"hash":"d668430d73fe9b6411aab763778394641d104d2a","isMergeCommit":false,"messageTitle":"feat: Add tests for AddImportantDate Command","messageBody":"","fileTypesAndContributionMap":{"functional-code":{"insertions":5,"deletions":0},"test-code":{"insertions":64,"deletions":4}}},{"hash":"85c83c3cbb2e8b10e296301ec7daab632a57e279","isMergeCommit":false,"messageTitle":"doc: Update Dev and User Documentation","messageBody":"","fileTypesAndContributionMap":{"docs":{"insertions":40,"deletions":0}}},{"hash":"7469b1eccfdb589863e74229505f33b4a516c6af","isMergeCommit":false,"messageTitle":"test: Add more tests","messageBody":"","fileTypesAndContributionMap":{"test-code":{"insertions":40,"deletions":0}}},{"hash":"aea25f1c831ca6b777203979674bb3826695a1b4","isMergeCommit":false,"messageTitle":"fix: Quick fixes per PR Review","messageBody":"","fileTypesAndContributionMap":{"functional-code":{"insertions":1,"deletions":1},"docs":{"insertions":1,"deletions":1},"test-code":{"insertions":14,"deletions":14}}},{"hash":"e6d595c8fd6f47739b57641881621896328da188","isMergeCommit":false,"messageTitle":"refactor: arePrefixesPresent method to ParserUtil","messageBody":"","fileTypesAndContributionMap":{"functional-code":{"insertions":12,"deletions":20}}}]},{"date":"2024-03-14","commitResults":[{"hash":"48c0efb6f2648861a16aecb32b04571eb60e821a","isMergeCommit":true,"messageTitle":"Merge pull request #63 from guohuang88/branch-v1.2-delete-command","messageBody":"V1.2 Update Delete Command","fileTypesAndContributionMap":{}},{"hash":"d43cb0d7d52932a35a3c2392491d0868484a884b","isMergeCommit":false,"messageTitle":"feat: Add basic list UI for Important Dates","messageBody":"","fileTypesAndContributionMap":{"functional-code":{"insertions":5,"deletions":0}}}]},{"date":"2024-03-15","commitResults":[{"hash":"5ed36f68fc9c67e8a6166be669831eac57fd2664","isMergeCommit":false,"messageTitle":"feat: Move ImportantDate List to right side","messageBody":"","fileTypesAndContributionMap":{"functional-code":{"insertions":13,"deletions":3}}},{"hash":"764d2fe9096721b0cb346192275fd2a522c99fe1","isMergeCommit":false,"messageTitle":"fix: Save Important Dates to addressbook.json","messageBody":"","fileTypesAndContributionMap":{"functional-code":{"insertions":86,"deletions":10},"test-code":{"insertions":23,"deletions":13}}},{"hash":"c00121cc7c58a6b8905d3955a1e315e038a10826","isMergeCommit":false,"messageTitle":"fix: UI Display of Important Dates","messageBody":"","fileTypesAndContributionMap":{"functional-code":{"insertions":11,"deletions":8}}},{"hash":"a5dc3abc6590d51673ccbb8d771ad4ef1ce74f4c","isMergeCommit":false,"messageTitle":"fix: Style Warnings","messageBody":"","fileTypesAndContributionMap":{"functional-code":{"insertions":7,"deletions":5},"test-code":{"insertions":27,"deletions":12}}},{"hash":"cb954b9565d5c6a11896ac460415bfa71fbc7640","isMergeCommit":false,"messageTitle":"feat-test: Add tests for Save to addressbook.json","messageBody":"","fileTypesAndContributionMap":{"test-code":{"insertions":7,"deletions":13}}},{"hash":"bda95b252b702db8972bdfe488fa5eed333dc75f","isMergeCommit":false,"messageTitle":"fix: Build errors from checkstyle","messageBody":"","fileTypesAndContributionMap":{"test-code":{"insertions":14,"deletions":2}}},{"hash":"fdecc9f9d78d8ddf3d1226d90f5cf667317aceda","isMergeCommit":false,"messageTitle":"refactor: Move tags and important dates display to sep. method","messageBody":"","fileTypesAndContributionMap":{"functional-code":{"insertions":10,"deletions":0}}},{"hash":"fc940ee88092c79e28bbeda6eb29d19f979cc8bb","isMergeCommit":false,"messageTitle":"fix: Lacking code coverage due to UI testing","messageBody":"","fileTypesAndContributionMap":{"functional-code":{"insertions":2,"deletions":12}}},{"hash":"9d42e19e894d8ec85060fe1d01f918659fed1d7e","isMergeCommit":false,"messageTitle":"fix: Remove unneeded funcs in JsonAdaptedImportantDate","messageBody":"Trying to increase CodeCoverage percentage to account for UI tests\n","fileTypesAndContributionMap":{"functional-code":{"insertions":0,"deletions":8}}}]},{"date":"2024-03-18","commitResults":[{"hash":"c7db4dd25eaeeb030389e19d07c0ea246f4e172e","isMergeCommit":false,"messageTitle":"fix: Message Success message for AddImportantDateCommand","messageBody":"","fileTypesAndContributionMap":{"functional-code":{"insertions":2,"deletions":2},"test-code":{"insertions":1,"deletions":1}}},{"hash":"08bcbc23d825ff3221afcffcdc0496a9d94a881b","isMergeCommit":false,"messageTitle":"fix: Validation for date time args","messageBody":"","fileTypesAndContributionMap":{"functional-code":{"insertions":19,"deletions":16}}},{"hash":"a7e32364c4f35f48089df23de2ba349997039110","isMergeCommit":false,"messageTitle":"feat: Add more tests for ImportantDate Validation","messageBody":"","fileTypesAndContributionMap":{"functional-code":{"insertions":0,"deletions":4},"test-code":{"insertions":3,"deletions":2}}},{"hash":"bcff735c45d8e5000d7f6c66ac3a65dc9f113ab7","isMergeCommit":false,"messageTitle":"test-feat: Add validation tests for ImportantDate","messageBody":"","fileTypesAndContributionMap":{"test-code":{"insertions":7,"deletions":1}}},{"hash":"eeca15334bd6016b7c11cec4d1e2315bc7ed27f9","isMergeCommit":false,"messageTitle":"minor: Add Event to Sample Data","messageBody":"","fileTypesAndContributionMap":{"functional-code":{"insertions":8,"deletions":8}}},{"hash":"d640ea7e69b3cd60b60123953f1dd6c8cfaf43c3","isMergeCommit":false,"messageTitle":"refactor: Rename all instances of ImportantDate to Event","messageBody":"","fileTypesAndContributionMap":{"functional-code":{"insertions":118,"deletions":119},"other":{"insertions":165,"deletions":165},"docs":{"insertions":7,"deletions":7},"test-code":{"insertions":251,"deletions":251}}},{"hash":"4bce68bc3d29ea9c7a03a49c5f4cfc73659b04c7","isMergeCommit":false,"messageTitle":"style: Fix checkstyle error","messageBody":"","fileTypesAndContributionMap":{"functional-code":{"insertions":1,"deletions":1}}},{"hash":"d3a9290607c6b7ac778ac4bf35a0db2186c723bd","isMergeCommit":true,"messageTitle":"Merge pull request #66 from choowengyan/feat/edit-patient-info","messageBody":"v1.2 Add Patient \u0026 Edit Patient Command ","fileTypesAndContributionMap":{}},{"hash":"ee2522b24cf21b0004be57b7ba3e22247e229e23","isMergeCommit":true,"messageTitle":"Merge branch \u0027master\u0027 into feat/refactor-important-dates-to-events","messageBody":"","fileTypesAndContributionMap":{}},{"hash":"8f1ec998708ac140154187670d2e8412c9203d17","isMergeCommit":true,"messageTitle":"Merge pull request #72 from guohuang88/branch-v1.2-edit-important-date","messageBody":"v1.2 Edit Important Date","fileTypesAndContributionMap":{}},{"hash":"a27dd2da06bf877ef18824089da0c983f7155751","isMergeCommit":false,"messageTitle":"fix: Indexing error with Delete Event Command","messageBody":"","fileTypesAndContributionMap":{"functional-code":{"insertions":1,"deletions":1}}},{"hash":"b95e32a59f0bf62365729f5fde5d865060020e0a","isMergeCommit":false,"messageTitle":"fix-test: Fix error in execute delete event command test","messageBody":"","fileTypesAndContributionMap":{"test-code":{"insertions":1,"deletions":1}}},{"hash":"c0bcc9b444995bfca1b6f84358586b5b505b635a","isMergeCommit":true,"messageTitle":"Merge pull request #80 from NeoHW/V1.2-DeleteTags","messageBody":"V1.2 delete tags","fileTypesAndContributionMap":{}},{"hash":"3484d5988ebdd948731e91e0bb9c717019a0ecf0","isMergeCommit":false,"messageTitle":"doc: Add puml diagram and update DG for AddEvent","messageBody":"","fileTypesAndContributionMap":{"docs":{"insertions":110,"deletions":1}}}]},{"date":"2024-03-19","commitResults":[{"hash":"4ca3876c5062c81940e45d8236ce9c072c9d76b2","isMergeCommit":false,"messageTitle":"doc: Embed PlantUML Diagram for AddEventCommand in DG","messageBody":"","fileTypesAndContributionMap":{"docs":{"insertions":5,"deletions":1}}},{"hash":"d444d0c9e4ca01530264ac2550f66c284e90c2d1","isMergeCommit":true,"messageTitle":"Merge pull request #94 from guohuang88/branch-v1.2-updateDG","messageBody":"Docs: v1.2 Update Developer Guide for DeleteCommand","fileTypesAndContributionMap":{}},{"hash":"4dcf337e842590d057c4a6ba9d22805709c3efb0","isMergeCommit":false,"messageTitle":"doc: Update Links for README.md","messageBody":"","fileTypesAndContributionMap":{"docs":{"insertions":3,"deletions":3}}}]},{"date":"2024-03-21","commitResults":[{"hash":"cf6345872cf1ffb04196415ee8fb73d02180418e","isMergeCommit":true,"messageTitle":"Merge pull request #102 from ZhiWei1010/v1.2-release","messageBody":"Update build.gradle and User Guide for release","fileTypesAndContributionMap":{}}]},{"date":"2024-03-22","commitResults":[{"hash":"5a9fbd3f9ae49bc356d895f897320ce20c8da620","isMergeCommit":true,"messageTitle":"Merge pull request #114 from guohuang88/branch-v1.3-PatientHospitalIdIssues","messageBody":"v1.3 Patient Hospital Id issues","fileTypesAndContributionMap":{}}]},{"date":"2024-03-23","commitResults":[{"hash":"9d782ce76c7d22de9c97182d04ae5c857f45a6f4","isMergeCommit":false,"messageTitle":"feat: Add custom duplicate message for add events","messageBody":"","fileTypesAndContributionMap":{"functional-code":{"insertions":7,"deletions":1},"test-code":{"insertions":33,"deletions":0}}},{"hash":"24fe4f73876a00c66dc403e474b04e3039cbf22d","isMergeCommit":false,"messageTitle":"minor: Rename ImportantDates to Events in comments","messageBody":"","fileTypesAndContributionMap":{"functional-code":{"insertions":5,"deletions":5}}},{"hash":"007374ee2d5427087c1462c6be5017b39fdf4928","isMergeCommit":false,"messageTitle":"feat: Add sorting of events to add, edit and delete commands","messageBody":"","fileTypesAndContributionMap":{"functional-code":{"insertions":23,"deletions":1}}},{"hash":"147a29f6d51e6884089b2f16652f5cea403b78bd","isMergeCommit":true,"messageTitle":"Merge branch \u0027master\u0027 into feat/sort-events","messageBody":"","fileTypesAndContributionMap":{}},{"hash":"38bfed32a5595ab2eb5428bdf36ee5debdbfbc5d","isMergeCommit":false,"messageTitle":"minor: Convert ImportantDate to Event in comments and DG","messageBody":"","fileTypesAndContributionMap":{"functional-code":{"insertions":5,"deletions":5},"docs":{"insertions":21,"deletions":21},"test-code":{"insertions":1,"deletions":7}}},{"hash":"bd1a523898cf600f4e562ba6b41408789b74b8d8","isMergeCommit":false,"messageTitle":"doc: Update DG for sorted events in list command","messageBody":"","fileTypesAndContributionMap":{"docs":{"insertions":2,"deletions":0}}},{"hash":"9814c9cdbd2e9df5193e6e7d01cbe8edcd76fd81","isMergeCommit":false,"messageTitle":"test: Add test for compareTo","messageBody":"","fileTypesAndContributionMap":{"functional-code":{"insertions":2,"deletions":2},"test-code":{"insertions":27,"deletions":0}}},{"hash":"c3cfb289ec09ad17687eac59c54f0e4ceb2975da","isMergeCommit":false,"messageTitle":"feat: Update Event compareTo to account for null start / end times","messageBody":"","fileTypesAndContributionMap":{"functional-code":{"insertions":21,"deletions":5},"test-code":{"insertions":14,"deletions":11}}},{"hash":"16e915540aff07abc5e7d141064fda324481e61c","isMergeCommit":false,"messageTitle":"test: Add test for null time event compared to datetime event","messageBody":"","fileTypesAndContributionMap":{"test-code":{"insertions":4,"deletions":0}}},{"hash":"56814faa5e8c5f9e4632092ec674254ac22ef150","isMergeCommit":false,"messageTitle":"fix-test: Increase Code Coverage","messageBody":"","fileTypesAndContributionMap":{"functional-code":{"insertions":7,"deletions":8}}}]},{"date":"2024-03-25","commitResults":[{"hash":"82468d42f6b055c33283fc823c91db50dd8b5a31","isMergeCommit":true,"messageTitle":"Merge pull request #121 from guohuang88/branch-v1.3-FindTags","messageBody":"v1.3 Find Patient using Tags","fileTypesAndContributionMap":{}}]},{"date":"2024-03-30","commitResults":[{"hash":"d507a500a3bee30a4e05c018109c266a76bee809","isMergeCommit":false,"messageTitle":"feat: AddEventCommand Activity Diagram","messageBody":"","fileTypesAndContributionMap":{"docs":{"insertions":31,"deletions":0}}},{"hash":"eb439641cfcbb9dd016c995b147c4a80013645e3","isMergeCommit":false,"messageTitle":"feat-doc: Add lifeline note to all features","messageBody":"","fileTypesAndContributionMap":{"docs":{"insertions":65,"deletions":2}}},{"hash":"04ebb8dc7864db4f6e9fdb70eb1d24375d3850d8","isMergeCommit":false,"messageTitle":"minor: Rename AddEventParser to standardise","messageBody":"The other Parser files use ...CommandParser\n","fileTypesAndContributionMap":{"functional-code":{"insertions":1,"deletions":1},"other":{"insertions":1,"deletions":1},"test-code":{"insertions":1,"deletions":1}}},{"hash":"ce2175327b76cae7ba5f4c46deb4f2de7a8029db","isMergeCommit":false,"messageTitle":"minor: Fix spelling","messageBody":"","fileTypesAndContributionMap":{"docs":{"insertions":2,"deletions":2}}},{"hash":"38995ce9f8619e44cb28a86d03b2159979d9085c","isMergeCommit":false,"messageTitle":"minor: Rename test file","messageBody":"","fileTypesAndContributionMap":{"other":{"insertions":1,"deletions":1}}}]},{"date":"2024-03-31","commitResults":[{"hash":"e0abbd57ed71a8d02c52fd641020bb60d73280c6","isMergeCommit":false,"messageTitle":"doc: Add Screenshots for all features","messageBody":"","fileTypesAndContributionMap":{"docs":{"insertions":30,"deletions":6}}},{"hash":"ddd8992928229c721ebc55d47c3fb2f3dc18e48e","isMergeCommit":false,"messageTitle":"feat: Add logging for AddEventCommand","messageBody":"","fileTypesAndContributionMap":{"functional-code":{"insertions":39,"deletions":12}}},{"hash":"ec1d2d0c521dadd396933e4f61bec3b4accf68b5","isMergeCommit":false,"messageTitle":"minor: Sectioning code","messageBody":"","fileTypesAndContributionMap":{"functional-code":{"insertions":0,"deletions":3}}},{"hash":"1e99c3f39bf0291073a85c210730213d1385996a","isMergeCommit":false,"messageTitle":"doc: Update Activity Diagram","messageBody":"","fileTypesAndContributionMap":{"docs":{"insertions":1,"deletions":1}}},{"hash":"30c01b16b2a8afbcfa6060372dfc5b961fd99145","isMergeCommit":false,"messageTitle":"minor: Fix indentation","messageBody":"","fileTypesAndContributionMap":{"docs":{"insertions":1,"deletions":1}}}]},{"date":"2024-04-01","commitResults":[{"hash":"b2d4bdbe1514d7b172ab0a9f70c404f718d071b6","isMergeCommit":true,"messageTitle":"Merge pull request #145 from guohuang88/branch-v1.3-EditEventCommandIssues","messageBody":"v1.3 Update EditEventCommand code quality and add EditEventActivityDiagram","fileTypesAndContributionMap":{}}]}],"ZhiWei1010":[{"date":"2024-03-04","commitResults":[{"hash":"a82460a19c98af3bf8d133548113d352c4fa7484","isMergeCommit":false,"messageTitle":"Update AboutUs page","messageBody":"Add profile picture.\n\nUpdate github link to redirect to personal github page.\n\nUpdate portfolio link to redirect to team portfolio page.\n\nUpdate role and responsibility for Tan Zhi Wei .\n","fileTypesAndContributionMap":{"docs":{"insertions":6,"deletions":6}}}]},{"date":"2024-03-06","commitResults":[{"hash":"6b44c9a59d9a65c8cec1f010d9a69d83e9528584","isMergeCommit":true,"messageTitle":"Merge pull request #32 from NeoHW/V1.1-DG-UserProfile-and-ValueProposition","messageBody":"Adapt target user profile and value proposition to fit PatientSync","fileTypesAndContributionMap":{}},{"hash":"95fb1f028ea0bd024712a4282e0a72561288eea7","isMergeCommit":true,"messageTitle":"Merge pull request #37 from NeoHW/V1.1-DG-NFR","messageBody":"Update non-functional requirements to match Patientsync","fileTypesAndContributionMap":{}}]},{"date":"2024-03-14","commitResults":[{"hash":"589362eb58caf70adacd2f718bc96193757bb199","isMergeCommit":false,"messageTitle":"Logic: Add new DeleteImportantDateCommand","messageBody":"Add a new DeleteImportantDateCommand class to handle the deletion of\nimportant dates by patient id and important date id.\n\nTeach app to accept deleteID as a new command word and return a\nnew DeleteImportantDateCommand if format is correct, else throw an\nexception.\n","fileTypesAndContributionMap":{"functional-code":{"insertions":148,"deletions":0}}},{"hash":"fccf694e7c6b80374dab214e294df70623d3f027","isMergeCommit":false,"messageTitle":"Logic: Teach model to delete all ImportantDates of Patient","messageBody":"Update model to delete all important dates of patient instead of by\nevent index.\n","fileTypesAndContributionMap":{"functional-code":{"insertions":30,"deletions":18}}},{"hash":"65ffd1542a3a2d5185b585423033caa7e6ede2b9","isMergeCommit":false,"messageTitle":"Update check style to match guidelines","messageBody":"","fileTypesAndContributionMap":{"functional-code":{"insertions":3,"deletions":17}}}]},{"date":"2024-03-15","commitResults":[{"hash":"bd3f52a74b0351e1b8266b87c442935d52b852fb","isMergeCommit":true,"messageTitle":"Merge branch \u0027master\u0027 of https://github.com/AY2324S2-CS2103-F09-2/tp into v1.2-delete-important-dates","messageBody":"","fileTypesAndContributionMap":{}},{"hash":"9553b74151045e88feef95d3dbb5582e6e5aea23","isMergeCommit":false,"messageTitle":"Logic: Update DeleteImportantDateCommand to delete by event ID","messageBody":"Update COMMAND_WORD for DeleteImportantDateCommand to be \u0027deletee\u0027 for\nconsistency with \u0027adde\u0027.\n\nUpdate MESSAGE_USUAGE to stay consistent with new format.\n\nRemove extra empty line from\nAddressBookParser#parseCommand(String userInput).\n","fileTypesAndContributionMap":{"functional-code":{"insertions":53,"deletions":16}}},{"hash":"946414d95f3af7f91f6427f8e3891109fdfc45fd","isMergeCommit":true,"messageTitle":"Merge pull request #67 from SherisseTJW/fix/list-command-should-show-important-dates","messageBody":"Fix bug where Important Dates were not saved to the AddressBook.json, and cannot be shown in `list` command","fileTypesAndContributionMap":{}},{"hash":"7b6a49d88d2a0b0a4355643f490d6940366a98eb","isMergeCommit":true,"messageTitle":"Merge branch \u0027master\u0027 into v1.2-delete-important-dates","messageBody":"","fileTypesAndContributionMap":{}},{"hash":"3b505c13deb7b99268a9d9f423cacf61bc33d448","isMergeCommit":false,"messageTitle":"Logic: Update equals() method and toString() method to work correctly","messageBody":"Add a check for targetEventIndex in DeleteImportantDateCommand#Equals().\n\nAdd a new field of targetEventIndex for\nDeleteImportantDateCommand#toString().\n","fileTypesAndContributionMap":{"functional-code":{"insertions":3,"deletions":1}}},{"hash":"371f5cb3cfff35dc0bc35da64ceac78839652127","isMergeCommit":false,"messageTitle":"Logic: Update constructor in DeleteImportantDateCommand","messageBody":"Add requiredAllNonNull check for both parameters of constructor.\n","fileTypesAndContributionMap":{"functional-code":{"insertions":2,"deletions":0}}},{"hash":"35b71f0988f42fa280d06e5d28a1f85c99a8b513","isMergeCommit":false,"messageTitle":"Test: Add tests for DeleteImportantCommand","messageBody":"Create new DeleteImportantCommandTest class to test\nDeleteImportantCommand.\n\nAdd relevant tests to ensure that DeleteImportantCommand works as\nexpected.\n","fileTypesAndContributionMap":{"test-code":{"insertions":114,"deletions":0}}},{"hash":"813c86296545cd79028f99a3db74966f2cecff87","isMergeCommit":false,"messageTitle":"Test: Add more tests for DeleteImportantDateCommand","messageBody":"Add Test for Invalid Event Id but valid Patient Id.\n\nAdd new test case in equals() method\n","fileTypesAndContributionMap":{"test-code":{"insertions":17,"deletions":1}}},{"hash":"d77daf5fb29a11f0a956902db6b569b4260799d8","isMergeCommit":false,"messageTitle":"Test: Add new DeleteImportantDateCommandParserTest class","messageBody":"Test to ensure DeleteImportantDateCommandParser works as expected.\n","fileTypesAndContributionMap":{"functional-code":{"insertions":1,"deletions":1},"test-code":{"insertions":61,"deletions":3}}},{"hash":"a21dcedda8cc2731e2806654b3c7697641fcc65f","isMergeCommit":false,"messageTitle":"Documentation: Update User Guide and Developer Guide","messageBody":"Add new section for Delete Important Date command in User Guide,\nteaching users how to use the command, includes some examples as well.\n\nAdd new section for Deleting Important Date command in Developer Guide.\n","fileTypesAndContributionMap":{"docs":{"insertions":61,"deletions":1}}}]},{"date":"2024-03-18","commitResults":[{"hash":"1614b2e5dc4f27b532378f5272948b7c5de79dc7","isMergeCommit":true,"messageTitle":"Merge pull request #88 from guohuang88/branch-v1.2-EditEventCommandSequenceDiagram","messageBody":"v1.2 Add EditEventSequenceDiagram and update DeleteSequenceDiagram","fileTypesAndContributionMap":{}}]},{"date":"2024-03-19","commitResults":[{"hash":"b3f4492f509057f0406541189acf69b1817eac43","isMergeCommit":true,"messageTitle":"Merge pull request #89 from SherisseTJW/doc/embed-add-event-uml-developer-guide","messageBody":"Embed PlantUML Diagram for AddEventCommand in DG","fileTypesAndContributionMap":{}},{"hash":"52c853d2ba7393f3baceace6b65567a3dcd476b6","isMergeCommit":false,"messageTitle":"Docs:Update ListCommand in Developer Guide","messageBody":"Add in ListCommand interaction in Developer guide.\n\nAdd UML sequence diagram in ListCommand.\n","fileTypesAndContributionMap":{"docs":{"insertions":73,"deletions":0}}},{"hash":"18508e500b6a2e64adaffcc56a0a5888ceca0a39","isMergeCommit":false,"messageTitle":"Docs: Update Developer Guide on DeleteEventCommand","messageBody":"Add Sequence Diagram for DeleteEventCommand.\n\nAdd syntax to choose event to delete in DeleteEventCommand as a new\ndesign consideration.\n\nEmbed sequence diagram for EditEventCommand in Developer guide.\n","fileTypesAndContributionMap":{"docs":{"insertions":98,"deletions":0}}},{"hash":"7a494e226ef8e50c014df5ddba1dfa5a3cc5f7dc","isMergeCommit":true,"messageTitle":"Merge pull request #97 from SherisseTJW/doc/update-guides-and-readme","messageBody":"Fix the Project Links in README.md","fileTypesAndContributionMap":{}}]},{"date":"2024-03-21","commitResults":[{"hash":"c4ebbcdad5cf73e2396fc927741e37e9f177c816","isMergeCommit":false,"messageTitle":"Update build.gradle file for release","messageBody":"Update archiveFileName to PatientSync.jar.\n\nUpdate storage file name for PatientSync to be patientsync.json.\n","fileTypesAndContributionMap":{"functional-code":{"insertions":1,"deletions":1},"other":{"insertions":1,"deletions":1}}},{"hash":"b15567ce3ca31516a2f01d2d02b3fc485ba608b6","isMergeCommit":false,"messageTitle":"Update User Guide for Add Command and Find Command","messageBody":"Update typo error of \"/id\" to \"id/\" in Add command examples.\n\nUpdate find command usage to find patient with Hospital ID instead of\nname.\n","fileTypesAndContributionMap":{"docs":{"insertions":12,"deletions":15}}},{"hash":"513524584cbabcbd24ae491508b75ec0aca4397a","isMergeCommit":false,"messageTitle":"Update Main Window UI to display title as PatientSync","messageBody":"","fileTypesAndContributionMap":{"functional-code":{"insertions":1,"deletions":1}}},{"hash":"f60aca1af954f23a745c594e0d8f49f8b36154f0","isMergeCommit":false,"messageTitle":"Update front page of User Guide","messageBody":"Update front page of User Guide to correct application name.\n\nUpdate Ui Picture.\n\nUpdate Help Message Picture.\n","fileTypesAndContributionMap":{"docs":{"insertions":7,"deletions":6}}},{"hash":"649b564e3fbf91a6d0690cb9491de304be62883d","isMergeCommit":false,"messageTitle":"Update User Guide to rename AddressBook to PatientSync","messageBody":"","fileTypesAndContributionMap":{"docs":{"insertions":5,"deletions":5}}}]},{"date":"2024-03-27","commitResults":[{"hash":"a23d4233babe0611391c611404f0a197ab69eabc","isMergeCommit":false,"messageTitle":"Update message delete event success to match with add event","messageBody":"","fileTypesAndContributionMap":{"functional-code":{"insertions":4,"deletions":5}}},{"hash":"b3317ecab79cfe436fa028e64898698f4f373f9e","isMergeCommit":false,"messageTitle":"Update test case in DeleteEventCommandTest to match with new delete message","messageBody":"","fileTypesAndContributionMap":{"test-code":{"insertions":2,"deletions":4}}},{"hash":"9491a533700f441e808fed96f7e4eeacd0282cde","isMergeCommit":false,"messageTitle":"Update MESSAGE_DELETE_EVENT_SUCCESS to be consistent with success message of edit event command","messageBody":"Update the corresponding test case in DeleteEventCommandTest to be\nconsistent with the updated delete event success message.\n","fileTypesAndContributionMap":{"functional-code":{"insertions":4,"deletions":3},"test-code":{"insertions":2,"deletions":1}}}]},{"date":"2024-03-28","commitResults":[{"hash":"319c0452fa6479194569518f842e2da20d082008","isMergeCommit":false,"messageTitle":"Update Developer Guide for DeleteEventCommand","messageBody":"Add new activity diagram for DeleteEventCommand.\n\nUpdate notes in DeleteEventCommand regarding lifeline in\nsequence diagram.\n\nUpdate Step 3 of example use case scenario for user to delete event\nwhen event is over.\n","fileTypesAndContributionMap":{"docs":{"insertions":37,"deletions":3}}}]}],"choowengyan":[{"date":"2024-03-07","commitResults":[{"hash":"8ef0f765ec7e08d2f6917669a386c1b87a1f5715","isMergeCommit":false,"messageTitle":"Update name, links, role and responsibilities","messageBody":"","fileTypesAndContributionMap":{"docs":{"insertions":6,"deletions":4}}},{"hash":"abd4ed57d146a0e529b4d8aa8c8821e3ef079b8e","isMergeCommit":false,"messageTitle":"Update profile picture","messageBody":"","fileTypesAndContributionMap":{"docs":{"insertions":1,"deletions":1}}}]},{"date":"2024-03-08","commitResults":[{"hash":"a47f97a1a0c5cc451c35bdd50ac0ca9cfe425f5d","isMergeCommit":true,"messageTitle":"Merge pull request #48 from SherisseTJW/doc/fix-doc","messageBody":"fix: Change extension to lower case","fileTypesAndContributionMap":{}}]},{"date":"2024-03-12","commitResults":[{"hash":"7b652d262afdf85420292a1b92be58e32788fcd4","isMergeCommit":false,"messageTitle":"Add patient\u0027s FamilyCondition class","messageBody":"","fileTypesAndContributionMap":{"functional-code":{"insertions":74,"deletions":70},"other":{"insertions":0,"deletions":0}}},{"hash":"ce60cb7c3a2fdccdb19902c6138146f5a5b7dacb","isMergeCommit":false,"messageTitle":"Add FoodPreference.java","messageBody":"","fileTypesAndContributionMap":{"functional-code":{"insertions":18,"deletions":18}}},{"hash":"fefd51f1ff5337e4299218637b0db71cf57d6297","isMergeCommit":false,"messageTitle":"Add PatientHospitalId.java","messageBody":"","fileTypesAndContributionMap":{"functional-code":{"insertions":66,"deletions":1}}},{"hash":"2e6aaebd3896f7bb72394a6f8583322a425582c3","isMergeCommit":false,"messageTitle":"Add PreferredName.java","messageBody":"","fileTypesAndContributionMap":{"functional-code":{"insertions":66,"deletions":1}}},{"hash":"bf8226bd1fc93c2207e8251175c46447c4d05534","isMergeCommit":false,"messageTitle":"Add Hobby.java","messageBody":"","fileTypesAndContributionMap":{"functional-code":{"insertions":19,"deletions":38}}},{"hash":"f42a58b5e246b180f1b3806a036c5bf71cb6f3be","isMergeCommit":false,"messageTitle":"Update patient\u0027s field, udpate classes","messageBody":"","fileTypesAndContributionMap":{"functional-code":{"insertions":38,"deletions":20}}},{"hash":"ffb1e62302fd0f31af853a43d8f1af9e39552102","isMergeCommit":false,"messageTitle":"Add \u0027Add Command\u0027 prefix","messageBody":"","fileTypesAndContributionMap":{"functional-code":{"insertions":4,"deletions":3}}},{"hash":"465fa10b960e67656a9b19db23f6357cc96c75ce","isMergeCommit":false,"messageTitle":"Update parsing methods for Add Command","messageBody":"","fileTypesAndContributionMap":{"functional-code":{"insertions":59,"deletions":27}}},{"hash":"44963f8f1ff106e176e7860e4d0b763a0b2b7383","isMergeCommit":false,"messageTitle":"Update AddCommand.java","messageBody":"","fileTypesAndContributionMap":{"functional-code":{"insertions":21,"deletions":16}}},{"hash":"7462c34d885ac994aee9eb61beea63d6792ade31","isMergeCommit":false,"messageTitle":"Update fields for AddCommandParser.java","messageBody":"","fileTypesAndContributionMap":{"functional-code":{"insertions":20,"deletions":13}}},{"hash":"c37112b66262e748855b2b9ec4b8ca89c49e03b1","isMergeCommit":false,"messageTitle":"Update sample data for patients","messageBody":"","fileTypesAndContributionMap":{"functional-code":{"insertions":31,"deletions":21}}},{"hash":"24c17681741cdc9b62b039ca2d2b2028db359e4a","isMergeCommit":false,"messageTitle":"Update format method for display","messageBody":"","fileTypesAndContributionMap":{"functional-code":{"insertions":11,"deletions":6}}},{"hash":"282b85689360b01afb15a8f69dd01f83e2612f48","isMergeCommit":false,"messageTitle":"Update JsonProperty and fields for Patient details","messageBody":"","fileTypesAndContributionMap":{"functional-code":{"insertions":65,"deletions":31}}},{"hash":"43a05feadb7d754dd21eb1eea31e836db501be27","isMergeCommit":false,"messageTitle":"Update test cases for JsonAdaptedPatient","messageBody":"","fileTypesAndContributionMap":{"test-code":{"insertions":82,"deletions":33}}},{"hash":"f8cf92bf6b8b936d59d1594590611910e431e778","isMergeCommit":false,"messageTitle":"Update UI display of patient card","messageBody":"","fileTypesAndContributionMap":{"functional-code":{"insertions":12,"deletions":6}}}]},{"date":"2024-03-13","commitResults":[{"hash":"a3581fb8ce22ed662800ad92c5aad80de4207855","isMergeCommit":false,"messageTitle":"Update imports \u0026 declarations for CommandTestUtil.java","messageBody":"","fileTypesAndContributionMap":{"test-code":{"insertions":32,"deletions":26}}},{"hash":"db4b194527a6c8c6c4d22da3e1a45989291bcbab","isMergeCommit":false,"messageTitle":"Remove unused import","messageBody":"","fileTypesAndContributionMap":{"functional-code":{"insertions":0,"deletions":1}}}]},{"date":"2024-03-14","commitResults":[{"hash":"1479555c21be29d1d5590312e62b9d3cd3e0ee17","isMergeCommit":false,"messageTitle":"Add prefix for patient hospital ID","messageBody":"","fileTypesAndContributionMap":{"functional-code":{"insertions":1,"deletions":0}}},{"hash":"b059b756d2526fb1f96f444d6d4b549053062b79","isMergeCommit":false,"messageTitle":"Add PatientHospitalId","messageBody":"","fileTypesAndContributionMap":{"functional-code":{"insertions":6,"deletions":6}}},{"hash":"fb2b0de997712ff65ca6494325a3303f52720049","isMergeCommit":false,"messageTitle":"Update patient fields and data","messageBody":"","fileTypesAndContributionMap":{"functional-code":{"insertions":15,"deletions":14}}},{"hash":"b29bfa98d22e20b73dbf4d953001499f8538b5b8","isMergeCommit":false,"messageTitle":"Update patient test cases","messageBody":"","fileTypesAndContributionMap":{"test-code":{"insertions":382,"deletions":211}}},{"hash":"2be87ea694b729efbeb19ea76178e45bdbcd0985","isMergeCommit":false,"messageTitle":"Update add patient command test cases","messageBody":"","fileTypesAndContributionMap":{"test-code":{"insertions":15,"deletions":7}}},{"hash":"b2c991eadeb538477ffc31f1076bd0cbabdce13a","isMergeCommit":false,"messageTitle":"Update imports fields","messageBody":"","fileTypesAndContributionMap":{"functional-code":{"insertions":19,"deletions":12}}},{"hash":"aae7531bcc73830da5fa2de8c10308c9bfaa0657","isMergeCommit":false,"messageTitle":"Update Edit Patient with fields","messageBody":"","fileTypesAndContributionMap":{"functional-code":{"insertions":96,"deletions":44},"other":{"insertions":0,"deletions":0},"test-code":{"insertions":151,"deletions":99}}},{"hash":"38fa248eda27e44e557c2da5da843725aa01909e","isMergeCommit":false,"messageTitle":"Update patient lists","messageBody":"","fileTypesAndContributionMap":{"test-code":{"insertions":11,"deletions":11}}},{"hash":"446728e9f1e97e43ff253ed4221b7eed072b459a","isMergeCommit":false,"messageTitle":"Add patient\u0027s field TC files","messageBody":"","fileTypesAndContributionMap":{"functional-code":{"insertions":6,"deletions":6},"test-code":{"insertions":210,"deletions":114}}},{"hash":"081ecd839764000f99921c777275278d750b3d68","isMergeCommit":false,"messageTitle":"Add patient hosptial ID fields","messageBody":"","fileTypesAndContributionMap":{"functional-code":{"insertions":3,"deletions":1},"test-code":{"insertions":24,"deletions":21}}},{"hash":"3023623a1d31091cfb4a9c1aa1c5764449b3a1a9","isMergeCommit":false,"messageTitle":"Update duplicate check","messageBody":"","fileTypesAndContributionMap":{"test-code":{"insertions":6,"deletions":6}}},{"hash":"773903d916813c93211d22aaeded452f14a5db4a","isMergeCommit":false,"messageTitle":"Solve checkstyle issue","messageBody":"","fileTypesAndContributionMap":{"test-code":{"insertions":5,"deletions":3}}}]},{"date":"2024-03-15","commitResults":[{"hash":"0482978402586cf9f6fa3b8b23b4e2c99137571f","isMergeCommit":false,"messageTitle":"fix test cases","messageBody":"","fileTypesAndContributionMap":{"functional-code":{"insertions":17,"deletions":15},"test-code":{"insertions":36,"deletions":40}}},{"hash":"5a42beed453bcd9db7bc73fd7a50f03f6ad1f80e","isMergeCommit":false,"messageTitle":"Update Add \u0026 edit User Guide.md","messageBody":"","fileTypesAndContributionMap":{"docs":{"insertions":13,"deletions":10}}},{"hash":"0604170f5e008fb0e5e4b161a9783c9a7bbb6eae","isMergeCommit":false,"messageTitle":"fix test cases","messageBody":"","fileTypesAndContributionMap":{"functional-code":{"insertions":4,"deletions":9},"test-code":{"insertions":2,"deletions":2}}},{"hash":"fa7b076374b4d8cc4d3f7421967b9acb2881c3e0","isMergeCommit":false,"messageTitle":"Add patient fields for PatientListCard.fxml","messageBody":"","fileTypesAndContributionMap":{"functional-code":{"insertions":6,"deletions":3}}},{"hash":"ca5c30148ebbe5e4e184e41236dd649f1a0b7caa","isMergeCommit":false,"messageTitle":"Add labels for fields in PatientListCard UI","messageBody":"","fileTypesAndContributionMap":{"functional-code":{"insertions":20,"deletions":5}}},{"hash":"bc6252b7100eaa07f7a2e4ba3aec61b1742d5dce","isMergeCommit":false,"messageTitle":"Fix test cases","messageBody":"","fileTypesAndContributionMap":{"functional-code":{"insertions":6,"deletions":7},"test-code":{"insertions":0,"deletions":163}}},{"hash":"c1653f2a2c37386f3da06c9380005db9bc961df3","isMergeCommit":false,"messageTitle":"Update Add Command UserGuide.md","messageBody":"","fileTypesAndContributionMap":{"docs":{"insertions":1,"deletions":1}}}]},{"date":"2024-03-17","commitResults":[{"hash":"fe23a25af32c73be5517ce668d2ba799f16855ab","isMergeCommit":true,"messageTitle":"solve conflicts","messageBody":"","fileTypesAndContributionMap":{}},{"hash":"3d6a13cbad384892940e5d782bc6a8025f019cd2","isMergeCommit":false,"messageTitle":"Fix test cases for AddTags \u0026 DeleteCommand","messageBody":"","fileTypesAndContributionMap":{"functional-code":{"insertions":74,"deletions":34},"other":{"insertions":1,"deletions":1},"test-code":{"insertions":32,"deletions":29}}},{"hash":"42ec05d8d8600b1aeb4f7d2805d8efc4cfe2da69","isMergeCommit":false,"messageTitle":"Update DG \u0026 UG for Add, Edit Command","messageBody":"","fileTypesAndContributionMap":{"docs":{"insertions":9,"deletions":129}}},{"hash":"00d8f422de094cd2930bf7fe6a830c9bfa3cc004","isMergeCommit":true,"messageTitle":"Merge branch \u0027master\u0027 into feat/edit-patient-info","messageBody":"# Conflicts:\n#\tdocs/DeveloperGuide.md\n#\tdocs/UserGuide.md\n","fileTypesAndContributionMap":{}},{"hash":"213117036c01cdfef17f76201bc76a43b9b4c045","isMergeCommit":false,"messageTitle":"Update Patient fields and solve conflicts","messageBody":"","fileTypesAndContributionMap":{"functional-code":{"insertions":5,"deletions":3}}},{"hash":"ef0a1fdab8245069d626fc27d027ba53bcf79f25","isMergeCommit":false,"messageTitle":"Update Add \u0026 Edit Command","messageBody":"","fileTypesAndContributionMap":{"docs":{"insertions":89,"deletions":2}}},{"hash":"54222faa327a8dd99917ea4b0a3f079768cdb7c8","isMergeCommit":false,"messageTitle":"Fix test cases for duplicated prefixes","messageBody":"","fileTypesAndContributionMap":{"functional-code":{"insertions":2,"deletions":2},"test-code":{"insertions":12,"deletions":22}}},{"hash":"e8f681f99a237697e49be1aeaa0e8e85627cabfd","isMergeCommit":false,"messageTitle":"Update delete patient success message","messageBody":"","fileTypesAndContributionMap":{"functional-code":{"insertions":2,"deletions":1}}}]},{"date":"2024-03-18","commitResults":[{"hash":"811393675558dd3a5c926d35db3d55dcdd7e08d2","isMergeCommit":true,"messageTitle":"Merge pull request #74 from NeoHW/V1.2-AddTags-SequenceDiagram","messageBody":"V1.2 add tags sequence diagram","fileTypesAndContributionMap":{}},{"hash":"19adae54f036928249c5f020e3f9236b29008af4","isMergeCommit":true,"messageTitle":"Merge branch \u0027master\u0027 into feat/edit-patient-info","messageBody":"","fileTypesAndContributionMap":{}},{"hash":"ed7ec85cb87f0b99aee9db98c5b02f067ec16c14","isMergeCommit":false,"messageTitle":"Rename variables for foodPreference \u0026 prefix","messageBody":"","fileTypesAndContributionMap":{"functional-code":{"insertions":22,"deletions":22},"test-code":{"insertions":17,"deletions":17}}},{"hash":"eda020a92d7b72eb119b84b2f3ef7200ea278adb","isMergeCommit":true,"messageTitle":"Merge pull request #76 from SherisseTJW/fix/important-dates-validation","messageBody":"Fix errors in important dates validation and UI MESSAGE_SUCCESS display","fileTypesAndContributionMap":{}},{"hash":"8e43d70878111d1a6e6b83b0fa3b7de8e06d5df2","isMergeCommit":false,"messageTitle":"Update prefix variables for foodPreference \u0026 familyCondition","messageBody":"","fileTypesAndContributionMap":{"functional-code":{"insertions":34,"deletions":32},"test-code":{"insertions":26,"deletions":24}}},{"hash":"b672e3c3fe17eea24784c94ddb6c308b5a849fec","isMergeCommit":true,"messageTitle":"Merge pull request #78 from SherisseTJW/feat/refactor-important-dates-to-events","messageBody":"Rename ImportantDate to Event","fileTypesAndContributionMap":{}},{"hash":"d69902c33b72e2b748349dcba7d9e9bbd2016776","isMergeCommit":true,"messageTitle":"Merge pull request #82 from SherisseTJW/fix/delete-event-command-indexing","messageBody":"Fix error in delete event command indexing","fileTypesAndContributionMap":{}}]},{"date":"2024-03-19","commitResults":[{"hash":"dcb0babfd767b88f4a5843c9b38c2cd9ca437042","isMergeCommit":true,"messageTitle":"Merge pull request #91 from ZhiWei1010/v1.2-delete-event-docs","messageBody":"Docs: Update Developer Guide on DeleteEventCommand","fileTypesAndContributionMap":{}},{"hash":"4272b50286f56b01a5b1d309521929000aa6644d","isMergeCommit":false,"messageTitle":"Add sequence diagram for AddCommand","messageBody":"","fileTypesAndContributionMap":{"docs":{"insertions":85,"deletions":0}}},{"hash":"517ca9fb8b877ea6363f4310c884b22f055469bc","isMergeCommit":false,"messageTitle":"Add sequence diagram for EditCommand","messageBody":"","fileTypesAndContributionMap":{"docs":{"insertions":76,"deletions":7}}},{"hash":"4465fc537e9b307176a81d9322b6ec416e01109b","isMergeCommit":false,"messageTitle":"Update sequence diagram for AddCommand \u0026 DeleteCommand in DG","messageBody":"","fileTypesAndContributionMap":{"docs":{"insertions":8,"deletions":0}}},{"hash":"63bac4c2cba0c99ae8d06bf736a6131607b17cbf","isMergeCommit":true,"messageTitle":"Merge pull request #96 from NeoHW/V1.2-RemoveDeleteTagTimeSequenceDiagram","messageBody":"Comment out DeleteTagsTimeSequenceDiagram in the DG","fileTypesAndContributionMap":{}},{"hash":"c96163a4508bf5e9304ac9eb75e52fa87fdb9eb0","isMergeCommit":true,"messageTitle":"Merge pull request #99 from NeoHW/V1.2-DeleteTagSequenceDiagram","messageBody":"Create DeleteTagsSequenceDiagram","tags":["v1.2"],"fileTypesAndContributionMap":{}}]},{"date":"2024-03-31","commitResults":[{"hash":"139f3f53fd0c405247a02d0301edd6e11dd4cc0a","isMergeCommit":true,"messageTitle":"Merge pull request #139 from SherisseTJW/doc/add-screenshots","messageBody":"Add Screenshots for all features into UG","fileTypesAndContributionMap":{}},{"hash":"314de7e9b1d4919a545f0cf3a4c770cb38c77bea","isMergeCommit":true,"messageTitle":"Merge pull request #141 from guohuang88/branch-v1.3-FixSequenceDiagram","messageBody":"v1.3 Fix Sequence Diagrams","fileTypesAndContributionMap":{}},{"hash":"527a78976c04dafe9b4c3fdeac22b152863b4386","isMergeCommit":true,"messageTitle":"Merge pull request #143 from SherisseTJW/feat/add-logging-and-assertions","messageBody":"Add logging and assertions for AddEventCommand","fileTypesAndContributionMap":{}}]}],"NeoHW":[{"date":"2024-03-04","commitResults":[{"hash":"f5d917cdba85f6ffece8081e08c2f775decdf8e7","isMergeCommit":false,"messageTitle":"Update AboutUs.md for milestone 1.1","messageBody":"- Updated profile photo, role, and responsibilities for Neo Haowei\n\nThis commit updates the AboutUs.md page for milestone 1.1.\nNeo Haowei\u0027s profile photo, GitHub link, and portfolio link\nhave been added.\n\nFixes #16\n","fileTypesAndContributionMap":{"docs":{"insertions":5,"deletions":15}}}]},{"date":"2024-03-05","commitResults":[{"hash":"a65df35e86510160985bb9c3de8dce3110b2c1fd","isMergeCommit":true,"messageTitle":"Merge pull request #24 from guohuang88/branch-AboutUs","messageBody":"Update AboutUs.md to add profile picture","fileTypesAndContributionMap":{}},{"hash":"5ddc688b9f6f5ea9a1ec4282d54c0fcae2d3cfc1","isMergeCommit":false,"messageTitle":"feat: Adapt MarkBind site for project","messageBody":"- Added GitHub Actions write permissions for repo\n- Updated site configs to match project fork:\n\t- Updated baseUrl in .github/workflows/docs.yml\n\t- Updated product name in docs/_markbind/layouts/default.md\n\t- Updated titlePrefix in docs/site.json\n","fileTypesAndContributionMap":{"docs":{"insertions":1,"deletions":1}}}]},{"date":"2024-03-06","commitResults":[{"hash":"2e708a81e0b936532dc595f3dbe1aa318ab98d30","isMergeCommit":false,"messageTitle":"Update index.md for PatientSync","messageBody":"The index.md file was previously tailored for the addressbook3 project.\nThis commit updates the content to reflect new PatientSync project,\nincluding the project name, description, and relevant links.\n\nThe changes include:\n* Updating the project name to PatientSync\n* Updating the project description\n\nThis update is necessary to provide accurate and relevant information\nabout the PatientSync project on the main page of the documentation.\n","fileTypesAndContributionMap":{"docs":{"insertions":5,"deletions":4}}},{"hash":"0cf51d0f1f89bddbe1499a73f833a20d467e6ddb","isMergeCommit":true,"messageTitle":"Merge pull request #27 from NeoHW/V1.1-UpdateProjectWebsite","messageBody":"V1.1 update project website","fileTypesAndContributionMap":{}},{"hash":"eda06224df402de86a3f0904da58212475e29211","isMergeCommit":false,"messageTitle":"Add acknowledgements to home readme","messageBody":"Give acknowledgements that this project is based on the\nAddressBook-Level3 project created by the SE-EDU intiative\n","fileTypesAndContributionMap":{"docs":{"insertions":3,"deletions":1}}},{"hash":"d02733d664171f860738bb3e9ebc4a9736f450eb","isMergeCommit":false,"messageTitle":"Beautify and Add Descriptions for Project Links","messageBody":"Improve the presentation of project links by using a table format.\nAlso provide descriptions for each link to give users more context.\nThis enhances readability and provides users with quick insights\ninto the purpose of each link.\n\nThese changes aim to make navigating the project resources\neasier for users and developers alike.\n","fileTypesAndContributionMap":{"docs":{"insertions":6,"deletions":2}}},{"hash":"984452c8305e842ee7e774fbd53b2c55ac12aba9","isMergeCommit":true,"messageTitle":"Merge pull request #29 from NeoHW/V1.1-Acknowledgement","messageBody":"V1.1 acknowledgement + Project Links table in Home Page","fileTypesAndContributionMap":{}},{"hash":"b88e1ec8fa11980ba8a00b6e93bd39807072e8fe","isMergeCommit":false,"messageTitle":"Adapt target user profile and value proposition to fit PatientSync","messageBody":"","fileTypesAndContributionMap":{"docs":{"insertions":9,"deletions":7}}},{"hash":"d9db09659f2cd43dbf00a82f3006f9092bd33f25","isMergeCommit":true,"messageTitle":"Merge pull request #33 from SherisseTJW/doc/update-dev-docs","messageBody":"","fileTypesAndContributionMap":{}},{"hash":"c7d64c91a4ecdc88a78f006d93a99691fb7f46a0","isMergeCommit":false,"messageTitle":"Update non-functional requirements to match Patientsync","messageBody":"Also added new NFRs\n","fileTypesAndContributionMap":{"docs":{"insertions":6,"deletions":3}}},{"hash":"e5caacd65bbbf9346c8478e994f55411842ccd46","isMergeCommit":false,"messageTitle":"Add Nurse user stories for PatientSync","messageBody":"","fileTypesAndContributionMap":{"docs":{"insertions":16,"deletions":9}}},{"hash":"40d40baf6bf3012822a7c022ff455284f1d1a85a","isMergeCommit":false,"messageTitle":"Update README with project details and UI mockup","messageBody":"- Updated the README to reflect the project\u0027s target users\nand key challenges\n- Added a UI mockup image\n- Acknowledged the original source of the code\n","fileTypesAndContributionMap":{"docs":{"insertions":31,"deletions":10}}}]},{"date":"2024-03-07","commitResults":[{"hash":"751b259d39951f011b181a96bb2854ffd3f45226","isMergeCommit":true,"messageTitle":"Merge pull request #42 from choowengyan/v1.1/add-profile-pic","messageBody":"","fileTypesAndContributionMap":{}}]},{"date":"2024-03-08","commitResults":[{"hash":"daf544ff5be71776e96dc9eb2ef095680a6ee5f5","isMergeCommit":false,"messageTitle":"Fix User Guide to be in terms of PatientSync instead of AB-3","messageBody":"","fileTypesAndContributionMap":{"docs":{"insertions":4,"deletions":3}}},{"hash":"3991e89b220de56bb4746d62515b0301ff4f673b","isMergeCommit":false,"messageTitle":"Fix User Guide to be in terms of PatientSync instead of AB-3","messageBody":"","fileTypesAndContributionMap":{"docs":{"insertions":4,"deletions":3}}},{"hash":"81e2cddca1d1d22e5233a74c2ef247db87064a66","isMergeCommit":false,"messageTitle":"Refactor exceptions of Patient model from Person model","messageBody":"","fileTypesAndContributionMap":{"functional-code":{"insertions":56,"deletions":56},"other":{"insertions":28,"deletions":28},"docs":{"insertions":2,"deletions":2},"test-code":{"insertions":46,"deletions":46}}},{"hash":"647635c45b10c3e29604641fdd5e1463e0f3556e","isMergeCommit":false,"messageTitle":"JavaDocs comments changes from person to patients","messageBody":"Applies to\n- Name\n- Person\n- Address\n- Email\n- Phone\n","fileTypesAndContributionMap":{"functional-code":{"insertions":5,"deletions":5}}},{"hash":"5ed0b2c3a32f6df63b9ec879f3ad3a4408e6efae","isMergeCommit":false,"messageTitle":"Refactor main Patient class from original Person class.","messageBody":"Inclusive of\n- DG, UG\n- Command\n- Parser\n- Exception\n- Test utils \u0026 data\n- Tests\n","fileTypesAndContributionMap":{"functional-code":{"insertions":206,"deletions":206},"other":{"insertions":42,"deletions":42},"docs":{"insertions":59,"deletions":59},"test-code":{"insertions":169,"deletions":169}}},{"hash":"46277c498e0bae37a23913d4775a8283be6cfc4e","isMergeCommit":false,"messageTitle":"Refactor persons to patients in methods and attributes.","messageBody":"Changes in:\n- AddressBook\n- UniquePatientList\n- UniquePatientListTest\n","fileTypesAndContributionMap":{"functional-code":{"insertions":5,"deletions":5},"other":{"insertions":12,"deletions":12},"test-code":{"insertions":52,"deletions":52}}},{"hash":"2d875615dadc9ae28b37e2ae7fe32ee590a2dc4d","isMergeCommit":false,"messageTitle":"Fix checkstyle errors","messageBody":"","fileTypesAndContributionMap":{"functional-code":{"insertions":9,"deletions":6}}},{"hash":"14abc8c0e62952317ed345aedd69d74f340bcdd6","isMergeCommit":false,"messageTitle":"Fix failing TC in AddressBookTest","messageBody":"Error was in toString method of AddressBook.java, where hardcoding of\n\"person\" lead to the failure\n","fileTypesAndContributionMap":{"functional-code":{"insertions":1,"deletions":1}}}]},{"date":"2024-03-09","commitResults":[{"hash":"caacd59f97714fb89ce08dbe1aae8bfd81e0a3bb","isMergeCommit":false,"messageTitle":"Refactoring of Person to Patient test changes","messageBody":"263 of 267 TC passing\n","fileTypesAndContributionMap":{"functional-code":{"insertions":49,"deletions":49},"other":{"insertions":44,"deletions":44},"docs":{"insertions":1,"deletions":1},"test-code":{"insertions":160,"deletions":160}}},{"hash":"131855f758194bd25302de24c0a82d4a9d0bd0e5","isMergeCommit":false,"messageTitle":"Fix last TC, changes to Patient tests","messageBody":"","fileTypesAndContributionMap":{"functional-code":{"insertions":93,"deletions":94},"other":{"insertions":0,"deletions":0},"docs":{"insertions":2,"deletions":2},"test-code":{"insertions":290,"deletions":294}}},{"hash":"428e0915e5ec22562338774e7418a195327dc53c","isMergeCommit":false,"messageTitle":"Complete refactor of Person to Patient in main java files","messageBody":"","fileTypesAndContributionMap":{"docs":{"insertions":6,"deletions":6},"test-code":{"insertions":25,"deletions":18}}}]},{"date":"2024-03-10","commitResults":[{"hash":"67ae5367d1c996357a225f34e767e5d164796b18","isMergeCommit":false,"messageTitle":"Logic: Teach the app to accept \u0027addtag\u0027 arguments but does nothing","messageBody":"Add MESSAGE_USAGE for wrong usage of addtag.\n\nModify AddTagCommand to take in an Index and String for tag, then\nconvert the tagString to a Tag and use it to create AddTagCommand.\n\nwe then print those two parameters as the error message\n","fileTypesAndContributionMap":{"functional-code":{"insertions":137,"deletions":0}}}]},{"date":"2024-03-11","commitResults":[{"hash":"f1f8b73c9d2a75480299043edee4206eb4726202","isMergeCommit":false,"messageTitle":"Add functionality: allows multiple tags to be detected","messageBody":"This change would allow multiple tags to be added at once as compared\nto adding one by one using multiple runs of the command\n","fileTypesAndContributionMap":{"functional-code":{"insertions":36,"deletions":24}}},{"hash":"53cf1a177bc2ce896a1cceacf81aad3db10f72b1","isMergeCommit":false,"messageTitle":"Observation: Tags can only be a single word","messageBody":"","fileTypesAndContributionMap":{"functional-code":{"insertions":3,"deletions":1}}},{"hash":"acdad9cf9dd659f7e8b9e86246542a0de863eb4d","isMergeCommit":false,"messageTitle":"Complete functionality: AddTag","messageBody":"Enhancements:\n- Able to add multiple tags cumulatively\n- Repeated tags in command will be added as a single tag.\n- If the patient already has the tag, it will not be added.\n","fileTypesAndContributionMap":{"functional-code":{"insertions":189,"deletions":125},"test-code":{"insertions":32,"deletions":27}}},{"hash":"8ccacbb49999cc18a76be6bc74a076851b2b35eb","isMergeCommit":false,"messageTitle":"Part of previous commit","messageBody":"","fileTypesAndContributionMap":{"functional-code":{"insertions":21,"deletions":18}}},{"hash":"a1380abae86f093fe8dc205f0f8d0307593921ce","isMergeCommit":false,"messageTitle":"Refactor AddTag to AddTags","messageBody":"Improve naming style and command as it supports addition\nof multiple tags\n","fileTypesAndContributionMap":{"functional-code":{"insertions":3,"deletions":3},"other":{"insertions":15,"deletions":20}}},{"hash":"0be9d19224f7276a7c83e04bbcd9aff7370517af","isMergeCommit":false,"messageTitle":"Fix checkstyle errors for CI","messageBody":"","fileTypesAndContributionMap":{"functional-code":{"insertions":5,"deletions":5}}},{"hash":"dca6610bedcecca6f0f0d6785bb25c799d4c52b3","isMergeCommit":false,"messageTitle":"create AddTagsCommandParserTest","messageBody":"","fileTypesAndContributionMap":{"functional-code":{"insertions":3,"deletions":33},"test-code":{"insertions":65,"deletions":0}}},{"hash":"78896f653b49060de09bf2c5cc2bf55cdae7e104","isMergeCommit":false,"messageTitle":"Add more checks in AddTagsCommandParserTest","messageBody":"","fileTypesAndContributionMap":{"test-code":{"insertions":14,"deletions":0}}},{"hash":"24bb1f59e20cf9190aff5e61e6598079917b9e43","isMergeCommit":false,"messageTitle":"Complete test cases for AddTagsCommand and AddTagsCommandParser","messageBody":"","fileTypesAndContributionMap":{"functional-code":{"insertions":2,"deletions":7},"test-code":{"insertions":161,"deletions":0}}},{"hash":"ef6ab71eed9ffff4cfc44eb3370d3ef8c1d126b7","isMergeCommit":false,"messageTitle":"Update user guide with `+` parameter","messageBody":"Info: Items with +​ after them can be used multiple times,\nbut requires at least one usage.\n\nAlso update AddTagsCommand to make use of + parameter\n","fileTypesAndContributionMap":{"functional-code":{"insertions":1,"deletions":1},"docs":{"insertions":4,"deletions":1}}}]},{"date":"2024-03-12","commitResults":[{"hash":"65489a1cf4ab4a816d95935cf051c17e44484a18","isMergeCommit":false,"messageTitle":"Update User Guide with addtags section","messageBody":"","fileTypesAndContributionMap":{"docs":{"insertions":23,"deletions":4}}},{"hash":"3ce583eeb1bfac57aeace9271d40f8167cf1fee4","isMergeCommit":false,"messageTitle":"Update NFRs to include keywords at the start of each requirement","messageBody":"","fileTypesAndContributionMap":{"docs":{"insertions":8,"deletions":11}}},{"hash":"c1e96f220da381077ae4a47ae946f439289a93d2","isMergeCommit":false,"messageTitle":"Minor fix to grammatical error on use case line","messageBody":"","fileTypesAndContributionMap":{"docs":{"insertions":1,"deletions":1}}},{"hash":"d89d62c1fd41b322dddb362f16343427a034fe4d","isMergeCommit":false,"messageTitle":"Update Value Proposition in DG","messageBody":"","fileTypesAndContributionMap":{"docs":{"insertions":2,"deletions":2}}},{"hash":"2c62981ac8c8b0f20382650ca53a7a22311ec83c","isMergeCommit":false,"messageTitle":"Create 1.1 Product Overview","messageBody":"Product Overview gives a brief introduction, the context and ideation\nbehind PatientSync, and how it helps nurses.\n\nMove Acknowledgements to section 1.3\n","fileTypesAndContributionMap":{"docs":{"insertions":20,"deletions":6}}},{"hash":"92743dc08d516a482297516c757d0c8c44bf0be8","isMergeCommit":false,"messageTitle":"Create 1.3 Acknowledgements section","messageBody":"Give acknowledgements to AB3 project template created by SE-EDU\n","fileTypesAndContributionMap":{"docs":{"insertions":1,"deletions":1}}},{"hash":"1972d0e6c5400bcfb661d5f7b2d47f564dd38ecb","isMergeCommit":false,"messageTitle":"Create ordered numbering system for headings in Section 2: Design","messageBody":"","fileTypesAndContributionMap":{"docs":{"insertions":7,"deletions":7}}},{"hash":"1ed50ced9ce36a6737c91d7ee508bb494a6db20f","isMergeCommit":false,"messageTitle":"Create numbered Sections 3 \u0026 4","messageBody":"- Section 3: Implementation\n- Section 4: Planed Enhancements\n","fileTypesAndContributionMap":{"docs":{"insertions":6,"deletions":2}}},{"hash":"bb02aaab14680124c17a6730cb1585da01e44301","isMergeCommit":false,"messageTitle":"Create numbered heading section 5: Guides for different sections","messageBody":"","fileTypesAndContributionMap":{"docs":{"insertions":1,"deletions":1}}},{"hash":"309985c832cd7f7323bbe10283951ed1b9ed9fd7","isMergeCommit":false,"messageTitle":"Create numbered heading section 6: Appendix","messageBody":"","fileTypesAndContributionMap":{"docs":{"insertions":7,"deletions":7}}},{"hash":"69cb8ea8ae42edac43a7073f91b2f35b7cdd6ab7","isMergeCommit":false,"messageTitle":"Create numbered heading section 7: Appendix for manual testing","messageBody":"","fileTypesAndContributionMap":{"docs":{"insertions":4,"deletions":4}}},{"hash":"37c79152754998229b67bbfbbb5746fc46b32b65","isMergeCommit":false,"messageTitle":"Create layout for Section 3 Implementation section for DG","messageBody":"A Standardised format and layout to be used for implementation details\nof features.\n","fileTypesAndContributionMap":{"docs":{"insertions":14,"deletions":0}}},{"hash":"b619664dea0cdbfca88fe8a65f1779a550f23b2e","isMergeCommit":false,"messageTitle":"Update heading colours to black from orange","messageBody":"This improves readability and ensure consistency with the overall design\nscheme of the application.\n\nBlack headings provide better contrast against the background;\nThis adjustment enhances the user experience and aligns the headings\nwith the desired aesthetic of the application.\n","fileTypesAndContributionMap":{"other":{"insertions":1,"deletions":1}}},{"hash":"00cad5e51c9d3c93e1ddf862015b7c34d90f084c","isMergeCommit":false,"messageTitle":"DG update: Introduction, Specifications and EUS for Adding Tags","messageBody":"* Fixed markdown style to have space after headings\n* Introduced Introduction section\n* Introduced Specification section\n* Introduced Example Usage Scenario section\n","fileTypesAndContributionMap":{"functional-code":{"insertions":1,"deletions":1},"docs":{"insertions":30,"deletions":3}}},{"hash":"51517d2bb17e42f1c32a2825302b321912998842","isMergeCommit":false,"messageTitle":"Add Design Considerations section for Add Tags","messageBody":"","fileTypesAndContributionMap":{"docs":{"insertions":31,"deletions":1}}},{"hash":"f9be2d3b79c1cdf1e5e6bec1513b0dd90b7d7461","isMergeCommit":false,"messageTitle":"Bug Consideration: Add comments in AddressBookParserTest","messageBody":"Certain commands works even when random alphanumeric characters are\nadded behind the command.\n\n* clear\n* list\n* help\n* exit\n\nIn these commands, `clear 123` works as if it is just `clear`\nTo consider if this is intended or a bug\n","fileTypesAndContributionMap":{"test-code":{"insertions":6,"deletions":0}}},{"hash":"2de696d0958c986506692e3a005b4215a4fc92f3","isMergeCommit":false,"messageTitle":"Fix documentation checkstyle errors detected on Github Actions","messageBody":"","fileTypesAndContributionMap":{"docs":{"insertions":24,"deletions":24},"test-code":{"insertions":0,"deletions":2}}},{"hash":"9a6066ee8293e992c426c921157d5485dbd10457","isMergeCommit":false,"messageTitle":"Add test in AddressBookParserTest: parseCommand_addTags()","messageBody":"","fileTypesAndContributionMap":{"test-code":{"insertions":15,"deletions":0}}}]},{"date":"2024-03-13","commitResults":[{"hash":"1160fdc537375f085a41dec85fbc00b60e7e961b","isMergeCommit":false,"messageTitle":"Remove white spaces and add in missing words in UserGuide.md","messageBody":"","fileTypesAndContributionMap":{"docs":{"insertions":1,"deletions":1}}},{"hash":"65d51d6a0b4e4c49ea5b91994f12e296905eee10","isMergeCommit":false,"messageTitle":"Change AddTagsCommand COMMAND_WORD to \"addt\" from \"addtags\"","messageBody":"Rationale:\n* standardise command naming conventions\n","fileTypesAndContributionMap":{"functional-code":{"insertions":1,"deletions":1}}},{"hash":"f3751d59f535df3589ec8f14e1efc7d1d902bb50","isMergeCommit":false,"messageTitle":"Change \"addtags\" to \"addt\" in DG and UG","messageBody":"","fileTypesAndContributionMap":{"docs":{"insertions":5,"deletions":5}}}]},{"date":"2024-03-14","commitResults":[{"hash":"779fa80594da6abbe23a7855c185da627ebfae9b","isMergeCommit":true,"messageTitle":"Merge pull request #60 from SherisseTJW/feat/add-important-dates-for-patients","messageBody":"Feat/add important dates for patients","fileTypesAndContributionMap":{}},{"hash":"43bf6ad5337cb5883727cdb15371115f1886ff2d","isMergeCommit":false,"messageTitle":"Update README.md","messageBody":"","fileTypesAndContributionMap":{"docs":{"insertions":1,"deletions":1}}},{"hash":"1e9f6c468b882f52b9bd2e3da4759341904cb923","isMergeCommit":false,"messageTitle":"changes to addTags after merging in changes from AddImportantDates","messageBody":"","fileTypesAndContributionMap":{"functional-code":{"insertions":6,"deletions":1}}},{"hash":"64b8c7011d8a4707bbfd7bc7c7429dce9c7eeab4","isMergeCommit":false,"messageTitle":"Update User Guide formatting and summary","messageBody":"","fileTypesAndContributionMap":{"docs":{"insertions":7,"deletions":4}}},{"hash":"46038f33fb59067f2df79bdf1b0a4321d087a569","isMergeCommit":false,"messageTitle":"Update CI Status and Codecov in index.md","messageBody":"It would now use CS2103-F09-2 status instead of AB3\n","fileTypesAndContributionMap":{"docs":{"insertions":2,"deletions":2}}},{"hash":"e9de7a2f9593e792f5cc58bc28845d1424fcf293","isMergeCommit":false,"messageTitle":"Update README.md to use CS2103-F09-2 CI status instead of AB3","messageBody":"","fileTypesAndContributionMap":{"docs":{"insertions":1,"deletions":1}}},{"hash":"bf4942029a228fdfc2b9d0df33583c596bad65b0","isMergeCommit":false,"messageTitle":"Update DG","messageBody":"","fileTypesAndContributionMap":{"docs":{"insertions":1,"deletions":1}}},{"hash":"a6ef0941b2d03713ddb5331f1f16ff0a216dd410","isMergeCommit":false,"messageTitle":"Add Separator between 3.2 and 3.3 in DG","messageBody":"","fileTypesAndContributionMap":{"docs":{"insertions":1,"deletions":0}}},{"hash":"4919765a8b27e242170130f00d8f875e508e8205","isMergeCommit":false,"messageTitle":"Reduced redundant code in AddTagsCommandParser","messageBody":"","fileTypesAndContributionMap":{"functional-code":{"insertions":3,"deletions":3},"test-code":{"insertions":3,"deletions":3}}},{"hash":"25df2e4c641fd4c7c9b07724e869e721275b892a","isMergeCommit":false,"messageTitle":"Fix checkstyle errors","messageBody":"","fileTypesAndContributionMap":{"functional-code":{"insertions":5,"deletions":3}}}]},{"date":"2024-03-15","commitResults":[{"hash":"7b3dfb30573f52ccf4cf702eb43f438186cce0bf","isMergeCommit":true,"messageTitle":"Merge pull request #70 from choowengyan/docs/user-guide","messageBody":"Update Add Command UserGuide.md","fileTypesAndContributionMap":{}}]},{"date":"2024-03-16","commitResults":[{"hash":"6ddbad781eecc302344b152d4e24152b7560886f","isMergeCommit":true,"messageTitle":"Merge pull request #65 from ZhiWei1010/v1.2-delete-important-dates","messageBody":"V1.2 delete important dates: Logic \u0026 Test","fileTypesAndContributionMap":{}}]},{"date":"2024-03-18","commitResults":[{"hash":"a230dbf5a51d360194b92c16b0102fdc1c69f33d","isMergeCommit":false,"messageTitle":"Create Add Tags Sequence Diagram in puml","messageBody":"Add the created diagram into the developer guide\n","fileTypesAndContributionMap":{"docs":{"insertions":82,"deletions":1}}},{"hash":"eb5bec4664cfc499c482ec55d2f41293dede7e28","isMergeCommit":false,"messageTitle":"Fix checkstyle to pass CICD","messageBody":"","fileTypesAndContributionMap":{"docs":{"insertions":3,"deletions":3}}},{"hash":"22936bedd018943d4aaf5c5d3a9b141f647c76bb","isMergeCommit":false,"messageTitle":"Create backend logic for Delete Tag Command","messageBody":"Added following files:\n* DeleteTagsCommand\n* DeleteTagsCommandParser\n\nThis change allows user to specify multiple tags to be deleted from\na person specified by index in the last person listing.\n\nOutput message for users would be collated for each tags, depending if\nit was successfully deleted or there was no such tag\n","fileTypesAndContributionMap":{"functional-code":{"insertions":202,"deletions":12},"docs":{"insertions":0,"deletions":0}}},{"hash":"8fa21c7ed712dc729dc7fcc9cd41cb3c82d892fb","isMergeCommit":true,"messageTitle":"Merge branch \u0027master\u0027 of https://github.com/AY2324S2-CS2103-F09-2/tp  into V1.2-DeleteTags","messageBody":"# Conflicts:\n#\tsrc/main/java/seedu/address/logic/parser/AddressBookParser.java\n","fileTypesAndContributionMap":{}},{"hash":"4e2fa1e820e168de60e43f39c8d57fbc2e1c8a82","isMergeCommit":false,"messageTitle":"Update and add JavaDocs to DeleteTagsCommand","messageBody":"","fileTypesAndContributionMap":{"functional-code":{"insertions":14,"deletions":1}}},{"hash":"7ab1f79045203bce5938ee249ba0b5a81f6a6a70","isMergeCommit":false,"messageTitle":"JavaDoc changes to deleteTagsFromPatient method in DeleteTagsCommand","messageBody":"","fileTypesAndContributionMap":{"functional-code":{"insertions":6,"deletions":5}}},{"hash":"37d23570b940982caacb40d4331afcbfb0992d00","isMergeCommit":false,"messageTitle":"Add JavaDocs and fix checkstyle for DeleteTagsCommand","messageBody":"","fileTypesAndContributionMap":{"functional-code":{"insertions":16,"deletions":7}}},{"hash":"d23b6dd6725d70a33e1a1b79b011864dd844b587","isMergeCommit":false,"messageTitle":"Create DeleteTagCommandTest class","messageBody":"","fileTypesAndContributionMap":{"functional-code":{"insertions":1,"deletions":1},"test-code":{"insertions":140,"deletions":0}}},{"hash":"9a99bc7ff443082f5cc595c879923258044bc2d0","isMergeCommit":false,"messageTitle":"Combine methods into one for DeleteTagsCommand","messageBody":"Additionally, 100% test coverage for DeleteTagsCommand\n","fileTypesAndContributionMap":{"functional-code":{"insertions":0,"deletions":18}}},{"hash":"c00cedd14476ed855e5b9af23a96ff8e981c3c12","isMergeCommit":false,"messageTitle":"Null checks for DeleteTagsCommandTest","messageBody":"","fileTypesAndContributionMap":{"test-code":{"insertions":16,"deletions":0}}},{"hash":"c7a14a9674c4c716dcb58557d0c541a2aa007088","isMergeCommit":false,"messageTitle":"Create DeleteTagsCommandParserTest class","messageBody":"100% code coverage for DeleteTagsCommandParser\n","fileTypesAndContributionMap":{"test-code":{"insertions":88,"deletions":0}}},{"hash":"38237646c30d58ec9943732ae30eea12c9d4aeeb","isMergeCommit":false,"messageTitle":"Create line break formatting for each command in UG","messageBody":"Command summary update for Delete Tags\n","fileTypesAndContributionMap":{"functional-code":{"insertions":1,"deletions":2},"docs":{"insertions":27,"deletions":1}}},{"hash":"57030afa9186834caeae9355d14b38a035d85e8a","isMergeCommit":false,"messageTitle":"UserGuide update for Deleting Tags `deletet`","messageBody":"","fileTypesAndContributionMap":{"docs":{"insertions":26,"deletions":7}}},{"hash":"7e76dac1c101a5b36ea05e1ffe75bb3486e834e7","isMergeCommit":false,"messageTitle":"Change heading colours in main.css","messageBody":"","fileTypesAndContributionMap":{"other":{"insertions":170,"deletions":0}}},{"hash":"16f04952f461d5318818570ae06120d7aa4a3a1b","isMergeCommit":false,"messageTitle":"DG update for 3.3 Deleting Tags from a Patient","messageBody":"todo: DeleteTagsSequenceDiagram\n","fileTypesAndContributionMap":{"docs":{"insertions":74,"deletions":6}}},{"hash":"17ce98d43942531f611bbfdc62f5b97513431152","isMergeCommit":false,"messageTitle":"To add in a time sequence diagram for Delete Tags in DG","messageBody":"","fileTypesAndContributionMap":{"docs":{"insertions":2,"deletions":2}}},{"hash":"c33f8504a8791da8f4c4fab2d4e823504e49b122","isMergeCommit":true,"messageTitle":"Merge branch \u0027master\u0027 into V1.2-DeleteTags","messageBody":"","fileTypesAndContributionMap":{}},{"hash":"1de2d53c447b08e597407261c2f46e629545860b","isMergeCommit":true,"messageTitle":"Merge pull request #86 from SherisseTJW/feat/add-event-sequence-diagram-DG","messageBody":"Add puml diagram and update DG for AddEvent","fileTypesAndContributionMap":{}}]},{"date":"2024-03-19","commitResults":[{"hash":"e44ef67ebb2aa3089c20f520d307c99630c88719","isMergeCommit":false,"messageTitle":"Comment out DeleteTagsTimeSequenceDiagram in the DG","messageBody":"","fileTypesAndContributionMap":{"other":{"insertions":1,"deletions":1},"docs":{"insertions":3,"deletions":0}}},{"hash":"97155e9ce87733ae0ea7de689ea3e3e8f3e500bd","isMergeCommit":false,"messageTitle":"Create DeleteTagsSequenceDiagram","messageBody":"* Add it to DG\n* edit AddTagsSequenceDiagram\n","fileTypesAndContributionMap":{"docs":{"insertions":96,"deletions":0}}}]},{"date":"2024-03-22","commitResults":[{"hash":"00c58fd74fda755a8c60c48d7a40080ea7a42f90","isMergeCommit":false,"messageTitle":"Visual output for adding of tags * successful \u0026 duplicate tags output * Update UG and DG for AddTagsCommand * Delete unthrown CommandException for AddTags and DeleteTags","messageBody":"","fileTypesAndContributionMap":{"functional-code":{"insertions":48,"deletions":13},"docs":{"insertions":11,"deletions":11}}},{"hash":"43c6b8b6eb2de1b42f9f09dd895e32835307661e","isMergeCommit":false,"messageTitle":"Change parsing of tags","messageBody":"* Tag validation regex: start with alphanumeric, zero or more occurrence\nof alphanumeric or spaces afterwards, cannot contain other\nnon-alphanumeric characters\n* tags can now be more than one word\n* tags will be converted to lower case\n* extra spaces between words will be treated as one space\n* addt 1 t/fall  risk t/fall risk t/fall RIsk will be \"fall risk\"\n","fileTypesAndContributionMap":{"functional-code":{"insertions":19,"deletions":4}}},{"hash":"f633a1b6094d17e095d996ab9485011b7a8bef40","isMergeCommit":false,"messageTitle":"Fix tag related classes and documentation * update examples and error messages","messageBody":"","fileTypesAndContributionMap":{"functional-code":{"insertions":10,"deletions":11},"docs":{"insertions":16,"deletions":14}}},{"hash":"7df47974845298d959a010449734442c5d26125c","isMergeCommit":false,"messageTitle":"Fix test cases for AddTags classes and ParserUtil","messageBody":"","fileTypesAndContributionMap":{"test-code":{"insertions":36,"deletions":14}}},{"hash":"756dc4aa7730d62e405dafc2167143b20b32fbbe","isMergeCommit":false,"messageTitle":"Checkstyle fix","messageBody":"","fileTypesAndContributionMap":{"functional-code":{"insertions":3,"deletions":2},"test-code":{"insertions":6,"deletions":3}}},{"hash":"d89ebb61df8fb7b366827b4fc68c8a784a5677da","isMergeCommit":false,"messageTitle":"Change inner workings of log file to patientsync instead of ab3","messageBody":"","fileTypesAndContributionMap":{"functional-code":{"insertions":3,"deletions":3}}},{"hash":"d30ad08d3c192cc392470ebc4762c46fae481165","isMergeCommit":false,"messageTitle":"Add logging for AddTagsCommandParser and DeleteTagsCommandParser","messageBody":"","fileTypesAndContributionMap":{"functional-code":{"insertions":35,"deletions":2}}},{"hash":"83342f7f88ee96701f2600ab78ad191c42099430","isMergeCommit":false,"messageTitle":"Add logging for classes related to Add Tags and Delete Tags","messageBody":"","fileTypesAndContributionMap":{"functional-code":{"insertions":17,"deletions":8}}},{"hash":"9174cb2e648fa5d860f058a818d3ddf313b105dd","isMergeCommit":false,"messageTitle":"Add documentation outline for AddTags and DeleteTags","messageBody":"","fileTypesAndContributionMap":{"docs":{"insertions":8,"deletions":16}}},{"hash":"85965bbbc07816bf8c9c3f84cf5ddd35ce294d5c","isMergeCommit":false,"messageTitle":"Create Add Tags Activity Diagram","messageBody":"","fileTypesAndContributionMap":{"docs":{"insertions":27,"deletions":0}}},{"hash":"46c6e1b96d101f023cf584da91f59e1e38b57724","isMergeCommit":false,"messageTitle":"Create Delete Tags Activity Diagram","messageBody":"","fileTypesAndContributionMap":{"docs":{"insertions":31,"deletions":0}}},{"hash":"45ba8d584b6ed631198e7fde1e8cbbc0348312cf","isMergeCommit":false,"messageTitle":"Change to Activity Diagram for Addtags and DeleteTags","messageBody":"","fileTypesAndContributionMap":{"docs":{"insertions":11,"deletions":11}}},{"hash":"8eef1e2b282fdda7f8e7f89023402f2a61399779","isMergeCommit":false,"messageTitle":"Add DeleteTagsActivityDiagram to DG","messageBody":"","fileTypesAndContributionMap":{"docs":{"insertions":3,"deletions":0}}}]},{"date":"2024-03-23","commitResults":[{"hash":"c8f7c8bd91e8c062f1ce06a5b150aea3c0513f2e","isMergeCommit":false,"messageTitle":"Add func: Tag names must be less than 50 chars","messageBody":"","fileTypesAndContributionMap":{"functional-code":{"insertions":33,"deletions":4}}},{"hash":"bef3af80183e1ab75724c6d8805c1f3b070a54b8","isMergeCommit":false,"messageTitle":"Clean up unused imports and extra constants","messageBody":"","fileTypesAndContributionMap":{"functional-code":{"insertions":0,"deletions":3}}},{"hash":"cbbdd4e793f547091165babc89787b01bec576f5","isMergeCommit":false,"messageTitle":"Fix checkstyle errors","messageBody":"","fileTypesAndContributionMap":{"functional-code":{"insertions":2,"deletions":15}}},{"hash":"980b94ea53582ab60c9754ba239aa2e6eb080c3d","isMergeCommit":true,"messageTitle":"Merge branch \u0027master\u0027 of https://github.com/AY2324S2-CS2103-F09-2/tp into V1.3-TagsEnhancement","messageBody":"","fileTypesAndContributionMap":{}},{"hash":"55546b72b31ef083b6ac370d503fe99335a330dc","isMergeCommit":false,"messageTitle":"Enable assertions in the team repo","messageBody":"","fileTypesAndContributionMap":{"other":{"insertions":4,"deletions":0}}},{"hash":"ed86b37a6ac9961948da0c8455dbcff8578e3b10","isMergeCommit":false,"messageTitle":"Update UG for tags","messageBody":"","fileTypesAndContributionMap":{"docs":{"insertions":2,"deletions":0}}},{"hash":"05e76155e43187ac72b61d7ee38a204b35ba8c49","isMergeCommit":false,"messageTitle":"Fix JavaDoc to adhere to coding standards","messageBody":"","fileTypesAndContributionMap":{"functional-code":{"insertions":1,"deletions":1}}},{"hash":"9dcbb5166d6caa20422e121f2c552ef7a756db03","isMergeCommit":true,"messageTitle":"Merge pull request #119 from guohuang88/branch-v1.3-CustomMessageForDuplicateEvent","messageBody":"","fileTypesAndContributionMap":{}}]},{"date":"2024-03-27","commitResults":[{"hash":"6f6606fdd7a4dda329a38c2219e9f54b8e4088b3","isMergeCommit":false,"messageTitle":"Corrections to sample data","messageBody":"Currently, when there is no data file, the sample data being loaded in\nconsists of tags with uppercase which is wrong.\n","fileTypesAndContributionMap":{"functional-code":{"insertions":28,"deletions":27}}},{"hash":"9ab63fc2e45649034cdcc8521ea4566bb99ecbec","isMergeCommit":false,"messageTitle":"change indentation, fix checkstyle","messageBody":"","fileTypesAndContributionMap":{"functional-code":{"insertions":45,"deletions":29}}}]},{"date":"2024-03-31","commitResults":[{"hash":"26b2b80b8f58520a93655109d1b4da3e56d468c2","isMergeCommit":true,"messageTitle":"Merge pull request #146 from SherisseTJW/style/clean-addeventcommand","messageBody":"","fileTypesAndContributionMap":{}}]}]},"authorFileTypeContributionMap":{"guohuang88":{"docs":625,"functional-code":400,"test-code":496},"SherisseTJW":{"docs":288,"functional-code":721,"test-code":470},"ZhiWei1010":{"docs":269,"functional-code":137,"test-code":144,"other":1},"choowengyan":{"docs":266,"functional-code":619,"test-code":880},"NeoHW":{"docs":636,"functional-code":819,"test-code":979,"other":174}},"authorContributionVariance":{"guohuang88":25652.453,"SherisseTJW":60271.043,"ZhiWei1010":4484.175,"choowengyan":79997.305,"NeoHW":121028.06},"authorDisplayNameMap":{"guohuang88":"CS2103-F09-2 LI G..UANG","SherisseTJW":"CS2103-F09-2 SHER.. WEN","ZhiWei1010":"CS2103-F09-2 TAN .. WEI","choowengyan":"CS2103-F09-2 CHOO.. YAN","NeoHW":"CS2103-F09-2 NEO ..OWEI"}}
