{"authorDailyContributionsMap":{"guohuang88":[{"date":"2024-03-05","commitResults":[{"hash":"67cb69188c5c4655d8709f6ce3bc0bc089286207","isMergeCommit":false,"messageTitle":"Update AboutUs.md to add profile picture","messageBody":"","fileTypesAndContributionMap":{"docs":{"insertions":6,"deletions":6}}}]}],"SherisseTJW":[{"date":"2024-03-04","commitResults":[{"hash":"6aaaf3fa750fe83176ac00adc3f7c0e0c15d20df","isMergeCommit":true,"messageTitle":"Merge pull request #22 from NeoHW/V1.1-AddProfilePic","messageBody":"V1.1 add profile pic","fileTypesAndContributionMap":{}},{"hash":"8f2224d5f8fdee7802fa4b96d441a0695cec983a","isMergeCommit":true,"messageTitle":"Merge pull request #23 from ZhiWei1010/v1.1-add-profile-picture","messageBody":"Update AboutUs.md for milestone v1.1","fileTypesAndContributionMap":{}}]},{"date":"2024-03-06","commitResults":[{"hash":"482117fa53f473a152cfe2ebcdef1b577b0a0592","isMergeCommit":false,"messageTitle":"doc: Update About Us","messageBody":"","fileTypesAndContributionMap":{"docs":{"insertions":15,"deletions":5}}},{"hash":"2b8ae16bc2f7c127ca668df2013bf003b541b9ae","isMergeCommit":false,"messageTitle":"minor-doc-fix: Style Errors in build","messageBody":"","fileTypesAndContributionMap":{"docs":{"insertions":2,"deletions":2}}}]}],"ZhiWei1010":[{"date":"2024-03-04","commitResults":[{"hash":"a82460a19c98af3bf8d133548113d352c4fa7484","isMergeCommit":false,"messageTitle":"Update AboutUs page","messageBody":"Add profile picture.\n\nUpdate github link to redirect to personal github page.\n\nUpdate portfolio link to redirect to team portfolio page.\n\nUpdate role and responsibility for Tan Zhi Wei .\n","fileTypesAndContributionMap":{"docs":{"insertions":6,"deletions":6}}}]}],"choowengyan":[],"NeoHW":[{"date":"2024-03-04","commitResults":[{"hash":"f5d917cdba85f6ffece8081e08c2f775decdf8e7","isMergeCommit":false,"messageTitle":"Update AboutUs.md for milestone 1.1","messageBody":"- Updated profile photo, role, and responsibilities for Neo Haowei\n\nThis commit updates the AboutUs.md page for milestone 1.1.\nNeo Haowei\u0027s profile photo, GitHub link, and portfolio link\nhave been added.\n\nFixes #16\n","fileTypesAndContributionMap":{"docs":{"insertions":5,"deletions":15}}}]},{"date":"2024-03-05","commitResults":[{"hash":"a65df35e86510160985bb9c3de8dce3110b2c1fd","isMergeCommit":true,"messageTitle":"Merge pull request #24 from guohuang88/branch-AboutUs","messageBody":"Update AboutUs.md to add profile picture","fileTypesAndContributionMap":{}},{"hash":"5ddc688b9f6f5ea9a1ec4282d54c0fcae2d3cfc1","isMergeCommit":false,"messageTitle":"feat: Adapt MarkBind site for project","messageBody":"- Added GitHub Actions write permissions for repo\n- Updated site configs to match project fork:\n\t- Updated baseUrl in .github/workflows/docs.yml\n\t- Updated product name in docs/_markbind/layouts/default.md\n\t- Updated titlePrefix in docs/site.json\n","fileTypesAndContributionMap":{"docs":{"insertions":1,"deletions":1}}}]},{"date":"2024-03-06","commitResults":[{"hash":"2e708a81e0b936532dc595f3dbe1aa318ab98d30","isMergeCommit":false,"messageTitle":"Update index.md for PatientSync","messageBody":"The index.md file was previously tailored for the addressbook3 project.\nThis commit updates the content to reflect new PatientSync project,\nincluding the project name, description, and relevant links.\n\nThe changes include:\n* Updating the project name to PatientSync\n* Updating the project description\n\nThis update is necessary to provide accurate and relevant information\nabout the PatientSync project on the main page of the documentation.\n","fileTypesAndContributionMap":{"docs":{"insertions":5,"deletions":4}}},{"hash":"0cf51d0f1f89bddbe1499a73f833a20d467e6ddb","isMergeCommit":true,"messageTitle":"Merge pull request #27 from NeoHW/V1.1-UpdateProjectWebsite","messageBody":"V1.1 update project website","fileTypesAndContributionMap":{}},{"hash":"eda06224df402de86a3f0904da58212475e29211","isMergeCommit":false,"messageTitle":"Add acknowledgements to home readme","messageBody":"Give acknowledgements that this project is based on the\nAddressBook-Level3 project created by the SE-EDU intiative\n","fileTypesAndContributionMap":{"docs":{"insertions":3,"deletions":1}}},{"hash":"d02733d664171f860738bb3e9ebc4a9736f450eb","isMergeCommit":false,"messageTitle":"Beautify and Add Descriptions for Project Links","messageBody":"Improve the presentation of project links by using a table format.\nAlso provide descriptions for each link to give users more context.\nThis enhances readability and provides users with quick insights\ninto the purpose of each link.\n\nThese changes aim to make navigating the project resources\neasier for users and developers alike.\n","fileTypesAndContributionMap":{"docs":{"insertions":6,"deletions":2}}},{"hash":"984452c8305e842ee7e774fbd53b2c55ac12aba9","isMergeCommit":true,"messageTitle":"Merge pull request #29 from NeoHW/V1.1-Acknowledgement","messageBody":"V1.1 acknowledgement + Project Links table in Home Page","fileTypesAndContributionMap":{}},{"hash":"d9db09659f2cd43dbf00a82f3006f9092bd33f25","isMergeCommit":true,"messageTitle":"Merge pull request #33 from SherisseTJW/doc/update-dev-docs","messageBody":"","fileTypesAndContributionMap":{}}]}]},"authorFileTypeContributionMap":{"guohuang88":{"docs":6,"functional-code":0,"test-code":0},"SherisseTJW":{"docs":9,"functional-code":0,"test-code":0},"ZhiWei1010":{"docs":6,"functional-code":0,"test-code":0},"choowengyan":{"docs":0,"functional-code":0,"test-code":0},"NeoHW":{"docs":16,"functional-code":0,"test-code":0}},"authorContributionVariance":{"guohuang88":10.224853,"SherisseTJW":40.89941,"ZhiWei1010":10.224852,"choowengyan":0.0,"NeoHW":54.059177},"authorDisplayNameMap":{"guohuang88":"CS2103-F09-2 LI G..UANG","SherisseTJW":"CS2103-F09-2 SHER.. WEN","ZhiWei1010":"CS2103-F09-2 TAN .. WEI","choowengyan":"CS2103-F09-2 CHOO.. YAN","NeoHW":"CS2103-F09-2 NEO ..OWEI"}}
