{"authorDailyContributionsMap":{"xuelinglow":[{"date":"2024-02-26","commitResults":[{"hash":"60140fddf4b87e9814941999e41a827c1e8df916","isMergeCommit":false,"messageTitle":"Tutorial: Adding a command","messageBody":"","fileTypesAndContributionMap":{"functional-code":{"insertions":197,"deletions":12},"test-code":{"insertions":111,"deletions":13}}},{"hash":"51ac38ab9e498ad935592942169f9cdfd52ca285","isMergeCommit":true,"messageTitle":"Merge pull request #1 from xuelinglow/tutorial-adding-command","messageBody":"Tutorial adding command","fileTypesAndContributionMap":{}}]},{"date":"2024-02-27","commitResults":[{"hash":"8eb8572994384f65edc39c9318d5b73024ca1957","isMergeCommit":false,"messageTitle":"Revert \"Tutorial adding command\"","messageBody":"","fileTypesAndContributionMap":{"functional-code":{"insertions":12,"deletions":197},"test-code":{"insertions":13,"deletions":111}}},{"hash":"bae7d62c9565035abd38ca730ee9d5aec3c43172","isMergeCommit":true,"messageTitle":"Merge pull request #2 from AY2324S2-CS2103T-F10-3/revert-1-tutorial-adding-command","messageBody":"Revert \"Tutorial adding command\"","fileTypesAndContributionMap":{}}]},{"date":"2024-03-06","commitResults":[{"hash":"8ee08b45cb7d234849a3a16e3b754d515e27d72d","isMergeCommit":false,"messageTitle":"Update README with mock UI","messageBody":"","fileTypesAndContributionMap":{"docs":{"insertions":10,"deletions":8}}}]},{"date":"2024-03-17","commitResults":[{"hash":"58714db0048d493ab117ad4d48dd3e1242d169a9","isMergeCommit":false,"messageTitle":"Make changes to GUI","messageBody":"","fileTypesAndContributionMap":{"functional-code":{"insertions":20,"deletions":3}}}]},{"date":"2024-03-18","commitResults":[{"hash":"a453a2f2d25ae58a627e5caf133645f225cc91b8","isMergeCommit":false,"messageTitle":"Implement view functionality for upcoming appointments","messageBody":"","fileTypesAndContributionMap":{"functional-code":{"insertions":191,"deletions":13},"test-code":{"insertions":59,"deletions":18}}},{"hash":"67688a53d821f2e1cf26468d4908ab5a1d5a49ee","isMergeCommit":false,"messageTitle":"Minor comment changes","messageBody":"","fileTypesAndContributionMap":{"functional-code":{"insertions":5,"deletions":2}}},{"hash":"47cfd8838f55bb9571faeff7bee51a443baf95a5","isMergeCommit":false,"messageTitle":"Make some changes to view appt","messageBody":"","fileTypesAndContributionMap":{"functional-code":{"insertions":6,"deletions":32},"test-code":{"insertions":17,"deletions":46}}},{"hash":"96f9fa13944e18fbaac32d92321654987fa34402","isMergeCommit":false,"messageTitle":"Make minor checkstyle changes","messageBody":"","fileTypesAndContributionMap":{"functional-code":{"insertions":0,"deletions":2},"test-code":{"insertions":2,"deletions":6}}}]},{"date":"2024-03-21","commitResults":[{"hash":"9585578cf699ad81fa6462dd5489c385bc4ed775","isMergeCommit":false,"messageTitle":"Add AppointmentView and AppointmentViewList class","messageBody":"","fileTypesAndContributionMap":{"functional-code":{"insertions":352,"deletions":24},"test-code":{"insertions":385,"deletions":2}}},{"hash":"bc9e026e1eca465e0de59e379073019a22fefdb0","isMergeCommit":false,"messageTitle":"Make checkstyle changes","messageBody":"","fileTypesAndContributionMap":{"functional-code":{"insertions":8,"deletions":15},"test-code":{"insertions":6,"deletions":9}}},{"hash":"a0eec091ecd793fa064161673344140c926795e3","isMergeCommit":false,"messageTitle":"Add tests for AppointmentView","messageBody":"","fileTypesAndContributionMap":{"test-code":{"insertions":78,"deletions":3}}},{"hash":"a952d4f904604a3217242bd4d225ba5e10654643","isMergeCommit":false,"messageTitle":"Update BetterModelClassDiagram and DeleteSequence Diagram","messageBody":"","fileTypesAndContributionMap":{"docs":{"insertions":18,"deletions":0},"test-code":{"insertions":39,"deletions":0}}},{"hash":"5eeb78476bfe19d7a8e7aac93a0242c7dd9f388c","isMergeCommit":false,"messageTitle":"Make minor checkstyle changes","messageBody":"","fileTypesAndContributionMap":{"docs":{"insertions":2,"deletions":2},"test-code":{"insertions":2,"deletions":1}}},{"hash":"c475059001fdb88acec1248d49954ffdef24ac6d","isMergeCommit":false,"messageTitle":"Minor changes","messageBody":"","fileTypesAndContributionMap":{"docs":{"insertions":3,"deletions":3}}},{"hash":"2c660a424e0d45ba8bf1c98bdd1af00966fc4316","isMergeCommit":false,"messageTitle":"Create Mark Command Feature","messageBody":"","fileTypesAndContributionMap":{"functional-code":{"insertions":270,"deletions":5},"test-code":{"insertions":64,"deletions":21}}},{"hash":"02684fce83ee5dcfbca6c548701b5b5370f04a04","isMergeCommit":false,"messageTitle":"Add tests for markCommand","messageBody":"","fileTypesAndContributionMap":{"functional-code":{"insertions":4,"deletions":11},"test-code":{"insertions":203,"deletions":2}}},{"hash":"c32cf05ca463be8489f9d0fd3ada12efde5fc85c","isMergeCommit":false,"messageTitle":"Make some minor checkstyle changes","messageBody":"","fileTypesAndContributionMap":{"functional-code":{"insertions":0,"deletions":1},"test-code":{"insertions":9,"deletions":6}}},{"hash":"c954e56e2bfd454ce4adcc17e1ec6d649f4562db","isMergeCommit":false,"messageTitle":"Add tests for Mark","messageBody":"","fileTypesAndContributionMap":{"test-code":{"insertions":60,"deletions":0}}},{"hash":"a0719241c7f1b8713e93c0bb6f009067423f7f51","isMergeCommit":false,"messageTitle":"Make some minor changes","messageBody":"","fileTypesAndContributionMap":{"functional-code":{"insertions":18,"deletions":17},"test-code":{"insertions":2,"deletions":2}}},{"hash":"3b3d3af4b2952812ced28954cc40b717f8799cf6","isMergeCommit":false,"messageTitle":"Update javadocs and make changes to code","messageBody":"","fileTypesAndContributionMap":{"functional-code":{"insertions":23,"deletions":17},"other":{"insertions":57,"deletions":53},"test-code":{"insertions":8,"deletions":59}}},{"hash":"364ec8354c7e292404c61916030a0b091844c884","isMergeCommit":false,"messageTitle":"Make changes based on feedback","messageBody":"","fileTypesAndContributionMap":{"docs":{"insertions":3,"deletions":0}}}]},{"date":"2024-03-25","commitResults":[{"hash":"5e9b81fab014b4fe91b8c97e0e298bd63ed93c3c","isMergeCommit":false,"messageTitle":"Make changes to MarkCommand based on feedback","messageBody":"","fileTypesAndContributionMap":{"functional-code":{"insertions":77,"deletions":67},"test-code":{"insertions":84,"deletions":62}}},{"hash":"3ff2d626a381a3cda990f06dcda24ebff7fc234f","isMergeCommit":true,"messageTitle":"Resolve merge conflicts","messageBody":"","fileTypesAndContributionMap":{}},{"hash":"214ed92a61259dec2deb092fc2b3d43cbf8b7712","isMergeCommit":false,"messageTitle":"Resolve merge conflicts","messageBody":"","fileTypesAndContributionMap":{"functional-code":{"insertions":289,"deletions":19},"test-code":{"insertions":357,"deletions":29}}}]},{"date":"2024-03-26","commitResults":[{"hash":"1caf4e218181d859ad814a4b6bbcc350ca66d4e1","isMergeCommit":false,"messageTitle":"Make some changes based on feedback, update deleteCommand to delete AppointmentViews","messageBody":"","fileTypesAndContributionMap":{"functional-code":{"insertions":8,"deletions":5},"test-code":{"insertions":2,"deletions":12}}}]},{"date":"2024-03-27","commitResults":[{"hash":"41496d25d24ef6508c77d57b9cd97a370dbc6bc8","isMergeCommit":false,"messageTitle":"Update Javadocs","messageBody":"","fileTypesAndContributionMap":{"functional-code":{"insertions":11,"deletions":11}}},{"hash":"68665852e999dc749c18d5731e5bad1247d0eb86","isMergeCommit":true,"messageTitle":"Merge branch \u0027master\u0027 into markCommand","messageBody":"","fileTypesAndContributionMap":{}},{"hash":"5efdf6c25c3260aba877a9db5e34e724f93e863a","isMergeCommit":true,"messageTitle":"Resolve merge conflicts","messageBody":"","fileTypesAndContributionMap":{}},{"hash":"78ca403eacd249446655f45c21b5226f2277f3cc","isMergeCommit":false,"messageTitle":"Make some minor changes","messageBody":"","fileTypesAndContributionMap":{"functional-code":{"insertions":0,"deletions":2},"test-code":{"insertions":0,"deletions":4}}},{"hash":"94c4d82d2d307b749c889f64c5de9bb8ea12ad2f","isMergeCommit":true,"messageTitle":"Merge branch \u0027markCommand\u0027 of https://github.com/xuelinglow/tp into markCommand","messageBody":"","fileTypesAndContributionMap":{}},{"hash":"e4fe39810dadfab1d13c9eb25c07dcf44e8a2b8e","isMergeCommit":false,"messageTitle":"Minor checkstyle changes","messageBody":"","fileTypesAndContributionMap":{"functional-code":{"insertions":6,"deletions":20},"test-code":{"insertions":4,"deletions":5}}},{"hash":"6d098809c4d30d6c0b84f7b722bcb6fbdd5f65c3","isMergeCommit":false,"messageTitle":"Make changes to Javadocs in MarkCommandParser","messageBody":"","fileTypesAndContributionMap":{"functional-code":{"insertions":3,"deletions":3}}},{"hash":"38cd7f091d02b9e120050206ca1c921b82425a1e","isMergeCommit":false,"messageTitle":"Fix some issues regarding AppointmentCard","messageBody":"","fileTypesAndContributionMap":{"functional-code":{"insertions":35,"deletions":5}}},{"hash":"f1508f65ae6483b9e57ce8d41d4657195f56524d","isMergeCommit":false,"messageTitle":"Update User Guide","messageBody":"","fileTypesAndContributionMap":{"functional-code":{"insertions":1,"deletions":1},"docs":{"insertions":13,"deletions":0}}}]}],"limrik":[{"date":"2024-03-05","commitResults":[{"hash":"a71bb54727dd8528d6d987aad89e263b11ff301f","isMergeCommit":false,"messageTitle":"Update product scope and user stories","messageBody":"","fileTypesAndContributionMap":{"docs":{"insertions":35,"deletions":10}}}]},{"date":"2024-03-06","commitResults":[{"hash":"31a49ca1ae91043347e2a9cd91cc3f1bf1779759","isMergeCommit":true,"messageTitle":"Merge pull request #14 from dayn-1/v1.1-NFR-Glossary","messageBody":"Add NFR and Glossary to Developer Guide","fileTypesAndContributionMap":{}}]},{"date":"2024-03-08","commitResults":[{"hash":"716b3a10083868d5b4717a755fd85be5cc4fd367","isMergeCommit":false,"messageTitle":"Change name for developer guide","messageBody":"","fileTypesAndContributionMap":{"docs":{"insertions":24,"deletions":24}}},{"hash":"dee7f533d0af5c5f31b00f9a6025da96931844a7","isMergeCommit":true,"messageTitle":"Merge pull request #20 from dayn-1/v1.1-Indexmd","messageBody":"Update main page details","fileTypesAndContributionMap":{}}]},{"date":"2024-03-12","commitResults":[{"hash":"3ba0c54791745b56e35cec03d12297daed2e1041","isMergeCommit":false,"messageTitle":"Update person to have NRIC field","messageBody":"","fileTypesAndContributionMap":{"functional-code":{"insertions":151,"deletions":48}}},{"hash":"df56930796c38004a5be90bb911097f207e0a159","isMergeCommit":false,"messageTitle":"Update person to have DOB field","messageBody":"","fileTypesAndContributionMap":{"functional-code":{"insertions":143,"deletions":47}}},{"hash":"2ac7c8ca34e3b826a006a88919b5b7a56f55791f","isMergeCommit":false,"messageTitle":"Fix checkstyle issues","messageBody":"","fileTypesAndContributionMap":{"functional-code":{"insertions":112,"deletions":31}}}]},{"date":"2024-03-13","commitResults":[{"hash":"84ba4fd805bc3756c464e205320fc3d939559433","isMergeCommit":false,"messageTitle":"Update test files","messageBody":"","fileTypesAndContributionMap":{"functional-code":{"insertions":22,"deletions":18},"test-code":{"insertions":382,"deletions":40}}},{"hash":"dc232c80bdeb4d91a9b467d2b277b4d623246cc4","isMergeCommit":false,"messageTitle":"Fix checkstyle issues","messageBody":"","fileTypesAndContributionMap":{"functional-code":{"insertions":4,"deletions":4},"test-code":{"insertions":2,"deletions":3}}}]},{"date":"2024-03-16","commitResults":[{"hash":"ce8760cc49ddd33e3571fafeeb232c7057956c73","isMergeCommit":false,"messageTitle":"Add NRIC and DOB to PersonListCard","messageBody":"","fileTypesAndContributionMap":{"functional-code":{"insertions":8,"deletions":0}}},{"hash":"346995de4c91cbb332702d8fd6fc55f1ec99d91c","isMergeCommit":false,"messageTitle":"Update Person UML diagrams","messageBody":"","fileTypesAndContributionMap":{"docs":{"insertions":10,"deletions":1}}},{"hash":"7951be58e588179b0fa1abbda8e7f2cd677348c4","isMergeCommit":false,"messageTitle":"Add tests for appointments","messageBody":"","fileTypesAndContributionMap":{"functional-code":{"insertions":2,"deletions":1},"test-code":{"insertions":90,"deletions":4}}},{"hash":"c986da8b422f29ffe2f90889e04edaef1fb8632a","isMergeCommit":false,"messageTitle":"Fix codestyle issues","messageBody":"","fileTypesAndContributionMap":{"docs":{"insertions":7,"deletions":7}}},{"hash":"d44ec931e02ecaa29a5b30db27c5a5ed3562b08f","isMergeCommit":false,"messageTitle":"Add more tests","messageBody":"","fileTypesAndContributionMap":{"test-code":{"insertions":30,"deletions":0}}},{"hash":"f0c5533b5af95ab60c70277575ad5ae2fe0c2201","isMergeCommit":false,"messageTitle":"Fix checkstyle issues","messageBody":"","fileTypesAndContributionMap":{"test-code":{"insertions":0,"deletions":2}}}]},{"date":"2024-03-18","commitResults":[{"hash":"89c4e069c9dafbb31bdf0c3fd0b337eb46a64fbf","isMergeCommit":false,"messageTitle":"Edit based on comments","messageBody":"","fileTypesAndContributionMap":{"test-code":{"insertions":1,"deletions":1}}}]},{"date":"2024-03-19","commitResults":[{"hash":"e0e75ddc0c0ca8b209bf840608164b0842288840","isMergeCommit":true,"messageTitle":"Merge branch \u0027AY2324S2-CS2103T-F10-3:master\u0027 into v1.2b-update-person-uml","messageBody":"","fileTypesAndContributionMap":{}}]},{"date":"2024-03-20","commitResults":[{"hash":"6e0b35e3a42aad57e88f641e6e5f2bdba8bd8de5","isMergeCommit":true,"messageTitle":"Merge pull request #43 from dayn-1/v1.2-AppointmentsUML","messageBody":"Update StorageClass and ModelClass UML diagrams","fileTypesAndContributionMap":{}}]},{"date":"2024-03-24","commitResults":[{"hash":"39eb0dbf2e3466d05ad43301f2c906748b32657b","isMergeCommit":false,"messageTitle":"Add navbar to toggle between views","messageBody":"","fileTypesAndContributionMap":{"functional-code":{"insertions":63,"deletions":9}}}]},{"date":"2024-03-25","commitResults":[{"hash":"7c870d6e5e41ed71a592762ee1e5e49dd71d8099","isMergeCommit":false,"messageTitle":"Add support for alternative view to be shown","messageBody":"","fileTypesAndContributionMap":{"functional-code":{"insertions":71,"deletions":2}}},{"hash":"60b9a1aa30cd6bfb55cae96a70b51f20fb1dcf57","isMergeCommit":false,"messageTitle":"Display appointments before the current time in red","messageBody":"","fileTypesAndContributionMap":{"functional-code":{"insertions":41,"deletions":17}}},{"hash":"df2c7f1e500185e9a47579a8ccdccb221ee02a35","isMergeCommit":false,"messageTitle":"Fix checkstyle errors","messageBody":"","fileTypesAndContributionMap":{"functional-code":{"insertions":8,"deletions":2}}}]},{"date":"2024-03-26","commitResults":[{"hash":"0c7a2008c8c22658fb738887375c752553f08c51","isMergeCommit":true,"messageTitle":"Merge upstream branch","messageBody":"","fileTypesAndContributionMap":{}},{"hash":"b71c00bb41b692c88c524ce28949a7bec68b9f7b","isMergeCommit":false,"messageTitle":"Add day-view list to filter out appointments by current date","messageBody":"","fileTypesAndContributionMap":{"functional-code":{"insertions":45,"deletions":7}}},{"hash":"b83673394d60925d9e62c3d5bcf3f7a2fa464e40","isMergeCommit":false,"messageTitle":"Update test cases","messageBody":"","fileTypesAndContributionMap":{"test-code":{"insertions":30,"deletions":0}}},{"hash":"e78db2f98d91414c6ff27d486def98ae2a21db6d","isMergeCommit":false,"messageTitle":"Update test case","messageBody":"","fileTypesAndContributionMap":{"test-code":{"insertions":1,"deletions":1}}},{"hash":"1407925ddfa83e7591706cc30977b837c1cb0618","isMergeCommit":false,"messageTitle":"Refactor code to get start and end time from appointment","messageBody":"","fileTypesAndContributionMap":{"functional-code":{"insertions":14,"deletions":6},"test-code":{"insertions":4,"deletions":4}}}]},{"date":"2024-03-27","commitResults":[{"hash":"85dd0d90e43f20e44f12e22557f1c4cd4fbd8917","isMergeCommit":false,"messageTitle":"Fix UI bug","messageBody":"","fileTypesAndContributionMap":{"functional-code":{"insertions":1,"deletions":1}}}]}],"dayn-1":[{"date":"2024-02-26","commitResults":[{"hash":"99e9801c9226edd9b5275e90534dbb51cffe1999","isMergeCommit":false,"messageTitle":"Add config changes for MarkBind","messageBody":"","fileTypesAndContributionMap":{"docs":{"insertions":1,"deletions":1}}}]},{"date":"2024-03-06","commitResults":[{"hash":"25ef5d4e73fddf9e675fd27b08e07c0595c1bb34","isMergeCommit":true,"messageTitle":"Merge pull request #11 from limrik/master","messageBody":"Update product scope and user stories","fileTypesAndContributionMap":{}},{"hash":"7f4172f22aab9cdcbe4eb49df80771752235a821","isMergeCommit":true,"messageTitle":"Merge pull request #12 from xuelinglow/master","messageBody":"Update README with mock UI","fileTypesAndContributionMap":{}},{"hash":"0ba591baebd3473011144c36d2a708076b239eb1","isMergeCommit":false,"messageTitle":"Update NFR and Glossary for v1.1","messageBody":"","fileTypesAndContributionMap":{"docs":{"insertions":17,"deletions":9}}}]},{"date":"2024-03-08","commitResults":[{"hash":"eacfe3fcceb7ae0c185409fe34c1bce83d99999a","isMergeCommit":false,"messageTitle":"Update main page details","messageBody":"","fileTypesAndContributionMap":{"docs":{"insertions":9,"deletions":9}}},{"hash":"08685c92341a01dcc4e164a70a23f77fcdec0195","isMergeCommit":true,"messageTitle":"Merge pull request #21 from limrik/developer-guide","messageBody":"Change name for developer guide","fileTypesAndContributionMap":{}}]},{"date":"2024-03-12","commitResults":[{"hash":"a9158ddc6a4e8db80cd6fc07eeb443c0f4884edc","isMergeCommit":false,"messageTitle":"Add appointment class, work-in-progress","messageBody":"","fileTypesAndContributionMap":{"functional-code":{"insertions":87,"deletions":0}}}]},{"date":"2024-03-13","commitResults":[{"hash":"0a90af1b165ada3a5c65ff7fea168eb06387077b","isMergeCommit":true,"messageTitle":"Merge pull request #29 from limrik/v1.2-add-patient","messageBody":"Updated patient information","fileTypesAndContributionMap":{}},{"hash":"1e0d56adca142fe46fd46ee365b8739c9ccaf8f6","isMergeCommit":false,"messageTitle":"Add AddAppCommand","messageBody":"","fileTypesAndContributionMap":{"functional-code":{"insertions":1143,"deletions":25},"test-code":{"insertions":48,"deletions":0}}},{"hash":"1d5a115de14de089704401eb7d986ea08bde1a44","isMergeCommit":true,"messageTitle":"Add NRIC support for AddAppCommand","messageBody":"","fileTypesAndContributionMap":{}}]},{"date":"2024-03-16","commitResults":[{"hash":"d41c99df89996f9e17ef37287eed7661cd8d8c88","isMergeCommit":false,"messageTitle":"Add test cases for appointment module","messageBody":"","fileTypesAndContributionMap":{"functional-code":{"insertions":3,"deletions":3},"test-code":{"insertions":1487,"deletions":11}}},{"hash":"a28ff8a2646c4f9edbf32c7dad9e4be6da239e14","isMergeCommit":false,"messageTitle":"Add test cases for AddressBook","messageBody":"","fileTypesAndContributionMap":{"functional-code":{"insertions":3,"deletions":3},"test-code":{"insertions":37,"deletions":5}}},{"hash":"909837367a38c8fd58198fae61bf8cdde98619d1","isMergeCommit":false,"messageTitle":"Add test cases for AddressBook","messageBody":"","fileTypesAndContributionMap":{"test-code":{"insertions":0,"deletions":1}}},{"hash":"af79756146ad4178e3f7277fc5e251921d466623","isMergeCommit":false,"messageTitle":"Minor updates based on PR comments","messageBody":"","fileTypesAndContributionMap":{"functional-code":{"insertions":4,"deletions":4},"test-code":{"insertions":2,"deletions":2}}}]},{"date":"2024-03-18","commitResults":[{"hash":"85aa0b7e477cda2df3ddebca7cf6c8d989c88f27","isMergeCommit":true,"messageTitle":"Merge pull request #33 from limrik/v1.2b-display-person-fields","messageBody":"Add NRIC and DOB to PersonListCard","fileTypesAndContributionMap":{}},{"hash":"e1f96f3f23efea04ccba9ac8a5f3eef5dbe8089a","isMergeCommit":false,"messageTitle":"Fix PersonCard dob error","messageBody":"","fileTypesAndContributionMap":{"functional-code":{"insertions":1,"deletions":1}}},{"hash":"763cf54299758b1212b194fd1d1b082709944c72","isMergeCommit":true,"messageTitle":"Merge pull request #31 from cliftonchee/v1.2-delete-patient","messageBody":"Add delete for NRIC","fileTypesAndContributionMap":{}}]},{"date":"2024-03-19","commitResults":[{"hash":"9516c143e538b1c5e8d703db03d84d8ce96a11c0","isMergeCommit":false,"messageTitle":"Update UML diagrams and user guide","messageBody":"","fileTypesAndContributionMap":{"docs":{"insertions":62,"deletions":14}}}]},{"date":"2024-03-20","commitResults":[{"hash":"87b1254b7249774175bd393db63d0cad8f7d86db","isMergeCommit":true,"messageTitle":"Merge changes from upstream person edits","messageBody":"","fileTypesAndContributionMap":{}}]},{"date":"2024-03-23","commitResults":[{"hash":"e46f86f4e8d44ead814dd5f7e64f20f393101829","isMergeCommit":false,"messageTitle":"Update FindPerson feature to match name or nric","messageBody":"","fileTypesAndContributionMap":{"functional-code":{"insertions":113,"deletions":44},"other":{"insertions":31,"deletions":22},"docs":{"insertions":14,"deletions":10},"test-code":{"insertions":187,"deletions":60}}}]},{"date":"2024-03-24","commitResults":[{"hash":"014b7d78d28cab9def746d928e79851d2538e4e2","isMergeCommit":false,"messageTitle":"Update EditPersonCommand to take Nric instead of Index","messageBody":"","fileTypesAndContributionMap":{"functional-code":{"insertions":16,"deletions":22},"other":{"insertions":103,"deletions":138},"test-code":{"insertions":165,"deletions":219}}},{"hash":"ec9acc9115819765bc095760afeb4182157ff1cc","isMergeCommit":false,"messageTitle":"Update UG for changes to EditPersonCommand","messageBody":"","fileTypesAndContributionMap":{"docs":{"insertions":6,"deletions":6}}},{"hash":"c66b625ed8f3c450ef2e044367be3dd8a1e8b161","isMergeCommit":false,"messageTitle":"Bug fixes relating to Appointment note and date","messageBody":"","fileTypesAndContributionMap":{"functional-code":{"insertions":24,"deletions":41},"docs":{"insertions":8,"deletions":7},"test-code":{"insertions":94,"deletions":56}}},{"hash":"70684cf3e101bf665787eaff150b5e0e63eb590b","isMergeCommit":false,"messageTitle":"Change earliest date bound to accomodate DOBs","messageBody":"","fileTypesAndContributionMap":{"functional-code":{"insertions":3,"deletions":3}}},{"hash":"b32512563fbb36e83cab34d683d6044d6d6c21d6","isMergeCommit":false,"messageTitle":"Add check if appointment exists in CancelAppCommand","messageBody":"","fileTypesAndContributionMap":{"functional-code":{"insertions":9,"deletions":0},"test-code":{"insertions":13,"deletions":0}}},{"hash":"088a6ea9fe39713ebe0191aee4d2dbc8500c6006","isMergeCommit":false,"messageTitle":"Add ParserUtil test cases","messageBody":"","fileTypesAndContributionMap":{"functional-code":{"insertions":4,"deletions":4},"test-code":{"insertions":183,"deletions":1}}}]},{"date":"2024-03-25","commitResults":[{"hash":"4cfd30060f48bbe7c3e89c1f550ddd9c051bdefa","isMergeCommit":false,"messageTitle":"Add checks for multiple input fields for FindPersonCommand","messageBody":"","fileTypesAndContributionMap":{"functional-code":{"insertions":9,"deletions":2},"test-code":{"insertions":5,"deletions":1}}},{"hash":"dfc350158812d080d97ff02d2ef7ce1112c5560f","isMergeCommit":true,"messageTitle":"Merge pull request #57 from dayn-1/v1.3-find-patient","messageBody":"Update FindPersonCommand to match name or NRIC","fileTypesAndContributionMap":{}},{"hash":"3b0ecb00a3c2e317b67a6c5feedb896e0074307e","isMergeCommit":true,"messageTitle":"Merge with FindPersonCommand changes","messageBody":"","fileTypesAndContributionMap":{}},{"hash":"81e500aa2c61343605af452df66e76bd2b8fe35a","isMergeCommit":true,"messageTitle":"Merge pull request #60 from dayn-1/v1.3-index-to-nric-changes","messageBody":"Update EditPersonCommand to take NRIC instead of Index","fileTypesAndContributionMap":{}},{"hash":"e3b7e602fe9f4f537c29fe6a5bd220cdf0f3daee","isMergeCommit":true,"messageTitle":"Merge upstream changes","messageBody":"","fileTypesAndContributionMap":{}},{"hash":"bbdf698204bf27ccd149206840265222c99d756f","isMergeCommit":true,"messageTitle":"Merge pull request #61 from dayn-1/v1.3-bug-appointment-note","messageBody":"Fix bugs relating to Appointment note and date","fileTypesAndContributionMap":{}},{"hash":"304fca275c9d5ebba6b19992abc9840cc93eb55f","isMergeCommit":true,"messageTitle":"Merge upstream changes","messageBody":"","fileTypesAndContributionMap":{}},{"hash":"f65b229aa8bf48e60b05b6f4c435e8e0d9a655b8","isMergeCommit":true,"messageTitle":"Merge pull request #63 from dayn-1/v1.3-bug-appointment-not-found","messageBody":"Add check if appointment exists in CancelAppCommand","fileTypesAndContributionMap":{}},{"hash":"258f97f167bb2ae210c19931b142e708c0ff5fb2","isMergeCommit":true,"messageTitle":"Merge branch \u0027master\u0027 into v1.3-bug-invalid-dob","messageBody":"","fileTypesAndContributionMap":{}},{"hash":"24c2b1654b33d44d2209c7fbf96211be529752ce","isMergeCommit":true,"messageTitle":"Merge pull request #64 from dayn-1/v1.3-bug-invalid-dob","messageBody":"Add ParserUtil test cases","fileTypesAndContributionMap":{}}]},{"date":"2024-03-26","commitResults":[{"hash":"6c3fcaef0bb7221945686fb69a5de2c1aad7be2c","isMergeCommit":true,"messageTitle":"Merge pull request #65 from cliftonchee/v1.3-filter-app","messageBody":"Add findApp functionality","fileTypesAndContributionMap":{}}]},{"date":"2024-03-27","commitResults":[{"hash":"d4ed635153941d5d5bc8bcceaf634bdab52ad857","isMergeCommit":true,"messageTitle":"Merge pull request #66 from limrik/v1.3-dayview","messageBody":"Day View for Appointments","fileTypesAndContributionMap":{}},{"hash":"cdb027ea0190004822ca26706888741a97f23712","isMergeCommit":true,"messageTitle":"Merge pull request #69 from limrik/v1.3-bug-68","messageBody":"Fix UI bug","fileTypesAndContributionMap":{}},{"hash":"75e56db838006bf55e9d37148889e3e451ae5a7e","isMergeCommit":true,"messageTitle":"Merge pull request #67 from cliftonchee/v1.3-user-guide","messageBody":"Update User Guide","fileTypesAndContributionMap":{}},{"hash":"02a81ba5c30205169482fdc26c5409faaf81c171","isMergeCommit":true,"messageTitle":"Merge pull request #48 from xuelinglow/markCommand","messageBody":"Add Mark command with test cases","fileTypesAndContributionMap":{}}]}],"ThatGirlJam":[{"date":"2024-03-05","commitResults":[{"hash":"5f5dff257e941102e6fb9782b32327d08d6ae3c6","isMergeCommit":false,"messageTitle":"Add use cases for the initial features for week 7 practice iteration","messageBody":"","fileTypesAndContributionMap":{"docs":{"insertions":140,"deletions":1}}},{"hash":"98358b2ddbc6bbf40efd39041c4100edc9cd7a31","isMergeCommit":true,"messageTitle":"Merge branch \u0027master\u0027 of https://github.com/ThatGirlJam/tp","messageBody":"Add use cases to the developer guide for the initial feature practice iteration in week 7\n","fileTypesAndContributionMap":{}},{"hash":"caeffeb698a9c2600d8086d52c18e4684d577684","isMergeCommit":false,"messageTitle":"Delete example use case from developer guide","messageBody":"","fileTypesAndContributionMap":{"docs":{"insertions":0,"deletions":25}}},{"hash":"fbe19dd6cc6ea32e106d081068cd857d6c58c934","isMergeCommit":true,"messageTitle":"Merge branch \u0027DeveloperGuideUseCases\u0027","messageBody":"Delete example use case from developer guide\n","fileTypesAndContributionMap":{}}]},{"date":"2024-03-06","commitResults":[{"hash":"75c4563c8d5748ae74c6b6e0d0d022e1fe7e5dd1","isMergeCommit":true,"messageTitle":"Merge pull request #16 from ThatGirlJam/DeveloperGuideUseCases","messageBody":"Add Use Cases to DG v1.1","fileTypesAndContributionMap":{}},{"hash":"50efcd7cd264db06f2f5b098333e2655b9004024","isMergeCommit":true,"messageTitle":"Merge branch \u0027master\u0027 of https://github.com/AY2324S2-CS2103T-F10-3/tp","messageBody":"","fileTypesAndContributionMap":{}}]},{"date":"2024-03-14","commitResults":[{"hash":"2491ad3de09d95451400ce84b26c3111601a83cf","isMergeCommit":true,"messageTitle":"Pull from upstream repo for week 8","messageBody":"","fileTypesAndContributionMap":{}}]},{"date":"2024-03-15","commitResults":[{"hash":"eb692a27e0adfa2763125833e1a02e3dd61156bd","isMergeCommit":false,"messageTitle":"Add appointment related files that are relevant in order to implement cancelling appointment","messageBody":"","fileTypesAndContributionMap":{"functional-code":{"insertions":1235,"deletions":17}}}]},{"date":"2024-03-18","commitResults":[{"hash":"47ee8ee52686dc558786326d1dae2b3849301262","isMergeCommit":false,"messageTitle":"Add classes for cancelling appointments and change commands in model and address book","messageBody":"","fileTypesAndContributionMap":{"functional-code":{"insertions":4,"deletions":0}}},{"hash":"f54bf3ce3bde1f38110a59d02556bf0754ed9646","isMergeCommit":false,"messageTitle":"Add logic and model code for cancelling appointments","messageBody":"","fileTypesAndContributionMap":{"functional-code":{"insertions":195,"deletions":8}}},{"hash":"c77e60a6648366ce5f2a7d1d4ca36d53fded3eb0","isMergeCommit":true,"messageTitle":"Merge branch \u0027master\u0027 into v1.2-cancel-appt","messageBody":"","fileTypesAndContributionMap":{}},{"hash":"d5354ec5ff013e761368ce35b47a500b443b0a6b","isMergeCommit":false,"messageTitle":"Add test for getMatchingAppointment method added to appointment list class","messageBody":"","fileTypesAndContributionMap":{"test-code":{"insertions":535,"deletions":16}}},{"hash":"12a6e0f9fbb9cd39022ccc0d816b4a3af3bbcb8e","isMergeCommit":true,"messageTitle":"Merge conflicts for adding getMatchingAppointment test","messageBody":"","fileTypesAndContributionMap":{}},{"hash":"4014b4d6f186903e42e443bfd305c8c46185fabd","isMergeCommit":false,"messageTitle":"Fix duplicate code in AddAppCommandTest","messageBody":"","fileTypesAndContributionMap":{"functional-code":{"insertions":1,"deletions":78},"test-code":{"insertions":127,"deletions":2}}},{"hash":"9eb4db88b11fec4cbcd5efcbe0ca3c8cafc30eba","isMergeCommit":false,"messageTitle":"Add tests for CancelAppCommand and CancelAppCommandParser","messageBody":"","fileTypesAndContributionMap":{"functional-code":{"insertions":1,"deletions":0},"test-code":{"insertions":136,"deletions":78}}},{"hash":"50e48f89e411a152dc2c29ad512663c8e8e4e45b","isMergeCommit":false,"messageTitle":"Fix code to pass checkstyle for main and tests","messageBody":"","fileTypesAndContributionMap":{"functional-code":{"insertions":8,"deletions":13},"test-code":{"insertions":32,"deletions":17}}},{"hash":"152b0874843500e9748b3de7d892df60b5834ac0","isMergeCommit":false,"messageTitle":"Fix tests for cancel appointment equal and to string","messageBody":"","fileTypesAndContributionMap":{"functional-code":{"insertions":9,"deletions":2},"test-code":{"insertions":12,"deletions":14}}},{"hash":"cf3b8167971a2dd8953f46786c503d80d3818bcd","isMergeCommit":false,"messageTitle":"Fix person card class error to ease merge","messageBody":"","fileTypesAndContributionMap":{"functional-code":{"insertions":7,"deletions":1}}},{"hash":"76c8599c914dee0d6a051725487c450dc3714fbd","isMergeCommit":false,"messageTitle":"Fix checkstyle for person card trailing whitespace","messageBody":"","fileTypesAndContributionMap":{"functional-code":{"insertions":1,"deletions":1}}},{"hash":"dc44b326f503690b3215f135f165892a6f2a541a","isMergeCommit":false,"messageTitle":"Remove unused import and comment","messageBody":"","fileTypesAndContributionMap":{"functional-code":{"insertions":0,"deletions":3}}},{"hash":"aa884c4a173cb9628017909da48c3c4d07ca7ed6","isMergeCommit":true,"messageTitle":"Merge pull request #36 from ThatGirlJam/v1.2-cancel-appt","messageBody":"Add cancel appointment feature ","fileTypesAndContributionMap":{}},{"hash":"c3a8a8e836358cdb5a70570fe5f7518b64fb9a94","isMergeCommit":true,"messageTitle":"Merge pull request #37 from xuelinglow/developApptList","messageBody":"View all upcoming appointments","fileTypesAndContributionMap":{}},{"hash":"e8ab50cfc8ff79c1c7d6e0b3fc43a1668d625453","isMergeCommit":false,"messageTitle":"Add cancelling of all appointments for a patient if patient is deleted","messageBody":"","fileTypesAndContributionMap":{"functional-code":{"insertions":21,"deletions":0},"test-code":{"insertions":44,"deletions":0}}},{"hash":"f9b07bb2494e7f0d21f8283d8e843d7163520cc4","isMergeCommit":false,"messageTitle":"Fix checkstyle errors to pass build test","messageBody":"","fileTypesAndContributionMap":{"test-code":{"insertions":0,"deletions":2}}}]},{"date":"2024-03-19","commitResults":[{"hash":"d34d0e5d4b978437eb5a0957c8b77939abe9287a","isMergeCommit":true,"messageTitle":"Merge pull request #39 from ThatGirlJam/v1.2-cancel-appt","messageBody":"V1.2 Add support for cancelling all appointments with Nric if patient is deleted","fileTypesAndContributionMap":{}},{"hash":"d42bb2750a9618c1c2c516033bea639b19af8fbb","isMergeCommit":false,"messageTitle":"Add test cases for delete command to make sure appointments are deleted when person deleted","messageBody":"","fileTypesAndContributionMap":{"test-code":{"insertions":31,"deletions":0}}},{"hash":"5de64ba323a776c78d81398102c9e948ad295145","isMergeCommit":true,"messageTitle":"Merge pull request #42 from ThatGirlJam/v1.2-cancel-appt","messageBody":"Add test cases for delete command","fileTypesAndContributionMap":{}}]},{"date":"2024-03-20","commitResults":[{"hash":"9669a854c22ac67965d6fe2cd7da09feb4ec5c62","isMergeCommit":false,"messageTitle":"Add deleteAppointmentsWithNric to delete sequence diagram","messageBody":"","fileTypesAndContributionMap":{"docs":{"insertions":3,"deletions":1}}},{"hash":"f9d2c8b88dd605b0a54ffbfc2f63b92bf1e13214","isMergeCommit":false,"messageTitle":"Add delete appointments with nric to architecture sequence diagram","messageBody":"","fileTypesAndContributionMap":{"docs":{"insertions":5,"deletions":3}}},{"hash":"6eb2539bae947ae6c16edbc1a9ab3f1deeede7dc","isMergeCommit":false,"messageTitle":"Update developer guide to reflect changes to uml diagrams","messageBody":"","fileTypesAndContributionMap":{"docs":{"insertions":3,"deletions":27}}}]},{"date":"2024-03-21","commitResults":[{"hash":"980a7fed8f82df5288dd5b0567817c9186f8b874","isMergeCommit":true,"messageTitle":"Resolve conflict with new uml","messageBody":"","fileTypesAndContributionMap":{}},{"hash":"73729de9a3fea61cfc5fcf0735295302cc26e0c4","isMergeCommit":true,"messageTitle":"Merge pull request #45 from ThatGirlJam/v1.2b-update-uml","messageBody":"Update ArchitectureSequence and DeleteSequence diagrams","tags":["v1.2"],"fileTypesAndContributionMap":{}}]}],"cliftonchee":[{"date":"2024-02-26","commitResults":[{"hash":"56c596beb4c4d3873db8c729eafa8c9fc27b7d75","isMergeCommit":false,"messageTitle":"Test CodeCov","messageBody":"","fileTypesAndContributionMap":{"docs":{"insertions":0,"deletions":1}}},{"hash":"6b7579fbbd898771b0c8044ef6362424dfa0135f","isMergeCommit":false,"messageTitle":"Update README.md","messageBody":"Rename codecov org name","fileTypesAndContributionMap":{"docs":{"insertions":1,"deletions":1}}}]},{"date":"2024-03-04","commitResults":[{"hash":"369d5d67b2f8e08d2beb321748842eec486abf42","isMergeCommit":false,"messageTitle":"Update About Us Page","messageBody":"","fileTypesAndContributionMap":{"docs":{"insertions":20,"deletions":25}}},{"hash":"db4e1f75dd480d6123e6e2644292bd83a65fac03","isMergeCommit":true,"messageTitle":"Merge branch \u0027AY2324S2-CS2103T-F10-3:master\u0027 into about-us","messageBody":"","fileTypesAndContributionMap":{}},{"hash":"3f147112f372ccf321c5f5923c973b4fe18dcf46","isMergeCommit":true,"messageTitle":"Merge pull request #5 from cliftonchee/about-us","messageBody":"Update About Us Page","fileTypesAndContributionMap":{}}]},{"date":"2024-03-14","commitResults":[{"hash":"dc2c4aba3825511fc0646ad9c8c819834b90a411","isMergeCommit":false,"messageTitle":"Add delete for NRIC","messageBody":"","fileTypesAndContributionMap":{"functional-code":{"insertions":26,"deletions":14}}},{"hash":"cfed9d153afebdfae20bd42cd855081d55bca1fd","isMergeCommit":false,"messageTitle":"Update fix for tests","messageBody":"","fileTypesAndContributionMap":{"functional-code":{"insertions":4,"deletions":2},"test-code":{"insertions":32,"deletions":29}}},{"hash":"e05292503af95eafc117762630be5f5f7f834015","isMergeCommit":false,"messageTitle":"Update documentation for add and delete","messageBody":"","fileTypesAndContributionMap":{"docs":{"insertions":10,"deletions":10}}},{"hash":"76f08f3d7e6de421d1c179fd6894399a91e497c0","isMergeCommit":false,"messageTitle":"Update documentation for edit","messageBody":"","fileTypesAndContributionMap":{"docs":{"insertions":1,"deletions":1}}}]},{"date":"2024-03-15","commitResults":[{"hash":"79c5532602c58f8c9d92b9c37f6fec43c33b251f","isMergeCommit":false,"messageTitle":"Update invalid tests to missing nric tests","messageBody":"","fileTypesAndContributionMap":{"functional-code":{"insertions":1,"deletions":0},"test-code":{"insertions":8,"deletions":7}}},{"hash":"2ae8af495b496de600bc1b55fcb86d0fbe50ccf4","isMergeCommit":false,"messageTitle":"Minor test change","messageBody":"","fileTypesAndContributionMap":{"test-code":{"insertions":1,"deletions":1}}}]},{"date":"2024-03-16","commitResults":[{"hash":"4d49fcfa867bcf89ead4fd459193019babe8f6c8","isMergeCommit":true,"messageTitle":"Merge pull request #30 from dayn-1/v1.2-add-appt","messageBody":"Add command to create appointments","fileTypesAndContributionMap":{}}]},{"date":"2024-03-18","commitResults":[{"hash":"4a113b5f551fe1ed09377ee21623f5c3d8c27774","isMergeCommit":true,"messageTitle":"Merge branch \u0027AY2324S2-CS2103T-F10-3:master\u0027 into v1.2-delete-patient","messageBody":"","fileTypesAndContributionMap":{}},{"hash":"e39ef9c22995c6ca56d4a977ee6b6b6545894e20","isMergeCommit":false,"messageTitle":"Refactor delete command","messageBody":"","fileTypesAndContributionMap":{"functional-code":{"insertions":36,"deletions":17},"test-code":{"insertions":10,"deletions":0}}},{"hash":"b636cd6987e80fd6699bed08b766c065e331d07b","isMergeCommit":true,"messageTitle":"Merge pull request #35 from limrik/v1.2b-appointment-tests","messageBody":"Add tests for Appointments","fileTypesAndContributionMap":{}},{"hash":"6b83fa76224ee92b3f7db7740a3913f2bc6d67ea","isMergeCommit":false,"messageTitle":"Update delete documentation","messageBody":"","fileTypesAndContributionMap":{"functional-code":{"insertions":0,"deletions":3},"docs":{"insertions":5,"deletions":6}}},{"hash":"6c1ec4ed1f9ba8ba218877c72b5c574c901cd41d","isMergeCommit":true,"messageTitle":"Merge pull request #38 from dayn-1/v1.2-bug-fix","messageBody":"Fix PersonCard dob error","fileTypesAndContributionMap":{}},{"hash":"4d06a343dc48d43b9c473e46160c81261dbaba50","isMergeCommit":false,"messageTitle":"Add delete for NRIC","messageBody":"","fileTypesAndContributionMap":{"functional-code":{"insertions":26,"deletions":14}}},{"hash":"1b616f713e160683782aef2f978cc071d109990e","isMergeCommit":false,"messageTitle":"Update fix for tests","messageBody":"","fileTypesAndContributionMap":{"functional-code":{"insertions":4,"deletions":2},"test-code":{"insertions":32,"deletions":29}}},{"hash":"0e7e83f3a97ff95c8b3df08500da09da206d2120","isMergeCommit":false,"messageTitle":"Update documentation for add and delete","messageBody":"","fileTypesAndContributionMap":{"docs":{"insertions":10,"deletions":10}}},{"hash":"73f0e3648a939e9aa0549db3ae2632ca09b73bc5","isMergeCommit":false,"messageTitle":"Update documentation for edit","messageBody":"","fileTypesAndContributionMap":{"docs":{"insertions":1,"deletions":1}}},{"hash":"9586aeb7e65346db5e6995072dc6288df2bf27ed","isMergeCommit":false,"messageTitle":"Update invalid tests to missing nric tests","messageBody":"","fileTypesAndContributionMap":{"functional-code":{"insertions":1,"deletions":0},"test-code":{"insertions":8,"deletions":7}}},{"hash":"938956773ba734bb42e72827bf6674375aa09323","isMergeCommit":false,"messageTitle":"Minor test change","messageBody":"","fileTypesAndContributionMap":{"test-code":{"insertions":1,"deletions":1}}},{"hash":"a4cf7e74b266bf878ecf69d93ebfa60a086238c4","isMergeCommit":true,"messageTitle":"Fix build errors","messageBody":"","fileTypesAndContributionMap":{}},{"hash":"104ac7bb81dae43c566d6a8a40d0d39b9b2d056d","isMergeCommit":false,"messageTitle":"Fix delete tests","messageBody":"","fileTypesAndContributionMap":{"test-code":{"insertions":5,"deletions":5}}}]},{"date":"2024-03-20","commitResults":[{"hash":"93ddf9bd9f07befc4072cfbaf90f327f34846273","isMergeCommit":true,"messageTitle":"Merge pull request #41 from limrik/v1.2b-update-person-uml","messageBody":"Update UML diagrams for Person Class","fileTypesAndContributionMap":{}}]},{"date":"2024-03-21","commitResults":[{"hash":"da78e1e11c9c0c171c7f04fcb90ee70c60ab2a59","isMergeCommit":false,"messageTitle":"Update DeveloperGuide.md","messageBody":"","fileTypesAndContributionMap":{"docs":{"insertions":0,"deletions":4}}},{"hash":"e545d283c4e68e778cdbf230e740923a3003f761","isMergeCommit":false,"messageTitle":"Update UserGuide.md","messageBody":"","fileTypesAndContributionMap":{"docs":{"insertions":12,"deletions":0}}},{"hash":"b44db260f8e20ee3c14074bcd07b44a284548491","isMergeCommit":false,"messageTitle":"Update UserGuide.md","messageBody":"","fileTypesAndContributionMap":{"docs":{"insertions":1,"deletions":0}}},{"hash":"3f9ac53a296b262f3ab8ede82395bd6bd1f3caf4","isMergeCommit":true,"messageTitle":"Merge pull request #47 from xuelinglow/v1.2-uml","messageBody":"Update BetterModelClassDiagram and DeleteSequence Diagram","fileTypesAndContributionMap":{}},{"hash":"4ef4469d7bfcf6f6b0551e84f5c0ada103f31b00","isMergeCommit":true,"messageTitle":"Merge pull request #46 from xuelinglow/developApptList","messageBody":"Add AppointmentView and AppointmentViewList class","fileTypesAndContributionMap":{}}]},{"date":"2024-03-25","commitResults":[{"hash":"2c37dc554709d52facb3e4c604416f62263667e4","isMergeCommit":false,"messageTitle":"Add baseline for filterApp","messageBody":"","fileTypesAndContributionMap":{"functional-code":{"insertions":285,"deletions":0}}},{"hash":"98e884adb1ce301fd773c3d89a8b94720067f657","isMergeCommit":false,"messageTitle":"Remove unnecessary code","messageBody":"","fileTypesAndContributionMap":{"functional-code":{"insertions":1,"deletions":73}}},{"hash":"0a4c1ac78b33900d65378985a08dd1f13a8f4cda","isMergeCommit":false,"messageTitle":"Add check for time more than stipulated time","messageBody":"","fileTypesAndContributionMap":{"functional-code":{"insertions":2,"deletions":1}}},{"hash":"232496586ab72dd63f0634649ae4db7d830c82ad","isMergeCommit":false,"messageTitle":"Add exception handling for invalid arguments","messageBody":"","fileTypesAndContributionMap":{"functional-code":{"insertions":20,"deletions":6}}},{"hash":"7b0adae56b1fb197c6900adff133b800f5f3dce4","isMergeCommit":true,"messageTitle":"Merge branch \u0027master\u0027 into v1.3-filter-app","messageBody":"","fileTypesAndContributionMap":{}},{"hash":"98ab2e5de0de7c1c66728089ff56f7fc095a15ec","isMergeCommit":false,"messageTitle":"Add Appt Predicate test suites","messageBody":"","fileTypesAndContributionMap":{"functional-code":{"insertions":1,"deletions":1},"test-code":{"insertions":190,"deletions":0}}},{"hash":"8e166ad27caa5f1212207a08f20664f08d4d5b43","isMergeCommit":false,"messageTitle":"Change filterApp to findApp","messageBody":"","fileTypesAndContributionMap":{"functional-code":{"insertions":3,"deletions":3},"other":{"insertions":10,"deletions":10}}},{"hash":"4ac5c7ba653405553e79261cba69b97a5ff1aa93","isMergeCommit":false,"messageTitle":"Add FindAppCommandTest test suites","messageBody":"","fileTypesAndContributionMap":{"functional-code":{"insertions":1,"deletions":1},"test-code":{"insertions":224,"deletions":1}}},{"hash":"b53b35e55658cebe96bca8912cd511e1e4d7709a","isMergeCommit":false,"messageTitle":"Add FindAppCommandParserTest suites","messageBody":"","fileTypesAndContributionMap":{"test-code":{"insertions":112,"deletions":0}}},{"hash":"5828b5805cccd677c650746861d34f0e11f31a47","isMergeCommit":false,"messageTitle":"Update UG for findApp","messageBody":"","fileTypesAndContributionMap":{"docs":{"insertions":10,"deletions":0}}},{"hash":"46a82b43bf3ab3bc4612a62b523c92a49484c5ec","isMergeCommit":false,"messageTitle":"Improve clarification of findApp function","messageBody":"","fileTypesAndContributionMap":{"functional-code":{"insertions":4,"deletions":5},"docs":{"insertions":2,"deletions":0},"test-code":{"insertions":14,"deletions":2}}},{"hash":"71a80c57073cd435a33ccc33417fa04c1e65ace6","isMergeCommit":true,"messageTitle":"Merge branch \u0027master\u0027 into v1.3-filter-app","messageBody":"","fileTypesAndContributionMap":{}}]},{"date":"2024-03-26","commitResults":[{"hash":"f75532113ecc46c5cadcf5389eb864fd86f5d2ad","isMergeCommit":false,"messageTitle":"Change Appointment to AppointmentView for findApp","messageBody":"","fileTypesAndContributionMap":{"functional-code":{"insertions":14,"deletions":14}}},{"hash":"dbbd10fe0f30a872e75c4c6f8af4da9d15b0e6fb","isMergeCommit":false,"messageTitle":"Change findAppt tests to test view instead","messageBody":"","fileTypesAndContributionMap":{"functional-code":{"insertions":3,"deletions":3},"other":{"insertions":57,"deletions":55},"test-code":{"insertions":64,"deletions":52}}},{"hash":"ade3a6b0168ca0ebf3cc9c00de6a7007dcc7ac53","isMergeCommit":false,"messageTitle":"Clarify findAppt error message","messageBody":"","fileTypesAndContributionMap":{"functional-code":{"insertions":14,"deletions":4}}},{"hash":"493a6b661b1c42f597064cddc8d9032491ee712d","isMergeCommit":false,"messageTitle":"Refactoring and clarity of findAppt","messageBody":"","fileTypesAndContributionMap":{"functional-code":{"insertions":16,"deletions":21},"docs":{"insertions":6,"deletions":6},"test-code":{"insertions":13,"deletions":10}}}]},{"date":"2024-03-27","commitResults":[{"hash":"d85bbf99cb93e8bf32e52e05a0c71d1512300820","isMergeCommit":false,"messageTitle":"Update User Guide","messageBody":"","fileTypesAndContributionMap":{"docs":{"insertions":102,"deletions":80}}},{"hash":"10723779b2925881fb0491ec7be223649dd5f965","isMergeCommit":false,"messageTitle":"Change cancelAppt to deleteAppt and update examples","messageBody":"","fileTypesAndContributionMap":{"docs":{"insertions":11,"deletions":7}}}]}]},"authorFileTypeContributionMap":{"xuelinglow":{"docs":43,"functional-code":791,"test-code":800},"limrik":{"docs":63,"functional-code":505,"test-code":494},"dayn-1":{"docs":76,"functional-code":735,"test-code":1946},"ThatGirlJam":{"docs":105,"functional-code":876,"test-code":545},"cliftonchee":{"docs":132,"functional-code":273,"test-code":601}},"authorContributionVariance":{"xuelinglow":128104.086,"limrik":14776.163,"dayn-1":141561.47,"ThatGirlJam":94964.7,"cliftonchee":31969.592},"authorDisplayNameMap":{"xuelinglow":"CS2103T-F10-3 LOW ..LING","limrik":"CS2103T-F10-3 LIM .. RIK","dayn-1":"CS2103T-F10-3 ANG ..DAYN","ThatGirlJam":"CS2103T-F10-3 JAIM.. MIN","cliftonchee":"CS2103T-F10-3 CHEE..FTON"}}
