{"authorDailyContributionsMap":{"SimHanKiong":[{"date":"2024-03-03","commitResults":[{"hash":"43ed111253679062e94fa672dbf06472036159a7","isMergeCommit":true,"messageTitle":"Merge pull request #12 from ziyang27/updating-AboutUs-page","messageBody":"Update AboutUs page with roles, links, and my own photo","fileTypesAndContributionMap":{}},{"hash":"08f3796cd552191b7e9ab4a69df135a172229a6c","isMergeCommit":true,"messageTitle":"Merge pull request #15 from ziyang27/updating-README-page","messageBody":"Update readme page","fileTypesAndContributionMap":{}},{"hash":"660434233cc4285402b19c98d246a2270588398b","isMergeCommit":false,"messageTitle":"Update UserGuide.md","messageBody":"","fileTypesAndContributionMap":{"docs":{"insertions":10,"deletions":10}}},{"hash":"0eef02dd9453968999e4a154bcc4eef0939054a0","isMergeCommit":true,"messageTitle":"Merge pull request #16 from ziyang27/branch-update-UG","messageBody":"Add the select feature description in the user guide","fileTypesAndContributionMap":{}},{"hash":"cf4fe7a047b05ff84e6accc4d67363fbc5056858","isMergeCommit":false,"messageTitle":"Update DeveloperGuide.md","messageBody":"","fileTypesAndContributionMap":{"docs":{"insertions":11,"deletions":11}}},{"hash":"ab70f3daaa8f0bf0d3cfb7e32cf06b0bab6331bb","isMergeCommit":true,"messageTitle":"Merge pull request #21 from ziyang27/branch-update-DG","messageBody":"Update developer guide based on our product","fileTypesAndContributionMap":{}}]},{"date":"2024-03-04","commitResults":[{"hash":"d0f34f027fbd1dfd1045c74ac18de30ab6bdaa29","isMergeCommit":false,"messageTitle":"Add picture to AboutUs.md","messageBody":"","fileTypesAndContributionMap":{"docs":{"insertions":1,"deletions":1}}},{"hash":"02b3c5adf5a77dd497047d02440ebe74bb903f7e","isMergeCommit":false,"messageTitle":"Add find by tag feature to UserGuide.md","messageBody":"","fileTypesAndContributionMap":{"docs":{"insertions":24,"deletions":9}}},{"hash":"6e120c97d4e84183a451e516c2e288218b47b9ad","isMergeCommit":false,"messageTitle":"Add tagging user stories and uses cases to DeveloperGuide.md","messageBody":"","fileTypesAndContributionMap":{"docs":{"insertions":78,"deletions":16}}},{"hash":"c338510182777bcb57e185e36357e144e4484ea9","isMergeCommit":false,"messageTitle":"Fix typo in README.md","messageBody":"","fileTypesAndContributionMap":{"docs":{"insertions":1,"deletions":1}}}]},{"date":"2024-03-11","commitResults":[{"hash":"366e00e7f56550cfaba40804ae4d62cd6ecd23f8","isMergeCommit":false,"messageTitle":"Add find by exact tag feature","messageBody":"","fileTypesAndContributionMap":{"functional-code":{"insertions":142,"deletions":0}}},{"hash":"f268820472a03e237523336f88c2319a4da79d9e","isMergeCommit":false,"messageTitle":"Fix style issues in find tag feature","messageBody":"","fileTypesAndContributionMap":{"functional-code":{"insertions":2,"deletions":2},"other":{"insertions":4,"deletions":4}}}]},{"date":"2024-03-14","commitResults":[{"hash":"7b794781d98a2efaead5caa520e1362df1486356","isMergeCommit":false,"messageTitle":"Add find by one tag feature","messageBody":"","fileTypesAndContributionMap":{"functional-code":{"insertions":144,"deletions":2},"test-code":{"insertions":276,"deletions":10}}},{"hash":"b2c29d41b8bab13a8fcadd26038694deaaad42c1","isMergeCommit":true,"messageTitle":"Merge branch \u0027master\u0027 into branch-FindByOneTag","messageBody":"","fileTypesAndContributionMap":{}},{"hash":"e5ef216514e5fcc981deebb6fbdc38135cfeddcc","isMergeCommit":true,"messageTitle":"Merge pull request #50 from ziyang27/branch-add-select","messageBody":"Add select command","fileTypesAndContributionMap":{}},{"hash":"a621381ae284be924d1e07644e02c0a324037f75","isMergeCommit":false,"messageTitle":"Increase test coverage","messageBody":"","fileTypesAndContributionMap":{"test-code":{"insertions":12,"deletions":12}}},{"hash":"fcf1cd6772a90cb41498e8e124763b0a4cdab4b0","isMergeCommit":true,"messageTitle":"Merge branch \u0027master\u0027 into branch-FindByOneTag","messageBody":"","fileTypesAndContributionMap":{}}]},{"date":"2024-03-15","commitResults":[{"hash":"1b30b3dba119b4993c60b1de3e9aa5a3e8205c78","isMergeCommit":false,"messageTitle":"Delete redundant find tag feature","messageBody":"","fileTypesAndContributionMap":{"functional-code":{"insertions":0,"deletions":135}}},{"hash":"f639493cac4f534cbd77df7d894c197448847804","isMergeCommit":false,"messageTitle":"Fix bug in AddressBook parser","messageBody":"","fileTypesAndContributionMap":{"functional-code":{"insertions":0,"deletions":4}}},{"hash":"5e77ba31146b31215c1947cc3db2abae706c6331","isMergeCommit":true,"messageTitle":"Merge pull request #55 from SimHanKiong/branch-FindByOneTag","messageBody":"Add find by one tag feature","fileTypesAndContributionMap":{}}]}],"ziyang27":[{"date":"2024-02-24","commitResults":[{"hash":"841126e514771c7799adf6add5b4e9b897e2f057","isMergeCommit":true,"messageTitle":"Merge pull request #1 from AY2324S2-CS2103T-F13-2/switch-docs-to-markbind","messageBody":"Switch docs to markbind","fileTypesAndContributionMap":{}},{"hash":"79dddc147247ad7afadbc038ac51939161b4dc54","isMergeCommit":false,"messageTitle":"Update default.md","messageBody":"","fileTypesAndContributionMap":{"docs":{"insertions":1,"deletions":1}}}]},{"date":"2024-02-29","commitResults":[{"hash":"d8755a8ce0da501b1213d00586f3fbc988e3ef47","isMergeCommit":false,"messageTitle":"Update AboutUs page with roles, links, and my own photo","messageBody":"","fileTypesAndContributionMap":{"docs":{"insertions":206,"deletions":29}}},{"hash":"0f94b95eb964d474e4efc61816c15fe1c8cd24f4","isMergeCommit":false,"messageTitle":"Update the link of the GitHub Actions build status badge","messageBody":"","fileTypesAndContributionMap":{"docs":{"insertions":1,"deletions":1}}},{"hash":"fc06af5416f91c258a5734870b425b3969e8c03e","isMergeCommit":false,"messageTitle":"Update all contents to match our project","messageBody":"","fileTypesAndContributionMap":{"docs":{"insertions":19,"deletions":10}}},{"hash":"e5f95669cb1e29ce8dc43e8a64698f60e2f57b44","isMergeCommit":false,"messageTitle":"Remove trailing whitespace","messageBody":"","fileTypesAndContributionMap":{"docs":{"insertions":5,"deletions":5}}},{"hash":"7ba95e086f805b8393873c339def0093d0ed41d5","isMergeCommit":false,"messageTitle":"Add the select feature description in the user guide","messageBody":"","fileTypesAndContributionMap":{"docs":{"insertions":39,"deletions":21}}},{"hash":"002a6cbf36aefb1ad0ac92619d0248b5877b9e32","isMergeCommit":false,"messageTitle":"Update developer guide based on our product","messageBody":"","fileTypesAndContributionMap":{"docs":{"insertions":41,"deletions":11}}}]},{"date":"2024-03-04","commitResults":[{"hash":"ac2334941551de42831912c93de2ca183ce75cd4","isMergeCommit":true,"messageTitle":"Merge pull request #26 from SimHanKiong/branch-AboutUs","messageBody":"Add picture to AboutUs.md","fileTypesAndContributionMap":{}},{"hash":"12c2e2ba38a7ab5b20169f6f196bf2f8f0b27475","isMergeCommit":true,"messageTitle":"Merge pull request #27 from SimHanKiong/branch-DeveloperGuide","messageBody":"Add tagging user stories and uses cases to DeveloperGuide.md","fileTypesAndContributionMap":{}},{"hash":"dfda9e8caaba03d1280edaef60658fd0cb54a3b5","isMergeCommit":true,"messageTitle":"Merge pull request #28 from SimHanKiong/branch-ReadMe","messageBody":"Fix typo in README.md","fileTypesAndContributionMap":{}},{"hash":"875de1405eb9edc4240e43e9f95acab0744c0416","isMergeCommit":true,"messageTitle":"Merge pull request #29 from SimHanKiong/branch-UserGuide","messageBody":"Add find by tag feature to UserGuide.md","fileTypesAndContributionMap":{}}]},{"date":"2024-03-06","commitResults":[{"hash":"a9ead0a04ab5f66bfaa10371dc2372f8d300c215","isMergeCommit":true,"messageTitle":"Merge pull request #30 from Colex2000/master","messageBody":"Add profile pic and update AboutUs doc","fileTypesAndContributionMap":{}},{"hash":"1e6f73b9ddceb32ee9cc22c0c9a4c9505f47bfd0","isMergeCommit":true,"messageTitle":"Merge pull request #31 from Colex2000/updateUserGuide","messageBody":"Add tagging last contacted feature in UG and update DG use cases.","fileTypesAndContributionMap":{}}]},{"date":"2024-03-07","commitResults":[{"hash":"2a759fdb6c9ceb3488cba088311185a8767f6f90","isMergeCommit":true,"messageTitle":"Merge pull request #33 from tanyunchao/update-about-us-page","messageBody":"Update team member image in AboutUs.md","fileTypesAndContributionMap":{}},{"hash":"598d6b9da90ec74a02314ef50d5fa7ac32e56bb7","isMergeCommit":true,"messageTitle":"Merge pull request #36 from tanyunchao/DG-update","messageBody":"Add use case for finding upcoming contacts with appointments","fileTypesAndContributionMap":{}},{"hash":"32f44a7d341aa4409e7f10af4f0a0731bece3cdc","isMergeCommit":true,"messageTitle":"Merge pull request #34 from tanyunchao/update-ui-mockup","messageBody":"Update UI image","fileTypesAndContributionMap":{}},{"hash":"bbb9fdea07c00f6bb884f09565460db8f64888f4","isMergeCommit":false,"messageTitle":"Update title and links","messageBody":"","fileTypesAndContributionMap":{"docs":{"insertions":3,"deletions":3}}},{"hash":"ef65f93f9e8103bf79a5b8dbfeee47cac034994e","isMergeCommit":true,"messageTitle":"Merge branch \u0027master\u0027 into branch-update-doc","messageBody":"","fileTypesAndContributionMap":{}},{"hash":"8e9260816c390518e8684814cbced3f02555f61f","isMergeCommit":false,"messageTitle":"Update user guide","messageBody":"","fileTypesAndContributionMap":{"docs":{"insertions":5,"deletions":4}}},{"hash":"66da74961e87a31081407ccbd75e158f2b898a98","isMergeCommit":false,"messageTitle":"Add NFRs","messageBody":"","fileTypesAndContributionMap":{"docs":{"insertions":10,"deletions":0}}},{"hash":"90cce9a7cd1e1e4f32e96100dfa55f18ed74e7f2","isMergeCommit":false,"messageTitle":"Add MSS for three new use cases","messageBody":"","fileTypesAndContributionMap":{"docs":{"insertions":39,"deletions":12}}}]},{"date":"2024-03-11","commitResults":[{"hash":"978cea6d05055139272f9f58a06e8f74a4c73fc7","isMergeCommit":true,"messageTitle":"Merge pull request #44 from SimHanKiong/branch-FindByExactTag","messageBody":"Add find by exact tag feature","fileTypesAndContributionMap":{}}]},{"date":"2024-03-12","commitResults":[{"hash":"a4d5d4d7b2f5199f2ac750b7ae28cd7e6f778a79","isMergeCommit":false,"messageTitle":"Create a new select command","messageBody":"","fileTypesAndContributionMap":{"functional-code":{"insertions":69,"deletions":0}}},{"hash":"ec336a2bc5090576c3ff90e37ff2bd22bb2248cb","isMergeCommit":false,"messageTitle":"Hook SelectCommand into the application","messageBody":"","fileTypesAndContributionMap":{"functional-code":{"insertions":33,"deletions":0}}},{"hash":"d9806658cf378e4173a4ddee731e51d928693932","isMergeCommit":false,"messageTitle":"Update SelectCommand","messageBody":"","fileTypesAndContributionMap":{"functional-code":{"insertions":9,"deletions":1}}},{"hash":"ec8e3e36d250b7e07bd17850f9775d77c2e9a607","isMergeCommit":false,"messageTitle":"Update SelectCommand to show only selected person in filtered list","messageBody":"","fileTypesAndContributionMap":{"functional-code":{"insertions":45,"deletions":1}}}]},{"date":"2024-03-13","commitResults":[{"hash":"dc23ef67e55f5bfbd06e6585d998b57d3736a062","isMergeCommit":false,"messageTitle":"Add tests for SelectCommand","messageBody":"","fileTypesAndContributionMap":{"test-code":{"insertions":125,"deletions":0}}}]},{"date":"2024-03-14","commitResults":[{"hash":"7ca0659b46f592e71f9671cc275acd65f60474ae","isMergeCommit":false,"messageTitle":"Add tests for IsSamePersonPredicate","messageBody":"","fileTypesAndContributionMap":{"test-code":{"insertions":68,"deletions":0}}},{"hash":"013ba6942e907fd4330049a5e3ac7e46b06c2667","isMergeCommit":false,"messageTitle":"Add tests for SelectCommandParser","messageBody":"","fileTypesAndContributionMap":{"test-code":{"insertions":32,"deletions":0}}},{"hash":"ac4f189efb14bfb1cb244dd69a1ea25360e0e7f4","isMergeCommit":false,"messageTitle":"Add test for select command in AddressBookParser","messageBody":"","fileTypesAndContributionMap":{"test-code":{"insertions":8,"deletions":0}}}]}],"Colex2000":[{"date":"2024-03-06","commitResults":[{"hash":"61c3c0deada9a9ae25e05db3bed4797ab06bd4e2","isMergeCommit":false,"messageTitle":"Update docs to include profile pic","messageBody":"","fileTypesAndContributionMap":{"docs":{"insertions":1,"deletions":1}}},{"hash":"220819cdf0008a2c449827f8d42cf01a27079ff9","isMergeCommit":false,"messageTitle":"Add tagging last contacted feature in UserGuide. Update DeveloperGuide use cases.","messageBody":"","fileTypesAndContributionMap":{"docs":{"insertions":48,"deletions":0}}}]},{"date":"2024-03-07","commitResults":[{"hash":"f4b0bbd0bf8eef5a7e3d7cb73d29c873b1dcb750","isMergeCommit":true,"messageTitle":"Merge pull request #37 from ziyang27/branch-update-doc","messageBody":"Update documentations","fileTypesAndContributionMap":{}}]},{"date":"2024-03-12","commitResults":[{"hash":"25a61b860fc7b218e2e4521f6beb22ef279b12d2","isMergeCommit":false,"messageTitle":"Add lastcontact command","messageBody":"This commit introduces \"lastcontact\" command.\nHowever, unable to tag at the moment.\n","fileTypesAndContributionMap":{"functional-code":{"insertions":64,"deletions":0}}},{"hash":"fb721f422c7a5ff797b1ecf73915fe734c568bb6","isMergeCommit":false,"messageTitle":"Update lastcontact command to tag on a profile.","messageBody":"- Add last contacted field to Person model\n- Add GUI view of the last contacted field\n","fileTypesAndContributionMap":{"functional-code":{"insertions":181,"deletions":34}}},{"hash":"ad9ae522d88762be7e9eb3582b7beed166554617","isMergeCommit":false,"messageTitle":"Update UserGuide according to changed command format","messageBody":"","fileTypesAndContributionMap":{"docs":{"insertions":4,"deletions":4}}}]},{"date":"2024-03-13","commitResults":[{"hash":"2727355b37f6b0f994d04041722ecc554424f854","isMergeCommit":false,"messageTitle":"Fix bug for add command parsing fail","messageBody":"- Previously add command fails due to last contact parsing.\n","fileTypesAndContributionMap":{"functional-code":{"insertions":30,"deletions":23}}},{"hash":"bbc1f501596017a61aef5831d8ef2e515f4eb5e1","isMergeCommit":false,"messageTitle":"Refactor code according to style check gradle","messageBody":"","fileTypesAndContributionMap":{"functional-code":{"insertions":38,"deletions":25}}},{"hash":"7219f7a12c663d78740f51c87f071438b81a185e","isMergeCommit":false,"messageTitle":"Refactor code according to style check gradle","messageBody":"","fileTypesAndContributionMap":{"functional-code":{"insertions":9,"deletions":9}}},{"hash":"ed93480fb170af004dd2880939bcdb3c207d15e2","isMergeCommit":false,"messageTitle":"Fix bug for failing Junit test","messageBody":"","fileTypesAndContributionMap":{"test-code":{"insertions":67,"deletions":22}}},{"hash":"5e5d452e379bc2d8e9ac4a9d5606b499de1313c0","isMergeCommit":false,"messageTitle":"Fix bug for failing Junit test","messageBody":"","fileTypesAndContributionMap":{"test-code":{"insertions":5,"deletions":0}}},{"hash":"55414855c5e73dfbea05a6b54fbebc597973777c","isMergeCommit":false,"messageTitle":"Fix bugs for failing Junit test","messageBody":"","fileTypesAndContributionMap":{"functional-code":{"insertions":6,"deletions":1},"test-code":{"insertions":35,"deletions":19}}},{"hash":"386ba9ce5f31d4690640c42772f34ff8f2b06a04","isMergeCommit":false,"messageTitle":"Refactor and add Javadoc comment.","messageBody":"","fileTypesAndContributionMap":{"test-code":{"insertions":9,"deletions":3}}}]},{"date":"2024-03-15","commitResults":[{"hash":"f334ab46d973eb36e54ff51e24d9b05900055b91","isMergeCommit":true,"messageTitle":"Merge branch \u0027master\u0027 of https://github.com/AY2324S2-CS2103T-F13-2/tp into addLastContactedCommand","messageBody":"","fileTypesAndContributionMap":{}},{"hash":"709d0e6c1d49c77608338770bb3e1967b39dbf27","isMergeCommit":false,"messageTitle":"Add test for LastContactCommand classes","messageBody":"","fileTypesAndContributionMap":{"functional-code":{"insertions":25,"deletions":3},"test-code":{"insertions":126,"deletions":0}}},{"hash":"5c2cfb0b254271179bffa5ae57c04a7e673b3516","isMergeCommit":true,"messageTitle":"Merge branch \u0027master\u0027 into addLastContactedCommand","messageBody":"","fileTypesAndContributionMap":{}},{"hash":"7fa751d0d79d7836670d6a95be1304705cb802cb","isMergeCommit":true,"messageTitle":"Resolve merge conflict","messageBody":"","fileTypesAndContributionMap":{}},{"hash":"b1e582ca1ce4d733c2fb5facb9b4f78d91579eb7","isMergeCommit":true,"messageTitle":"Merge remote-tracking branch \u0027origin/addLastContactedCommand\u0027 into addLastContactedCommand","messageBody":"# Conflicts:\n#\tsrc/test/data/JsonSerializableAddressBookTest/typicalPersonsAddressBook.json\n#\tsrc/test/java/seedu/address/testutil/TypicalPersons.java\n","fileTypesAndContributionMap":{}},{"hash":"15085aceef422a677949d368ffbab07d5593c500","isMergeCommit":false,"messageTitle":"Refactor according to style check","messageBody":"","fileTypesAndContributionMap":{"test-code":{"insertions":4,"deletions":2}}}]},{"date":"2024-03-16","commitResults":[{"hash":"50ff872eac1e5bd09e8536acd664b7dc32a6b730","isMergeCommit":false,"messageTitle":"Update userguide for lastcontact usage","messageBody":"","fileTypesAndContributionMap":{"docs":{"insertions":6,"deletions":3}}},{"hash":"dc21e919c4f3be5bf5cdab8f9fd0a0f170ffbb87","isMergeCommit":false,"messageTitle":"Add test for methods in SampleDataUtil class","messageBody":"","fileTypesAndContributionMap":{"test-code":{"insertions":60,"deletions":0}}},{"hash":"84e43654888139c8a08753fb72bdd965e675aa1a","isMergeCommit":false,"messageTitle":"Refactor the order of imports","messageBody":"","fileTypesAndContributionMap":{"test-code":{"insertions":2,"deletions":2}}},{"hash":"35124461a173c6234f9deaed604488676e67735c","isMergeCommit":false,"messageTitle":"Add test to provide more test coverage","messageBody":"","fileTypesAndContributionMap":{"functional-code":{"insertions":4,"deletions":2},"test-code":{"insertions":88,"deletions":0}}},{"hash":"edb5e80ae25e7cf288496269c4b0f748de8dca07","isMergeCommit":false,"messageTitle":"Add test for LastContact equals method for null case","messageBody":"","fileTypesAndContributionMap":{"test-code":{"insertions":1,"deletions":0}}}]}],"tanyunchao":[{"date":"2024-03-07","commitResults":[{"hash":"cb798957fe6b17fec46b9287f57dfdd012b85437","isMergeCommit":false,"messageTitle":"Update team member image in AboutUs.md","messageBody":"","fileTypesAndContributionMap":{"docs":{"insertions":1,"deletions":1}}},{"hash":"2cb0a093131dcdf225136cd1cbd153e582c9fc5c","isMergeCommit":false,"messageTitle":"Add upcoming command to UserGuide.md","messageBody":"","fileTypesAndContributionMap":{"docs":{"insertions":12,"deletions":0}}},{"hash":"4f49775c069fcdba9ed0e4ad321c3363495a8ac4","isMergeCommit":false,"messageTitle":"Add use case for finding upcoming contacts with appointments","messageBody":"","fileTypesAndContributionMap":{"docs":{"insertions":10,"deletions":0}}},{"hash":"42bf1825eb7c5d1dabb6950c5b79b4b1946f7ee4","isMergeCommit":true,"messageTitle":"Merge branch \u0027master\u0027 into DG-update","messageBody":"","fileTypesAndContributionMap":{}},{"hash":"d6209b9308bb89f9c23f26919fcad02d300eafd3","isMergeCommit":true,"messageTitle":"Merge branch \u0027master\u0027 into yc-ug-update","messageBody":"","fileTypesAndContributionMap":{}},{"hash":"a4270a722b8200ff13e70b067866fe1b0861166b","isMergeCommit":true,"messageTitle":"Merge pull request #35 from tanyunchao/yc-ug-update","messageBody":"Add upcoming command to UserGuide.md","fileTypesAndContributionMap":{}}]},{"date":"2024-03-16","commitResults":[{"hash":"1f3207598549d6484604c3aa8516a04314574aca","isMergeCommit":true,"messageTitle":"Merge pull request #54 from Colex2000/addLastContactedCommand","messageBody":"Add last contacted command","fileTypesAndContributionMap":{}}]}]},"authorFileTypeContributionMap":{"SimHanKiong":{"docs":107,"functional-code":145,"test-code":276},"ziyang27":{"docs":329,"functional-code":154,"test-code":233},"Colex2000":{"docs":52,"functional-code":277,"test-code":357},"tanyunchao":{"docs":18,"functional-code":0,"test-code":0}},"authorContributionVariance":{"SimHanKiong":10127.733,"ziyang27":7680.1943,"Colex2000":8205.305,"tanyunchao":23.95464},"authorDisplayNameMap":{"SimHanKiong":"CS2103T-F13-2 SIM ..IONG","ziyang27":"CS2103T-F13-2 TAN ..YANG","Colex2000":"CS2103T-F13-2 TION.. YAO","tanyunchao":"CS2103T-F13-2 TAN ..CHAO"}}
