{"authorDailyContributionsMap":{"SimHanKiong":[],"ziyang27":[{"date":"2024-02-24","commitResults":[{"hash":"841126e514771c7799adf6add5b4e9b897e2f057","isMergeCommit":true,"messageTitle":"Merge pull request #1 from AY2324S2-CS2103T-F13-2/switch-docs-to-markbind","messageBody":"Switch docs to markbind","fileTypesAndContributionMap":{}},{"hash":"79dddc147247ad7afadbc038ac51939161b4dc54","isMergeCommit":false,"messageTitle":"Update default.md","messageBody":"","fileTypesAndContributionMap":{"docs":{"insertions":1,"deletions":1}}}]}],"Colex2000":[],"tanyunchao":[]},"authorFileTypeContributionMap":{"SimHanKiong":{"docs":0,"functional-code":0,"test-code":0},"ziyang27":{"docs":1,"functional-code":0,"test-code":0},"Colex2000":{"docs":0,"functional-code":0,"test-code":0},"tanyunchao":{"docs":0,"functional-code":0,"test-code":0}},"authorContributionVariance":{"SimHanKiong":0.0,"ziyang27":1.0,"Colex2000":0.0,"tanyunchao":0.0},"authorDisplayNameMap":{"SimHanKiong":"CS2103T-F13-2 SIM ..IONG","ziyang27":"CS2103T-F13-2 TAN ..YANG","Colex2000":"CS2103T-F13-2 TION.. YAO","tanyunchao":"CS2103T-F13-2 TAN ..CHAO"}}
