{"authorDailyContributionsMap":{"LargeCrowd":[{"date":"2024-03-07","commitResults":[{"hash":"78f0e6517babc94f40af97c948c5612eb5b10115","isMergeCommit":false,"messageTitle":"Update User Stories","messageBody":"","fileTypesAndContributionMap":{"docs":{"insertions":11,"deletions":8}}},{"hash":"d3e076dfad43eeb7206632fb98de2f690de32781","isMergeCommit":false,"messageTitle":"Update Use Cases","messageBody":"","fileTypesAndContributionMap":{"docs":{"insertions":42,"deletions":7}}},{"hash":"faef8d909490981c9a28374a026a6c77a2a37ee7","isMergeCommit":false,"messageTitle":"Update DeveloperGuide.md","messageBody":"","fileTypesAndContributionMap":{"docs":{"insertions":30,"deletions":12}}}]}],"Hibeom0929":[{"date":"2024-03-07","commitResults":[{"hash":"6789c64d3d22c6f2c260e7e0cf94d96ecfb36c22","isMergeCommit":false,"messageTitle":"Update DG target profile and value proposition","messageBody":"","fileTypesAndContributionMap":{"docs":{"insertions":4,"deletions":2}}}]}],"E0735389":[{"date":"2024-03-07","commitResults":[{"hash":"ff49101c91daade683692b9afd09a79bcd5ab1f7","isMergeCommit":true,"messageTitle":"Merge pull request #12 from LargeCrowd/update-dg","messageBody":"Update DG (User Stories, Use Cases)","fileTypesAndContributionMap":{}},{"hash":"230176e548a5e8bcba1fbc79d778d04f072a33e7","isMergeCommit":true,"messageTitle":"Merge pull request #14 from ChillinRage/update-dg-nfr","messageBody":"Update DG non-functional requirements","fileTypesAndContributionMap":{}},{"hash":"80e8b7ca1b270cd0e535da19b106689053e71b7b","isMergeCommit":true,"messageTitle":"Merge pull request #15 from Hibeom0929/update-dg","messageBody":"Update DG target profile and value proposition","fileTypesAndContributionMap":{}},{"hash":"ef7dc353d21acfc218290219209305b4b28e6d47","isMergeCommit":false,"messageTitle":"Fix a typo in AboutUs","messageBody":"","fileTypesAndContributionMap":{"docs":{"insertions":1,"deletions":1}}},{"hash":"d0d498f2638791fb4e22831c55d06c9d1647bb42","isMergeCommit":false,"messageTitle":"Restore Jekyll front matter","messageBody":"","fileTypesAndContributionMap":{"docs":{"insertions":2,"deletions":0}}},{"hash":"2df6d1cdebab940bde7031313147f927fd9ffc6e","isMergeCommit":false,"messageTitle":"Add acknowledgement of AB3 to README","messageBody":"","fileTypesAndContributionMap":{"docs":{"insertions":2,"deletions":0}}},{"hash":"eface06c98e99218e6cfe4c11bbe12c29ead1081","isMergeCommit":true,"messageTitle":"Merge pull request #17 from E0735389/update-aboutus-and-readme","messageBody":"Update AboutUs and README","fileTypesAndContributionMap":{}},{"hash":"3a2b3956d4b71dc2dac2cd6c4358eb8fb9c6686e","isMergeCommit":true,"messageTitle":"Merge pull request #18 from E0735389/update-jekyll-config","messageBody":"Update Jekyll configuration","fileTypesAndContributionMap":{}},{"hash":"76f3793381e46d17c14e9485181e61df737494a9","isMergeCommit":false,"messageTitle":"Update UserGuide partially to change program name","messageBody":"","fileTypesAndContributionMap":{"docs":{"insertions":8,"deletions":8}}},{"hash":"47b67ce8c8cc2b0f9f060f585f22980b5348b3fb","isMergeCommit":false,"messageTitle":"Update website homepage","messageBody":"","fileTypesAndContributionMap":{"docs":{"insertions":4,"deletions":4}}},{"hash":"eb051928decbd958f1074499d80e95c85fcbf8da","isMergeCommit":true,"messageTitle":"Merge pull request #19 from E0735389/update-website","messageBody":"Update website","fileTypesAndContributionMap":{}},{"hash":"0b590f2d21f16c972e7258c39f33031127ac79c5","isMergeCommit":false,"messageTitle":"Update the CodeCov and Java CI badges","messageBody":"","fileTypesAndContributionMap":{"docs":{"insertions":3,"deletions":3}}}]},{"date":"2024-03-08","commitResults":[{"hash":"5cd62d69f993c2ae4afe13456a2f9ee9dd1fbe10","isMergeCommit":true,"messageTitle":"Merge pull request #20 from E0735389/update-badges","messageBody":"Update the CodeCov and Java CI badges","fileTypesAndContributionMap":{}}]}],"reetmitra":[{"date":"2024-03-07","commitResults":[{"hash":"779314b5f3873060e1bdf113d45ea6e77e46395a","isMergeCommit":false,"messageTitle":"Update \u0027About Us\u0027 page with new team member profiles and photos","messageBody":"- Add profiles for the new team members, including their roles and\n  github links.\n- Update existing team member profiles with current project roles and\n  recent achievements.\n- Replace outdated team photos with recent ones.\n","fileTypesAndContributionMap":{"docs":{"insertions":20,"deletions":28}}},{"hash":"b9cc98a6c1949211a1d1b255817be078815fb514","isMergeCommit":false,"messageTitle":"Update README with UI screenshot and project-specific contents","messageBody":"- Add a new screenshot of the project\u0027s UI to give newcomers a visual\n  introduction to our interface.  This should help in providing a\n  clearer idea of what to expect before diving into the details or\n  installation process.\n\n- Update all sections of the README to align with our project\u0027s\n  specific features, usage instructions, and contribution guidelines.\n  This ensures that the documentation is not only up-to-date but also\n  relevant to our project\u0027s current version.\n\n- Revise the installation and setup instructions to reflect any recent\n  changes in the process, ensure that users can get up and running\n  with minimal confusion.\n","fileTypesAndContributionMap":{"docs":{"insertions":53,"deletions":10}}}]}],"ChillinRage":[{"date":"2024-03-07","commitResults":[{"hash":"358b6d4eaef20d125df48773d8f1b3ed3bb5dc88","isMergeCommit":false,"messageTitle":"Add points to non-functional requirements","messageBody":"","fileTypesAndContributionMap":{"docs":{"insertions":7,"deletions":1}}},{"hash":"cd82ed1e5bc7f37247ec750ecc5915bf9d4ceb40","isMergeCommit":false,"messageTitle":"Update DG non-functional requirements","messageBody":"","fileTypesAndContributionMap":{"docs":{"insertions":2,"deletions":2}}}]}]},"authorFileTypeContributionMap":{"LargeCrowd":{"docs":69,"functional-code":0,"test-code":0},"Hibeom0929":{"docs":4,"functional-code":0,"test-code":0},"E0735389":{"docs":18,"functional-code":0,"test-code":0},"reetmitra":{"docs":72,"functional-code":0,"test-code":0},"ChillinRage":{"docs":7,"functional-code":0,"test-code":0}},"authorContributionVariance":{"LargeCrowd":752.8888,"Hibeom0929":2.24,"E0735389":80.64,"reetmitra":766.63995,"ChillinRage":8.96},"authorDisplayNameMap":{"LargeCrowd":"CS2103T-T11-2 TIMO..SONG","Hibeom0929":"CS2103T-T11-2 YANG..BEOM","E0735389":"CS2103T-T11-2 BUI .. DUC","reetmitra":"CS2103T-T11-2 MITR..REET","ChillinRage":"CS2103T-T11-2 CHON.. HOW"}}
