{"authorDailyContributionsMap":{"wilsonwid":[{"date":"2024-03-06","commitResults":[{"hash":"919ce8137e880425033368ee7c4b8e81e7e36aba","isMergeCommit":true,"messageTitle":"Merge pull request #17 from ChuaZiLong/master","messageBody":" Update README, AboutUs and personal information","fileTypesAndContributionMap":{}}]},{"date":"2024-03-07","commitResults":[{"hash":"153718103fc909e4e3a483f9eb55ee7749f12942","isMergeCommit":false,"messageTitle":"Add README changes","messageBody":"","fileTypesAndContributionMap":{"docs":{"insertions":7,"deletions":3}}},{"hash":"4ea83ef080603f2e0712c84f3607eb7c638791ef","isMergeCommit":false,"messageTitle":"Update README.md","messageBody":"","fileTypesAndContributionMap":{"docs":{"insertions":4,"deletions":4}}},{"hash":"64fc99e8acc484cc86476013d4c0c27f82dd40b6","isMergeCommit":false,"messageTitle":"Add UG importing","messageBody":"","fileTypesAndContributionMap":{"docs":{"insertions":31,"deletions":15}}}]},{"date":"2024-03-10","commitResults":[{"hash":"d33bc0a74ca74305cdbefb61620c955017fd45ec","isMergeCommit":false,"messageTitle":"Add personal info to AboutUs","messageBody":"","fileTypesAndContributionMap":{"docs":{"insertions":19,"deletions":20}}},{"hash":"59ba78a0c2ac0550deef2f29add36a89d203141e","isMergeCommit":false,"messageTitle":"Fix formatting issues","messageBody":"","fileTypesAndContributionMap":{"docs":{"insertions":2,"deletions":2}}},{"hash":"198b689bd04775113b9d621c6a7b6495bd6fef5a","isMergeCommit":false,"messageTitle":"Update github link","messageBody":"","fileTypesAndContributionMap":{"docs":{"insertions":1,"deletions":1}}},{"hash":"8af499e926fb2097a3fc95206230a7a07cbea45b","isMergeCommit":true,"messageTitle":"Merge pull request #22 from wilsonwid/wilsonwid-readme","messageBody":"Add documentation","fileTypesAndContributionMap":{}},{"hash":"de94a88c0345e231922965a12bcf908e30b0b865","isMergeCommit":true,"messageTitle":"Merge pull request #20 from ChuaZiLong/master","messageBody":"Update the UG and DG","fileTypesAndContributionMap":{}}]},{"date":"2024-03-11","commitResults":[{"hash":"ab893d5f38655ff083d4ab322237736b618c1098","isMergeCommit":false,"messageTitle":"Update DG formatting and content","messageBody":"","fileTypesAndContributionMap":{"docs":{"insertions":48,"deletions":45}}},{"hash":"f19ce87a289d3961d2779113a6b4b7efd3cd663d","isMergeCommit":false,"messageTitle":"Update UG with content","messageBody":"","fileTypesAndContributionMap":{"docs":{"insertions":9,"deletions":26}}},{"hash":"eaaf1dc794d719e6fd573de0b3f82a461c870163","isMergeCommit":false,"messageTitle":"Add DG","messageBody":"","fileTypesAndContributionMap":{"docs":{"insertions":26,"deletions":12}}},{"hash":"6c23d92b27cd8c64231cceba28b6e4a198ebb66e","isMergeCommit":false,"messageTitle":"Update DG with user stories","messageBody":"","fileTypesAndContributionMap":{"docs":{"insertions":30,"deletions":30}}},{"hash":"c75f5c784a2333ffa887cd9d34cc6301f6fba5ce","isMergeCommit":false,"messageTitle":"Delete redundant line","messageBody":"","fileTypesAndContributionMap":{"docs":{"insertions":0,"deletions":1}}},{"hash":"5346f97d988f3290d3daf693f0839e5c25ff9505","isMergeCommit":false,"messageTitle":"Add skeleton code for importing","messageBody":"","fileTypesAndContributionMap":{"functional-code":{"insertions":42,"deletions":10}}},{"hash":"cd7300c79b99066d3a155f18db42266cef97d8be","isMergeCommit":false,"messageTitle":"Update format of import statement","messageBody":"","fileTypesAndContributionMap":{"docs":{"insertions":14,"deletions":14}}},{"hash":"be6e9c0193adc9fe763dd01ea519a523e53676c1","isMergeCommit":false,"messageTitle":"Add more logic for importing","messageBody":"","fileTypesAndContributionMap":{"functional-code":{"insertions":56,"deletions":3}}}]},{"date":"2024-03-12","commitResults":[{"hash":"351e1117fc52278d5cb30db5ca962da12391dfc4","isMergeCommit":true,"messageTitle":"Merge pull request #52 from wilsonwid/wilsonwid-docs","messageBody":"Update formatting of DG and UG","fileTypesAndContributionMap":{}},{"hash":"55435970dcf2508146967a9ff98c69ece6572b75","isMergeCommit":false,"messageTitle":"Add execution for import","messageBody":"","fileTypesAndContributionMap":{"functional-code":{"insertions":49,"deletions":2}}}]},{"date":"2024-03-13","commitResults":[{"hash":"d512cff8e8f58e933c330378488a3ced1b2dc57e","isMergeCommit":true,"messageTitle":"Merge pull request #55 from sarjinius/update-about-us-page","messageBody":"","fileTypesAndContributionMap":{}}]},{"date":"2024-03-15","commitResults":[{"hash":"e622d8f3f6d0661eb2b88de1748c3afd9ab924d5","isMergeCommit":true,"messageTitle":"Merge pull request #58 from AY2324S2-CS2103T-W08-3/temp-tahsin-aboutUS","messageBody":"Added info about tahsin","fileTypesAndContributionMap":{}}]},{"date":"2024-03-16","commitResults":[{"hash":"4e6d85375062b9870507d376438d062d558dbde2","isMergeCommit":false,"messageTitle":"Add error message and streaming","messageBody":"","fileTypesAndContributionMap":{"functional-code":{"insertions":23,"deletions":4}}},{"hash":"2a2eedc4563f3694d69fd121882c20824235b48b","isMergeCommit":false,"messageTitle":"Add import command exceptions","messageBody":"","fileTypesAndContributionMap":{"functional-code":{"insertions":1,"deletions":1}}},{"hash":"fad448f76f2073137eefb8f61b1413793623d8eb","isMergeCommit":false,"messageTitle":"Add Filename object","messageBody":"","fileTypesAndContributionMap":{"functional-code":{"insertions":76,"deletions":3}}},{"hash":"d7dc351ad2003f1e69080e5cbff0f87b23d8f779","isMergeCommit":false,"messageTitle":"Add more SLAP to ImportCommand","messageBody":"","fileTypesAndContributionMap":{"functional-code":{"insertions":75,"deletions":26}}},{"hash":"cdd3c05623dd2e02c3279b0a80d5a67a2c231ece","isMergeCommit":false,"messageTitle":"Add importing and better duplicate reporting","messageBody":"","fileTypesAndContributionMap":{"functional-code":{"insertions":6,"deletions":4}}},{"hash":"8437133cfb9b29d3fdc3403bfa89648e47431e95","isMergeCommit":false,"messageTitle":"Add testing, move ModelStub","messageBody":"","fileTypesAndContributionMap":{"functional-code":{"insertions":91,"deletions":3},"test-code":{"insertions":90,"deletions":81}}},{"hash":"0d87d5e953bea867c198c248b21ae89596864c1b","isMergeCommit":false,"messageTitle":"Move ModelStub","messageBody":"","fileTypesAndContributionMap":{"other":{"insertions":0,"deletions":0}}},{"hash":"57f0709029dccffe8f157e31b0663881a3c737bf","isMergeCommit":false,"messageTitle":"Fix checkstyle violations","messageBody":"","fileTypesAndContributionMap":{"functional-code":{"insertions":33,"deletions":14}}},{"hash":"1eab64d26e973dc7c0008f34e5a80db168f5c1aa","isMergeCommit":false,"messageTitle":"Add space and delete redundant import","messageBody":"","fileTypesAndContributionMap":{"test-code":{"insertions":6,"deletions":5}}},{"hash":"434496cbf80a8aa1c67b76f26dafb8b55a6d422b","isMergeCommit":false,"messageTitle":"Fix checkstyle in test","messageBody":"","fileTypesAndContributionMap":{"test-code":{"insertions":14,"deletions":9}}},{"hash":"120f1ffb1fd591f88a94431db2a10499c1a3f68a","isMergeCommit":false,"messageTitle":"Add successful test","messageBody":"","fileTypesAndContributionMap":{"functional-code":{"insertions":1,"deletions":1},"test-code":{"insertions":20,"deletions":33}}},{"hash":"e692fd5395f8f150a6c062142e42e49093f1b2b0","isMergeCommit":false,"messageTitle":"Add test code for parser","messageBody":"","fileTypesAndContributionMap":{"functional-code":{"insertions":0,"deletions":1},"test-code":{"insertions":42,"deletions":0}}}]},{"date":"2024-03-17","commitResults":[{"hash":"3f78ca1807a84de140cbb77bf979cf3ba0c85414","isMergeCommit":false,"messageTitle":"Add importparser tests","messageBody":"","fileTypesAndContributionMap":{"functional-code":{"insertions":2,"deletions":3},"test-code":{"insertions":12,"deletions":16}}},{"hash":"4578e93b78f839e6973145a62d69ebd1c5d6ac33","isMergeCommit":false,"messageTitle":"Fix checkstyle","messageBody":"","fileTypesAndContributionMap":{"functional-code":{"insertions":3,"deletions":2},"test-code":{"insertions":4,"deletions":3}}},{"hash":"986cd588e532d0628d0960cc87c8379aea9f1985","isMergeCommit":false,"messageTitle":"Add new parseFiles test","messageBody":"","fileTypesAndContributionMap":{"test-code":{"insertions":36,"deletions":0}}},{"hash":"e31fdbc35654cf6792ba524c75b02e4f8e28e34b","isMergeCommit":false,"messageTitle":"Add to AddressBookParserTest","messageBody":"","fileTypesAndContributionMap":{"test-code":{"insertions":7,"deletions":8}}},{"hash":"563941386b391578a9966d9627a968afda8b5756","isMergeCommit":false,"messageTitle":"Fix test","messageBody":"","fileTypesAndContributionMap":{"test-code":{"insertions":2,"deletions":2}}},{"hash":"6669de155f674726b20be619eb5891f94c44cfc9","isMergeCommit":false,"messageTitle":"Fix checkstyle issues","messageBody":"","fileTypesAndContributionMap":{"test-code":{"insertions":13,"deletions":3}}},{"hash":"8b74f111836f316b10be49b82e67ac5c559e24ed","isMergeCommit":false,"messageTitle":"Add filename test","messageBody":"","fileTypesAndContributionMap":{"test-code":{"insertions":32,"deletions":0}}},{"hash":"daf762af9e0befeddf4dc076dbb5080d2c5d5be5","isMergeCommit":false,"messageTitle":"Update gradle","messageBody":"","fileTypesAndContributionMap":{"other":{"insertions":1,"deletions":1}}},{"hash":"fa30a574993706c32db9d83d99b8222666835151","isMergeCommit":false,"messageTitle":"Revert gradle version","messageBody":"","fileTypesAndContributionMap":{"other":{"insertions":1,"deletions":1}}},{"hash":"08fae9468315f1d49e73fbc30502d233b98ab2fc","isMergeCommit":false,"messageTitle":"Change unknown file name","messageBody":"","fileTypesAndContributionMap":{"test-code":{"insertions":1,"deletions":1}}},{"hash":"f30aaef8a97df858a2555a87e1e93976693b9bcb","isMergeCommit":false,"messageTitle":"Change test type","messageBody":"","fileTypesAndContributionMap":{"test-code":{"insertions":2,"deletions":2}}},{"hash":"3d6cced1bad98273bd8e372a0182c25394131659","isMergeCommit":false,"messageTitle":"Attempt to fix buggy test on Windows","messageBody":"","fileTypesAndContributionMap":{"test-code":{"insertions":9,"deletions":9}}},{"hash":"c14139fa54ec05f530e4a9c03e6be30d8880e6dd","isMergeCommit":false,"messageTitle":"Deleted commented code","messageBody":"","fileTypesAndContributionMap":{"test-code":{"insertions":0,"deletions":10}}},{"hash":"a599d813b3b96f489d7137c432399073354f0bb4","isMergeCommit":false,"messageTitle":"Delete redundant import","messageBody":"","fileTypesAndContributionMap":{"test-code":{"insertions":0,"deletions":1}}},{"hash":"80f047b313fd1e58d71f408bc4d1972814e6a6d5","isMergeCommit":false,"messageTitle":"Add whitespace testcase","messageBody":"","fileTypesAndContributionMap":{"test-code":{"insertions":5,"deletions":2}}},{"hash":"dc100c31c3fdcd0f3db0b7d2fbf9b0c9d5598e4a","isMergeCommit":false,"messageTitle":"Add new command for duplicate persons","messageBody":"","fileTypesAndContributionMap":{"test-code":{"insertions":13,"deletions":0}}},{"hash":"734c96b61b8d8d7660f0eaa077d48901a2ac302a","isMergeCommit":false,"messageTitle":"Fix checkstyle","messageBody":"","fileTypesAndContributionMap":{"test-code":{"insertions":2,"deletions":1}}},{"hash":"238743aeb1ed4366aac41d8e4458bbe2909740b9","isMergeCommit":false,"messageTitle":"Add file not exist test","messageBody":"","fileTypesAndContributionMap":{"test-code":{"insertions":15,"deletions":0}}},{"hash":"137f325767c5341bb56c7ef94392bb8b90b46496","isMergeCommit":false,"messageTitle":"Add exception catching tests","messageBody":"","fileTypesAndContributionMap":{"test-code":{"insertions":52,"deletions":0}}},{"hash":"c30c11603820028cc823d495dc0418297e2980f5","isMergeCommit":false,"messageTitle":"Modify test]","messageBody":"","fileTypesAndContributionMap":{"test-code":{"insertions":4,"deletions":6}}},{"hash":"0a7e41dcc39179a85c7a0930172d350356bc31a4","isMergeCommit":false,"messageTitle":"Remove unused toString command","messageBody":"","fileTypesAndContributionMap":{"functional-code":{"insertions":0,"deletions":7}}},{"hash":"205ed26cdc1f61af6582174e711517db1f92f7d8","isMergeCommit":false,"messageTitle":"Remove unused import","messageBody":"","fileTypesAndContributionMap":{"functional-code":{"insertions":0,"deletions":1}}},{"hash":"ee195ac840fbd891ad78220d4c5d0f9bfb555d15","isMergeCommit":true,"messageTitle":"Merge pull request #59 from wilsonwid/wilsonwid-import","messageBody":"Add import capabilities","fileTypesAndContributionMap":{}},{"hash":"3ce03c5c50b8ae4c00104bcae2e09d9a0cfcf25d","isMergeCommit":false,"messageTitle":"Delete ModelStub and return to original","messageBody":"","fileTypesAndContributionMap":{"test-code":{"insertions":81,"deletions":85}}},{"hash":"8a6f537fb71ef9828b4c6e62c107fde424ad8fdd","isMergeCommit":false,"messageTitle":"Fix checkstyle","messageBody":"","fileTypesAndContributionMap":{"test-code":{"insertions":3,"deletions":2}}},{"hash":"bc87fea958a58684a3e99d5480cc13a81f5bf809","isMergeCommit":false,"messageTitle":"Replaced uses of seedu with scm","messageBody":"","fileTypesAndContributionMap":{"other":{"insertions":864,"deletions":862},"docs":{"insertions":22,"deletions":22},"test-code":{"insertions":2,"deletions":2}}},{"hash":"0a7972cec136f4a002619c5d58832e6e2084f53f","isMergeCommit":false,"messageTitle":"Change links back to original","messageBody":"","fileTypesAndContributionMap":{"docs":{"insertions":7,"deletions":7}}},{"hash":"a14aa2806906591dd008612132a27d154902767b","isMergeCommit":true,"messageTitle":"Merge pull request #60 from wilsonwid/wilsonwid-import","messageBody":"Revert ModelStub back to original state","fileTypesAndContributionMap":{}},{"hash":"2658db68241448a1399c6b9a0f1372fde7b3aea1","isMergeCommit":true,"messageTitle":"Merge branch \u0027wilsonwid-wilsonwid-package-update\u0027","messageBody":"","fileTypesAndContributionMap":{}},{"hash":"a00bd34a8c5377c439022d0a8ebf8235e5a1f019","isMergeCommit":true,"messageTitle":"Fix merge conflict","messageBody":"","fileTypesAndContributionMap":{}},{"hash":"6fba80d22d742a589bbe8fe4ddf140607144ccc4","isMergeCommit":false,"messageTitle":"Modified seedu to scm","messageBody":"","fileTypesAndContributionMap":{"functional-code":{"insertions":12,"deletions":27},"docs":{"insertions":7,"deletions":7},"test-code":{"insertions":45,"deletions":133}}},{"hash":"82164498e93b4787fc9ef61df620b90652120b82","isMergeCommit":false,"messageTitle":"Revert some scm to seedu","messageBody":"","fileTypesAndContributionMap":{"docs":{"insertions":7,"deletions":7}}},{"hash":"313073777f1e2ecbc2ce4eebbc2236af2b53152d","isMergeCommit":false,"messageTitle":"Fix checkstyle issues","messageBody":"","fileTypesAndContributionMap":{"functional-code":{"insertions":2,"deletions":2},"docs":{"insertions":21,"deletions":21},"test-code":{"insertions":0,"deletions":32}}},{"hash":"943424774309f8900aab4b72d1ba3436f722b35d","isMergeCommit":false,"messageTitle":"Delete johndoe.md","messageBody":"","fileTypesAndContributionMap":{"docs":{"insertions":0,"deletions":75}}},{"hash":"d07687ee5d668759ab6da6f5dbbee4c22770744f","isMergeCommit":true,"messageTitle":"Merge pull request #63 from wilsonwid/wilsonwid-naming-conventions","messageBody":"Changed naming conventions","fileTypesAndContributionMap":{}}]},{"date":"2024-03-18","commitResults":[{"hash":"2d17b11bd621153378f5e34e79ed4529587d9392","isMergeCommit":true,"messageTitle":"Merge pull request #65 from AY2324S2-CS2103T-W08-3/temp-tahsin-aboutUS","messageBody":"Changed image name to github username","fileTypesAndContributionMap":{}}]},{"date":"2024-03-21","commitResults":[{"hash":"7b5d94ea8e2a1c632d6192e581c81a0f7e9d18b7","isMergeCommit":true,"messageTitle":"Merge pull request #66 from sarjinius/find-enhanced","messageBody":"Enhance find command capabilities","fileTypesAndContributionMap":{}},{"hash":"158efcc4a33b12149d00d01f06f744b18f767afc","isMergeCommit":false,"messageTitle":"Fix FindAndExportCommand","messageBody":"","fileTypesAndContributionMap":{"functional-code":{"insertions":12,"deletions":18}}},{"hash":"e6eae010bf5f322b688e553ba6aa8321c5c68656","isMergeCommit":false,"messageTitle":"Fix default filepath","messageBody":"","fileTypesAndContributionMap":{"functional-code":{"insertions":9,"deletions":1}}},{"hash":"ea38d342f9c9ef56e32e98d9611de1564179a607","isMergeCommit":false,"messageTitle":"Remove redundant constructor","messageBody":"","fileTypesAndContributionMap":{"functional-code":{"insertions":0,"deletions":7}}},{"hash":"4ced01b8181f4dc876b27be43683be4ff0d4a99a","isMergeCommit":false,"messageTitle":"Modify filename regex","messageBody":"","fileTypesAndContributionMap":{"functional-code":{"insertions":1,"deletions":1}}},{"hash":"0b28153e3908f9528a3730a5c952f551d2759ec1","isMergeCommit":false,"messageTitle":"Update developer guide and user guide","messageBody":"","fileTypesAndContributionMap":{"docs":{"insertions":12,"deletions":25}}},{"hash":"0c14b07744f8c5e0e41eaa1a120afa7e37c0da75","isMergeCommit":true,"messageTitle":"Merge pull request #67 from ChuaZiLong/branch-UML","messageBody":"Include find and export in uml diagrams","fileTypesAndContributionMap":{}},{"hash":"28200fe45506eaed7246a053c9d17cdb31e00215","isMergeCommit":true,"messageTitle":"Merge pull request #70 from wilsonwid/wilsonwid-docs2","messageBody":"Update developer guide and user guide","fileTypesAndContributionMap":{}},{"hash":"640379764dbfa909d523add52f43144cdf6ca4a1","isMergeCommit":false,"messageTitle":"Add notes to PUML files","messageBody":"","fileTypesAndContributionMap":{"docs":{"insertions":6,"deletions":2}}},{"hash":"9f14b629057ab46f2f2c4723e06af383199dbfb4","isMergeCommit":false,"messageTitle":"Fix docs","messageBody":"","fileTypesAndContributionMap":{"docs":{"insertions":2,"deletions":2}}},{"hash":"f47ffabc75c5645f8c5473dc75c2f4def9077f5f","isMergeCommit":false,"messageTitle":"Add more fixes to user guide","messageBody":"","fileTypesAndContributionMap":{"docs":{"insertions":2,"deletions":2}}}]},{"date":"2024-03-30","commitResults":[{"hash":"18ebcda692712be60079b893e4bcd5ffdd0103f4","isMergeCommit":false,"messageTitle":"Add assertions to gradle","messageBody":"","fileTypesAndContributionMap":{"other":{"insertions":4,"deletions":0}}},{"hash":"250c1785068b8e662c93f4c57cd98b9303cc44c1","isMergeCommit":true,"messageTitle":"Merge pull request #74 from ChuaZiLong/branch-Scheduling","messageBody":"Add skeleton code for adding schedules","fileTypesAndContributionMap":{}},{"hash":"b43d2e7924a55c384fdd45aea703e7ee9910f3f4","isMergeCommit":false,"messageTitle":"Add EditScheduleCommand and EditScheduleDescriptor","messageBody":"","fileTypesAndContributionMap":{"functional-code":{"insertions":201,"deletions":0}}},{"hash":"d6ba32535ff5bf68a12f9401c04abd86e7036498","isMergeCommit":true,"messageTitle":"Merge pull request #76 from ChuaZiLong/branch-Scheduling","messageBody":"Fix Schedule to take LocalDateTime as arguments instead of strings","fileTypesAndContributionMap":{}},{"hash":"d670aae831bcd2ec234fe084087a3a2d90a5762b","isMergeCommit":true,"messageTitle":"Merge branch \u0027master\u0027 into wilsonwid-edit-schedule","messageBody":"","fileTypesAndContributionMap":{}},{"hash":"dff1bc3c6e0f5a2e3cacd615e9924b21b3ff763e","isMergeCommit":false,"messageTitle":"Add functionality to EditScheduleCommand","messageBody":"","fileTypesAndContributionMap":{"functional-code":{"insertions":114,"deletions":14}}},{"hash":"0b3431ddf3e4ec86e6664b0d668743df765034a6","isMergeCommit":false,"messageTitle":"Add EditScheduleCommand capabilities","messageBody":"","fileTypesAndContributionMap":{"functional-code":{"insertions":25,"deletions":4}}},{"hash":"346b2a0447048369365101762ba282b58de79a82","isMergeCommit":false,"messageTitle":"Add filtering to ModelManager","messageBody":"","fileTypesAndContributionMap":{"functional-code":{"insertions":10,"deletions":2}}},{"hash":"dac4219af6c0aa64893cec77d0a5e87ee3148359","isMergeCommit":false,"messageTitle":"Add to ModelStub","messageBody":"","fileTypesAndContributionMap":{"test-code":{"insertions":15,"deletions":0}}}]},{"date":"2024-03-31","commitResults":[{"hash":"436b1dbdbaff3a70859ee4cc8de6084676a7e684","isMergeCommit":false,"messageTitle":"Add partial code for storage","messageBody":"","fileTypesAndContributionMap":{"functional-code":{"insertions":123,"deletions":1}}},{"hash":"a7b4acf99c60995cf6632fbe0b913b47e4287eb2","isMergeCommit":false,"messageTitle":"Add javadoc and validation checks","messageBody":"","fileTypesAndContributionMap":{"functional-code":{"insertions":65,"deletions":9}}},{"hash":"dfefdcbd88e757f23b0bfbb77788fb6242c39b2e","isMergeCommit":false,"messageTitle":"Add schedule saving code","messageBody":"","fileTypesAndContributionMap":{"functional-code":{"insertions":70,"deletions":0}}},{"hash":"1092e8f2b5bf10827734e6406a1ca3510fd848ed","isMergeCommit":false,"messageTitle":"Add saving capabilities for schedules","messageBody":"","fileTypesAndContributionMap":{"functional-code":{"insertions":266,"deletions":18},"test-code":{"insertions":9,"deletions":4}}},{"hash":"e033d42b041137d0c5af7e252f1aecb063ee6a73","isMergeCommit":false,"messageTitle":"Add checkstyle corrections","messageBody":"","fileTypesAndContributionMap":{"functional-code":{"insertions":158,"deletions":26},"test-code":{"insertions":2,"deletions":1}}},{"hash":"14ed502d0c8ba0937906a4fab326257c29911d75","isMergeCommit":false,"messageTitle":"Add schedule testing code","messageBody":"","fileTypesAndContributionMap":{"functional-code":{"insertions":12,"deletions":3},"test-code":{"insertions":149,"deletions":0}}},{"hash":"a19969657622730e9c7699465504826b0d8f4096","isMergeCommit":false,"messageTitle":"Add tests for JsonAdaptedSchedule","messageBody":"","fileTypesAndContributionMap":{"functional-code":{"insertions":5,"deletions":2},"test-code":{"insertions":104,"deletions":1}}},{"hash":"3835699386e9ec4c79e7b02269600f8145f5f6a1","isMergeCommit":false,"messageTitle":"Corrected checkstyle errors in test","messageBody":"","fileTypesAndContributionMap":{"test-code":{"insertions":4,"deletions":4}}},{"hash":"c6465ae00b5716145f403cd690a2904ffd3f1344","isMergeCommit":false,"messageTitle":"Add javadoc","messageBody":"","fileTypesAndContributionMap":{"test-code":{"insertions":3,"deletions":0}}},{"hash":"9f748f4e5cb2aafdf66c3f2a6c3894ab81b31d9e","isMergeCommit":false,"messageTitle":"Add javadoc comment to Schedule","messageBody":"","fileTypesAndContributionMap":{"functional-code":{"insertions":8,"deletions":0}}},{"hash":"843c8386d3c7ad847f872e9ff6d0d964fe6455de","isMergeCommit":false,"messageTitle":"Add test to JsonAdaptedSchedule","messageBody":"","fileTypesAndContributionMap":{"functional-code":{"insertions":2,"deletions":2},"test-code":{"insertions":6,"deletions":0}}},{"hash":"16162ad016e7d8239941d6fd3edac6ceeb209a41","isMergeCommit":false,"messageTitle":"Add null test","messageBody":"","fileTypesAndContributionMap":{"functional-code":{"insertions":3,"deletions":0},"test-code":{"insertions":22,"deletions":0}}},{"hash":"26afcf84feedeb4f0eff98ace0a714750c4bc9d8","isMergeCommit":false,"messageTitle":"Add EditScheduleDescriptor test","messageBody":"","fileTypesAndContributionMap":{"functional-code":{"insertions":25,"deletions":3},"test-code":{"insertions":192,"deletions":12}}},{"hash":"a4bb150d9f2bdb9b9b972a4eb0a26f16bad3a632","isMergeCommit":false,"messageTitle":"Add modifications to tests and checkstyle","messageBody":"","fileTypesAndContributionMap":{"functional-code":{"insertions":45,"deletions":6},"test-code":{"insertions":52,"deletions":34}}},{"hash":"6150eabbd501f07d3da7a5fff5b9c1519356735f","isMergeCommit":false,"messageTitle":"Add javadoc comments","messageBody":"","fileTypesAndContributionMap":{"test-code":{"insertions":37,"deletions":0}}},{"hash":"27d517982ad14eb045e9498ca22c8177bcbe5158","isMergeCommit":false,"messageTitle":"Add EditScheduleCommandTests","messageBody":"","fileTypesAndContributionMap":{"functional-code":{"insertions":77,"deletions":3},"test-code":{"insertions":34,"deletions":26}}},{"hash":"34293aa15ab2018ffc55c2240eb1368578f6694e","isMergeCommit":false,"messageTitle":"Fix checkstyle errors","messageBody":"","fileTypesAndContributionMap":{"functional-code":{"insertions":23,"deletions":10}}},{"hash":"b3bddd0e110061fa825d59ee431e1219c0c829e6","isMergeCommit":false,"messageTitle":"Add test for EditScheduleCommandParser","messageBody":"","fileTypesAndContributionMap":{"functional-code":{"insertions":4,"deletions":5},"test-code":{"insertions":77,"deletions":0}}},{"hash":"d7e3c0c03f98c1102f7756969fe6203d6b6b1b19","isMergeCommit":false,"messageTitle":"Fix checkstyle errors","messageBody":"","fileTypesAndContributionMap":{"test-code":{"insertions":5,"deletions":3}}},{"hash":"5d210868ad694a8dfa8e9bd19954c2090f2d1c8e","isMergeCommit":true,"messageTitle":"Merge pull request #78 from wilsonwid/wilsonwid-edit-schedule","messageBody":"Implement schedule editing and schedule saving","fileTypesAndContributionMap":{}},{"hash":"44f982e885830a6756ba0fd697ac106fa77a161c","isMergeCommit":false,"messageTitle":"Add new UI","messageBody":"","fileTypesAndContributionMap":{"functional-code":{"insertions":178,"deletions":11}}},{"hash":"326587bb4dac80e6540a5bc7a0ec4228c66f3b69","isMergeCommit":false,"messageTitle":"Create schedule deletion and showing","messageBody":"","fileTypesAndContributionMap":{"functional-code":{"insertions":105,"deletions":1}}},{"hash":"4d709aa5d4e575b4c5cecf6eda86573a2de44a4e","isMergeCommit":false,"messageTitle":"Fix checkstyle issues and update test","messageBody":"","fileTypesAndContributionMap":{"functional-code":{"insertions":11,"deletions":9},"test-code":{"insertions":6,"deletions":2}}}]},{"date":"2024-04-01","commitResults":[{"hash":"cd0e4f3c69f7a2ce6f39930f626f0f9d9eccead4","isMergeCommit":false,"messageTitle":"Add DeleteScheduleCommandTest and javadoc","messageBody":"","fileTypesAndContributionMap":{"functional-code":{"insertions":6,"deletions":0},"test-code":{"insertions":46,"deletions":0}}},{"hash":"cb860f5339d210dc378bd6a2bdfeed1fa16d26de","isMergeCommit":false,"messageTitle":"Add DeleteScheduleCommandParserTest","messageBody":"","fileTypesAndContributionMap":{"test-code":{"insertions":29,"deletions":1}}},{"hash":"e52ca6b73271ef7deb6721fb999784672ebdf78f","isMergeCommit":false,"messageTitle":"Corrected tests and checkstyle","messageBody":"","fileTypesAndContributionMap":{"functional-code":{"insertions":22,"deletions":0},"test-code":{"insertions":5,"deletions":4}}},{"hash":"cac7da849f429d1f425d0889a1a806c8c2b9f650","isMergeCommit":false,"messageTitle":"Add ListScheduleCommandTest","messageBody":"","fileTypesAndContributionMap":{"test-code":{"insertions":43,"deletions":0}}},{"hash":"24abd5471048f07461b7258f723bc751ea51e059","isMergeCommit":false,"messageTitle":"Add tests to DeleteScheduleCommandTest","messageBody":"","fileTypesAndContributionMap":{"test-code":{"insertions":22,"deletions":0}}},{"hash":"11e3e010a95036a97c7473cf5fd182eaa396213e","isMergeCommit":false,"messageTitle":"Add 2 tests to AddressBookParserTest","messageBody":"","fileTypesAndContributionMap":{"test-code":{"insertions":43,"deletions":0}}},{"hash":"5df7e49cb6dba8a56705b5bf8afcda29e285f097","isMergeCommit":false,"messageTitle":"Add equality tests","messageBody":"","fileTypesAndContributionMap":{"test-code":{"insertions":5,"deletions":1}}},{"hash":"6662e264dfb4c079c39c0038cb8f7425e916aa1b","isMergeCommit":false,"messageTitle":"Add reflexive equality test","messageBody":"","fileTypesAndContributionMap":{"test-code":{"insertions":2,"deletions":0}}},{"hash":"086a1ab9e0dc2725689ffd1a0c5f9439724c8de3","isMergeCommit":false,"messageTitle":"Add to LogicManagerTest","messageBody":"","fileTypesAndContributionMap":{"test-code":{"insertions":23,"deletions":0}}},{"hash":"00163cfc35b2d6a6844d37f1ab5a4da795d52b9f","isMergeCommit":false,"messageTitle":"Add fix for schedule list saving","messageBody":"","fileTypesAndContributionMap":{"functional-code":{"insertions":5,"deletions":3}}},{"hash":"4a148deb87273e1a79734f40674bc74f157bfdb8","isMergeCommit":true,"messageTitle":"Merge pull request #80 from wilsonwid/wilsonwid-ui","messageBody":"UI improvements; read and delete operations for schedules","fileTypesAndContributionMap":{}}]},{"date":"2024-04-02","commitResults":[{"hash":"4aa0aa3e959712e9fc266683fe323e6163d366ab","isMergeCommit":false,"messageTitle":"Add more tests","messageBody":"","fileTypesAndContributionMap":{"functional-code":{"insertions":2,"deletions":2},"test-code":{"insertions":27,"deletions":1}}},{"hash":"d85d9f7daaebee5584b48d7c51528c689d6aaf52","isMergeCommit":false,"messageTitle":"Add more tests","messageBody":"","fileTypesAndContributionMap":{"test-code":{"insertions":48,"deletions":0}}},{"hash":"8b30cf0684cf3a8ac00c0acc44f318635ba748e2","isMergeCommit":false,"messageTitle":"Add tests","messageBody":"","fileTypesAndContributionMap":{"test-code":{"insertions":3,"deletions":0}}},{"hash":"0e828ee617050299df2df9382bdb38781bc425ee","isMergeCommit":false,"messageTitle":"Add equality test","messageBody":"","fileTypesAndContributionMap":{"test-code":{"insertions":1,"deletions":0}}},{"hash":"08102eb209a866d12fe2ed8557f8bfa2e273f82d","isMergeCommit":false,"messageTitle":"Add more tests","messageBody":"","fileTypesAndContributionMap":{"test-code":{"insertions":85,"deletions":0}}},{"hash":"0e75181292dc0390c3939a90a53268f393f89af2","isMergeCommit":false,"messageTitle":"Fix checkstyle issues\u0027","messageBody":"","fileTypesAndContributionMap":{"test-code":{"insertions":13,"deletions":13}}},{"hash":"1495624f7aae65428a960d8db663bd833562eff3","isMergeCommit":false,"messageTitle":"Add ScheduleTest","messageBody":"","fileTypesAndContributionMap":{"test-code":{"insertions":15,"deletions":2}}},{"hash":"c3628590d12b523d628d7d8daba10f3ed21a0e2f","isMergeCommit":false,"messageTitle":"Add tests for Description","messageBody":"","fileTypesAndContributionMap":{"test-code":{"insertions":19,"deletions":0}}},{"hash":"597df859023805bacb55742c16f83a825dcdf1f7","isMergeCommit":false,"messageTitle":"Add changes to ScheduleList and tests","messageBody":"","fileTypesAndContributionMap":{"functional-code":{"insertions":0,"deletions":12},"test-code":{"insertions":30,"deletions":0}}},{"hash":"caad2391784006c57a8ba71b48aedb356e62f65e","isMergeCommit":false,"messageTitle":"Fix checkstyle errors","messageBody":"","fileTypesAndContributionMap":{"test-code":{"insertions":13,"deletions":2}}},{"hash":"ec93612577e1bb19497d0bd0f4831b183ca014f9","isMergeCommit":false,"messageTitle":"Add JsonSerializableScheduleStorageTest","messageBody":"","fileTypesAndContributionMap":{"test-code":{"insertions":37,"deletions":5}}},{"hash":"1e60959ade7f5730e27e08dfbd365ea9a7bd5e84","isMergeCommit":false,"messageTitle":"Add JsonScheduleStorageTest","messageBody":"","fileTypesAndContributionMap":{"test-code":{"insertions":40,"deletions":0}}},{"hash":"6d19dae83e9dc03532ef4d9db38760e81a9cb46e","isMergeCommit":false,"messageTitle":"Add JsonScheduleStorageTest","messageBody":"","fileTypesAndContributionMap":{"test-code":{"insertions":26,"deletions":0}}},{"hash":"da0e11cc09e6084de519aa2682f517fb55847bc1","isMergeCommit":false,"messageTitle":"Add to StorageManagerTest","messageBody":"","fileTypesAndContributionMap":{"test-code":{"insertions":16,"deletions":0}}},{"hash":"a53f1fa115869f98df7fe04e8223bb38c2810cb0","isMergeCommit":false,"messageTitle":"Add to ModelManagerTest","messageBody":"","fileTypesAndContributionMap":{"test-code":{"insertions":10,"deletions":0}}},{"hash":"13cdc27540da8b115602587a8a5b50ecd799133c","isMergeCommit":true,"messageTitle":"Merge pull request #81 from wilsonwid/wilsonwid-ui","messageBody":"Add tests to new schedule commands","fileTypesAndContributionMap":{}}]},{"date":"2024-04-03","commitResults":[{"hash":"078dac17548d27fa0b621fd756dabd920a33a629","isMergeCommit":true,"messageTitle":"Merge pull request #82 from AY2324S2-CS2103T-W08-3/fix-png-file","messageBody":"","fileTypesAndContributionMap":{}},{"hash":"93bcbedbd05d1b888e45ee94548d7cb0962d4ea5","isMergeCommit":false,"messageTitle":"Add DG changes","messageBody":"","fileTypesAndContributionMap":{"docs":{"insertions":4,"deletions":3}}},{"hash":"d74709bf4a8b9805feddc9b9cb96fcb1d9bdaf4e","isMergeCommit":false,"messageTitle":"Add updates to DG","messageBody":"","fileTypesAndContributionMap":{"docs":{"insertions":15,"deletions":0}}}]},{"date":"2024-04-04","commitResults":[{"hash":"100eefa99431f2bd7471ee1cbab1ffeb4d2437df","isMergeCommit":true,"messageTitle":"Merge pull request #84 from sarjinius/find-schedule","messageBody":"Implement the find schedule command","fileTypesAndContributionMap":{}},{"hash":"cd3ce594a50baef9d78626ca55024f78f44cd91b","isMergeCommit":false,"messageTitle":"Add developer guide changes","messageBody":"","fileTypesAndContributionMap":{"docs":{"insertions":12,"deletions":0}}},{"hash":"af47f576dfe3d5f173ca96e5e7be1d1913390a30","isMergeCommit":false,"messageTitle":"Update tests","messageBody":"","fileTypesAndContributionMap":{"functional-code":{"insertions":6,"deletions":3},"test-code":{"insertions":5,"deletions":6}}},{"hash":"327340b53207cf7eb089917b069468b61117e9ea","isMergeCommit":true,"messageTitle":"Merge pull request #68 from AY2324S2-CS2103T-W08-3/CSV","messageBody":"Added CSV file format import and export support","fileTypesAndContributionMap":{}},{"hash":"6321d75e533d56cef15dd0551553ca92c4972146","isMergeCommit":true,"messageTitle":"Fix merge conflict","messageBody":"","fileTypesAndContributionMap":{}},{"hash":"80cd75e718e970f0031b87ec15aca93cfdc698cb","isMergeCommit":false,"messageTitle":"Fix errors","messageBody":"","fileTypesAndContributionMap":{"functional-code":{"insertions":6,"deletions":5},"test-code":{"insertions":7,"deletions":7}}},{"hash":"2e12cb4e2e22841f75e89730ed5b13c46e71fb1b","isMergeCommit":false,"messageTitle":"Update help link","messageBody":"","fileTypesAndContributionMap":{"functional-code":{"insertions":1,"deletions":1}}},{"hash":"524cb73ff2f006c609e8e7108933e70904767e53","isMergeCommit":false,"messageTitle":"Updated UG and help page address","messageBody":"","fileTypesAndContributionMap":{"functional-code":{"insertions":1,"deletions":1},"docs":{"insertions":11,"deletions":10}}},{"hash":"9c50c7bb42e6c34b5b4169fe0c1386ba4381bf6a","isMergeCommit":false,"messageTitle":"Update UG","messageBody":"","fileTypesAndContributionMap":{"docs":{"insertions":9,"deletions":5}}},{"hash":"e8b2863e17012ba77e3cadc7f6d811d0258cd613","isMergeCommit":false,"messageTitle":"Update UG","messageBody":"","fileTypesAndContributionMap":{"docs":{"insertions":25,"deletions":19}}},{"hash":"e672230d51fcb41d9048a6826092f7919d49e18b","isMergeCommit":false,"messageTitle":"Update README","messageBody":"","fileTypesAndContributionMap":{"docs":{"insertions":3,"deletions":3}}},{"hash":"53c241bf9c8e763c754131ccc533a810c2c1f330","isMergeCommit":false,"messageTitle":"Update UG with schedule commands","messageBody":"","fileTypesAndContributionMap":{"docs":{"insertions":42,"deletions":2}}},{"hash":"69b2310c2eb0df6cc4b7708701f60bab64717af1","isMergeCommit":false,"messageTitle":"Update importing command","messageBody":"","fileTypesAndContributionMap":{"docs":{"insertions":3,"deletions":3}}},{"hash":"d5c33d2d047f6a747f2c910f49d87262935da659","isMergeCommit":false,"messageTitle":"Update definition of equality","messageBody":"","fileTypesAndContributionMap":{"functional-code":{"insertions":5,"deletions":2}}},{"hash":"1ec6facc3c405b235797dcc46cb37d4351950664","isMergeCommit":false,"messageTitle":"Updated Person equality tests","messageBody":"","fileTypesAndContributionMap":{"test-code":{"insertions":8,"deletions":5}}},{"hash":"a7c44e8aae51a3d64e1c646d3a06fa9a73136047","isMergeCommit":false,"messageTitle":"Fix tests checkstyle","messageBody":"","fileTypesAndContributionMap":{"test-code":{"insertions":0,"deletions":1}}},{"hash":"24ac382684a3c7e900f8c6714cd8ff9147ccc834","isMergeCommit":false,"messageTitle":"Add newline at EOF","messageBody":"","fileTypesAndContributionMap":{"docs":{"insertions":4,"deletions":4}}},{"hash":"7344e021d5ddfc95fe8cbc626614c4b6bca7aee8","isMergeCommit":false,"messageTitle":"Update site settings","messageBody":"","fileTypesAndContributionMap":{"docs":{"insertions":7,"deletions":5}}},{"hash":"7bf780f8ba0df8102765e8c9e80ad56217b0b89d","isMergeCommit":false,"messageTitle":"Update UG","messageBody":"","fileTypesAndContributionMap":{"docs":{"insertions":1,"deletions":1}}},{"hash":"10827b22db2d44d887dba1f9e584df538aca231b","isMergeCommit":false,"messageTitle":"Edit to fulfil required changes","messageBody":"","fileTypesAndContributionMap":{"docs":{"insertions":7,"deletions":2}}}]}],"tahsinhasem":[{"date":"2024-03-14","commitResults":[{"hash":"96230022247b99fea89e0ac1be08f8ba6bfe78e4","isMergeCommit":false,"messageTitle":"Added info about tahsin","messageBody":"","fileTypesAndContributionMap":{"docs":{"insertions":14,"deletions":0}}}]},{"date":"2024-03-15","commitResults":[{"hash":"e9c978511889bb4a793998e08f33ba2f0163300b","isMergeCommit":false,"messageTitle":"fix github check errors","messageBody":"","fileTypesAndContributionMap":{"docs":{"insertions":2,"deletions":2}}}]},{"date":"2024-03-18","commitResults":[{"hash":"af61292eae271f8da39d73aad3adc092e94053a5","isMergeCommit":false,"messageTitle":"changed image name","messageBody":"","fileTypesAndContributionMap":{"docs":{"insertions":1,"deletions":1}}}]},{"date":"2024-03-20","commitResults":[{"hash":"3d2b7f1b7a24ed2fe42b6d06e86e7cb5ca6e6e60","isMergeCommit":false,"messageTitle":"Added cli syntax to specify file format for exports as /v","messageBody":"","fileTypesAndContributionMap":{"functional-code":{"insertions":1,"deletions":0}}},{"hash":"50ccaae7ee6c5c59957584e359607c7b6c73b273","isMergeCommit":false,"messageTitle":"Changed parseer to take into account file format. set default file format to json.","messageBody":"","fileTypesAndContributionMap":{"functional-code":{"insertions":5,"deletions":3}}},{"hash":"d606cd7204ce029158a5dc5905814b644e5495e7","isMergeCommit":false,"messageTitle":"Added logic for exporting different file formats","messageBody":"","fileTypesAndContributionMap":{"functional-code":{"insertions":41,"deletions":4}}},{"hash":"193c37231a025c49472dcf61cfd1fac656eeceec","isMergeCommit":false,"messageTitle":"changed the separation format of tags from \"| \" to \" | \" for csv files","messageBody":"","fileTypesAndContributionMap":{"functional-code":{"insertions":1,"deletions":1}}},{"hash":"3ef13b19ff10dc2bd59e84589d2bdfb465226ec0","isMergeCommit":false,"messageTitle":"Updated documentation for export command","messageBody":"","fileTypesAndContributionMap":{"functional-code":{"insertions":4,"deletions":3}}},{"hash":"f06d07182f9abdedc351028ce7a345c2fc4e7819","isMergeCommit":false,"messageTitle":"Added method to check file format","messageBody":"","fileTypesAndContributionMap":{"functional-code":{"insertions":19,"deletions":0}}},{"hash":"30be78a28c109ce5f67234852bceabc7f362d002","isMergeCommit":false,"messageTitle":"Made JsonAdaptedTag public for importing use","messageBody":"","fileTypesAndContributionMap":{"functional-code":{"insertions":1,"deletions":1}}},{"hash":"ecbfd441d4d8c5c4c0c6914025305d86a9b97e0c","isMergeCommit":false,"messageTitle":"Made function to import persons from CSV data","messageBody":"","fileTypesAndContributionMap":{"functional-code":{"insertions":35,"deletions":5}}}]},{"date":"2024-03-21","commitResults":[{"hash":"227b84ff5236c7dc7a14fe3057b33180f4c4ec48","isMergeCommit":false,"messageTitle":"Added another route to add persons from csv file","messageBody":"","fileTypesAndContributionMap":{"functional-code":{"insertions":15,"deletions":1}}},{"hash":"748e27f51208106739a1b0e68b41b96d89b40e81","isMergeCommit":false,"messageTitle":"Changed isValid regex to allow alphanumeric .json and .csv files","messageBody":"","fileTypesAndContributionMap":{"functional-code":{"insertions":2,"deletions":2}}},{"hash":"5de26d868a4a905f5f47656b2f4b4214633e44a4","isMergeCommit":false,"messageTitle":"removed adding .json extension to filename [as user now has to specify .json at the end anyways]","messageBody":"","fileTypesAndContributionMap":{"functional-code":{"insertions":0,"deletions":1}}},{"hash":"bc1f61c6ad4733c1ff57939b3815af47748cd7ab","isMergeCommit":false,"messageTitle":"added appending double qoutes(\") to address data while saving it to account for the commas inside.","messageBody":"","fileTypesAndContributionMap":{"functional-code":{"insertions":1,"deletions":1}}},{"hash":"b4d287eea1f4a1862b52d92a0e0bc0e8c4cf20af","isMergeCommit":false,"messageTitle":"Added import cav support for edge cases: address has commas, contact has no tags","messageBody":"","fileTypesAndContributionMap":{"functional-code":{"insertions":11,"deletions":1}}},{"hash":"9be48c2e3ac21f7e67b92dd4f56fab1bf48c6f05","isMergeCommit":false,"messageTitle":"Updated tests to account for changes in FindAndExportCommand class constructor","messageBody":"","fileTypesAndContributionMap":{"test-code":{"insertions":4,"deletions":4}}},{"hash":"033c6940f3f04ac8a42b9a79736fe6b0126761d4","isMergeCommit":false,"messageTitle":"added test for exporting as csv","messageBody":"","fileTypesAndContributionMap":{"test-code":{"insertions":18,"deletions":2}}},{"hash":"be799fbc3152a0854e5514fcd8b6e4989dcfffab","isMergeCommit":false,"messageTitle":"Removed unnecessary souts","messageBody":"","fileTypesAndContributionMap":{"functional-code":{"insertions":0,"deletions":2}}},{"hash":"67a8b452c9e6b255940dd9b82cde2647e7e878f1","isMergeCommit":false,"messageTitle":"Removed \"\" from addresses when importing","messageBody":"","fileTypesAndContributionMap":{"functional-code":{"insertions":2,"deletions":0}}},{"hash":"1786caefb86871a4061476177e4cf408a295a8e6","isMergeCommit":false,"messageTitle":"Added test cases for importing from csv files","messageBody":"","fileTypesAndContributionMap":{"test-code":{"insertions":20,"deletions":3}}},{"hash":"a831825a701083b8ad3d4755cff5f008c612068c","isMergeCommit":false,"messageTitle":"Fixed Checkstyle errors","messageBody":"","fileTypesAndContributionMap":{"functional-code":{"insertions":31,"deletions":20}}},{"hash":"42fe7f2f65e8547ff57f1e35f4cea0203d87f7af","isMergeCommit":false,"messageTitle":"Made adjustments to tests to account for changes in importing and exporting files","messageBody":"","fileTypesAndContributionMap":{"test-code":{"insertions":11,"deletions":11}}},{"hash":"a6316e759d2b1a99f120d7eb4f9ebd1c6993baa6","isMergeCommit":false,"messageTitle":"Removed unnecessary checks for file type. A file extension of .json or.csv is ensured by the file name validator in import command. Added assertion to make sure the assumption holds as well.","messageBody":"","fileTypesAndContributionMap":{"functional-code":{"insertions":10,"deletions":11}}}]},{"date":"2024-03-22","commitResults":[{"hash":"02cf847cae46f9f8180e24c9b92d47b749cd74c4","isMergeCommit":false,"messageTitle":"Changed ImportCommand::getFileFormat to throw IllegalValueException instead of checking assertions","messageBody":"","fileTypesAndContributionMap":{"functional-code":{"insertions":4,"deletions":3}}},{"hash":"3ab4634372a241f3fc9424f6d94474656fd86375","isMergeCommit":false,"messageTitle":"Added test cases","messageBody":"","fileTypesAndContributionMap":{"test-code":{"insertions":54,"deletions":0}}},{"hash":"f7a8de3736996e642ebf61f0c676bcec8e53cdf8","isMergeCommit":false,"messageTitle":"Fixed import command bug where tags of contacts were not being imported (merge issue resolved)","messageBody":"","fileTypesAndContributionMap":{"functional-code":{"insertions":14,"deletions":12}}},{"hash":"bca6eefb1d35a1f732341c54d8eeb72e0ec0bd48","isMergeCommit":false,"messageTitle":"small bug fix","messageBody":"","fileTypesAndContributionMap":{"functional-code":{"insertions":1,"deletions":1}}},{"hash":"a55cc5d5c98783e2f21b0770f67bae9c9f6d1e40","isMergeCommit":false,"messageTitle":"Changed filename module to file module. Added FileFormat class","messageBody":"","fileTypesAndContributionMap":{"functional-code":{"insertions":15,"deletions":2},"other":{"insertions":3,"deletions":3}}},{"hash":"0ab1943ff618ef98e60d754778e775b3b7e23138","isMergeCommit":false,"messageTitle":"Added code to handle file formats","messageBody":"","fileTypesAndContributionMap":{"functional-code":{"insertions":26,"deletions":0}}},{"hash":"ab9a43df2e24990ddf39934a8e853f31dfddf412","isMergeCommit":false,"messageTitle":"Extracted out logic of checking for filetype from ImportCommand into FileFormat class","messageBody":"","fileTypesAndContributionMap":{"functional-code":{"insertions":18,"deletions":27}}},{"hash":"7e59d66bc011bd0b450ff60fe6d6cc30529f4cbd","isMergeCommit":false,"messageTitle":"Extracted out logic of checking for filetype from ImportCommand into FileFormat class","messageBody":"","fileTypesAndContributionMap":{"functional-code":{"insertions":9,"deletions":0}}},{"hash":"08c2ccd156e47501f84334d130ffe0a4d11bb6e0","isMergeCommit":false,"messageTitle":"Removed \"v/\" argument. Changed Parser to parse file for export before allowing find and export command.","messageBody":"","fileTypesAndContributionMap":{"functional-code":{"insertions":9,"deletions":7}}}]},{"date":"2024-03-23","commitResults":[{"hash":"58067bd32e552b2a7ff6ad8d2618a6097a389ad8","isMergeCommit":false,"messageTitle":"Added filename and format checking to export command","messageBody":"","fileTypesAndContributionMap":{"functional-code":{"insertions":36,"deletions":40}}},{"hash":"a47171bdae29715e00e4cc051d3658c137e02f1b","isMergeCommit":false,"messageTitle":"added requireNonNull to getFileFormat","messageBody":"","fileTypesAndContributionMap":{"functional-code":{"insertions":3,"deletions":0}}},{"hash":"68fe8cfd11837baa8c02d3b1bc9169db7c25385f","isMergeCommit":true,"messageTitle":"Merge pull request #73 from sarjinius/update-uml","messageBody":"Update UML diagram","tags":["v1.3.trial"],"fileTypesAndContributionMap":{}}]},{"date":"2024-04-03","commitResults":[{"hash":"3493359f3fe1e624d45f1e87fd4437642a7771d7","isMergeCommit":false,"messageTitle":"Changed image for tahsin to png","messageBody":"","fileTypesAndContributionMap":{"docs":{"insertions":1,"deletions":1}}},{"hash":"64b647c02e4e37ea385d52458d36f5973448ed86","isMergeCommit":true,"messageTitle":"Merged master into csv","messageBody":"","fileTypesAndContributionMap":{}},{"hash":"2c67d204fadfd35f9f2b950ea3130c588eb70663","isMergeCommit":false,"messageTitle":"Fix bug where app did not allow exporting contacts without a name","messageBody":"","fileTypesAndContributionMap":{"functional-code":{"insertions":1,"deletions":1}}},{"hash":"47d4172e6c9f91e16b4c6ec03000190cd07003b1","isMergeCommit":false,"messageTitle":"Resolved all suggested changes","messageBody":"","fileTypesAndContributionMap":{"functional-code":{"insertions":7,"deletions":8}}},{"hash":"1dc90ebcb1b759999c5d71025bc7976e21dc3ef1","isMergeCommit":false,"messageTitle":"Applied fixes after merge","messageBody":"","fileTypesAndContributionMap":{"test-code":{"insertions":21,"deletions":16}}},{"hash":"49735943b2f6e40ee91af7a3e5f6bbbff7cc8f28","isMergeCommit":false,"messageTitle":"Bug fix where files were not being exported to the correct path","messageBody":"","fileTypesAndContributionMap":{"functional-code":{"insertions":8,"deletions":11}}},{"hash":"77e1c526e3d8226a5575fdec49e537110b7fe12c","isMergeCommit":false,"messageTitle":"Fix checkstyle errors","messageBody":"","fileTypesAndContributionMap":{"functional-code":{"insertions":25,"deletions":18}}},{"hash":"e5e97e0489d8f6e1c41e9c5162b2cb453a549500","isMergeCommit":false,"messageTitle":"bug fix","messageBody":"","fileTypesAndContributionMap":{"test-code":{"insertions":2,"deletions":1}}}]},{"date":"2024-04-04","commitResults":[{"hash":"4944eec2d84256df9a51d894d7ef29adea1ac656","isMergeCommit":false,"messageTitle":"Fixed checkstyle errors","messageBody":"","fileTypesAndContributionMap":{"test-code":{"insertions":2,"deletions":2}}},{"hash":"84c62586438b3edf5480c36e1d6d292f2c367523","isMergeCommit":false,"messageTitle":"Added tests for FileFormatTest","messageBody":"","fileTypesAndContributionMap":{"test-code":{"insertions":60,"deletions":0}}},{"hash":"19bd6ee592e78c3ed45941890e686e21f35ca267","isMergeCommit":false,"messageTitle":"Fixed checkstyle for FileFormatTest","messageBody":"","fileTypesAndContributionMap":{"test-code":{"insertions":6,"deletions":3}}},{"hash":"58ea1a2e20a634cafa6dce5343143f2167b57a8e","isMergeCommit":false,"messageTitle":"Added test cases for ParserUtil::parseFileForExport","messageBody":"","fileTypesAndContributionMap":{"test-code":{"insertions":21,"deletions":0}}},{"hash":"98dc07b68f41d349dae9cf1d120f54cde14ed370","isMergeCommit":false,"messageTitle":"Added test case to improve coverage of ImportCommand","messageBody":"Now covers:\nImportCommand.java#L185-L186\n","fileTypesAndContributionMap":{"test-code":{"insertions":14,"deletions":0}}},{"hash":"987adee2be80fbada92ab4a48abe837bb81c7727","isMergeCommit":false,"messageTitle":"Add more test coverage","messageBody":"","fileTypesAndContributionMap":{"functional-code":{"insertions":1,"deletions":0},"test-code":{"insertions":10,"deletions":2}}},{"hash":"6b87ef92c801ba2ec1c9288a018a8f251d3c7f9b","isMergeCommit":false,"messageTitle":"Add more test coverage","messageBody":"","fileTypesAndContributionMap":{"test-code":{"insertions":8,"deletions":2}}},{"hash":"d4d2abe7e56528d6d1376ef8009ab3fc01128a14","isMergeCommit":false,"messageTitle":"Extracted out getPersonsFRomCsv","messageBody":"","fileTypesAndContributionMap":{"functional-code":{"insertions":42,"deletions":28}}},{"hash":"f1e23d2eeac9a902ddaddb0efb27bb42d4d6e074","isMergeCommit":false,"messageTitle":"Added semicolon to separate regex","messageBody":"","fileTypesAndContributionMap":{"functional-code":{"insertions":1,"deletions":2}}}]}],"ChuaZiLong":[{"date":"2024-02-24","commitResults":[{"hash":"892055b872ab3d2d97bec1035b8e1292c9217efe","isMergeCommit":false,"messageTitle":"Update AboutUs for Zi Long","messageBody":"","fileTypesAndContributionMap":{"docs":{"insertions":30,"deletions":5}}},{"hash":"93dcc3608304f90af44bf6046a8e256334678340","isMergeCommit":false,"messageTitle":"Update README based on the requirements","messageBody":"","fileTypesAndContributionMap":{"docs":{"insertions":8,"deletions":8}}},{"hash":"781406def87aa814bfb544d6047f16fcc816790f","isMergeCommit":false,"messageTitle":"Update target user profile and NFRs in the DG","messageBody":"","fileTypesAndContributionMap":{"docs":{"insertions":3,"deletions":1}}}]},{"date":"2024-03-04","commitResults":[{"hash":"71edabba66e4c1e3912b27ad34f806a6eab321fb","isMergeCommit":false,"messageTitle":"Add new lines to the end of the files to comply with standards","messageBody":"","fileTypesAndContributionMap":{"functional-code":{"insertions":3,"deletions":2},"test-code":{"insertions":1,"deletions":1}}},{"hash":"825c92d164f73cddc0bef90f268e6f37467767b3","isMergeCommit":false,"messageTitle":"Add a new line at EOF","messageBody":"","fileTypesAndContributionMap":{"docs":{"insertions":1,"deletions":1}}},{"hash":"601065e0dc069e4dc68c89eeaad93680025f9f00","isMergeCommit":false,"messageTitle":"Correct code standards for checkstyle","messageBody":"","fileTypesAndContributionMap":{"functional-code":{"insertions":21,"deletions":20}}},{"hash":"d1a085ede0626e367ec09ecd1a9d27ae08664d8b","isMergeCommit":false,"messageTitle":"Update code to comply with checkstyle","messageBody":"","fileTypesAndContributionMap":{"functional-code":{"insertions":51,"deletions":9}}},{"hash":"b423ed5d621f4fde5819ccfce54a440fe36f3f82","isMergeCommit":false,"messageTitle":"Update code to comply with checkstyle","messageBody":"","fileTypesAndContributionMap":{"functional-code":{"insertions":1,"deletions":1}}},{"hash":"c1efcc7cbf5c4ae31df51eecb380b078777c29bc","isMergeCommit":false,"messageTitle":"Update code to comply with checkstyle","messageBody":"","fileTypesAndContributionMap":{"functional-code":{"insertions":2,"deletions":1}}},{"hash":"0fcb6af4c7cdabfe69e3de80d1a30863c5bf67ae","isMergeCommit":false,"messageTitle":"Update code to comply with checkstyle","messageBody":"","fileTypesAndContributionMap":{"functional-code":{"insertions":1,"deletions":1}}},{"hash":"ce8ddefcf75b69c586f005135ba4470c982db787","isMergeCommit":false,"messageTitle":"Update code to comply with checkstyle","messageBody":"","fileTypesAndContributionMap":{"test-code":{"insertions":1,"deletions":1}}},{"hash":"91e913530efc4b379676abca9979da10893639be","isMergeCommit":false,"messageTitle":"Update code to comply with checkstyle","messageBody":"","fileTypesAndContributionMap":{"test-code":{"insertions":2,"deletions":2}}},{"hash":"4ef99d62582852f33eb70b6ed5c7de496692c33e","isMergeCommit":false,"messageTitle":"Update code to comply with checkstyle","messageBody":"","fileTypesAndContributionMap":{"test-code":{"insertions":1,"deletions":1}}}]},{"date":"2024-03-05","commitResults":[{"hash":"a71e2038f147da2ef743ad5b8ba83799487fe183","isMergeCommit":false,"messageTitle":"Update README, AboutUs and personal information","messageBody":"","fileTypesAndContributionMap":{"docs":{"insertions":19,"deletions":13}}},{"hash":"44d23f80316ec3d35ad6497856af3b2ec3a7b4d7","isMergeCommit":false,"messageTitle":"Add new line at EOF","messageBody":"","fileTypesAndContributionMap":{"docs":{"insertions":1,"deletions":1}}}]},{"date":"2024-03-06","commitResults":[{"hash":"803eefa59d4185da362df006f54c1f594c890e30","isMergeCommit":false,"messageTitle":"Change path in aboutus to my picture","messageBody":"","fileTypesAndContributionMap":{"docs":{"insertions":1,"deletions":1}}}]},{"date":"2024-03-07","commitResults":[{"hash":"fe379b250589eeb3b82354f085c488f852b7f624","isMergeCommit":false,"messageTitle":"Update the UG and DG","messageBody":"","fileTypesAndContributionMap":{"docs":{"insertions":183,"deletions":0}}}]},{"date":"2024-03-10","commitResults":[{"hash":"a79089205cbfc9f56310d65f7eda9ac2ff1cf1b6","isMergeCommit":true,"messageTitle":"Remove unnecessary stuff from the UG","messageBody":"","fileTypesAndContributionMap":{}},{"hash":"44e6dbc64821d6c049c306d2d00298b56d2b3ad5","isMergeCommit":true,"messageTitle":"Merge branch \u0027master\u0027 into master","messageBody":"","fileTypesAndContributionMap":{}},{"hash":"1488b3e3c28b750a2492932be0c0241a783d66e9","isMergeCommit":false,"messageTitle":"Update code to comply with checkstyle","messageBody":"","fileTypesAndContributionMap":{"docs":{"insertions":1,"deletions":5}}},{"hash":"bcb91a22d4c26137f22021ead2bc99ee1190ea11","isMergeCommit":true,"messageTitle":"Merge branch \u0027master\u0027 of https://github.com/ChuaZiLong/tp","messageBody":"","fileTypesAndContributionMap":{}},{"hash":"c0521d737736ae517abd7b071e748cf951c7b049","isMergeCommit":false,"messageTitle":"Pull to sync with local then remove unnecessary stuff from the DG","messageBody":"","fileTypesAndContributionMap":{"docs":{"insertions":0,"deletions":12}}},{"hash":"4cd009af1dedd61a384bd97af5e649b8f3d9103f","isMergeCommit":false,"messageTitle":"Undo changes due to the week 6 code tracing exercise","messageBody":"","fileTypesAndContributionMap":{"functional-code":{"insertions":55,"deletions":305},"test-code":{"insertions":19,"deletions":112}}},{"hash":"e4bb9aea06e9b99225e1414a727098cbefbebd84","isMergeCommit":false,"messageTitle":"Add white space at EOF","messageBody":"","fileTypesAndContributionMap":{"functional-code":{"insertions":7,"deletions":7},"test-code":{"insertions":2,"deletions":2}}},{"hash":"f1b3c96d1110ea22694752092aacd9bc02928276","isMergeCommit":false,"messageTitle":"Add white space at EOF","messageBody":"","fileTypesAndContributionMap":{"test-code":{"insertions":2,"deletions":2}}},{"hash":"280e9b5529a5f654533f520fcf8d84396b636a45","isMergeCommit":false,"messageTitle":"Add whitespace at EOF","messageBody":"","fileTypesAndContributionMap":{"functional-code":{"insertions":1,"deletions":1}}},{"hash":"e2d427fa059fe85cf89056baa986787defb73606","isMergeCommit":false,"messageTitle":"Correct indentation in some files","messageBody":"","fileTypesAndContributionMap":{"functional-code":{"insertions":37,"deletions":37}}},{"hash":"c99368484cbb65a3288532492ba178e63af92674","isMergeCommit":false,"messageTitle":"Comment out untested code to pass checkstyle temporarily","messageBody":"","fileTypesAndContributionMap":{"functional-code":{"insertions":3,"deletions":3}}},{"hash":"eb91e8d819ca6f4da51e610e32e9adef20cfff0f","isMergeCommit":false,"messageTitle":"Comment out import statements to temporarily pass code coverage","messageBody":"","fileTypesAndContributionMap":{"functional-code":{"insertions":4,"deletions":4}}},{"hash":"258cfa9b87bcc79234ea4dd340aba8e99383e8d5","isMergeCommit":false,"messageTitle":"Remove untested code to temporarily pass code coverage","messageBody":"","fileTypesAndContributionMap":{"functional-code":{"insertions":0,"deletions":20}}},{"hash":"a2dc4db58f669d9371fa7c2c00ecbabaa5dafce5","isMergeCommit":false,"messageTitle":"Revert files to before week 6 tracing code","messageBody":"","fileTypesAndContributionMap":{"functional-code":{"insertions":29,"deletions":11}}},{"hash":"205f9dc554b7a5c8aca0ff69568bd65fd2edca99","isMergeCommit":false,"messageTitle":"Add whitespace to EOF for checkstyle","messageBody":"","fileTypesAndContributionMap":{"functional-code":{"insertions":3,"deletions":3}}},{"hash":"befcc5389f3fcba85e80a94ba20204b22652caab","isMergeCommit":false,"messageTitle":"Fix indentation for checkstyle","messageBody":"","fileTypesAndContributionMap":{"functional-code":{"insertions":6,"deletions":6}}},{"hash":"b5ea5cfc79c89cd6bef2cbbb0f063204f1ebc411","isMergeCommit":false,"messageTitle":"Copy files from team\u0027s remote repo","messageBody":"","fileTypesAndContributionMap":{"functional-code":{"insertions":8,"deletions":8}}},{"hash":"4e6e0cae9810b987306b9b0651463206e428bb00","isMergeCommit":false,"messageTitle":"Update indentation in a file to match team repo","messageBody":"","fileTypesAndContributionMap":{"functional-code":{"insertions":18,"deletions":18}}},{"hash":"344ee87f5d2a926f909b4f57b8ed2b2dac2bf28b","isMergeCommit":false,"messageTitle":"Add whitespace at EOF for checkstyle","messageBody":"","fileTypesAndContributionMap":{"functional-code":{"insertions":2,"deletions":2}}},{"hash":"baf6aa19d3c6401e86f174244ffbbad599b2817f","isMergeCommit":false,"messageTitle":"Fix indentation in a file","messageBody":"","fileTypesAndContributionMap":{"functional-code":{"insertions":2,"deletions":2}}}]},{"date":"2024-03-13","commitResults":[{"hash":"8e4a93d3faa9daa4a4b42130ad8fbca3ba79e19a","isMergeCommit":false,"messageTitle":"Add export functionality to the code","messageBody":"","fileTypesAndContributionMap":{"functional-code":{"insertions":115,"deletions":0}}},{"hash":"5a7e576699181432f16b8fe3dff7326ce190ce7b","isMergeCommit":false,"messageTitle":"Fix code to match checkstyle requirements","messageBody":"","fileTypesAndContributionMap":{"functional-code":{"insertions":31,"deletions":7}}},{"hash":"dfa84b3653a852de41fdbb69364654f1490093a5","isMergeCommit":false,"messageTitle":"Fix code to match checkstyle requirements","messageBody":"","fileTypesAndContributionMap":{"functional-code":{"insertions":3,"deletions":3}}}]},{"date":"2024-03-16","commitResults":[{"hash":"ec6d194910560cde35d5e7cfce917036e7a8b10a","isMergeCommit":false,"messageTitle":"Add some tests for the export functionality","messageBody":"","fileTypesAndContributionMap":{"test-code":{"insertions":59,"deletions":0}}},{"hash":"3c4d174fa9f38e1c2bbb2bed91240050d671df1c","isMergeCommit":false,"messageTitle":"Fix code to match checkstyle","messageBody":"","fileTypesAndContributionMap":{"test-code":{"insertions":5,"deletions":3}}},{"hash":"f68695c6cc96ea96c5aa724df6359485b585a473","isMergeCommit":false,"messageTitle":"Fix code to match checkstyle","messageBody":"","fileTypesAndContributionMap":{"test-code":{"insertions":3,"deletions":3}}},{"hash":"74a5f17bea34b0fd145f34cac9eab2f7f707ec0f","isMergeCommit":false,"messageTitle":"Fix code to match checkstyle","messageBody":"","fileTypesAndContributionMap":{"test-code":{"insertions":3,"deletions":3}}},{"hash":"1ee07a1eb1bdf0bbf6c80a8a97461b3a8ce2dfcd","isMergeCommit":false,"messageTitle":"Fix code to match checkstyle","messageBody":"","fileTypesAndContributionMap":{"test-code":{"insertions":1,"deletions":0}}},{"hash":"2df4d5e33042d508a389ac2ad007c190deb4e75e","isMergeCommit":false,"messageTitle":"Fix code to pass assertions","messageBody":"","fileTypesAndContributionMap":{"other":{"insertions":3,"deletions":0},"test-code":{"insertions":17,"deletions":13}}},{"hash":"a97f7238a86e66f0ee9ae1a4ba01d7c2386bc22a","isMergeCommit":false,"messageTitle":"Fix code to pass assertions","messageBody":"","fileTypesAndContributionMap":{"test-code":{"insertions":38,"deletions":25}}},{"hash":"7c2f0e14e232170c3b62f90424501440cb7967d0","isMergeCommit":false,"messageTitle":"Fix code to match checkstyle","messageBody":"","fileTypesAndContributionMap":{"test-code":{"insertions":7,"deletions":8}}},{"hash":"366c70d8bd951a858c644504e17820e5a1293fc5","isMergeCommit":false,"messageTitle":"Fix code to match checkstyle","messageBody":"","fileTypesAndContributionMap":{"test-code":{"insertions":3,"deletions":3}}},{"hash":"3808c2a5ddf2a8f219cf6f9fe7aeabd80787fdf6","isMergeCommit":false,"messageTitle":"Fix code to match checkstyle","messageBody":"","fileTypesAndContributionMap":{"test-code":{"insertions":4,"deletions":3}}},{"hash":"0491fa8519f24887b890cfd38f06fd510a0fa51c","isMergeCommit":false,"messageTitle":"Fix code to pass assertions","messageBody":"","fileTypesAndContributionMap":{"test-code":{"insertions":4,"deletions":3}}},{"hash":"b9f8978aa50df2238ca597f7cfb61a3e2f5a9d3d","isMergeCommit":false,"messageTitle":"Fix code to pass checkstyle","messageBody":"","fileTypesAndContributionMap":{"test-code":{"insertions":0,"deletions":2}}},{"hash":"5c4e67d468eb9a7aea0c63a7f0fb049a5ff4bf7b","isMergeCommit":false,"messageTitle":"Fix code to pass checkstyle","messageBody":"","fileTypesAndContributionMap":{"test-code":{"insertions":0,"deletions":1}}},{"hash":"af4f2252e7a697cd1571e169b4384cad28db0cdd","isMergeCommit":false,"messageTitle":"Use simpler tests for find and export instead","messageBody":"","fileTypesAndContributionMap":{"test-code":{"insertions":16,"deletions":38}}},{"hash":"0e69e7bee1a8ef6e35206e1ca3424781501f9b64","isMergeCommit":false,"messageTitle":"Try to pass assertions","messageBody":"","fileTypesAndContributionMap":{"test-code":{"insertions":3,"deletions":3}}},{"hash":"c224bcc35eb59425a0ffb0caf3fb5753cd0314be","isMergeCommit":false,"messageTitle":"Try to pass assertions","messageBody":"","fileTypesAndContributionMap":{"test-code":{"insertions":5,"deletions":5}}},{"hash":"6b6167f1329ad8fb178cd24e4100a8eeef3d523c","isMergeCommit":false,"messageTitle":"Try to pass checkstyle","messageBody":"","fileTypesAndContributionMap":{"test-code":{"insertions":1,"deletions":1}}},{"hash":"ad5f75b73a16cecf2378a493a53ab1718603a6a0","isMergeCommit":false,"messageTitle":"Rewrite some tests for export","messageBody":"","fileTypesAndContributionMap":{"functional-code":{"insertions":16,"deletions":0},"test-code":{"insertions":17,"deletions":10}}},{"hash":"d295aca348e0dd5d3ec0a90b07ff812a41bfa288","isMergeCommit":false,"messageTitle":"Rewrite tests for export","messageBody":"","fileTypesAndContributionMap":{"functional-code":{"insertions":4,"deletions":1},"test-code":{"insertions":0,"deletions":3}}},{"hash":"075c627b633866dc9187a9f8f3f6e8fcccf84133","isMergeCommit":false,"messageTitle":"Remove problematic file for now","messageBody":"","fileTypesAndContributionMap":{"test-code":{"insertions":0,"deletions":33}}},{"hash":"ac762305d3d1f8b52c52b9a0a5afde160369a73b","isMergeCommit":false,"messageTitle":"Fix code to pass assertion","messageBody":"","fileTypesAndContributionMap":{"test-code":{"insertions":33,"deletions":0}}},{"hash":"392a096ed902efd8c495bf19d75cb7179fea244e","isMergeCommit":false,"messageTitle":"Add test for successful export","messageBody":"","fileTypesAndContributionMap":{"test-code":{"insertions":18,"deletions":1}}},{"hash":"91f873b2da2dfe5b470b3deb19e3e25c85e04c8e","isMergeCommit":false,"messageTitle":"Add a test for increased coverage","messageBody":"","fileTypesAndContributionMap":{"test-code":{"insertions":27,"deletions":0}}},{"hash":"ab4cfe3acae65aab69dc6dfb44db9522cff95705","isMergeCommit":false,"messageTitle":"Fix code to pass checkstyle","messageBody":"","fileTypesAndContributionMap":{"test-code":{"insertions":0,"deletions":1}}}]},{"date":"2024-03-17","commitResults":[{"hash":"f1eea250ee56852e5186ef076806ab2b2230a26d","isMergeCommit":false,"messageTitle":"Remove unnecessary dependency","messageBody":"","fileTypesAndContributionMap":{"other":{"insertions":0,"deletions":3}}},{"hash":"b7c935c8910ea601ea4a53a1aa264c8be2f12c95","isMergeCommit":false,"messageTitle":"Fix file name convention","messageBody":"","fileTypesAndContributionMap":{"functional-code":{"insertions":1,"deletions":1}}},{"hash":"73032079425f118ba3873f154ba035545c98de73","isMergeCommit":false,"messageTitle":"Fix filename convention","messageBody":"","fileTypesAndContributionMap":{"test-code":{"insertions":1,"deletions":1}}},{"hash":"6e00ca33e3dd1580abc919b0cbca9cf003bc52d7","isMergeCommit":false,"messageTitle":"Change export format to json","messageBody":"","fileTypesAndContributionMap":{"functional-code":{"insertions":15,"deletions":14}}},{"hash":"450d79c0ea54cb2cbe1387ebe6565666918352d6","isMergeCommit":false,"messageTitle":"Fix code to match checkstyle","messageBody":"","fileTypesAndContributionMap":{"functional-code":{"insertions":1,"deletions":0}}},{"hash":"1afd26ec70c78602afb1819b462f9718296fbe09","isMergeCommit":false,"messageTitle":"Fix code to match checkstyle","messageBody":"","fileTypesAndContributionMap":{"functional-code":{"insertions":4,"deletions":4}}},{"hash":"1188783a855b74d891e010bd72c027708fbb1112","isMergeCommit":false,"messageTitle":"Fix code to match checkstyle","messageBody":"","fileTypesAndContributionMap":{"functional-code":{"insertions":1,"deletions":1}}},{"hash":"9233b5fa319f0a734957b2ed7aac5dcffcab313e","isMergeCommit":false,"messageTitle":"Change some things to reflect the change in format to json","messageBody":"","fileTypesAndContributionMap":{"functional-code":{"insertions":1,"deletions":1},"test-code":{"insertions":4,"deletions":4}}},{"hash":"61690cba38c2e1f6781f0c2fad3b3c3d47ad50df","isMergeCommit":true,"messageTitle":"Merge branch \u0027master\u0027 into branch-Export","messageBody":"","fileTypesAndContributionMap":{}},{"hash":"e1137c2439b7016fe73935058585f43160d578d8","isMergeCommit":false,"messageTitle":"Fix code to pass checkstyle","messageBody":"","fileTypesAndContributionMap":{"functional-code":{"insertions":1,"deletions":1}}},{"hash":"9c79dbfb19e3c0a45082419c72c7af3e65ab8fd5","isMergeCommit":true,"messageTitle":"Pull and reflect change in format of exporting to json","messageBody":"","fileTypesAndContributionMap":{}},{"hash":"367ef75644d8207bf3abaefdd2326b5d673b8b09","isMergeCommit":true,"messageTitle":"Resolve merge conflict","messageBody":"","fileTypesAndContributionMap":{}},{"hash":"78e4bebb825ede73b29e744da243c3ee946ca340","isMergeCommit":false,"messageTitle":"Resolve merge conflicts","messageBody":"","fileTypesAndContributionMap":{"functional-code":{"insertions":0,"deletions":3}}},{"hash":"0266dab0d710088cc339fd6cd277ba3b3edbcfe0","isMergeCommit":false,"messageTitle":"Fix code for checkstyle","messageBody":"","fileTypesAndContributionMap":{"test-code":{"insertions":2,"deletions":1}}},{"hash":"f2f28d43c537bd40d51dcc9ede60562d6dbe5cb4","isMergeCommit":false,"messageTitle":"Fix code to remove redundancies and fix filename convention","messageBody":"","fileTypesAndContributionMap":{"functional-code":{"insertions":1,"deletions":2}}},{"hash":"46e92caea1386c7a00984fb11eab870159fb062c","isMergeCommit":true,"messageTitle":"Merge pull request #56 from ChuaZiLong/branch-Export","messageBody":"Add export functionality to the code","fileTypesAndContributionMap":{}}]},{"date":"2024-03-20","commitResults":[{"hash":"73191635fd3c1c7b39cef3f35c3ce4b9e2597deb","isMergeCommit":false,"messageTitle":"Include find and export in uml diagrams","messageBody":"","fileTypesAndContributionMap":{"docs":{"insertions":14,"deletions":0}}}]},{"date":"2024-03-21","commitResults":[{"hash":"f73c74850c097b343d14761875d5c714ab702732","isMergeCommit":true,"messageTitle":"Merge pull request #69 from wilsonwid/wilsonwid-fixes","messageBody":"Bugfixes for find_and_export and modifications for import","fileTypesAndContributionMap":{}},{"hash":"5fba07153e3adaf25cd72949c6b35fa417c95337","isMergeCommit":true,"messageTitle":"Merge pull request #71 from wilsonwid/wilsonwid-uml1","messageBody":"Add notes to PUML files","tags":["v1.2"],"fileTypesAndContributionMap":{}}]},{"date":"2024-03-28","commitResults":[{"hash":"d2168c6478cbb1312c383eaee128789d8d83fb97","isMergeCommit":false,"messageTitle":"Add skeleton code for adding schedules","messageBody":"","fileTypesAndContributionMap":{"functional-code":{"insertions":165,"deletions":0},"test-code":{"insertions":122,"deletions":0}}},{"hash":"628ac8d4770f02fba802c04d5dcf1ff1d9337fa4","isMergeCommit":false,"messageTitle":"Fix code to match checkstyle requirements","messageBody":"","fileTypesAndContributionMap":{"functional-code":{"insertions":65,"deletions":6}}},{"hash":"4c2eb5acd11ba2659967be2c48aa45ef23b9178b","isMergeCommit":false,"messageTitle":"Fix code to match checkstyle requirements","messageBody":"","fileTypesAndContributionMap":{"functional-code":{"insertions":8,"deletions":0}}},{"hash":"f85d842987056e48a8d5dab17b10026d9201b56f","isMergeCommit":false,"messageTitle":"Add some implementations to ModelStub","messageBody":"","fileTypesAndContributionMap":{"test-code":{"insertions":11,"deletions":0}}},{"hash":"cb099b32742240c77ccbc6f204b90abf388e6c5a","isMergeCommit":false,"messageTitle":"Fix code to match checkstyle","messageBody":"","fileTypesAndContributionMap":{"test-code":{"insertions":6,"deletions":3}}},{"hash":"99ecf93fedfa824d2f9a165aa1630df33ef100e4","isMergeCommit":false,"messageTitle":"Fix code to match checkstyle","messageBody":"","fileTypesAndContributionMap":{"test-code":{"insertions":2,"deletions":2}}},{"hash":"80525a0dcd500b60ef479b256c734b062382e614","isMergeCommit":false,"messageTitle":"Fix assertion errors in some tests","messageBody":"","fileTypesAndContributionMap":{"functional-code":{"insertions":76,"deletions":0},"test-code":{"insertions":4,"deletions":4}}},{"hash":"bd036e60086ab81c4eb8280e134234cf5b409e63","isMergeCommit":false,"messageTitle":"Fix code to match checkstyle","messageBody":"","fileTypesAndContributionMap":{"functional-code":{"insertions":10,"deletions":6}}},{"hash":"533558b78fe0b9b39e6113c539708dabeb7e45fa","isMergeCommit":false,"messageTitle":"Fix assertion errors in some tests","messageBody":"","fileTypesAndContributionMap":{"functional-code":{"insertions":5,"deletions":4},"test-code":{"insertions":2,"deletions":13}}},{"hash":"cd8df9bed7b47a20bedebab04e689eb30652bfb0","isMergeCommit":false,"messageTitle":"Fix code to match checkstyle requirements","messageBody":"","fileTypesAndContributionMap":{"test-code":{"insertions":0,"deletions":2}}},{"hash":"a795b5f60b21b2606c0b77bcd978455d7720d6d2","isMergeCommit":false,"messageTitle":"Fix tests to increase code coverage","messageBody":"","fileTypesAndContributionMap":{"functional-code":{"insertions":15,"deletions":77},"test-code":{"insertions":50,"deletions":7}}},{"hash":"bff1c8e040f116372cd732b45e058dac69ece667","isMergeCommit":false,"messageTitle":"Remove unused imports from the code","messageBody":"","fileTypesAndContributionMap":{"functional-code":{"insertions":0,"deletions":3}}},{"hash":"da22185cc87181612ab564258f0f08950d1e8468","isMergeCommit":false,"messageTitle":"Fix code to pass assertions","messageBody":"","fileTypesAndContributionMap":{"functional-code":{"insertions":38,"deletions":0},"test-code":{"insertions":9,"deletions":9}}},{"hash":"2c116f9e42eeab0db867982ed063eda458b6dd21","isMergeCommit":false,"messageTitle":"Fix code to pass checkstyle","messageBody":"","fileTypesAndContributionMap":{"test-code":{"insertions":1,"deletions":3}}},{"hash":"cf3a10c310a5e7e2b27c7c02b0806732765a54b2","isMergeCommit":false,"messageTitle":"Add more tests to the code","messageBody":"","fileTypesAndContributionMap":{"test-code":{"insertions":27,"deletions":0}}},{"hash":"7ce776d6ae915b54c2025cd2c8fb6ed3b699ec1e","isMergeCommit":false,"messageTitle":"Fix code to pass checkstyle","messageBody":"","fileTypesAndContributionMap":{"test-code":{"insertions":4,"deletions":2}}},{"hash":"f086dbde648681e58aeb890310ff9e9abb433b68","isMergeCommit":false,"messageTitle":"Add more tests to increase coverage","messageBody":"","fileTypesAndContributionMap":{"test-code":{"insertions":37,"deletions":0}}},{"hash":"0ec940356cac8c32f0bbefbacbb473b8e455a969","isMergeCommit":false,"messageTitle":"Fix some errors in testing for parsing adding schedules","messageBody":"","fileTypesAndContributionMap":{"test-code":{"insertions":32,"deletions":3}}},{"hash":"dc6b121d5e038b35404dd0573fee067633ae3541","isMergeCommit":false,"messageTitle":"Fix code to match checkstyle","messageBody":"","fileTypesAndContributionMap":{"test-code":{"insertions":4,"deletions":2}}},{"hash":"0a92605394ebf6ff03ea1c7707aef533d0843392","isMergeCommit":false,"messageTitle":"Fix code to match checkstyle","messageBody":"","fileTypesAndContributionMap":{"test-code":{"insertions":4,"deletions":4}}},{"hash":"df29f375f3850315fbb24482871c6b72b90b4632","isMergeCommit":false,"messageTitle":"Add tests to increase coverage","messageBody":"","fileTypesAndContributionMap":{"functional-code":{"insertions":23,"deletions":1},"test-code":{"insertions":41,"deletions":3}}},{"hash":"fd945f881a9cd7d820788b373e35d12877461af2","isMergeCommit":false,"messageTitle":"Fix code to match checkstyle reqs","messageBody":"","fileTypesAndContributionMap":{"test-code":{"insertions":1,"deletions":1}}},{"hash":"a4934757156aaa0af1714322e3552db1d6aa36ac","isMergeCommit":false,"messageTitle":"Fix code to match checkstyle reqs","messageBody":"","fileTypesAndContributionMap":{"test-code":{"insertions":3,"deletions":2}}},{"hash":"8dba6134a6a8a209185aab2dfed57abb119b871c","isMergeCommit":false,"messageTitle":"Fix tests to pass assertions","messageBody":"","fileTypesAndContributionMap":{"functional-code":{"insertions":3,"deletions":2},"test-code":{"insertions":12,"deletions":59}}},{"hash":"009e1cbee41c083e4a337e9c179b07cfe2bbda10","isMergeCommit":false,"messageTitle":"Fix code to pass checkstyle","messageBody":"","fileTypesAndContributionMap":{"functional-code":{"insertions":2,"deletions":2}}},{"hash":"3aa55d21069970fa8b46223ffe3caeb0ff32ea91","isMergeCommit":false,"messageTitle":"Fix code to match checkstyle","messageBody":"","fileTypesAndContributionMap":{"test-code":{"insertions":1,"deletions":5}}},{"hash":"60db3aaf266772abd7d0db7a2c1e3e39b550f01a","isMergeCommit":false,"messageTitle":"Remove unused methods to increase code coverage","messageBody":"","fileTypesAndContributionMap":{"functional-code":{"insertions":0,"deletions":30}}},{"hash":"f2a47c45d634f84ef3322fef29d2b7f79a3679d9","isMergeCommit":false,"messageTitle":"Add more tests to increase coverage","messageBody":"","fileTypesAndContributionMap":{"functional-code":{"insertions":8,"deletions":2},"test-code":{"insertions":55,"deletions":0}}},{"hash":"74e319390ab89c653a1f27c3f274f5edf59303ad","isMergeCommit":false,"messageTitle":"Add tests to increase coverage","messageBody":"","fileTypesAndContributionMap":{"functional-code":{"insertions":66,"deletions":8},"test-code":{"insertions":56,"deletions":0}}},{"hash":"9cc1c7f090c435bb8f8f71f71fe72fc04f0a56b9","isMergeCommit":false,"messageTitle":"Fix code to match checkstyle reqs","messageBody":"","fileTypesAndContributionMap":{"functional-code":{"insertions":4,"deletions":4}}},{"hash":"f5c3dcf9e17463078237fcc55fbf14ace403fa2f","isMergeCommit":false,"messageTitle":"Fix code to match checkstyle reqs","messageBody":"","fileTypesAndContributionMap":{"test-code":{"insertions":1,"deletions":1}}},{"hash":"2f593334869cc741e9a3d538b0f3df6b9d819a13","isMergeCommit":false,"messageTitle":"Add tests to increase code coverage","messageBody":"","fileTypesAndContributionMap":{"functional-code":{"insertions":5,"deletions":1},"test-code":{"insertions":21,"deletions":0}}},{"hash":"c4a2f4f040c02e642d8cb37c3043dcd58fdbe509","isMergeCommit":false,"messageTitle":"Fix code to match checkstyle reqs","messageBody":"","fileTypesAndContributionMap":{"functional-code":{"insertions":1,"deletions":1},"test-code":{"insertions":2,"deletions":2}}}]},{"date":"2024-03-29","commitResults":[{"hash":"c5cb54c280fd1b9131f8ff722695d87dafb9f91a","isMergeCommit":false,"messageTitle":"Add tests to increase coverage","messageBody":"","fileTypesAndContributionMap":{"test-code":{"insertions":63,"deletions":0}}},{"hash":"9ffeb3876f2de87e206217e8f348c8349d367043","isMergeCommit":false,"messageTitle":"Fix code to match checkstyle","messageBody":"","fileTypesAndContributionMap":{"test-code":{"insertions":2,"deletions":1}}},{"hash":"213714fcb5e1b0f21f6300e4b015fdc5cdc03119","isMergeCommit":false,"messageTitle":"Add tests for title to increase coverage","messageBody":"","fileTypesAndContributionMap":{"test-code":{"insertions":20,"deletions":0}}},{"hash":"0e66e617b2f77bfcc7babeed4d90fb96fac789f7","isMergeCommit":false,"messageTitle":"Add a test for new parse command","messageBody":"","fileTypesAndContributionMap":{"test-code":{"insertions":29,"deletions":0}}},{"hash":"c51040071f99da90bffbc4cc946c3592921f2b51","isMergeCommit":false,"messageTitle":"Remove obsolete tests and add other tests","messageBody":"","fileTypesAndContributionMap":{"test-code":{"insertions":2,"deletions":15}}},{"hash":"074a5fc0ef53d92be6658340be537ec1a04948d2","isMergeCommit":false,"messageTitle":"Add test to increase coverage in schedule","messageBody":"","fileTypesAndContributionMap":{"test-code":{"insertions":12,"deletions":0}}},{"hash":"3e541bdeb69145047b22caea07154c9a1280922c","isMergeCommit":false,"messageTitle":"Edit test to increase coverage","messageBody":"","fileTypesAndContributionMap":{"test-code":{"insertions":2,"deletions":1}}}]},{"date":"2024-03-30","commitResults":[{"hash":"84d22adfafe3d0f18de3a5a6e6a00e343aeef825","isMergeCommit":false,"messageTitle":"Add a test to increase coverage","messageBody":"","fileTypesAndContributionMap":{"test-code":{"insertions":25,"deletions":0}}},{"hash":"93143ae2c3b60ec7c8db0144afa652e2fd2bfad0","isMergeCommit":false,"messageTitle":"Resolve some of the issues raised in changes requested","messageBody":"","fileTypesAndContributionMap":{"functional-code":{"insertions":11,"deletions":8},"test-code":{"insertions":4,"deletions":6}}},{"hash":"5d653936bcd06d17269308eb0d2c8813e91b6347","isMergeCommit":true,"messageTitle":"Merge pull request #75 from wilsonwid/wilsonwid-assertions","messageBody":"Add assertions","fileTypesAndContributionMap":{}},{"hash":"fd613d2d41e2549816c4e138190ce524c24867c4","isMergeCommit":false,"messageTitle":"Abstracted date time comparison into another file","messageBody":"","fileTypesAndContributionMap":{"functional-code":{"insertions":25,"deletions":21}}},{"hash":"fe3a704ddffe6a47e8b398b060039939c026322c","isMergeCommit":false,"messageTitle":"Add Javadocs to the new date time comparison class","messageBody":"","fileTypesAndContributionMap":{"functional-code":{"insertions":11,"deletions":0}}},{"hash":"936ad1d6e941ea7cd7eaff9b2e94a23504ccd03f","isMergeCommit":false,"messageTitle":"Replace test data with constants where appropriate","messageBody":"","fileTypesAndContributionMap":{"functional-code":{"insertions":0,"deletions":7},"test-code":{"insertions":9,"deletions":9}}},{"hash":"537e68f23b616896fba1cbb9a9a6fb43a87cf878","isMergeCommit":false,"messageTitle":"Fix code to match checktstyle reqs","messageBody":"","fileTypesAndContributionMap":{"test-code":{"insertions":9,"deletions":9}}},{"hash":"f944d6d4110a4b628a3f1d2d97084ccdf6e1ece4","isMergeCommit":false,"messageTitle":"Fix code to match checkstyle requirements","messageBody":"","fileTypesAndContributionMap":{"test-code":{"insertions":9,"deletions":9}}},{"hash":"04bb9a0aa871c896891957e11ccb09d7f00c4b4e","isMergeCommit":false,"messageTitle":"Fix Schedule to take LocalDateTime as arguments instead of strings","messageBody":"","fileTypesAndContributionMap":{"functional-code":{"insertions":31,"deletions":7},"test-code":{"insertions":76,"deletions":40}}},{"hash":"1940218a81e022e1f45145c921b97ca4a067d208","isMergeCommit":false,"messageTitle":"Fix code to match checkstyle requirements","messageBody":"","fileTypesAndContributionMap":{"functional-code":{"insertions":1,"deletions":2}}}]},{"date":"2024-03-31","commitResults":[{"hash":"21a65d3cbe78d52f8c3900307bab9bf20c20b48c","isMergeCommit":false,"messageTitle":"Add assert statement to the code","messageBody":"","fileTypesAndContributionMap":{"functional-code":{"insertions":1,"deletions":0}}},{"hash":"433c903009d9a66c25b755dec69d77031e454910","isMergeCommit":false,"messageTitle":"Add Javadoc to comply with checkstyle","messageBody":"","fileTypesAndContributionMap":{"functional-code":{"insertions":4,"deletions":0}}},{"hash":"723c74763357fb63a98b87c4fe3faf30d7f46487","isMergeCommit":false,"messageTitle":"Add test to increase patch coverage","messageBody":"","fileTypesAndContributionMap":{"test-code":{"insertions":7,"deletions":4}}},{"hash":"2c525bbdd0608d182bac36325a0c05786055e84e","isMergeCommit":false,"messageTitle":"Fix code to comply with checkstyle","messageBody":"","fileTypesAndContributionMap":{"test-code":{"insertions":5,"deletions":2}}},{"hash":"f7ede478a3827f4f23a37714007828dee0cce545","isMergeCommit":false,"messageTitle":"Add test to increase test coverage","messageBody":"","fileTypesAndContributionMap":{"test-code":{"insertions":14,"deletions":0}}},{"hash":"0a571b05ec3abc929ea914dadb0f9220e1cfa5e0","isMergeCommit":false,"messageTitle":"Fix code to increase test coverage","messageBody":"","fileTypesAndContributionMap":{"functional-code":{"insertions":1,"deletions":1},"test-code":{"insertions":0,"deletions":1}}},{"hash":"fcd74dbf9dab369df28649052a8f3a8122413906","isMergeCommit":false,"messageTitle":"Remove redundant method to increase test coverage","messageBody":"","fileTypesAndContributionMap":{"functional-code":{"insertions":0,"deletions":4},"test-code":{"insertions":1,"deletions":1}}},{"hash":"b35eead1c346ad7e34b081155befe4c15fc7f4a9","isMergeCommit":false,"messageTitle":"Add test to increase coverage","messageBody":"","fileTypesAndContributionMap":{"test-code":{"insertions":14,"deletions":6}}},{"hash":"067c8d9738af877f1d2c27684cfb1e26ece3a23c","isMergeCommit":false,"messageTitle":"Fix code to comply with checkstyle","messageBody":"","fileTypesAndContributionMap":{"test-code":{"insertions":6,"deletions":6}}},{"hash":"6d6e871548a3a5ea75aede8c3630bb90c3b8f1d2","isMergeCommit":false,"messageTitle":"Add a test to increase coverage","messageBody":"","fileTypesAndContributionMap":{"functional-code":{"insertions":4,"deletions":0},"test-code":{"insertions":1,"deletions":0}}},{"hash":"820454eada1e6fc978d2d9e5325517f97d60b80e","isMergeCommit":true,"messageTitle":"Merge pull request #79 from ChuaZiLong/branch-Scheduling","messageBody":"Add assert statement to the code","fileTypesAndContributionMap":{}}]}],"sarjinius":[{"date":"2024-03-13","commitResults":[{"hash":"f849f806f78aab7f6cd4b385b91aa197fda34c67","isMergeCommit":false,"messageTitle":"Update the AboutUs page","messageBody":"Each member has to add their part\nin the AboutUs page.\n\nLet\u0027s,\n* add a picture\n* update the descriptions\n","fileTypesAndContributionMap":{"docs":{"insertions":9,"deletions":5}}},{"hash":"d4a6f574657fe57bd8465cd6d23fd49f151971f0","isMergeCommit":true,"messageTitle":"Merge branch \u0027master\u0027 into update-about-us-page","messageBody":"","fileTypesAndContributionMap":{}}]},{"date":"2024-03-18","commitResults":[{"hash":"546cf22c66b6e6123a41fb36e8cf6a3bd2161fbd","isMergeCommit":false,"messageTitle":"Update FindCommandParser to accommodate more prefixes","messageBody":"","fileTypesAndContributionMap":{"functional-code":{"insertions":41,"deletions":2}}},{"hash":"c337f572cffbc994feab9a0c6ebe902c7abc9c11","isMergeCommit":false,"messageTitle":"Add class AddressContainsKeywordPredicate","messageBody":"","fileTypesAndContributionMap":{"functional-code":{"insertions":52,"deletions":0}}},{"hash":"55718051afeabaf7093fe6ce667195cb01a5b337","isMergeCommit":false,"messageTitle":"Add class TagsContainKeywordsPredicate and include it in FindCommandParser","messageBody":"","fileTypesAndContributionMap":{"functional-code":{"insertions":56,"deletions":0}}},{"hash":"ed77ee9aecbb77aceda2a3f5853a77c822a43bac","isMergeCommit":false,"messageTitle":"Modify FindCommand class to accommodate extra predicates","messageBody":"","fileTypesAndContributionMap":{"functional-code":{"insertions":25,"deletions":18}}},{"hash":"f06c9925a80b8b6b84b024e4dcb97f689e65d384","isMergeCommit":false,"messageTitle":"Update tests testing FindCommand","messageBody":"","fileTypesAndContributionMap":{"functional-code":{"insertions":3,"deletions":3},"test-code":{"insertions":73,"deletions":21}}},{"hash":"d89bddf0caba67ef09fa0894e072ad2eda34f3d0","isMergeCommit":false,"messageTitle":"Fix code to pass findCommand tests","messageBody":"","fileTypesAndContributionMap":{"test-code":{"insertions":7,"deletions":7}}}]},{"date":"2024-03-19","commitResults":[{"hash":"8d07b73067ad30e9e02cd68aaaa1d784120ba253","isMergeCommit":false,"messageTitle":"Fix code to pass checkstyle tests","messageBody":"","fileTypesAndContributionMap":{"functional-code":{"insertions":13,"deletions":8},"test-code":{"insertions":6,"deletions":3}}}]},{"date":"2024-03-20","commitResults":[{"hash":"043be1ba93fcdd983b686a7dfde756b5c27e1470","isMergeCommit":false,"messageTitle":"Fix code to pass tests","messageBody":"","fileTypesAndContributionMap":{"test-code":{"insertions":6,"deletions":6}}}]},{"date":"2024-03-21","commitResults":[{"hash":"88c8bddc7361179f86e020e6727fda2636e26b09","isMergeCommit":false,"messageTitle":"Modify tests to cover more lines","messageBody":"","fileTypesAndContributionMap":{"test-code":{"insertions":11,"deletions":10}}},{"hash":"4cd9825d04fd211b74b87588bf3c58706943e6e3","isMergeCommit":true,"messageTitle":"Merge pull request #72 from wilsonwid/wilsonwid-docs-fix","messageBody":"","fileTypesAndContributionMap":{}}]},{"date":"2024-03-22","commitResults":[{"hash":"5de672b12e51ce411e23bdf55fe6213c2d7b3126","isMergeCommit":false,"messageTitle":"Update ModelClassDiagram.puml","messageBody":"","fileTypesAndContributionMap":{"docs":{"insertions":4,"deletions":4}}},{"hash":"e23be82052f090e6ed0e2a837c6263a5c4d59250","isMergeCommit":true,"messageTitle":"Merge branch \u0027master\u0027 into CSV","messageBody":"","fileTypesAndContributionMap":{}}]},{"date":"2024-04-03","commitResults":[{"hash":"7fddaa4a7ae3a2ff4d3312cf896492e766080e03","isMergeCommit":false,"messageTitle":"Add FindScheduleCommand and its relevant predicates","messageBody":"","fileTypesAndContributionMap":{"functional-code":{"insertions":323,"deletions":0}}},{"hash":"ac56d7f70c171f2217035084813d4a1313d5c26b","isMergeCommit":false,"messageTitle":"Implement FindScheduleCommandParser","messageBody":"","fileTypesAndContributionMap":{"functional-code":{"insertions":135,"deletions":14}}},{"hash":"89d58a18f62f708a5938640975c38a2fd301ef84","isMergeCommit":false,"messageTitle":"Fix code to pass checkstyle tests","messageBody":"","fileTypesAndContributionMap":{"functional-code":{"insertions":30,"deletions":13}}},{"hash":"4ee6d1ac738556e3084dde67c810ce87989c0e2e","isMergeCommit":true,"messageTitle":"Merge branch \u0027master\u0027 into find-schedule","messageBody":"* master:\n  Changed image for tahsin to png\n  uploaded png image\n","fileTypesAndContributionMap":{}},{"hash":"d92d1f4dc9078de2875d9d168855d5ae4f2a9038","isMergeCommit":false,"messageTitle":"Update AddressBookParserTest and add FindScheduleCommandTest","messageBody":"","fileTypesAndContributionMap":{"functional-code":{"insertions":9,"deletions":3},"test-code":{"insertions":302,"deletions":1}}}]},{"date":"2024-04-04","commitResults":[{"hash":"f351924e32175f1e90aea2d206f8e4baba5a3422","isMergeCommit":false,"messageTitle":"Add FindScheduleCommandParserTest","messageBody":"","fileTypesAndContributionMap":{"functional-code":{"insertions":1,"deletions":1},"test-code":{"insertions":50,"deletions":1}}},{"hash":"6d6964322b867d747daf431372d28f5e5a2ec879","isMergeCommit":false,"messageTitle":"Add JavaDoc to ScheduleDateTimeFormatter","messageBody":"","fileTypesAndContributionMap":{"functional-code":{"insertions":3,"deletions":0}}},{"hash":"1e540613113031175d7c00d5ad20917f592367bb","isMergeCommit":false,"messageTitle":"Add FindScheduleCommandParser test that tests invalid arguments","messageBody":"","fileTypesAndContributionMap":{"test-code":{"insertions":10,"deletions":0}}},{"hash":"e4c98df0c11186ea3cf7fd03eaea88d9be3b5dcb","isMergeCommit":false,"messageTitle":"Implement ListOngoingScheduleCommand","messageBody":"","fileTypesAndContributionMap":{"functional-code":{"insertions":30,"deletions":1}}},{"hash":"75732271f45c0d82a72b5653a800db6c0952d199","isMergeCommit":false,"messageTitle":"Update AddressBookParser test to accommodate ListOngoingScheduleCommand","messageBody":"","fileTypesAndContributionMap":{"test-code":{"insertions":9,"deletions":2}}},{"hash":"f147246b0889852dda1c09adcfe4c5a8001c6d29","isMergeCommit":true,"messageTitle":"Merge branch \u0027master\u0027 into list-ongoing-schedule","messageBody":"* master: (50 commits)\n  Added semicolon to separate regex\n  Extracted out getPersonsFRomCsv\n  Fixed EOF error for typicalSchedulesScheduleList.json\n  Add more test coverage\n  Add more test coverage\n  Added test case to improve coverage of ImportCommand\n  Added test cases for ParserUtil::parseFileForExport\n  Fixed checkstyle for FileFormatTest\n  Added tests for FileFormatTest\n  Fix ERROR:../src/test/data/JsonScheduleStorageTest/typicalSchedulesScheduleList.json:12: no newline at EOF. error\n  Fixed checkstyle errors\n  bug fix\n  Fix checkstyle errors\n  Bug fix where files were not being exported to the correct path\n  Applied fixes after merge\n  Resolved all suggested changes\n  Fix bug where app did not allow exporting contacts without a name\n  added requireNonNull to getFileFormat\n  Added filename and format checking to export command\n  Removed \"v/\" argument. Changed Parser to parse file for export before allowing find and export command.\n  ...\n","fileTypesAndContributionMap":{}},{"hash":"1b47349d1b6ca946823c39c77e77f09c58f2afc9","isMergeCommit":false,"messageTitle":"Refactor execute function in ListOngoingScheduleCommand","messageBody":"","fileTypesAndContributionMap":{"functional-code":{"insertions":3,"deletions":1}}},{"hash":"63eaf76d877a3c10d25a7ccffc4aff272d206414","isMergeCommit":false,"messageTitle":"Add ListOngoingScheduleCommandTest","messageBody":"","fileTypesAndContributionMap":{"test-code":{"insertions":56,"deletions":3}}},{"hash":"606ad3e81603c60e6e5310a5bc16c7cfd7386a72","isMergeCommit":true,"messageTitle":"Merge pull request #86 from sarjinius/list-ongoing-schedule","messageBody":"Implement a command that lists ongoing schedules","fileTypesAndContributionMap":{}},{"hash":"9dc94ffbaf7c067d3853684901f6f04fdaf8e77a","isMergeCommit":true,"messageTitle":"Merge pull request #85 from wilsonwid/wilsonwid-docs-2","messageBody":"Edit documentation for v1.3","fileTypesAndContributionMap":{}}]}]},"authorFileTypeContributionMap":{"wilsonwid":{"docs":294,"functional-code":2138,"test-code":1955,"other":6},"tahsinhasem":{"docs":9,"functional-code":224,"test-code":218},"ChuaZiLong":{"docs":110,"functional-code":480,"test-code":653},"sarjinius":{"docs":13,"functional-code":678,"test-code":513}},"authorContributionVariance":{"wilsonwid":264580.44,"tahsinhasem":3194.569,"ChuaZiLong":54851.35,"sarjinius":18297.201},"authorDisplayNameMap":{"wilsonwid":"CS2103T-W08-3 WILS..HANA","tahsinhasem":"CS2103T-W08-3 AONI..ASEM","ChuaZiLong":"CS2103T-W08-3 CHUA..LONG","sarjinius":"CS2103T-W08-3 SARJ..BONA"}}
