{"authorDailyContributionsMap":{"eunrcn":[{"date":"2024-02-25","commitResults":[{"hash":"0cd3bdc989755c7ed43a8523cc9d8592ed363c5d","isMergeCommit":false,"messageTitle":"Update README.md","messageBody":"","fileTypesAndContributionMap":{"docs":{"insertions":40,"deletions":10}}},{"hash":"c7e914ce20a66490ee2c6c968b9adfc187767466","isMergeCommit":false,"messageTitle":"Update README.md","messageBody":"","fileTypesAndContributionMap":{"docs":{"insertions":1,"deletions":1}}},{"hash":"b3975f7769ca075ee0cd10cd246aa26bbd31253f","isMergeCommit":false,"messageTitle":"Update README.md","messageBody":"","fileTypesAndContributionMap":{"docs":{"insertions":0,"deletions":4}}},{"hash":"b3412e8d21e2cca2ae14585b99a3ee63ec447d27","isMergeCommit":true,"messageTitle":"Merge remote-tracking branch \u0027upstream/master\u0027","messageBody":"","fileTypesAndContributionMap":{}}]},{"date":"2024-02-28","commitResults":[{"hash":"9087634673272c4b9aacdfd3a4981e26df04e166","isMergeCommit":false,"messageTitle":"before i go crazy","messageBody":"","fileTypesAndContributionMap":{"functional-code":{"insertions":342,"deletions":327},"docs":{"insertions":1,"deletions":1}}},{"hash":"4d48a0558a1cbb536656ae2ba00ead0240359df3","isMergeCommit":false,"messageTitle":"i need to restart the ide","messageBody":"","fileTypesAndContributionMap":{"functional-code":{"insertions":0,"deletions":171}}},{"hash":"3372f5a12a5623167ba02deee90937332255aef0","isMergeCommit":false,"messageTitle":"i need to restart the ide","messageBody":"","fileTypesAndContributionMap":{"functional-code":{"insertions":281,"deletions":22},"docs":{"insertions":4,"deletions":4},"test-code":{"insertions":1,"deletions":1}}},{"hash":"e90d8c8db6708686cccd3d271f9fe57636b4a653","isMergeCommit":false,"messageTitle":"Update README.md","messageBody":"","fileTypesAndContributionMap":{"docs":{"insertions":4,"deletions":4}}},{"hash":"aedeef19613f887efdc9b579e95c25fd0e2466b0","isMergeCommit":false,"messageTitle":"before i go crazy","messageBody":"","fileTypesAndContributionMap":{"functional-code":{"insertions":342,"deletions":327},"docs":{"insertions":1,"deletions":1}}},{"hash":"d7df7f89c530dbc3ef386559b6d51c7074f1d0fb","isMergeCommit":false,"messageTitle":"i need to restart the ide","messageBody":"","fileTypesAndContributionMap":{"functional-code":{"insertions":0,"deletions":171}}},{"hash":"d8e6ae17fbfd38ff7a7df109f3d530aba1d6fb13","isMergeCommit":false,"messageTitle":"Implement EditCommandParser, EditCommand, README.md","messageBody":"Create EditCommandParser to parse user input for editing a person\u0027s details in the address book. The parser handles the input arguments, validates them, and constructs an EditCommand object for execution. It uses CliSyntax prefixes and follows a similar structure as the AddCommandParser. The parsing logic for each attribute (name, phone, email, address, tags, jobDescription, interviewDate, internDuration, salary) is provided, and the EditPersonDescriptor is updated accordingly.\n","fileTypesAndContributionMap":{"functional-code":{"insertions":281,"deletions":22},"docs":{"insertions":4,"deletions":4},"test-code":{"insertions":1,"deletions":1}}},{"hash":"84fb48af30266ef49e59def139d0152ae70b8df0","isMergeCommit":true,"messageTitle":"Merge pull request #19 from eunrcn/edit-user-command","messageBody":"Edit user command","fileTypesAndContributionMap":{}},{"hash":"dee005733138e04614d1fd8e7a8d24d9ddff9d95","isMergeCommit":true,"messageTitle":"Merge branch \u0027master\u0027 into list-sort-feature","messageBody":"","fileTypesAndContributionMap":{}},{"hash":"ff077d86cc6c6b13b43cb40856299ff43bb877a5","isMergeCommit":true,"messageTitle":"Merge pull request #11 from Jawad280/list-sort-feature","messageBody":"List sort feature","fileTypesAndContributionMap":{}},{"hash":"70757311f0d1c7009d98281de8d45534f5c02b6f","isMergeCommit":true,"messageTitle":"Merge branch \u0027master\u0027 into ui-change-v2","messageBody":"","fileTypesAndContributionMap":{}},{"hash":"2bf68d378518de9cf0e8aaa29b430e2e09d766f5","isMergeCommit":true,"messageTitle":"Merge pull request #10 from Jawad280/ui-change-v2","messageBody":"UI change v2","fileTypesAndContributionMap":{}},{"hash":"1a3591b38a2804685c5a1bca534e29b53a32526b","isMergeCommit":true,"messageTitle":"Merge branch \u0027master\u0027 into about-us","messageBody":"","fileTypesAndContributionMap":{}},{"hash":"bb15b96192da118c460c8dce2fedd4bcdae4b1f8","isMergeCommit":true,"messageTitle":"Merge pull request #12 from Jawad280/about-us","messageBody":"About us","fileTypesAndContributionMap":{}},{"hash":"466970275c7eca80fa4821cdb9d2906299c11996","isMergeCommit":true,"messageTitle":"Merge branch \u0027master\u0027 into master","messageBody":"","fileTypesAndContributionMap":{}},{"hash":"180f24f7cde7a2b6cb01146757d4fb8d96ef2e7a","isMergeCommit":true,"messageTitle":"Merge pull request #20 from eunrcn/master","messageBody":"Implement EditCommandParser, EditCommand, README.md","fileTypesAndContributionMap":{}},{"hash":"b10868a6cfaf9af636253fd399a624e52c8997af","isMergeCommit":false,"messageTitle":"Remove duplicate method","messageBody":"","fileTypesAndContributionMap":{"functional-code":{"insertions":0,"deletions":3}}},{"hash":"4c41d2d12227744858662ff3d3c21b4953f564dc","isMergeCommit":true,"messageTitle":"Merge pull request #22 from eunrcn/master","messageBody":"Remove duplicate method","fileTypesAndContributionMap":{}}]},{"date":"2024-02-29","commitResults":[{"hash":"e906563e27c635c19e9572e77ca6bb8ed2164147","isMergeCommit":true,"messageTitle":"Merge pull request #23 from Jawad280/edit-v2","messageBody":"Edit command tweaks","fileTypesAndContributionMap":{}}]},{"date":"2024-03-01","commitResults":[{"hash":"0e86ea8d3bf59f05a541ad0e54c5bfeff227f5fa","isMergeCommit":false,"messageTitle":"Rename my github username","messageBody":"","fileTypesAndContributionMap":{"docs":{"insertions":1,"deletions":1}}},{"hash":"32a484d3af811f8d282f7fd303e4d63b784e7469","isMergeCommit":true,"messageTitle":"Merge branch \u0027AY2324S2-CS2103T-F14-1:master\u0027 into master","messageBody":"","fileTypesAndContributionMap":{}},{"hash":"7e44cf99bfaafbfc9e8b5cddadb675f22b52b907","isMergeCommit":true,"messageTitle":"Merge pull request #26 from eunrcn/master","messageBody":"Github Username","fileTypesAndContributionMap":{}},{"hash":"e2ac9386c6386c8f9ece3b98b8c273725952c91b","isMergeCommit":false,"messageTitle":"Developer Guide User Stories","messageBody":"","fileTypesAndContributionMap":{"docs":{"insertions":10,"deletions":8}}}]},{"date":"2024-03-04","commitResults":[{"hash":"6e4d97e9d7e85b0ebe22ea9e449fd87ce51fa67a","isMergeCommit":false,"messageTitle":"Debugging Edit Command and Edit Command Parser Test","messageBody":"","fileTypesAndContributionMap":{"test-code":{"insertions":613,"deletions":554}}}]},{"date":"2024-03-11","commitResults":[{"hash":"a36debcf1af88254054314c420c3ea576406e395","isMergeCommit":true,"messageTitle":"Merge branch \u0027AY2324S2-CS2103T-F14-1:master\u0027 into master","messageBody":"","fileTypesAndContributionMap":{}},{"hash":"e4643d8d2642e470c1811ae2cdab1fbac2b85ea9","isMergeCommit":true,"messageTitle":"Merge pull request #34 from eunrcn/master","messageBody":"Debugging Edit Command and Edit Command Parser Test","fileTypesAndContributionMap":{}}]},{"date":"2024-03-12","commitResults":[{"hash":"998da3fa9c038c1d95c23da0cd38f9c0506f69c8","isMergeCommit":false,"messageTitle":"commit to git pull","messageBody":"","fileTypesAndContributionMap":{"functional-code":{"insertions":1,"deletions":0}}},{"hash":"69c43722024f2d7846440032515c1dfa3e49cbb7","isMergeCommit":false,"messageTitle":"Implement test cases for ViewCommand and ViewCommandTest, and AddressBookParserTest","messageBody":"","fileTypesAndContributionMap":{"test-code":{"insertions":209,"deletions":41}}},{"hash":"d64ded923fb2cb4cdbfe982e2b77f62a7a823b0e","isMergeCommit":true,"messageTitle":"Merge pull request #45 from eunrcn/master","messageBody":"Implement test cases for ViewCommand and ViewCommandTest, and AddressBookParserTest","fileTypesAndContributionMap":{}}]},{"date":"2024-03-13","commitResults":[{"hash":"07430928129e037c759eaf2f3bd9b339b5e7f4fc","isMergeCommit":true,"messageTitle":"Merge branch \u0027master\u0027 into edit-test","messageBody":"","fileTypesAndContributionMap":{}},{"hash":"b650b7c87e494add4e9092c58420de0abd2c03ae","isMergeCommit":true,"messageTitle":"Merge pull request #43 from Jawad280/edit-test","messageBody":"EditCommandTest and EditCommandParserTest updated","fileTypesAndContributionMap":{}}]},{"date":"2024-03-14","commitResults":[{"hash":"b55261a37f2376d4695d9dc4e3a4291899127035","isMergeCommit":false,"messageTitle":"Implement test cases for ViewCommand and ViewCommandTest, and AddressBookParserTest","messageBody":"","fileTypesAndContributionMap":{"test-code":{"insertions":12,"deletions":15}}},{"hash":"6cf1349a7a57e4278c0e12a288744878ed798d27","isMergeCommit":false,"messageTitle":"Implement test cases for ViewCommand and ViewCommandTest, and AddressBookParserTest","messageBody":"","fileTypesAndContributionMap":{"test-code":{"insertions":3,"deletions":1}}},{"hash":"624a7f632fc185abea3b9ab15ed3049d9be7e5f7","isMergeCommit":false,"messageTitle":"Implement test cases for ViewCommand and ViewCommandTest, and AddressBookParserTest","messageBody":"","fileTypesAndContributionMap":{"test-code":{"insertions":18,"deletions":14}}},{"hash":"798c2eb6c49cf7fbd6773ca0a82e6606cb2ccdc2","isMergeCommit":true,"messageTitle":"Merge branch \u0027master\u0027 into ViewCommandTest","messageBody":"","fileTypesAndContributionMap":{}},{"hash":"b921d4bcfda39d13ad86c19698e48caedcce0b03","isMergeCommit":true,"messageTitle":"Merge pull request #50 from eunrcn/ViewCommandTest","messageBody":"View Command, View Command Parser, Address Book test cases","fileTypesAndContributionMap":{}},{"hash":"e792cd9488997336ed8af40992ad5986202cbc47","isMergeCommit":false,"messageTitle":"Remove unnessary function in ParserUtil.java","messageBody":"","fileTypesAndContributionMap":{"functional-code":{"insertions":0,"deletions":20}}},{"hash":"40b84916e9c94a01217983266bf7da25711a865b","isMergeCommit":false,"messageTitle":"Remove unnessary function in ParserUtil.java and EditCommandParser.java","messageBody":"","fileTypesAndContributionMap":{"functional-code":{"insertions":0,"deletions":22},"test-code":{"insertions":0,"deletions":3}}},{"hash":"da7872972c9584e06fd61841b4f55015816f1584","isMergeCommit":false,"messageTitle":"Remove unnessary function in ParserUtil.java and EditCommandParser.java","messageBody":"","fileTypesAndContributionMap":{"functional-code":{"insertions":0,"deletions":4}}},{"hash":"c8df4eeef0fbe10c84f62515b0e373ea5a3fefd1","isMergeCommit":false,"messageTitle":"Remove unnessary function in ParserUtil.java and EditCommandParser.java","messageBody":"","fileTypesAndContributionMap":{"test-code":{"insertions":3,"deletions":7}}},{"hash":"b213bc4fdfe00420e8e9545e1f3fddf12c5f1f26","isMergeCommit":true,"messageTitle":"Merge branch \u0027master\u0027 into master","messageBody":"","fileTypesAndContributionMap":{}},{"hash":"e149832ea5faae468f79275682a7daedb4b6d437","isMergeCommit":false,"messageTitle":"Remove unnessary function in ParserUtil.java and EditCommandParser.java","messageBody":"","fileTypesAndContributionMap":{"test-code":{"insertions":1,"deletions":1}}},{"hash":"35e001e6cfd9a4095b9c4f8604f1e606fff1fb9f","isMergeCommit":false,"messageTitle":"Remove unnessary function in ParserUtil.java and EditCommandParser.java","messageBody":"","fileTypesAndContributionMap":{"test-code":{"insertions":9,"deletions":1}}},{"hash":"501e5ae4b9f7446fb8c8204f9d8e83ee1b544b4c","isMergeCommit":true,"messageTitle":"Merge pull request #51 from eunrcn/master","messageBody":"Remove unnessary function in ParserUtil.java, EditCommandParser.java","fileTypesAndContributionMap":{}}]},{"date":"2024-03-18","commitResults":[{"hash":"05c0a194ee015aee971c07580a6b68a71beaac54","isMergeCommit":false,"messageTitle":"Edit ModelClassDiagram.puml to update the changes to Person","messageBody":"","fileTypesAndContributionMap":{"docs":{"insertions":11,"deletions":3}}},{"hash":"0feb65635b7366cb1a4f04ca36d7d2075072c270","isMergeCommit":true,"messageTitle":"Merge pull request #56 from eunrcn/master","messageBody":"Edit ModelClassDiagram.puml to update the changes to Person","fileTypesAndContributionMap":{}},{"hash":"d8f98901df63bf95b66ac74966f4460bbbbf1b48","isMergeCommit":false,"messageTitle":"Edit ModelClassDiagram.puml to update the changes to Person, Edit BetterModelCLassDiagram to update changes to Tag and Person","messageBody":"","fileTypesAndContributionMap":{"docs":{"insertions":6,"deletions":7}}},{"hash":"8bed3facffeb2a7eb20598b01645dfe43476f556","isMergeCommit":true,"messageTitle":"Merge pull request #57 from eunrcn/master","messageBody":"Edit ModelClassDiagram.puml to update the changes to Person, Edit Bet…","fileTypesAndContributionMap":{}}]},{"date":"2024-03-19","commitResults":[{"hash":"2161c914fab431324f2cb5ad562bab1735cac31b","isMergeCommit":true,"messageTitle":"Merge pull request #55 from chenyixin0/master","messageBody":"Update find and exception command test","tags":["v1.2"],"fileTypesAndContributionMap":{}}]}],"chenyixin0":[{"date":"2024-02-25","commitResults":[{"hash":"982cfaee95655364aedaeb31d37dd2404d126cf0","isMergeCommit":true,"messageTitle":"Merge pull request #2 from eunrcn/master","messageBody":"Update README.md","fileTypesAndContributionMap":{}}]},{"date":"2024-02-29","commitResults":[{"hash":"bfb35deb0850f85af37824fc722aa0944321c2a7","isMergeCommit":false,"messageTitle":"Add find command halfway","messageBody":"Ui is still bugged\n","fileTypesAndContributionMap":{"functional-code":{"insertions":54,"deletions":9}}},{"hash":"9d94238ad9b7188dbbe813415012bfc2d88e1cd4","isMergeCommit":false,"messageTitle":"Add Find command correctly","messageBody":"","fileTypesAndContributionMap":{"functional-code":{"insertions":38,"deletions":27},"docs":{"insertions":5,"deletions":5}}}]},{"date":"2024-03-01","commitResults":[{"hash":"c7214479a83a1e4a8719287d3f75fbf77db504b4","isMergeCommit":true,"messageTitle":"Merge pull request #24 from chenyixin0/master","messageBody":"AboutUs, Find command","fileTypesAndContributionMap":{}}]},{"date":"2024-03-07","commitResults":[{"hash":"ac06240c7ee50cf36290a36777429e7bbc54810e","isMergeCommit":false,"messageTitle":"Improve Find and View UI","messageBody":"Side view panel no longer displays white box on default.\n\nStill displays a really weird white border havent figure out why yet.\n","fileTypesAndContributionMap":{"functional-code":{"insertions":20,"deletions":20}}},{"hash":"3aa4b47a013833a38f8390f1fb7d126cff89525d","isMergeCommit":true,"messageTitle":"Merge branch \u0027master\u0027 of https://github.com/chenyixin0/tp","messageBody":"","fileTypesAndContributionMap":{}}]},{"date":"2024-03-08","commitResults":[{"hash":"270dbf04fc2fa1fc8b507564ee5196322b030d6c","isMergeCommit":false,"messageTitle":"Finish side panel UI update","messageBody":"Side panel UI now exhibits correct display behaviour\n","fileTypesAndContributionMap":{"functional-code":{"insertions":31,"deletions":10}}},{"hash":"837629d3d17da598399aaeac98926d9bb05221e6","isMergeCommit":false,"messageTitle":"Update for checkstyle","messageBody":"","fileTypesAndContributionMap":{"functional-code":{"insertions":0,"deletions":3}}},{"hash":"71ed1a0848aa572e77930de27a3b7de7801b7daa","isMergeCommit":false,"messageTitle":"Update test files to reflect new CommandResult constructor","messageBody":"","fileTypesAndContributionMap":{"test-code":{"insertions":7,"deletions":7}}},{"hash":"cd500ea6f684f3155a6b211c392ff81ca1dbfde7","isMergeCommit":false,"messageTitle":"Update find command test cases","messageBody":"","fileTypesAndContributionMap":{"test-code":{"insertions":14,"deletions":4}}},{"hash":"eef2ec33ff42c621426e9aea2a447889ae4c6b76","isMergeCommit":false,"messageTitle":"Update for checkstyle","messageBody":"","fileTypesAndContributionMap":{"test-code":{"insertions":10,"deletions":10}}},{"hash":"654db56598f6bd319ab2cb4c0f99603fd48f81e8","isMergeCommit":false,"messageTitle":"i swear to god if i fail checkstyle one more time","messageBody":"","fileTypesAndContributionMap":{"test-code":{"insertions":0,"deletions":1}}},{"hash":"13e038b330de05b66c6ece6a49aa09c864719562","isMergeCommit":false,"messageTitle":"Update UI logic to be more concise","messageBody":"","fileTypesAndContributionMap":{"functional-code":{"insertions":5,"deletions":14}}}]},{"date":"2024-03-11","commitResults":[{"hash":"c8d5072c6c82a3e311ef65f121ee4fdbb1b6dda3","isMergeCommit":true,"messageTitle":"Merge pull request #36 from chenyixin0/master","messageBody":"Improvements to find/view UI","fileTypesAndContributionMap":{}}]},{"date":"2024-03-12","commitResults":[{"hash":"5048741be375927c2f9199f42822751ab65f3395","isMergeCommit":false,"messageTitle":"Update testcases for CommandResult","messageBody":"Add more tests to CommandResultTest file to test overloaded constructors for CommandResult object.\n","fileTypesAndContributionMap":{"test-code":{"insertions":32,"deletions":2}}},{"hash":"dd1bc6a497efd0649501b333070f449c89957e36","isMergeCommit":false,"messageTitle":"eunice ur files kena my checkstyle","messageBody":"","fileTypesAndContributionMap":{"test-code":{"insertions":3,"deletions":4}}},{"hash":"edb04dd90f3a40be70ff46cc261427f886a3254f","isMergeCommit":false,"messageTitle":"Edit for checkstyle","messageBody":"","fileTypesAndContributionMap":{"test-code":{"insertions":71,"deletions":15}}}]},{"date":"2024-03-15","commitResults":[{"hash":"61966fe1e48ea34c1915dad9f97b941483563b8b","isMergeCommit":true,"messageTitle":"Resolve merge conflict","messageBody":"","fileTypesAndContributionMap":{}},{"hash":"54fc2808fa9eea5546130fcdcba4f5f33c55d44b","isMergeCommit":true,"messageTitle":"Merge pull request #53 from chenyixin0/conflict-branch","messageBody":"Resolving Conflict branch","fileTypesAndContributionMap":{}},{"hash":"64ddf3caea70cc8139ac48a4adcfb968d7c4c51a","isMergeCommit":true,"messageTitle":"Merge pull request #54 from AY2324S2-CS2103T-F14-1/command-result-test","messageBody":"Command result test","fileTypesAndContributionMap":{}},{"hash":"3cd38b959736e825f26817819b42fe0e350c86fd","isMergeCommit":false,"messageTitle":"Update find command test","messageBody":"","fileTypesAndContributionMap":{"test-code":{"insertions":4,"deletions":3}}},{"hash":"5046bde110ddeaa7f16ef88c6e927b15ef45f06a","isMergeCommit":false,"messageTitle":"Add more find tests","messageBody":"","fileTypesAndContributionMap":{"test-code":{"insertions":8,"deletions":4}}}]},{"date":"2024-03-17","commitResults":[{"hash":"ec0321ced2a5db7fe083192604305ed198fc0e38","isMergeCommit":false,"messageTitle":"Update Exception tests","messageBody":"Had to comment out one line from one of the test methods that compares if the generated model with\nan expected model but i havent figured out why that one keeps failing yet\n","fileTypesAndContributionMap":{"test-code":{"insertions":35,"deletions":26}}}]}],"minghowC":[{"date":"2024-03-01","commitResults":[{"hash":"4ca3dea543c95143e2a4d16638916ecf309f2a02","isMergeCommit":false,"messageTitle":"Add my AboutUS.md details","messageBody":"","fileTypesAndContributionMap":{"docs":{"insertions":1,"deletions":1}}},{"hash":"24e282da380f51c1bdbb9602341f0d106a877e3c","isMergeCommit":true,"messageTitle":"Merge remote-tracking branch \u0027upstream/master\u0027","messageBody":"","fileTypesAndContributionMap":{}},{"hash":"fbe28239026c115f3c9f2a189e0cd0c9c6a5f8d4","isMergeCommit":false,"messageTitle":"Add delete feature","messageBody":"","fileTypesAndContributionMap":{"functional-code":{"insertions":4,"deletions":0}}},{"hash":"3cfc9010be6d990cb335dd0021ff33aeb814e020","isMergeCommit":true,"messageTitle":"Merge pull request #28 from minghowC/master","messageBody":"Add delete feature","fileTypesAndContributionMap":{}}]},{"date":"2024-03-08","commitResults":[{"hash":"5e85ff2e6d7146293b90be23256eaf47f5326948","isMergeCommit":false,"messageTitle":"Update Minghow profile","messageBody":"","fileTypesAndContributionMap":{"docs":{"insertions":1,"deletions":1}}},{"hash":"0b37fb5faa010ba6c3ec621eba28b812ca693e74","isMergeCommit":true,"messageTitle":"Merge pull request #37 from minghowC/add-minghowC-info","messageBody":"Update Minghow profile","fileTypesAndContributionMap":{}}]}],"Jawad280":[{"date":"2024-02-25","commitResults":[{"hash":"a7783867c92a5a46814382d06ac2889ad9ef58d5","isMergeCommit":false,"messageTitle":"Remark tutorial","messageBody":"The tutorial for adding a command, remark in the AB.\n","fileTypesAndContributionMap":{"functional-code":{"insertions":180,"deletions":16}}},{"hash":"f497f581a26aded9b0aba848fd1f6f077419982a","isMergeCommit":false,"messageTitle":"Restore to tp master","messageBody":"","fileTypesAndContributionMap":{"functional-code":{"insertions":16,"deletions":176}}},{"hash":"44dcd8a249a1c6937d1cab34f48cc42e1c0a11d3","isMergeCommit":false,"messageTitle":"Restore to tp master including JavaFX","messageBody":"","fileTypesAndContributionMap":{"functional-code":{"insertions":0,"deletions":4}}}]},{"date":"2024-02-26","commitResults":[{"hash":"72b6fe1d1feaff7fdd17593858b00050831a17ef","isMergeCommit":true,"messageTitle":"Merge branch \u0027AY2324S2-CS2103T-F14-1:master\u0027 into master","messageBody":"","fileTypesAndContributionMap":{}},{"hash":"4aebef91a564c0a38b6264577a2b40f6d858be33","isMergeCommit":false,"messageTitle":"List function implemented with auto sort by interview date","messageBody":"","fileTypesAndContributionMap":{"functional-code":{"insertions":20,"deletions":4}}},{"hash":"ad2e6e6e6a1279989051a6a86af43b832194580c","isMergeCommit":false,"messageTitle":"Ui is updated together with a simple view feature","messageBody":"","fileTypesAndContributionMap":{"functional-code":{"insertions":250,"deletions":12}}}]},{"date":"2024-02-27","commitResults":[{"hash":"af8d4de6e6ed2407cd3199b9b3098a2b77380af6","isMergeCommit":false,"messageTitle":"AboutUs page updated \u0026 included picture","messageBody":"","fileTypesAndContributionMap":{"docs":{"insertions":3,"deletions":3}}}]},{"date":"2024-02-29","commitResults":[{"hash":"a98c3853d486f940b161f73b2a536e80d20fcb69","isMergeCommit":false,"messageTitle":"Edit command tweaks","messageBody":"","fileTypesAndContributionMap":{"functional-code":{"insertions":50,"deletions":30}}},{"hash":"b47cf87fadc45499cf2a1e02965cadbc81aba8e9","isMergeCommit":false,"messageTitle":"Reformatted classes to fit checkstyle issues","messageBody":"","fileTypesAndContributionMap":{"functional-code":{"insertions":5,"deletions":15},"test-code":{"insertions":1,"deletions":1}}},{"hash":"adca670b121b567c6103b05a133a1952e604b1fd","isMergeCommit":false,"messageTitle":"Edited test classes to reflect changes in our main classes","messageBody":"","fileTypesAndContributionMap":{"test-code":{"insertions":12,"deletions":3}}}]},{"date":"2024-03-01","commitResults":[{"hash":"c9656627807a5a25559c51df77f64b69af34608f","isMergeCommit":true,"messageTitle":"Merge pull request #25 from minghowC/master","messageBody":"Update AboutUs.md for everyone","fileTypesAndContributionMap":{}},{"hash":"1f9824cca54b5ee7cd9917f8440992221726fecd","isMergeCommit":false,"messageTitle":"Developer Guide updated with use cases","messageBody":"","fileTypesAndContributionMap":{"functional-code":{"insertions":22,"deletions":16},"docs":{"insertions":119,"deletions":20}}},{"hash":"edd259a66efe637953f9370b1cd5d03c3f632e9c","isMergeCommit":true,"messageTitle":"Merge branch \u0027DG\u0027 into DG-v2","messageBody":"","fileTypesAndContributionMap":{}},{"hash":"40e2be88e2a1d621b4fc29698ac76917c05bb749","isMergeCommit":true,"messageTitle":"Merge pull request #27 from eunrcn/master","messageBody":"Developer Guide User Stories","fileTypesAndContributionMap":{}},{"hash":"65f56fa2ecb089e8f35aa13b2e268852c354eff2","isMergeCommit":false,"messageTitle":"Developer Guide edited to include Use Case","messageBody":"","fileTypesAndContributionMap":{"functional-code":{"insertions":1,"deletions":1}}},{"hash":"651c53401fd3cd17b415a7e54dc5e778f92c61c8","isMergeCommit":false,"messageTitle":"Update DG","messageBody":"","fileTypesAndContributionMap":{"test-code":{"insertions":5,"deletions":0}}},{"hash":"49001518677cd99d41d76f2a118d92ed2a961020","isMergeCommit":true,"messageTitle":"Merge pull request #30 from Jawad280/DG-v2","messageBody":"Developer Guide edited to include Use Cases","fileTypesAndContributionMap":{}},{"hash":"c4eb64ca81ebba0163703ba0d9dbd5e8f0bf8899","isMergeCommit":false,"messageTitle":"UG updated \u0026 DG finalised","messageBody":"","fileTypesAndContributionMap":{"docs":{"insertions":75,"deletions":68}}},{"hash":"2dd836dd6a3fb60422f14ce3d26a585d042c18ef","isMergeCommit":false,"messageTitle":"Updated FindCommand and FindCommandTest to pass test cases","messageBody":"","fileTypesAndContributionMap":{"functional-code":{"insertions":1,"deletions":1}}},{"hash":"0ad563ef3e6ff78790bcd25a1b468106619a5985","isMergeCommit":true,"messageTitle":"Merge pull request #31 from Jawad280/UG","messageBody":"* UG updated \u0026 DG finalised\r\n* FindCommand \u0026 FindCommandTest has been updated to pass test cases","fileTypesAndContributionMap":{}}]},{"date":"2024-03-02","commitResults":[{"hash":"7e0ab9d1a79ab01d4756f7cc54c1c6b459922034","isMergeCommit":false,"messageTitle":"Update DeveloperGuide.md","messageBody":"","fileTypesAndContributionMap":{"docs":{"insertions":6,"deletions":6}}},{"hash":"6f21796aa0f276bdd5b50f4ef3580d642c5662d3","isMergeCommit":false,"messageTitle":"Update AboutUs.md","messageBody":"src\u003d\"images/minghowc\" changed to src\u003d\"images/minghowC\"","fileTypesAndContributionMap":{"docs":{"insertions":1,"deletions":1}}},{"hash":"10890b9de2c8244da3c35ea2e657532427eb23f8","isMergeCommit":false,"messageTitle":"Update README.md","messageBody":"Updated Actions build badge to our CI","fileTypesAndContributionMap":{"docs":{"insertions":1,"deletions":1}}},{"hash":"e652643f1bd82fc981347e914f5cf8757a42d80e","isMergeCommit":false,"messageTitle":"Update README.md","messageBody":"Update link of GitHub Actions build status to reflect out CI","fileTypesAndContributionMap":{"docs":{"insertions":1,"deletions":1}}},{"hash":"17f42bbd0898b2834e896f6aeb1f523499656a3b","isMergeCommit":false,"messageTitle":"Update UserGuide.md","messageBody":"","fileTypesAndContributionMap":{"docs":{"insertions":12,"deletions":0}}},{"hash":"849a4015008919834a3d02d24ff79a3ee8bab43d","isMergeCommit":true,"messageTitle":"Merge pull request #33 from ashleygoh1/v1.2-readme-dg","messageBody":"Edit AboutUs.md making sure CI banners pointing to own project","fileTypesAndContributionMap":{}}]},{"date":"2024-03-03","commitResults":[{"hash":"1dc44135b25b17969c3eac957fa5e1d9a2d9d988","isMergeCommit":false,"messageTitle":"Update AboutUs.md","messageBody":"Change from .jpg to .png","fileTypesAndContributionMap":{"docs":{"insertions":1,"deletions":1}}}]},{"date":"2024-03-11","commitResults":[{"hash":"ed46bcc240e84198230d5d8aebe57b19e89ff0ae","isMergeCommit":false,"messageTitle":"CommandResult and company card ui updated","messageBody":"","fileTypesAndContributionMap":{"functional-code":{"insertions":144,"deletions":70},"test-code":{"insertions":7,"deletions":7}}},{"hash":"0fc8792b07ef9efffaf69b76b855d9917041cd5b","isMergeCommit":false,"messageTitle":"CommandResult and company card ui updated","messageBody":"","fileTypesAndContributionMap":{"functional-code":{"insertions":4,"deletions":4}}},{"hash":"97cc9a3633f1db958e75e58a3f1d03c18aca3ef9","isMergeCommit":true,"messageTitle":"Merge pull request #42 from Jawad280/company-card-ui","messageBody":"CommandResult and company card ui updated","fileTypesAndContributionMap":{}},{"hash":"0e820f53c4810d609b24e1c1e0d0e1aed10ad102","isMergeCommit":false,"messageTitle":"EditCommandTest and EditCommandParserTest updated","messageBody":"","fileTypesAndContributionMap":{"functional-code":{"insertions":1,"deletions":1},"test-code":{"insertions":110,"deletions":59}}},{"hash":"5ed175913145bef845fc1d693ded2b76c1be1f2f","isMergeCommit":false,"messageTitle":"EditCommandTest and EditCommandParserTest updated","messageBody":"","fileTypesAndContributionMap":{"test-code":{"insertions":16,"deletions":6}}},{"hash":"1479fbb5101a4dc6ce6dd08175e60af7667673d9","isMergeCommit":false,"messageTitle":"EditCommandTest and EditCommandParserTest Updated","messageBody":"","fileTypesAndContributionMap":{"functional-code":{"insertions":1,"deletions":1},"test-code":{"insertions":13,"deletions":15}}}]},{"date":"2024-03-13","commitResults":[{"hash":"f53924a2eac08a180be7e35e40776e772c26ec5c","isMergeCommit":true,"messageTitle":"Merge pull request #48 from ashleygoh1/v1.2-edit-test-cases","messageBody":"Update edit test cases","fileTypesAndContributionMap":{}}]},{"date":"2024-03-22","commitResults":[{"hash":"8883adefbecfde0dec5fad135f302ee1d6564789","isMergeCommit":false,"messageTitle":"Update UiClassDiagram.puml","messageBody":"UI uml updated","fileTypesAndContributionMap":{"docs":{"insertions":4,"deletions":0}}}]}],"ashleygoh1":[{"date":"2024-02-23","commitResults":[{"hash":"c37653119c039b3b06a0f1c97a54bf50bab58e13","isMergeCommit":true,"messageTitle":"Merge pull request #1 from nus-cs2103-AY2324S2/switch-docs-to-markbind","messageBody":"Switch docs to markbind","fileTypesAndContributionMap":{}},{"hash":"02b788dfe07da9cd8cdbf59e8a88d7b173519b99","isMergeCommit":false,"messageTitle":"Update default.md","messageBody":"","fileTypesAndContributionMap":{"docs":{"insertions":1,"deletions":1}}}]},{"date":"2024-02-25","commitResults":[{"hash":"91310b8007505d028bf03ebb7328628123aac855","isMergeCommit":false,"messageTitle":"Edit add person command","messageBody":"Allow user to input additional information such as job description, interview date, intern duration, and salary\n\nCreate new java files for the new parameters (job description, interview date, intern duration, and salary)\n\nUpdate the message shown to user when inputs are successfully added to the address book\n","fileTypesAndContributionMap":{"functional-code":{"insertions":820,"deletions":452},"test-code":{"insertions":7,"deletions":7}}},{"hash":"ac8ff5ede9e0140593cce2738807dc140cfe0a4b","isMergeCommit":false,"messageTitle":"Edit the code to adhere to checkstyle","messageBody":"","fileTypesAndContributionMap":{"functional-code":{"insertions":72,"deletions":52}}}]},{"date":"2024-02-26","commitResults":[{"hash":"40a8dc2db17be26f847e2e62578d0ec85daf5d0c","isMergeCommit":false,"messageTitle":"Edit the code to adhere to checkstyle","messageBody":"Update add command making address and interview date optional\n","fileTypesAndContributionMap":{"functional-code":{"insertions":60,"deletions":67},"test-code":{"insertions":725,"deletions":674}}},{"hash":"48b2b75118695a2e36e2b48fa421555c9c79da9e","isMergeCommit":false,"messageTitle":"Edit the code to adhere to checkstyle","messageBody":"","fileTypesAndContributionMap":{"functional-code":{"insertions":0,"deletions":5}}},{"hash":"1555b79e2fb6a6cbc1c5fa2df744fdb9b5442024","isMergeCommit":false,"messageTitle":"Edit the code to adhere to checkstyle","messageBody":"","fileTypesAndContributionMap":{"functional-code":{"insertions":22,"deletions":1},"test-code":{"insertions":50,"deletions":84}}},{"hash":"6c916d78717a24e63ace889976d7f9ad6a775c9f","isMergeCommit":false,"messageTitle":"Edit the code to adhere to checkstyle","messageBody":"","fileTypesAndContributionMap":{"test-code":{"insertions":6,"deletions":3}}},{"hash":"a803a78f42529db23dbcfe4eadb3f4d4dba645dc","isMergeCommit":false,"messageTitle":"Edit the code to adhere to checkstyle","messageBody":"","fileTypesAndContributionMap":{"test-code":{"insertions":2,"deletions":1}}},{"hash":"2b6bcf8fd067cc7e80bc13859d4d00495d051c45","isMergeCommit":false,"messageTitle":"Edit the code to pass test cases","messageBody":"","fileTypesAndContributionMap":{"functional-code":{"insertions":19,"deletions":15},"test-code":{"insertions":159,"deletions":34}}},{"hash":"53c3484501afe1c222de9e19e3a0265280e371a8","isMergeCommit":false,"messageTitle":"Edit the code to pass test cases","messageBody":"","fileTypesAndContributionMap":{"functional-code":{"insertions":9,"deletions":4}}},{"hash":"c681a5e1e216e5b28d8ae7a1a38b3c4bef1c6464","isMergeCommit":false,"messageTitle":"Comment out unuse test cases","messageBody":"","fileTypesAndContributionMap":{"test-code":{"insertions":74,"deletions":75}}},{"hash":"0a725fae3815ac4eacc7358b4914f5d105c0a158","isMergeCommit":true,"messageTitle":"Merge pull request #6 from ashleygoh1/v1.2-add-user-command","messageBody":"Edit add person command","fileTypesAndContributionMap":{}},{"hash":"ee45f5fafbc62b4861e26d071bf3bf0d4720ec40","isMergeCommit":true,"messageTitle":"Merge pull request #9 from AY2324S2-CS2103T-F14-1/add-user-command","messageBody":"Add user command","fileTypesAndContributionMap":{}}]},{"date":"2024-02-27","commitResults":[{"hash":"a5a33c8068e449766a7fcb1e2e1d8c05236d5e95","isMergeCommit":false,"messageTitle":"Edit UserGuide.md and AboutUs.md","messageBody":"","fileTypesAndContributionMap":{"functional-code":{"insertions":15,"deletions":0},"docs":{"insertions":210,"deletions":42}}},{"hash":"085f8e3a69ef3ef61c9f29c1f52f2ac4cf225bdc","isMergeCommit":false,"messageTitle":"Edit the code to adhere to checkstyle","messageBody":"","fileTypesAndContributionMap":{"functional-code":{"insertions":1,"deletions":1}}},{"hash":"f099d488e6f666a9e4118ac987d9547dc00cba64","isMergeCommit":true,"messageTitle":"Merge pull request #15 from ashleygoh1/v1.2-update-ug","messageBody":"Edit UserGuide.md and AboutUs.md","fileTypesAndContributionMap":{}},{"hash":"120a711cc7f58c49bc269f566b3d92db4ae13cd0","isMergeCommit":true,"messageTitle":"Merge pull request #16 from AY2324S2-CS2103T-F14-1/update-ug","messageBody":"Update ug","fileTypesAndContributionMap":{}}]},{"date":"2024-03-02","commitResults":[{"hash":"ada3fc193734a4f821e290355418b26a1d5157b0","isMergeCommit":false,"messageTitle":"Edit AboutUs.md making sure CI banners pointing to own project","messageBody":"","fileTypesAndContributionMap":{"docs":{"insertions":10,"deletions":12}}},{"hash":"3396036cac84e2f12b7a53bc72867b2d5e6ddee3","isMergeCommit":false,"messageTitle":"Edit the code to adhere to checkstyle","messageBody":"","fileTypesAndContributionMap":{"docs":{"insertions":6,"deletions":6}}}]},{"date":"2024-03-12","commitResults":[{"hash":"0ddf9064d02a4c599c4a4043bf314440da00538d","isMergeCommit":false,"messageTitle":"change tag from \"F\" to \"I\" \"F\" stand for first interview \"I\" stand for interview we generalise the this giving the user more flexibility","messageBody":"update and create test cases for\nJsonAdaptedPersonTest.java, InternDurationTest.java,\nSalaryTest.java, JobDescriptionTest.java\n","fileTypesAndContributionMap":{"test-code":{"insertions":332,"deletions":64}}}]},{"date":"2024-03-13","commitResults":[{"hash":"8fe1027705d740cbd336746a8e26f97a663c872c","isMergeCommit":true,"messageTitle":"Merge pull request #46 from ashleygoh1/v1.2-add-test-cases","messageBody":"update and create test cases","fileTypesAndContributionMap":{}},{"hash":"2b178d3c5553b7f17f587e158f131b9b901f28ec","isMergeCommit":false,"messageTitle":"change \"TAG_DESC_FIRST_INTERVIEW\" to \"TAG_DESC_INTERVIEW;\" and \"VALID_TAG_FIRST_INTERVIEW\" to \"VALID_TAG_INTERVIEW\" we change it to make the tag more general, giving the user more flexibility when inputing the intern status","messageBody":"Update the ViewCommandPaserTest.java to pass the test cases\n","fileTypesAndContributionMap":{"functional-code":{"insertions":1,"deletions":1},"test-code":{"insertions":12,"deletions":12}}}]}]},"authorFileTypeContributionMap":{"eunrcn":{"docs":57,"functional-code":88,"test-code":256},"chenyixin0":{"docs":4,"functional-code":53,"test-code":78},"minghowC":{"docs":1,"functional-code":3,"test-code":0},"Jawad280":{"docs":170,"functional-code":398,"test-code":74},"ashleygoh1":{"docs":74,"functional-code":553,"test-code":572}},"authorContributionVariance":{"eunrcn":216863.14,"chenyixin0":1574.3381,"minghowC":1.3032101,"Jawad280":16481.764,"ashleygoh1":205765.66},"authorDisplayNameMap":{"eunrcn":"CS2103T-F14-1 EUNI..NING","chenyixin0":"CS2103T-F14-1 CHEN..IXIN","minghowC":"CS2103T-F14-1 CHAI.. HOW","Jawad280":"CS2103T-F14-1 JAWA..THAB","ashleygoh1":"CS2103T-F14-1 ASHL..TING"}}
