[{"path":"docs/_markbind/layouts/default.md","fileType":"docs","lines":[{"lineNumber":1,"author":{"gitId":"-"},"content":"\u003chead-bottom\u003e","lastModifiedDate":"2023-09-12"},{"lineNumber":2,"author":{"gitId":"-"},"content":"  \u003clink rel\u003d\"stylesheet\" href\u003d\"{{baseUrl}}/stylesheets/main.css\"\u003e","lastModifiedDate":"2023-09-12"},{"lineNumber":3,"author":{"gitId":"-"},"content":"\u003c/head-bottom\u003e","lastModifiedDate":"2023-09-12"},{"lineNumber":4,"author":{"gitId":"-"},"content":"","lastModifiedDate":"2023-09-12"},{"lineNumber":5,"author":{"gitId":"-"},"content":"\u003cheader sticky\u003e","lastModifiedDate":"2023-09-12"},{"lineNumber":6,"author":{"gitId":"-"},"content":"  \u003cnavbar type\u003d\"dark\"\u003e","lastModifiedDate":"2023-09-12"},{"lineNumber":7,"author":{"gitId":"AidenLYT"},"content":"    \u003ca slot\u003d\"brand\" href\u003d\"{{baseUrl}}/index.html\" title\u003d\"Home\" class\u003d\"navbar-brand\"\u003eMyProduct\u003c/a\u003e","lastModifiedDate":"2024-02-25"},{"lineNumber":8,"author":{"gitId":"-"},"content":"    \u003cli\u003e\u003ca href\u003d\"{{baseUrl}}/index.html\" class\u003d\"nav-link\"\u003eHome\u003c/a\u003e\u003c/li\u003e","lastModifiedDate":"2024-02-09"},{"lineNumber":9,"author":{"gitId":"-"},"content":"    \u003cli\u003e\u003ca href\u003d\"{{baseUrl}}/UserGuide.html\" class\u003d\"nav-link\"\u003eUser Guide\u003c/a\u003e\u003c/li\u003e","lastModifiedDate":"2023-09-12"},{"lineNumber":10,"author":{"gitId":"-"},"content":"    \u003cli\u003e\u003ca href\u003d\"{{baseUrl}}/DeveloperGuide.html\" class\u003d\"nav-link\"\u003eDeveloper Guide\u003c/a\u003e\u003c/li\u003e","lastModifiedDate":"2023-09-12"},{"lineNumber":11,"author":{"gitId":"-"},"content":"    \u003cli\u003e\u003ca href\u003d\"{{baseUrl}}/AboutUs.html\" class\u003d\"nav-link\"\u003eAbout Us\u003c/a\u003e\u003c/li\u003e","lastModifiedDate":"2023-09-12"},{"lineNumber":12,"author":{"gitId":"-"},"content":"    \u003cli\u003e\u003ca href\u003d\"https://github.com/se-edu/addressbook-level3\" target\u003d\"_blank\" class\u003d\"nav-link\"\u003e\u003cmd\u003e:fab-github:\u003c/md\u003e\u003c/a\u003e","lastModifiedDate":"2023-09-12"},{"lineNumber":13,"author":{"gitId":"-"},"content":"    \u003c/li\u003e","lastModifiedDate":"2023-09-12"},{"lineNumber":14,"author":{"gitId":"-"},"content":"    \u003cli slot\u003d\"right\"\u003e","lastModifiedDate":"2023-09-12"},{"lineNumber":15,"author":{"gitId":"-"},"content":"      \u003cform class\u003d\"navbar-form\"\u003e","lastModifiedDate":"2023-09-12"},{"lineNumber":16,"author":{"gitId":"-"},"content":"        \u003csearchbar :data\u003d\"searchData\" placeholder\u003d\"Search\" :on-hit\u003d\"searchCallback\" menu-align-right\u003e\u003c/searchbar\u003e","lastModifiedDate":"2023-09-12"},{"lineNumber":17,"author":{"gitId":"-"},"content":"      \u003c/form\u003e","lastModifiedDate":"2023-09-12"},{"lineNumber":18,"author":{"gitId":"-"},"content":"    \u003c/li\u003e","lastModifiedDate":"2023-09-12"},{"lineNumber":19,"author":{"gitId":"-"},"content":"  \u003c/navbar\u003e","lastModifiedDate":"2023-09-12"},{"lineNumber":20,"author":{"gitId":"-"},"content":"\u003c/header\u003e","lastModifiedDate":"2023-09-12"},{"lineNumber":21,"author":{"gitId":"-"},"content":"","lastModifiedDate":"2023-09-12"},{"lineNumber":22,"author":{"gitId":"-"},"content":"\u003cdiv id\u003d\"flex-body\"\u003e","lastModifiedDate":"2023-09-12"},{"lineNumber":23,"author":{"gitId":"-"},"content":"  \u003cnav id\u003d\"site-nav\"\u003e","lastModifiedDate":"2023-09-12"},{"lineNumber":24,"author":{"gitId":"-"},"content":"    \u003cdiv class\u003d\"site-nav-top\"\u003e","lastModifiedDate":"2023-09-12"},{"lineNumber":25,"author":{"gitId":"-"},"content":"      \u003cdiv class\u003d\"fw-bold mb-2\" style\u003d\"font-size: 1.25rem;\"\u003eSite Map\u003c/div\u003e","lastModifiedDate":"2023-09-12"},{"lineNumber":26,"author":{"gitId":"-"},"content":"    \u003c/div\u003e","lastModifiedDate":"2023-09-12"},{"lineNumber":27,"author":{"gitId":"-"},"content":"    \u003cdiv class\u003d\"nav-component slim-scroll\"\u003e","lastModifiedDate":"2023-09-12"},{"lineNumber":28,"author":{"gitId":"-"},"content":"      \u003csite-nav\u003e","lastModifiedDate":"2023-09-12"},{"lineNumber":29,"author":{"gitId":"-"},"content":"* [Home]({{ baseUrl }}/index.html)","lastModifiedDate":"2023-09-12"},{"lineNumber":30,"author":{"gitId":"-"},"content":"* [User Guide]({{ baseUrl }}/UserGuide.html) :expanded:","lastModifiedDate":"2023-09-12"},{"lineNumber":31,"author":{"gitId":"-"},"content":"  * [Quick Start]({{ baseUrl }}/UserGuide.html#quick-start)","lastModifiedDate":"2023-09-12"},{"lineNumber":32,"author":{"gitId":"-"},"content":"  * [Features]({{ baseUrl }}/UserGuide.html#features)","lastModifiedDate":"2023-09-12"},{"lineNumber":33,"author":{"gitId":"-"},"content":"  * [FAQ]({{ baseUrl }}/UserGuide.html#faq)","lastModifiedDate":"2023-09-12"},{"lineNumber":34,"author":{"gitId":"-"},"content":"  * [Command Summary]({{ baseUrl }}/UserGuide.html#faq)","lastModifiedDate":"2023-09-12"},{"lineNumber":35,"author":{"gitId":"-"},"content":"* [Developer Guide]({{ baseUrl }}/DeveloperGuide.html) :expanded:","lastModifiedDate":"2023-09-12"},{"lineNumber":36,"author":{"gitId":"-"},"content":"  * [Acknowledgements]({{ baseUrl }}/DeveloperGuide.html#acknowledgements)","lastModifiedDate":"2023-09-12"},{"lineNumber":37,"author":{"gitId":"-"},"content":"  * [Setting Up]({{ baseUrl }}/DeveloperGuide.html#setting-up-getting-started)","lastModifiedDate":"2023-09-12"},{"lineNumber":38,"author":{"gitId":"-"},"content":"  * [Design]({{ baseUrl }}/DeveloperGuide.html#design)","lastModifiedDate":"2023-09-12"},{"lineNumber":39,"author":{"gitId":"-"},"content":"  * [Implementation]({{ baseUrl }}/DeveloperGuide.html#implementation)","lastModifiedDate":"2023-09-12"},{"lineNumber":40,"author":{"gitId":"-"},"content":"  * [Documentation, logging, testing, configuration, dev-ops]({{ baseUrl }}/DeveloperGuide.html#documentation-logging-testing-configuration-dev-ops)","lastModifiedDate":"2023-09-12"},{"lineNumber":41,"author":{"gitId":"-"},"content":"  * [Appendix: Requirements]({{ baseUrl }}/DeveloperGuide.html#appendix-requirements)","lastModifiedDate":"2023-09-12"},{"lineNumber":42,"author":{"gitId":"-"},"content":"  * [Appendix: Instructions for manual testing]({{ baseUrl }}/DeveloperGuide.html#appendix-instructions-for-manual-testing)","lastModifiedDate":"2023-09-12"},{"lineNumber":43,"author":{"gitId":"-"},"content":"* Tutorials","lastModifiedDate":"2023-09-12"},{"lineNumber":44,"author":{"gitId":"-"},"content":"  * [Tracing code]({{ baseUrl }}/tutorials/TracingCode.html)","lastModifiedDate":"2023-09-12"},{"lineNumber":45,"author":{"gitId":"-"},"content":"  * [Adding a command]({{ baseUrl }}/tutorials/AddRemark.html)","lastModifiedDate":"2023-09-12"},{"lineNumber":46,"author":{"gitId":"-"},"content":"  * [Removing Fields]({{ baseUrl }}/tutorials/RemovingFields.html)","lastModifiedDate":"2023-09-12"},{"lineNumber":47,"author":{"gitId":"-"},"content":"* [About Us]({{ baseUrl }}/AboutUs.html)","lastModifiedDate":"2023-09-12"},{"lineNumber":48,"author":{"gitId":"-"},"content":"      \u003c/site-nav\u003e","lastModifiedDate":"2023-09-12"},{"lineNumber":49,"author":{"gitId":"-"},"content":"    \u003c/div\u003e","lastModifiedDate":"2023-09-12"},{"lineNumber":50,"author":{"gitId":"-"},"content":"  \u003c/nav\u003e","lastModifiedDate":"2023-09-12"},{"lineNumber":51,"author":{"gitId":"-"},"content":"  \u003cdiv id\u003d\"content-wrapper\"\u003e","lastModifiedDate":"2023-09-12"},{"lineNumber":52,"author":{"gitId":"-"},"content":"    {{ content }}","lastModifiedDate":"2023-09-12"},{"lineNumber":53,"author":{"gitId":"-"},"content":"  \u003c/div\u003e","lastModifiedDate":"2023-09-12"},{"lineNumber":54,"author":{"gitId":"-"},"content":"  \u003cnav id\u003d\"page-nav\"\u003e","lastModifiedDate":"2023-09-12"},{"lineNumber":55,"author":{"gitId":"-"},"content":"    \u003cdiv class\u003d\"nav-component slim-scroll\"\u003e","lastModifiedDate":"2023-09-12"},{"lineNumber":56,"author":{"gitId":"-"},"content":"      \u003cpage-nav /\u003e","lastModifiedDate":"2023-09-12"},{"lineNumber":57,"author":{"gitId":"-"},"content":"    \u003c/div\u003e","lastModifiedDate":"2023-09-12"},{"lineNumber":58,"author":{"gitId":"-"},"content":"  \u003c/nav\u003e","lastModifiedDate":"2023-09-12"},{"lineNumber":59,"author":{"gitId":"-"},"content":"  \u003cscroll-top-button\u003e\u003c/scroll-top-button\u003e","lastModifiedDate":"2023-09-12"},{"lineNumber":60,"author":{"gitId":"-"},"content":"\u003c/div\u003e","lastModifiedDate":"2023-09-12"},{"lineNumber":61,"author":{"gitId":"-"},"content":"","lastModifiedDate":"2023-09-12"},{"lineNumber":62,"author":{"gitId":"-"},"content":"\u003cfooter\u003e","lastModifiedDate":"2023-09-12"},{"lineNumber":63,"author":{"gitId":"-"},"content":"  \u003c!-- Support MarkBind by including a link to us on your landing page! --\u003e","lastModifiedDate":"2023-09-12"},{"lineNumber":64,"author":{"gitId":"-"},"content":"  \u003cdiv class\u003d\"text-center\"\u003e","lastModifiedDate":"2023-09-12"},{"lineNumber":65,"author":{"gitId":"-"},"content":"    \u003csmall\u003e[\u003cmd\u003e**Powered by**\u003c/md\u003e \u003cimg src\u003d\"https://markbind.org/favicon.ico\" width\u003d\"30\"\u003e {{MarkBind}}, generated on {{timestamp}}]\u003c/small\u003e","lastModifiedDate":"2023-09-12"},{"lineNumber":66,"author":{"gitId":"-"},"content":"  \u003c/div\u003e","lastModifiedDate":"2023-09-12"},{"lineNumber":67,"author":{"gitId":"-"},"content":"\u003c/footer\u003e","lastModifiedDate":"2023-09-12"}],"authorContributionMap":{"AidenLYT":1,"-":66}},{"path":"docs/team/AidenLYT.md","fileType":"docs","lines":[{"lineNumber":1,"author":{"gitId":"AidenLYT"},"content":"---","lastModifiedDate":"2024-02-29"},{"lineNumber":2,"author":{"gitId":"AidenLYT"},"content":"  layout: default.md","lastModifiedDate":"2024-02-29"},{"lineNumber":3,"author":{"gitId":"AidenLYT"},"content":"  title: \"Aiden Lee Ygit uan Ting\u0027s Project Portfolio Page\"","lastModifiedDate":"2024-02-29"},{"lineNumber":4,"author":{"gitId":"AidenLYT"},"content":"---","lastModifiedDate":"2024-02-29"},{"lineNumber":5,"author":{"gitId":"AidenLYT"},"content":"","lastModifiedDate":"2024-02-29"},{"lineNumber":6,"author":{"gitId":"AidenLYT"},"content":"### Project: LookMeUp","lastModifiedDate":"2024-02-29"},{"lineNumber":7,"author":{"gitId":"AidenLYT"},"content":"","lastModifiedDate":"2024-02-29"},{"lineNumber":8,"author":{"gitId":"AidenLYT"},"content":"LookMeUp is a desktop address book application targeted for NUS students who stay on campus.","lastModifiedDate":"2024-02-29"},{"lineNumber":9,"author":{"gitId":"AidenLYT"},"content":"Given how students who stay on campus find themselves in many different committees and interest groups, LookMeUp seeks to provide features that allows them to compartmentalise their contacts and access various groups easily.","lastModifiedDate":"2024-02-29"},{"lineNumber":10,"author":{"gitId":"AidenLYT"},"content":"LookMeUp also keeps track of the location and details of upcoming meetings specific to each contact, knowing when and who to make calls with.","lastModifiedDate":"2024-02-29"},{"lineNumber":11,"author":{"gitId":"AidenLYT"},"content":"","lastModifiedDate":"2024-02-29"},{"lineNumber":12,"author":{"gitId":"AidenLYT"},"content":"Given below are my contributions to the project.","lastModifiedDate":"2024-02-29"},{"lineNumber":13,"author":{"gitId":"AidenLYT"},"content":"","lastModifiedDate":"2024-02-29"},{"lineNumber":14,"author":{"gitId":"AidenLYT"},"content":"* **New Feature**: ","lastModifiedDate":"2024-02-29"},{"lineNumber":15,"author":{"gitId":"AidenLYT"},"content":"  * What it does: ","lastModifiedDate":"2024-02-29"},{"lineNumber":16,"author":{"gitId":"AidenLYT"},"content":"  * Justification: ","lastModifiedDate":"2024-02-29"},{"lineNumber":17,"author":{"gitId":"AidenLYT"},"content":"  * Highlights: ","lastModifiedDate":"2024-02-29"},{"lineNumber":18,"author":{"gitId":"AidenLYT"},"content":"  * Credits: *{mention here if you reused any code/ideas from elsewhere or if a third-party library is heavily used in the feature so that a reader can make a more accurate judgement of how much effort went into the feature}*","lastModifiedDate":"2024-02-29"},{"lineNumber":19,"author":{"gitId":"AidenLYT"},"content":"","lastModifiedDate":"2024-02-29"},{"lineNumber":20,"author":{"gitId":"AidenLYT"},"content":"* **New Feature**: ","lastModifiedDate":"2024-02-29"},{"lineNumber":21,"author":{"gitId":"AidenLYT"},"content":"","lastModifiedDate":"2024-02-29"},{"lineNumber":22,"author":{"gitId":"AidenLYT"},"content":"* **Code contributed**: [RepoSense link]()","lastModifiedDate":"2024-02-29"},{"lineNumber":23,"author":{"gitId":"AidenLYT"},"content":"","lastModifiedDate":"2024-02-29"},{"lineNumber":24,"author":{"gitId":"AidenLYT"},"content":"* **Project management**:","lastModifiedDate":"2024-02-29"},{"lineNumber":25,"author":{"gitId":"AidenLYT"},"content":"  * Set up the project repo","lastModifiedDate":"2024-02-29"},{"lineNumber":26,"author":{"gitId":"AidenLYT"},"content":"    * Set up team organisation","lastModifiedDate":"2024-02-29"},{"lineNumber":27,"author":{"gitId":"AidenLYT"},"content":"    * Set up the team repository ","lastModifiedDate":"2024-02-29"},{"lineNumber":28,"author":{"gitId":"AidenLYT"},"content":"  * Created issues [\\#1, #7,8,9,11-17](https://github.com/AY2324S2-CS2103T-T12-2/tp/issues)","lastModifiedDate":"2024-02-29"},{"lineNumber":29,"author":{"gitId":"AidenLYT"},"content":"    * Created milestones [\\v1.1 and v1.2](https://github.com/AY2324S2-CS2103T-T12-2/tp/milestones) ","lastModifiedDate":"2024-02-29"},{"lineNumber":30,"author":{"gitId":"AidenLYT"},"content":"    and allocate issues to the respective milestone","lastModifiedDate":"2024-02-29"},{"lineNumber":31,"author":{"gitId":"AidenLYT"},"content":"    * Assigned members to work on the respective issues","lastModifiedDate":"2024-02-29"},{"lineNumber":32,"author":{"gitId":"AidenLYT"},"content":"","lastModifiedDate":"2024-02-29"},{"lineNumber":33,"author":{"gitId":"AidenLYT"},"content":"* **Enhancements to existing features**:","lastModifiedDate":"2024-02-29"},{"lineNumber":34,"author":{"gitId":"AidenLYT"},"content":"  * ","lastModifiedDate":"2024-02-29"},{"lineNumber":35,"author":{"gitId":"AidenLYT"},"content":"  * ","lastModifiedDate":"2024-02-29"},{"lineNumber":36,"author":{"gitId":"AidenLYT"},"content":"","lastModifiedDate":"2024-02-29"},{"lineNumber":37,"author":{"gitId":"AidenLYT"},"content":"* **Documentation**:","lastModifiedDate":"2024-02-29"},{"lineNumber":38,"author":{"gitId":"AidenLYT"},"content":"  * User Guide:","lastModifiedDate":"2024-02-29"},{"lineNumber":39,"author":{"gitId":"AidenLYT"},"content":"    * ","lastModifiedDate":"2024-02-29"},{"lineNumber":40,"author":{"gitId":"AidenLYT"},"content":"    * ","lastModifiedDate":"2024-02-29"},{"lineNumber":41,"author":{"gitId":"AidenLYT"},"content":"  * Developer Guide:","lastModifiedDate":"2024-02-29"},{"lineNumber":42,"author":{"gitId":"AidenLYT"},"content":"    * ","lastModifiedDate":"2024-02-29"},{"lineNumber":43,"author":{"gitId":"AidenLYT"},"content":"","lastModifiedDate":"2024-02-29"},{"lineNumber":44,"author":{"gitId":"AidenLYT"},"content":"* **Community**:","lastModifiedDate":"2024-02-29"},{"lineNumber":45,"author":{"gitId":"AidenLYT"},"content":"  * PRs reviewed (with non-trivial review comments): [\\#12](), [\\#32](), [\\#19](), [\\#42]()","lastModifiedDate":"2024-02-29"},{"lineNumber":46,"author":{"gitId":"AidenLYT"},"content":"  * Contributed to forum discussions (examples: [1](), [2](), [3](), [4]())","lastModifiedDate":"2024-02-29"},{"lineNumber":47,"author":{"gitId":"AidenLYT"},"content":"  * Reported bugs and suggestions for other teams in the class (examples: [1](), [2](), [3]())","lastModifiedDate":"2024-02-29"},{"lineNumber":48,"author":{"gitId":"AidenLYT"},"content":"  * Some parts of the history feature I added was adopted by several other class mates ([1](), [2]())","lastModifiedDate":"2024-02-29"},{"lineNumber":49,"author":{"gitId":"AidenLYT"},"content":"","lastModifiedDate":"2024-02-29"},{"lineNumber":50,"author":{"gitId":"AidenLYT"},"content":"* **Tools**:","lastModifiedDate":"2024-02-29"},{"lineNumber":51,"author":{"gitId":"AidenLYT"},"content":"  * ","lastModifiedDate":"2024-02-29"},{"lineNumber":52,"author":{"gitId":"AidenLYT"},"content":"  * ","lastModifiedDate":"2024-02-29"},{"lineNumber":53,"author":{"gitId":"AidenLYT"},"content":"","lastModifiedDate":"2024-02-29"}],"authorContributionMap":{"AidenLYT":53}}]
