{"authorDailyContributionsMap":{"AidenLYT":[{"date":"2024-02-25","commitResults":[{"hash":"2480e6143ae73bf7f62044d31e7b625036b5c776","isMergeCommit":true,"messageTitle":"Merge remote-tracking branch \u0027origin/switch-docs-to-markbind\u0027 Merge for MarkBind","messageBody":"* Merge branch into master\n","fileTypesAndContributionMap":{}},{"hash":"358cac154b99f56cc6af023686bb4cdba40cb8a2","isMergeCommit":false,"messageTitle":"Initiate site","messageBody":"* Follow step-by-step guide\n","fileTypesAndContributionMap":{"docs":{"insertions":1,"deletions":1}}}]},{"date":"2024-02-29","commitResults":[{"hash":"4ec171b4da1b83559324fee6eed945be5a111a02","isMergeCommit":false,"messageTitle":"Add my own info file in team folder","messageBody":"* Add AidenLYT.md\n","fileTypesAndContributionMap":{"docs":{"insertions":53,"deletions":0}}}]}],"RunjiaChen":[],"smolegz":[{"date":"2024-03-03","commitResults":[{"hash":"057363f1ee9d3d8e96118b21c69f334845e0cf32","isMergeCommit":true,"messageTitle":"Merge pull request #18 from AidenLYT/add-AidenLYT-info","messageBody":"Add my own info file in team folder","fileTypesAndContributionMap":{}}]}],"lynnetteeee":[],"kervyntan":[]},"authorFileTypeContributionMap":{"AidenLYT":{"docs":54,"functional-code":0,"test-code":0},"RunjiaChen":{"docs":0,"functional-code":0,"test-code":0},"smolegz":{"docs":0,"functional-code":0,"test-code":0},"lynnetteeee":{"docs":0,"functional-code":0,"test-code":0},"kervyntan":{"docs":0,"functional-code":0,"test-code":0}},"authorContributionVariance":{"AidenLYT":251.05,"RunjiaChen":0.0,"smolegz":0.0,"lynnetteeee":0.0,"kervyntan":0.0},"authorDisplayNameMap":{"AidenLYT":"CS2103T-T12-2 LEE ..TING","RunjiaChen":"CS2103T-T12-2 CHEN..NJIA","smolegz":"CS2103T-T12-2 KOO .. HUI","lynnetteeee":"CS2103T-T12-2 ONG ..ETTE","kervyntan":"CS2103T-T12-2 KERV..AWEI"}}
