{"authorDailyContributionsMap":{"yashma-sonara":[{"date":"2024-02-29","commitResults":[{"hash":"8b21ea083578a777ef6963d95670f52c40f47578","isMergeCommit":false,"messageTitle":"Update AboutMe details","messageBody":"","fileTypesAndContributionMap":{"docs":{"insertions":5,"deletions":5}}},{"hash":"93264b56505f34d5436886966c5bc32a7401e724","isMergeCommit":true,"messageTitle":"Merge branch \u0027master\u0027 into branch-UpdateAboutUs","messageBody":"","fileTypesAndContributionMap":{}},{"hash":"e0b65f6ce8e5556865d377fd182b0b653c8725ab","isMergeCommit":false,"messageTitle":"Add documentation for edit","messageBody":"","fileTypesAndContributionMap":{"docs":{"insertions":10,"deletions":15}}},{"hash":"fd91c29d1929d07ee3d036f97be62e79c3b60516","isMergeCommit":true,"messageTitle":"Merge pull request #1 from yashma-sonara/branch-UpdateUG","messageBody":"Add documentation for edit","fileTypesAndContributionMap":{}},{"hash":"b5a546474b8690dfcdae7d8241de1bdfd005e510","isMergeCommit":false,"messageTitle":"Fix command summary","messageBody":"","fileTypesAndContributionMap":{"docs":{"insertions":7,"deletions":9}}},{"hash":"49c45f433b79b4e7bdcc5b20deae5f49dd55d382","isMergeCommit":true,"messageTitle":"Merge branch \u0027master\u0027 of https://github.com/yashma-sonara/tp","messageBody":"","fileTypesAndContributionMap":{}},{"hash":"35560c96bb8c15543b8d373922ee5c1730bd7cb6","isMergeCommit":false,"messageTitle":"Fix edit description","messageBody":"","fileTypesAndContributionMap":{"docs":{"insertions":1,"deletions":1}}},{"hash":"e102c120a1b2ff4a463dd4361f66437ff076e057","isMergeCommit":false,"messageTitle":"Fix edit issues","messageBody":"","fileTypesAndContributionMap":{"docs":{"insertions":1,"deletions":1}}},{"hash":"7a782cdbee41766c48da279a3fba6c90cab2f74d","isMergeCommit":true,"messageTitle":"Merge pull request #17 from JiaXinEu/branch-UpdateUG","messageBody":"Update user guide for delete feature","fileTypesAndContributionMap":{}},{"hash":"7ee113a8d9ecf417cebfe7cf1ce9a18382820b93","isMergeCommit":true,"messageTitle":"Merge pull request #21 from JiaXinEu/branch-UpdateDG","messageBody":"Add use cases for a few representative user stories","fileTypesAndContributionMap":{}}]},{"date":"2024-03-15","commitResults":[{"hash":"8283c7b7f031951abd66a6a3f14963b9038b5f58","isMergeCommit":false,"messageTitle":"Remove phone param","messageBody":"","fileTypesAndContributionMap":{"functional-code":{"insertions":55,"deletions":55},"test-code":{"insertions":3,"deletions":3}}},{"hash":"98f2a19812787cdc4f7b6a6d3c69667d638e99a3","isMergeCommit":false,"messageTitle":"Fix removing the phone display","messageBody":"","fileTypesAndContributionMap":{"functional-code":{"insertions":2,"deletions":2}}},{"hash":"d1cef6c028f659a0f96c02973b4b7236be4f937c","isMergeCommit":false,"messageTitle":"Update tests","messageBody":"","fileTypesAndContributionMap":{"functional-code":{"insertions":46,"deletions":50},"test-code":{"insertions":88,"deletions":176}}},{"hash":"a26954870922c5bfc2cf26a9be32d3cb6f0c3b0b","isMergeCommit":false,"messageTitle":"Fix checkstyle errors","messageBody":"","fileTypesAndContributionMap":{"functional-code":{"insertions":10,"deletions":20},"test-code":{"insertions":31,"deletions":35}}}]},{"date":"2024-03-17","commitResults":[{"hash":"7c5885e4e8488860e2cf1de15a116b6102611ee8","isMergeCommit":false,"messageTitle":"Fix redundant phone references","messageBody":"","fileTypesAndContributionMap":{"functional-code":{"insertions":0,"deletions":70},"test-code":{"insertions":2,"deletions":64}}},{"hash":"5a776a9684f59e774b8ffd14d9ed3ad08605c287","isMergeCommit":true,"messageTitle":"Fix merge conflicts","messageBody":"","fileTypesAndContributionMap":{}},{"hash":"cee775b376c5fb47995cd3c9633a410cf4702a90","isMergeCommit":false,"messageTitle":"Resolve merge conflicts and checkstyle","messageBody":"","fileTypesAndContributionMap":{"functional-code":{"insertions":34,"deletions":153},"test-code":{"insertions":30,"deletions":81}}}]},{"date":"2024-03-19","commitResults":[{"hash":"5f1c1eb3d17f8e0bc877abd623c234b3d1ec0447","isMergeCommit":false,"messageTitle":"Change delete diagram parameter","messageBody":"","fileTypesAndContributionMap":{"docs":{"insertions":4,"deletions":4}}},{"hash":"eee6c0334e21da93a65e98831d210f102c493f30","isMergeCommit":false,"messageTitle":"Update dg","messageBody":"","fileTypesAndContributionMap":{"docs":{"insertions":1,"deletions":1}}},{"hash":"6d583b008be81479528db9558b8e22697e67fab4","isMergeCommit":false,"messageTitle":"Fix sync with other diagrams","messageBody":"","fileTypesAndContributionMap":{"docs":{"insertions":10,"deletions":10}}}]},{"date":"2024-03-20","commitResults":[{"hash":"4974a6e22f3e7090b1d2c7d8d9309cbee9b7fd4a","isMergeCommit":false,"messageTitle":"Add email link functionality","messageBody":"","fileTypesAndContributionMap":{"functional-code":{"insertions":23,"deletions":1}}},{"hash":"3a639ebc81ced0d1ee1de7f2a45cda7cb1a8b997","isMergeCommit":false,"messageTitle":"Update error with email","messageBody":"","fileTypesAndContributionMap":{"functional-code":{"insertions":14,"deletions":0}}},{"hash":"b5f55cd248c988e0eb18b72422189078d1af685b","isMergeCommit":false,"messageTitle":"fix checkstyle","messageBody":"","fileTypesAndContributionMap":{"functional-code":{"insertions":0,"deletions":1}}},{"hash":"fd6ecc25b531b2e930f649864bad13f590c0b9ab","isMergeCommit":false,"messageTitle":"Add header comment","messageBody":"","fileTypesAndContributionMap":{"functional-code":{"insertions":4,"deletions":0}}},{"hash":"8caa4c5dc315fafdc6af155842343922c003662a","isMergeCommit":false,"messageTitle":"Added test cases","messageBody":"","fileTypesAndContributionMap":{"functional-code":{"insertions":75,"deletions":17},"other":{"insertions":5,"deletions":1},"test-code":{"insertions":86,"deletions":0}}},{"hash":"79c7da57186ac11a2e6c95f9cd9832c04f49bcc1","isMergeCommit":false,"messageTitle":"Correct build.gradle","messageBody":"","fileTypesAndContributionMap":{"other":{"insertions":3,"deletions":1}}}]},{"date":"2024-03-21","commitResults":[{"hash":"514d5043583b26584d6734f6cf043e38d63c58f8","isMergeCommit":false,"messageTitle":"Disable gui test linux","messageBody":"","fileTypesAndContributionMap":{"test-code":{"insertions":4,"deletions":0}}}]},{"date":"2024-03-24","commitResults":[{"hash":"d539d72e3324cdc420d8c247d49510a10b74c47c","isMergeCommit":false,"messageTitle":"Add weak marker","messageBody":"","fileTypesAndContributionMap":{"functional-code":{"insertions":64,"deletions":2}}},{"hash":"5e8347a8da843b4d8fb8d024ca3512a64ee88a33","isMergeCommit":false,"messageTitle":"Modify display of marker","messageBody":"","fileTypesAndContributionMap":{"functional-code":{"insertions":12,"deletions":2}}},{"hash":"d725d2c963107e88b167b2cef37bb8bd9134fbaf","isMergeCommit":false,"messageTitle":"Fix checkstyle","messageBody":"","fileTypesAndContributionMap":{"functional-code":{"insertions":29,"deletions":27}}}]},{"date":"2024-03-25","commitResults":[{"hash":"73f2b6a6e3ffdc9c3e3946ea3bd0352d3d2ce619","isMergeCommit":false,"messageTitle":"Fix unique email for adding","messageBody":"","fileTypesAndContributionMap":{"functional-code":{"insertions":22,"deletions":1},"test-code":{"insertions":3,"deletions":11}}},{"hash":"b513d6b6c5a5a2e07116064297adeca0cdba18b9","isMergeCommit":false,"messageTitle":"Fix unique email for editing","messageBody":"","fileTypesAndContributionMap":{"functional-code":{"insertions":2,"deletions":1}}},{"hash":"c819d09ac4d670709309f0e51c52bc25c9628323","isMergeCommit":false,"messageTitle":"Fix checkstyle","messageBody":"","fileTypesAndContributionMap":{"functional-code":{"insertions":4,"deletions":0},"other":{"insertions":2,"deletions":2},"test-code":{"insertions":16,"deletions":5}}},{"hash":"4b91564712f0146fad0ea41ce93c78be2f1cd844","isMergeCommit":false,"messageTitle":"Add test for codecov","messageBody":"","fileTypesAndContributionMap":{"test-code":{"insertions":2,"deletions":0}}},{"hash":"f79a332d4604886051f62f889d9d9a885532f722","isMergeCommit":false,"messageTitle":"fix checkstyle","messageBody":"","fileTypesAndContributionMap":{"other":{"insertions":2,"deletions":2},"test-code":{"insertions":5,"deletions":6}}},{"hash":"8746fbcdbd530094b6b2f07ff1ab5d7b0d2214c9","isMergeCommit":false,"messageTitle":"Update error message","messageBody":"","fileTypesAndContributionMap":{"functional-code":{"insertions":4,"deletions":2},"test-code":{"insertions":5,"deletions":0}}}]},{"date":"2024-03-26","commitResults":[{"hash":"cefcc36d6815cf088205d59cf1ce9d2afe52b43e","isMergeCommit":true,"messageTitle":"Merge branch \u0027master\u0027 into createWeakMarker","messageBody":"","fileTypesAndContributionMap":{}},{"hash":"fe09c7247e03979aa87067af3a16ebac7ee55a78","isMergeCommit":true,"messageTitle":"Merge pull request #90 from JiaXinEu/branch-GradeTest","messageBody":"Add GradeTest.java","fileTypesAndContributionMap":{}},{"hash":"9dec7ad6ceeb4ba78a50c2f0833c1234a46cdf7d","isMergeCommit":false,"messageTitle":"Add purpose of ug","messageBody":"","fileTypesAndContributionMap":{"docs":{"insertions":13,"deletions":0}}},{"hash":"1b172410863791967261cc69688ff77aad48c7f8","isMergeCommit":true,"messageTitle":"Merge branch \u0027master\u0027 into updateUG","messageBody":"","fileTypesAndContributionMap":{}},{"hash":"7eee357ec07ebbdb37197b9cbd1d3e1adf606efb","isMergeCommit":true,"messageTitle":"Merge branch \u0027master\u0027 into createWeakMarker","messageBody":"","fileTypesAndContributionMap":{}},{"hash":"f9600e2b3879c58e7ef6672e010dd34b24c331a9","isMergeCommit":false,"messageTitle":"Fix weak marker issue","messageBody":"","fileTypesAndContributionMap":{"functional-code":{"insertions":3,"deletions":2}}}]},{"date":"2024-03-27","commitResults":[{"hash":"ec0a0dee207f1a4092be31386f1f816558d50962","isMergeCommit":true,"messageTitle":"Merge branch \u0027master\u0027 into updateUG","messageBody":"","fileTypesAndContributionMap":{}},{"hash":"461c6780c3405af1990da5e5b2683f0438df0f1a","isMergeCommit":false,"messageTitle":"Add weak command files","messageBody":"","fileTypesAndContributionMap":{"functional-code":{"insertions":40,"deletions":1}}},{"hash":"0b6c7ac680f97cf0b8db9cf154c514b1328f77e4","isMergeCommit":false,"messageTitle":"Update weak command","messageBody":"","fileTypesAndContributionMap":{"functional-code":{"insertions":41,"deletions":7}}},{"hash":"b62678ce6d3f0dafda25c813f883e869b3f50ca5","isMergeCommit":false,"messageTitle":"Fix checkstyle","messageBody":"","fileTypesAndContributionMap":{"functional-code":{"insertions":17,"deletions":18}}},{"hash":"013d2b09b03357bfd184200da22e3166e5bd3710","isMergeCommit":false,"messageTitle":"Add tests","messageBody":"","fileTypesAndContributionMap":{"functional-code":{"insertions":8,"deletions":0},"test-code":{"insertions":50,"deletions":0}}},{"hash":"ca7d04002e3cc8ccdce318e9e05774e78552eee2","isMergeCommit":false,"messageTitle":"Fix updating issue","messageBody":"","fileTypesAndContributionMap":{"functional-code":{"insertions":2,"deletions":0},"test-code":{"insertions":8,"deletions":12}}},{"hash":"593783ad0b7dd41653530be54d41295ba872eb28","isMergeCommit":false,"messageTitle":"Fix message","messageBody":"","fileTypesAndContributionMap":{"functional-code":{"insertions":1,"deletions":1}}},{"hash":"77b60ee06ef08d6da439b253fab63fd9c4a1b647","isMergeCommit":false,"messageTitle":"Add parser tests","messageBody":"","fileTypesAndContributionMap":{"functional-code":{"insertions":12,"deletions":0},"test-code":{"insertions":29,"deletions":0}}}]}],"willowisp01":[{"date":"2024-02-29","commitResults":[{"hash":"8e2d1e0f6c4d5455d3eda4290b9d24b170bd8ba8","isMergeCommit":false,"messageTitle":"Update zhuoen aboutus","messageBody":"","fileTypesAndContributionMap":{"docs":{"insertions":3,"deletions":3}}},{"hash":"7f2512bf22d6f266c24641169bcf060fa97bf6fe","isMergeCommit":true,"messageTitle":"Merge pull request #4 from ronnnnnnnnn/branch-AboutUs","messageBody":"Add personal details","fileTypesAndContributionMap":{}},{"hash":"9e2ab16b4b146ebb5b7c70179a1fcba0a89763ea","isMergeCommit":true,"messageTitle":"Merge pull request #5 from willowisp01/about-us-zhuoen","messageBody":"Update zhuoen aboutus","fileTypesAndContributionMap":{}},{"hash":"cd08ed3d5f712e75c324ccfe58c2e7ad42f3a62b","isMergeCommit":true,"messageTitle":"Merge pull request #8 from JiaXinEu/branch-ABoutUs","messageBody":"Update details on AboutUs page","fileTypesAndContributionMap":{}},{"hash":"c38e93cba0dd0f0c650711ff81b81deb28d0f777","isMergeCommit":true,"messageTitle":"Merge pull request #6 from yashma-sonara/branch-UpdateAboutUs","messageBody":"Update AboutMe details","fileTypesAndContributionMap":{}},{"hash":"a1ea9e55a56c12f8035ac03564f2d4d78d01f2d8","isMergeCommit":false,"messageTitle":"Update README","messageBody":"","fileTypesAndContributionMap":{"docs":{"insertions":13,"deletions":10}}},{"hash":"2227683f7ded7a68d83ddbf576e5fd1ba1f20f16","isMergeCommit":false,"messageTitle":"Update user stories","messageBody":"","fileTypesAndContributionMap":{"docs":{"insertions":10,"deletions":9}}},{"hash":"60bf68dcf977b5fc0bc7dc1040e062fa21f4410f","isMergeCommit":true,"messageTitle":"Merged","messageBody":"","fileTypesAndContributionMap":{}},{"hash":"d8163396b7b915f5248fa76b27ecc8ad742d377b","isMergeCommit":true,"messageTitle":"Merge pull request #16 from willowisp01/update-readme","messageBody":"Update README","fileTypesAndContributionMap":{}},{"hash":"ca4fac3f55669337719397e45542b51c18ceff71","isMergeCommit":false,"messageTitle":"Update docs/DeveloperGuide.md","messageBody":"Co-authored-by: JiaXinEu \u003c108446221+JiaXinEu@users.noreply.github.com\u003e","fileTypesAndContributionMap":{"docs":{"insertions":2,"deletions":2}}},{"hash":"33bc6edf23d865e5b7be44d3c1bf58281de38760","isMergeCommit":false,"messageTitle":"Update docs/DeveloperGuide.md","messageBody":"Co-authored-by: JiaXinEu \u003c108446221+JiaXinEu@users.noreply.github.com\u003e","fileTypesAndContributionMap":{"docs":{"insertions":2,"deletions":2}}},{"hash":"bb014713119bdefe053eb8ce0237651eb519c447","isMergeCommit":true,"messageTitle":"Merge pull request #15 from willowisp01/update-user-stories","messageBody":"Update user stories","fileTypesAndContributionMap":{}},{"hash":"39e464e119f91cb771b85f68dffef1392091a53c","isMergeCommit":true,"messageTitle":"Merge pull request #20 from Wongqingyee/branch-site-wide-settings","messageBody":"Update the name for project website","fileTypesAndContributionMap":{}},{"hash":"46e12ac4f4c679bb0cb186fa045af3d66561e171","isMergeCommit":true,"messageTitle":"Merge pull request #22 from JiaXinEu/branch-Update-SitewideSettings","messageBody":"Update title and repository on config.yml for website","fileTypesAndContributionMap":{}}]},{"date":"2024-03-13","commitResults":[{"hash":"44154f200fcb4be6a80586b548764dea9f35f200","isMergeCommit":false,"messageTitle":"Add grade parameter","messageBody":"","fileTypesAndContributionMap":{"functional-code":{"insertions":155,"deletions":17},"test-code":{"insertions":3,"deletions":0}}},{"hash":"f59b5aac55cb30aab40da3c4957cfc13d3e20c2c","isMergeCommit":false,"messageTitle":"Maintain test cases","messageBody":"","fileTypesAndContributionMap":{"test-code":{"insertions":28,"deletions":10}}},{"hash":"e15757b0dc87e3119a92ef1a117e2a721c02f9e2","isMergeCommit":false,"messageTitle":"Pass all existing test cases","messageBody":"","fileTypesAndContributionMap":{"test-code":{"insertions":48,"deletions":24}}},{"hash":"53d31d89082700d96e16d1f47cf83daab2b8bafc","isMergeCommit":false,"messageTitle":"Edit command supports grade parameter","messageBody":"","fileTypesAndContributionMap":{"functional-code":{"insertions":1,"deletions":1}}},{"hash":"e74b4cafff3da6a3c5123da11b3020e520a4a93e","isMergeCommit":false,"messageTitle":"Fulfil checkstyle requirements","messageBody":"","fileTypesAndContributionMap":{"functional-code":{"insertions":8,"deletions":6}}},{"hash":"c89547cd55be9f32e8fb7fee9770793b04f4831e","isMergeCommit":false,"messageTitle":"Fulfil checkstyleTest requirements","messageBody":"","fileTypesAndContributionMap":{"test-code":{"insertions":15,"deletions":9}}}]},{"date":"2024-03-15","commitResults":[{"hash":"7bde45941a45e8084ccca0d1f8be6920603df2d2","isMergeCommit":false,"messageTitle":"Update Messages.java, ParserUtilTest.java","messageBody":"","fileTypesAndContributionMap":{"functional-code":{"insertions":2,"deletions":0},"test-code":{"insertions":27,"deletions":0}}},{"hash":"44dc8ffb4b808f9984b731093c5ad03a29ecd566","isMergeCommit":false,"messageTitle":"Update EditCommandTest.java","messageBody":"","fileTypesAndContributionMap":{"test-code":{"insertions":4,"deletions":2}}},{"hash":"6f620d4551df753fca172c7b654e6140e226fa09","isMergeCommit":false,"messageTitle":"Update and add more test cases","messageBody":"","fileTypesAndContributionMap":{"test-code":{"insertions":42,"deletions":9}}}]},{"date":"2024-03-20","commitResults":[{"hash":"fd7baf89f47a803e39ebc4b6d5665ae59b0a04e6","isMergeCommit":false,"messageTitle":"Make group command template","messageBody":"","fileTypesAndContributionMap":{"functional-code":{"insertions":52,"deletions":2}}},{"hash":"5743e455d0461e9faaa2f4aa5e0599290223e29a","isMergeCommit":false,"messageTitle":"Finish GroupCommandParser","messageBody":"","fileTypesAndContributionMap":{"functional-code":{"insertions":2,"deletions":0}}},{"hash":"4a8b036fffd30671637e53bdd6a8388e5a3bf7d0","isMergeCommit":false,"messageTitle":"Update GroupCommandParser","messageBody":"","fileTypesAndContributionMap":{"functional-code":{"insertions":55,"deletions":1}}},{"hash":"9753a3d40d265845cc61b516010b13b6f972ed0b","isMergeCommit":true,"messageTitle":"Merge pull request #60 from JiaXinEu/branch-EditCommand","messageBody":"Modify edit command","fileTypesAndContributionMap":{}},{"hash":"654bdfeb3e2f4176c114e4be0e6b3be64a121948","isMergeCommit":false,"messageTitle":"Update execute method of GroupCommand","messageBody":"","fileTypesAndContributionMap":{"functional-code":{"insertions":39,"deletions":6}}},{"hash":"8b7c81afdbf43565aee5e2f95fb5b8cf5c83ee2a","isMergeCommit":true,"messageTitle":"Merge branch \u0027master\u0027 into add-group-command","messageBody":"","fileTypesAndContributionMap":{}},{"hash":"f222ea09298f714161094fcb8256dbd0b41f350f","isMergeCommit":false,"messageTitle":"Finish basic group command","messageBody":"","fileTypesAndContributionMap":{"functional-code":{"insertions":19,"deletions":10}}},{"hash":"2d077d8f89629197dcf8e3b5e639e04d1b1b7686","isMergeCommit":false,"messageTitle":"Update Javadocs","messageBody":"","fileTypesAndContributionMap":{"functional-code":{"insertions":5,"deletions":1}}},{"hash":"78ca56bade089652df3b9e6a25bd1dbb7ea421ae","isMergeCommit":false,"messageTitle":"Add GroupCommandParser tests","messageBody":"","fileTypesAndContributionMap":{"functional-code":{"insertions":16,"deletions":15},"test-code":{"insertions":72,"deletions":0}}},{"hash":"be30090a51f5abbb787a47344def498963375bda","isMergeCommit":false,"messageTitle":"Pass checkstyle tests","messageBody":"","fileTypesAndContributionMap":{"functional-code":{"insertions":21,"deletions":16},"test-code":{"insertions":11,"deletions":14}}},{"hash":"9a4f24f5dbd158a756aff6b118f7597a5bdf907b","isMergeCommit":false,"messageTitle":"Make basic tests for group command","messageBody":"","fileTypesAndContributionMap":{"test-code":{"insertions":42,"deletions":0}}},{"hash":"7e7962f45b23321087f5e8f699dd69f24fdb3341","isMergeCommit":false,"messageTitle":"Add more group command tests","messageBody":"","fileTypesAndContributionMap":{"functional-code":{"insertions":7,"deletions":2},"test-code":{"insertions":18,"deletions":0}}},{"hash":"4fbb853a1029c6ba4b1d1b187c8ab0b2f0119cd3","isMergeCommit":false,"messageTitle":"Create AddSequenceDiagram puml","messageBody":"","fileTypesAndContributionMap":{"docs":{"insertions":70,"deletions":0}}},{"hash":"3fbfff1fa323dd0a048be1a52b9ee7988a1bd192","isMergeCommit":false,"messageTitle":"Add newline to EOF","messageBody":"","fileTypesAndContributionMap":{"docs":{"insertions":1,"deletions":1}}},{"hash":"075911919d68b5686842975d31c3569112f6eee3","isMergeCommit":true,"messageTitle":"Merge pull request #53 from JiaXinEu/branch-BetterModelClassDiagram","messageBody":"Modify BetterModelClassDiagram.puml","fileTypesAndContributionMap":{}},{"hash":"e86df615e2029e1ad21fa6978f0994255cfd9968","isMergeCommit":true,"messageTitle":"Merge pull request #56 from yashma-sonara/Update-DeleteSequenceDiagram","messageBody":"Update delete sequence diagram","fileTypesAndContributionMap":{}},{"hash":"1ff899fb34e286eaaf31614873202d3575b3ccc1","isMergeCommit":true,"messageTitle":"Merge pull request #59 from Wongqingyee/branch-remove-redundant-params","messageBody":"Remove the deleted params in json files","fileTypesAndContributionMap":{}},{"hash":"77f3f16ff35baf52c6b4bfdc5dbd64a4c0af93e4","isMergeCommit":true,"messageTitle":"Merge pull request #55 from Wongqingyee/branch-update-UML-diagram","messageBody":"Modify ArchitectureSequenceDiagram.puml and the diagram in DG","fileTypesAndContributionMap":{}},{"hash":"41e9313f1f4f5625b2202ce3d103931802d1066c","isMergeCommit":false,"messageTitle":"Changed parameter \u0027a\u0027 to \u0027d\u0027 in puml","messageBody":"","fileTypesAndContributionMap":{"docs":{"insertions":2,"deletions":2}}}]},{"date":"2024-03-26","commitResults":[{"hash":"ec851a84e92383476066cc5cacb0ebc16629a232","isMergeCommit":false,"messageTitle":"Add welcome message","messageBody":"","fileTypesAndContributionMap":{"docs":{"insertions":7,"deletions":0}}},{"hash":"76b1ee8dc8f4a38c456f848f1ed157fde770e4c3","isMergeCommit":true,"messageTitle":"Merge pull request #85 from JiaXinEu/branch-Sort","messageBody":"Display students by grade in descending order","fileTypesAndContributionMap":{}}]},{"date":"2024-03-27","commitResults":[{"hash":"cc69e11362a6c44e609b80643c97a9254e17a7a7","isMergeCommit":true,"messageTitle":"Merge pull request #96 from yashma-sonara/updateUG","messageBody":"Add Purpose of ug","fileTypesAndContributionMap":{}},{"hash":"926ebbb5d5f7cccf561c5af11153c3cde072caf7","isMergeCommit":false,"messageTitle":"Remove restriction on one group per person","messageBody":"","fileTypesAndContributionMap":{"functional-code":{"insertions":0,"deletions":2}}},{"hash":"7a7da48834c9857d03883ce2beb8ec967e32d475","isMergeCommit":false,"messageTitle":"Retain a person\u0027s previous groups when adding him to more groups","messageBody":"","fileTypesAndContributionMap":{"functional-code":{"insertions":16,"deletions":1}}},{"hash":"e29109bb08de981c1781abbf4ee35bb17e92ca5f","isMergeCommit":false,"messageTitle":"Abstract clear and add functions from GroupCommand","messageBody":"","fileTypesAndContributionMap":{"functional-code":{"insertions":38,"deletions":12},"test-code":{"insertions":26,"deletions":0}}},{"hash":"d9d3bd94964881aa47e5a26ba32a025cd78582fd","isMergeCommit":false,"messageTitle":"Fix existing tests","messageBody":"","fileTypesAndContributionMap":{"functional-code":{"insertions":17,"deletions":8},"test-code":{"insertions":20,"deletions":2}}},{"hash":"00593546a603d0a3ce99577105405ddee2f46eb3","isMergeCommit":false,"messageTitle":"Add more GroupCommand tests","messageBody":"","fileTypesAndContributionMap":{"functional-code":{"insertions":2,"deletions":1},"test-code":{"insertions":14,"deletions":4}}},{"hash":"60bac3022e6a943cfad834c9999ac248b2c8c1c6","isMergeCommit":false,"messageTitle":"Group command only executes if all IDs present","messageBody":"","fileTypesAndContributionMap":{"functional-code":{"insertions":30,"deletions":13}}},{"hash":"0a18b32a9106883d4ee6c8769008093bbdae2f78","isMergeCommit":false,"messageTitle":"Update group command failure messages","messageBody":"","fileTypesAndContributionMap":{"functional-code":{"insertions":2,"deletions":2}}},{"hash":"497a8005057cb9415b0e42d537bd7af2f440231f","isMergeCommit":false,"messageTitle":"Update Javadocs","messageBody":"","fileTypesAndContributionMap":{"test-code":{"insertions":0,"deletions":2}}}]},{"date":"2024-03-28","commitResults":[{"hash":"73acf6f6b700bc9d19b5d1512c1d72c135ad9af3","isMergeCommit":true,"messageTitle":"Merge pull request #98 from yashma-sonara/branch-weakCommand","messageBody":"Add weak command","fileTypesAndContributionMap":{}},{"hash":"6a17a271616c2790b2dffbdd3eabd905a35f1b35","isMergeCommit":true,"messageTitle":"Merge pull request #100 from JiaXinEu/branch-DGImplementation","messageBody":"Delete command implementation in DG","fileTypesAndContributionMap":{}},{"hash":"652343d67f02ab0d80653ebf713b335aab0eea77","isMergeCommit":true,"messageTitle":"Merge pull request #101 from JiaXinEu/branch-Assertion","messageBody":"Enable assertion","fileTypesAndContributionMap":{}}]}],"Wongqingyee":[{"date":"2024-02-29","commitResults":[{"hash":"c7c01419555090bac59e0041e85b821e908080d3","isMergeCommit":false,"messageTitle":"Update AboutUs.md","messageBody":"","fileTypesAndContributionMap":{"docs":{"insertions":3,"deletions":3}}},{"hash":"d2cb7490ad27b0656bb716d3c3b501f5f90be250","isMergeCommit":true,"messageTitle":"Merge branch \u0027master\u0027 into branch-AboutUs","messageBody":"","fileTypesAndContributionMap":{}},{"hash":"1cc06d7055987b49b20a09eb0b932985490b9c5a","isMergeCommit":true,"messageTitle":"Merge pull request #7 from Wongqingyee/branch-AboutUs","messageBody":"Update AboutUs.md","fileTypesAndContributionMap":{}},{"hash":"02d5619593836b1d644b1c2aefee34a5f01ea215","isMergeCommit":false,"messageTitle":"Update the add feature","messageBody":"","fileTypesAndContributionMap":{"docs":{"insertions":10,"deletions":12}}},{"hash":"eb8692ae31f8db56cebf331b6beaed3bb9fd801f","isMergeCommit":false,"messageTitle":"Update the Java CI link","messageBody":"","fileTypesAndContributionMap":{"docs":{"insertions":1,"deletions":1}}},{"hash":"5394b75ecc128705fd340e2bee4e24442e598eda","isMergeCommit":false,"messageTitle":"Update the Quick start in the UG","messageBody":"","fileTypesAndContributionMap":{"docs":{"insertions":2,"deletions":2}}},{"hash":"117610cad2339c73d615ea33f476001d662ea590","isMergeCommit":true,"messageTitle":"Merge branch \u0027master\u0027 into branch-README","messageBody":"","fileTypesAndContributionMap":{}},{"hash":"77aeb103e6123c330c9fc15f395959ee7355427e","isMergeCommit":true,"messageTitle":"Merge pull request #13 from Wongqingyee/branch-README","messageBody":"Update the Java CI link","fileTypesAndContributionMap":{}},{"hash":"f532e8c92dcc7c07defa94a2bfe73f403db1e0be","isMergeCommit":false,"messageTitle":"Update the format for the email under command summary","messageBody":"","fileTypesAndContributionMap":{"docs":{"insertions":1,"deletions":1}}},{"hash":"b7b1fa4a377d942dfe651c8817b4bf8e81117a68","isMergeCommit":true,"messageTitle":"Merge pull request #34 from JiaXinEu/branch-UpdateUG","messageBody":"Update view command on user guide","fileTypesAndContributionMap":{}}]},{"date":"2024-03-14","commitResults":[{"hash":"88ba224d003e601f6ab32d4a2ce96e2b7f987d24","isMergeCommit":false,"messageTitle":"Add studentId param","messageBody":"","fileTypesAndContributionMap":{"functional-code":{"insertions":135,"deletions":20}}},{"hash":"5ae114acaa7afbdd42fac2688ccd0c987d91e4c6","isMergeCommit":false,"messageTitle":"Update the checkstyle","messageBody":"","fileTypesAndContributionMap":{"functional-code":{"insertions":29,"deletions":14}}},{"hash":"965656b7f79896f3d691e2d52b9340518d5457fd","isMergeCommit":false,"messageTitle":"Update the checkstyle","messageBody":"","fileTypesAndContributionMap":{"functional-code":{"insertions":3,"deletions":3}}},{"hash":"672f027259380a00f3903e9b69593a8df0be902b","isMergeCommit":false,"messageTitle":"Add test cases for studentId","messageBody":"","fileTypesAndContributionMap":{"functional-code":{"insertions":50,"deletions":50},"test-code":{"insertions":52,"deletions":10}}},{"hash":"15d25927f319571e993409db705a8ac1a5ce24c2","isMergeCommit":false,"messageTitle":"Update checkstyle","messageBody":"","fileTypesAndContributionMap":{"functional-code":{"insertions":2,"deletions":1}}},{"hash":"c7588590d53e437891c00a0edce4dc203f8c96ec","isMergeCommit":false,"messageTitle":"Update checkstyle","messageBody":"","fileTypesAndContributionMap":{"test-code":{"insertions":1,"deletions":1}}},{"hash":"52158dc9f7b281ef2d4e99fd63237853c530cac8","isMergeCommit":false,"messageTitle":"Update studentId in test cases","messageBody":"","fileTypesAndContributionMap":{"test-code":{"insertions":50,"deletions":12}}}]},{"date":"2024-03-15","commitResults":[{"hash":"19da4edb1db9172fb4dbdd18dcc57aeda944fb94","isMergeCommit":false,"messageTitle":"Update studentId in test cases","messageBody":"","fileTypesAndContributionMap":{"functional-code":{"insertions":8,"deletions":2},"test-code":{"insertions":82,"deletions":31}}},{"hash":"63a98cc98377d1fc8b5b8dd5736b03ab3e52f2d2","isMergeCommit":false,"messageTitle":"Update studentId in test cases","messageBody":"","fileTypesAndContributionMap":{"test-code":{"insertions":9,"deletions":2}}},{"hash":"e89317aac46834ec5d9696ee72b2cf44bee1b9e0","isMergeCommit":false,"messageTitle":"Add studentIdTest","messageBody":"","fileTypesAndContributionMap":{"test-code":{"insertions":56,"deletions":0}}},{"hash":"bbb5d1b33038987c0edd89d846e15f14e4f6cd52","isMergeCommit":true,"messageTitle":"Merge pull request #48 from willowisp01/add-grade-param","messageBody":"Add grade param","fileTypesAndContributionMap":{}}]},{"date":"2024-03-16","commitResults":[{"hash":"8008d5fc021da4332aa938639c2ca77e5bae0704","isMergeCommit":true,"messageTitle":"Merge branch \u0027master\u0027 into branch-add-studentId","messageBody":"","fileTypesAndContributionMap":{}},{"hash":"9acde4f1321521afeb99052c0c703a0483a05ee3","isMergeCommit":false,"messageTitle":"Update checkstyle","messageBody":"","fileTypesAndContributionMap":{"functional-code":{"insertions":1,"deletions":1}}},{"hash":"f9cf288a6f8f118f57845d528de7ae7c756c24eb","isMergeCommit":false,"messageTitle":"Update checkstyle in Person.java","messageBody":"","fileTypesAndContributionMap":{"functional-code":{"insertions":1,"deletions":1}}},{"hash":"0e51e956bd5180e7e542bb7eb0f0df827a847c23","isMergeCommit":false,"messageTitle":"Update checkstyle in JsonAdaptedPerson.java","messageBody":"","fileTypesAndContributionMap":{"functional-code":{"insertions":0,"deletions":1}}},{"hash":"d3bee9775f3a17740c60bdd46f58605680063b18","isMergeCommit":false,"messageTitle":"Update checkstyle in EditCommandTest.java","messageBody":"","fileTypesAndContributionMap":{"test-code":{"insertions":0,"deletions":1}}},{"hash":"8e97bbd71a67c4b8dcb23246c8bab182054578b8","isMergeCommit":false,"messageTitle":"Update checkstyle in AddCommandParserTest.java","messageBody":"","fileTypesAndContributionMap":{"test-code":{"insertions":14,"deletions":14}}},{"hash":"03cef1393daf00f80fefafdfac42e4f968bc5289","isMergeCommit":false,"messageTitle":"Update checkstyle in PersonTest.java","messageBody":"","fileTypesAndContributionMap":{"test-code":{"insertions":2,"deletions":3}}},{"hash":"bbc733cec93304258e3f83627617dd2d4924985e","isMergeCommit":false,"messageTitle":"Update checkstyle in JsonAdaptedPersonTest.java","messageBody":"","fileTypesAndContributionMap":{"test-code":{"insertions":3,"deletions":3}}},{"hash":"b23f55f0aeedb8d2e32341029698bfcefcfd6e42","isMergeCommit":false,"messageTitle":"Update checkstyle in JsonAdaptedPersonTest.java","messageBody":"","fileTypesAndContributionMap":{"test-code":{"insertions":0,"deletions":1}}},{"hash":"d6422c539d30567ef574320652891ad3f8ae6b36","isMergeCommit":false,"messageTitle":"Update checkstyle in PersonTest.java","messageBody":"","fileTypesAndContributionMap":{"test-code":{"insertions":0,"deletions":1}}},{"hash":"1b6cb7f4ac685ea1d927cd6ad635fb83c9e3fbcd","isMergeCommit":false,"messageTitle":"Update checkstyle in AddCommandParserTest.java","messageBody":"","fileTypesAndContributionMap":{"test-code":{"insertions":1,"deletions":6}}},{"hash":"59a071c2c37ad3a8c28365305c8a3bacd91c7f68","isMergeCommit":false,"messageTitle":"Update checkstyle AddCommandParserTest.java","messageBody":"","fileTypesAndContributionMap":{"test-code":{"insertions":1,"deletions":1}}},{"hash":"f747174684fa9e243d90db06ee3b672a7f2ccf36","isMergeCommit":false,"messageTitle":"Update checkstyle in EditCommand.java","messageBody":"","fileTypesAndContributionMap":{"functional-code":{"insertions":2,"deletions":1}}},{"hash":"88ca8a7bed29a2a1312ae7885d601441a8ecd0a1","isMergeCommit":false,"messageTitle":"Update checkstyle in EditCommand.java","messageBody":"","fileTypesAndContributionMap":{"functional-code":{"insertions":1,"deletions":1}}},{"hash":"bae862dbca09ef1a3c6f8d0a0ccf12c9a507e6d1","isMergeCommit":false,"messageTitle":"Update AddCommandParserTest.java","messageBody":"","fileTypesAndContributionMap":{"test-code":{"insertions":4,"deletions":4}}},{"hash":"73d71a8b1fc0708df7b2e203d928da045d307824","isMergeCommit":false,"messageTitle":"Update AddCommandParserTest.java","messageBody":"","fileTypesAndContributionMap":{"test-code":{"insertions":1,"deletions":1}}},{"hash":"52cd3b0360e93a523340bf1a33e8ffbbe67c3319","isMergeCommit":false,"messageTitle":"Update JsonAdaptedPersonTest.java","messageBody":"","fileTypesAndContributionMap":{"test-code":{"insertions":16,"deletions":16}}},{"hash":"74716c191fdc47db53e6237240465e9114966745","isMergeCommit":false,"messageTitle":"Update JsonAdaptedPersonTest.java","messageBody":"","fileTypesAndContributionMap":{"test-code":{"insertions":1,"deletions":1}}}]},{"date":"2024-03-19","commitResults":[{"hash":"493561520961508aaba172fa5b26c49594eb6650","isMergeCommit":false,"messageTitle":"Update the title","messageBody":"","fileTypesAndContributionMap":{"docs":{"insertions":6,"deletions":6}}},{"hash":"7cf318670041d76452d3b5f2a40c2e03b9473836","isMergeCommit":false,"messageTitle":"Update UML diagram and the diagram in DG","messageBody":"","fileTypesAndContributionMap":{"docs":{"insertions":4,"deletions":15}}},{"hash":"318df1c9b89c664f163913c87b6ad6d2cd1f1e97","isMergeCommit":false,"messageTitle":"Update the format of the email","messageBody":"","fileTypesAndContributionMap":{"functional-code":{"insertions":24,"deletions":23},"test-code":{"insertions":38,"deletions":48}}},{"hash":"124343f4bc038f6b987ba467f13cd8f0102ff2e7","isMergeCommit":false,"messageTitle":"Fix checkstyle in Email.java","messageBody":"","fileTypesAndContributionMap":{"functional-code":{"insertions":0,"deletions":12}}},{"hash":"18c6dc7f5aa800762261c79ca4508b87e90512d4","isMergeCommit":false,"messageTitle":"Fix the test cases","messageBody":"","fileTypesAndContributionMap":{"test-code":{"insertions":6,"deletions":15}}},{"hash":"4641cd2b5252b551550990415c90865f8bceff16","isMergeCommit":true,"messageTitle":"Merge pull request #58 from JiaXinEu/branch-DeleteCommand","messageBody":"Branch delete command","fileTypesAndContributionMap":{}},{"hash":"070c411da229a60fa53f47e77a4b079c2f3497fb","isMergeCommit":false,"messageTitle":"update the uml diagram","messageBody":"","fileTypesAndContributionMap":{"docs":{"insertions":16,"deletions":5}}},{"hash":"228f6ab9c6aa61f8b17a06ce44485fb572306965","isMergeCommit":false,"messageTitle":"Update the DG","messageBody":"","fileTypesAndContributionMap":{"docs":{"insertions":1,"deletions":1}}},{"hash":"d42cfe8fdcd43d92a2a3625264e0230e6f544258","isMergeCommit":false,"messageTitle":"Fix checkstyle error","messageBody":"","fileTypesAndContributionMap":{"docs":{"insertions":1,"deletions":1}}},{"hash":"3e911acb7ec56a21214070e7d9b9a8505056258a","isMergeCommit":false,"messageTitle":"Remove the deleted params in json files","messageBody":"","fileTypesAndContributionMap":{"functional-code":{"insertions":0,"deletions":1},"test-code":{"insertions":0,"deletions":9}}},{"hash":"17209c301f9320c62e2fca85856b728c592b130a","isMergeCommit":false,"messageTitle":"Update the format of the message shown after each command","messageBody":"","fileTypesAndContributionMap":{"functional-code":{"insertions":4,"deletions":4}}}]},{"date":"2024-03-20","commitResults":[{"hash":"2b420012d77349a913993966f761d024f5d5b088","isMergeCommit":false,"messageTitle":"Update the uml diagram and DG","messageBody":"","fileTypesAndContributionMap":{"docs":{"insertions":4,"deletions":4}}}]},{"date":"2024-03-21","commitResults":[{"hash":"757be0dc721eb7ee297d422a1992f82dddcbadba","isMergeCommit":true,"messageTitle":"Merge pull request #68 from JiaXinEu/branch-MainWindowTitle","messageBody":"Modify title of main window","fileTypesAndContributionMap":{}},{"hash":"916e8b46b6a1bed3e0cd1633b4c035b285396267","isMergeCommit":false,"messageTitle":"Update the name of the jar file and package to TeachStack","messageBody":"","fileTypesAndContributionMap":{"functional-code":{"insertions":1,"deletions":1},"other":{"insertions":856,"deletions":856},"docs":{"insertions":13,"deletions":13},"test-code":{"insertions":3,"deletions":3}}},{"hash":"f6aaed7ace99f47cced3c3941f26953542e2663f","isMergeCommit":false,"messageTitle":"Fix checkstyle errors","messageBody":"","fileTypesAndContributionMap":{"other":{"insertions":855,"deletions":855},"docs":{"insertions":13,"deletions":13},"test-code":{"insertions":2,"deletions":2}}},{"hash":"d6f8945480e4ff2dd9fa75d7e1ea827d58287325","isMergeCommit":false,"messageTitle":"Update mainClassName in build.gradle","messageBody":"","fileTypesAndContributionMap":{"other":{"insertions":1,"deletions":1}}}]},{"date":"2024-03-26","commitResults":[{"hash":"888352ca22c5eab02f7c7ccdb1b156bdda230821","isMergeCommit":true,"messageTitle":"Merge pull request #88 from yashma-sonara/branch-email-bug","messageBody":"Branch email bug","fileTypesAndContributionMap":{}},{"hash":"feca8414c7a944d8a7c856e85359414752c8b64e","isMergeCommit":true,"messageTitle":"Merge pull request #91 from JiaXinEu/branch-HowToUseUG","messageBody":"How to use UG","fileTypesAndContributionMap":{}},{"hash":"27494ee7075817e8c704694bc5ee70a0db496d58","isMergeCommit":true,"messageTitle":"Merge pull request #92 from JiaXinEu/branch-FixLink","messageBody":"Update link in UG","fileTypesAndContributionMap":{}}]},{"date":"2024-03-28","commitResults":[{"hash":"3956d405a08aba8cdca06fd87036fe204a8ccd53","isMergeCommit":false,"messageTitle":"Update the DG for add feature","messageBody":"","fileTypesAndContributionMap":{"docs":{"insertions":30,"deletions":1}}},{"hash":"a94f5cf2c94dae194c14f6a5b21e8c308635bf49","isMergeCommit":false,"messageTitle":"Add diagrams AddState1 and AddState2","messageBody":"","fileTypesAndContributionMap":{"docs":{"insertions":82,"deletions":6}}},{"hash":"d02fad8c6db8d77619ab48cb8b595e8f45e822d7","isMergeCommit":false,"messageTitle":"Fix checkstyle errors","messageBody":"","fileTypesAndContributionMap":{"docs":{"insertions":17,"deletions":18}}},{"hash":"b4d7178c58d4726e46f5962aa8971574d17840d3","isMergeCommit":true,"messageTitle":"Merge branch \u0027master\u0027 into branch-update-DGdraft","messageBody":"","fileTypesAndContributionMap":{}},{"hash":"429a44eab336f4b48ee738fb9195290a6d72b1f2","isMergeCommit":true,"messageTitle":"Merge pull request #104 from JiaXinEu/branch-V1.3.trial","messageBody":"Update version in MainApp.java","fileTypesAndContributionMap":{}}]}],"JiaXinEu":[{"date":"2024-02-29","commitResults":[{"hash":"536eb720103280bbb7a54e0ed9010342a3ee6fd9","isMergeCommit":false,"messageTitle":"Update details on AboutUs page","messageBody":"","fileTypesAndContributionMap":{"docs":{"insertions":23,"deletions":4}}},{"hash":"35e29af94b3029c4dad8ca7085c9db2404d1fcb1","isMergeCommit":false,"messageTitle":"Update links to match the project","messageBody":"","fileTypesAndContributionMap":{"docs":{"insertions":3,"deletions":3}}},{"hash":"009e9c8b692f5e1186f9458628edbb2957f13f5c","isMergeCommit":false,"messageTitle":"Update user guide for delete feature","messageBody":"","fileTypesAndContributionMap":{"docs":{"insertions":10,"deletions":9}}},{"hash":"5f993ac50e341d3825288ee82c48c40b17dd8d25","isMergeCommit":false,"messageTitle":"Update quick start on user guide","messageBody":"","fileTypesAndContributionMap":{"docs":{"insertions":1,"deletions":1}}},{"hash":"55301f589b82d2d248cb9b3d4039b022deb099aa","isMergeCommit":false,"messageTitle":"Add use cases for a few representative user stories","messageBody":"","fileTypesAndContributionMap":{"docs":{"insertions":47,"deletions":9}}},{"hash":"a47aacf11f78229d546522b7f8bc4c58f9cd7472","isMergeCommit":true,"messageTitle":"Merge pull request #14 from Wongqingyee/branch-UG","messageBody":"Update the add feature","fileTypesAndContributionMap":{}},{"hash":"c62543a347258de01805dd9d8ea048d22e9d4ad4","isMergeCommit":true,"messageTitle":"Merge pull request #18 from yashma-sonara/branch-UpdateDG","messageBody":"Update UG","fileTypesAndContributionMap":{}},{"hash":"4683358f08086c310998f5567b24f41ecc55b4bc","isMergeCommit":true,"messageTitle":"Merge pull request #19 from ronnnnnnnnn/branch-Docs","messageBody":"Update documentation","fileTypesAndContributionMap":{}},{"hash":"f7c84c8ef5565b8a21d9cc42fd388cccaa545243","isMergeCommit":false,"messageTitle":"Update view command on user guide","messageBody":"","fileTypesAndContributionMap":{"docs":{"insertions":1,"deletions":1}}}]},{"date":"2024-03-08","commitResults":[{"hash":"be644ed8a99823eb0109d793a8281e6d36597df0","isMergeCommit":false,"messageTitle":"Update NFR section in DG","messageBody":"","fileTypesAndContributionMap":{"docs":{"insertions":2,"deletions":1}}},{"hash":"8236bfdfa5f6c1bcbe20fffde1bee80f36392183","isMergeCommit":true,"messageTitle":"Merge pull request #44 from ronnnnnnnnn/branch-remove-AB3","messageBody":"Remove traces of AB3 in UserGuide","fileTypesAndContributionMap":{}}]},{"date":"2024-03-14","commitResults":[{"hash":"537756860ea6dc5e379234379f2ad4884750f0df","isMergeCommit":false,"messageTitle":"Modify tag to create group parameter","messageBody":"","fileTypesAndContributionMap":{"functional-code":{"insertions":212,"deletions":210},"other":{"insertions":7,"deletions":7},"test-code":{"insertions":175,"deletions":175}}},{"hash":"c45162b0ed40161a1b8867393ea79ba09d86b758","isMergeCommit":false,"messageTitle":"Modify code to follow checkstyle","messageBody":"","fileTypesAndContributionMap":{"test-code":{"insertions":19,"deletions":14}}},{"hash":"7d563a3b6b8d3111b7fb50fe0175b90daeb2bf62","isMergeCommit":false,"messageTitle":"Modify checkstyle.xml to follow checkstyle","messageBody":"","fileTypesAndContributionMap":{"other":{"insertions":1,"deletions":1}}}]},{"date":"2024-03-15","commitResults":[{"hash":"5577e974ff55d69ce07702fde0938ad86f51ea87","isMergeCommit":false,"messageTitle":"Modify prefix for specifying group in CLI","messageBody":"","fileTypesAndContributionMap":{"functional-code":{"insertions":1,"deletions":1}}},{"hash":"b649009799edc254d81db6ae8aad2dec7b753c04","isMergeCommit":false,"messageTitle":"update comment","messageBody":"","fileTypesAndContributionMap":{"test-code":{"insertions":1,"deletions":1}}}]},{"date":"2024-03-16","commitResults":[{"hash":"a51e106804f9e95efae7f8572c1f816d039c90c1","isMergeCommit":true,"messageTitle":"Merge pull request #49 from Wongqingyee/branch-add-studentId","messageBody":"Add studentId param","fileTypesAndContributionMap":{}},{"hash":"985e082c6b616cced5ce5053df0ae731d094f4aa","isMergeCommit":true,"messageTitle":"Resolve conflict","messageBody":"","fileTypesAndContributionMap":{}},{"hash":"3a8427dedb8aafd43261cadb167770ee5dbd2193","isMergeCommit":true,"messageTitle":"Merge pull request #47 from ronnnnnnnnn/branch-delete-address","messageBody":"Remove Address","fileTypesAndContributionMap":{}}]},{"date":"2024-03-17","commitResults":[{"hash":"70874ddab0c6f9f4c89b21e504bbb138936068d6","isMergeCommit":true,"messageTitle":"Merge pull request #51 from yashma-sonara/branch-DeletePhoneParam","messageBody":"Branch delete phone param","fileTypesAndContributionMap":{}},{"hash":"b354bd088e9822e3b619aeccce383681d39d2bb6","isMergeCommit":false,"messageTitle":"Remove redundant lines in fxml file","messageBody":"","fileTypesAndContributionMap":{"functional-code":{"insertions":0,"deletions":7}}}]},{"date":"2024-03-18","commitResults":[{"hash":"78eb3fe040669ca1c6d1ea0637c8a8f1489233ed","isMergeCommit":false,"messageTitle":"Modify BetterModelClassDiagram.puml","messageBody":"","fileTypesAndContributionMap":{"docs":{"insertions":4,"deletions":8}}}]},{"date":"2024-03-19","commitResults":[{"hash":"da7febbfa391dab2fa8f5bd4435f23a65083a092","isMergeCommit":true,"messageTitle":"Merge pull request #54 from Wongqingyee/branch-update-title","messageBody":"Update the title in index.md","fileTypesAndContributionMap":{}},{"hash":"eed2b47ad2d330e5f18341bfa8833bee37ff2748","isMergeCommit":false,"messageTitle":"Update delete command","messageBody":"","fileTypesAndContributionMap":{"functional-code":{"insertions":27,"deletions":21},"test-code":{"insertions":49,"deletions":37}}},{"hash":"3e2e0cf32d90f13e7b49e1729028f2cbdcc856d6","isMergeCommit":false,"messageTitle":"Modify files to pass checkstyle","messageBody":"","fileTypesAndContributionMap":{"functional-code":{"insertions":4,"deletions":30},"other":{"insertions":2,"deletions":2},"test-code":{"insertions":17,"deletions":68}}},{"hash":"8ef5b0406759862e13c9df06b14c28517df54cbe","isMergeCommit":true,"messageTitle":"Merge pull request #57 from Wongqingyee/branch-update-email","messageBody":"Update the format of the email","fileTypesAndContributionMap":{}},{"hash":"4fde807f2598c194fa629fb66127d25211e93a55","isMergeCommit":true,"messageTitle":"Resolve merge conflict","messageBody":"","fileTypesAndContributionMap":{}},{"hash":"e4237da78f33aff277bd82666cd12cfe9df65e74","isMergeCommit":false,"messageTitle":"Modify edit command","messageBody":"","fileTypesAndContributionMap":{"functional-code":{"insertions":26,"deletions":24},"test-code":{"insertions":92,"deletions":74}}}]},{"date":"2024-03-20","commitResults":[{"hash":"6e42a35f84456d76109b838dfe8ad100f87a95b1","isMergeCommit":false,"messageTitle":"Update UML image in DeveloperGuide","messageBody":"","fileTypesAndContributionMap":{"docs":{"insertions":4,"deletions":0}}},{"hash":"a2a027c4a11ad48755973cf0b6a0ea1c603bbe45","isMergeCommit":true,"messageTitle":"Merge pull request #66 from ronnnnnnnnn/branch-update-model-class-diag","messageBody":"Update ModelClassDiagram.puml","fileTypesAndContributionMap":{}},{"hash":"eb64182eefc5449ace817c2a417f9256dcf1197b","isMergeCommit":true,"messageTitle":"Merge pull request #64 from willowisp01/update-AddSequenceDiagram-pumls","messageBody":"Create AddSequenceDiagram puml","fileTypesAndContributionMap":{}},{"hash":"d673da7b87e5019e381d53a0881c362039925000","isMergeCommit":true,"messageTitle":"Merge pull request #65 from ronnnnnnnnn/branch-view-command","messageBody":"Add view command","fileTypesAndContributionMap":{}}]},{"date":"2024-03-21","commitResults":[{"hash":"342c26ce288c7fbe67e4df6e3cf4a1095a47b4d4","isMergeCommit":true,"messageTitle":"Merge pull request #62 from yashma-sonara/email-link","messageBody":"Add-Email link","fileTypesAndContributionMap":{}},{"hash":"1b1cf76b2ba5b5347dbac8c5bb1b6fc8975aad6f","isMergeCommit":true,"messageTitle":"Merge pull request #61 from Wongqingyee/branch-update-add-command","messageBody":"Update the message format ","fileTypesAndContributionMap":{}},{"hash":"544dfbd1ddd31b78f96c65e095d7b4fc2f1d42ca","isMergeCommit":false,"messageTitle":"Modify title of main window","messageBody":"","fileTypesAndContributionMap":{"functional-code":{"insertions":1,"deletions":1}}},{"hash":"6a6e087aaa2fd66ea80817a4cd21ef19333a0832","isMergeCommit":true,"messageTitle":"Merge pull request #70 from Wongqingyee/branch-update-buildgradle","messageBody":"Update mainClassName in build.gradle","fileTypesAndContributionMap":{}}]},{"date":"2024-03-24","commitResults":[{"hash":"49150e3fd7d9d29e0b681016cb37fea0b8693154","isMergeCommit":false,"messageTitle":"Display students by grade in descending order","messageBody":"","fileTypesAndContributionMap":{"functional-code":{"insertions":60,"deletions":2}}}]},{"date":"2024-03-26","commitResults":[{"hash":"149c2d0fc6e87994256582d5f1e20f1856b0ad88","isMergeCommit":false,"messageTitle":"Fix tests on sorted list","messageBody":"","fileTypesAndContributionMap":{"functional-code":{"insertions":40,"deletions":39},"test-code":{"insertions":28,"deletions":26}}},{"hash":"957def4d9eb2081b8c7bfa784c44755d74a43dad","isMergeCommit":true,"messageTitle":"Resolve merge conflict","messageBody":"","fileTypesAndContributionMap":{}},{"hash":"b88e615db85a28eff0a42632d41ac37e3dd38b96","isMergeCommit":false,"messageTitle":"Add GradeTest.java","messageBody":"","fileTypesAndContributionMap":{"test-code":{"insertions":58,"deletions":0}}},{"hash":"cae844c64272ffb76186e8e15fe3e5eea5f2fb1f","isMergeCommit":false,"messageTitle":"Update build.gradle to enable assertions","messageBody":"","fileTypesAndContributionMap":{"other":{"insertions":4,"deletions":0}}},{"hash":"373edcde791e1cfb5b15928b29366ae9678b7183","isMergeCommit":false,"messageTitle":"Add section How to use the user guide to UG","messageBody":"","fileTypesAndContributionMap":{"docs":{"insertions":32,"deletions":2}}},{"hash":"ab67cdb34f301954b36b27baa05cb0a7ebae2f1d","isMergeCommit":false,"messageTitle":"Format the UG","messageBody":"","fileTypesAndContributionMap":{"docs":{"insertions":2,"deletions":2}}},{"hash":"e732388bfa3a5e66824b03c2e145c7f6b919ea7c","isMergeCommit":false,"messageTitle":"Update link in UG","messageBody":"","fileTypesAndContributionMap":{"docs":{"insertions":8,"deletions":7}}},{"hash":"d51691bea6a3fe596604c2c2dc63b933f3a88e28","isMergeCommit":false,"messageTitle":"Update How to get started section","messageBody":"","fileTypesAndContributionMap":{"docs":{"insertions":7,"deletions":6}}},{"hash":"ea58bb008116498fc3aacf9a857199f01c19060d","isMergeCommit":true,"messageTitle":"Merge pull request #86 from yashma-sonara/createWeakMarker","messageBody":"Create weak marker","fileTypesAndContributionMap":{}}]},{"date":"2024-03-27","commitResults":[{"hash":"a1d9c5e2f772f73a4e635d80d2c76d70475d6100","isMergeCommit":true,"messageTitle":"Merge pull request #95 from ronnnnnnnnn/branch-update-target-audience","messageBody":"Update target audience","fileTypesAndContributionMap":{}}]},{"date":"2024-03-28","commitResults":[{"hash":"d13169fd4d2a4e3a8fc10a32001fdfd28c856fa9","isMergeCommit":false,"messageTitle":"Add delete command implementation to DG","messageBody":"","fileTypesAndContributionMap":{"docs":{"insertions":200,"deletions":1}}},{"hash":"be1a32f538b154c5a5a1296417170688562bbbc0","isMergeCommit":true,"messageTitle":"Merge branch \u0027master\u0027 into branch-DGImplementation","messageBody":"","fileTypesAndContributionMap":{}},{"hash":"5d3155f47939ed3149b877fb5fa2331e92b1a8ea","isMergeCommit":true,"messageTitle":"Merge branch \u0027master\u0027 into branch-Assertion","messageBody":"","fileTypesAndContributionMap":{}},{"hash":"11f50bafbe2d090272056527a2d25d1bf5691931","isMergeCommit":false,"messageTitle":"Update version in MainApp.java","messageBody":"","fileTypesAndContributionMap":{"functional-code":{"insertions":1,"deletions":1}}}]},{"date":"2024-03-29","commitResults":[{"hash":"68a2f7d7e00e583f88a75a53610b50f586d38353","isMergeCommit":true,"messageTitle":"Merge pull request #102 from Wongqingyee/branch-update-DGdraft","messageBody":"Update the DG for add feature","fileTypesAndContributionMap":{}}]}],"ronnnnnnnnn":[{"date":"2024-02-29","commitResults":[{"hash":"6f0a27cda3f25340d681470edd77839b72bd3f05","isMergeCommit":false,"messageTitle":"Add personal details","messageBody":"","fileTypesAndContributionMap":{"docs":{"insertions":3,"deletions":3}}},{"hash":"2f11dc9946835acd0b8cefee2a7ada3d89a51ad0","isMergeCommit":false,"messageTitle":"Update UserGuide.md","messageBody":"","fileTypesAndContributionMap":{"docs":{"insertions":7,"deletions":12}}},{"hash":"18b7b249e9ce8ea95f67da4e15511b2c38375033","isMergeCommit":false,"messageTitle":"Update DeveloperGuide.md","messageBody":"","fileTypesAndContributionMap":{"docs":{"insertions":4,"deletions":3}}},{"hash":"61b463d998f48f196cdd7bee5ca5578cfaf31d60","isMergeCommit":true,"messageTitle":"Merge pull request #12 from JiaXinEu/branch-README","messageBody":"Update links to match the project","fileTypesAndContributionMap":{}},{"hash":"f4daa569d04d18beee6f5c531d9c30182ce69797","isMergeCommit":true,"messageTitle":"Merge pull request #23 from Wongqingyee/master","messageBody":"Update the format for the email under command summary","fileTypesAndContributionMap":{}}]},{"date":"2024-03-08","commitResults":[{"hash":"07dbd25d80d74ae5fd1901676d9277618eac1589","isMergeCommit":true,"messageTitle":"Merge pull request #43 from JiaXinEu/branch-UpdateDG-NFR","messageBody":"Update NFR section in DG","fileTypesAndContributionMap":{}},{"hash":"3641ef22360b9ef7dabe7e03288e3a086bb91711","isMergeCommit":false,"messageTitle":"Remove traces of AB3 in UserGuide","messageBody":"","fileTypesAndContributionMap":{"docs":{"insertions":17,"deletions":17}}}]},{"date":"2024-03-12","commitResults":[{"hash":"b037bed8df2585c309ca3e393e0a6bfbea902852","isMergeCommit":false,"messageTitle":"Remove Address","messageBody":"","fileTypesAndContributionMap":{"functional-code":{"insertions":13,"deletions":155},"test-code":{"insertions":59,"deletions":252}}}]},{"date":"2024-03-16","commitResults":[{"hash":"d2fbf28a286df6888f2fa289c710e1ed6d64c9a6","isMergeCommit":true,"messageTitle":"Merge pull request #50 from JiaXinEu/branch-GroupParam","messageBody":"Modify tag to create group parameter","fileTypesAndContributionMap":{}},{"hash":"dcdf78d9eda5fc93932ee41cb024856ddc73d92a","isMergeCommit":true,"messageTitle":"Merge branch \u0027master\u0027 into branch-delete-address","messageBody":"","fileTypesAndContributionMap":{}}]},{"date":"2024-03-17","commitResults":[{"hash":"68304157780780a85449fec4b7be6f09ed8c39c9","isMergeCommit":true,"messageTitle":"Merge pull request #52 from JiaXinEu/branch-FixFXML","messageBody":"Remove redundant lines in fxml file","fileTypesAndContributionMap":{}}]},{"date":"2024-03-20","commitResults":[{"hash":"1b4c4e7f6824462b08e605ae4f21849a282febb2","isMergeCommit":true,"messageTitle":"Merge pull request #63 from willowisp01/add-group-command","messageBody":"Add group command","fileTypesAndContributionMap":{}},{"hash":"4751b65480bd6e9ce2d8d861e8a48ae51b41c651","isMergeCommit":false,"messageTitle":"Add view command","messageBody":"","fileTypesAndContributionMap":{"functional-code":{"insertions":106,"deletions":0},"test-code":{"insertions":136,"deletions":0}}},{"hash":"c9843a6b2bb37d8d25286a8f4fd5a447e1f7e369","isMergeCommit":false,"messageTitle":"Update ModelClassDiagram.puml","messageBody":"","fileTypesAndContributionMap":{"docs":{"insertions":9,"deletions":9}}},{"hash":"398ce0c71bbebd29126be0c7dc188fff73dde7ad","isMergeCommit":false,"messageTitle":"Update AddressBookParserTest.java","messageBody":"","fileTypesAndContributionMap":{"test-code":{"insertions":8,"deletions":0}}}]},{"date":"2024-03-21","commitResults":[{"hash":"20c13d8f8068ce6a0175efbfed6b67192a4c604a","isMergeCommit":true,"messageTitle":"Merge pull request #69 from Wongqingyee/branch-buildgradle","messageBody":"Update the name of the jar file and package to TeachStack","tags":["v1.2"],"fileTypesAndContributionMap":{}}]},{"date":"2024-03-26","commitResults":[{"hash":"f8c46be8258a41371735025a93d67bde41c71c56","isMergeCommit":true,"messageTitle":"Merge pull request #93 from willowisp01/ug-welcome","messageBody":"Add welcome message","fileTypesAndContributionMap":{}},{"hash":"41d5b3b55ad0409ab87737f030c75353073133e6","isMergeCommit":false,"messageTitle":"Update target audience","messageBody":"","fileTypesAndContributionMap":{"docs":{"insertions":14,"deletions":10}}},{"hash":"e13013cc9450b1c374abaebfa75dd20f3f988d2a","isMergeCommit":true,"messageTitle":"Merge branch \u0027master\u0027 into branch-update-target-audience","messageBody":"","fileTypesAndContributionMap":{}},{"hash":"9466244d2989234c61e372cfff6435c2c300ab65","isMergeCommit":false,"messageTitle":"Update UG","messageBody":"","fileTypesAndContributionMap":{"docs":{"insertions":7,"deletions":8}}}]},{"date":"2024-03-28","commitResults":[{"hash":"f7664b6463ffbed5b8320e1bf8275d7ebeee1355","isMergeCommit":true,"messageTitle":"Merge pull request #97 from willowisp01/multiple-groups","messageBody":"Multiple groups","tags":["v1.3.trial"],"fileTypesAndContributionMap":{}}]}]},"authorFileTypeContributionMap":{"yashma-sonara":{"docs":47,"functional-code":355,"test-code":250,"other":7},"willowisp01":{"docs":97,"functional-code":320,"test-code":191},"Wongqingyee":{"docs":145,"functional-code":486,"test-code":664,"other":3},"JiaXinEu":{"docs":321,"functional-code":285,"test-code":333,"other":2},"ronnnnnnnnn":{"docs":39,"functional-code":88,"test-code":151}},"authorContributionVariance":{"yashma-sonara":15940.285,"willowisp01":10387.5,"Wongqingyee":330049.34,"JiaXinEu":25460.525,"ronnnnnnnnn":7911.17},"authorDisplayNameMap":{"yashma-sonara":"CS2103T-T09-1 SONA..SHMA","willowisp01":"CS2103T-T09-1 TAN ..O EN","Wongqingyee":"CS2103T-T09-1 WONG.. YEE","JiaXinEu":"CS2103T-T09-1 EU J.. XIN","ronnnnnnnnn":"CS2103T-T09-1 RONN..KEAT"}}
