[{"path":"docs/AboutUs.md","fileType":"docs","lines":[{"lineNumber":1,"author":{"gitId":"-"},"content":"---","lastModifiedDate":"2020-05-23"},{"lineNumber":2,"author":{"gitId":"-"},"content":"layout: page","lastModifiedDate":"2020-05-23"},{"lineNumber":3,"author":{"gitId":"-"},"content":"title: About Us","lastModifiedDate":"2020-05-23"},{"lineNumber":4,"author":{"gitId":"-"},"content":"---","lastModifiedDate":"2020-05-23"},{"lineNumber":5,"author":{"gitId":"-"},"content":"","lastModifiedDate":"2020-05-23"},{"lineNumber":6,"author":{"gitId":"-"},"content":"We are a team based in the [School of Computing, National University of Singapore](http://www.comp.nus.edu.sg).","lastModifiedDate":"2020-05-23"},{"lineNumber":7,"author":{"gitId":"-"},"content":"","lastModifiedDate":"2020-05-23"},{"lineNumber":8,"author":{"gitId":"-"},"content":"You can reach us at the email `seer[at]comp.nus.edu.sg`","lastModifiedDate":"2020-06-17"},{"lineNumber":9,"author":{"gitId":"-"},"content":"","lastModifiedDate":"2020-06-17"},{"lineNumber":10,"author":{"gitId":"-"},"content":"## Project team","lastModifiedDate":"2020-06-07"},{"lineNumber":11,"author":{"gitId":"-"},"content":"","lastModifiedDate":"2020-05-23"},{"lineNumber":12,"author":{"gitId":"biinnnggggg"},"content":"### Chin Zhe Ning","lastModifiedDate":"2024-03-03"},{"lineNumber":13,"author":{"gitId":"-"},"content":"","lastModifiedDate":"2020-05-23"},{"lineNumber":14,"author":{"gitId":"biinnnggggg"},"content":"\u003cimg src\u003d\"images/biinnnggggg.png\" width\u003d\"200px\"\u003e","lastModifiedDate":"2024-03-03"},{"lineNumber":15,"author":{"gitId":"-"},"content":"","lastModifiedDate":"2020-05-23"},{"lineNumber":16,"author":{"gitId":"biinnnggggg"},"content":"[[github](https://github.com/biinnnggggg)]","lastModifiedDate":"2024-03-03"},{"lineNumber":17,"author":{"gitId":"-"},"content":"","lastModifiedDate":"2020-05-23"},{"lineNumber":18,"author":{"gitId":"biinnnggggg"},"content":"* Role: -","lastModifiedDate":"2024-03-03"},{"lineNumber":19,"author":{"gitId":"biinnnggggg"},"content":"* Responsibilities: -","lastModifiedDate":"2024-03-03"},{"lineNumber":20,"author":{"gitId":"-"},"content":"","lastModifiedDate":"2020-05-23"},{"lineNumber":21,"author":{"gitId":"JonChong98"},"content":"### Jonathan Chong","lastModifiedDate":"2024-03-03"},{"lineNumber":22,"author":{"gitId":"-"},"content":"","lastModifiedDate":"2020-05-23"},{"lineNumber":23,"author":{"gitId":"JonChong98"},"content":"\u003cimg src\u003d\"images/jonchong98.png\" width\u003d\"200px\"\u003e","lastModifiedDate":"2024-03-03"},{"lineNumber":24,"author":{"gitId":"-"},"content":"","lastModifiedDate":"2020-05-23"},{"lineNumber":25,"author":{"gitId":"JonChong98"},"content":"[[github](http://github.com/jonchong98)]","lastModifiedDate":"2024-03-03"},{"lineNumber":26,"author":{"gitId":"-"},"content":"","lastModifiedDate":"2020-05-23"},{"lineNumber":27,"author":{"gitId":"JonChong98"},"content":"* Role: -","lastModifiedDate":"2024-03-03"},{"lineNumber":28,"author":{"gitId":"JonChong98"},"content":"* Responsibilities: -","lastModifiedDate":"2024-03-03"},{"lineNumber":29,"author":{"gitId":"-"},"content":"","lastModifiedDate":"2020-05-23"},{"lineNumber":30,"author":{"gitId":"Darylgolden"},"content":"### Darylgolden","lastModifiedDate":"2024-03-03"},{"lineNumber":31,"author":{"gitId":"-"},"content":"","lastModifiedDate":"2020-05-23"},{"lineNumber":32,"author":{"gitId":"Darylgolden"},"content":"\u003cimg src\u003d\"images/darylgolden.png\" width\u003d\"200px\"\u003e","lastModifiedDate":"2024-03-03"},{"lineNumber":33,"author":{"gitId":"-"},"content":"","lastModifiedDate":"2020-05-23"},{"lineNumber":34,"author":{"gitId":"Darylgolden"},"content":"[[github](http://github.com/darylgolden)]","lastModifiedDate":"2024-03-03"},{"lineNumber":35,"author":{"gitId":"-"},"content":"","lastModifiedDate":"2020-05-23"},{"lineNumber":36,"author":{"gitId":"Darylgolden"},"content":"* Role: -","lastModifiedDate":"2024-03-03"},{"lineNumber":37,"author":{"gitId":"Darylgolden"},"content":"* Responsibilities: -","lastModifiedDate":"2024-03-03"},{"lineNumber":38,"author":{"gitId":"-"},"content":"","lastModifiedDate":"2020-05-23"},{"lineNumber":39,"author":{"gitId":"TopKec"},"content":"### Aidan Goh","lastModifiedDate":"2024-03-03"},{"lineNumber":40,"author":{"gitId":"-"},"content":"","lastModifiedDate":"2020-05-23"},{"lineNumber":41,"author":{"gitId":"TopKec"},"content":"\u003cimg src\u003d\"images/topkec.png\" width\u003d\"200px\"\u003e","lastModifiedDate":"2024-03-03"},{"lineNumber":42,"author":{"gitId":"-"},"content":"","lastModifiedDate":"2020-05-23"},{"lineNumber":43,"author":{"gitId":"TopKec"},"content":"[[github](https://github.com/TopKec)]","lastModifiedDate":"2024-03-03"},{"lineNumber":44,"author":{"gitId":"-"},"content":"","lastModifiedDate":"2020-05-23"},{"lineNumber":45,"author":{"gitId":"TopKec"},"content":"* Role: -","lastModifiedDate":"2024-03-03"},{"lineNumber":46,"author":{"gitId":"TopKec"},"content":"* Responsibilities: -","lastModifiedDate":"2024-03-03"},{"lineNumber":47,"author":{"gitId":"-"},"content":"","lastModifiedDate":"2020-05-23"},{"lineNumber":48,"author":{"gitId":"tanqinyong"},"content":"### Tan Qin Yong","lastModifiedDate":"2024-03-03"},{"lineNumber":49,"author":{"gitId":"-"},"content":"","lastModifiedDate":"2020-05-23"},{"lineNumber":50,"author":{"gitId":"tanqinyong"},"content":"\u003cimg src\u003d\"images/tanqinyong.png\" width\u003d\"200px\"\u003e","lastModifiedDate":"2024-03-03"},{"lineNumber":51,"author":{"gitId":"-"},"content":"","lastModifiedDate":"2020-05-23"},{"lineNumber":52,"author":{"gitId":"tanqinyong"},"content":"[[github](http://github.com/tanqinyong)]","lastModifiedDate":"2024-03-03"},{"lineNumber":53,"author":{"gitId":"-"},"content":"","lastModifiedDate":"2020-05-23"},{"lineNumber":54,"author":{"gitId":"tanqinyong"},"content":"* Role: -","lastModifiedDate":"2024-03-03"},{"lineNumber":55,"author":{"gitId":"tanqinyong"},"content":"* Responsibilities: -","lastModifiedDate":"2024-03-03"}],"authorContributionMap":{"Darylgolden":5,"biinnnggggg":5,"TopKec":5,"-":30,"tanqinyong":5,"JonChong98":5}}]
