{"authorDailyContributionsMap":{"AdityaB4":[{"date":"2024-03-09","commitResults":[{"hash":"d081925d1a0a906fc336e32a91a6b28abd43eef9","isMergeCommit":false,"messageTitle":"Add Portfolio page for Aditya","messageBody":"","fileTypesAndContributionMap":{"docs":{"insertions":35,"deletions":0}}},{"hash":"1df54e5744cf95069395138857aa5f075ed1646d","isMergeCommit":false,"messageTitle":"Update Aditya\u0027s AboutUs information","messageBody":"","fileTypesAndContributionMap":{"docs":{"insertions":6,"deletions":6}}}]},{"date":"2024-03-14","commitResults":[{"hash":"838ddb10aff4be8c913602494ca9a36fdae6c501","isMergeCommit":false,"messageTitle":"Refactor \u0027Person\u0027 -\u003e \u0027Student\u0027 in application code","messageBody":"","fileTypesAndContributionMap":{"functional-code":{"insertions":456,"deletions":456},"other":{"insertions":46,"deletions":46}}},{"hash":"e955d135548efc5e8288a5bd13962278fe3070f4","isMergeCommit":false,"messageTitle":"Refactor \u0027Person\u0027 -\u003e \u0027Student\u0027 in test code","messageBody":"","fileTypesAndContributionMap":{"other":{"insertions":103,"deletions":93},"test-code":{"insertions":699,"deletions":697}}},{"hash":"d785804f081dfe3902e399884b69d75c738c98a4","isMergeCommit":false,"messageTitle":"Refactor \u0027Person\u0027 -\u003e \u0027Student\u0027 in docs","messageBody":"","fileTypesAndContributionMap":{"docs":{"insertions":139,"deletions":139}}},{"hash":"deb0688036f644cd6d9c6a49d558e82dbef83f6a","isMergeCommit":false,"messageTitle":"Refactor \u0027JsonAdaptedPerson\u0027 -\u003e \u0027JsonAdaptedStudent\u0027","messageBody":"","fileTypesAndContributionMap":{"other":{"insertions":0,"deletions":0}}},{"hash":"978b6e9a26faadba9877c500ea23bd1afba6f66c","isMergeCommit":false,"messageTitle":"Fix lexicographical import order","messageBody":"","fileTypesAndContributionMap":{"functional-code":{"insertions":4,"deletions":4}}},{"hash":"8d4bafc3b9a6f3ab0cf5d1f047702b648ea360da","isMergeCommit":false,"messageTitle":"Break lines longer than 120 chars","messageBody":"","fileTypesAndContributionMap":{"functional-code":{"insertions":11,"deletions":7}}},{"hash":"e58b4cb302a2ab4d608c2a4bf45b062d1e25e818","isMergeCommit":false,"messageTitle":"Fix JavaDoc whitespace typo","messageBody":"","fileTypesAndContributionMap":{"functional-code":{"insertions":2,"deletions":2}}},{"hash":"6eeaff3ad7af9ff641a9309f5f2d951582311598","isMergeCommit":false,"messageTitle":"Fix import ordering in src/test","messageBody":"","fileTypesAndContributionMap":{"test-code":{"insertions":3,"deletions":15}}},{"hash":"98fc6e64f6db165dd109d50e75faafd6c4ea321f","isMergeCommit":false,"messageTitle":"Refactor \u0027PERSON\u0027 -\u003e \u0027STUDENT\u0027","messageBody":"","fileTypesAndContributionMap":{"functional-code":{"insertions":21,"deletions":21},"docs":{"insertions":5,"deletions":5},"test-code":{"insertions":82,"deletions":82}}},{"hash":"d9d4b9ba4571e8b4a43b2b1e148ddb1911b61b50","isMergeCommit":false,"messageTitle":"Break lines with long parameter names","messageBody":"","fileTypesAndContributionMap":{"test-code":{"insertions":10,"deletions":5}}},{"hash":"7c9081641bb11cfe0c0111d7a8ac991befcda803","isMergeCommit":true,"messageTitle":"Merge pull request #29 from AdityaB4/refactor-student","messageBody":"Refactor Person to Student","fileTypesAndContributionMap":{}}]},{"date":"2024-03-21","commitResults":[{"hash":"784d820c98902d34ae9ddffbfe988562a31c9da2","isMergeCommit":false,"messageTitle":"Fix import checkstyle violations","messageBody":"","fileTypesAndContributionMap":{"functional-code":{"insertions":36,"deletions":11}}},{"hash":"0a1d8af4308d786b504ce41ca918f94f44f84772","isMergeCommit":false,"messageTitle":"Break lines longer than 120 chars","messageBody":"","fileTypesAndContributionMap":{"functional-code":{"insertions":6,"deletions":2}}},{"hash":"66413b793113834adabcba7b9de361466884e329","isMergeCommit":false,"messageTitle":"Add missing JavaDoc comment","messageBody":"","fileTypesAndContributionMap":{"functional-code":{"insertions":6,"deletions":0}}},{"hash":"974f57fa03330bfeff676c3b831642715ec16755","isMergeCommit":false,"messageTitle":"Fix indentation errors","messageBody":"","fileTypesAndContributionMap":{"functional-code":{"insertions":3,"deletions":3}}},{"hash":"e2c70ef91351266f58e5a404e2d51b899e923cd0","isMergeCommit":false,"messageTitle":"Add missing method stubs","messageBody":"","fileTypesAndContributionMap":{"test-code":{"insertions":13,"deletions":0}}},{"hash":"9a7299e77f417cea6b563faa2a4e2b10c41f1b1a","isMergeCommit":false,"messageTitle":"Update tests with modules","messageBody":"","fileTypesAndContributionMap":{"test-code":{"insertions":15,"deletions":1}}},{"hash":"eb465d69a0b7d99bd794518a6078e2163a72b15a","isMergeCommit":false,"messageTitle":"Break lines longer than 120 chars in /test","messageBody":"","fileTypesAndContributionMap":{"test-code":{"insertions":66,"deletions":9}}},{"hash":"9a22769d26b7c9a70f4f04d7e0c927b1d56816d8","isMergeCommit":true,"messageTitle":"Merge pull request #38 from taufiq/taufiq/add-stu-module-cmd","messageBody":"Introduce `add_module` command","fileTypesAndContributionMap":{}}]}],"yadunut":[{"date":"2024-03-05","commitResults":[{"hash":"adbba1f1a775b89577c96fac3ce8e25e4daa3be4","isMergeCommit":false,"messageTitle":"Update the about me page with yadunut\u0027s details","messageBody":"","fileTypesAndContributionMap":{"docs":{"insertions":33,"deletions":4}}}]},{"date":"2024-03-06","commitResults":[{"hash":"f31cd2e3ef14e6a71bc00b9748a1352f7a7f2141","isMergeCommit":false,"messageTitle":"Fix wrong url","messageBody":"","fileTypesAndContributionMap":{"docs":{"insertions":1,"deletions":1}}},{"hash":"7f41e09df90fef17a2e3e72e3def7bd3150f08b1","isMergeCommit":true,"messageTitle":"Merge pull request #15 from yadunut/update-about","messageBody":"Update the about me page with yadunut\u0027s details","fileTypesAndContributionMap":{}}]},{"date":"2024-03-11","commitResults":[{"hash":"359ff44a0104ae43f28d349efd69dfa6738cc077","isMergeCommit":true,"messageTitle":"Merge pull request #14 from blaukc/update-DG","messageBody":"Update DG","fileTypesAndContributionMap":{}},{"hash":"31e95d02b6f046b4bd95f463769496035afe29cc","isMergeCommit":false,"messageTitle":"Add the glossary page and fix some spelling mistakes","messageBody":"","fileTypesAndContributionMap":{"docs":{"insertions":19,"deletions":17}}}]},{"date":"2024-03-13","commitResults":[{"hash":"c34a4406a89d0d1c6efb2cc61bc66e7585cd7014","isMergeCommit":true,"messageTitle":"Merge pull request #28 from yadunut/website-adaptations","messageBody":"Update website to remove references to AB3","fileTypesAndContributionMap":{}}]},{"date":"2024-03-14","commitResults":[{"hash":"b26b3fc5918f533b1007eba68cd61b514636bd81","isMergeCommit":false,"messageTitle":"Add base module classes","messageBody":"","fileTypesAndContributionMap":{"functional-code":{"insertions":99,"deletions":0},"docs":{"insertions":2,"deletions":2}}},{"hash":"6a0a887517280a278e3ae21329537a080b2d8636","isMergeCommit":false,"messageTitle":"Fix Module constructor to ensure fields all non null","messageBody":"","fileTypesAndContributionMap":{"functional-code":{"insertions":3,"deletions":0}}},{"hash":"ce0e8b4e1a898788f79fa98b15e9830f49dcfcbf","isMergeCommit":true,"messageTitle":"Merge pull request #30 from yadunut/base-module","messageBody":"Add base module classes","fileTypesAndContributionMap":{}}]},{"date":"2024-03-18","commitResults":[{"hash":"017e77225497b6f99fb8deb71476724c406aad5f","isMergeCommit":false,"messageTitle":"Remove references to JSON in module","messageBody":"The JSON related files should be in storage/JsonAdapted*, to ensure seperation of\nconcerns between the storage layer and the model layer\n","fileTypesAndContributionMap":{"functional-code":{"insertions":83,"deletions":56}}},{"hash":"30123d7a56a98298b3d0b0e4754f9a7f16764877","isMergeCommit":false,"messageTitle":"Add base Module Map Storage interface and adapters","messageBody":"","fileTypesAndContributionMap":{"functional-code":{"insertions":68,"deletions":6}}},{"hash":"e4fc1bf12a30cdb26a05e3be924d9e4300e3ee60","isMergeCommit":false,"messageTitle":"Update regex for Module Code","messageBody":"","fileTypesAndContributionMap":{"functional-code":{"insertions":5,"deletions":3}}},{"hash":"9dda757ccf37fb63a40a5288b4113a51bfb9a52a","isMergeCommit":false,"messageTitle":"Add validation for Description and Title","messageBody":"","fileTypesAndContributionMap":{"functional-code":{"insertions":13,"deletions":2}}},{"hash":"98c29e2135b380ed7dfd9794d2d3ee984d284c40","isMergeCommit":false,"messageTitle":"Remove storage deps from ModuleMap","messageBody":"","fileTypesAndContributionMap":{"functional-code":{"insertions":7,"deletions":21}}},{"hash":"f7a7713700af79d82abec9edccab13bb1688ed0e","isMergeCommit":false,"messageTitle":"Add moduleMap to addressbook","messageBody":"","fileTypesAndContributionMap":{"functional-code":{"insertions":10,"deletions":18}}},{"hash":"4bbe9a06e5220bfbfa17860b63dbc2356d85c9d4","isMergeCommit":false,"messageTitle":"Change modulemap from optional to required","messageBody":"","fileTypesAndContributionMap":{"functional-code":{"insertions":87,"deletions":26}}},{"hash":"2bfd3ea976863b28f8c8177114e30b87c55b8961","isMergeCommit":false,"messageTitle":"Add ModuleMap to model","messageBody":"","fileTypesAndContributionMap":{"functional-code":{"insertions":15,"deletions":3},"test-code":{"insertions":7,"deletions":3}}},{"hash":"d7a98384a5408dfea2a393e50e865623a024fb9d","isMergeCommit":false,"messageTitle":"Add ModelManager updates to tests","messageBody":"","fileTypesAndContributionMap":{"test-code":{"insertions":63,"deletions":22}}},{"hash":"8f89cdde41f0a0a02c5f91184eef186dfc15ec83","isMergeCommit":false,"messageTitle":"Add docs and clean code","messageBody":"","fileTypesAndContributionMap":{"functional-code":{"insertions":51,"deletions":18},"test-code":{"insertions":22,"deletions":7}}}]}],"taufiq":[{"date":"2024-02-27","commitResults":[{"hash":"3c0d2cd6b7cac2ea7ea5e92a34f3e1d1fefc7d58","isMergeCommit":false,"messageTitle":"docs: Update README.md","messageBody":"Updated the CI badge to reflect the build status of the tp project.\nUpdated the content to inform people what the app is about.\n","fileTypesAndContributionMap":{"docs":{"insertions":16,"deletions":11}}}]},{"date":"2024-03-11","commitResults":[{"hash":"442af50f272a1dcba0ac08ad833900dc782a0b69","isMergeCommit":false,"messageTitle":"docs: Add taufiq information","messageBody":"","fileTypesAndContributionMap":{"docs":{"insertions":43,"deletions":5}}},{"hash":"2f2a163d5be501a2563883fcd1615bfda40ede36","isMergeCommit":true,"messageTitle":"Merge pull request #18 from taufiq/docs/add-taufiq","messageBody":"docs: Add taufiq information","fileTypesAndContributionMap":{}},{"hash":"9907c519d51c7cf19c501fa1bc89c2fa4275189d","isMergeCommit":true,"messageTitle":"Merge pull request #12 from taufiq/update-readme","messageBody":"docs: Update README \u0026 Add UI Mockup","fileTypesAndContributionMap":{}}]},{"date":"2024-03-16","commitResults":[{"hash":"6eda9adf45a42e2d4a6016478c79b47f495b24ab","isMergeCommit":false,"messageTitle":"docs: Remove traces of AB3 from README","messageBody":"This commit removes the traces of AB3 in README that was pointed out\nin the cs2103 tracker.\n","fileTypesAndContributionMap":{"docs":{"insertions":2,"deletions":12}}},{"hash":"7a061e3b4b4ad99fa7492313df8e9bfefdc34d36","isMergeCommit":true,"messageTitle":"Merge pull request #33 from taufiq/taufiq/address-issue","messageBody":"docs: Remove traces of AB3 from README","fileTypesAndContributionMap":{}}]},{"date":"2024-03-21","commitResults":[{"hash":"fb6e29b37aadc36d0e556e861730c1c23efd5096","isMergeCommit":true,"messageTitle":"Merge pull request #35 from yadunut/add-module-storage","messageBody":"Add module storage","fileTypesAndContributionMap":{}},{"hash":"29bab74bbab105e9b8bce664d9891af3ec6cbaa7","isMergeCommit":false,"messageTitle":"feat: Introduce add_module command","messageBody":"This `add_module` command introduces new prefixes, new classes (i.e `AddStudentModuleCommand/Parser`, etc.).\n\nIn the parser layer, I\u0027ve added a `AddStudentModuleCommandParser` that craps out a `AddStudentModuleCommand`. It then executes and deals with the `Student` model.\n\nmodel: `Student` now supports a list of `modules` which are `ModuleCode`.\n\nFor now, we are storing a list of `ModuleCode` instead of `Module` in each Student model. This is because the ability to synchronize the state of Modules in `ModuleMap` and `Student` will be tough to keep track off, thus I\u0027ve resorted to using `ModuleCode` instead.\n\nFor the storage layer, I\u0027ve also added a `JsonAdaptedModuleCode`. I had to add this because there was some finicky issue with saving a List\u003cString\u003e within a `.json` file so I created the adapter and it fixed the issue. If anyone knows how to do it without creating that adapter feel free to correct this!\n","fileTypesAndContributionMap":{"functional-code":{"insertions":343,"deletions":38},"test-code":{"insertions":11,"deletions":9}}},{"hash":"5a419c24313d8cefccc25855159f5fdc1850d58d","isMergeCommit":false,"messageTitle":"fix: Change type of List\u003cE\u003e for VALID_MODULES","messageBody":"","fileTypesAndContributionMap":{"test-code":{"insertions":1,"deletions":1}}},{"hash":"70f6a78e39b3da4b11586628c054457142601bc9","isMergeCommit":false,"messageTitle":"chore: Remove unused imports and sanitization things","messageBody":"","fileTypesAndContributionMap":{"functional-code":{"insertions":5,"deletions":19}}},{"hash":"1a8d1167fe1de6341b0a4821e3a3f5c3bcfd8928","isMergeCommit":false,"messageTitle":"test: Fix NullPtr Exceptions","messageBody":"","fileTypesAndContributionMap":{"functional-code":{"insertions":4,"deletions":3},"test-code":{"insertions":3,"deletions":1}}}]},{"date":"2024-03-22","commitResults":[{"hash":"a861eef0b5f83ac3093d54eeaade78bd0076e923","isMergeCommit":true,"messageTitle":"Merge pull request #43 from blaukc/update-model-class-diagram","messageBody":"Update model class diagram","fileTypesAndContributionMap":{}},{"hash":"9dd5351be5f04a1f14d0f932c53eae0b00c7476a","isMergeCommit":true,"messageTitle":"Merge pull request #40 from blaukc/delete-student-module-command","messageBody":"Delete student module command","fileTypesAndContributionMap":{}},{"hash":"88856d797b46da9278a4cd5e78d78c098548e739","isMergeCommit":true,"messageTitle":"Merge pull request #42 from blaukc/add-modules-gui","messageBody":"Change tags to modules in GUI","fileTypesAndContributionMap":{}}]}],"blaukc":[{"date":"2024-02-28","commitResults":[{"hash":"5b3d763bb59a9d4be3f3ff95b4aaf73acd425239","isMergeCommit":false,"messageTitle":"Update AboutUs page, and add individual page and photo","messageBody":"","fileTypesAndContributionMap":{"docs":{"insertions":44,"deletions":16}}},{"hash":"71d6d95c18ee7071b3c55d17d59174286b711df9","isMergeCommit":false,"messageTitle":"Add newline to end of blaukc.md","messageBody":"","fileTypesAndContributionMap":{"docs":{"insertions":1,"deletions":1}}},{"hash":"ba433d397d2388f0feb387ad4c64b0f55ee87fbb","isMergeCommit":true,"messageTitle":"Merge pull request #13 from blaukc/update-about-us","messageBody":"Update AboutUs (Brandon)","fileTypesAndContributionMap":{}},{"hash":"4fc0422cd7ce7398299ff25f79ed5ae78d10b9b4","isMergeCommit":false,"messageTitle":"Update DG user stories and use cases","messageBody":"","fileTypesAndContributionMap":{"docs":{"insertions":117,"deletions":19}}}]},{"date":"2024-03-09","commitResults":[{"hash":"6a2c87c212c26a75379afeec35345b1691369c80","isMergeCommit":true,"messageTitle":"Merge pull request #17 from AdityaB4/update-aditya-details","messageBody":"Update Aditya\u0027s Details","fileTypesAndContributionMap":{}}]},{"date":"2024-03-13","commitResults":[{"hash":"3660e8c6ec81da106df8da4f9842bdde2b62a0cd","isMergeCommit":true,"messageTitle":"Merge pull request #27 from yadunut/add-glossary","messageBody":"Add the glossary page and fix some spelling mistakes","fileTypesAndContributionMap":{}}]},{"date":"2024-03-15","commitResults":[{"hash":"d1e8d048f6ebaa42c76f52d60646bc1eadc08981","isMergeCommit":false,"messageTitle":"Add read from json data into Module objects","messageBody":"","fileTypesAndContributionMap":{"functional-code":{"insertions":74,"deletions":1}}},{"hash":"67bcb87cfc56829114b799c0d8baaea12044bc96","isMergeCommit":false,"messageTitle":"Initialise ModuleMap inside AddressBook","messageBody":"","fileTypesAndContributionMap":{"functional-code":{"insertions":22,"deletions":7}}},{"hash":"ebf19c20fd0d2fecd283ace2c16934665341bcce","isMergeCommit":false,"messageTitle":"Fix checkstyle mistakes","messageBody":"","fileTypesAndContributionMap":{"functional-code":{"insertions":17,"deletions":10}}}]},{"date":"2024-03-16","commitResults":[{"hash":"31eee468c59fde20033f234582b5202074c9acc9","isMergeCommit":true,"messageTitle":"Merge pull request #32 from blaukc/add-module-data","messageBody":"Add module data","fileTypesAndContributionMap":{}}]},{"date":"2024-03-22","commitResults":[{"hash":"509308abacb7555a5acf6da6a60966fdf6a7a865","isMergeCommit":false,"messageTitle":"Add DeleteStudentModuleCommand and its parser","messageBody":"","fileTypesAndContributionMap":{"functional-code":{"insertions":149,"deletions":10}}},{"hash":"71325411d87a4a283dbe5177e577ae96e9cc7d08","isMergeCommit":false,"messageTitle":"Add delete module functionality","messageBody":"","fileTypesAndContributionMap":{"functional-code":{"insertions":53,"deletions":2}}},{"hash":"5848fdf27394714c9ce96056ca5dac32b15d52c3","isMergeCommit":false,"messageTitle":"Fix checkstyle","messageBody":"","fileTypesAndContributionMap":{"functional-code":{"insertions":23,"deletions":13}}},{"hash":"c5b1194d5bb59e51a3f6eac854b788c6abb5d9a5","isMergeCommit":false,"messageTitle":"Add deleteModuleFromStudent method stub in AddCommandTest","messageBody":"","fileTypesAndContributionMap":{"test-code":{"insertions":6,"deletions":0}}},{"hash":"edaf00f8f6bec7b44391b71702c6f61e89acaefd","isMergeCommit":false,"messageTitle":"Change tags to modules in GUI","messageBody":"","fileTypesAndContributionMap":{"functional-code":{"insertions":8,"deletions":7}}},{"hash":"d9f05eac91bdfc96ef10d52afda9f7e5b8a85774","isMergeCommit":false,"messageTitle":"Add ModuleMap and Module to the model diagram","messageBody":"","fileTypesAndContributionMap":{"docs":{"insertions":18,"deletions":1}}}]}]},"authorFileTypeContributionMap":{"AdityaB4":{"docs":182,"functional-code":534,"test-code":939},"yadunut":{"docs":37,"functional-code":347,"test-code":81,"other":1},"taufiq":{"docs":50,"functional-code":317,"test-code":6},"blaukc":{"docs":174,"functional-code":254,"test-code":6}},"authorContributionVariance":{"AdityaB4":330379.62,"yadunut":12808.871,"taufiq":6396.418,"blaukc":4388.019},"authorDisplayNameMap":{"AdityaB4":"CS2103T-W12-2 BAJA..ITYA","yadunut":"CS2103T-W12-2 YADU..PREM","taufiq":"CS2103T-W12-2 TAUF..MMED","blaukc":"CS2103T-W12-2 BRAN..CHUN"}}
