{"authorDailyContributionsMap":{"jieqiboh":[{"date":"2024-02-29","commitResults":[{"hash":"147f8bd94f4e6e739f4d5fb4394bee05a53c8f4d","isMergeCommit":false,"messageTitle":"Update AboutUs for Boh Jie Qi","messageBody":"","fileTypesAndContributionMap":{"docs":{"insertions":10,"deletions":11}}}]},{"date":"2024-03-02","commitResults":[{"hash":"e6b5d1cca4ef66a56753ec05069bd970e195e6aa","isMergeCommit":false,"messageTitle":"Revert \"Add some non-functional requirements to the developers guide\"","messageBody":"","fileTypesAndContributionMap":{"docs":{"insertions":1,"deletions":5}}},{"hash":"51ad45e27eca66e8e736ae715427b60e4ee96956","isMergeCommit":false,"messageTitle":"Revert \"Add Donovan\u0027s information to AboutUs.md page\"","messageBody":"","fileTypesAndContributionMap":{"other":{"insertions":0,"deletions":170},"docs":{"insertions":193,"deletions":320}}},{"hash":"334acec660182075322fd74bf721537e94a51c46","isMergeCommit":true,"messageTitle":"Merge pull request #52 from AY2324S2-CS2103T-W11-1/revert-45-AddNFRToDG","messageBody":"Revert \"Add some non-functional requirements to the developers guide\"","fileTypesAndContributionMap":{}},{"hash":"6af83905a10571194c63ea3b601be1ca442b1fbf","isMergeCommit":false,"messageTitle":"Revert \"Add detailed view feature to user guide\"","messageBody":"","fileTypesAndContributionMap":{"docs":{"insertions":0,"deletions":9}}},{"hash":"c1d151799c80160da3b96471a7601d735ac426c8","isMergeCommit":true,"messageTitle":"Merge pull request #53 from AY2324S2-CS2103T-W11-1/revert-46-AddDetailedViewFeatureToUG","messageBody":"Revert \"Add detailed view feature to user guide\"","fileTypesAndContributionMap":{}},{"hash":"3faa8d9776cc7bdddb35241d09dbc8a57320a97e","isMergeCommit":true,"messageTitle":"Merge pull request #54 from AY2324S2-CS2103T-W11-1/revert-47-AddInfoToAboutUs","messageBody":"Revert \"Add Donovan\u0027s information to AboutUs.md page\"","fileTypesAndContributionMap":{}},{"hash":"3a8dd5382f82a8ba7f66094be07b8605356e89a0","isMergeCommit":true,"messageTitle":"Merge pull request #57 from CaptainKeqing/AddDetailedViewFeatureToUG","messageBody":"Add detailed view feature to User Guide","fileTypesAndContributionMap":{}},{"hash":"b7305c678f7ec67d836e6c7fa5c979e0bbe9187c","isMergeCommit":true,"messageTitle":"Merge branch \u0027master\u0027 into Update-AboutUs-JieQi","messageBody":"","fileTypesAndContributionMap":{}}]},{"date":"2024-03-05","commitResults":[{"hash":"f7b88491ee82544cfd8bc626202197214a5022c9","isMergeCommit":true,"messageTitle":"Merge pull request #71 from LWS49/update-glossary-in-DG","messageBody":"added Glossary for DG","fileTypesAndContributionMap":{}},{"hash":"3da1ec69aa41b3295271e4cc9d8f9f13fbfc9e6f","isMergeCommit":false,"messageTitle":"Add CI Badge","messageBody":"","fileTypesAndContributionMap":{"docs":{"insertions":1,"deletions":1}}},{"hash":"3bdb00d39a7bee1de00a0b48dd8d5f970aa484a8","isMergeCommit":false,"messageTitle":"Fix CI Badge Typo in README","messageBody":"","fileTypesAndContributionMap":{"docs":{"insertions":1,"deletions":1}}}]},{"date":"2024-03-06","commitResults":[{"hash":"e5c5c35dc6434c7e5fb0e5eb1da1aeee21b7982f","isMergeCommit":false,"messageTitle":"Add Internship class and its basic fields","messageBody":"","fileTypesAndContributionMap":{"functional-code":{"insertions":592,"deletions":0}}},{"hash":"7e07c732d0d10b6f2175dc50eda4846f5e9c8f0f","isMergeCommit":false,"messageTitle":"Add Javadocs and fixed styling issues","messageBody":"","fileTypesAndContributionMap":{"functional-code":{"insertions":49,"deletions":29}}}]},{"date":"2024-03-08","commitResults":[{"hash":"3ba8b5e7eba6359de02db9b8c1bf3f84f7ad1106","isMergeCommit":false,"messageTitle":"Add newline to EOF for formatting","messageBody":"","fileTypesAndContributionMap":{"docs":{"insertions":7,"deletions":7}}}]},{"date":"2024-03-09","commitResults":[{"hash":"38fcbd5a4ae8149cfa8924b908f55fe5bef19164","isMergeCommit":true,"messageTitle":"Merge pull request #68 from LWS49/updateReadMe","messageBody":"update ReadMe","fileTypesAndContributionMap":{}}]},{"date":"2024-03-11","commitResults":[{"hash":"5e67685eae99f706c9e4ad7b33e580140cc3f06a","isMergeCommit":false,"messageTitle":"Added validation regex for ApplicationStatus and Location classes, as well as their tests","messageBody":"","fileTypesAndContributionMap":{"functional-code":{"insertions":63,"deletions":4},"test-code":{"insertions":152,"deletions":0}}},{"hash":"a0514315ce0357bef5fdb9d1ebee70a55b3a9173","isMergeCommit":false,"messageTitle":"Resolve checkstyle issues","messageBody":"","fileTypesAndContributionMap":{"functional-code":{"insertions":2,"deletions":6}}}]},{"date":"2024-03-12","commitResults":[{"hash":"444754d6bcf0b6f50f5b7b7040e209afa92dce58","isMergeCommit":false,"messageTitle":"Update toString method for ApplicationStatus and Location, add tests","messageBody":"","fileTypesAndContributionMap":{"functional-code":{"insertions":4,"deletions":26},"test-code":{"insertions":50,"deletions":0}}},{"hash":"a314f3867f5088efafb61c5645d8ace85ec1e94c","isMergeCommit":false,"messageTitle":"Update enum for AppnStatus and Location to public","messageBody":"","fileTypesAndContributionMap":{"functional-code":{"insertions":2,"deletions":2}}},{"hash":"452904a0cb75427a1b6d72ab54a90e8141c58ae7","isMergeCommit":false,"messageTitle":"Amended typo in test files","messageBody":"","fileTypesAndContributionMap":{"test-code":{"insertions":2,"deletions":2}}},{"hash":"1249f74f2bcf8204b0dd29d1b5417709ab355639","isMergeCommit":false,"messageTitle":"Replace person reference to internship, amend typo in CompanyName\u0027s isValid method","messageBody":"","fileTypesAndContributionMap":{"functional-code":{"insertions":4,"deletions":4}}},{"hash":"8c5e2040e5fd1d270dcabd9dbda3024ee5545142","isMergeCommit":false,"messageTitle":"Add missing validators to ensure Description and Role are not blank","messageBody":"","fileTypesAndContributionMap":{"functional-code":{"insertions":36,"deletions":2},"test-code":{"insertions":147,"deletions":5}}},{"hash":"2ef0a91270d7e5de47268a922a633369c090b8e6","isMergeCommit":false,"messageTitle":"Add JsonAdaptedInternship and tests","messageBody":"Also add InternshipBuilder and TypicalInternships, which support\nInternship creation for testing purposes\n","fileTypesAndContributionMap":{"functional-code":{"insertions":151,"deletions":0},"test-code":{"insertions":337,"deletions":0}}},{"hash":"6284a6277737c111c5dd9f9f5b5ad8f1a9ef0b0c","isMergeCommit":true,"messageTitle":"Merge remote-tracking branch \u0027upstream/master\u0027 into Json-Adapted-Internship","messageBody":"","fileTypesAndContributionMap":{}},{"hash":"ea84daade0d6abbee8bc0b8fd9cd2d1e89001958","isMergeCommit":false,"messageTitle":"Resolve checkstyle issues","messageBody":"","fileTypesAndContributionMap":{"test-code":{"insertions":53,"deletions":32}}}]},{"date":"2024-03-14","commitResults":[{"hash":"dc9d659b2adb5737df1951d56875fc188ae58bcc","isMergeCommit":false,"messageTitle":"Add JsonSerializableInternshipData and Tests","messageBody":"Update Storage.java and StorageManager.java to include methods for\nInternshipData\nAdd JsonSerializableInternshipData and tests for it\nMove placeholder data files to a separate folder in\n/test/data/JsonSerializableInternshipDataTest\n","fileTypesAndContributionMap":{"functional-code":{"insertions":149,"deletions":1},"test-code":{"insertions":62,"deletions":0}}},{"hash":"988d097b6492081ab41c16ae1387afbdd39961a1","isMergeCommit":true,"messageTitle":"Merge branch \u0027master\u0027 into Add-JsonSerializableInternshipData","messageBody":"","fileTypesAndContributionMap":{}},{"hash":"9dd910fc51e6ff1f3de8aee4a466621da068437d","isMergeCommit":false,"messageTitle":"Add JsonInternshipDataStorage and Tests","messageBody":"Also modify StorageManager to add methods for JsonInternshipDataStorage\nAdd tests for StorageManager and JsonInternshipDataStorage\n","fileTypesAndContributionMap":{"functional-code":{"insertions":86,"deletions":2},"test-code":{"insertions":163,"deletions":8}}},{"hash":"8b7b2fe74879402ce975c4cdcf1d1a60cbe7f6d3","isMergeCommit":false,"messageTitle":"Fix typo","messageBody":"","fileTypesAndContributionMap":{"functional-code":{"insertions":1,"deletions":1}}},{"hash":"592473ce27db1e1fe5c837603de4782d02f82e30","isMergeCommit":false,"messageTitle":"Add tests, change isSamePerson and refactor isValidContactEmail","messageBody":"","fileTypesAndContributionMap":{"functional-code":{"insertions":7,"deletions":4},"test-code":{"insertions":140,"deletions":4}}},{"hash":"06fdb7b3a6c60ba0e785159b3637d64ddf45b2a3","isMergeCommit":false,"messageTitle":"resolved checkstyle issues","messageBody":"","fileTypesAndContributionMap":{"test-code":{"insertions":15,"deletions":13}}}]},{"date":"2024-03-18","commitResults":[{"hash":"8a8cd1c3d7d12dc402e8a22bc3d46c5b8779116a","isMergeCommit":false,"messageTitle":"Update UniqueInternshipListTest","messageBody":"","fileTypesAndContributionMap":{"functional-code":{"insertions":2,"deletions":2},"test-code":{"insertions":172,"deletions":0}}}]},{"date":"2024-03-19","commitResults":[{"hash":"3ee74156dfe46b22f9f902b9a482a79831507722","isMergeCommit":true,"messageTitle":"Merge pull request #119 from CaptainKeqing/fixUIBugs","messageBody":"Set result display to wrap text, make colour styling functional for different statuses","fileTypesAndContributionMap":{}},{"hash":"290bce02ed034b8a3fc3024e23d16f9be584bf18","isMergeCommit":false,"messageTitle":"Add basic Remark files and modify Internship to support remark","messageBody":"","fileTypesAndContributionMap":{"functional-code":{"insertions":145,"deletions":2}}},{"hash":"e8475d0966b2079658734d98230f4a1cdb77e81c","isMergeCommit":false,"messageTitle":"Add RemarkCommandParser and modify parser files","messageBody":"","fileTypesAndContributionMap":{"functional-code":{"insertions":40,"deletions":30}}},{"hash":"55fa3e7a7c00524526471a068eee523e0251b741","isMergeCommit":false,"messageTitle":"Update UI components to support remark","messageBody":"","fileTypesAndContributionMap":{"functional-code":{"insertions":16,"deletions":0}}},{"hash":"8803992d5e5c4381f1bfd1bcd7d6d935f787f5ce","isMergeCommit":false,"messageTitle":"Update storage files for remark","messageBody":"","fileTypesAndContributionMap":{"functional-code":{"insertions":19,"deletions":24}}},{"hash":"2fb9660490838fdbbe385274a30b6042954d65f3","isMergeCommit":false,"messageTitle":"Add tests for remark and update placeholder data","messageBody":"","fileTypesAndContributionMap":{"test-code":{"insertions":225,"deletions":186}}},{"hash":"89cae2b8a4effe2cf74b317ea33701cf927af8a0","isMergeCommit":false,"messageTitle":"Resolve checkstyle issues","messageBody":"","fileTypesAndContributionMap":{"functional-code":{"insertions":61,"deletions":8},"test-code":{"insertions":37,"deletions":11}}},{"hash":"94b66488484fefa1e6135960c6725b3166f297de","isMergeCommit":false,"messageTitle":"Add support for modifying remarks via EditCommand","messageBody":"","fileTypesAndContributionMap":{"functional-code":{"insertions":47,"deletions":17}}},{"hash":"f9720ed689bb3c2a266032b2dd48be048bd1dc0f","isMergeCommit":false,"messageTitle":"Fixed typos and replaced references to ab and person","messageBody":"","fileTypesAndContributionMap":{"functional-code":{"insertions":13,"deletions":13},"test-code":{"insertions":2,"deletions":2}}},{"hash":"de25a986901702fa1f6a038f6d05b3ddcf4d6147","isMergeCommit":false,"messageTitle":"Updated Quickstart and Save section","messageBody":"","fileTypesAndContributionMap":{"docs":{"insertions":32,"deletions":23}}},{"hash":"e651cdba65320fca55320083704dc4cfaf1b0839","isMergeCommit":false,"messageTitle":"Updated Command Summary table with links, added AddRemark section to UG","messageBody":"","fileTypesAndContributionMap":{"docs":{"insertions":45,"deletions":34}}},{"hash":"ff0c4d86df172923b2e7f5cf9e97ced54931e368","isMergeCommit":false,"messageTitle":"Add newline to EOF for formatting","messageBody":"","fileTypesAndContributionMap":{"docs":{"insertions":1,"deletions":1}}}]},{"date":"2024-03-20","commitResults":[{"hash":"2971855c2c34f09bdb82b12016d4206f2c4e9e57","isMergeCommit":false,"messageTitle":"Refactor storage filenames, update Storage diagram in DG","messageBody":"","fileTypesAndContributionMap":{"functional-code":{"insertions":7,"deletions":7},"other":{"insertions":10,"deletions":10},"docs":{"insertions":45,"deletions":4},"test-code":{"insertions":19,"deletions":19}}},{"hash":"acfbe229640249c7bfc3b877253f15fabe3ae46f","isMergeCommit":false,"messageTitle":"Resolve checkstyle issues","messageBody":"","fileTypesAndContributionMap":{"functional-code":{"insertions":8,"deletions":5},"test-code":{"insertions":2,"deletions":1}}},{"hash":"f8ec75f138cb0a216cdd69864c6a005b834d7280","isMergeCommit":false,"messageTitle":"Fixed typo in UserGuide","messageBody":"","fileTypesAndContributionMap":{"docs":{"insertions":1,"deletions":1}}}]},{"date":"2024-03-21","commitResults":[{"hash":"c5fa756a91a5dba7b67d1f737df54b820e3e4883","isMergeCommit":false,"messageTitle":"Update cmd helper message","messageBody":"","fileTypesAndContributionMap":{"functional-code":{"insertions":1,"deletions":1}}},{"hash":"57d05423ca6e9cdf673eb28bdfe23ced12847a41","isMergeCommit":true,"messageTitle":"Merge pull request #135 from theman-oj10/master","messageBody":"Update Model Section of Developer guide","fileTypesAndContributionMap":{}}]},{"date":"2024-03-22","commitResults":[{"hash":"13505c6973211992b7c7f4f5e5c6eb231276bc9f","isMergeCommit":true,"messageTitle":"Merge pull request #137 from HM33-Stu/ug-general-edits","messageBody":"User Guide - Formatting and updating/removal of certain sections","fileTypesAndContributionMap":{}}]}],"HM33-Stu":[{"date":"2024-03-01","commitResults":[{"hash":"1dfe5a875eb1ac16d6d2c461b007f2ed451c44bf","isMergeCommit":true,"messageTitle":"Merge pull request #47 from CaptainKeqing/AddInfoToAboutUs","messageBody":"Add Donovan\u0027s information to AboutUs.md page","fileTypesAndContributionMap":{}},{"hash":"3b565d7a0f0592919a5122f24e6cbf9ed09252f7","isMergeCommit":true,"messageTitle":"Merge pull request #46 from CaptainKeqing/AddDetailedViewFeatureToUG","messageBody":"Add detailed view feature to user guide","fileTypesAndContributionMap":{}},{"hash":"70f2e06a5844712b7d18176f35e33db0446773ff","isMergeCommit":true,"messageTitle":"Merge pull request #45 from CaptainKeqing/AddNFRToDG","messageBody":"Add some non-functional requirements to the developers guide","fileTypesAndContributionMap":{}},{"hash":"8c1ebc21de5a22752fae34eee06ab6e126ace2b9","isMergeCommit":false,"messageTitle":"Update Hari\u0027s info, photo and contribution document to AboutUs","messageBody":"","fileTypesAndContributionMap":{"docs":{"insertions":18,"deletions":11}}},{"hash":"91ab84fa37bb1ce6548b74479787946aeab6852a","isMergeCommit":false,"messageTitle":"Update AboutUs to resolve image issues","messageBody":"","fileTypesAndContributionMap":{"docs":{"insertions":1,"deletions":1}}},{"hash":"7543b354f93176e03aab7b4fc357e598cbe24514","isMergeCommit":false,"messageTitle":"Amend Add and Delete details in the User Guide","messageBody":"","fileTypesAndContributionMap":{"docs":{"insertions":21,"deletions":17}}}]},{"date":"2024-03-02","commitResults":[{"hash":"feb7e06ef2ba9df639d5d058f7afcf6b0212090d","isMergeCommit":false,"messageTitle":"Add Use Cases and Stories To DG","messageBody":"","fileTypesAndContributionMap":{"docs":{"insertions":173,"deletions":24}}},{"hash":"e01435f5aa3cea71f1ec37a3715532d252c894e4","isMergeCommit":false,"messageTitle":"Update AboutUs.md","messageBody":"","fileTypesAndContributionMap":{"docs":{"insertions":1,"deletions":1}}},{"hash":"d73b262cdc9338a7cb39691299951d342ada901e","isMergeCommit":false,"messageTitle":"Rename HM33-Stu.md to hm33-stu.md","messageBody":"","fileTypesAndContributionMap":{"docs":{"insertions":0,"deletions":0}}},{"hash":"6c3d376a11470265999c222ea627b2611fc8b9bb","isMergeCommit":false,"messageTitle":"Update AboutUs.md","messageBody":"","fileTypesAndContributionMap":{"docs":{"insertions":2,"deletions":2}}},{"hash":"396abd9e49cccded4afd5f9491e0a739702aef30","isMergeCommit":true,"messageTitle":"Merge branch \u0027AY2324S2-CS2103T-W11-1:master\u0027 into AddUseCasesToDG","messageBody":"","fileTypesAndContributionMap":{}},{"hash":"7651a1dee8d79b9abcd0a217f0cfc48a46218e04","isMergeCommit":true,"messageTitle":"Merge branch \u0027master\u0027 into AmendAddAndDeleteFeatureInUG","messageBody":"","fileTypesAndContributionMap":{}},{"hash":"8dc9d50af0c97b931b0ccf93e80ec626bf286a65","isMergeCommit":true,"messageTitle":"Merge pull request #62 from jieqiboh/Update-AboutUs-JieQi","messageBody":"Add JieQi\u0027s Information to AboutUs.md","fileTypesAndContributionMap":{}},{"hash":"975c26c5efca96aa21b30e146df97b5b48386d52","isMergeCommit":false,"messageTitle":"Rename LWS49.md to lws49.md","messageBody":"","fileTypesAndContributionMap":{"docs":{"insertions":0,"deletions":0}}},{"hash":"a240f75c84684efc22ad959998e8b38e94e4e349","isMergeCommit":false,"messageTitle":"Update AboutUs.md","messageBody":"","fileTypesAndContributionMap":{"docs":{"insertions":1,"deletions":1}}},{"hash":"fcc59b85a88ead1d76237ac00498bfff5ffa10d3","isMergeCommit":false,"messageTitle":"Update AboutUs.md","messageBody":"","fileTypesAndContributionMap":{"docs":{"insertions":1,"deletions":1}}},{"hash":"ca3d52201a95aa7f0359e6731f5ea5fdae20a610","isMergeCommit":false,"messageTitle":"Update AboutUs.md","messageBody":"","fileTypesAndContributionMap":{"docs":{"insertions":2,"deletions":1}}},{"hash":"9ff0bd19fc3acad17a1504d2c16f0bc25d7badf9","isMergeCommit":true,"messageTitle":"Merge pull request #64 from LWS49/addWeiShengtoAboutUs","messageBody":"add Wei Sheng in AboutUs","fileTypesAndContributionMap":{}}]},{"date":"2024-03-08","commitResults":[{"hash":"783415f4998ca374a626a792cf7ba11c1d8bbaf1","isMergeCommit":true,"messageTitle":"Merge pull request #77 from jieqiboh/Add-Test-Data","messageBody":"Add placeholder test data","fileTypesAndContributionMap":{}}]},{"date":"2024-03-11","commitResults":[{"hash":"39f01f67f8716a35658f0c1d134fcd7887754c79","isMergeCommit":true,"messageTitle":"Merge pull request #80 from jieqiboh/AppnStatus-Location-Tests","messageBody":"Added validation regex for ApplicationStatus and Location classes","fileTypesAndContributionMap":{}}]},{"date":"2024-03-14","commitResults":[{"hash":"3aebddfb2a25ad8b1d6c2a55ebe4f9e90e8db70b","isMergeCommit":true,"messageTitle":"Merge pull request #82 from CaptainKeqing/viewInternships","messageBody":"Create InternshipCard and InternshipListPanel","fileTypesAndContributionMap":{}},{"hash":"347944ec17a9025051ab6febdcb97fe7ac2c9e2e","isMergeCommit":false,"messageTitle":"Updated CliSyntax For Commands","messageBody":"","fileTypesAndContributionMap":{"functional-code":{"insertions":10,"deletions":0}}}]},{"date":"2024-03-16","commitResults":[{"hash":"0a78f53eaa2a8acdfcd8205379f1eb19aa87c83a","isMergeCommit":false,"messageTitle":"update-add-command","messageBody":"","fileTypesAndContributionMap":{"functional-code":{"insertions":163,"deletions":0},"test-code":{"insertions":448,"deletions":0}}},{"hash":"3191d672d982ef93d96eba7a78cae0fed22e0fba","isMergeCommit":false,"messageTitle":"update-delete-command","messageBody":"","fileTypesAndContributionMap":{"functional-code":{"insertions":98,"deletions":0},"test-code":{"insertions":154,"deletions":0}}},{"hash":"a64b67814ec52c77a43ef714346fba82dbe905e4","isMergeCommit":false,"messageTitle":"Update InternshipAddCommand.java","messageBody":"","fileTypesAndContributionMap":{"functional-code":{"insertions":1,"deletions":1}}},{"hash":"1ceccb0b30d8d6de6aa1fccc4e36846cceada2ca","isMergeCommit":false,"messageTitle":"Update InternshipAddCommandParser.java","messageBody":"","fileTypesAndContributionMap":{"functional-code":{"insertions":1,"deletions":2}}},{"hash":"a31827b32fb27517e008d090004236f9000c1b5c","isMergeCommit":false,"messageTitle":"Update InternshipAddCommandTest.java","messageBody":"","fileTypesAndContributionMap":{"test-code":{"insertions":1,"deletions":2}}},{"hash":"3f2e2ba9ebfb74c4d7ff82e6238dbda83e412de3","isMergeCommit":false,"messageTitle":"Update JavaDoc and Variable Naming","messageBody":"","fileTypesAndContributionMap":{"functional-code":{"insertions":2,"deletions":2}}},{"hash":"4b765ed18d06befa4e3ffb62199fd39f1fbc5d32","isMergeCommit":false,"messageTitle":"Update InternshipAddCommandParser.java","messageBody":"[Resolved]\r\nerror: type argument InternshipAddCommand is not within bounds of type-variable T","fileTypesAndContributionMap":{"functional-code":{"insertions":1,"deletions":1}}},{"hash":"2dcaded3b362d06e81c72d7d7142917894e4c756","isMergeCommit":false,"messageTitle":"Update InternshipAddCommand.java","messageBody":"Typo error","fileTypesAndContributionMap":{"functional-code":{"insertions":1,"deletions":1}}},{"hash":"6491a22cacd061d5f2e0b4fb3f1a61ef163632b1","isMergeCommit":false,"messageTitle":"Update InternshipAddCommandParser.java","messageBody":"Resolving checkstyle errors","fileTypesAndContributionMap":{"functional-code":{"insertions":7,"deletions":5}}},{"hash":"ab6fbb9a62a3d7b943a9954c0f5380d57d54f3ab","isMergeCommit":false,"messageTitle":"Update InternshipAddCommandParser.java","messageBody":"Trailing whitespace","fileTypesAndContributionMap":{"functional-code":{"insertions":4,"deletions":4}}},{"hash":"5cae09c023ac8c12f1f545e677561c81acb8f241","isMergeCommit":false,"messageTitle":"Update InternshipAddCommandParser.java","messageBody":"Checkstyle errors","fileTypesAndContributionMap":{"functional-code":{"insertions":7,"deletions":6}}},{"hash":"dc2adfb8a55dcb919646254c13695ba8a02a8272","isMergeCommit":false,"messageTitle":"Update InternshipAddCommandParser.java","messageBody":"Had to rename \"phone\" to \"phon\" to pass checks","fileTypesAndContributionMap":{"functional-code":{"insertions":3,"deletions":4}}},{"hash":"a808d1ce3366ad017ab7bc75029f6e1722a126c7","isMergeCommit":false,"messageTitle":"Update InternshipAddCommandParser.java","messageBody":"Rectified based on working local gradle checks","fileTypesAndContributionMap":{"functional-code":{"insertions":4,"deletions":4}}},{"hash":"d062b8fcefb1c359292521488ad7bf68c51561a9","isMergeCommit":false,"messageTitle":"Update InternshipAddCommand.java","messageBody":"Rectified based on local working gradle checks","fileTypesAndContributionMap":{"functional-code":{"insertions":1,"deletions":1}}},{"hash":"2b0c4e5416311fa7a5a7c2d892d1550d6513ee79","isMergeCommit":false,"messageTitle":"Update InternshipAddCommandTest.java","messageBody":"Rectified based on local working gradle checks","fileTypesAndContributionMap":{"test-code":{"insertions":4,"deletions":3}}},{"hash":"66468785a840a6f4fc6768ff14be210d433f81b0","isMergeCommit":false,"messageTitle":"Update InternshipDeleteCommand.java","messageBody":"Rectified based on local working gradle checks","fileTypesAndContributionMap":{"functional-code":{"insertions":2,"deletions":1}}},{"hash":"885300cb3cbf8e32f2868130e22ab2b437f97085","isMergeCommit":false,"messageTitle":"Update InternshipDeleteCommandParser.java","messageBody":"Rectified based on local working gradle checks","fileTypesAndContributionMap":{"functional-code":{"insertions":2,"deletions":2}}},{"hash":"3ce0e0089b173a9e2f155d5e7af186aba73b36e2","isMergeCommit":false,"messageTitle":"Update InternshipDeleteCommandTest.java","messageBody":"Rectified based on local working gradle checks","fileTypesAndContributionMap":{"test-code":{"insertions":0,"deletions":1}}},{"hash":"92cd58cd08e5e5643ce17ac8886407872893975a","isMergeCommit":false,"messageTitle":"Update InternshipDeleteCommandParserTest.java","messageBody":"","fileTypesAndContributionMap":{"test-code":{"insertions":4,"deletions":2}}},{"hash":"81175cf42ca57a566055b4ff50bf683ea2d638ac","isMergeCommit":false,"messageTitle":"Update InternshipDeleteCommand.java","messageBody":"Rectified based on local working gradle checks","fileTypesAndContributionMap":{"functional-code":{"insertions":1,"deletions":1}}},{"hash":"306720f91b0b45a53e0e1fb9d1f309615d375d5e","isMergeCommit":false,"messageTitle":"Update InternshipDeleteCommandTest.java","messageBody":"Rectified based on local working gradle checks","fileTypesAndContributionMap":{"test-code":{"insertions":1,"deletions":1}}},{"hash":"1797f41509b7039fe460748793958de7fae54c55","isMergeCommit":false,"messageTitle":"Update InternshipDeleteCommandParserTest.java","messageBody":"Rectified based on local working gradle checks","fileTypesAndContributionMap":{"test-code":{"insertions":5,"deletions":6}}},{"hash":"dc7f3a4131f4cc695cd5d68b0de84bfc078da049","isMergeCommit":false,"messageTitle":"update-delete-command","messageBody":"","fileTypesAndContributionMap":{"functional-code":{"insertions":5,"deletions":4},"test-code":{"insertions":6,"deletions":6}}},{"hash":"3fc5164eb734fd6e8f0681ec9b1a4aa65705915a","isMergeCommit":true,"messageTitle":"Merge pull request #103 from CaptainKeqing/clearExitHelpList","messageBody":"Add Clear, Exit, Help, List commands using internship","fileTypesAndContributionMap":{}},{"hash":"a857035ad999a7873ab41c8c711810ac32bdb89f","isMergeCommit":false,"messageTitle":"Update InternshipAddCommand.java","messageBody":"Rectifications based on local working gradle checks","fileTypesAndContributionMap":{"functional-code":{"insertions":2,"deletions":1}}},{"hash":"11fec1f8cece2916c75d719817cccb3ed6f8c80e","isMergeCommit":false,"messageTitle":"Update InternshipAddCommandIntegrationTest.java","messageBody":"Rectifications based on local working gradle checks","fileTypesAndContributionMap":{"test-code":{"insertions":1,"deletions":1}}},{"hash":"1121093ab34a81436bf12f263f00dae03d466156","isMergeCommit":false,"messageTitle":"Update InternshipAddCommandTest.java","messageBody":"Rectifications based on local working gradle checks","fileTypesAndContributionMap":{"test-code":{"insertions":3,"deletions":3}}},{"hash":"b38d71a70e9b518abc8ea341121cd4711b9058c7","isMergeCommit":false,"messageTitle":"Update InternshipCommandTestUtil.java","messageBody":"Rectifications based on local working gradle checks","fileTypesAndContributionMap":{"test-code":{"insertions":5,"deletions":5}}},{"hash":"c20b08b5b5da8f3d4c32cc389917c3766bafbd3d","isMergeCommit":false,"messageTitle":"Update TypicalInternships.java","messageBody":"Rectifications based on local working gradle checks","fileTypesAndContributionMap":{"test-code":{"insertions":16,"deletions":0}}},{"hash":"17ceafb8c88cf5f42e3590f0af2f4ebcb782f415","isMergeCommit":false,"messageTitle":"Update InternshipBuilder.java","messageBody":"Rectifications based on local working gradle checks","fileTypesAndContributionMap":{"test-code":{"insertions":6,"deletions":6}}},{"hash":"b7149b9d0217d345595d29921e85957cbbef0780","isMergeCommit":true,"messageTitle":"Merge branch \u0027AY2324S2-CS2103T-W11-1:master\u0027 into update-add-command","messageBody":"","fileTypesAndContributionMap":{}},{"hash":"76d57ea66bcc4aed31428000d79b154984f199c4","isMergeCommit":false,"messageTitle":"Update InternshipAddCommandParserTest.java","messageBody":"","fileTypesAndContributionMap":{"test-code":{"insertions":216,"deletions":134}}},{"hash":"4eee4789a62fb332c9fce8b2c9757f981147fe7e","isMergeCommit":false,"messageTitle":"Update TypicalInternships.java","messageBody":"","fileTypesAndContributionMap":{"test-code":{"insertions":14,"deletions":0}}},{"hash":"0037feaac52f7114e8d868a8725738fdf841bbc4","isMergeCommit":false,"messageTitle":"Update InternshipAddCommandTest.java","messageBody":"","fileTypesAndContributionMap":{"test-code":{"insertions":8,"deletions":8}}},{"hash":"2e62f699662c7f3ec67d7a6fa26fabd3159e9379","isMergeCommit":false,"messageTitle":"update-delete-command","messageBody":"","fileTypesAndContributionMap":{"functional-code":{"insertions":2,"deletions":2},"test-code":{"insertions":2,"deletions":2}}},{"hash":"f832e0882f17f7b50d3c60cbf288251021057e11","isMergeCommit":true,"messageTitle":"Merge branch \u0027AY2324S2-CS2103T-W11-1:master\u0027 into update-delete-command","messageBody":"","fileTypesAndContributionMap":{}},{"hash":"d7b13afa2c0404abf7448cf7fd7ece4d9527d2eb","isMergeCommit":false,"messageTitle":"Update InternshipDeleteCommand.java","messageBody":"","fileTypesAndContributionMap":{"functional-code":{"insertions":2,"deletions":2}}},{"hash":"dd9825bae036757d41bc970591c465e63a3e6eca","isMergeCommit":false,"messageTitle":"Update InternshipDeleteCommandParser.java","messageBody":"","fileTypesAndContributionMap":{"functional-code":{"insertions":1,"deletions":1}}},{"hash":"bdd41e2ec360e4f1b162d62ba8f0035880502c5d","isMergeCommit":false,"messageTitle":"Update InternshipDeleteCommandParserTest.java","messageBody":"","fileTypesAndContributionMap":{"test-code":{"insertions":1,"deletions":1}}}]},{"date":"2024-03-17","commitResults":[{"hash":"22b83bae49736927b8eb27c0dca4c8ca461d4942","isMergeCommit":false,"messageTitle":"Update InternshipUtil.java","messageBody":"Changed Javadoc person -\u003e internship","fileTypesAndContributionMap":{"test-code":{"insertions":1,"deletions":1}}},{"hash":"53ba8575e9324bca58f8b2d66afd59542abdfeca","isMergeCommit":false,"messageTitle":"Update InternshipUtil.java","messageBody":"","fileTypesAndContributionMap":{"test-code":{"insertions":1,"deletions":1}}},{"hash":"6938fe96f683c1114be952ee2f3e0860bba5ae68","isMergeCommit":true,"messageTitle":"Merge pull request #110 from CaptainKeqing/branch-addTestUtilInternshipUtil","messageBody":"Add InternshipUtil under test utils","fileTypesAndContributionMap":{}}]},{"date":"2024-03-18","commitResults":[{"hash":"d84bf24d7dc925c407ffc4ffea855d3b586dc0d7","isMergeCommit":true,"messageTitle":"Merge pull request #114 from jieqiboh/uniqueinternshiplisttest","messageBody":"Update UniqueInternshipListTest","fileTypesAndContributionMap":{}},{"hash":"9b92bc8382fa1f7400bc4038ac8026837686e677","isMergeCommit":false,"messageTitle":"Addresses UI bugs","messageBody":"","fileTypesAndContributionMap":{"functional-code":{"insertions":22,"deletions":22}}}]},{"date":"2024-03-19","commitResults":[{"hash":"102579b7121a13b7a60fff6f6f9238bdf803528c","isMergeCommit":true,"messageTitle":"Merge pull request #118 from CaptainKeqing/fixInternshipEquals","messageBody":"Fix internship .equals() to check equality for all data fields, UniquePersonList to check for identity not equality","fileTypesAndContributionMap":{}}]},{"date":"2024-03-20","commitResults":[{"hash":"34148830cc2022eebdeea51cce790de2a13e196c","isMergeCommit":true,"messageTitle":"Merge pull request #124 from jieqiboh/ug-quickstart-save-remark","messageBody":"Update CommandSummary, Save and AddRemark section in UG","fileTypesAndContributionMap":{}},{"hash":"043ab76e924689841da3412f219052e4ea53c783","isMergeCommit":false,"messageTitle":"Update Add and Delete command sections in User Guide","messageBody":"","fileTypesAndContributionMap":{"docs":{"insertions":11,"deletions":7}}},{"hash":"d1f2871d843140670a4763ae828340fcd862ac2f","isMergeCommit":false,"messageTitle":"Spacing change","messageBody":"","fileTypesAndContributionMap":{"docs":{"insertions":1,"deletions":1}}}]},{"date":"2024-03-22","commitResults":[{"hash":"3ee0f60d17f6776dab3f6f4d29ad2bfdbc735668","isMergeCommit":false,"messageTitle":"Update UG formatting and certain sections","messageBody":"","fileTypesAndContributionMap":{"docs":{"insertions":33,"deletions":32}}},{"hash":"0ab97b238e4f06ed2336519068dce575ed93a7a4","isMergeCommit":true,"messageTitle":"Merge pull request #139 from CaptainKeqing/updateUGFind","messageBody":"Update User Guide for Find Command","fileTypesAndContributionMap":{}}]},{"date":"2024-03-23","commitResults":[{"hash":"8e514c87d6f95695983804546a482e836b2798ab","isMergeCommit":false,"messageTitle":"Add Task Class","messageBody":"","fileTypesAndContributionMap":{"functional-code":{"insertions":63,"deletions":0}}},{"hash":"9d6143a11400b3fdfcbd16a44daf5dd32ea8e97d","isMergeCommit":false,"messageTitle":"Addition of Task Class Tests","messageBody":"","fileTypesAndContributionMap":{"test-code":{"insertions":52,"deletions":0}}}]}],"LWS49":[{"date":"2024-03-02","commitResults":[{"hash":"e0dfe098e701efd2384527a36839a5448ae0dda2","isMergeCommit":true,"messageTitle":"Merge pull request #56 from CaptainKeqing/AddDonovanToAboutUs","messageBody":"Add Donovan\u0027s info to AboutUs.md","fileTypesAndContributionMap":{}},{"hash":"f7a40d4ab96fccfad99be89c49321ec4eda371de","isMergeCommit":false,"messageTitle":"add Wei Sheng in AboutUs","messageBody":"","fileTypesAndContributionMap":{"docs":{"insertions":12,"deletions":5}}},{"hash":"247c7c1ee1f0adbb035c9347d2ecf644c51ae31e","isMergeCommit":false,"messageTitle":"add edit to User Guide","messageBody":"","fileTypesAndContributionMap":{"docs":{"insertions":6,"deletions":8}}},{"hash":"7d66ac9b88950c33811f77e347be14e08cc86543","isMergeCommit":true,"messageTitle":"Merge branch \u0027master\u0027 into addEditToDG","messageBody":"","fileTypesAndContributionMap":{}},{"hash":"7da06ed18aae86d2e01a18fd6d2935e9e7d7bed0","isMergeCommit":true,"messageTitle":"Merge branch \u0027master\u0027 into addWeiShengtoAboutUs","messageBody":"","fileTypesAndContributionMap":{}},{"hash":"13a69643cb1112fd47c1cf97ec8093a93154c9e1","isMergeCommit":false,"messageTitle":"switch lws49 to lower case","messageBody":"","fileTypesAndContributionMap":{"docs":{"insertions":2,"deletions":2}}},{"hash":"c9b9b85ddea33ae388ca6127cf9d4bf478f005f9","isMergeCommit":true,"messageTitle":"resolve merge conflict","messageBody":"","fileTypesAndContributionMap":{}},{"hash":"b41d1cab66e54928d275e8b9f347ff2643c10488","isMergeCommit":false,"messageTitle":"update ReadMe","messageBody":"","fileTypesAndContributionMap":{"docs":{"insertions":12,"deletions":11}}},{"hash":"1ba6dd3fbb58e6f2410f56859a383a9dd218619a","isMergeCommit":true,"messageTitle":"Merge pull request #67 from theman-oj10/master","messageBody":"Update About me and UserGuide","fileTypesAndContributionMap":{}}]},{"date":"2024-03-04","commitResults":[{"hash":"28d9446a8ffb79ed473b2853517690357e5dfec2","isMergeCommit":false,"messageTitle":"added Glossary for DG","messageBody":"","fileTypesAndContributionMap":{"docs":{"insertions":4,"deletions":1}}},{"hash":"1c66844f034551a05e6fbde0fc8aa5717b90dbce","isMergeCommit":false,"messageTitle":"added Glossary for DG","messageBody":"","fileTypesAndContributionMap":{"docs":{"insertions":1,"deletions":1}}},{"hash":"1a24a7fa3472cfcd3ca91ca18433b650f80fe663","isMergeCommit":false,"messageTitle":"update site links for README","messageBody":"","fileTypesAndContributionMap":{"docs":{"insertions":2,"deletions":4}}}]},{"date":"2024-03-09","commitResults":[{"hash":"c1649bdaebd49d7ee137bc1474500cffdddbf70a","isMergeCommit":true,"messageTitle":"Merge branch \u0027master\u0027 into updateReadMe","messageBody":"","fileTypesAndContributionMap":{}}]},{"date":"2024-03-14","commitResults":[{"hash":"4e71037ad9cfea48e1546e0ea7125ca153347247","isMergeCommit":true,"messageTitle":"Merge pull request #95 from HM33-Stu/master","messageBody":"Updated CliSyntax For Commands","fileTypesAndContributionMap":{}},{"hash":"e4eed7af4e5434be510ff0a142df6ae5881a95cf","isMergeCommit":false,"messageTitle":"add InternshipMessages","messageBody":"","fileTypesAndContributionMap":{"functional-code":{"insertions":66,"deletions":0}}},{"hash":"33031d2758a4497f19b85d4326c3843129af50c0","isMergeCommit":false,"messageTitle":"add InternshipCommand","messageBody":"","fileTypesAndContributionMap":{"functional-code":{"insertions":20,"deletions":0}}},{"hash":"f8be0d6f1c2f59b9ddff31b9c9dbe39cb0ab9ed5","isMergeCommit":false,"messageTitle":"add InternshipEditCommand","messageBody":"","fileTypesAndContributionMap":{"functional-code":{"insertions":243,"deletions":0}}},{"hash":"1715ca6e90278e73079d47b67caa74ceecd704a2","isMergeCommit":false,"messageTitle":"add InternshipParserUtil","messageBody":"","fileTypesAndContributionMap":{"functional-code":{"insertions":157,"deletions":0}}},{"hash":"5f6d7bfb690badcb88149e4af519efddbbe64e79","isMergeCommit":false,"messageTitle":"add InternshipEditCommand","messageBody":"","fileTypesAndContributionMap":{"functional-code":{"insertions":2,"deletions":0}}},{"hash":"05b5aa49ca86fde63ae5a9acc1b2163dece8a9f6","isMergeCommit":true,"messageTitle":"Merge pull request #93 from jieqiboh/Add-JsonSerializableInternshipData","messageBody":"Finish adding support for Storage of Internships","fileTypesAndContributionMap":{}},{"hash":"57f6dc7b96a7eb4f620b8f060a1b92f60850d032","isMergeCommit":true,"messageTitle":"Merge branch \u0027master\u0027 into update-edit-command","messageBody":"","fileTypesAndContributionMap":{}},{"hash":"ad96cb3e5b160b7942b6e148ad5e57a5ef9f05eb","isMergeCommit":false,"messageTitle":"add CompanyNameContainsKeywordsPredicate","messageBody":"","fileTypesAndContributionMap":{"functional-code":{"insertions":45,"deletions":0}}},{"hash":"3e060b185bd916ad5b3893ad31c1b9d5d411c93f","isMergeCommit":false,"messageTitle":"add EditInternshipDescriptorBuilder","messageBody":"","fileTypesAndContributionMap":{"test-code":{"insertions":111,"deletions":0}}},{"hash":"1fe4d904bdaeb9f5f96e834e37fb347203a5790e","isMergeCommit":false,"messageTitle":"add InternshipCommandTestUtil","messageBody":"","fileTypesAndContributionMap":{"test-code":{"insertions":157,"deletions":0}}},{"hash":"8a9e188f96c4ef82c033cc2a4becdf9a40a26b70","isMergeCommit":false,"messageTitle":"add InternshipEditCommandParser","messageBody":"","fileTypesAndContributionMap":{"functional-code":{"insertions":101,"deletions":0}}},{"hash":"f50e973d8c0cb1ac0e52be57e17969634c36cb82","isMergeCommit":false,"messageTitle":"add InternshipEditCommandTest","messageBody":"","fileTypesAndContributionMap":{"test-code":{"insertions":186,"deletions":0}}},{"hash":"c30d0575edec07767a60906f0bb607814e94d0ff","isMergeCommit":false,"messageTitle":"add InternshipParser","messageBody":"","fileTypesAndContributionMap":{"functional-code":{"insertions":17,"deletions":0}}}]},{"date":"2024-03-15","commitResults":[{"hash":"89c6bee52b169807d87067f2b13d3c42e675f0be","isMergeCommit":false,"messageTitle":"add EOF","messageBody":"","fileTypesAndContributionMap":{"functional-code":{"insertions":1,"deletions":1}}},{"hash":"1ce7c9ed15b5c87f1a2f71415b1c31e08515fdaa","isMergeCommit":false,"messageTitle":"change location to valid location for AMY and BOB","messageBody":"","fileTypesAndContributionMap":{"test-code":{"insertions":2,"deletions":3}}},{"hash":"e36387bbec1a5bb7ff085793128f97c6b3071e22","isMergeCommit":false,"messageTitle":"update CommandTestUtil functions and Model to use internship class","messageBody":"","fileTypesAndContributionMap":{"test-code":{"insertions":68,"deletions":57}}},{"hash":"a5f57cccddbce2c25831a13664d301f40e4a1166","isMergeCommit":false,"messageTitle":"add InternshipTypicalIndexes","messageBody":"","fileTypesAndContributionMap":{"test-code":{"insertions":12,"deletions":0}}},{"hash":"4a4ea4fb74256075fb4a8c13b3572df5292d7f16","isMergeCommit":false,"messageTitle":"change to pass checkStyleTest","messageBody":"","fileTypesAndContributionMap":{"functional-code":{"insertions":67,"deletions":37},"test-code":{"insertions":5,"deletions":4}}},{"hash":"5b307bf659238fd0dbd13cc93b5f21155dd4b64f","isMergeCommit":true,"messageTitle":"Merge branch \u0027master\u0027 into update-edit-command","messageBody":"","fileTypesAndContributionMap":{}},{"hash":"99f08b42075ff944ab873b793206e3654d67e4ec","isMergeCommit":false,"messageTitle":"change isValidEmail to isValidContactEmail","messageBody":"","fileTypesAndContributionMap":{"functional-code":{"insertions":1,"deletions":1}}},{"hash":"6314d1a3da58956d75889235ce7bd5ecc195196a","isMergeCommit":false,"messageTitle":"update invalid fields based on message constraints","messageBody":"","fileTypesAndContributionMap":{"test-code":{"insertions":5,"deletions":5}}},{"hash":"eaae4fe8796619c7745e6773b2f949290969f7bd","isMergeCommit":false,"messageTitle":"add InternshipEditCommandParserTest","messageBody":"","fileTypesAndContributionMap":{"test-code":{"insertions":242,"deletions":0}}},{"hash":"016c469a105264586120d0a406d017456b747784","isMergeCommit":false,"messageTitle":"add InternshipCommandParserTestUtil","messageBody":"","fileTypesAndContributionMap":{"test-code":{"insertions":40,"deletions":0}}},{"hash":"6ff3ea669c9b0b0b1bf058705d8dcab6b4fa4058","isMergeCommit":false,"messageTitle":"replace Messages with InternshipMessages","messageBody":"","fileTypesAndContributionMap":{"test-code":{"insertions":27,"deletions":28}}},{"hash":"99d1368296c04a996aba05fb6471c5be6ba8e400","isMergeCommit":false,"messageTitle":"remove trailing whitespace","messageBody":"","fileTypesAndContributionMap":{"test-code":{"insertions":2,"deletions":2}}},{"hash":"f2693f2c7fdbcc5daca4e08be7b6f4eda8a399ee","isMergeCommit":false,"messageTitle":"update imports for checkstyleTest","messageBody":"","fileTypesAndContributionMap":{"test-code":{"insertions":4,"deletions":4}}},{"hash":"ca64a320beebe551124e8a2c23c07118eed4f90d","isMergeCommit":false,"messageTitle":"remove parseTagsForEdit","messageBody":"","fileTypesAndContributionMap":{"functional-code":{"insertions":0,"deletions":15}}},{"hash":"32ceee64edd56a89b6a2d555702c5624d99a9aa7","isMergeCommit":false,"messageTitle":"update javadocs","messageBody":"","fileTypesAndContributionMap":{"functional-code":{"insertions":7,"deletions":7},"test-code":{"insertions":3,"deletions":3}}},{"hash":"e06bf3acdb690b8ec09ff465a5009e422fffe79b","isMergeCommit":false,"messageTitle":"remove unused imports","messageBody":"","fileTypesAndContributionMap":{"functional-code":{"insertions":0,"deletions":6}}}]},{"date":"2024-03-17","commitResults":[{"hash":"ad9780e104496e8a4f501c37ff3263c77443515a","isMergeCommit":true,"messageTitle":"Merge pull request #111 from CaptainKeqing/logicManagerAndInternshipDataParser","messageBody":"Logic manager and internship data parser","fileTypesAndContributionMap":{}}]},{"date":"2024-03-18","commitResults":[{"hash":"fd19a7511c95b70640ccc1713dd19313ab34b4b8","isMergeCommit":true,"messageTitle":"Merge pull request #107 from theman-oj10/master","messageBody":"Implement InternshipUserPrefs","fileTypesAndContributionMap":{}},{"hash":"d46115556a317571a7fac0f683c64a742b369534","isMergeCommit":false,"messageTitle":"replace ReadOnlyUserPrefs with ReadOnlyInternshipUserPrefs in InternshipAddCommandTest","messageBody":"","fileTypesAndContributionMap":{"test-code":{"insertions":3,"deletions":3}}},{"hash":"bdb5251dab4f98d5dcf1daedc03365d898be8bb1","isMergeCommit":false,"messageTitle":"add InternshipMainWindow","messageBody":"","fileTypesAndContributionMap":{"functional-code":{"insertions":196,"deletions":0}}},{"hash":"3d704d88f5cb341af0973f012f50e0c43ed82d9b","isMergeCommit":false,"messageTitle":"replace ReadOnlyUserPrefs with ReadOnlyInternshipUserPrefs in InternshipModel","messageBody":"","fileTypesAndContributionMap":{"functional-code":{"insertions":2,"deletions":2}}},{"hash":"5fb4b2ce0e241d4fd5202c02a72335c59a156479","isMergeCommit":false,"messageTitle":"replace ReadOnlyUserPrefs with ReadOnlyInternshipUserPrefs in InternshipModel","messageBody":"","fileTypesAndContributionMap":{"functional-code":{"insertions":8,"deletions":8}}},{"hash":"49f181da6f4a9d7feedb34d0edab655e9875b2ee","isMergeCommit":false,"messageTitle":"add InternshipUiManager","messageBody":"","fileTypesAndContributionMap":{"functional-code":{"insertions":88,"deletions":0}}},{"hash":"035f5d29372ad59d82f0875635effb4d08a5e72b","isMergeCommit":false,"messageTitle":"replace userPrefs with InternshipUserPrefs in JsonUserPrefsStorage","messageBody":"","fileTypesAndContributionMap":{"functional-code":{"insertions":6,"deletions":6}}},{"hash":"aff693871657672bd0e808e6f891e287f3548a7c","isMergeCommit":false,"messageTitle":"replace userPrefs with InternshipUserPrefs in JsonUserPrefsStorageTest","messageBody":"","fileTypesAndContributionMap":{"test-code":{"insertions":14,"deletions":13}}},{"hash":"6047249c5dc3da11dbbffbaef9dff192d35c6e83","isMergeCommit":false,"messageTitle":"replace personListPanelPlaceholder with internshipListPanelPlaceholder in MainWindow","messageBody":"","fileTypesAndContributionMap":{"functional-code":{"insertions":1,"deletions":1}}},{"hash":"33e50d751bc7c0b5abe36c2766db3040974877d1","isMergeCommit":false,"messageTitle":"replace UserPrefs with InternshipUserPrefs in Storage","messageBody":"","fileTypesAndContributionMap":{"functional-code":{"insertions":5,"deletions":6}}},{"hash":"a2bb13e81e4a670aaa760e2d47d60b4e28f5d544","isMergeCommit":false,"messageTitle":"replace UserPrefs with InternshipUserPrefs in Storage","messageBody":"","fileTypesAndContributionMap":{"functional-code":{"insertions":4,"deletions":4}}},{"hash":"3d7dfae15acaf3a5602c19a9786f6fc3b85a953b","isMergeCommit":false,"messageTitle":"replace UserPrefs with InternshipUserPrefs in UserPrefsStorage","messageBody":"","fileTypesAndContributionMap":{"functional-code":{"insertions":4,"deletions":4}}},{"hash":"8c9be76751c860a14f6d5dcd6c39702fb907346b","isMergeCommit":false,"messageTitle":"update MainApp to use Internship files","messageBody":"","fileTypesAndContributionMap":{"functional-code":{"insertions":39,"deletions":39}}},{"hash":"e1817dfba6dcf984a0e41b9531c8d673859cbff9","isMergeCommit":false,"messageTitle":"replace UserPrefs with InternshipUserPrefs in StorageManagerTest","messageBody":"","fileTypesAndContributionMap":{"test-code":{"insertions":3,"deletions":6}}},{"hash":"fd3b52ee5d3dbf59b4ce46358185163021befba6","isMergeCommit":false,"messageTitle":"replace UserPrefs with InternshipUserPrefs in test cases","messageBody":"","fileTypesAndContributionMap":{"test-code":{"insertions":43,"deletions":35}}},{"hash":"f881a5569485ccd6ef480b7568c1e75b74089346","isMergeCommit":false,"messageTitle":"remove AddCommand and related files","messageBody":"","fileTypesAndContributionMap":{"functional-code":{"insertions":0,"deletions":145},"test-code":{"insertions":0,"deletions":448}}},{"hash":"e6fee6d9da8010ff908ffdcac2e8192ef1e1ec18","isMergeCommit":false,"messageTitle":"remove ClearCommand and related files","messageBody":"","fileTypesAndContributionMap":{"functional-code":{"insertions":0,"deletions":23},"test-code":{"insertions":0,"deletions":32}}},{"hash":"c3e6b3d99642f797e97d7a8089cb7d895aa293a7","isMergeCommit":false,"messageTitle":"remove DeleteCommand and related files","messageBody":"","fileTypesAndContributionMap":{"functional-code":{"insertions":0,"deletions":98},"test-code":{"insertions":0,"deletions":152}}},{"hash":"1a03d422cf4c5ce3e1f03c65ae4e75e4716f0909","isMergeCommit":false,"messageTitle":"remove FindCommand and related files","messageBody":"","fileTypesAndContributionMap":{"functional-code":{"insertions":0,"deletions":91},"test-code":{"insertions":0,"deletions":125}}},{"hash":"fffafa46f29b34abb2aaf5a8bf36ab7102fe4356","isMergeCommit":false,"messageTitle":"remove ListCommand and related files","messageBody":"","fileTypesAndContributionMap":{"functional-code":{"insertions":0,"deletions":24},"test-code":{"insertions":0,"deletions":39}}},{"hash":"a81f00f757992107a3a4ad2d116d42be16438c2c","isMergeCommit":false,"messageTitle":"remove LogicManager and related files","messageBody":"","fileTypesAndContributionMap":{"functional-code":{"insertions":0,"deletions":88},"test-code":{"insertions":0,"deletions":175}}},{"hash":"61c838f542d1fe27d87939c565318e51e0177852","isMergeCommit":false,"messageTitle":"remove HelpCommand and related files","messageBody":"","fileTypesAndContributionMap":{"functional-code":{"insertions":0,"deletions":21},"test-code":{"insertions":0,"deletions":20}}},{"hash":"25776e531d0230f09484a575604d9e40d860409a","isMergeCommit":false,"messageTitle":"replace ClearCommand with InternshipClearCommand in InternshipEditCommandTest","messageBody":"","fileTypesAndContributionMap":{"test-code":{"insertions":1,"deletions":1}}},{"hash":"af5b8c12183686d402e932767e9d860cdf1fee63","isMergeCommit":false,"messageTitle":"remove ExitCommand and related files","messageBody":"","fileTypesAndContributionMap":{"functional-code":{"insertions":0,"deletions":19},"test-code":{"insertions":0,"deletions":20}}},{"hash":"729dd702c71e6789c4aba760e91c3c2c9a3284eb","isMergeCommit":false,"messageTitle":"remove AddressBookParser and related files","messageBody":"","fileTypesAndContributionMap":{"functional-code":{"insertions":0,"deletions":86},"test-code":{"insertions":0,"deletions":101}}},{"hash":"1be2ce4f42ebf3c6e2913812a5e50762a38a519a","isMergeCommit":false,"messageTitle":"remove EditPersonDescriptorTest.java","messageBody":"","fileTypesAndContributionMap":{"test-code":{"insertions":0,"deletions":71}}},{"hash":"479b600255201f21df294f5a8bb3744bba4f890a","isMergeCommit":false,"messageTitle":"remove PersonUtil","messageBody":"","fileTypesAndContributionMap":{"test-code":{"insertions":0,"deletions":62}}},{"hash":"d61b61175f3c42d177840ddef2b7f3adaf17d5c4","isMergeCommit":false,"messageTitle":"replace ClearCommand with InternshipClearCommand in EditCommandTest","messageBody":"","fileTypesAndContributionMap":{"test-code":{"insertions":1,"deletions":1}}},{"hash":"42c866f192eeb42571ff5dbf635917fbee454d0f","isMergeCommit":false,"messageTitle":"replace filepath in InternshipModelManagerTest","messageBody":"","fileTypesAndContributionMap":{"test-code":{"insertions":1,"deletions":1}}},{"hash":"8ab42b9a6e3dec49b76dc3f51c9b6495c97122bc","isMergeCommit":false,"messageTitle":"replace filepath and update UserPref in JsonUserPrefsStorageTest","messageBody":"","fileTypesAndContributionMap":{"test-code":{"insertions":4,"deletions":4}}},{"hash":"c6897d6616b42165ca6158ce9f9548665818d00d","isMergeCommit":false,"messageTitle":"update import order for checkstyle","messageBody":"","fileTypesAndContributionMap":{"functional-code":{"insertions":1,"deletions":1}}},{"hash":"f85356ab966824a1c059a45cafbe8cbc0733fe27","isMergeCommit":false,"messageTitle":"update getTypicalUserPrefs","messageBody":"","fileTypesAndContributionMap":{"test-code":{"insertions":1,"deletions":1}}},{"hash":"80ecc77b96b74d740899d732cf985a7c9e94f609","isMergeCommit":false,"messageTitle":"replace InternshipMainWindow and InternshipUiManager with MainWindow and UiManager","messageBody":"","fileTypesAndContributionMap":{"functional-code":{"insertions":15,"deletions":299}}},{"hash":"33310b3d166907663e342960edeeb62f133c40ee","isMergeCommit":false,"messageTitle":"checkstyle","messageBody":"","fileTypesAndContributionMap":{"functional-code":{"insertions":1,"deletions":1}}},{"hash":"7e3256c939ae898f17656db9b7c64c276bee2dd5","isMergeCommit":false,"messageTitle":"replace address book with internship data in comments and variable names","messageBody":"","fileTypesAndContributionMap":{"functional-code":{"insertions":7,"deletions":6}}},{"hash":"780fa171a1ebf0713eeffeedfbec55cc3bf4c7d7","isMergeCommit":false,"messageTitle":"fix InternshipMessages to output in correct format","messageBody":"","fileTypesAndContributionMap":{"functional-code":{"insertions":10,"deletions":10}}},{"hash":"c2575cacba2cd2abb8ef4cc6675ab7ec65d19bf2","isMergeCommit":true,"messageTitle":"Merge pull request #113 from LWS49/activate-base-app","messageBody":"Activate base app","fileTypesAndContributionMap":{}}]},{"date":"2024-03-21","commitResults":[{"hash":"3e75aea5dcba655a383b860dc1149fdd8d680a50","isMergeCommit":true,"messageTitle":"Merge pull request #131 from CaptainKeqing/addInternshipFindCommand","messageBody":"Add internship find command","fileTypesAndContributionMap":{}},{"hash":"75281a82333331ad0d66e93e4571004521aadc2c","isMergeCommit":true,"messageTitle":"Merge pull request #123 from jieqiboh/add-remark-cmd","messageBody":"Add support for adding remarks to Internships","fileTypesAndContributionMap":{}},{"hash":"0daf45acb08afa97c854d61e9016443fe3a914e7","isMergeCommit":true,"messageTitle":"Merge pull request #132 from CaptainKeqing/addInternshipFindCommand","messageBody":"Fix main window title typo, Improve error message","fileTypesAndContributionMap":{}},{"hash":"e5adcb2cc89243fc5ae5207d89a9c010c0aec7fa","isMergeCommit":true,"messageTitle":"Merge pull request #127 from jieqiboh/storage-dg-puml","messageBody":"Refactor storage filenames, update Storage diagram in DG","fileTypesAndContributionMap":{}},{"hash":"bbf9e1c8290876b5ff904b185d2b9badb299c30c","isMergeCommit":true,"messageTitle":"Merge pull request #128 from HM33-Stu/ug-add-delete-edits","messageBody":"Update Add and Delete section in UG","fileTypesAndContributionMap":{}},{"hash":"c14f24dd308ad079378d9a5b2a8db9b5c2eb8948","isMergeCommit":true,"messageTitle":"Merge pull request #133 from CaptainKeqing/addInternshipFindCommand","messageBody":"Add user guide for internship find command","fileTypesAndContributionMap":{}},{"hash":"79e37e870bb6dcb8901c5e76d9a20fc7a14e6d3d","isMergeCommit":true,"messageTitle":"Merge pull request #134 from CaptainKeqing/addInternshipFindCommand","messageBody":"Fix typo","tags":["v1.2"],"fileTypesAndContributionMap":{}}]},{"date":"2024-03-23","commitResults":[{"hash":"c23da0cbcbe904dcb52bb88c71a03f17de8811aa","isMergeCommit":true,"messageTitle":"Merge pull request #140 from HM33-Stu/AddTaskClass","messageBody":"Add Task Class","fileTypesAndContributionMap":{}}]}],"theman-oj10":[{"date":"2024-03-02","commitResults":[{"hash":"0ab40778b566594cb320c101e9f7d2e2ada8e013","isMergeCommit":true,"messageTitle":"Merge pull request #58 from CaptainKeqing/AddNFRToDG","messageBody":"Add some non-functional requirements to Developer\u0027s Guide","fileTypesAndContributionMap":{}},{"hash":"9cbbf16385fe3aa3cb81551f69d4724feeea4431","isMergeCommit":false,"messageTitle":"Update About me and UserGuide","messageBody":"","fileTypesAndContributionMap":{"docs":{"insertions":23,"deletions":16}}}]},{"date":"2024-03-07","commitResults":[{"hash":"36c3bf8f3799b18bcdcc35c36fe9a0ad6f92f559","isMergeCommit":true,"messageTitle":"Merge pull request #74 from jieqiboh/Add-Skeletal-Internship","messageBody":"Add skeletal internship","fileTypesAndContributionMap":{}}]},{"date":"2024-03-12","commitResults":[{"hash":"618716d7278fd614cb3a125fc7687df9bfee7ad6","isMergeCommit":false,"messageTitle":"Refactor AddressBook as Internship Data, UniqueInternshipList and SampleDataUtil","messageBody":"","fileTypesAndContributionMap":{"functional-code":{"insertions":430,"deletions":94}}},{"hash":"5bdc53e3d5c2f192502c06df96ba648ecda66f0f","isMergeCommit":false,"messageTitle":"Update Location enum to be private","messageBody":"","fileTypesAndContributionMap":{"functional-code":{"insertions":1,"deletions":1}}},{"hash":"791e089892c7044af912495496c4379e7259c337","isMergeCommit":true,"messageTitle":"Merge pull request #85 from jieqiboh/AppnStatus-Location-Tests","messageBody":"Update toString method for ApplicationStatus and Location","fileTypesAndContributionMap":{}},{"hash":"0a6cf27e8494c589239d355282aad40a66f3b59c","isMergeCommit":true,"messageTitle":"Resolve Merge Conflicts","messageBody":"","fileTypesAndContributionMap":{}},{"hash":"b5fa82f73267025a400a6b688f497fb4fef99aaf","isMergeCommit":true,"messageTitle":"Merge remote-tracking branch \u0027origin/master\u0027","messageBody":"","fileTypesAndContributionMap":{}},{"hash":"863ee6de8c01581e84871b9754de6c647cde6058","isMergeCommit":false,"messageTitle":"Fix CI checks","messageBody":"","fileTypesAndContributionMap":{"functional-code":{"insertions":374,"deletions":81},"test-code":{"insertions":2,"deletions":2}}}]},{"date":"2024-03-13","commitResults":[{"hash":"1a0df6e8f2705b4b76fe7eb18529dca37bca0f39","isMergeCommit":false,"messageTitle":"Implement Tests and IntenrshipNotFound Exception","messageBody":"","fileTypesAndContributionMap":{"functional-code":{"insertions":22,"deletions":7},"test-code":{"insertions":387,"deletions":0}}},{"hash":"fe23cc3e6f156f57e24bd0ac7d30e4aadd0b9f21","isMergeCommit":false,"messageTitle":"Implement InternshipModelManagerTest and fix CheckStyle Errors","messageBody":"","fileTypesAndContributionMap":{"functional-code":{"insertions":1,"deletions":3},"test-code":{"insertions":110,"deletions":27}}},{"hash":"d34347bbe8e16cbb81fdce4611acf55dc3e609e5","isMergeCommit":false,"messageTitle":"Implement InternshipSampleDataUtilTest","messageBody":"","fileTypesAndContributionMap":{"functional-code":{"insertions":2,"deletions":2},"test-code":{"insertions":35,"deletions":0}}},{"hash":"ca6c680f246886cc78c9b21fec2503cb208ac17e","isMergeCommit":false,"messageTitle":"Add more test cases to improve code coverage","messageBody":"","fileTypesAndContributionMap":{"test-code":{"insertions":133,"deletions":14}}},{"hash":"392a63ada09904e41002318cd8ea2e5a715c3cdb","isMergeCommit":false,"messageTitle":"Fix access modifier of Enums","messageBody":"","fileTypesAndContributionMap":{"functional-code":{"insertions":5,"deletions":5}}},{"hash":"129758b88669dd7b7f047d1cd1e8e338acb47c0e","isMergeCommit":false,"messageTitle":"Add getters for Location and ApplicationStatus","messageBody":"","fileTypesAndContributionMap":{"functional-code":{"insertions":13,"deletions":0}}}]},{"date":"2024-03-14","commitResults":[{"hash":"9cdd668821568bf6b5996640ad0620c4c6309f9f","isMergeCommit":false,"messageTitle":"Update JavaDocs and Implement InternshipUserPrefs","messageBody":"","fileTypesAndContributionMap":{"functional-code":{"insertions":127,"deletions":24}}},{"hash":"78dc51730ffdce9bdb655bca9681350d1127d741","isMergeCommit":true,"messageTitle":"Fixed Merge conflicts","messageBody":"","fileTypesAndContributionMap":{}}]},{"date":"2024-03-16","commitResults":[{"hash":"58b42ee4dcafba7661fc132246121ec7e465863e","isMergeCommit":true,"messageTitle":"Merge remote-tracking branch \u0027Main/master\u0027","messageBody":"","fileTypesAndContributionMap":{}}]},{"date":"2024-03-17","commitResults":[{"hash":"9c63fad33592aae8376cc517ec66c6cc1bafc4f1","isMergeCommit":true,"messageTitle":"Merge remote-tracking branch \u0027Main/master\u0027","messageBody":"","fileTypesAndContributionMap":{}},{"hash":"9984035d4ffc659ba8dfe0ee033e96e86e8cf083","isMergeCommit":false,"messageTitle":"Refactor Tests for InternshipData","messageBody":"","fileTypesAndContributionMap":{"functional-code":{"insertions":13,"deletions":11},"test-code":{"insertions":124,"deletions":1}}},{"hash":"b991bb68474f1c4aeca2ebea00f84e1bb26be036","isMergeCommit":true,"messageTitle":"Merge pull request #109 from CaptainKeqing/branch-addSimpleFindCommands","messageBody":"Add simple find commands","fileTypesAndContributionMap":{}},{"hash":"d1eadb562cb20b6a0cec53b9cd5d6410406af3d9","isMergeCommit":true,"messageTitle":"Merge remote-tracking branch \u0027Main/master\u0027 ZZZZ","messageBody":"","fileTypesAndContributionMap":{}},{"hash":"e6b5b87dc19d7e57b4b4de584a13888159db1ec4","isMergeCommit":false,"messageTitle":"Update InternshipDataTest","messageBody":"","fileTypesAndContributionMap":{"functional-code":{"insertions":0,"deletions":1},"test-code":{"insertions":72,"deletions":100}}},{"hash":"7534a2fe209a27e7f8eeab4fda9c88c0316c7138","isMergeCommit":true,"messageTitle":"Merge remote-tracking branch \u0027Main/master\u0027 Resolving merge Conflicts","messageBody":"","fileTypesAndContributionMap":{}},{"hash":"020b11a1982b48ea1a495396a343ecaf98f37c29","isMergeCommit":false,"messageTitle":"Update InternshipData Tests","messageBody":"","fileTypesAndContributionMap":{"test-code":{"insertions":0,"deletions":25}}},{"hash":"32bdd76da6a094b3c4be7834e4a050f4343e93c2","isMergeCommit":false,"messageTitle":"Fix Checkstyle for Tests","messageBody":"","fileTypesAndContributionMap":{"test-code":{"insertions":9,"deletions":8}}},{"hash":"9d64c39b8f802f9433d96d82cbe16a462b57cfc4","isMergeCommit":false,"messageTitle":"Add more tests for InternshipUserPref","messageBody":"","fileTypesAndContributionMap":{"test-code":{"insertions":129,"deletions":3}}},{"hash":"c3790bc7883443a56fa3ca94e4c2ca7f330192a4","isMergeCommit":false,"messageTitle":"Add even more test cases","messageBody":"","fileTypesAndContributionMap":{"test-code":{"insertions":199,"deletions":0}}},{"hash":"1c940287385e1b63712b4258b251bc6241c5485d","isMergeCommit":false,"messageTitle":"Fix checkstyle","messageBody":"","fileTypesAndContributionMap":{"test-code":{"insertions":2,"deletions":1}}},{"hash":"598848584456ac79341f94b4ef6d12194cf31bca","isMergeCommit":false,"messageTitle":"Improve code coverage","messageBody":"","fileTypesAndContributionMap":{"test-code":{"insertions":51,"deletions":1}}},{"hash":"a95fd79f42bddf13409b29eeb80689257a3b5e7d","isMergeCommit":false,"messageTitle":"Fix checkstyle","messageBody":"","fileTypesAndContributionMap":{"test-code":{"insertions":2,"deletions":2}}}]},{"date":"2024-03-21","commitResults":[{"hash":"c89ce4d519cd722b67d54dc07dfb7ffa89807ad8","isMergeCommit":false,"messageTitle":"Update Model in DG","messageBody":"","fileTypesAndContributionMap":{"docs":{"insertions":46,"deletions":46}}},{"hash":"9cc242a2bb2a87f2d035d11b91e61cb1d61257c6","isMergeCommit":false,"messageTitle":"Further changes to DG","messageBody":"","fileTypesAndContributionMap":{"docs":{"insertions":20,"deletions":20}}},{"hash":"d015773a9d02d68b72d0799e6bed82a8b74cb7cf","isMergeCommit":true,"messageTitle":"Resolve merge conflicts","messageBody":"","fileTypesAndContributionMap":{}},{"hash":"a71ee3ce5d7ef50c45a858a6069b0922eb9f641d","isMergeCommit":false,"messageTitle":"Update Model Diagram in DG","messageBody":"","fileTypesAndContributionMap":{"docs":{"insertions":1,"deletions":1}}}]}],"CaptainKeqing":[{"date":"2024-03-01","commitResults":[{"hash":"311bc16eb0a8c0e86385091721332ae0d7809c78","isMergeCommit":true,"messageTitle":"Sync with team repo master","messageBody":"","fileTypesAndContributionMap":{}},{"hash":"eba4f964e44e36219ce3fcb4f1aa215b2b71b957","isMergeCommit":false,"messageTitle":"Update Donovan\u0027s info on AboutUs page","messageBody":"","fileTypesAndContributionMap":{"docs":{"insertions":15,"deletions":9}}},{"hash":"179c60565bff15d95db6710f2f72b0beea49816c","isMergeCommit":false,"messageTitle":"Add detailed view feature to UG","messageBody":"","fileTypesAndContributionMap":{"docs":{"insertions":9,"deletions":0}}},{"hash":"ee33402e78b725faa8e9f346b15b64bfa52e2aef","isMergeCommit":false,"messageTitle":"Add some non-functional requirements to Developer\u0027s Guide","messageBody":"","fileTypesAndContributionMap":{"docs":{"insertions":5,"deletions":1}}}]},{"date":"2024-03-02","commitResults":[{"hash":"68a002e78ec8e8fdb711a19b5a8e87a67a43da7e","isMergeCommit":false,"messageTitle":"Add Donovan\u0027s info to AboutUs.md","messageBody":"","fileTypesAndContributionMap":{"docs":{"insertions":13,"deletions":5}}},{"hash":"5729b68e59333c39188f5ef6c01e5931d0e9dc9c","isMergeCommit":false,"messageTitle":"Add detailed view feature to User Guide","messageBody":"","fileTypesAndContributionMap":{"docs":{"insertions":44,"deletions":29}}},{"hash":"6726574612d1e3fa7b0d4781a736639de31936e7","isMergeCommit":false,"messageTitle":"Add newline to EOF for UserGuide.md","messageBody":"","fileTypesAndContributionMap":{"docs":{"insertions":1,"deletions":1}}},{"hash":"2c5806b8efd469e82d947041264a74d61e60f131","isMergeCommit":false,"messageTitle":"Add newline to EOF for captainkeqing.md","messageBody":"","fileTypesAndContributionMap":{"docs":{"insertions":1,"deletions":1}}},{"hash":"a55599566ec7aa7bb3f2e1f96b9d2a03893bf2ff","isMergeCommit":false,"messageTitle":"Add some non-functional requirements to Developer\u0027s Guide","messageBody":"","fileTypesAndContributionMap":{"docs":{"insertions":86,"deletions":68}}},{"hash":"c1fb6a50ec79d8e493c0b0dda524a7c70c623d2c","isMergeCommit":false,"messageTitle":"Fix old version of md not matching Jekyll","messageBody":"","fileTypesAndContributionMap":{"docs":{"insertions":51,"deletions":65}}},{"hash":"a8b4bc6fbe760c34572c4ce7c8d512da678a2129","isMergeCommit":false,"messageTitle":"Fix old version of md not matching Jekyll","messageBody":"","fileTypesAndContributionMap":{"docs":{"insertions":23,"deletions":29}}},{"hash":"0a6a1f9472751e7d0817f6ce1a7a03604ee066dd","isMergeCommit":true,"messageTitle":"Merge branch \u0027master\u0027 into AddInfoToAboutUs","messageBody":"","fileTypesAndContributionMap":{}},{"hash":"9fa42afc6dea7311b048d860ed099d1be5c175f7","isMergeCommit":true,"messageTitle":"Merge pull request #49 from HM33-Stu/AddInfoToAboutUs","messageBody":"Add Hari\u0027s information to AboutUs.md page","fileTypesAndContributionMap":{}},{"hash":"9dfd12d07af38016792fad0ab1788e1b85635776","isMergeCommit":true,"messageTitle":"Merge pull request #51 from HM33-Stu/AddUseCasesToDG","messageBody":"Add Use Cases (and Stories) To DG","fileTypesAndContributionMap":{}},{"hash":"2dba60f6e1198052f2a74b3391b9e2adcd41ff2a","isMergeCommit":true,"messageTitle":"Merge pull request #50 from HM33-Stu/AmendAddAndDeleteFeatureInUG","messageBody":"Amend Add and Delete details in the User Guide","fileTypesAndContributionMap":{}},{"hash":"9ed484d58160592c5d6a01b746ff2ca6dd92648b","isMergeCommit":true,"messageTitle":"Merge pull request #65 from LWS49/addEditToDG","messageBody":"add edit to User Guide","fileTypesAndContributionMap":{}}]},{"date":"2024-03-11","commitResults":[{"hash":"c66db0f78c429309794e4e509dd8c06ab7812e59","isMergeCommit":false,"messageTitle":"Rename fxml files and add labels for internship fields","messageBody":"","fileTypesAndContributionMap":{"other":{"insertions":5,"deletions":5}}},{"hash":"339432f31f3815f1d9dcdd18ad256c9ec43e8002","isMergeCommit":false,"messageTitle":"Delete PersonCard and PersonListPanel files","messageBody":"","fileTypesAndContributionMap":{"functional-code":{"insertions":0,"deletions":108}}},{"hash":"05ed9d16987a39383bbdc3c06f60f443ff7e0e4f","isMergeCommit":false,"messageTitle":"Implement InternshipCard","messageBody":"","fileTypesAndContributionMap":{"functional-code":{"insertions":109,"deletions":0}}},{"hash":"2492bb2a87015b29b5c1077fab88332ff56e632e","isMergeCommit":false,"messageTitle":"Implement InternshipListPanel","messageBody":"","fileTypesAndContributionMap":{"functional-code":{"insertions":49,"deletions":0}}},{"hash":"4bb1518658ed58795002e6f78ebd84e59df268f2","isMergeCommit":false,"messageTitle":"Remove unused import and tweak poc label name","messageBody":"","fileTypesAndContributionMap":{"functional-code":{"insertions":1,"deletions":2}}}]},{"date":"2024-03-13","commitResults":[{"hash":"704616e988443a31801d7a1c48f4440f8f68ab70","isMergeCommit":false,"messageTitle":"Update Internship.java","messageBody":"Remove stray getName function","fileTypesAndContributionMap":{"functional-code":{"insertions":0,"deletions":4}}},{"hash":"05d111d4d7fbd723f936908a4f1e47d1e28f917f","isMergeCommit":true,"messageTitle":"Merge pull request #89 from theman-oj10/master","messageBody":"Refactor AddressBook as InternshipData","fileTypesAndContributionMap":{}},{"hash":"4826f3e93e597efeb1e86b43fefa3965ef5bc1b2","isMergeCommit":true,"messageTitle":"Merge branch \u0027master\u0027 into viewInternships","messageBody":"","fileTypesAndContributionMap":{}},{"hash":"1e6a473525383ed1538ce8084ff5160dce58e609","isMergeCommit":false,"messageTitle":"Add javadocs and change access of applicationStatus to use getter","messageBody":"","fileTypesAndContributionMap":{"functional-code":{"insertions":38,"deletions":2}}},{"hash":"2d61d527a73978b34245abf8e8931592bc3ba6ad","isMergeCommit":true,"messageTitle":"Merge pull request #88 from jieqiboh/Json-Adapted-Internship","messageBody":"Add JsonAdaptedInternship And Update Description and Role isValid methods","fileTypesAndContributionMap":{}},{"hash":"8aeb581d3898b807343d96c776178e8754e7b08d","isMergeCommit":true,"messageTitle":"Merge branch \u0027master\u0027 into viewInternships","messageBody":"","fileTypesAndContributionMap":{}},{"hash":"d8c5bc3a9f1e3255a8d36a8955fa3eff738e62bf","isMergeCommit":false,"messageTitle":"Rename fxml id location to loc","messageBody":"","fileTypesAndContributionMap":{"functional-code":{"insertions":25,"deletions":1},"other":{"insertions":2,"deletions":2}}},{"hash":"ef33b32719270bb6b46142433a6e1758d0dd539c","isMergeCommit":false,"messageTitle":"Add back Person files","messageBody":"","fileTypesAndContributionMap":{"functional-code":{"insertions":108,"deletions":0}}},{"hash":"0de93fb96f11140e6d29788e6c0602f5c593f1da","isMergeCommit":false,"messageTitle":"Add newline to EOF","messageBody":"","fileTypesAndContributionMap":{"functional-code":{"insertions":2,"deletions":3}}}]},{"date":"2024-03-14","commitResults":[{"hash":"96ca80574e395887aaa787211426e54df1c1c92e","isMergeCommit":false,"messageTitle":"Re-add person fxml files","messageBody":"","fileTypesAndContributionMap":{"functional-code":{"insertions":44,"deletions":0}}},{"hash":"ae6faa25eca8f9b221faf6ea095332db2b525121","isMergeCommit":false,"messageTitle":"Fix FXML string typo, rename variable to loc to match fxml","messageBody":"","fileTypesAndContributionMap":{"functional-code":{"insertions":5,"deletions":5}}},{"hash":"ad90777ce6be4bc4c919ff24b6b6619002b1c579","isMergeCommit":false,"messageTitle":"Fix typo in InternshipListPanel javadocs and fxml fx:id","messageBody":"","fileTypesAndContributionMap":{"functional-code":{"insertions":2,"deletions":2}}},{"hash":"f118890629ad0e5a38692510334e07eb3b465f6e","isMergeCommit":false,"messageTitle":"Add newline to EOF","messageBody":"","fileTypesAndContributionMap":{"functional-code":{"insertions":2,"deletions":2}}},{"hash":"620a9997b69493264ec04dffc4375d2db177276f","isMergeCommit":true,"messageTitle":"Merge pull request #99 from jieqiboh/test-email-number-internship","messageBody":"Add tests, change isSamePerson and refactor isValidContactEmail","fileTypesAndContributionMap":{}}]},{"date":"2024-03-15","commitResults":[{"hash":"242efdd07d7dea0446cb06cdc58eaa22a526c8f6","isMergeCommit":true,"messageTitle":"Merge pull request #98 from LWS49/update-edit-command","messageBody":"add InternshipEditCommand","fileTypesAndContributionMap":{}},{"hash":"d4202fe886c9b968e32c699bf38a08d90c529a32","isMergeCommit":false,"messageTitle":"Create internship versions for Clear, Exit, Help, List commands","messageBody":"","fileTypesAndContributionMap":{"functional-code":{"insertions":87,"deletions":0}}},{"hash":"3c4c4c6cfbcd0bfb76774ceab476a401affe87cb","isMergeCommit":false,"messageTitle":"Add tests for Clear, Exit and Help","messageBody":"","fileTypesAndContributionMap":{"test-code":{"insertions":98,"deletions":0}}},{"hash":"7462472b9d7b216579098051a539d91509156f48","isMergeCommit":false,"messageTitle":"Add tests for List","messageBody":"","fileTypesAndContributionMap":{"test-code":{"insertions":46,"deletions":0}}},{"hash":"cbb4c261fecea918e2858a2f83735f1d3d69beef","isMergeCommit":false,"messageTitle":"Fix long line","messageBody":"","fileTypesAndContributionMap":{"test-code":{"insertions":4,"deletions":2}}}]},{"date":"2024-03-16","commitResults":[{"hash":"9cad1f0080971370694fdd288fdacf9b70a5f6b7","isMergeCommit":true,"messageTitle":"Merge pull request #104 from HM33-Stu/update-add-command","messageBody":"add InternshipAddCommand","fileTypesAndContributionMap":{}},{"hash":"1055c848a2aabf5579e8f2ae608f074786aca219","isMergeCommit":true,"messageTitle":"Merge pull request #106 from HM33-Stu/update-delete-command","messageBody":"add InternshipDeleteCommand","fileTypesAndContributionMap":{}},{"hash":"6c231589776f13a2ff439f7e966f01cd83e250a4","isMergeCommit":false,"messageTitle":"Create new InternshipDataParser","messageBody":"","fileTypesAndContributionMap":{"functional-code":{"insertions":86,"deletions":0}}},{"hash":"29072803452a1b32960430953d4da2bda32cb1f7","isMergeCommit":false,"messageTitle":"Add simple find command for internship company name","messageBody":"","fileTypesAndContributionMap":{"functional-code":{"insertions":59,"deletions":0}}},{"hash":"26d6bfb3c6391bf14f35032196a2039828fe8e22","isMergeCommit":false,"messageTitle":"Add parser for find command for internships","messageBody":"","fileTypesAndContributionMap":{"functional-code":{"insertions":32,"deletions":0}}},{"hash":"40159856b57e5a61eee2fdbad38eddd1d3c1a205","isMergeCommit":false,"messageTitle":"Add test for find command for internships","messageBody":"","fileTypesAndContributionMap":{"test-code":{"insertions":91,"deletions":0}}},{"hash":"23992ebd40afa381d5c291185c2b421ded1a87f4","isMergeCommit":false,"messageTitle":"Remove data parser, not relevant to this branch","messageBody":"","fileTypesAndContributionMap":{"functional-code":{"insertions":0,"deletions":86}}},{"hash":"99980b7e3699bbecc1f05c8e97b41925ebaa13bc","isMergeCommit":false,"messageTitle":"Add test for find command parser for internships","messageBody":"","fileTypesAndContributionMap":{"test-code":{"insertions":36,"deletions":0}}}]},{"date":"2024-03-17","commitResults":[{"hash":"5dc5853275a2b097d0104789c47e87f0e76025a5","isMergeCommit":false,"messageTitle":"Add internship logic","messageBody":"","fileTypesAndContributionMap":{"functional-code":{"insertions":50,"deletions":0}}},{"hash":"5dcdd88430a1e6fb6d669f422da7076f3c64514c","isMergeCommit":true,"messageTitle":"Merge branch \u0027master\u0027 into logicManagerAndInternshipDataParser","messageBody":"","fileTypesAndContributionMap":{}},{"hash":"bf2a799016b885a0d46fa3fd95625b66f65cdfae","isMergeCommit":false,"messageTitle":"Create internship data parser","messageBody":"This parser helps to parse all Internship related commands, by\neither calling their parser if more parsing is necessary, or\ndirectly creating the InternshipCommand object.\n","fileTypesAndContributionMap":{"functional-code":{"insertions":85,"deletions":0}}},{"hash":"4fdfae5e463bdaf0ba41bc5a0b962b796bc10a89","isMergeCommit":false,"messageTitle":"Create internship logic manager","messageBody":"","fileTypesAndContributionMap":{"functional-code":{"insertions":89,"deletions":0}}},{"hash":"87e50c5d7230664e4e5ea4f5069aa2f06f0a5579","isMergeCommit":false,"messageTitle":"Create InternshipUtil","messageBody":"This is a utility class for testing Internships. This allows us\nto get the user command necessary for creating an Internship.\n","fileTypesAndContributionMap":{"test-code":{"insertions":62,"deletions":0}}},{"hash":"be8ef0676e2a61563f7e0bd8f0d669db51758190","isMergeCommit":false,"messageTitle":"Fix asterisk import","messageBody":"","fileTypesAndContributionMap":{"test-code":{"insertions":8,"deletions":1}}},{"hash":"2554b337777491afa0901f567617db984d7b3a87","isMergeCommit":true,"messageTitle":"Merge branch \u0027master\u0027 into logicManagerAndInternshipDataParser","messageBody":"","fileTypesAndContributionMap":{}},{"hash":"1fd87726871fae07b294c06d0e5bb9d48d621cae","isMergeCommit":false,"messageTitle":"Add tests for internship data command parser","messageBody":"","fileTypesAndContributionMap":{"test-code":{"insertions":102,"deletions":0}}},{"hash":"0a89364af2122cfdff2448923f134b24e4d3e481","isMergeCommit":false,"messageTitle":"Add test for internship logic manager","messageBody":"","fileTypesAndContributionMap":{"test-code":{"insertions":170,"deletions":0}}},{"hash":"760d71379ab775618cedbc29fbd1e609771c79bc","isMergeCommit":false,"messageTitle":"Remove unused import","messageBody":"","fileTypesAndContributionMap":{"test-code":{"insertions":0,"deletions":1}}},{"hash":"9b37745dac94191883a8831fa6118ce3eab48cb2","isMergeCommit":false,"messageTitle":"Fix no whitespace between prefix and argument, cosmetic change","messageBody":"","fileTypesAndContributionMap":{"test-code":{"insertions":16,"deletions":16}}},{"hash":"c6c18b50dd0b8d1ef04db2573c743892b987091b","isMergeCommit":false,"messageTitle":"Fix long line checkstyle violation","messageBody":"","fileTypesAndContributionMap":{"functional-code":{"insertions":2,"deletions":1}}}]},{"date":"2024-03-19","commitResults":[{"hash":"ccccd080040470e86b8195f9496bd6379f21d07e","isMergeCommit":false,"messageTitle":"Update InternshipAddCommand.java","messageBody":"fix typo","fileTypesAndContributionMap":{"functional-code":{"insertions":1,"deletions":1}}},{"hash":"257e3b54b07adfb3af96a989663c2b31c6c9c06f","isMergeCommit":true,"messageTitle":"Merge pull request #117 from HM33-Stu/update-add-command","messageBody":"Resolve Add Command UI-related Bugs","fileTypesAndContributionMap":{}},{"hash":"586802e8d7cbd1732615dd52b0bd66bc8293ec4f","isMergeCommit":false,"messageTitle":"Fix internship .equals() to check equality for all data fields","messageBody":"","fileTypesAndContributionMap":{"functional-code":{"insertions":6,"deletions":2}}},{"hash":"4c5e82e2946cc9762184443862a3fbed95ff58d0","isMergeCommit":false,"messageTitle":"Fix .contains() method bug","messageBody":"The contains method for UniqueInternshipList is used to check\nfor unique internships. Internship has some identity fields,\nnamely companyName, location, role and description.\n\nCurrently, the .contains() method actually uses the stronger\ndefinition of equality defined in Internship, which checks for\nthe equality of all data fields.\n\nLet\u0027s change .contains() to use .isSameInternship() in Internship\nthat only checks for equality for the identity fields.\n","fileTypesAndContributionMap":{"functional-code":{"insertions":2,"deletions":1}}},{"hash":"4c2407df9e5b76550741e25f830e2b0073b38ecf","isMergeCommit":false,"messageTitle":"Specify identify fields in javadoc","messageBody":"","fileTypesAndContributionMap":{"functional-code":{"insertions":1,"deletions":1}}},{"hash":"086c15fd8671a7a46be02d6a24da6ce28f0128d3","isMergeCommit":false,"messageTitle":"Add tests for Internship","messageBody":"","fileTypesAndContributionMap":{"test-code":{"insertions":59,"deletions":1}}},{"hash":"a1e902efd6ecb2d72d4dfdc7cc696d44b763ce06","isMergeCommit":false,"messageTitle":"Add test for equals() method","messageBody":"","fileTypesAndContributionMap":{"test-code":{"insertions":31,"deletions":0}}},{"hash":"2fad1b85c83d91f155ea02f3016029640f103278","isMergeCommit":false,"messageTitle":"Set result display box to wrap result text","messageBody":"Currently the text overflows and expands the text area, so\nthe user is unable to see the full error/result message\nunless he scrolls to the right with a mouse.\n\nIn light of efficiency purposes, it is better to have the text\nwrap around the text area so it will not extend horizontally\npast the border.\n\nLet\u0027s set the wrap text property to true for better user QOL.\n","fileTypesAndContributionMap":{"functional-code":{"insertions":7,"deletions":0}}},{"hash":"9ce0f66967cd930d44c01fe027e27f7cf6b45a77","isMergeCommit":false,"messageTitle":"Fix label colour styling to work","messageBody":"","fileTypesAndContributionMap":{"functional-code":{"insertions":10,"deletions":5}}},{"hash":"73430c58a0b34c4c024b1d105effde4d8153f480","isMergeCommit":false,"messageTitle":"Remove unused import","messageBody":"","fileTypesAndContributionMap":{"functional-code":{"insertions":0,"deletions":1}}},{"hash":"205f8e4db4302cf0b7536e2bdc5e92caa072f27c","isMergeCommit":false,"messageTitle":"Set potentially long labels to wrap","messageBody":"","fileTypesAndContributionMap":{"functional-code":{"insertions":3,"deletions":3}}}]},{"date":"2024-03-20","commitResults":[{"hash":"2723290fec2043fea2e5512ca895e96d6083376f","isMergeCommit":false,"messageTitle":"Create predicate to test internship for keywords","messageBody":"","fileTypesAndContributionMap":{"functional-code":{"insertions":125,"deletions":0}}}]},{"date":"2024-03-21","commitResults":[{"hash":"75c47c730c7c5c5457cc36dab801fc2548d8f9fd","isMergeCommit":false,"messageTitle":"Update InternshipFindCommand to use all fields predicate","messageBody":"","fileTypesAndContributionMap":{"functional-code":{"insertions":66,"deletions":50}}},{"hash":"6ffb6872f70a8a576f9cf9afca9b49d2bd244a5e","isMergeCommit":false,"messageTitle":"Add parser for find command","messageBody":"","fileTypesAndContributionMap":{"functional-code":{"insertions":50,"deletions":7}}},{"hash":"82e6f2de1c6e7bbf8e5ee69da07cefe7a5b87485","isMergeCommit":false,"messageTitle":"Add javadocs","messageBody":"","fileTypesAndContributionMap":{"functional-code":{"insertions":9,"deletions":2}}},{"hash":"11e4c43675639735498a1d695465b68fe8779fd3","isMergeCommit":false,"messageTitle":"Fix stream processing bug for fields with \u003e1 words","messageBody":"","fileTypesAndContributionMap":{"functional-code":{"insertions":12,"deletions":12}}},{"hash":"3e443cae2fba9f3f39648790f2c93b415eb833df","isMergeCommit":false,"messageTitle":"Add find command test","messageBody":"","fileTypesAndContributionMap":{"test-code":{"insertions":67,"deletions":21}}},{"hash":"647e82c716281ece389a637b940e7e8ada946144","isMergeCommit":false,"messageTitle":"Modify data parser test for new find command syntax","messageBody":"","fileTypesAndContributionMap":{"test-code":{"insertions":10,"deletions":8}}},{"hash":"042ade9065c1f2bbcace577425f992968d860c40","isMergeCommit":false,"messageTitle":"Add test for internship find command parser","messageBody":"","fileTypesAndContributionMap":{"test-code":{"insertions":27,"deletions":7}}},{"hash":"d63d7da17a7192ac97022b401815baccf9961df3","isMergeCommit":false,"messageTitle":"Fix checkstyle","messageBody":"","fileTypesAndContributionMap":{"test-code":{"insertions":5,"deletions":4}}},{"hash":"cc488efeb758d37a16f8b5993a72e38089534e9f","isMergeCommit":false,"messageTitle":"Fix bug where validCompanyName rejects 2+ word names","messageBody":"","fileTypesAndContributionMap":{"functional-code":{"insertions":1,"deletions":1},"test-code":{"insertions":89,"deletions":0}}},{"hash":"abf8e32834f61372fc911864996f50d2b31634bb","isMergeCommit":false,"messageTitle":"Add isMatchAll field to equals and toString","messageBody":"","fileTypesAndContributionMap":{"functional-code":{"insertions":10,"deletions":7}}},{"hash":"4c6d9ff3ab7cdc116634763baca25a4e648c996d","isMergeCommit":false,"messageTitle":"Fix typo in test case setting isMatchAll wrongly","messageBody":"","fileTypesAndContributionMap":{"test-code":{"insertions":1,"deletions":1}}},{"hash":"3ceb4a97b24ea5b0616f876391b257a261f6c2da","isMergeCommit":false,"messageTitle":"Add tests for intership predicate","messageBody":"","fileTypesAndContributionMap":{"test-code":{"insertions":55,"deletions":39}}},{"hash":"1d59c9f3736afa4a1dcddb76a2dde51fd26c8e4a","isMergeCommit":false,"messageTitle":"Fix checkstyle","messageBody":"","fileTypesAndContributionMap":{"test-code":{"insertions":0,"deletions":9}}},{"hash":"9e3110136d325716c63a5d75630902cc8d30c92f","isMergeCommit":false,"messageTitle":"Improve error message","messageBody":"","fileTypesAndContributionMap":{"functional-code":{"insertions":9,"deletions":5}}},{"hash":"4ff5f7fecc9a945eb9f1832b5b1929dd89cbb03f","isMergeCommit":false,"messageTitle":"Fix test case string input","messageBody":"","fileTypesAndContributionMap":{"test-code":{"insertions":1,"deletions":1}}},{"hash":"45a33e55917d8b278e7388e49a1ea31f18f5be66","isMergeCommit":false,"messageTitle":"Change main window to show CareerSync","messageBody":"","fileTypesAndContributionMap":{"functional-code":{"insertions":1,"deletions":1}}},{"hash":"fe23adf660c8415251ad0b4b52a9b11ea7bf34fd","isMergeCommit":false,"messageTitle":"Add user guide for find","messageBody":"","fileTypesAndContributionMap":{"docs":{"insertions":17,"deletions":12}}},{"hash":"9512d0789d5c55d9349dd98bca583f5874e8188b","isMergeCommit":true,"messageTitle":"Merge branch \u0027master\u0027 into addInternshipFindCommand","messageBody":"","fileTypesAndContributionMap":{}},{"hash":"9e1de58cee6b6c929862c5174b604155b0e920b2","isMergeCommit":false,"messageTitle":"Fix typo","messageBody":"","fileTypesAndContributionMap":{"docs":{"insertions":1,"deletions":1}}}]},{"date":"2024-03-22","commitResults":[{"hash":"a94fe241df81b5eb47e9cac38f166e074c2471fc","isMergeCommit":false,"messageTitle":"Fix find command header link, remove whitespace at EOLs","messageBody":"","fileTypesAndContributionMap":{"docs":{"insertions":22,"deletions":22}}},{"hash":"8929e3cef5ddec5b24698c176a4901a759c01df4","isMergeCommit":true,"messageTitle":"Merge branch \u0027master\u0027 into updateUGFind","messageBody":"","fileTypesAndContributionMap":{}},{"hash":"2ef84efabf56b852d84bc042a384c3f909303174","isMergeCommit":false,"messageTitle":"Resolve all merge conflicts","messageBody":"","fileTypesAndContributionMap":{"docs":{"insertions":0,"deletions":18}}}]}]},"authorFileTypeContributionMap":{"jieqiboh":{"docs":195,"functional-code":1376,"test-code":1458,"other":679},"HM33-Stu":{"docs":220,"functional-code":325,"test-code":766},"LWS49":{"docs":29,"functional-code":717,"test-code":810},"theman-oj10":{"docs":83,"functional-code":715,"test-code":915},"CaptainKeqing":{"docs":38,"functional-code":764,"test-code":731}},"authorContributionVariance":{"jieqiboh":86698.664,"HM33-Stu":66247.445,"LWS49":284019.94,"theman-oj10":63366.684,"CaptainKeqing":31766.54},"authorDisplayNameMap":{"jieqiboh":"CS2103T-W11-1 BOH ..E QI","HM33-Stu":"CS2103T-W11-1 HARI..OHAN","LWS49":"CS2103T-W11-1 LOW ..HENG","theman-oj10":"CS2103T-W11-1 RAJE..NDER","CaptainKeqing":"CS2103T-W11-1 LOH ..OVAN"}}
