{"authorDailyContributionsMap":{"Darkarche3":[{"date":"2024-03-07","commitResults":[{"hash":"2a75a0f78b116de9b7cc9364d18ef57d35777d01","isMergeCommit":false,"messageTitle":"update ReadMe.","messageBody":"","fileTypesAndContributionMap":{"docs":{"insertions":6,"deletions":1}}},{"hash":"d1ed5495f7ec1c19e1b2c7dff458ca15b00d5ff7","isMergeCommit":false,"messageTitle":"update AboutUs","messageBody":"","fileTypesAndContributionMap":{"docs":{"insertions":47,"deletions":6}}},{"hash":"5ad5d020ee7782e4e41831fd57a682d2a3767dfa","isMergeCommit":false,"messageTitle":"update DG","messageBody":"","fileTypesAndContributionMap":{"docs":{"insertions":3,"deletions":0}}},{"hash":"e76e3dc021ff746dc6bf0fb0746d6789a1adfb7b","isMergeCommit":true,"messageTitle":"Merge pull request #34 from jinhanfromNUS/jinhanfromNUS-AboutUs","messageBody":"Update AboutUs.md","fileTypesAndContributionMap":{}},{"hash":"8500e70fbcffe68fbfc429ee4b4fe967412fe83a","isMergeCommit":true,"messageTitle":"Merge pull request #35 from meowwtama/branch-AboutUs","messageBody":"Update meowwtama.md","fileTypesAndContributionMap":{}},{"hash":"6ece8eb8d7dfdc2d09857b6bc780ec15186ad294","isMergeCommit":false,"messageTitle":"Update README.md","messageBody":"","fileTypesAndContributionMap":{"docs":{"insertions":1,"deletions":1}}},{"hash":"da720fe0e0299fa7e8929bbe088d2dabb255d403","isMergeCommit":true,"messageTitle":"Merge pull request #36 from Ty-stan0417/branch-Rename","messageBody":"Rename photo file name","fileTypesAndContributionMap":{}},{"hash":"8b2f015a8ab9c91fd1d01a688d99ab1f27c140d4","isMergeCommit":true,"messageTitle":"Merge branch \u0027AY2324S2-CS2103T-F11-2:master\u0027 into branch-update-BuildStatusBadge","messageBody":"","fileTypesAndContributionMap":{}},{"hash":"01af68bdfeeb7424e1b5bc03ccf8f26023833984","isMergeCommit":false,"messageTitle":"Update README.md","messageBody":"","fileTypesAndContributionMap":{"docs":{"insertions":2,"deletions":0}}}]},{"date":"2024-03-08","commitResults":[{"hash":"06c9b6630cf91b8450e6e8058f4ac68fa789f3f4","isMergeCommit":false,"messageTitle":"Update DG","messageBody":"","fileTypesAndContributionMap":{"docs":{"insertions":3,"deletions":1}}},{"hash":"37311b238ebe530b9cec1726af14eae0c68e3166","isMergeCommit":true,"messageTitle":"Merge pull request #40 from Darkarche3/branch-update-DG-ProductScope","messageBody":"Update DG","fileTypesAndContributionMap":{}},{"hash":"91f2814e9b350354676182064debed773d65f18c","isMergeCommit":true,"messageTitle":"Merge pull request #41 from jinhanfromNUS/branch-UpdateConfigYml","messageBody":"Update _config.yml","fileTypesAndContributionMap":{}}]},{"date":"2024-03-14","commitResults":[{"hash":"f8c91008b2d5c8d39ec84bd58ed3e27610e9cfac","isMergeCommit":false,"messageTitle":"Add Borrow.java","messageBody":"","fileTypesAndContributionMap":{"functional-code":{"insertions":207,"deletions":26},"other":{"insertions":1,"deletions":1},"test-code":{"insertions":79,"deletions":25}}}]},{"date":"2024-03-21","commitResults":[{"hash":"c3e515b0328e29e6abfe54228f5d5c212f0e728b","isMergeCommit":false,"messageTitle":"add images","messageBody":"","fileTypesAndContributionMap":{"other":{"insertions":1,"deletions":1}}},{"hash":"9613105e7edb3aef3a95935f2e66d51a83bf0793","isMergeCommit":true,"messageTitle":"Merge pull request #103 from jinhanfromNUS/branch-AddMeritScoreIntoUi","messageBody":"Enhance Ui","fileTypesAndContributionMap":{}},{"hash":"fbf07f8dd3d900d9f2edbb193104afdc4577bae1","isMergeCommit":false,"messageTitle":"update ModelClassDiagram","messageBody":"","fileTypesAndContributionMap":{"docs":{"insertions":7,"deletions":0}}},{"hash":"3721860484a775ac4e65f27eda711a60e315ebe0","isMergeCommit":true,"messageTitle":"Merge pull request #107 from meowwtama/branch-BorrowSequenceDiagramUml","messageBody":"Create BorrowSequenceDiagram.puml","fileTypesAndContributionMap":{}}]},{"date":"2024-03-22","commitResults":[{"hash":"c90653358b6ab2ee859b5c52b9cb8f3b36a6843c","isMergeCommit":true,"messageTitle":"Merge pull request #114 from Ty-stan0417/branch-Update_puml","messageBody":"Update MyBookshelfParser in puml files","fileTypesAndContributionMap":{}},{"hash":"d850ebf0335606a34b713dfa494c35189a513543","isMergeCommit":false,"messageTitle":"Add BorrowCommandParserTest","messageBody":"","fileTypesAndContributionMap":{"test-code":{"insertions":61,"deletions":0}}},{"hash":"f027aa3db9257a20a4bf0f01e69acf0526dfe45e","isMergeCommit":false,"messageTitle":"Fix BorrowCommandParserTest","messageBody":"","fileTypesAndContributionMap":{"docs":{"insertions":2,"deletions":2},"test-code":{"insertions":2,"deletions":3}}},{"hash":"e4f38df206682f3569be498fecb92eaa42fd30a9","isMergeCommit":false,"messageTitle":"Update BorrowCommandParserTest","messageBody":"","fileTypesAndContributionMap":{"test-code":{"insertions":1,"deletions":2}}}]},{"date":"2024-03-26","commitResults":[{"hash":"d6bff02989d49b67da57ff0c897dbd215024205a","isMergeCommit":true,"messageTitle":"Merge pull request #139 from meowwtama/branch-ReturnBook","messageBody":"Edited return book to allow for book parameters","fileTypesAndContributionMap":{}}]},{"date":"2024-03-28","commitResults":[{"hash":"5ccd0761c918fcf85e13599faac2eb3361ad7878","isMergeCommit":true,"messageTitle":"Merge pull request #148 from ashleyclx/branch-AddLibraryFunctionsInModel","messageBody":"Branch add library functions in model","fileTypesAndContributionMap":{}}]},{"date":"2024-03-29","commitResults":[{"hash":"01a16616b5bce1687800f9f0d25c1c11afe472da","isMergeCommit":true,"messageTitle":"Merge pull request #150 from Ty-stan0417/branch-UpdateDonate","messageBody":"Update DonateCommand","fileTypesAndContributionMap":{}},{"hash":"9b8672d74584e21920be43f7cfe08d370b4e2613","isMergeCommit":false,"messageTitle":"Enabled Assertions","messageBody":"","fileTypesAndContributionMap":{"other":{"insertions":4,"deletions":0}}}]}],"Ty-stan0417":[{"date":"2024-03-07","commitResults":[{"hash":"2a81328e1f2e0379b1db503abf76cdd24a7f30c8","isMergeCommit":false,"messageTitle":"Update use cases in DeveloperGuide.md","messageBody":"","fileTypesAndContributionMap":{"docs":{"insertions":11,"deletions":9}}},{"hash":"fc8a8f5d8f28e3064473320e129e623111bcbb86","isMergeCommit":true,"messageTitle":"Merge pull request #24 from jinhanfromNUS/branch-About-Us","messageBody":"Upload About Us image and add log","fileTypesAndContributionMap":{}},{"hash":"997881865dc39058598444943e2a99e4047a4e02","isMergeCommit":false,"messageTitle":"Update About Us Yi-Sheng","messageBody":"","fileTypesAndContributionMap":{"docs":{"insertions":51,"deletions":5}}},{"hash":"8c2aad7cb1acd58479089998b608c7055ed4b8cb","isMergeCommit":true,"messageTitle":"Merge pull request #28 from ashleyclx/branch-UserGuide1","messageBody":"Update UserGuide.md","fileTypesAndContributionMap":{}},{"hash":"6d07d94fd098e8cc587f0724af68c586a612d2ed","isMergeCommit":false,"messageTitle":"Update app details and example usage in README.md","messageBody":"","fileTypesAndContributionMap":{"docs":{"insertions":9,"deletions":2}}},{"hash":"6ad75ed05fbc6e4065aa0cb0c80d44a288b28034","isMergeCommit":false,"messageTitle":"Update Acknowledgement in README.md","messageBody":"","fileTypesAndContributionMap":{"docs":{"insertions":3,"deletions":4}}},{"hash":"f8ba5670d64e5879b1ff73e0dca4c4235a9a8f00","isMergeCommit":false,"messageTitle":"Rename photo file name","messageBody":"Remove sample from AboutUs.md\n","fileTypesAndContributionMap":{"docs":{"insertions":0,"deletions":10}}}]},{"date":"2024-03-15","commitResults":[{"hash":"9e1f15a8436b883b506eb5d970de98578c32898e","isMergeCommit":false,"messageTitle":"Update Ty-stan0417.md","messageBody":"","fileTypesAndContributionMap":{"docs":{"insertions":5,"deletions":3}}},{"hash":"783dc13b3becbfb94b92881fd7b1012071049e44","isMergeCommit":false,"messageTitle":"Update the files to follow the checkstyle: DeveloperGuide.md Darkarche3.md jinhanfromNUS.md AddressBookParser.java Borrow.java Person.java","messageBody":"","fileTypesAndContributionMap":{"functional-code":{"insertions":3,"deletions":4},"docs":{"insertions":4,"deletions":4}}},{"hash":"a958f2ddf9df2972e6bde8684ff5585521e75929","isMergeCommit":false,"messageTitle":"Follow the checkstyle","messageBody":"","fileTypesAndContributionMap":{"functional-code":{"insertions":37,"deletions":15},"test-code":{"insertions":1,"deletions":1}}},{"hash":"46b0d33de3f26d44bb6c2b22049094b64709eec0","isMergeCommit":false,"messageTitle":"Follow the checkstyle","messageBody":"","fileTypesAndContributionMap":{"test-code":{"insertions":14,"deletions":13}}}]},{"date":"2024-03-17","commitResults":[{"hash":"b0f021eb87e1a0514e6cf81d63327b34b3c12758","isMergeCommit":false,"messageTitle":"Add Donate Command","messageBody":"","fileTypesAndContributionMap":{"functional-code":{"insertions":135,"deletions":0}}},{"hash":"6fd3aa111e68db7b52f10c3cd27ef14a2db8aa19","isMergeCommit":false,"messageTitle":"Add Donate Command","messageBody":"","fileTypesAndContributionMap":{"functional-code":{"insertions":1,"deletions":1}}}]},{"date":"2024-03-18","commitResults":[{"hash":"3e4f39deeb2c41ae2e032c4ff1d67c9830433811","isMergeCommit":false,"messageTitle":"Update success message in BorrowCommand Update empty book title error message","messageBody":"","fileTypesAndContributionMap":{"functional-code":{"insertions":6,"deletions":5}}},{"hash":"5943ba761bb4c82fb22cde2ff652e326e1020405","isMergeCommit":true,"messageTitle":"Merge pull request #87 from jinhanfromNUS/branch-fixBorrowCommandBranch","messageBody":"Fix BorrowCommandTest","fileTypesAndContributionMap":{}},{"hash":"a3ff3cbc87fe8ad9174a40d1394251dad7adaff9","isMergeCommit":false,"messageTitle":"Add test cases for DonateCommand Add test cases for DonateCommandParser","messageBody":"Add Typical Person: Kepler\nThis Kepler person is used in donate test\n\nUpdate the message when booktitle is empty for borrow and donate\n","fileTypesAndContributionMap":{"functional-code":{"insertions":12,"deletions":4},"test-code":{"insertions":130,"deletions":1}}},{"hash":"edad89f7debad8506710a342dc5a936dd0c15fd3","isMergeCommit":true,"messageTitle":"Merge pull request #90 from jinhanfromNUS/fixCheckStyle","messageBody":"Fix check style and try bug fixing","fileTypesAndContributionMap":{}},{"hash":"82a8028abce61bd08fec7dc160632b915d4e5e39","isMergeCommit":false,"messageTitle":"Update below data document to pass JsonSerializableAddressBookTest:","messageBody":"duplicatePersonAddressBook.json\ninvalidPersonAddressBook.json\ntypicalPersonsAddressBook.json\nTypicalPersons.java\n","fileTypesAndContributionMap":{"test-code":{"insertions":16,"deletions":10}}},{"hash":"e25d9ccc2e95726f286cf57825ee2c130b93152b","isMergeCommit":false,"messageTitle":"Folllow checkstyle","messageBody":"","fileTypesAndContributionMap":{"test-code":{"insertions":2,"deletions":1}}},{"hash":"123ec8ffae5ca31dff505288aa128c4935910eef","isMergeCommit":false,"messageTitle":"Bug fixed about test cases","messageBody":"","fileTypesAndContributionMap":{"functional-code":{"insertions":25,"deletions":5},"test-code":{"insertions":4,"deletions":2}}},{"hash":"cb9b21e4d67ae1b1de9641f86c3fedd560a7254e","isMergeCommit":false,"messageTitle":"Remove comment in Model Manager","messageBody":"","fileTypesAndContributionMap":{"functional-code":{"insertions":0,"deletions":5}}}]},{"date":"2024-03-19","commitResults":[{"hash":"b161a548eb7334a093ebc6ef941918ac0a0a6d02","isMergeCommit":true,"messageTitle":"Merge pull request #95 from jinhanfromNUS/fixCheckStyle","messageBody":"Clean code","tags":["v1.2"],"fileTypesAndContributionMap":{}}]},{"date":"2024-03-22","commitResults":[{"hash":"db12dbf636dc84e357068b53c75b3ef2bdad4206","isMergeCommit":true,"messageTitle":"Merge pull request #110 from jinhanfromNUS/branch-puml","messageBody":"Update BetterModelClassDiagram puml","fileTypesAndContributionMap":{}},{"hash":"06160e7aaa8e2bdedee9c9172fd4dde08815a17b","isMergeCommit":false,"messageTitle":"Update MyBookshelfParser in puml files","messageBody":"","fileTypesAndContributionMap":{"docs":{"insertions":20,"deletions":20}}}]},{"date":"2024-03-25","commitResults":[{"hash":"8b79ddefc45887afabf07576e55b447f7997a9a1","isMergeCommit":false,"messageTitle":"Create BookList parent class","messageBody":"","fileTypesAndContributionMap":{"functional-code":{"insertions":13,"deletions":0}}},{"hash":"b1478ae8f45087fcbdac499754c2f7dd072850db","isMergeCommit":true,"messageTitle":"Merge pull request #123 from jinhanfromNUS/BookListMethods","messageBody":"Add methods to BookList","fileTypesAndContributionMap":{}},{"hash":"18c697c2c5293b13370f13a06a74783614cf34ee","isMergeCommit":false,"messageTitle":"Rename BookList to BookCollection","messageBody":"","fileTypesAndContributionMap":{"other":{"insertions":8,"deletions":8}}},{"hash":"833f57ac13c3926f21748818d3e16e9f2be87b81","isMergeCommit":false,"messageTitle":"Rename bookList to BookCollection","messageBody":"","fileTypesAndContributionMap":{"functional-code":{"insertions":32,"deletions":12}}},{"hash":"7996aee7ea002d22c0694fbeefb15cb7eda0bdad","isMergeCommit":false,"messageTitle":"Create Library Class","messageBody":"","fileTypesAndContributionMap":{"functional-code":{"insertions":62,"deletions":1}}},{"hash":"5b6b0fc25387de5c720f406861433b1fe5fa750c","isMergeCommit":false,"messageTitle":"Update javadoc of Library Class","messageBody":"","fileTypesAndContributionMap":{"functional-code":{"insertions":28,"deletions":2}}},{"hash":"57b93c8476efff6cbd918bc70b310db739e2d581","isMergeCommit":false,"messageTitle":"Follow Checkstyle","messageBody":"","fileTypesAndContributionMap":{"functional-code":{"insertions":1,"deletions":1}}},{"hash":"a2b1d8eb896cb069ce53c90bb7bef9f789dd1d1d","isMergeCommit":false,"messageTitle":"Update bookCollection to protected again","messageBody":"","fileTypesAndContributionMap":{"functional-code":{"insertions":1,"deletions":1}}},{"hash":"37b68e1e6254feedc6977d19e5cb12aeed06510b","isMergeCommit":false,"messageTitle":"Update book comparator to private","messageBody":"","fileTypesAndContributionMap":{"functional-code":{"insertions":1,"deletions":1}}}]},{"date":"2024-03-26","commitResults":[{"hash":"42faf59e4f7afdf8e2809294831434510383b3c7","isMergeCommit":false,"messageTitle":"Change BookList to ArrayList\u003cBook\u003e in the Person and the respective class","messageBody":"","fileTypesAndContributionMap":{"functional-code":{"insertions":97,"deletions":207}}},{"hash":"83a9736ea06405012dc01278211f0ddbec4f28b3","isMergeCommit":false,"messageTitle":"Update SampleDataUtil.java","messageBody":"","fileTypesAndContributionMap":{"functional-code":{"insertions":3,"deletions":2}}},{"hash":"79c3a648c20369f9dedce7440232b50e07a28736","isMergeCommit":false,"messageTitle":"Follow Checkstyle","messageBody":"","fileTypesAndContributionMap":{"functional-code":{"insertions":4,"deletions":5}}}]},{"date":"2024-03-28","commitResults":[{"hash":"98f9685c96bb776dac3ee8bfb155d1924e01f706","isMergeCommit":false,"messageTitle":"Update Donate Command to add book into library","messageBody":"","fileTypesAndContributionMap":{"functional-code":{"insertions":1,"deletions":0}}},{"hash":"f9dcf64017353ba444c5165e1a384fc0ac04da8f","isMergeCommit":false,"messageTitle":"Update DonateCommand","messageBody":"","fileTypesAndContributionMap":{"functional-code":{"insertions":1,"deletions":1}}}]},{"date":"2024-03-29","commitResults":[{"hash":"3c28ff21856adfcf01247f9ad071a9d99c53386a","isMergeCommit":false,"messageTitle":"Update DonateCommand","messageBody":"","fileTypesAndContributionMap":{"functional-code":{"insertions":5,"deletions":4}}},{"hash":"f53ae18f6717355901169be281d7c683e6b31252","isMergeCommit":true,"messageTitle":"Merge pull request #153 from meowwtama/branch-LibraryUi","messageBody":"Update Ui to show library books","fileTypesAndContributionMap":{}},{"hash":"07e058283ff581b93159eac68ef7fa27d0918be6","isMergeCommit":false,"messageTitle":"Use independent OS path Update Success message of DonateCommand","messageBody":"","fileTypesAndContributionMap":{"functional-code":{"insertions":3,"deletions":2}}},{"hash":"d7c724e897399bac48c2b7b03a5b3035b0270b30","isMergeCommit":true,"messageTitle":"Merge pull request #155 from ashleyclx/branch-ChangeVersionNumber","messageBody":"Change Version Number","tags":["v1.2.1"],"fileTypesAndContributionMap":{}}]}],"ashleyclx":[{"date":"2024-03-06","commitResults":[{"hash":"bf43d3d4280f4790da2ce2fa91f853b7c8d8d417","isMergeCommit":false,"messageTitle":"Update Glossary in Developer Guide","messageBody":"","fileTypesAndContributionMap":{"docs":{"insertions":5,"deletions":1}}}]},{"date":"2024-03-07","commitResults":[{"hash":"e419e5647c8c531140a62552017fc70a0b71dd2b","isMergeCommit":false,"messageTitle":"Update Ashley details in AboutUs","messageBody":"","fileTypesAndContributionMap":{"docs":{"insertions":50,"deletions":4}}},{"hash":"547917ef57decc071adbfd1efaca3f907fccd3f8","isMergeCommit":false,"messageTitle":"Update ashleyclx.md","messageBody":"","fileTypesAndContributionMap":{"docs":{"insertions":17,"deletions":17}}},{"hash":"ce400b725660e5bc44388b8d4d4531440997f04e","isMergeCommit":true,"messageTitle":"Merge pull request #26 from meowwtama/branch-AboutUs","messageBody":"Update AboutUs.md","fileTypesAndContributionMap":{}},{"hash":"b495bc155f873cad656cb8300363a3a0fcdd882d","isMergeCommit":true,"messageTitle":"Merge pull request #27 from meowwtama/branch-AboutREADME","messageBody":"Update About section in README.md","fileTypesAndContributionMap":{}},{"hash":"aa7b8889a46f5305a0c09da8addbeb57cb1d2a11","isMergeCommit":false,"messageTitle":"Update UserGuide.md","messageBody":"* Updated terms used, like AB3 to My Bookshelf, person to borrower\r\n* Added sections for borrow, return and donate (to be filled after development)","fileTypesAndContributionMap":{"docs":{"insertions":46,"deletions":25}}}]},{"date":"2024-03-14","commitResults":[{"hash":"8d9a87b548f28844bd92651151dd9ad2362ceb0b","isMergeCommit":false,"messageTitle":"Update UserGuide.md","messageBody":"Replaced AB3 instances to MyBookshelf","fileTypesAndContributionMap":{"docs":{"insertions":9,"deletions":9}}}]},{"date":"2024-03-15","commitResults":[{"hash":"6e210ac990b31eeb240bbc39d5f66d5a89e26bdc","isMergeCommit":true,"messageTitle":"Merge pull request #49 from Darkarche3/branch-Borrow","messageBody":"Add Borrow.java","fileTypesAndContributionMap":{}}]},{"date":"2024-03-17","commitResults":[{"hash":"370d28624f1cbf70b2e91e28b416b95f7a7f4448","isMergeCommit":true,"messageTitle":"Merge pull request #66 from Ty-stan0417/branch-Donate","messageBody":"Add Donate Command","fileTypesAndContributionMap":{}},{"hash":"a37c1114b962fa9f0b07c8be8f8679380344033c","isMergeCommit":false,"messageTitle":"Fix storage to save data","messageBody":"* Fixed meritScore and Booklist json data\nreading and writing\n* Changed merit score internal value\nrepresentation from primitive integer\nto String for consistency\n","fileTypesAndContributionMap":{"functional-code":{"insertions":35,"deletions":14}}},{"hash":"fd055fcf216fa2c3430ed393394ad9d813736ffd","isMergeCommit":false,"messageTitle":"Fix checkstyle","messageBody":"* removed import\n* added javadocs\n","fileTypesAndContributionMap":{"functional-code":{"insertions":10,"deletions":1}}},{"hash":"617836e0e6a40b75b7d907b88aefdac3b2c2c7be","isMergeCommit":true,"messageTitle":"Merge pull request #69 from meowwtama/branch-BorrowLimit","messageBody":"Fix bug in Borrow logic","fileTypesAndContributionMap":{}},{"hash":"4bf91a0afeaa66998a7a8165c3e7579f09e784ef","isMergeCommit":false,"messageTitle":"Create Book class","messageBody":"Wrapped book title in a Book class to be placed in BookList\n","fileTypesAndContributionMap":{"functional-code":{"insertions":80,"deletions":23},"test-code":{"insertions":3,"deletions":3}}},{"hash":"958ce7aa86d524e99494ae8adc4dabde16dfc781","isMergeCommit":false,"messageTitle":"Create valid book title","messageBody":"Created valid book title that accepts\n* Empty string\n* Any string that does not start with whitespace\n","fileTypesAndContributionMap":{"functional-code":{"insertions":19,"deletions":1}}},{"hash":"547c83b87eb5548dd4f0d03907a16f4f1a75c120","isMergeCommit":true,"messageTitle":"Merge pull request #75 from jinhanfromNUS/branch-updateUserGuide1703","messageBody":"Enhance user guide and developer guide","fileTypesAndContributionMap":{}},{"hash":"39bbb8088c68b9e6495a22b4dd6de3c1be3b2d8a","isMergeCommit":true,"messageTitle":"Merge branch \u0027master\u0027 into branch-CreateBook","messageBody":"","fileTypesAndContributionMap":{}},{"hash":"b94a14572f90bd39be5019ee266005f9fcba518b","isMergeCommit":false,"messageTitle":"Create BookTest","messageBody":"Tested book constructor, isValidBookTitle and equal methods\n","fileTypesAndContributionMap":{"test-code":{"insertions":56,"deletions":0}}},{"hash":"95dbcab7a893f73be0c6e0daeddbfa001b8be185","isMergeCommit":true,"messageTitle":"Merge branch \u0027master\u0027 into branch-TestBook","messageBody":"","fileTypesAndContributionMap":{}},{"hash":"ac82c0a0e9678b61beebe9f68f32ec819d2633f5","isMergeCommit":false,"messageTitle":"Fix JsonAdaptedPersonTest","messageBody":"Added merit score to person builder and\nJsonAdaptedPersonTest.\n\nLook at TypicalPersons in the future to edit in\nMeritScore and BookList\n","fileTypesAndContributionMap":{"test-code":{"insertions":49,"deletions":20}}},{"hash":"0965b835ece70dc90c8c00886b3b4a6f51873fd9","isMergeCommit":false,"messageTitle":"Add merit score and book list","messageBody":"Added tests for merit score and booklist in JsonAdaptedPerson\n","fileTypesAndContributionMap":{"functional-code":{"insertions":8,"deletions":1},"test-code":{"insertions":41,"deletions":0}}},{"hash":"bdb7514b2d960d8b4a56dbac16ff2bac0a2e5e8a","isMergeCommit":true,"messageTitle":"Merge pull request #80 from meowwtama/branch-BorrowEmptyBook","messageBody":"Branch borrow empty book","fileTypesAndContributionMap":{}},{"hash":"8de3f1b65501e8f5c233e6adf0c9e407eadbb7c7","isMergeCommit":true,"messageTitle":"Merge pull request #82 from meowwtama/branch-FixMeritScoreEquaity","messageBody":"Fix Merit Score equality check","fileTypesAndContributionMap":{}}]},{"date":"2024-03-18","commitResults":[{"hash":"812b0554ca5903c1370d9fda35ee2f11d0b1baa4","isMergeCommit":false,"messageTitle":"Fix PersonTest","messageBody":"","fileTypesAndContributionMap":{"test-code":{"insertions":2,"deletions":1}}},{"hash":"064f66b11630622fb2a9db55c0237c4dbe0735f4","isMergeCommit":false,"messageTitle":"Test Book toString","messageBody":"","fileTypesAndContributionMap":{"test-code":{"insertions":8,"deletions":1}}}]},{"date":"2024-03-21","commitResults":[{"hash":"0550c81503b71a338a026eb5f0611ada527bc3b0","isMergeCommit":true,"messageTitle":"Merge pull request #106 from Darkarche3/branch-UML","messageBody":"update ModelClassDiagram","fileTypesAndContributionMap":{}},{"hash":"024e0e99205505742e6eee2c74c1d581c7e56a49","isMergeCommit":false,"messageTitle":"Update BorrowSequenceDiagram.puml","messageBody":"","fileTypesAndContributionMap":{"docs":{"insertions":36,"deletions":0}}}]},{"date":"2024-03-22","commitResults":[{"hash":"2abeab5b9f88379cd327b9ead88ca64312bda03a","isMergeCommit":true,"messageTitle":"Merge pull request #116 from meowwtama/branch-ReturnTests","messageBody":"Added test cases for ReturnCommand and ReturnCommandParser","fileTypesAndContributionMap":{}}]},{"date":"2024-03-26","commitResults":[{"hash":"17bb428be9c9b44f6e01f38f9f1a8efbd4b6355c","isMergeCommit":true,"messageTitle":"Merge pull request #138 from Ty-stan0417/branch-ArrayList","messageBody":"Change BookList to ArrayList\u003cBook\u003e in the Person and the respective class","fileTypesAndContributionMap":{}}]},{"date":"2024-03-28","commitResults":[{"hash":"5b7b442fe62bf6ac0429e906dd331c5497e83c02","isMergeCommit":false,"messageTitle":"Implement Limit Command partially","messageBody":"Created Threshold class, Limit Command, Limit Command Parser,\nadd threshold into library, start implementation of library into\nmodel manager\n","fileTypesAndContributionMap":{"functional-code":{"insertions":187,"deletions":4}}},{"hash":"069ddb176d2e0aed1af1811ec0bcef97a84240ec","isMergeCommit":true,"messageTitle":"Merge pull request #145 from jinhanfromNUS/AddLibraryLogic","messageBody":"Add library logic","fileTypesAndContributionMap":{}},{"hash":"987cce014160b87d559c7f7bb373c9c02214a1c1","isMergeCommit":true,"messageTitle":"Merge branch \u0027master\u0027 into branch-CreateLimitCommand","messageBody":"","fileTypesAndContributionMap":{}},{"hash":"55a903b182700448a94b7dddf16c3db0f164f6bd","isMergeCommit":false,"messageTitle":"Add Library to Model Manager","messageBody":"Completed Limit Command\n\nNote: bugs still exist\n","fileTypesAndContributionMap":{"functional-code":{"insertions":251,"deletions":38}}},{"hash":"e3c7c15b68259cf013152f3d5a3d81891db01d0e","isMergeCommit":false,"messageTitle":"Fix bug with limit command","messageBody":"","fileTypesAndContributionMap":{"functional-code":{"insertions":17,"deletions":16}}},{"hash":"3913bb6187a2f8b7678dbd9e35aaf30b3e05cff3","isMergeCommit":true,"messageTitle":"Merge pull request #147 from meowwtama/branch-ReturnBookToLibrary","messageBody":"Update Return Command and Library Logic","fileTypesAndContributionMap":{}},{"hash":"895039c686de025da4a567e01d5dc2e729440625","isMergeCommit":false,"messageTitle":"Add pop and book check to model","messageBody":"","fileTypesAndContributionMap":{"functional-code":{"insertions":36,"deletions":3}}},{"hash":"5dc3dd3106a5d4087bc33341f02392bdeeb87339","isMergeCommit":true,"messageTitle":"Merge branch \u0027master\u0027 into branch-AddLibraryFunctionsInModel","messageBody":"","fileTypesAndContributionMap":{}},{"hash":"a2ae0cee1a59117ea5a3c578d0b53c7e1b0e2cd0","isMergeCommit":false,"messageTitle":"Add helper functions and update borrow","messageBody":"","fileTypesAndContributionMap":{"functional-code":{"insertions":20,"deletions":15}}}]},{"date":"2024-03-29","commitResults":[{"hash":"c7323827311f5d53cf352c03658a78581f918dde","isMergeCommit":false,"messageTitle":"Fix threshold save bug","messageBody":"","fileTypesAndContributionMap":{"functional-code":{"insertions":8,"deletions":3}}},{"hash":"4a2eb5077775f7a9b4c4f1ec5b81d1e33ec3eeab","isMergeCommit":true,"messageTitle":"Merge pull request #154 from Ty-stan0417/branch-UpdatePath","messageBody":"Use independent OS path","fileTypesAndContributionMap":{}},{"hash":"59b4ff4498758f8738ca0f39454874ee07e412f9","isMergeCommit":false,"messageTitle":"Change Version Number","messageBody":"","fileTypesAndContributionMap":{"functional-code":{"insertions":1,"deletions":1}}},{"hash":"2e076c0adc065a4e02de8ddd8b8c0a28e2abeb0b","isMergeCommit":true,"messageTitle":"Merge pull request #157 from Darkarche3/branch-Assertions","messageBody":"Enabled Assertions","fileTypesAndContributionMap":{}}]}],"jinhanfromNUS":[{"date":"2024-02-27","commitResults":[{"hash":"85b79600f97387922e2dd07232759ec38abe9924","isMergeCommit":false,"messageTitle":"Update README.md","messageBody":"Update README.md to be accepted in pr","fileTypesAndContributionMap":{"docs":{"insertions":2,"deletions":0}}}]},{"date":"2024-03-06","commitResults":[{"hash":"dae276fb50893a924f21367e79df5ac2b6100302","isMergeCommit":true,"messageTitle":"Merge pull request #18 from ashleyclx/branch-UpdateDgGlossary","messageBody":"Update Glossary in Developer Guide","fileTypesAndContributionMap":{}},{"hash":"e116469631ee7d16675f1ede3d2674b123e04cef","isMergeCommit":true,"messageTitle":"Merge pull request #19 from jinhanfromNUS/branch-updateUi","messageBody":"Change Ui.png","fileTypesAndContributionMap":{}},{"hash":"add1314b1b647b66613f5c9696d08b5629601c7c","isMergeCommit":false,"messageTitle":"Update DeveloperGuide v1.md","messageBody":"","fileTypesAndContributionMap":{"docs":{"insertions":10,"deletions":6}}},{"hash":"7a3bce66a36063123aa5c5c6f19d72b89664ba17","isMergeCommit":false,"messageTitle":"Update DeveloperGuide.md","messageBody":"","fileTypesAndContributionMap":{"docs":{"insertions":8,"deletions":13}}}]},{"date":"2024-03-07","commitResults":[{"hash":"9b430ef40762b68dfb732eadcf9340bef65cf1b2","isMergeCommit":false,"messageTitle":"Update DeveloperGuide.md","messageBody":"","fileTypesAndContributionMap":{"docs":{"insertions":7,"deletions":7}}},{"hash":"7e8920f6aaf87a1ab42446494350d3212cbb3e0a","isMergeCommit":true,"messageTitle":"Merge pull request #20 from jinhanfromNUS/branch-updateDeveloperGuide","messageBody":"Update user stories of developer guide","fileTypesAndContributionMap":{}},{"hash":"788ad7b296fe1d6a94dd3f46c5b279077ab8ab0e","isMergeCommit":true,"messageTitle":"Merge pull request #22 from ashleyclx/branch-AboutUsAshley","messageBody":"Update About Us Ashley","fileTypesAndContributionMap":{}},{"hash":"c33c5209e49892471b32ba5c45872854ced29c0f","isMergeCommit":true,"messageTitle":"Merge pull request #23 from meowwtama/branch-UseCases","messageBody":"Update DeveloperGuide.md","fileTypesAndContributionMap":{}},{"hash":"d31d0524e9f251e59a31ab7b271367a9c6b17406","isMergeCommit":false,"messageTitle":"Upload About Us image and add log","messageBody":"","fileTypesAndContributionMap":{"docs":{"insertions":41,"deletions":0}}},{"hash":"b853a8a26c587aee821fa008480e07609370ad36","isMergeCommit":true,"messageTitle":"Merge pull request #25 from Ty-stan0417/branch-AboutUs","messageBody":"Update About Us Yi-Sheng","fileTypesAndContributionMap":{}},{"hash":"ed88695ce6ba4ef6f114ad64d92d39e8f27c0f07","isMergeCommit":true,"messageTitle":"Merge pull request #31 from Darkarche3/branch-update-README","messageBody":"update README.md","fileTypesAndContributionMap":{}},{"hash":"547661f8dc3d6170fb21c90a0a6275e5cdb239c2","isMergeCommit":true,"messageTitle":"Merge pull request #33 from Darkarche3/branch-update-DG","messageBody":"update DG","fileTypesAndContributionMap":{}},{"hash":"a009d1a756be2b7c7e9d890b254c7c27607279a2","isMergeCommit":true,"messageTitle":"Merge pull request #32 from Darkarche3/branch-update-AboutUs","messageBody":"update AboutUs","fileTypesAndContributionMap":{}},{"hash":"8334e48dbdb675d3137e978068660972955250bf","isMergeCommit":false,"messageTitle":"Update AboutUs.md","messageBody":"","fileTypesAndContributionMap":{"docs":{"insertions":10,"deletions":0}}},{"hash":"c1b164b42f1097bb2ab051aee3ec3dc00b64d549","isMergeCommit":true,"messageTitle":"Merge pull request #39 from Darkarche3/branch-update-README","messageBody":"Update README.md","fileTypesAndContributionMap":{}}]},{"date":"2024-03-08","commitResults":[{"hash":"a86aa621d3ed55393b0d71115c10a2c9f7ada25a","isMergeCommit":true,"messageTitle":"Merge branch \u0027AY2324S2-CS2103T-F11-2:master\u0027 into master","messageBody":"","fileTypesAndContributionMap":{}}]},{"date":"2024-03-15","commitResults":[{"hash":"23822ab23b70adec99893413fddd24879578fe8c","isMergeCommit":true,"messageTitle":"Merge branch \u0027AY2324S2-CS2103T-F11-2:master\u0027 into master","messageBody":"","fileTypesAndContributionMap":{}},{"hash":"ab54d6340358f2bf6d846c9c7740eaf63dafb5d1","isMergeCommit":false,"messageTitle":"Change markdown","messageBody":"","fileTypesAndContributionMap":{"docs":{"insertions":3,"deletions":1}}},{"hash":"2fc7fab8861bd7099c141833dc3bc3a9abe13639","isMergeCommit":true,"messageTitle":"Merge pull request #55 from jinhanfromNUS/master","messageBody":"Update Markdown","fileTypesAndContributionMap":{}},{"hash":"f0e54bf4dff681c2542b0b96ecaee8f2bb5b6f7c","isMergeCommit":true,"messageTitle":"Merge pull request #57 from meowwtama/branch-UpdateConfig","messageBody":"Update meowwtama.md","fileTypesAndContributionMap":{}},{"hash":"44db42d8ac14eb0200e54ca653775475150aecf5","isMergeCommit":true,"messageTitle":"Merge pull request #58 from Ty-stan0417/brach-Update_Ty-stan0417","messageBody":"Update Ty-stan0417.md","fileTypesAndContributionMap":{}},{"hash":"41da8d8173988ff3163539961ce12653fbd4b335","isMergeCommit":false,"messageTitle":"Add count attribute in Person Class","messageBody":"","fileTypesAndContributionMap":{"functional-code":{"insertions":14,"deletions":1}}},{"hash":"db40d1c2787aff7f83d29901e265c806103dd0f0","isMergeCommit":false,"messageTitle":"Update Count","messageBody":"","fileTypesAndContributionMap":{"functional-code":{"insertions":85,"deletions":34},"other":{"insertions":4,"deletions":4},"test-code":{"insertions":6,"deletions":11}}},{"hash":"c0b6a9dfa2ff1883c9e975c20b80559b754a8786","isMergeCommit":false,"messageTitle":"Update MeritScore","messageBody":"","fileTypesAndContributionMap":{"functional-code":{"insertions":97,"deletions":60}}},{"hash":"d42532ddb2f338ecd1343633e41bfc1c325b2850","isMergeCommit":true,"messageTitle":"Merge pull request #61 from Ty-stan0417/branch-FixingCheckstyle","messageBody":"Branch fixing checkstyle","fileTypesAndContributionMap":{}},{"hash":"5547b57cb5d244b07d0e37b08316630a3e786313","isMergeCommit":true,"messageTitle":"Resovle merge conflict","messageBody":"","fileTypesAndContributionMap":{}},{"hash":"68c264f68802464318b7c5a71173eef001ff4c62","isMergeCommit":true,"messageTitle":"resolve merge conflict","messageBody":"","fileTypesAndContributionMap":{}},{"hash":"90f3df472378ba622b8b1e3846f439d328a62736","isMergeCommit":false,"messageTitle":"resolve merge conflict","messageBody":"","fileTypesAndContributionMap":{"functional-code":{"insertions":1,"deletions":1}}},{"hash":"a355fef0763751e08a3341dde1cf3f16c5cbf7fc","isMergeCommit":false,"messageTitle":"resolve merge conflict","messageBody":"","fileTypesAndContributionMap":{"functional-code":{"insertions":1,"deletions":1}}},{"hash":"8a7f723902ff093c9a39beb1369d768b9025237e","isMergeCommit":false,"messageTitle":"Resolve Checkstyle","messageBody":"","fileTypesAndContributionMap":{"functional-code":{"insertions":41,"deletions":15}}}]},{"date":"2024-03-16","commitResults":[{"hash":"76029748dc1bacfd3cb183b2085e47dbae462f50","isMergeCommit":true,"messageTitle":"Merge pull request #63 from meowwtama/branch-return","messageBody":"Add Return Command","fileTypesAndContributionMap":{}}]},{"date":"2024-03-17","commitResults":[{"hash":"49f6a3f0d62884452e2dee49699f731f11e0d1ec","isMergeCommit":false,"messageTitle":"Update User Guide","messageBody":"","fileTypesAndContributionMap":{"docs":{"insertions":58,"deletions":31}}},{"hash":"03ce92700b66c0285ec1418f933318d55b0a4edf","isMergeCommit":false,"messageTitle":"Enhance user guide and developer guide","messageBody":"","fileTypesAndContributionMap":{"docs":{"insertions":68,"deletions":55}}},{"hash":"f89f3e31dc1276e819712b9818d2ded2be39afa7","isMergeCommit":true,"messageTitle":"Merge pull request #76 from ashleyclx/branch-CreateBook","messageBody":"Create valid book title","fileTypesAndContributionMap":{}},{"hash":"35a13156ec8c5ddfb6728017ffc451aed793dd81","isMergeCommit":false,"messageTitle":"Update README.md and typo fixes","messageBody":"","fileTypesAndContributionMap":{"docs":{"insertions":23,"deletions":19}}}]},{"date":"2024-03-18","commitResults":[{"hash":"f183e99deabc5cb54dda785f79b346313465983d","isMergeCommit":true,"messageTitle":"Merge pull request #85 from ashleyclx/branch-FixTest","messageBody":"Fix PersonTest","fileTypesAndContributionMap":{}},{"hash":"75959f366d14f0593050379ba80586c64caef285","isMergeCommit":false,"messageTitle":"Fix BorrowCommandTest","messageBody":"","fileTypesAndContributionMap":{"functional-code":{"insertions":31,"deletions":0},"test-code":{"insertions":1,"deletions":1}}},{"hash":"950c711f2c2ee1e3046b1682476abb6ee78f1e6d","isMergeCommit":true,"messageTitle":"Merge pull request #89 from Ty-stan0417/branch-DonateTestCases","messageBody":"Create test cases for donate and update and standardized the message for borrow and donate","fileTypesAndContributionMap":{}},{"hash":"91093af4dd7d7b941d4fe012355c7253bb0a6ed5","isMergeCommit":false,"messageTitle":"Fix checkstyle and bugs","messageBody":"","fileTypesAndContributionMap":{"functional-code":{"insertions":6,"deletions":4},"test-code":{"insertions":31,"deletions":3}}},{"hash":"5b889c104573c33d84fd715858e1b93dfec1a102","isMergeCommit":false,"messageTitle":"fix Checkstyle and bug","messageBody":"","fileTypesAndContributionMap":{"test-code":{"insertions":3,"deletions":7}}},{"hash":"77dcf34d9b3de42af1545ad591e87a0debc1e3ce","isMergeCommit":false,"messageTitle":"Fix checkstyle and bugs","messageBody":"","fileTypesAndContributionMap":{"test-code":{"insertions":2,"deletions":2}}},{"hash":"700438c2c0246acb566c77b79541688e99144842","isMergeCommit":false,"messageTitle":"Fix checkstyle and bugs","messageBody":"","fileTypesAndContributionMap":{"test-code":{"insertions":0,"deletions":1}}},{"hash":"7cdb53f59b731aeb07b9ab48af5d03f91d1b7db1","isMergeCommit":false,"messageTitle":"Fix checkstyle and bugs","messageBody":"","fileTypesAndContributionMap":{"test-code":{"insertions":2,"deletions":2}}},{"hash":"3f0bdb78fcaa32556dc23c839493dd4ff8f8d51c","isMergeCommit":false,"messageTitle":"Fix checkstyle and bugs","messageBody":"","fileTypesAndContributionMap":{"test-code":{"insertions":1,"deletions":1}}},{"hash":"e7ff00d74da9c7bf3665123bbd45e9ad20f50026","isMergeCommit":false,"messageTitle":"Fix checkstyle and bugs","messageBody":"","fileTypesAndContributionMap":{"test-code":{"insertions":1,"deletions":1}}}]},{"date":"2024-03-19","commitResults":[{"hash":"9267422517188d23416c9a1f67d2590728520d35","isMergeCommit":true,"messageTitle":"Merge pull request #93 from Ty-stan0417/branch-FixeJsonTestCase","messageBody":"Bug fixing for test cases","fileTypesAndContributionMap":{}},{"hash":"8df62bd19316144c0e8601b356baa9f766814d85","isMergeCommit":false,"messageTitle":"Clean code","messageBody":"","fileTypesAndContributionMap":{"test-code":{"insertions":0,"deletions":23}}}]},{"date":"2024-03-21","commitResults":[{"hash":"2109bfecb0dd40572db06545f47f1b3a7026099c","isMergeCommit":true,"messageTitle":"Merge pull request #100 from Darkarche3/branch-VersionRelease","messageBody":"Add images for Version Release","fileTypesAndContributionMap":{}},{"hash":"722bb8fec1eb6ab851fb64234b9e953214e92435","isMergeCommit":false,"messageTitle":"Add Merit Score into Ui and enhance empty borrow list","messageBody":"","fileTypesAndContributionMap":{"functional-code":{"insertions":16,"deletions":1}}},{"hash":"249f59a976aef9d18ef2bc79f62ec080d41d8fea","isMergeCommit":false,"messageTitle":"Enhance Ui","messageBody":"","fileTypesAndContributionMap":{"functional-code":{"insertions":4,"deletions":6}}},{"hash":"f7b8f933be1edb0c840a602dad56fb9d0b399aec","isMergeCommit":false,"messageTitle":"Update BetterModelClassDiagram puml","messageBody":"","fileTypesAndContributionMap":{"docs":{"insertions":7,"deletions":0}}}]},{"date":"2024-03-23","commitResults":[{"hash":"47bd63c5abd7cc46f3384a6f6f54b75894ec29a2","isMergeCommit":true,"messageTitle":"Merge pull request #118 from Darkarche3/branch-BorrowCommandParserTest","messageBody":"Add BorrowCommandParserTest","fileTypesAndContributionMap":{}},{"hash":"98b0ed206e03e3dbbe5ae7ce264f22e177e767de","isMergeCommit":false,"messageTitle":"Check merit score before borrowing and add corresponding test case","messageBody":"","fileTypesAndContributionMap":{"functional-code":{"insertions":14,"deletions":9},"test-code":{"insertions":20,"deletions":4}}},{"hash":"67cd8f4a090b581394ad3391e29e55193d2cb99f","isMergeCommit":false,"messageTitle":"fix checkstyles","messageBody":"","fileTypesAndContributionMap":{"test-code":{"insertions":3,"deletions":2}}},{"hash":"14c0acf986278d5ccaa410b980f0fa2b8c46b3d5","isMergeCommit":false,"messageTitle":"Clean code","messageBody":"","fileTypesAndContributionMap":{"functional-code":{"insertions":0,"deletions":1},"test-code":{"insertions":0,"deletions":1}}}]},{"date":"2024-03-25","commitResults":[{"hash":"a1ea93447b729f8c76ece4efa33610dd4ba33664","isMergeCommit":true,"messageTitle":"Merge pull request #121 from Ty-stan0417/branch-BookListParentClass","messageBody":"Create BookList parent class","fileTypesAndContributionMap":{}},{"hash":"df188e5d6860835ff5613f9bdd03f50d8af85047","isMergeCommit":false,"messageTitle":"Add methods to BookList","messageBody":"","fileTypesAndContributionMap":{"functional-code":{"insertions":45,"deletions":0}}},{"hash":"b0c986bc7d2b922665a75b94a9dee9acad50fbe1","isMergeCommit":true,"messageTitle":"Merge pull request #126 from Ty-stan0417/branch-BookListParentClass","messageBody":"Rename BookList to BookCollection","fileTypesAndContributionMap":{}},{"hash":"2b28e9cb149f4c5457423de9ba1fdb5d54fdbf9a","isMergeCommit":false,"messageTitle":"Change book list class implementation","messageBody":"","fileTypesAndContributionMap":{"functional-code":{"insertions":97,"deletions":59},"test-code":{"insertions":2,"deletions":2}}},{"hash":"def44b26c65a121e4cf3dfbcf500fdb043b6869e","isMergeCommit":false,"messageTitle":"Fix checkstyle","messageBody":"","fileTypesAndContributionMap":{"functional-code":{"insertions":5,"deletions":5}}},{"hash":"8ae8ad5d8535102f86b83e90e83082394dab1cbb","isMergeCommit":false,"messageTitle":"Fix accessifier","messageBody":"","fileTypesAndContributionMap":{"functional-code":{"insertions":6,"deletions":2}}}]},{"date":"2024-03-26","commitResults":[{"hash":"319a1c1c4ab6450b00f25fb44e3d3f7cec877103","isMergeCommit":false,"messageTitle":"Enhance Ui","messageBody":"","fileTypesAndContributionMap":{"functional-code":{"insertions":17,"deletions":2}}},{"hash":"fd89cc4cad4748eb8e9145b74eed1779ff41478c","isMergeCommit":true,"messageTitle":"Merge branch \u0027master\u0027 of https://github.com/jinhanfromNUS/tp","messageBody":"","fileTypesAndContributionMap":{}},{"hash":"6f7589a60a8c42f7909907263ccb97b73c221c32","isMergeCommit":false,"messageTitle":"Add Java Docs for JsonAdaptedBook","messageBody":"","fileTypesAndContributionMap":{"functional-code":{"insertions":26,"deletions":2}}},{"hash":"38272fbd9ae53f9cecb8d324b779423d09046f11","isMergeCommit":true,"messageTitle":"Merge pull request #143 from meowwtama/branch-AddBookFunction","messageBody":"Fix borrow command to show new book","fileTypesAndContributionMap":{}}]},{"date":"2024-03-28","commitResults":[{"hash":"e1f7e1ac62303760d510321bba17477ae7ecccfe","isMergeCommit":false,"messageTitle":"Add LibraryLogic","messageBody":"","fileTypesAndContributionMap":{"functional-code":{"insertions":115,"deletions":1}}},{"hash":"ec2741f2b10862201e68077877fe3bddbcc98fb7","isMergeCommit":false,"messageTitle":"Fix Checkstyle","messageBody":"","fileTypesAndContributionMap":{"functional-code":{"insertions":22,"deletions":16}}}]},{"date":"2024-03-29","commitResults":[{"hash":"908a2395a440def27fd50f0bd4e297545605bfa1","isMergeCommit":true,"messageTitle":"Merge pull request #151 from ashleyclx/branch-FixThresholdSaveBug","messageBody":"Fix threshold save bug","fileTypesAndContributionMap":{}},{"hash":"0f53896afe28a82a75e80cf5e0265ceb997ee283","isMergeCommit":false,"messageTitle":"Update Developer Guide","messageBody":"","fileTypesAndContributionMap":{"docs":{"insertions":10,"deletions":8}}},{"hash":"f908fc90e2e465dea4c47346dc86c0967cd0ef1d","isMergeCommit":false,"messageTitle":"Fix checkstyle","messageBody":"","fileTypesAndContributionMap":{"functional-code":{"insertions":3,"deletions":3}}}]}],"meowwtama":[{"date":"2024-03-07","commitResults":[{"hash":"f1f8769d4fa39bb4ff6e7378527b7853685bfc02","isMergeCommit":true,"messageTitle":"Merge pull request #21 from Ty-stan0417/branch-UseCases","messageBody":"Update use cases in DeveloperGuide.md","fileTypesAndContributionMap":{}},{"hash":"577766438fc73dd37d89a384461aefb23d361801","isMergeCommit":false,"messageTitle":"Update DeveloperGuide.md","messageBody":"","fileTypesAndContributionMap":{"docs":{"insertions":26,"deletions":0}}},{"hash":"06d9c417a97c6cbaede4830e9afbd0822cb1651c","isMergeCommit":false,"messageTitle":"Update AboutUs.md","messageBody":"Added personal updates to the AboutUs page.\n","fileTypesAndContributionMap":{"docs":{"insertions":5,"deletions":5}}},{"hash":"163d2b33da587a258b727e833509a0f8803562e3","isMergeCommit":true,"messageTitle":"Merge branch \u0027branch-AboutUs\u0027","messageBody":"","fileTypesAndContributionMap":{}},{"hash":"1ee15cdcb30de32ff27eea633e8268f9fe96870b","isMergeCommit":false,"messageTitle":"Update README.md","messageBody":"","fileTypesAndContributionMap":{"docs":{"insertions":10,"deletions":9}}},{"hash":"9ae1c252c584526e47bf557e76767626c2af8b77","isMergeCommit":true,"messageTitle":"Merge pull request #29 from Ty-stan0417/branch-ExampleUsage","messageBody":"Update app details and example usage in README.md","fileTypesAndContributionMap":{}},{"hash":"8a9553b513c43f6705dca0cae8a0b7dcca173667","isMergeCommit":true,"messageTitle":"Merge pull request #30 from Ty-stan0417/branch-Acknowlegment","messageBody":"Update Acknowledgement in README.md","fileTypesAndContributionMap":{}},{"hash":"7a82458583e001831aebe113da40390cd39101a3","isMergeCommit":false,"messageTitle":"Update meowwtama.md","messageBody":"","fileTypesAndContributionMap":{"docs":{"insertions":1,"deletions":1}}},{"hash":"34fe67302228362bacf41154d784fe10faf4049b","isMergeCommit":true,"messageTitle":"Merge pull request #38 from Darkarche3/branch-update-BuildStatusBadge","messageBody":"Update README.md","fileTypesAndContributionMap":{}}]},{"date":"2024-03-15","commitResults":[{"hash":"4dd604b7fa2f86654eca1ab7858a833c7fdef75e","isMergeCommit":true,"messageTitle":"Merge pull request #50 from ashleyclx/branch-UserGuide1","messageBody":"Update UserGuide.md","fileTypesAndContributionMap":{}},{"hash":"7072036eb53a467f96c2778d8b1e7dc46408f0f2","isMergeCommit":false,"messageTitle":"Update meowwtama.md","messageBody":"","fileTypesAndContributionMap":{"docs":{"insertions":17,"deletions":20}}},{"hash":"c1bac4dfa7bfba6badaf690ab705de1f25c90ad8","isMergeCommit":true,"messageTitle":"Merge pull request #59 from Ty-stan0417/branch-FollowCheckstyle","messageBody":"Update the files to follow the checkstyle:","fileTypesAndContributionMap":{}},{"hash":"1b9005d8c6233640f5faae656534640fbe32d42d","isMergeCommit":true,"messageTitle":"Merge pull request #62 from jinhanfromNUS/branch-new","messageBody":"Add Merit Score and resolve checkstyle issues","fileTypesAndContributionMap":{}}]},{"date":"2024-03-16","commitResults":[{"hash":"e10a7dcd8fbd12f8a60337b80029681b36dacbac","isMergeCommit":false,"messageTitle":"Add Return Command","messageBody":"","fileTypesAndContributionMap":{"functional-code":{"insertions":130,"deletions":2},"test-code":{"insertions":1,"deletions":0}}}]},{"date":"2024-03-17","commitResults":[{"hash":"d298eaf31627419a73051e9bfdaef51fb698da55","isMergeCommit":true,"messageTitle":"Merge pull request #67 from ashleyclx/branch-BugJsonStoreData","messageBody":"Branch bug json store data","fileTypesAndContributionMap":{}},{"hash":"08d523611d1b2852b9de30726a78dc1f12b482f6","isMergeCommit":false,"messageTitle":"Fix bug in Borrow logic","messageBody":"Added a check to ensure that borrower can only borrow a book if he or she is not borrowing a book already.\n","fileTypesAndContributionMap":{"functional-code":{"insertions":6,"deletions":0}}},{"hash":"006c2512e031bf02defcd048c9a4782d17921877","isMergeCommit":true,"messageTitle":"Merge pull request #72 from jinhanfromNUS/branch-updateUserGuide1703","messageBody":"Update User Guide","fileTypesAndContributionMap":{}},{"hash":"d2744d5a1773e313fd3242682559a1cdf3dae5cc","isMergeCommit":true,"messageTitle":"Merge pull request #73 from ashleyclx/branch-CreateBook","messageBody":"Create Book class","fileTypesAndContributionMap":{}},{"hash":"cf5aa84e4de579e9d782eedf88e999aa84beb62f","isMergeCommit":true,"messageTitle":"Merge pull request #78 from ashleyclx/branch-TestBook","messageBody":"Create and fix some test cases","fileTypesAndContributionMap":{}},{"hash":"b3f96749b100d118d67ef21b5f880744f7ac4949","isMergeCommit":false,"messageTitle":"Fix Borrow empty string bug","messageBody":"The correct exception and error message is now shown when a person tries to borrow a book with no title.\n","fileTypesAndContributionMap":{"functional-code":{"insertions":7,"deletions":10}}},{"hash":"9a30bfce1037f40ed5bee539864a8ca54e40dcbf","isMergeCommit":false,"messageTitle":"Add test case for return command","messageBody":"","fileTypesAndContributionMap":{"functional-code":{"insertions":3,"deletions":0},"test-code":{"insertions":46,"deletions":1}}},{"hash":"5632b47ec8ac1a4b1f0bd326274ffafe7ca2b4dc","isMergeCommit":false,"messageTitle":"Fix Merit Score equality check","messageBody":"Also fixed test case for return command\n","fileTypesAndContributionMap":{"functional-code":{"insertions":1,"deletions":1},"test-code":{"insertions":2,"deletions":3}}},{"hash":"4dabd7d2590013b9ab5bf0ce4e7f657596b010f8","isMergeCommit":false,"messageTitle":"Removed unused imports","messageBody":"","fileTypesAndContributionMap":{"functional-code":{"insertions":0,"deletions":2}}},{"hash":"7ccde796418b3cc8777999088a0ef5ea1ef2a624","isMergeCommit":true,"messageTitle":"Merge pull request #83 from jinhanfromNUS/branch-updateREADME","messageBody":"Update README.md and typo fixes","fileTypesAndContributionMap":{}}]},{"date":"2024-03-18","commitResults":[{"hash":"b0ab73122f2f82d735abae6ddf1e32e482622567","isMergeCommit":true,"messageTitle":"Merge pull request #84 from Ty-stan0417/branch-UpdateMessageInDonateCommand","messageBody":"Update message","fileTypesAndContributionMap":{}}]},{"date":"2024-03-21","commitResults":[{"hash":"2abad86bbf1cb81d575d8a2fee7053a5922bfd68","isMergeCommit":true,"messageTitle":"Merge pull request #102 from jinhanfromNUS/branch-AddMeritScoreIntoUi","messageBody":"","fileTypesAndContributionMap":{}},{"hash":"d757a2616dc962efebd06a411720695dddfccb80","isMergeCommit":false,"messageTitle":"Create BorrowSequenceDiagram.puml","messageBody":"","fileTypesAndContributionMap":{"docs":{"insertions":39,"deletions":0}}},{"hash":"a48f320caed95e6002e1ff8f69cecbbdce1e8c8a","isMergeCommit":true,"messageTitle":"Merge pull request #108 from ashleyclx/branch-UpdateBorrowSequenceDiagram","messageBody":"","fileTypesAndContributionMap":{}}]},{"date":"2024-03-22","commitResults":[{"hash":"0f1d4b014cc80b130e5539b7668238133d200cfb","isMergeCommit":false,"messageTitle":"Update ReturnCommandTest.java","messageBody":"Added test cases to ensure full coverage.\n","fileTypesAndContributionMap":{"test-code":{"insertions":52,"deletions":0}}},{"hash":"811a1b058d070d5178b0c7f6ffaba0f0dfbf3745","isMergeCommit":false,"messageTitle":"Create ReturnCommandParserTest.java","messageBody":"Added test cases to ensure full coverage.\n","fileTypesAndContributionMap":{"test-code":{"insertions":49,"deletions":0}}},{"hash":"473165ccc8c3d74deb1270af6bb4e0b058e772d7","isMergeCommit":false,"messageTitle":"Remove unused import","messageBody":"","fileTypesAndContributionMap":{"test-code":{"insertions":0,"deletions":1}}}]},{"date":"2024-03-23","commitResults":[{"hash":"60e06c876b2b721424f092f293378edd656ad3b9","isMergeCommit":true,"messageTitle":"Merge pull request #119 from jinhanfromNUS/branch-CheckMeritScoreBeforeBorrowing","messageBody":"Check merit score before borrowing and add corresponding test case","fileTypesAndContributionMap":{}}]},{"date":"2024-03-26","commitResults":[{"hash":"72e35f58b2a70fa043eee6a4ef08c2a5421c858f","isMergeCommit":true,"messageTitle":"Merge pull request #127 from Ty-stan0417/branch-LibraryClass","messageBody":"Create Library Class","fileTypesAndContributionMap":{}},{"hash":"1042616f57683d8f87bbfd5d92ce774ae40f6c68","isMergeCommit":true,"messageTitle":"Merge pull request #128 from jinhanfromNUS/ChangeBookListImplementation","messageBody":"Change book list class implementation","fileTypesAndContributionMap":{}},{"hash":"fe64240ee199517bf0afc6896a626d9e0a2b0a8f","isMergeCommit":false,"messageTitle":"Edit return command to take in Book","messageBody":"Added methods to return immutable views of book list in Person class.\n\nNow return command accepts the book to be returned as a parameter so\nthat we can keep track of the books returned.\n","fileTypesAndContributionMap":{"functional-code":{"insertions":44,"deletions":13}}},{"hash":"4f696d234d9b39bdb334bdd4d693c778c4240c39","isMergeCommit":false,"messageTitle":"Fix test method withBook and refactor library","messageBody":"","fileTypesAndContributionMap":{"other":{"insertions":3,"deletions":1},"test-code":{"insertions":23,"deletions":24}}},{"hash":"67ff49a29bc63236c82b8a23822a9d8947369a03","isMergeCommit":false,"messageTitle":"Update ReturnCommandParserTest.java","messageBody":"","fileTypesAndContributionMap":{"test-code":{"insertions":3,"deletions":2}}},{"hash":"c6680db8193be90c9705bd1816b1526f1dbc5db6","isMergeCommit":true,"messageTitle":"Merge pull request #142 from jinhanfromNUS/AddNumberingToBorrowedBookList","messageBody":"Add numbering to borrowed book list","fileTypesAndContributionMap":{}},{"hash":"d9588a8e87c284536ec71a689eea0ae2f3e6e103","isMergeCommit":false,"messageTitle":"Fix borrow command to show new book","messageBody":"","fileTypesAndContributionMap":{"functional-code":{"insertions":15,"deletions":2}}}]},{"date":"2024-03-28","commitResults":[{"hash":"648834f2bae53be9f749a14177e04e78482e3562","isMergeCommit":true,"messageTitle":"Merge pull request #146 from ashleyclx/branch-CreateLimitCommand","messageBody":"Create limit command","fileTypesAndContributionMap":{}},{"hash":"250f51bbaa6c6c04d2f6a4a3dd61cc44c92e7c05","isMergeCommit":false,"messageTitle":"Add book back to library in return command","messageBody":"","fileTypesAndContributionMap":{"functional-code":{"insertions":11,"deletions":4}}},{"hash":"7743800cebfed8d4cd3737ab35a7119003e526ff","isMergeCommit":false,"messageTitle":"Update code to update save text file per edit","messageBody":"","fileTypesAndContributionMap":{"functional-code":{"insertions":21,"deletions":13}}},{"hash":"2cdf050f14df663fae9f4947d0b39c379be0e9fa","isMergeCommit":false,"messageTitle":"Fix bug where person can return new book","messageBody":"","fileTypesAndContributionMap":{"functional-code":{"insertions":5,"deletions":0}}},{"hash":"74fd257a765864dfff92a85979afd85d6e784f53","isMergeCommit":false,"messageTitle":"Update ModelManager.java","messageBody":"","fileTypesAndContributionMap":{"functional-code":{"insertions":0,"deletions":1}}}]},{"date":"2024-03-29","commitResults":[{"hash":"cd6b49a7cb965038d4d44b486d92157fd4bf8906","isMergeCommit":true,"messageTitle":"Merge pull request #152 from jinhanfromNUS/UpdateDeveloperGuide","messageBody":"Update Developer Guide","fileTypesAndContributionMap":{}},{"hash":"b4fc61f84282a2a3a08bacf2a7a6bd89e3ff6930","isMergeCommit":false,"messageTitle":"Update Ui to show library books","messageBody":"Does not auto-update as of now.\n","fileTypesAndContributionMap":{"functional-code":{"insertions":192,"deletions":10}}}]}]},"authorFileTypeContributionMap":{"Darkarche3":{"docs":66,"functional-code":117,"test-code":107,"other":5},"Ty-stan0417":{"docs":85,"functional-code":318,"test-code":151},"ashleyclx":{"docs":103,"functional-code":598,"test-code":149},"jinhanfromNUS":{"docs":155,"functional-code":336,"test-code":21},"meowwtama":{"docs":91,"functional-code":405,"test-code":156}},"authorContributionVariance":{"Darkarche3":3278.2842,"Ty-stan0417":5279.265,"ashleyclx":12906.879,"jinhanfromNUS":6975.9355,"meowwtama":2284.0208},"authorDisplayNameMap":{"Darkarche3":"CS2103T-F11-2 SHEN..TWAL","Ty-stan0417":"CS2103T-F11-2 TAN ..HENG","ashleyclx":"CS2103T-F11-2 ASHL..XUAN","jinhanfromNUS":"CS2103T-F11-2 HO J.. HAN","meowwtama":"CS2103T-F11-2 KHOO..IANG"}}
