{"authorDailyContributionsMap":{"doyelee0313":[{"date":"2024-03-05","commitResults":[{"hash":"21e7fd316d98570476976d8bfa3a73cc647c0439","isMergeCommit":false,"messageTitle":"Update Doye AboutUs","messageBody":"","fileTypesAndContributionMap":{"docs":{"insertions":16,"deletions":15}}},{"hash":"11996a91c0bd56c04e83706baa8ec3280adb5487","isMergeCommit":true,"messageTitle":"Merge pull request #1 from AY2324S2-CS2103T-W10-4/master","messageBody":"Update Doye AboutUs","fileTypesAndContributionMap":{}}]},{"date":"2024-03-06","commitResults":[{"hash":"3cd2515a6a52d379fb164e314655685b905a8a78","isMergeCommit":false,"messageTitle":"Updated README","messageBody":"","fileTypesAndContributionMap":{"docs":{"insertions":9,"deletions":7}}},{"hash":"9eae64f12dcf5243dcfd1162642bcf9deb24791b","isMergeCommit":true,"messageTitle":"Merge branch \u0027AY2324S2-CS2103T-W10-4:master\u0027 into master","messageBody":"","fileTypesAndContributionMap":{}},{"hash":"90799a21f0f5973cb73f121dc973693e749c53dd","isMergeCommit":false,"messageTitle":"Update AboutUs","messageBody":"","fileTypesAndContributionMap":{"docs":{"insertions":1,"deletions":1}}}]}],"STELLA-LYE":[{"date":"2024-03-04","commitResults":[{"hash":"09ba9eb1ce42d538c3a5ccc09292c0b27252ceb3","isMergeCommit":true,"messageTitle":"Merge pull request #6 from tohlh/update-about-me","messageBody":"Add tohlh\u0027s personal info","fileTypesAndContributionMap":{}},{"hash":"a79bf0389bed7ba3dfee07f868f51863ca55fa37","isMergeCommit":false,"messageTitle":"Update Stella AboutUs","messageBody":"","fileTypesAndContributionMap":{"docs":{"insertions":17,"deletions":4}}}]},{"date":"2024-03-06","commitResults":[{"hash":"9c42c06c77fd31f9b7a7d25fb1571db8eb05abfe","isMergeCommit":false,"messageTitle":"Change stella image to png file","messageBody":"","fileTypesAndContributionMap":{"docs":{"insertions":2,"deletions":2}}},{"hash":"54fbc751a8b00134cc6d6d724f110ff7f504af2e","isMergeCommit":true,"messageTitle":"Merge pull request #17 from jocelyn-soh/site-wide-settings","messageBody":"Update site-wide settings","fileTypesAndContributionMap":{}},{"hash":"cac0ce66c72aad670f38aabfcb17baaa9cafd6fc","isMergeCommit":false,"messageTitle":"Update DeveloperGuide","messageBody":"","fileTypesAndContributionMap":{"docs":{"insertions":146,"deletions":26}}}]}],"jocelyn-soh":[{"date":"2024-03-06","commitResults":[{"hash":"fa540c85f9e944c25cf7f5d4cb0e417073cbb9c2","isMergeCommit":true,"messageTitle":"Merge pull request #10 from tohlh/update-about-me","messageBody":"Change picture to PNG","fileTypesAndContributionMap":{}},{"hash":"4b61d1733359d3630fefacffccdc9c538096254d","isMergeCommit":false,"messageTitle":"Update Jocelyn\u0027s AboutUs","messageBody":"","fileTypesAndContributionMap":{"docs":{"insertions":16,"deletions":52}}},{"hash":"3db2a4f846676ad07fb0c133e880bc804bd74d46","isMergeCommit":true,"messageTitle":"Merge pull request #12 from STELLA-LYE/Update-Stella-AboutUs","messageBody":"Change stella image to png file","fileTypesAndContributionMap":{}},{"hash":"0cb2eb404ff9a410156de0ca0b01b871da78f76b","isMergeCommit":true,"messageTitle":"Merge branch \u0027master\u0027 of https://github.com/jocelyn-soh/tp into branch-AboutUs","messageBody":"","fileTypesAndContributionMap":{}},{"hash":"6bd129a3acc610c618221f18ee185e3a901e45ea","isMergeCommit":false,"messageTitle":"Remove whitespaces in AboutUs.md","messageBody":"","fileTypesAndContributionMap":{"docs":{"insertions":3,"deletions":3}}},{"hash":"f019c6f317ec721faf9e14d38bb355f728ca6980","isMergeCommit":false,"messageTitle":"Update site-wide settings","messageBody":"","fileTypesAndContributionMap":{"docs":{"insertions":8,"deletions":8}}}]}],"tohlh":[{"date":"2024-03-04","commitResults":[{"hash":"558a8e598a3c6d1e65235ce3657ed47ef99709d2","isMergeCommit":true,"messageTitle":"Merge pull request #1 from AY2324S2-CS2103T-W10-4/switch-docs-to-markbind","messageBody":"Switch docs to markbind","fileTypesAndContributionMap":{}},{"hash":"b225ac386ca9d8d71bdfb4561bc458d960f69a45","isMergeCommit":false,"messageTitle":"Add tohlh\u0027s personal info","messageBody":"","fileTypesAndContributionMap":{"docs":{"insertions":17,"deletions":5}}}]},{"date":"2024-03-05","commitResults":[{"hash":"ba5c14fb443856d3fb504f76b5bac2c036f0004a","isMergeCommit":true,"messageTitle":"Merge pull request #7 from STELLA-LYE/Update-AboutUs","messageBody":"Update Stella AboutUs","fileTypesAndContributionMap":{}}]},{"date":"2024-03-06","commitResults":[{"hash":"da432b2cc0b646fe8a646a7009aceb48831061bf","isMergeCommit":false,"messageTitle":"Change picture to PNG","messageBody":"","fileTypesAndContributionMap":{"docs":{"insertions":1,"deletions":1}}},{"hash":"88c4d454be61763b339febc55caf1503bc376bca","isMergeCommit":true,"messageTitle":"Merge pull request #9 from doyelee0313/Update-Doye-AboutUs","messageBody":"Update Doye AboutUs","fileTypesAndContributionMap":{}},{"hash":"3e69cb945261cabcad1bb06220461a188f6c3114","isMergeCommit":true,"messageTitle":"Merge pull request #16 from jocelyn-soh/branch-AboutUs","messageBody":"Add Jocelyn\u0027s AboutUs","fileTypesAndContributionMap":{}},{"hash":"115dc42921d474d4d75a164753a78fcbdeffffdb","isMergeCommit":true,"messageTitle":"Merge pull request #18 from STELLA-LYE/Update-DG","messageBody":"Update DeveloperGuide","fileTypesAndContributionMap":{}}]}]},"authorFileTypeContributionMap":{"doyelee0313":{"docs":26,"functional-code":0,"test-code":0},"STELLA-LYE":{"docs":158,"functional-code":0,"test-code":0},"jocelyn-soh":{"docs":23,"functional-code":0,"test-code":0},"tohlh":{"docs":17,"functional-code":0,"test-code":0}},"authorContributionVariance":{"doyelee0313":84.63905,"STELLA-LYE":2187.0535,"jocelyn-soh":575.1479,"tohlh":34.13018},"authorDisplayNameMap":{"doyelee0313":"CS2103T-W10-4 LEE ..DOYE","STELLA-LYE":"CS2103T-W10-4 STEL..I YU","jocelyn-soh":"CS2103T-W10-4 SOH ..ELYN","tohlh":"CS2103T-W10-4 TOH ..HENG"}}
