{"authorDailyContributionsMap":{"danielleloh":[{"date":"2024-02-26","commitResults":[{"hash":"ed9d7c2c6e65d06203e8fc38567274da14cf63db","isMergeCommit":false,"messageTitle":"docs: add section for danielle loh","messageBody":"","fileTypesAndContributionMap":{"docs":{"insertions":4,"deletions":4}}},{"hash":"e5172e2189b97411d0db519415034fd5e4f569e6","isMergeCommit":false,"messageTitle":"docs: update danielle\u0027s section in aboutus.md","messageBody":"","fileTypesAndContributionMap":{"docs":{"insertions":1,"deletions":1}}},{"hash":"c52ea3fa49a29780868d547cb0f12a27d9673265","isMergeCommit":false,"messageTitle":"fix: edit role and responsibility for danielle in AboutUs.md","messageBody":"","fileTypesAndContributionMap":{"docs":{"insertions":2,"deletions":2}}}]},{"date":"2024-02-27","commitResults":[{"hash":"e281017408e45ad12043f7bd2f4f2ebf7cb31266","isMergeCommit":true,"messageTitle":"Merge branch \u0027master\u0027 of https://github.com/AY2324S2-CS2103T-T10-1/tp","messageBody":"* \u0027master\u0027 of https://github.com/AY2324S2-CS2103T-T10-1/tp:\n  Update AboutUs.md\n  fix: add correctly named png file for danielle loh to docs\n  fix: delete wrongly formatted png file for danielle loh\n  fix: naming issue in images.\n  Update AboutUs.md\n  Update AboutUs.md for Johan\n  Update `AboutUs.md`\n  fix: edit role and responsibility for danielle in AboutUs.md\n  docs: fix typo\n  Upload profile picture\n  docs: update danielle\u0027s section in aboutus.md\n  docs: add section for danielle loh\n  docs: add section for leng khai\n","fileTypesAndContributionMap":{}},{"hash":"767befcf7293cba60b3fa513a0aa66f579936f65","isMergeCommit":false,"messageTitle":"update UserGuide.md to include feature of exporting data to csv.","messageBody":"Users will refer to the instructions under this section of the user\nguide to figure out how to export the data in ab3 to a csv file.\n\nadd,\n* command format used to export data to csv\n* information on what action is performed after command is input\n* command format and information in command summary table\n","fileTypesAndContributionMap":{"docs":{"insertions":16,"deletions":9}}},{"hash":"134c8bf22b0a36470a18b560e66ab94893a84d89","isMergeCommit":false,"messageTitle":"Update user guide to include information about contact\u0027s email addresses being unique","messageBody":"No two contacts in should have the same email addresses and the email\naddresses can be used to uniquely identify each contact.\n\nadd a box labelled important under \"Adding a person\" section to inform\nusers of this feature\n","fileTypesAndContributionMap":{"docs":{"insertions":6,"deletions":1}}},{"hash":"cc731666fa7731670dfb2e1f3b499fbafb360e66","isMergeCommit":false,"messageTitle":"fix: table formatting in user guide for command summary","messageBody":"","fileTypesAndContributionMap":{"docs":{"insertions":10,"deletions":10}}},{"hash":"03cebf6fc95f2e17ed135a1f86b6242bf3cbfe3f","isMergeCommit":false,"messageTitle":"fix: table formatting in user guide for command summary","messageBody":"","fileTypesAndContributionMap":{"docs":{"insertions":10,"deletions":10}}},{"hash":"f9d1f1ae5c6b26f507b4596b3d1f83737feb065d","isMergeCommit":true,"messageTitle":"Merge branch \u0027master\u0027 of https://github.com/AY2324S2-CS2103T-T10-1/tp","messageBody":"* \u0027master\u0027 of https://github.com/AY2324S2-CS2103T-T10-1/tp:\n  Update User Guide\n","fileTypesAndContributionMap":{}},{"hash":"52bd05ea07a9cf4cda5ab39e0eb74ef8875ff2a6","isMergeCommit":true,"messageTitle":"fix: merge conflicts with main for user guide command summary table","messageBody":"","fileTypesAndContributionMap":{}},{"hash":"eafc5e9d85dd76a85459623ea9d21f2b67e760cb","isMergeCommit":true,"messageTitle":"Merge branch \u0027branch-UserGuide\u0027 of https://github.com/danielleloh/tp into branch-UserGuide","messageBody":"* \u0027branch-UserGuide\u0027 of https://github.com/danielleloh/tp:\n","fileTypesAndContributionMap":{}},{"hash":"b214360ba4355037c17f537a75f15e0ffbe79030","isMergeCommit":true,"messageTitle":"Merge branch \u0027master\u0027 of https://github.com/AY2324S2-CS2103T-T10-1/tp into branch-UserGuide","messageBody":"* \u0027master\u0027 of https://github.com/AY2324S2-CS2103T-T10-1/tp:\n  fix: typo in user guide\n  docs: update user guide to support additional parameter\n  docs: insert the base information into the docs.\n  feat: test adding of prefix constant.\n  Update user guide\n  Update UserGuide.md\n  docs: add list of valid tags to user guide as well as add mention of matriculation id tag.\n  Update UserGuide\n","fileTypesAndContributionMap":{}},{"hash":"b992443ff92f9783a603515c9a4f3eee08535a9c","isMergeCommit":true,"messageTitle":"Merge branch \u0027branch-UserGuide\u0027","messageBody":"* branch-UserGuide:\n  fix: typo in user guide\n  docs: update user guide to support additional parameter\n  docs: insert the base information into the docs.\n  fix: table formatting in user guide for command summary\n  fix: table formatting in user guide for command summary\n  feat: test adding of prefix constant.\n  Update user guide\n  Update UserGuide.md\n  Update user guide to include information about contact\u0027s email addresses being unique\n  update UserGuide.md to include feature of exporting data to csv.\n  docs: add list of valid tags to user guide as well as add mention of matriculation id tag.\n  Update UserGuide\n","fileTypesAndContributionMap":{}},{"hash":"ab8a2f2779c383a7f7cf0e407e4015b33618b1d0","isMergeCommit":true,"messageTitle":"Merge branch \u0027master\u0027 of https://github.com/AY2324S2-CS2103T-T10-1/tp","messageBody":"* \u0027master\u0027 of https://github.com/AY2324S2-CS2103T-T10-1/tp:\n  README.md contains information of the addressbook from the original fork\n  Update UserGuide.md\n  Update UserGuide.md\n  Update UserGuide.md\n  Update UserGuide.md\n","fileTypesAndContributionMap":{}}]},{"date":"2024-02-29","commitResults":[{"hash":"e54399ecf22ea04276ca7d26552273969738014a","isMergeCommit":true,"messageTitle":"Merge branch \u0027master\u0027 of https://github.com/AY2324S2-CS2103T-T10-1/tp","messageBody":"* \u0027master\u0027 of https://github.com/AY2324S2-CS2103T-T10-1/tp:\n  docs: retain naming of Person objects.\n  docs: retain naming of Person objects.\n  docs: elaborate that address book has confirmed the clearance.\n  docs: change terminology to \"contact\" instead of using \"person\" interchangeably.\n  docs: specify correct numbering and loops for use cases\n  fix: error handling for use cases\n  docs: improve phrasing of developer guide to fit more closely with functionalities.\n","fileTypesAndContributionMap":{}},{"hash":"f3c6be1f82edfe0c7869f88aee5b00460ec5bd06","isMergeCommit":false,"messageTitle":"update developer guide","messageBody":"edited,\n* improved formatting\n* rephrased vaguely phrased statements to be more specific\n* add unique identification for each use case for easier cross reference\n* use case for exporting of data to a csv file\n","fileTypesAndContributionMap":{"docs":{"insertions":39,"deletions":28}}},{"hash":"26bdcc8c81a4a73de48334febedf0deb30e6cbe3","isMergeCommit":false,"messageTitle":"Update user guide to include extension on UC03 — add a contact.","messageBody":"Our AddressBook disallows adding of new contacts with existing email\naddresses. Hence, an error message is displayed when users try to add\na contact with an existing email address.\n","fileTypesAndContributionMap":{"docs":{"insertions":6,"deletions":0}}}]},{"date":"2024-03-01","commitResults":[{"hash":"7a3068ba23f88fe1bff7e031fac4162f7de0a75f","isMergeCommit":true,"messageTitle":"Merge branch \u0027master\u0027 of https://github.com/AY2324S2-CS2103T-T10-1/tp","messageBody":"* \u0027master\u0027 of https://github.com/AY2324S2-CS2103T-T10-1/tp:\n  Update Developer Guide\n  Update user guide to include extension on UC03 — add a contact.\n  update developer guide\n  Update Developer Guide\n  Update Developer Guide\n  docs: update ui mockup of app.\n","fileTypesAndContributionMap":{}},{"hash":"828df2dc8c4eb01c1bb644d0787278d94c62e747","isMergeCommit":true,"messageTitle":"Merge branch \u0027master\u0027 into branch-DeveloperGuide","messageBody":"* master:\n  Update Developer Guide\n  Update Developer Guide\n  Update Developer Guide\n  docs: update ui mockup of app.\n","fileTypesAndContributionMap":{}},{"hash":"6d983d37796f35ff48cd0dc28a0b946bf5436488","isMergeCommit":false,"messageTitle":"Update developer guide\u0027s formatting","messageBody":"Ensuring that the phrasing and formatting of the developer guide is\nconsistent throughout makes it look more professional\n\nchanges made include,\n* formatting of the naming and unique identification of use cases\n* add appropriate punctuation to places to ensure consistent formatting\n","fileTypesAndContributionMap":{"docs":{"insertions":15,"deletions":15}}}]},{"date":"2024-03-11","commitResults":[{"hash":"262f419975b81e19b399c6ec083ea09e1f72dd38","isMergeCommit":false,"messageTitle":"fix: change unique parameter of persons in the addressbook to email","messageBody":"initially the unique parameter of persons in the addressbook was the\nname of the person. however, it does not make sense for the name of\nthe person to be unique as it is not uncommon for 2 persons in the\ncohort to have the same name. therefore, we changed the unique parameter\nto the email address of persons as 2 students in a cohort should not\nhave the same email address.\n\nchange,\n* method in Person class that compares two persons if they are equal\nto compare the email address of the persons instead of the name\n* error message of the addressbook to warn users of a duplicate email\naddress in a contact they attempt to add\n","fileTypesAndContributionMap":{"functional-code":{"insertions":3,"deletions":3}}},{"hash":"50b97b8bc7a34e088416a28743a1dc2eeae001b6","isMergeCommit":false,"messageTitle":"fix: change email address comparison to be case insensitive","messageBody":"email addresses are case insensitive. this means that email@gmail.com\nis the same as EMAIL@gmail.com.\n\nedit equals method in Email class to ignore case when comparing email\naddresses\n\nsource:https://mailchimp.com/resources/are-email-addresses-case-sensitiv\ne/#:~:text\u003dAs%20mentioned%20earlier%2C%20capital%20letters,correctly%2C%\n20it%20will%20work%20properly.\n","fileTypesAndContributionMap":{"functional-code":{"insertions":1,"deletions":1}}},{"hash":"b5ba950a1487015aacf547e97856981935f71361","isMergeCommit":false,"messageTitle":"fix: edit tests involving testing for same persons","messageBody":"since the unique parameter that identifies a person is changed to email\naddress of a person, the test cases which test for the same persons\nshould be changed.\n\nchanges,\n* test cases testing for persons with the same email with all other\nattributes different should return true for the boolean method\nisSamePerson\n* test cases testing for persons with the different email with all other\nattributes same should return false for the boolean method\nisSamePerson\n* test cases testing for same email address but with different letter\ncasing should return true as email is case-insensitive\n","fileTypesAndContributionMap":{"test-code":{"insertions":9,"deletions":14}}},{"hash":"94bb6bdbdb89e0ed13eba4b905d2b0494aff08f6","isMergeCommit":true,"messageTitle":"Merge branch \u0027master\u0027 into branch-DeveloperGuide","messageBody":"* master:\n  fix: remove traces of AB3, replace with avengers assemble (AA)\n  Change usage of terminologies to be consistent with code Contact -\u003e Person\n  Improve explaination for prefixes and find command in User Guide\n","fileTypesAndContributionMap":{}},{"hash":"9ed01d84694720cb733f338c2ed837842e43d9e6","isMergeCommit":false,"messageTitle":"fix: edit typo and formatting error in developer guide","messageBody":"edit,\n* grammatical errors in case UC03\n* formatting errors for extensions in UC03 to indicate where the\nuse case resumes to after an extension case\n","fileTypesAndContributionMap":{"docs":{"insertions":6,"deletions":2}}}]},{"date":"2024-03-12","commitResults":[{"hash":"b713d3a25fc72f12ab073c1c9a013fdbb5fd0abc","isMergeCommit":true,"messageTitle":"Merge pull request #135 from Zer0Legion/branch-add-matric-number-param","messageBody":"feat: add matriculation number param","fileTypesAndContributionMap":{}},{"hash":"6b7595c429bc6de660b1395e557fe937219621da","isMergeCommit":true,"messageTitle":"Merge branch \u0027master\u0027 into branch-AddExportCommand","messageBody":"* master: (37 commits)\n  Edit Copy Command and Tests\n  Reorder Imports\n  Delete unused imports\n  Bug fix: Run in headless mode\n  Alter test case\n  Alter test case\n  Alter test case\n  Alter test case\n  Alter test case\n  Alter test case\n  Improve coding standard\n  Edit test case.\n  Update test case.\n  Fix code coverage\n  Update Imports\n  Delete test case\n  Add expectedModel to CopyCommandTest.java\n  Edit CopyCommandTest.java\n  Add Copy Command\n  style: fix checkstyle.\n  ...\n","fileTypesAndContributionMap":{}}]},{"date":"2024-03-13","commitResults":[{"hash":"5539181d1c7b6010513dadca8b96f2174ccd0f8d","isMergeCommit":false,"messageTitle":"feat: add export feature to export data in json file to a csv file","messageBody":"users may want to export all the data of persons in the addressbook to\na csv file for better compatibility with other applications, or other\nuses. csv file exported will be found in a file created named\naddressbookdata.\n\nchanges made include,\n* added new class ExportCommand with deals with exporting information\nstored in the address book json file to a csv file\n* new dependency in gradle to write CSV file\n\nother information,\n* inputting export at any time will update the same csv file in\naddressbookdata. a new csv file will not be created everytime the\nexport command is called. users can choose to move the file out of\naddressbookdata, if they choose to store current data.\n* all information will be exported, not a filtered part of the\ninformation\n","fileTypesAndContributionMap":{"functional-code":{"insertions":84,"deletions":0},"other":{"insertions":1,"deletions":0}}},{"hash":"5b4bad25aa6cb16aba0a63e5ffd0565d06fa0b7c","isMergeCommit":false,"messageTitle":"fix: update user guide to include more specific information on using the export command","messageBody":"this update ensure the user is fully aware of how the export command\nworks with the addressbook.\n\nchange the command word for exporting data to csv to `export`.\nadd information about the exported csv file and how it overwrites the\ncurrent file everytime the `export` command is ran if a csv file exists.\n","fileTypesAndContributionMap":{"docs":{"insertions":23,"deletions":13}}},{"hash":"e27a9b2666dffda59c9fc637fa982834271c0073","isMergeCommit":false,"messageTitle":"fix: fixed checkstyle issues present in the code","messageBody":"ensuring good code style issue ensures good code quality\n","fileTypesAndContributionMap":{"functional-code":{"insertions":5,"deletions":5}}},{"hash":"c06b00c9f84059c5087ee8877a94f8cf8b7437ab","isMergeCommit":false,"messageTitle":"fix: fixed checkstyle issues present in the code","messageBody":"ensuring good code style issue ensures good code quality\n","fileTypesAndContributionMap":{"functional-code":{"insertions":5,"deletions":5}}}]},{"date":"2024-03-14","commitResults":[{"hash":"a180360bd06e562ac77e7fb3ed37459a6b53a116","isMergeCommit":false,"messageTitle":"fix: improve SLAP of the ExportCommand class","messageBody":"Avoiding long methods improves the readability of the code. This makes\nit easier for future developers to read, understand and modify the code\nin the future.\n\nbreak down execute method into different methods.\n","fileTypesAndContributionMap":{"functional-code":{"insertions":89,"deletions":28}}},{"hash":"5099a0b672bfb58827d6c7fc73b980f4a3009f96","isMergeCommit":false,"messageTitle":"fix: fixed checkstyle issues present in the code","messageBody":"ensuring good code style issue ensures good code quality.\n","fileTypesAndContributionMap":{"functional-code":{"insertions":1,"deletions":1}}}]},{"date":"2024-03-15","commitResults":[{"hash":"6792c372f7f576aa0ec6355e3e2475df21a3562a","isMergeCommit":false,"messageTitle":"feat: add test cases for ExportCommand class","messageBody":"writing test cases can help future developers of the code catch any\nunintentionally introduced bugs when they modify the code.\n\nadd,\n* method to change the csv file path in ExportCommand class to isolate\nthe exported data from the actual data by diverting the exported data to\na separate CSV file\n* test case when updating the csv file path\n* tests cases for successful exporting of addressbook from JSON file to\nCSV\n* test cases that account for the possible exceptions thrown\n","fileTypesAndContributionMap":{"functional-code":{"insertions":11,"deletions":1},"test-code":{"insertions":95,"deletions":0}}},{"hash":"842c39949ecb389adf508830058f74000126b4e5","isMergeCommit":false,"messageTitle":"fix: change access of field csvFilePath in ExportCommand class to private","messageBody":"changes made,\n* change csvFilePath to private access\n* add method to access the csvFilePath\n","fileTypesAndContributionMap":{"functional-code":{"insertions":10,"deletions":1},"test-code":{"insertions":1,"deletions":1}}},{"hash":"375278570a0f90e3840ec7416b9874ae4639fd1e","isMergeCommit":false,"messageTitle":"feat: add in new test cases to improve test coverage","messageBody":"writing test cases can help future developers of the code catch any\nunintentionally introduced bugs when they modify the code.\n\nadd,\n* test case if there is no persons array in the JSON file\n* test case that will throw a JsonParseException due to incorrect JSON\nfile structure\n","fileTypesAndContributionMap":{"test-code":{"insertions":24,"deletions":2}}},{"hash":"e1cd6d7174abaf4c73e0b0935a7a2f7fdba007bb","isMergeCommit":false,"messageTitle":"fix: edit test case to check for building issues","messageBody":"","fileTypesAndContributionMap":{"test-code":{"insertions":4,"deletions":4}}},{"hash":"48bb093a6310e6a2011ff4a62372ad94b96486c5","isMergeCommit":false,"messageTitle":"fix: test case error","messageBody":"","fileTypesAndContributionMap":{"test-code":{"insertions":3,"deletions":3}}},{"hash":"8317504ac083055a68fcc69eea6443bf770fa25a","isMergeCommit":false,"messageTitle":"Change file path for test case","messageBody":"","fileTypesAndContributionMap":{"test-code":{"insertions":1,"deletions":1}}},{"hash":"c73939122d853f9fd5ed9d279ea64560ac1c28af","isMergeCommit":false,"messageTitle":"Change file path for test case","messageBody":"","fileTypesAndContributionMap":{"test-code":{"insertions":1,"deletions":1}}}]},{"date":"2024-03-18","commitResults":[{"hash":"1f17153bcb97c6bfcaa88f98a8f6a92543a36f7c","isMergeCommit":true,"messageTitle":"Merge pull request #148 from Zer0Legion/branch-add-specifications-to-ug","messageBody":"docs: add parameter specifications to user guide.","fileTypesAndContributionMap":{}},{"hash":"cd9d5b2438cbce29a35ec9247588d1e6ed696df6","isMergeCommit":true,"messageTitle":"Merge pull request #147 from Zer0Legion/branch-change-matric-regex","messageBody":"feat: Change Matric regex","fileTypesAndContributionMap":{}},{"hash":"0693745a087e94babf05d7f225c91eda650d90ed","isMergeCommit":true,"messageTitle":"Merge branch \u0027master\u0027 of https://github.com/AY2324S2-CS2103T-T10-1/tp","messageBody":"* \u0027master\u0027 of https://github.com/AY2324S2-CS2103T-T10-1/tp:\n  fix: fix typo\n  Change file path for test case\n  Change file path for test case\n  fix: test case error\n  fix: edit test case to check for building issues\n  feat: add in new test cases to improve test coverage\n  fix: add newline at the end of emptyPersonAddressBook.json file\n  fix: change access of field csvFilePath in ExportCommand class to private\n  feat: add test cases for ExportCommand class\n  docs: add parameter specifications to user guide.\n  docs: update User Guide to reflect correct usage of matriculation number.\n  feat: tighten constraints for Matric class.\n  fix: fixed checkstyle issues present in the code\n  fix: improve SLAP of the ExportCommand class\n  fix: fixed checkstyle issues present in the code\n  fix: fixed checkstyle issues present in the code\n  fix: update user guide to include more specific information on using the export command\n  feat: add export feature to export data in json file to a csv file\n","fileTypesAndContributionMap":{}},{"hash":"9109eeb63b953a7cfe5846579270641099bc7c25","isMergeCommit":true,"messageTitle":"Merge branch \u0027master\u0027 of https://github.com/AY2324S2-CS2103T-T10-1/tp","messageBody":"* \u0027master\u0027 of https://github.com/AY2324S2-CS2103T-T10-1/tp:\n  Add Studio parameter\n","fileTypesAndContributionMap":{}},{"hash":"0f591478afc2f6989a2f501855ac144b6d203e03","isMergeCommit":true,"messageTitle":"Merge branch \u0027master\u0027 into branch-AddExportCommand","messageBody":"* master:\n  fix: fix typo\n  docs: add parameter specifications to user guide.\n  docs: update User Guide to reflect correct usage of matriculation number.\n  feat: tighten constraints for Matric class.\n  Add Studio parameter\n","fileTypesAndContributionMap":{}},{"hash":"486e46092685d69ea78586e48c0f3513d12ec3ac","isMergeCommit":false,"messageTitle":"fix: remove test case that is not required for ExportCommand","messageBody":"","fileTypesAndContributionMap":{"test-code":{"insertions":1,"deletions":8}}},{"hash":"337316ecca4228c6f29818aed69641781125f5a1","isMergeCommit":true,"messageTitle":"Merge branch \u0027master\u0027 of https://github.com/AY2324S2-CS2103T-T10-1/tp","messageBody":"* \u0027master\u0027 of https://github.com/AY2324S2-CS2103T-T10-1/tp:\n  Stop tracking addressbook.csv\n  fix: remove test case that is not required for ExportCommand\n  Merge branch \u0027master\u0027 into branch-AddReflectionParameter\n  Stop tracking avengersassemble\n  Bugfix: Add line to EOF of avengersassemble.json\n  Bug fix: update prefix\n  Person: Add reflection parameter\n","fileTypesAndContributionMap":{}}]},{"date":"2024-03-19","commitResults":[{"hash":"9a5490434007d6c3060f75a9fa59d44b129924f6","isMergeCommit":false,"messageTitle":"feat: change uml sequence diagram to show the sequence of an export command","messageBody":"note,\nthis is the detailed version for saving purposes\n","fileTypesAndContributionMap":{"docs":{"insertions":149,"deletions":35}}},{"hash":"3de39c73a28f20d346247f4a9ad3a4169b15623f","isMergeCommit":false,"messageTitle":"feat: update UML sequence diagram in developer guide to show sequence for export command","messageBody":"the sequence diagram is useful in showing how the components of the\naddress book interact with each other to respond to a user command. in\nthis case, the user command we are showing is `export`.\n\nchanges made include,\n* sequence diagram for `delete` command has been updated to a sequence\ndiagram for `export` command, which is a new feature we included in\nout v1.2\n* developer guide has been updated to change any information related to\nprevious sequence diagram to be relevant to the current updated\nsequence diagram\n\nother note,\n* imported packages and their classes which are used in ExportCommand\nwere not included in the sequence diagram. Some input on whether it is\nrelevant and should be added into the diagram would be appreciated :)\n","fileTypesAndContributionMap":{"docs":{"insertions":88,"deletions":193}}}]},{"date":"2024-03-20","commitResults":[{"hash":"4d203e81f69f845b6309bdfb7fe770344559219d","isMergeCommit":false,"messageTitle":"fix: edit developer guide and diagrams to include DeleteSequenceDiagram as Export and Delete command execute differently","messageBody":"","fileTypesAndContributionMap":{"docs":{"insertions":88,"deletions":1}}}]}],"delishad21":[{"date":"2024-02-26","commitResults":[{"hash":"6552ccac14e920f46d85b48bf5934aea5297204a","isMergeCommit":true,"messageTitle":"Merge pull request #51 from jayllo-c/branch_UpdateAboutUs","messageBody":"Update Aboutus","fileTypesAndContributionMap":{}},{"hash":"9378ca667aa5ccb8061a59fcd21db1c64bf92709","isMergeCommit":false,"messageTitle":"Update AboutUs.md for Johan","messageBody":"","fileTypesAndContributionMap":{"docs":{"insertions":10,"deletions":12}}},{"hash":"0f57771296a32263b8b755a170839e8b9f25f55a","isMergeCommit":true,"messageTitle":"Merge branch \u0027master\u0027 into branch_update_aboutUs","messageBody":"","fileTypesAndContributionMap":{}}]},{"date":"2024-02-27","commitResults":[{"hash":"d6202ed3bb60290e4eef58086ba038ca40bd16e3","isMergeCommit":false,"messageTitle":"Update User Guide","messageBody":"Users have to stay updated on the changes in features of the app to utilise it properly\n\nUpdate specifications for \"find\" command to accomodate new features\n","fileTypesAndContributionMap":{"docs":{"insertions":11,"deletions":12}}},{"hash":"a22ff8b800c7ffb07a0481abb4476756b8ae9bb0","isMergeCommit":true,"messageTitle":"Merge branch \u0027master\u0027 into branch-UserGuide","messageBody":"","fileTypesAndContributionMap":{}},{"hash":"33898897ddf5bba0bfbee4aa335d6072dc906f09","isMergeCommit":false,"messageTitle":"README.md contains information of the addressbook from the original fork","messageBody":"An update has to be made to the README.md to align it with the app we are developing\n\nLet\u0027s change the README file to include information for our application\n","fileTypesAndContributionMap":{"docs":{"insertions":16,"deletions":14}}}]},{"date":"2024-02-28","commitResults":[{"hash":"2f0471857555af30e6a65554e81ca57afac9c794","isMergeCommit":true,"messageTitle":"Merge pull request #118 from Zer0Legion/branch-elaborate-dg-usecases","messageBody":"docs: improve phrasing of developer guide","fileTypesAndContributionMap":{}},{"hash":"b52bec718ad3971961cb14ba1f3fac87381053fa","isMergeCommit":true,"messageTitle":"Merge branch \u0027master\u0027 into branch-UpdateDg","messageBody":"","fileTypesAndContributionMap":{}}]},{"date":"2024-03-01","commitResults":[{"hash":"dac7e73ebce50fdebf4fefede32eeb11925ec1b7","isMergeCommit":true,"messageTitle":"Merge pull request #119 from Zer0Legion/branch-ui-png","messageBody":"docs: update ui mockup of app.","fileTypesAndContributionMap":{}}]},{"date":"2024-03-03","commitResults":[{"hash":"2ed4a84c126d18f9e9dc5f63dc2ba3648c2b8c95","isMergeCommit":false,"messageTitle":"Improve explaination for prefixes and find command in User Guide","messageBody":"There is an overlapping usage for the term \"parameter\" which currently refers to both the prefixes \"e/, n/, etc.\" which can cause confusion for users. The instructions for the find command are particularly confusing as it requires dynamic usage of prefixes.\n\nLet\u0027s update the user guide to be clearer in explaining the usage of prefixes and parameters.\n","fileTypesAndContributionMap":{"docs":{"insertions":49,"deletions":45}}},{"hash":"0de7bb34778749b0120830398067f13f9e2bed20","isMergeCommit":false,"messageTitle":"Change usage of terminologies to be consistent with code Contact -\u003e Person","messageBody":"","fileTypesAndContributionMap":{"docs":{"insertions":116,"deletions":116}}},{"hash":"62842f03de974d9eb2acce71c3e9e9b858a020c5","isMergeCommit":false,"messageTitle":"Modify functionality of \"find\" command","messageBody":"Current implementation of find is limited as it can only search for names. This prevents filtering through other details (emails, tags that indicate tutorial class, etc.)\n\nLets improve the implementation of find by allowing it to be used to filter through other details\n","fileTypesAndContributionMap":{"functional-code":{"insertions":144,"deletions":59},"test-code":{"insertions":282,"deletions":127}}}]},{"date":"2024-03-05","commitResults":[{"hash":"85cf5a8e11d546b0225bcefb6bc6e3e9a80d4831","isMergeCommit":false,"messageTitle":"Fix Bug with verifySinglePrefix() and Improve Code Coverage","messageBody":"There is an issue with the verifySinglePrefix() function in ArgumentMultimap.java. The function will incorrectly verify a multimap with two prefixes and no preamble as valid due to getPremble returning an empty string regardless of whether it is present or not\n\nLets update the logic in verifySinglePrefix() and iclude more code coveage to ensure that the method works as intended.\n","fileTypesAndContributionMap":{"functional-code":{"insertions":28,"deletions":11},"test-code":{"insertions":154,"deletions":7}}}]},{"date":"2024-03-09","commitResults":[{"hash":"739334fd7237d8726028159bdce4e78d55d6fb63","isMergeCommit":true,"messageTitle":"Merge branch \u0027master\u0027 of https://github.com/AY2324S2-CS2103T-T10-1/tp into branch_ImproveFindCommand","messageBody":"","fileTypesAndContributionMap":{}}]},{"date":"2024-03-12","commitResults":[{"hash":"848de5397591f2b29df9e87ae82b6e1fcf001451","isMergeCommit":true,"messageTitle":"Merge pull request #137 from danielleloh/branch-DeveloperGuide","messageBody":"fix: edit typo and formatting error in developer guide","fileTypesAndContributionMap":{}},{"hash":"cd05f6846104112e7dbd7f4ba318c0336f590492","isMergeCommit":false,"messageTitle":"Merge from upstream","messageBody":"","fileTypesAndContributionMap":{"other":{"insertions":580,"deletions":0}}}]},{"date":"2024-03-14","commitResults":[{"hash":"adf843092f0c69ef7acb2cd90106b1066764af96","isMergeCommit":false,"messageTitle":"Add Studio parameter","messageBody":"Currently, the application is only able keep track of student classes using the \"tag\" functionality.\n\nTo allow for more restrictions to be placed on the structure of studio parameters and to pave the way for the implementation of future features, lets add an additional optional parameter of \"Studio\".\n\nCode coverage was also added for the studio parameter, along with the matric parameter as well.\n","fileTypesAndContributionMap":{"functional-code":{"insertions":195,"deletions":26},"other":{"insertions":2,"deletions":2},"test-code":{"insertions":323,"deletions":46}}},{"hash":"213fa0caa71bbeebdcc3077b07829d16b8a4d45c","isMergeCommit":false,"messageTitle":"Remove bin files","messageBody":"","fileTypesAndContributionMap":{"other":{"insertions":0,"deletions":580}}}]},{"date":"2024-03-18","commitResults":[{"hash":"dcdc98fcdad2f6aff8e2f97ead33973f6a748132","isMergeCommit":true,"messageTitle":"Merge branch \u0027master\u0027 of https://github.com/AY2324S2-CS2103T-T10-1/tp into branch_ImplementStudioParameter","messageBody":"","fileTypesAndContributionMap":{}},{"hash":"99a5b9abcb6de355f76ea83fc78f79ae60e26c28","isMergeCommit":true,"messageTitle":"Merge branch \u0027master\u0027 of https://github.com/AY2324S2-CS2103T-T10-1/tp","messageBody":"","fileTypesAndContributionMap":{}}]},{"date":"2024-03-19","commitResults":[{"hash":"d2000214712db67995a9e5705a8cf13e6bcb0d02","isMergeCommit":true,"messageTitle":"Merge branch \u0027master\u0027 of https://github.com/AY2324S2-CS2103T-T10-1/tp into branch_UpdateModelDiagram","messageBody":"","fileTypesAndContributionMap":{}},{"hash":"eea4c0cf542eb5cd6a019227e4871eb9fb4d012a","isMergeCommit":false,"messageTitle":"Update Class Diagram for Model","messageBody":"","fileTypesAndContributionMap":{"other":{"insertions":1,"deletions":0},"docs":{"insertions":6,"deletions":0}}},{"hash":"3768eef0cc444c10e0c7a5b81ef10bfcc429eb22","isMergeCommit":false,"messageTitle":"Update Diagram formatting","messageBody":"","fileTypesAndContributionMap":{"docs":{"insertions":11,"deletions":6}}},{"hash":"5f61a44f31cb2e89ad8d1d6133d73e5594cd34bb","isMergeCommit":true,"messageTitle":"Merge branch \u0027master\u0027 of https://github.com/AY2324S2-CS2103T-T10-1/tp into branch_UpdateModelDiagram","messageBody":"","fileTypesAndContributionMap":{}}]}],"Pughal77":[{"date":"2024-02-26","commitResults":[{"hash":"2e172c2901f5d16778d96a496e410b26fb69b08c","isMergeCommit":false,"messageTitle":"Update `AboutUs.md`","messageBody":"","fileTypesAndContributionMap":{"docs":{"insertions":4,"deletions":5}}},{"hash":"cefedf508a4c8f097c05fc7d781ebbd7d65d7d15","isMergeCommit":true,"messageTitle":"Merge pull request #62 from Zer0Legion/master","messageBody":"Update AboutUs.md for Leng Khai","fileTypesAndContributionMap":{}},{"hash":"d6fc481becfa7b03caa861657dce591ee98aabed","isMergeCommit":false,"messageTitle":"Update AboutUs.md","messageBody":"","fileTypesAndContributionMap":{"docs":{"insertions":1,"deletions":1}}},{"hash":"d2cdfba8dfb327fb98a03011753288fd786b7ac6","isMergeCommit":false,"messageTitle":"Update AboutUs.md","messageBody":"","fileTypesAndContributionMap":{"docs":{"insertions":1,"deletions":1}}}]},{"date":"2024-02-27","commitResults":[{"hash":"af6a3c0159082f31bda65ec1308a9b4943ebedf1","isMergeCommit":false,"messageTitle":"Update UserGuide.md","messageBody":"","fileTypesAndContributionMap":{"docs":{"insertions":2,"deletions":2}}},{"hash":"78cd705ca455b25d043ffc502d2f1cce4bb1c660","isMergeCommit":true,"messageTitle":"Merge pull request #105 from jayllo-c/branch-UpdateUg","messageBody":"Update User Guide to include mass email copying feature v1.1","fileTypesAndContributionMap":{}},{"hash":"61a7e468579eeba6065b86d838ccc54952ce472c","isMergeCommit":true,"messageTitle":"Merge pull request #110 from Zer0Legion/branch-dg-base-info","messageBody":"Update DeveloperGuide.md: insert the base information into the docs.","fileTypesAndContributionMap":{}},{"hash":"d31c548ededa4c95685c54f295e8d7372fbdd960","isMergeCommit":true,"messageTitle":"Merge pull request #111 from Zer0Legion/branch-ug-matric-number-param","messageBody":"docs: update user guide to support additional parameter","fileTypesAndContributionMap":{}},{"hash":"2017baa3e3ca8b497f6add50a3bbe6dc40292c21","isMergeCommit":true,"messageTitle":"Merge branch \u0027master\u0027 into branch-ug-fix-typo-parameter","messageBody":"","fileTypesAndContributionMap":{}},{"hash":"a5f5bfcea96e11bc9501ebb75cc0563cfdb258c7","isMergeCommit":true,"messageTitle":"Merge pull request #112 from Zer0Legion/branch-ug-fix-typo-parameter","messageBody":"fix typo in UG","fileTypesAndContributionMap":{}},{"hash":"e58440019bc508282a85b6f8a9cf15698384d9ea","isMergeCommit":true,"messageTitle":"Merge branch \u0027master\u0027 into branch-UserGuide","messageBody":"","fileTypesAndContributionMap":{}},{"hash":"4499edb5ea8fc6ad0f21d75743bd78dc69a0250e","isMergeCommit":false,"messageTitle":"Update UserGuide.md","messageBody":"Add a new command `import` that includes feature to import contacts from a csv file\n","fileTypesAndContributionMap":{"docs":{"insertions":12,"deletions":4}}},{"hash":"a957bff6ae1ec0a5c08d2b72cd64b480edf8216d","isMergeCommit":false,"messageTitle":"Update UserGuide.md","messageBody":"","fileTypesAndContributionMap":{"docs":{"insertions":3,"deletions":3}}},{"hash":"eda732e2fe7bc7625729ba43317e7042c1fbe154","isMergeCommit":false,"messageTitle":"Update UserGuide.md","messageBody":"","fileTypesAndContributionMap":{"docs":{"insertions":1,"deletions":1}}},{"hash":"fb39d46ced19f383d00000e52da604624f3c0cc1","isMergeCommit":false,"messageTitle":"Update UserGuide.md","messageBody":"Update Command Summary table\n","fileTypesAndContributionMap":{"docs":{"insertions":12,"deletions":13}}}]},{"date":"2024-02-29","commitResults":[{"hash":"6d2402c1a29c034cc67fb96c7292c5ccc3e0dc87","isMergeCommit":false,"messageTitle":"Update Developer Guide","messageBody":"The developer guide now includes the use case of importing files\n","fileTypesAndContributionMap":{"docs":{"insertions":22,"deletions":0}}}]},{"date":"2024-03-03","commitResults":[{"hash":"d2ca84ae90593698fe252c6260bc0d05a7a1b870","isMergeCommit":true,"messageTitle":"Merge pull request #129 from delishad21/update_UserGuide","messageBody":"Improve explaination for prefixes and find command in User Guide","fileTypesAndContributionMap":{}}]},{"date":"2024-03-12","commitResults":[{"hash":"5c23107c7e220f083d1a5bfab1b155dbf74b5908","isMergeCommit":true,"messageTitle":"Merge pull request #136 from danielleloh/branch-UniqueEmailParameter","messageBody":"fix: change unique parameter of persons in the addressbook to email","fileTypesAndContributionMap":{}},{"hash":"a353a1bfe75f2279bc91779e8254eb009f17ef7b","isMergeCommit":true,"messageTitle":"Merge pull request #138 from jayllo-c/branch-AddCopyCommand","messageBody":"feat: add \"copy\" command","fileTypesAndContributionMap":{}}]},{"date":"2024-03-20","commitResults":[{"hash":"1bebc6fae5792cf70a6384d42c106aaa2b9a20c7","isMergeCommit":true,"messageTitle":"Merge pull request #155 from danielleloh/branch-UMLDiagram","messageBody":"feat: update UML sequence diagram in developer guide to show sequence for export command","fileTypesAndContributionMap":{}}]}],"Zer0Legion":[{"date":"2024-02-26","commitResults":[{"hash":"faca0fc3a2d2ddda5ac39ff606ea4055bc54cda1","isMergeCommit":false,"messageTitle":"docs: add section for leng khai","messageBody":"","fileTypesAndContributionMap":{"docs":{"insertions":5,"deletions":5}}},{"hash":"bfe66ec26679acb4dd1a3b50a1500e4e7bd99aec","isMergeCommit":false,"messageTitle":"docs: fix typo","messageBody":"","fileTypesAndContributionMap":{"docs":{"insertions":1,"deletions":1}}},{"hash":"b83c48adf13635c26e852dc46d396ebd15324f03","isMergeCommit":true,"messageTitle":"Merge pull request #60 from jayllo-c/branch_UpdateAboutUs","messageBody":"Update AboutUs.md for James Castillo","fileTypesAndContributionMap":{}},{"hash":"008571485ddf19ebad537a3572ec0308f1d62e8d","isMergeCommit":false,"messageTitle":"fix: naming issue in images.","messageBody":"This allows myself to get graded correctly.\n\nLets strive not to make any more mistakes in the future.\n","fileTypesAndContributionMap":{"docs":{"insertions":1,"deletions":1}}}]},{"date":"2024-02-27","commitResults":[{"hash":"bd9399ddd11a901cf96ab8501a5cf56e1d8b2174","isMergeCommit":false,"messageTitle":"docs: add list of valid tags to user guide as well as add mention of matriculation id tag.","messageBody":"This ensures users are kept up to date of new features that are\ngoing to be implemented.\n\nLets all strive to write better documentation for users.\n","fileTypesAndContributionMap":{"docs":{"insertions":20,"deletions":8}}},{"hash":"46591b29bb3df79733e798146be301d4d61ed611","isMergeCommit":true,"messageTitle":"Merge pull request #107 from delishad21/branch_update_UserGuide","messageBody":"Update User Guide","fileTypesAndContributionMap":{}},{"hash":"225282d7fdf946a4ead6ca00373fd007125a6792","isMergeCommit":false,"messageTitle":"feat: test adding of prefix constant.","messageBody":"This enables me to trace the command and required usages of\nthe new parameter.\n\nLets have a good time to trace the code.\n","fileTypesAndContributionMap":{"functional-code":{"insertions":4,"deletions":0}}},{"hash":"e3ba7edc4b4e7289a4b09dc3e6a1b9a6fca2649c","isMergeCommit":false,"messageTitle":"docs: insert the base information into the docs.","messageBody":"This allows developers to keep up to date and have our information\nin one place.\n\nLets improve documentation.\n","fileTypesAndContributionMap":{"docs":{"insertions":177,"deletions":34}}},{"hash":"7a59b0182ab6aaeeccf90da3fd5589f07a0c84b4","isMergeCommit":false,"messageTitle":"docs: update user guide to support additional parameter","messageBody":"","fileTypesAndContributionMap":{"docs":{"insertions":12,"deletions":4}}},{"hash":"fe560dbbc6520a5c3ecdd4a9374c45700e81a5c6","isMergeCommit":false,"messageTitle":"fix: typo in user guide","messageBody":"","fileTypesAndContributionMap":{"docs":{"insertions":1,"deletions":1}}},{"hash":"50bafadb45f30ca7cc4cafd7b93547379c3a9e91","isMergeCommit":true,"messageTitle":"Merge pull request #106 from danielleloh/branch-UserGuide","messageBody":"Update user guide to include instructions on exporting of data to csv","fileTypesAndContributionMap":{}},{"hash":"c7352ea511be46d417643e8b4499e6e84b3cd865","isMergeCommit":false,"messageTitle":"docs: improve phrasing of developer guide to fit more closely with functionalities.","messageBody":"This brings the developer guide closer to the actual implementation\nof the code.\n\nLets strive to improve documentation.\n","fileTypesAndContributionMap":{"docs":{"insertions":42,"deletions":31}}},{"hash":"d75d9eb6c6214262c7c09412337107fb8bf0feda","isMergeCommit":true,"messageTitle":"Merge pull request #116 from Pughal77/branch-UpdateUserGuide.md-ImportFeature","messageBody":"Branch update user guide.md import feature","fileTypesAndContributionMap":{}},{"hash":"d31a9991d9d9d88d90bb9ded5409470341cfd187","isMergeCommit":true,"messageTitle":"Merge pull request #117 from delishad21/branch_UpdateDeveloperGuide","messageBody":"Update README.md","fileTypesAndContributionMap":{}},{"hash":"ff3d2a852a5e2f83f6539fa0144fca87644f62f1","isMergeCommit":false,"messageTitle":"fix: error handling for use cases","messageBody":"","fileTypesAndContributionMap":{"docs":{"insertions":3,"deletions":3}}}]},{"date":"2024-02-28","commitResults":[{"hash":"a81d8cb89ad8685c023d0955e8ad033c908fe11f","isMergeCommit":false,"messageTitle":"docs: specify correct numbering and loops for use cases","messageBody":"","fileTypesAndContributionMap":{"docs":{"insertions":1,"deletions":1}}},{"hash":"3440b941851c9a3c28fd69401564aad65c79a265","isMergeCommit":false,"messageTitle":"docs: change terminology to \"contact\" instead of using \"person\" interchangeably.","messageBody":"Now, ambiguity is removed where we are adding contacts in the\naddress book instead of persons.\n\nLets strive to remove ambiguity.\n","fileTypesAndContributionMap":{"docs":{"insertions":53,"deletions":53}}},{"hash":"f45b9173899bab56e8d98e599dbabdb7e5dacec5","isMergeCommit":false,"messageTitle":"docs: elaborate that address book has confirmed the clearance.","messageBody":"Now the use case more accurately reflects the interaction with\nthe user.\n\nLets strive towards better documentation.\n","fileTypesAndContributionMap":{"docs":{"insertions":2,"deletions":2}}},{"hash":"c213d8795b3b8149c4142833a530c69beb0c3619","isMergeCommit":false,"messageTitle":"docs: retain naming of Person objects.","messageBody":"This keeps the classes names intact.\n","fileTypesAndContributionMap":{"docs":{"insertions":5,"deletions":5}}},{"hash":"d94e39d85b0c0be97bbf68b621a515a15efc8a12","isMergeCommit":false,"messageTitle":"docs: retain naming of Person objects.","messageBody":"This keeps the classes names intact.\n","fileTypesAndContributionMap":{"docs":{"insertions":5,"deletions":5}}},{"hash":"2e27426c70c1b9f5d39410dc5695c3692e1c4a68","isMergeCommit":true,"messageTitle":"Merge branch \u0027branch-elaborate-dg-usecases\u0027 of https://github.com/Zer0Legion/tp into branch-elaborate-dg-usecases","messageBody":"# Conflicts:\n#\tdocs/DeveloperGuide.md\n","fileTypesAndContributionMap":{}}]},{"date":"2024-03-01","commitResults":[{"hash":"697796419f6caceb190fa7ce8ec8cd3a17c94f38","isMergeCommit":true,"messageTitle":"Merge pull request #121 from jayllo-c/branch-UpdateDg","messageBody":"Update Developer Guide to include use cases for copying email addresses v1.1","fileTypesAndContributionMap":{}},{"hash":"6c97a05db2fbc8fd1c7a72ed5629ba5b1001762e","isMergeCommit":true,"messageTitle":"Merge pull request #123 from danielleloh/branch-DeveloperGuide","messageBody":"Update developer guide","fileTypesAndContributionMap":{}},{"hash":"6ab5a371d30f77bcf93a54b975021f58b1a48ace","isMergeCommit":true,"messageTitle":"Merge branch \u0027master\u0027 into branch-UpdateDeveloperGuide.md","messageBody":"","fileTypesAndContributionMap":{}},{"hash":"34d8df411f6f8a8a270a15a5a2a9e85976744814","isMergeCommit":true,"messageTitle":"Merge pull request #125 from Pughal77/branch-UpdateDeveloperGuide.md","messageBody":"Update Developer Guide","fileTypesAndContributionMap":{}}]},{"date":"2024-03-02","commitResults":[{"hash":"b48b7b2026f452e257f9956d2ddb2a3f90fd24c6","isMergeCommit":true,"messageTitle":"Merge pull request #126 from danielleloh/branch-DeveloperGuide","messageBody":"Update formatting of developer guide","fileTypesAndContributionMap":{}}]},{"date":"2024-03-04","commitResults":[{"hash":"44c23429155f073b8a1e4ddff57289388ff98ab1","isMergeCommit":false,"messageTitle":"fix: remove traces of AB3, replace with avengers assemble (AA)","messageBody":"This ensures consistency with our application, now named avengers\nassemble (AA). This removes any ambiguity or confusion by the\nreader.\n\nLets strive toward better documentation\n","fileTypesAndContributionMap":{"functional-code":{"insertions":1,"deletions":1},"other":{"insertions":1,"deletions":1},"docs":{"insertions":20,"deletions":20},"test-code":{"insertions":2,"deletions":2}}}]},{"date":"2024-03-06","commitResults":[{"hash":"dc7208552beea8952add9aa284b55cc169ef4a83","isMergeCommit":false,"messageTitle":"feat: add Matric class","messageBody":"This class represents an optional matriculation number that the\nhead tutor can add to students.\n\nNow, the matriculation number is appropriately encapsulated.\n\nLets encapsulate.\n","fileTypesAndContributionMap":{"functional-code":{"insertions":64,"deletions":1}}},{"hash":"50c428bb8ecfd1b987b566ec672349b5f0ba3b99","isMergeCommit":false,"messageTitle":"feat: enable parsing for matric number when adding.","messageBody":"Now, the program is able to recognize and parse the m/ prefix.\nThis enables us to pass the Matric object into the constructor\nfor a Person object in the future.\n\nLets continue working towards the goal.\n","fileTypesAndContributionMap":{"functional-code":{"insertions":19,"deletions":1}}},{"hash":"3954a94753ce5456f24e6dcf966e6ebb1186b805","isMergeCommit":false,"messageTitle":"feat: implement matriculation number in edit command.","messageBody":"Now, edit command and its parser recognizes the presence of\nthe matriculation number data field. It is currently compulsory.\n","fileTypesAndContributionMap":{"functional-code":{"insertions":63,"deletions":19},"test-code":{"insertions":43,"deletions":21}}},{"hash":"c2f26881ecbdcb52e26cb792cc05f7a3395f9c1e","isMergeCommit":false,"messageTitle":"ui: add matriculation number display","messageBody":"Now, matriculation number is displayed as a field.\n\nIn the future, we plan to remove the mandatory constraint\non the matriculation number to appropriately reflect staff without\nmatriculation number.\n\nLets work towards implementing the optional field.\n","fileTypesAndContributionMap":{"functional-code":{"insertions":4,"deletions":0}}},{"hash":"7406236232daf86929ba518d7716ee8ec6021e59","isMergeCommit":false,"messageTitle":"feat: enable adding of matriculation numbers to be optional.","messageBody":"This aligns with our product vision to enable the head tutor\nto be able to add both students or potentially staff without\nmatriculation numbers.\n\nLets go\n","fileTypesAndContributionMap":{"functional-code":{"insertions":27,"deletions":8}}},{"hash":"7145f057001da7b5b592ff92265f49b21331b3cf","isMergeCommit":false,"messageTitle":"test: implement and update unit tests related to matriculation number.","messageBody":"Now, the unit tests cover 100% lines for commands package.\n\nLets strive to achieve maximum code coverage.\n","fileTypesAndContributionMap":{"functional-code":{"insertions":1,"deletions":1},"test-code":{"insertions":146,"deletions":19}}},{"hash":"0b1908d9ed953c8fa7a0e925ee3a4ca2cefdc8fc","isMergeCommit":false,"messageTitle":"test: achieve 100% line coverage for parser package.","messageBody":"Now we can be more confident that the code we write is correct.\n\nLets strive for better code coverage.\n","fileTypesAndContributionMap":{"test-code":{"insertions":15,"deletions":0}}},{"hash":"28f17bf0e04a2c37a009bc08837ef45acd09c753","isMergeCommit":false,"messageTitle":"style: fixed checkstyle","messageBody":"Now our code is easier to read, and seems like it was written\nby a single person.\n\nLets strive toward better code.\n","fileTypesAndContributionMap":{"functional-code":{"insertions":0,"deletions":1},"test-code":{"insertions":18,"deletions":9}}},{"hash":"ca981ade1610da27aaf66bc158a58d924742708f","isMergeCommit":true,"messageTitle":"Merge pull request #132 from Zer0Legion/branch-remove-ab3-references","messageBody":"fix: remove traces of AB3, replace with avengers assemble (AA)","fileTypesAndContributionMap":{}}]},{"date":"2024-03-07","commitResults":[{"hash":"732e8d59b00e50d59fadbdae0798ba0519631f2f","isMergeCommit":false,"messageTitle":"fix: fixed bug allowing user to enter an empty matriculation number.","messageBody":"Now, only valid matriculation numbers are able to be passed in,\nwhile an empty Matric is created only by the application.\n\nLets improve bugs.\n","fileTypesAndContributionMap":{"functional-code":{"insertions":15,"deletions":4}}},{"hash":"596ef4a18f123b87ebe0ee61a1416e75f3aee330","isMergeCommit":false,"messageTitle":"test: improve code coverage for relevant files","messageBody":"This enables us to be more confident that our code works correctly.\n\nLets strive towards maximizing code coverage.\n","fileTypesAndContributionMap":{"test-code":{"insertions":25,"deletions":2}}}]},{"date":"2024-03-11","commitResults":[{"hash":"3a1048fc4c7884947923a39d26ae236526f44374","isMergeCommit":false,"messageTitle":"docs: update informational messages to indicate that matriculation number is an optional field.","messageBody":"Now, the add and edit help messages both correctly reflect the\nbehaviour of matriculation number as an optional field.\n\nLets improve documentation.\n","fileTypesAndContributionMap":{"functional-code":{"insertions":3,"deletions":1}}},{"hash":"4146179545f0a9361c56b174c71bf7e4ad6ca9b5","isMergeCommit":false,"messageTitle":"style: fix checkstyle.","messageBody":"Now the code has updated sequence of imports and has a more\nconsistent import structure.\n","fileTypesAndContributionMap":{"test-code":{"insertions":2,"deletions":2}}},{"hash":"6636cc77c1fe3f48d57f8897ced0c41a0063b63c","isMergeCommit":true,"messageTitle":"Merge remote-tracking branch \u0027origin/branch-add-matric-number-param\u0027 into branch-add-matric-number-param","messageBody":"","fileTypesAndContributionMap":{}}]},{"date":"2024-03-12","commitResults":[{"hash":"ff55ac235579c7d5ddb91564b7606a57def3df40","isMergeCommit":true,"messageTitle":"Merge remote-tracking branch \u0027upstream/master\u0027 into branch-add-matric-number-param","messageBody":"# Conflicts:\n#\tsrc/test/data/JsonSerializableAddressBookTest/duplicatePersonAddressBook.json\n","fileTypesAndContributionMap":{}},{"hash":"bd8424c6c797a21f9c6f9b38b5e7e500b67811c6","isMergeCommit":true,"messageTitle":"Merge pull request #130 from delishad21/branch_ImproveFindCommand","messageBody":"Modify functionality of \"find\" command","fileTypesAndContributionMap":{}}]},{"date":"2024-03-14","commitResults":[{"hash":"2fbe541d15d78ca25feaf3e104e6a75e1b7f2723","isMergeCommit":false,"messageTitle":"feat: tighten constraints for Matric class.","messageBody":"Now, only matriculation numbers that start with \u0027A\u0027 are accepted.\nThis reflects in the lore of the National University of\nSingapore when it was created on 8 August 1980, where it was\ndetermined that \u0027A\u0027 would stand for \u0027Academic Year\u0027. Hence there\nis no reason to accept other characters for the first letter.\n\nLets take a nap\n","fileTypesAndContributionMap":{"functional-code":{"insertions":2,"deletions":2},"test-code":{"insertions":1,"deletions":1}}},{"hash":"e48fab861a570771b6c2c1a6db399d4ad64a53c1","isMergeCommit":false,"messageTitle":"docs: update User Guide to reflect correct usage of matriculation number.","messageBody":"","fileTypesAndContributionMap":{"docs":{"insertions":12,"deletions":12}}},{"hash":"2363df736d250827c25079033a9b8d15de71a925","isMergeCommit":false,"messageTitle":"docs: add parameter specifications to user guide.","messageBody":"Now, all the constraints of the different parameters are\ncollated in the user guide, helping the user to follow the\ninstructions better and increasing reader\u0027s comprehension.\nUse of Logos.\n\nLets go home\n","fileTypesAndContributionMap":{"docs":{"insertions":12,"deletions":20}}}]},{"date":"2024-03-18","commitResults":[{"hash":"9e09128c7b114b325afb708b76336836e3cd5766","isMergeCommit":false,"messageTitle":"fix: fix typo","messageBody":"","fileTypesAndContributionMap":{"docs":{"insertions":2,"deletions":2}}},{"hash":"bd82f57dbee98cf5bb9c1756da3b620c4ce8dca0","isMergeCommit":true,"messageTitle":"Merge branch \u0027master\u0027 into branch-AddExportCommand","messageBody":"","fileTypesAndContributionMap":{}},{"hash":"748bf9af15e442d09d5fa204607d1a3c81004c6e","isMergeCommit":true,"messageTitle":"Merge pull request #142 from danielleloh/branch-AddExportCommand","messageBody":"feat: add export feature to export data in json file to a csv file","fileTypesAndContributionMap":{}},{"hash":"af0683ed861744aa1d2c4f44949a137ed80dd7ff","isMergeCommit":true,"messageTitle":"Merge pull request #144 from delishad21/branch_ImplementStudioParameter","messageBody":"Add Studio parameter","fileTypesAndContributionMap":{}},{"hash":"32021eb155ff9afbff3185cbeb7dbdfe90aeb694","isMergeCommit":true,"messageTitle":"Merge pull request #152 from danielleloh/branch-AddExportCommand","messageBody":"fix: remove test case that is not required for ExportCommand","fileTypesAndContributionMap":{}},{"hash":"61499efcba1c54b997e203847b171e734e606c04","isMergeCommit":true,"messageTitle":"Merge pull request #151 from jayllo-c/branch-AddReflectionParameter","messageBody":"Add Reflection parameter","fileTypesAndContributionMap":{}}]},{"date":"2024-03-20","commitResults":[{"hash":"865ae17c2764c41efedc8e58e4eb0846b02ba4ee","isMergeCommit":true,"messageTitle":"Merge pull request #163 from jayllo-c/branch-UpdateDiagram","messageBody":"Update BetterModelClass diagram","fileTypesAndContributionMap":{}}]}],"jayllo-c":[{"date":"2024-02-26","commitResults":[{"hash":"5138082c90c1117c7f50d7ea77d8805e40528718","isMergeCommit":false,"messageTitle":"Update Aboutus","messageBody":"","fileTypesAndContributionMap":{"docs":{"insertions":15,"deletions":14}}},{"hash":"0365a2654a5b3be9156fa968524115f2ce6dcafa","isMergeCommit":false,"messageTitle":"Upload profile picture","messageBody":"","fileTypesAndContributionMap":{"docs":{"insertions":4,"deletions":5}}},{"hash":"48817ef600ba6624bfab8a5e252810d492f3d09a","isMergeCommit":true,"messageTitle":"Merge pull request #63 from danielleloh/branch-AboutUs","messageBody":"Update AboutUs.md for Danielle","fileTypesAndContributionMap":{}},{"hash":"03373db2cf183a5e19278a1a05ee7465d4d384b9","isMergeCommit":true,"messageTitle":"Merge pull request #69 from danielleloh/branch-AboutUs","messageBody":"fix: rename png file for Danielle ","fileTypesAndContributionMap":{}},{"hash":"0f12365fbafa87c8fba055f9c6d32cf4c50a09b5","isMergeCommit":true,"messageTitle":"Merge pull request #64 from Pughal77/branch-UpdateAboutUs.md","messageBody":"Update Pughal\u0027s section for `AboutUs.md`","fileTypesAndContributionMap":{}},{"hash":"72276db1744e676dcabca4858c5f9de973fa69bb","isMergeCommit":true,"messageTitle":"Merge pull request #67 from Zer0Legion/branch-fix-aboutus","messageBody":"fix: naming issue in images.","fileTypesAndContributionMap":{}},{"hash":"5c1e47a7f21b4394e2e76203535c05ee214e200e","isMergeCommit":true,"messageTitle":"Merge branch \u0027master\u0027 into branch_update_aboutUs","messageBody":"","fileTypesAndContributionMap":{}},{"hash":"9711e39af6116923444f455d7e21bebdd7a175d3","isMergeCommit":true,"messageTitle":"Merge pull request #65 from delishad21/branch_update_aboutUs","messageBody":"Update AboutUs.md for Johan","fileTypesAndContributionMap":{}}]},{"date":"2024-02-27","commitResults":[{"hash":"61fe3a5b0f0691476cdca5e74a3f20f32bf93fab","isMergeCommit":true,"messageTitle":"Merge branch \u0027branch_UpdateAboutUs\u0027","messageBody":"","fileTypesAndContributionMap":{}},{"hash":"00605d6b13b7887f90159df1582daa722e6c40be","isMergeCommit":false,"messageTitle":"Update UserGuide","messageBody":"Updated the user guide to include the mass email copying feature.\n\nThis update ensures that the user guide is up-to-date with the planned\nfeatures.\n","fileTypesAndContributionMap":{"docs":{"insertions":10,"deletions":0}}},{"hash":"0efee1409e69e3a0891ae1391eb6cd6876058696","isMergeCommit":false,"messageTitle":"Update user guide","messageBody":"Minor change was made to the command summary to include the \u0027copy\u0027\ncommand.\n","fileTypesAndContributionMap":{"docs":{"insertions":1,"deletions":0}}},{"hash":"00b7773d4ea2b1b4ff13bbf2c7fc4d864715fdbd","isMergeCommit":true,"messageTitle":"Merge branch \u0027master\u0027 into branch-UpdateUg","messageBody":"","fileTypesAndContributionMap":{}},{"hash":"a961d6c0e879fb0e3d63d5e05a7cbec3ae8ce21f","isMergeCommit":true,"messageTitle":"Merge branch \u0027master\u0027 of https://github.com/AY2324S2-CS2103T-T10-1/tp into branch-UpdateUg","messageBody":"","fileTypesAndContributionMap":{}},{"hash":"3ab8c7884d2026d127d480d7d53d2eb65d32ea13","isMergeCommit":true,"messageTitle":"Merge branch \u0027branch-UpdateUg\u0027","messageBody":"","fileTypesAndContributionMap":{}},{"hash":"35529d9b591119fda457c6a29d2714458d4fc11f","isMergeCommit":true,"messageTitle":"Merge pull request #109 from Pughal77/branch-UpdateUserGuide.md","messageBody":"Update UserGuide.md","fileTypesAndContributionMap":{}},{"hash":"e1024525c4d5606814292f1fa5469648e257d8d5","isMergeCommit":true,"messageTitle":"Merge branch \u0027master\u0027 into branch-ug-matric-number-param","messageBody":"","fileTypesAndContributionMap":{}},{"hash":"2bc6eaa20c47fc01591909f28b47da0430cec841","isMergeCommit":true,"messageTitle":"Merge branch \u0027master\u0027 of https://github.com/AY2324S2-CS2103T-T10-1/tp","messageBody":"","fileTypesAndContributionMap":{}}]},{"date":"2024-02-28","commitResults":[{"hash":"ce1bc2bed13978a83568ef9c7f21a44079cc2ff0","isMergeCommit":true,"messageTitle":"Merge branch \u0027master\u0027 of https://github.com/AY2324S2-CS2103T-T10-1/tp","messageBody":"","fileTypesAndContributionMap":{}},{"hash":"68ac402bdae57ce185bbda0ec381a0fc9dc87433","isMergeCommit":false,"messageTitle":"Update Developer Guide","messageBody":"Developer guide updated to include use cases for copying of emails.\n\nThis allows future developers to better understand how the \u0027copy\u0027\nfunction interacts with users.\n","fileTypesAndContributionMap":{"docs":{"insertions":24,"deletions":3}}},{"hash":"65a6b45555f00b6711aa4e97742b34a5310d0ea1","isMergeCommit":false,"messageTitle":"Update Developer Guide","messageBody":"Changed phrasing to align with common terminologies agreed by the team.\n\nThis ensures the developer guide is standardized.\n","fileTypesAndContributionMap":{"docs":{"insertions":4,"deletions":4}}}]},{"date":"2024-03-02","commitResults":[{"hash":"bac4879b3ac4df95ac100daa3eef5450012d9ab9","isMergeCommit":true,"messageTitle":"Merge branch \u0027master\u0027 of https://github.com/AY2324S2-CS2103T-T10-1/tp","messageBody":"","fileTypesAndContributionMap":{}}]},{"date":"2024-03-11","commitResults":[{"hash":"284ff60744c30e71ec74af99edc1c62fde218f7e","isMergeCommit":true,"messageTitle":"Merge branch \u0027master\u0027 of https://github.com/AY2324S2-CS2103T-T10-1/tp","messageBody":"","fileTypesAndContributionMap":{}},{"hash":"0fd8da0aa31f0e2292b5ccadc1d9bba3e74f26c7","isMergeCommit":true,"messageTitle":"Merge branch \u0027master\u0027 into branch-add-matric-number-param","messageBody":"","fileTypesAndContributionMap":{}},{"hash":"b856c36b5aad82270414b409f48cb8a42253f51f","isMergeCommit":false,"messageTitle":"Add Copy Command","messageBody":"The only way to obtain the emails of people in the list is to manually\ncopy them one by one.\n\nThis is not ideal as a large list would take a proportionately long\ntime to obtain all the emails.\n\nAs such, lets implement the copy command to follow the behavior\nsuggested in the developer guide, copying all emails currently listed\nin the last shown list. The command would take into consideration if the\nlatest list is empty, and notifies the user if there are no emails to\nbe copied. If the list is empty, the emails of all persons displayed\nwould be copied into the user\u0027s clipboard. The user can then paste this\nanywhere using `ctrl+v`.\n\nThis command has been implemented to meet the identified needs of our\ntarget users to aid in quickening communication between the user and\ntarget groups.\n\nThis commit will also include all relevant tests to ensure that\nthe methods involved have been thoroughly tested.\n","fileTypesAndContributionMap":{"functional-code":{"insertions":55,"deletions":0},"test-code":{"insertions":80,"deletions":0}}}]},{"date":"2024-03-12","commitResults":[{"hash":"7e0424d020899738ee655045060a0019a7141d4d","isMergeCommit":false,"messageTitle":"Edit CopyCommandTest.java","messageBody":"Slightly edited the test files due to incompatibility issues between\njava awt.datatransfer.clipboard and the checks done by GitHub.\n\nBy eliminating these issues, the pull request should be able to pass\nall tests without compromising on the code coverage.\n","fileTypesAndContributionMap":{"test-code":{"insertions":0,"deletions":12}}},{"hash":"b880e0e3a9ff0ac4193c2eb87e9bac215f9cec3d","isMergeCommit":false,"messageTitle":"Add expectedModel to CopyCommandTest.java","messageBody":"Simply added expectedModel for completeness of the test.\n","fileTypesAndContributionMap":{"test-code":{"insertions":2,"deletions":1}}},{"hash":"6c1f7c37218edb450fc54cb94378a358a4c84ea0","isMergeCommit":false,"messageTitle":"Delete test case","messageBody":"Due to unforeseen issues with GitHub\u0027s checks, the test cases will be\nrefined in a future PR.\n","fileTypesAndContributionMap":{"test-code":{"insertions":0,"deletions":5}}},{"hash":"876ac039b2a0531391f2a3321b27c8a3ceeeae48","isMergeCommit":false,"messageTitle":"Update Imports","messageBody":"Removed unused imports from the test file to adhere to coding standards.\n","fileTypesAndContributionMap":{"test-code":{"insertions":0,"deletions":1}}},{"hash":"f03d8edd030b7715b84943794df63c4042c689f3","isMergeCommit":false,"messageTitle":"Fix code coverage","messageBody":"Added back test to improve the code coverage.\n","fileTypesAndContributionMap":{"test-code":{"insertions":6,"deletions":0}}},{"hash":"e93913974931fa5269a5f914fb946092f81297b0","isMergeCommit":false,"messageTitle":"Update test case.","messageBody":"Changed the test case to identify why the test fails GitHub checks\ndespite passing when test is run locally.\n","fileTypesAndContributionMap":{"test-code":{"insertions":2,"deletions":1}}},{"hash":"cc91118fda6bd39f2a0ae5e9713165faa79fe2da","isMergeCommit":false,"messageTitle":"Edit test case.","messageBody":"Changed test case to isolate the code from any external functions.\n","fileTypesAndContributionMap":{"test-code":{"insertions":10,"deletions":4}}},{"hash":"c99206962b66b27d30894bee5c502dccb64a2530","isMergeCommit":false,"messageTitle":"Improve coding standard","messageBody":"Fix imports of test file to adhere to coding standards.\n","fileTypesAndContributionMap":{"test-code":{"insertions":2,"deletions":2}}},{"hash":"045466e6edf56cdfe7e84bb325a830b65b95beab","isMergeCommit":false,"messageTitle":"Alter test case","messageBody":"Slightly change test case to identify which part of the code has issues\nwith GitHub\u0027s checks.\n","fileTypesAndContributionMap":{"test-code":{"insertions":1,"deletions":1}}},{"hash":"0e9eacd590f8cc603b303d9c2f490e265a653a39","isMergeCommit":false,"messageTitle":"Alter test case","messageBody":"Slightly change test case to identify which part of the code has issues\nwith GitHub\u0027s checks.\n","fileTypesAndContributionMap":{"test-code":{"insertions":1,"deletions":1}}},{"hash":"be37ec3969028c1931ad3aac81cdb234deba4e2d","isMergeCommit":false,"messageTitle":"Alter test case","messageBody":"Slightly change test case to identify which part of the code has issues\nwith GitHub\u0027s checks.\n","fileTypesAndContributionMap":{"test-code":{"insertions":1,"deletions":1}}},{"hash":"a0e993a0eaafab4decab5dbe31b5ca6b503de542","isMergeCommit":false,"messageTitle":"Alter test case","messageBody":"Slightly change test case to identify which part of the code has issues\nwith GitHub\u0027s checks.\n","fileTypesAndContributionMap":{"test-code":{"insertions":1,"deletions":0}}},{"hash":"6a4533849527d22c625aaa3dc074cc243abeed95","isMergeCommit":false,"messageTitle":"Alter test case","messageBody":"Slightly change test case to identify which part of the code has issues\nwith GitHub\u0027s checks.\n","fileTypesAndContributionMap":{"test-code":{"insertions":1,"deletions":2}}},{"hash":"eb6ab5fed9d9edddef3a5b40f6d535524584013b","isMergeCommit":false,"messageTitle":"Alter test case","messageBody":"Slightly change test case to identify which part of the code has issues\nwith GitHub\u0027s checks.\n","fileTypesAndContributionMap":{"test-code":{"insertions":1,"deletions":2}}},{"hash":"2d6d60eb59b02c16b79d79fdcab4d945db61a41d","isMergeCommit":false,"messageTitle":"Bug fix: Run in headless mode","messageBody":"The key reason why the test case fails the GitHub checks is because\nthe copy command relies on copying information to a keyboard. Since the\nchecks are done in headless mode, java.awt.HeadlessException will be\nthrown. Hence the copy command will only copy to the clipboard if\nit is in headed mode to avoid this issue.\n","fileTypesAndContributionMap":{"functional-code":{"insertions":5,"deletions":2},"test-code":{"insertions":2,"deletions":6}}},{"hash":"f57abf2a2b6b48787b6a2b5a6f1f748bf2d277f6","isMergeCommit":false,"messageTitle":"Delete unused imports","messageBody":"Remove unused imports to improve code quality.\n","fileTypesAndContributionMap":{"test-code":{"insertions":0,"deletions":2}}},{"hash":"f0f34e1fd1f7fa2465e0763b354a19b9964a5804","isMergeCommit":false,"messageTitle":"Reorder Imports","messageBody":"Changed the order of the imports to adhere to coding standards.\n","fileTypesAndContributionMap":{"functional-code":{"insertions":1,"deletions":1}}},{"hash":"9fc0788353124052e32b999b460f06c577661e1f","isMergeCommit":false,"messageTitle":"Edit Copy Command and Tests","messageBody":"Changed the structure of the code to isolate all awt code that\nrequires headed mode such that the code can be covered by unit testing.\nThe testcases have been altered accordingly.\n\nThis ensures code coverage whilst keeping the functionality of the\ncommand the same.\n","fileTypesAndContributionMap":{"functional-code":{"insertions":16,"deletions":9},"other":{"insertions":3,"deletions":0},"test-code":{"insertions":28,"deletions":1}}},{"hash":"8db97bc5bc5da3980eb93b182f140f318f594184","isMergeCommit":true,"messageTitle":"Merge branch \u0027master\u0027 of https://github.com/AY2324S2-CS2103T-T10-1/tp","messageBody":"","fileTypesAndContributionMap":{}}]},{"date":"2024-03-17","commitResults":[{"hash":"2b40e5c3b2b4f70883d7e428cd3e204ea2f7256a","isMergeCommit":false,"messageTitle":"Person: Add reflection parameter","messageBody":"Currently, we have most of the student information such as name, email,\nnumber and matriculation information, which is sufficient for\nbroadcasting messages to a large number if people.\n\nHowever, if we want only want to contact specific reflection classes for\nreasons such as class rescheduling, or other targeted announcements or\ncommunication, it would be time consuming to contact each individual\nstudent.\n\nLet\u0027s create a reflection class parameter to associate each student with\na recitation class.\n\nIn doing so, we can use the find and copy functions to quickly contact\nthe students in specific reflection classes.\n\nUnit testing has also been completed for new and edited code.\n","fileTypesAndContributionMap":{"functional-code":{"insertions":190,"deletions":26},"other":{"insertions":2,"deletions":2},"test-code":{"insertions":347,"deletions":41}}},{"hash":"bed33d24ca626b1af0665d5e591d6e1381c3f951","isMergeCommit":false,"messageTitle":"Bug fix: update prefix","messageBody":"Changed the prefix that was wrongly set due to typo.\n\nConsequently, the prefix now aligns with the added parameter.\n\n(Additionally, the .json storage file has been edited to include the new\nreflection class parameter)\n","fileTypesAndContributionMap":{"functional-code":{"insertions":1,"deletions":1}}}]},{"date":"2024-03-18","commitResults":[{"hash":"cb0d60182772362b04e96bad9a6a62b7e1567f33","isMergeCommit":true,"messageTitle":"Merge branch \u0027master\u0027 of https://github.com/AY2324S2-CS2103T-T10-1/tp into branch-AddReflectionParameter","messageBody":"","fileTypesAndContributionMap":{}},{"hash":"d5b4e5e513bb114029c57a513c21c6dbba58a21b","isMergeCommit":true,"messageTitle":"Merge branch \u0027master\u0027 of https://github.com/AY2324S2-CS2103T-T10-1/tp","messageBody":"","fileTypesAndContributionMap":{}},{"hash":"d93c38260a434d9624b544bf20aeca8e84cc0eb3","isMergeCommit":true,"messageTitle":"Merge branch \u0027master\u0027 into branch-AddReflectionParameter","messageBody":"","fileTypesAndContributionMap":{}},{"hash":"c4bd241a3e5019f2f676c2dd9ba41f5fd9a163bd","isMergeCommit":false,"messageTitle":"Merge branch \u0027master\u0027 into branch-AddReflectionParameter","messageBody":"# Conflicts:\n#\tsrc/main/java/seedu/address/logic/Messages.java\n#\tsrc/main/java/seedu/address/logic/commands/AddCommand.java\n#\tsrc/main/java/seedu/address/logic/commands/EditCommand.java\n#\tsrc/main/java/seedu/address/logic/parser/AddCommandParser.java\n#\tsrc/main/java/seedu/address/logic/parser/CliSyntax.java\n#\tsrc/main/java/seedu/address/logic/parser/EditCommandParser.java\n#\tsrc/main/java/seedu/address/logic/parser/ParserUtil.java\n#\tsrc/main/java/seedu/address/model/person/Person.java\n#\tsrc/main/java/seedu/address/model/util/SampleDataUtil.java\n#\tsrc/main/java/seedu/address/storage/JsonAdaptedPerson.java\n#\tsrc/main/java/seedu/address/ui/PersonCard.java\n#\tsrc/main/resources/view/PersonListCard.fxml\n#\tsrc/test/data/JsonAddressBookStorageTest/invalidAndValidPersonAddressBook.json\n#\tsrc/test/data/JsonSerializableAddressBookTest/duplicatePersonAddressBook.json\n#\tsrc/test/data/JsonSerializableAddressBookTest/typicalPersonsAddressBook.json\n#\tsrc/test/java/seedu/address/logic/LogicManagerTest.java\n#\tsrc/test/java/seedu/address/logic/commands/CommandTestUtil.java\n#\tsrc/test/java/seedu/address/logic/commands/EditCommandTest.java\n#\tsrc/test/java/seedu/address/logic/commands/EditPersonDescriptorTest.java\n#\tsrc/test/java/seedu/address/logic/parser/AddCommandParserTest.java\n#\tsrc/test/java/seedu/address/logic/parser/ParserUtilTest.java\n#\tsrc/test/java/seedu/address/model/person/PersonTest.java\n#\tsrc/test/java/seedu/address/storage/JsonAdaptedPersonTest.java\n#\tsrc/test/java/seedu/address/testutil/EditPersonDescriptorBuilder.java\n#\tsrc/test/java/seedu/address/testutil/PersonBuilder.java\n#\tsrc/test/java/seedu/address/testutil/PersonUtil.java\n#\tsrc/test/java/seedu/address/testutil/TypicalPersons.java\n","fileTypesAndContributionMap":{"functional-code":{"insertions":2,"deletions":232},"test-code":{"insertions":16,"deletions":17}}}]},{"date":"2024-03-20","commitResults":[{"hash":"0b533d8c0500ac8f833b3cc0cefd367f1eb336a5","isMergeCommit":true,"messageTitle":"Merge branch \u0027master\u0027 of https://github.com/AY2324S2-CS2103T-T10-1/tp","messageBody":"","fileTypesAndContributionMap":{}},{"hash":"39dec70034b011d2c7585323810718e62634782b","isMergeCommit":false,"messageTitle":"Update Model Diagram","messageBody":"The current diagram edited displays the various parameters associated\nwith the person class.\n\nHowever, this diagram has become updated with the inclusion of new and\nimportant parameters that should be displayed in the diagram.\n\nLet\u0027s add the Matric, Studio and Reflection parameters into the diagram.\n\nIn doing so, we can make the developer guide more clear for future\ndevelopers who wish to work on this software.\n","fileTypesAndContributionMap":{"docs":{"insertions":12,"deletions":0}}},{"hash":"a63b3968ef31b207cee554fa076327cf139721ba","isMergeCommit":true,"messageTitle":"Merge pull request #157 from delishad21/branch_UpdateModelDiagram","messageBody":"Update Model diagram","fileTypesAndContributionMap":{}}]}]},"authorFileTypeContributionMap":{"danielleloh":{"docs":156,"functional-code":168,"test-code":119,"other":1},"delishad21":{"docs":115,"functional-code":326,"test-code":644,"other":1},"Pughal77":{"docs":33,"functional-code":0,"test-code":0},"Zer0Legion":{"docs":169,"functional-code":157,"test-code":188,"other":1},"jayllo-c":{"docs":35,"functional-code":259,"test-code":443,"other":3}},"authorContributionVariance":{"danielleloh":9022.963,"delishad21":85446.4,"Pughal77":117.59948,"Zer0Legion":12012.444,"jayllo-c":15774.397},"authorDisplayNameMap":{"danielleloh":"CS2103T-T10-1 LOH ..ELLE","delishad21":"CS2103T-T10-1 JOHA.. SOO","Pughal77":"CS2103T-T10-1 T PU.. RAJ","Zer0Legion":"CS2103T-T10-1 ANG ..KHAI","jayllo-c":"CS2103T-T10-1 CAST..ABOY"}}
