{"authorDailyContributionsMap":{"BryanL2303":[{"date":"2024-03-04","commitResults":[{"hash":"20c336ac4bacc6f4724d2005eda13f413f80f0ca","isMergeCommit":false,"messageTitle":"Add Bryan portfolio and image","messageBody":"Added my image png file.\nUpdated my own profile in AboutUs.md and included a portfolio page under teams folder bryanlee.md.\n","fileTypesAndContributionMap":{"docs":{"insertions":49,"deletions":16}}},{"hash":"b1bedd86195b412852747fd4e1951a430c13a2ac","isMergeCommit":false,"messageTitle":"Stylecheck correction","messageBody":"Got rid of trailing whitespaces and include a blankline eof.\n","fileTypesAndContributionMap":{"docs":{"insertions":5,"deletions":5}}},{"hash":"0d0f746cf177265d021a8bfa690b75db80594ab7","isMergeCommit":false,"messageTitle":"Update UserGuide.md","messageBody":"Only left the following features from the initial features:\n1. clear\n2. help\n3. exit\n\nAdded descriptions for the commands to add/list/delete tasks\nAdded them to the command summary as well.\n","fileTypesAndContributionMap":{"docs":{"insertions":20,"deletions":75}}}]},{"date":"2024-03-05","commitResults":[{"hash":"a4856c24899ded53d9f0f8721cecad47bd13a80f","isMergeCommit":true,"messageTitle":"Merge pull request #14 from azumieflare/branch-README","messageBody":"Looks good, thanks.","fileTypesAndContributionMap":{}},{"hash":"0a88ce0596f2b76fddf71ccfb5d2ed1a15d03508","isMergeCommit":true,"messageTitle":"Merge pull request #13 from azumieflare/branch-AboutUs","messageBody":"Add profile for John Chan","fileTypesAndContributionMap":{}},{"hash":"ded6d09c0d45d0bd3f7584ca825a9f9875e92e3a","isMergeCommit":false,"messageTitle":"Update Developer Guide","messageBody":"Added all user stories for v1.2\nAdded use cases relevant for v1.2\n\nAll other segments still requires updates, they are merely templates\ngiven to us.\n","fileTypesAndContributionMap":{"docs":{"insertions":78,"deletions":17}}},{"hash":"b33e892b59f9207e20fdd5e815069e728bbd190f","isMergeCommit":false,"messageTitle":"Update image name","messageBody":"Changed name of image file to github handle for tracking purposes\n","fileTypesAndContributionMap":{"docs":{"insertions":1,"deletions":1}}}]},{"date":"2024-03-06","commitResults":[{"hash":"4f1fcf52d032d0f51b98977d996c8c7916562bb2","isMergeCommit":true,"messageTitle":"Merge pull request #18 from gavin331/1-update-aboutus-page","messageBody":"Update AboutUs.md with Gavin\u0027s profile","fileTypesAndContributionMap":{}},{"hash":"3d5120b3c6a7ff7ed0991fe6eafc30fb65545592","isMergeCommit":true,"messageTitle":"Merge branch \u0027master\u0027 into 5-update-readme-page","messageBody":"","fileTypesAndContributionMap":{}},{"hash":"836eaacce85329b54581198c48ac3b3756fe95e1","isMergeCommit":true,"messageTitle":"Merge pull request #21 from gavin331/gavin331-8-update-dg","messageBody":"Add use case for marking and unmarking a task","fileTypesAndContributionMap":{}},{"hash":"60c908163841eebd99c9115ae894ab9839884041","isMergeCommit":true,"messageTitle":"Merge pull request #19 from gavin331/gavin-7-update-user-guide","messageBody":"Add employee functions to UserGuide.md","fileTypesAndContributionMap":{}},{"hash":"4558e908fe2e005012b4ad7c78098d34e3a436a0","isMergeCommit":true,"messageTitle":"Merge pull request #27 from johnyoozhengxian/update-aboutus-page","messageBody":"Add AboutUs","fileTypesAndContributionMap":{}},{"hash":"0ae7eabf7cb8466c559c308a917f20436d502c11","isMergeCommit":false,"messageTitle":"Fix checkstyle error","messageBody":"Trailing whitespace caused CI failure.","fileTypesAndContributionMap":{"docs":{"insertions":1,"deletions":1}}},{"hash":"e9fc98552a6a22b3b33f726be1b34f52912de7ab","isMergeCommit":true,"messageTitle":"Merge branch \u0027master\u0027 into 1-update-aboutus-page","messageBody":"","fileTypesAndContributionMap":{}},{"hash":"b71585c3183a10f94fd44bdfa3b852eae0b6a976","isMergeCommit":true,"messageTitle":"Merge pull request #29 from AY2324S2-CS2103T-T15-4/7-update-user-guide","messageBody":"Close for v1.1","fileTypesAndContributionMap":{}}]},{"date":"2024-03-08","commitResults":[{"hash":"5685731453d0ea4b3c060c810728f11a2b5b2f46","isMergeCommit":false,"messageTitle":"Update index.md for project website","messageBody":"The main page of the project has not been update.\r\n\r\nKept things similar to the template for AB3, updated the name as well as the sources of the CI and codecov.","fileTypesAndContributionMap":{"docs":{"insertions":7,"deletions":6}}}]},{"date":"2024-03-12","commitResults":[{"hash":"b89fb6fc936309841f543bd847740dcb860c1793","isMergeCommit":true,"messageTitle":"Merge pull request #44 from gavin331/32-refactor-the-template-code","messageBody":"Refactored person/Person to employee/Employee","fileTypesAndContributionMap":{}},{"hash":"d872fa016bfca0157414bcb71a043eb64997eed5","isMergeCommit":true,"messageTitle":"Merge pull request #45 from gavin331/refactor-addressbook","messageBody":"Refactor addressbook","fileTypesAndContributionMap":{}}]},{"date":"2024-03-13","commitResults":[{"hash":"49e53cf9d40b27ddecff8785ebe1ab3ec27b0796","isMergeCommit":true,"messageTitle":"Merge pull request #49 from AY2324S2-CS2103T-T15-4/32-refactor-the-template-code","messageBody":"32 refactor the template code","fileTypesAndContributionMap":{}},{"hash":"7b086e34bb3e4016ff9d8caa8620c5d425322e1c","isMergeCommit":true,"messageTitle":"Merge pull request #50 from AY2324S2-CS2103T-T15-4/master","messageBody":"Updating branch","fileTypesAndContributionMap":{}},{"hash":"fbd9fecf2ab6e20769eb0c5a75ea7943c46bb027","isMergeCommit":true,"messageTitle":"Merge pull request #48 from azumieflare/branch-Tasks","messageBody":"Tasks","fileTypesAndContributionMap":{}},{"hash":"a92a3ad88ca264d44b95d220f48065fb5f1555d5","isMergeCommit":true,"messageTitle":"Merge pull request #52 from AY2324S2-CS2103T-T15-4/47-add-in-task-with-all-minimum-features","messageBody":"Updating branch","fileTypesAndContributionMap":{}}]},{"date":"2024-03-14","commitResults":[{"hash":"6907126bbd80b02fa687fd4b6b9513302019e09d","isMergeCommit":true,"messageTitle":"Merge pull request #2 from AY2324S2-CS2103T-T15-4/51-update-employee-functions","messageBody":"Update fork","fileTypesAndContributionMap":{}},{"hash":"d7f2d063db377aafdbad6e161a6683cf3b8f8810","isMergeCommit":false,"messageTitle":"Update add command to generate id","messageBody":"The model will display the employee id\nThe storage will store the employee id as well as the global id counter\n","fileTypesAndContributionMap":{"functional-code":{"insertions":95,"deletions":42},"test-code":{"insertions":11,"deletions":15}}},{"hash":"a2b4563026ac926cfb508b35bb47cdf297b6f781","isMergeCommit":false,"messageTitle":"Correct checkstyle error","messageBody":"","fileTypesAndContributionMap":{"functional-code":{"insertions":23,"deletions":4}}},{"hash":"c15592e8a839aee5f0b961ceb4fe1dc3b09add42","isMergeCommit":false,"messageTitle":"Final checkstyle correction","messageBody":"Did not run build before pushing\n\nmy bad\n","fileTypesAndContributionMap":{"functional-code":{"insertions":3,"deletions":3},"test-code":{"insertions":13,"deletions":6}}},{"hash":"baf3fb72dfe647caf56ca605de39e3ed64a7f290","isMergeCommit":true,"messageTitle":"Merge pull request #56 from BryanL2303/51-update-employee-functions","messageBody":"Update add command to generate employee id","fileTypesAndContributionMap":{}},{"hash":"34aa4bab7da66268aefdf6f1f436f4d9f12775ac","isMergeCommit":false,"messageTitle":"Updated delete command","messageBody":"Instead of using employee index, use the employeeId instead.\n","fileTypesAndContributionMap":{"functional-code":{"insertions":19,"deletions":16},"test-code":{"insertions":17,"deletions":18}}},{"hash":"53d0e537fd4cfd0f5a245e6b0383ab89e7fe9a98","isMergeCommit":true,"messageTitle":"Merge pull request #58 from BryanL2303/51-update-employee-functions","messageBody":"Updated delete command","fileTypesAndContributionMap":{}},{"hash":"04ec8f27056b22fd981c65d5f670f73c8fd4f6a1","isMergeCommit":true,"messageTitle":"Merge pull request #59 from AY2324S2-CS2103T-T15-4/51-update-employee-functions","messageBody":"Update branch","fileTypesAndContributionMap":{}}]},{"date":"2024-03-18","commitResults":[{"hash":"a1b2b32d9a8ff2c65eaf85d037f87f31f763c3ba","isMergeCommit":true,"messageTitle":"Merge pull request #3 from AY2324S2-CS2103T-T15-4/47-add-in-task-with-all-minimum-features","messageBody":"Update Fork","fileTypesAndContributionMap":{}},{"hash":"cd67a7a31f2cb788782e1043c365a4520fcaafd4","isMergeCommit":false,"messageTitle":"Fix failing CI","messageBody":"CI was failing due to test cases not being properly updated.\n\nFixed all checkstyles as well as test cases all passed.\n","fileTypesAndContributionMap":{"functional-code":{"insertions":19,"deletions":4},"test-code":{"insertions":38,"deletions":25}}},{"hash":"266382a4f45bd72bd432c075adc012603b66a2ed","isMergeCommit":true,"messageTitle":"Merge pull request #74 from BryanL2303/47-add-in-task-with-all-minimum-features","messageBody":"Fixing Failing CI","fileTypesAndContributionMap":{}}]},{"date":"2024-03-19","commitResults":[{"hash":"a8b12540d75116351f27aa538a430d8b06dce3c6","isMergeCommit":false,"messageTitle":"Fixed bug with storage","messageBody":"The assignment of tasks will leaving spaced in the JSON file\ninconsistently which causes bugs after a few assignments and\nunassignments.\n\nGot rid of all trailing whitespaces and the blank space infront of the\nstring. Assignment and unassignment of tasks now saves into the JSON\nfile consistently.\n","fileTypesAndContributionMap":{"functional-code":{"insertions":1,"deletions":0}}},{"hash":"e91f0b3f702626852a5abd76f79ca4e3ef208730","isMergeCommit":false,"messageTitle":"Update Sample Employees Data","messageBody":"The employees were initialized with the trailing whitespace for assigned\ntasks. Removed trailing whitespace to align with previous commit\n","fileTypesAndContributionMap":{"functional-code":{"insertions":6,"deletions":6}}},{"hash":"d9c47970f3ebec99dbb4810a4d71005ec9183ec3","isMergeCommit":true,"messageTitle":"Merge pull request #76 from BryanL2303/47-add-in-task-with-all-minimum-features","messageBody":"Fixed bug with storage","fileTypesAndContributionMap":{}},{"hash":"1caf082aeac20c783203c0bc4b0d445011aeb4ed","isMergeCommit":true,"messageTitle":"Merge pull request #77 from AY2324S2-CS2103T-T15-4/47-add-in-task-with-all-minimum-features","messageBody":"Merge all complete Task features","fileTypesAndContributionMap":{}},{"hash":"3155495255b90b6e1a9c146c4076fdccbbe2f6cc","isMergeCommit":true,"messageTitle":"Merge pull request #4 from BryanL2303/47-add-in-task-with-all-minimum-features","messageBody":"Merge changes to Master","fileTypesAndContributionMap":{}},{"hash":"013eb5c5c9cfcc315db94d858a3e42d62645c204","isMergeCommit":false,"messageTitle":"Update GUI and list functions","messageBody":"The ui now shows employees and tasks individually instead of splitting\nthe small screen in half.\n\nThe list and listtask command are now properly implemented and does\nsomething.\n","fileTypesAndContributionMap":{"functional-code":{"insertions":128,"deletions":30}}},{"hash":"eccb2cb49d7bdae1e6efd2cc131cbb315de210aa","isMergeCommit":true,"messageTitle":"Merge pull request #80 from BryanL2303/79-enhance-gui","messageBody":"Updated GUI and list/listtask functions","fileTypesAndContributionMap":{}},{"hash":"d140903512ced61884d2b31df4920b4f3dae920a","isMergeCommit":false,"messageTitle":"Fixing checkstyle error","messageBody":"IntelliJ keeps automatically using * and for some reason the CI is\noverly strict about using .* even though it is necessary in certain\ncases.\n","fileTypesAndContributionMap":{"functional-code":{"insertions":16,"deletions":1}}},{"hash":"c118ea6ff9a0b406c657e6e5b8f49430603b8d53","isMergeCommit":false,"messageTitle":"Update test cases","messageBody":"The test cases for commands has to be updated since the constructor for\nCommandResult has been updated.\n\nFixed checkstyle violations\n","fileTypesAndContributionMap":{"functional-code":{"insertions":4,"deletions":6},"other":{"insertions":7,"deletions":4},"test-code":{"insertions":8,"deletions":7}}},{"hash":"6cd4a716ac03ff2082d24eee9bb0db267e3aba59","isMergeCommit":true,"messageTitle":"Merge pull request #81 from BryanL2303/79-enhance-gui","messageBody":"Fixing checkstyle error","fileTypesAndContributionMap":{}},{"hash":"af6ce50b752e6351584b9c2ae1baaf846fc17d27","isMergeCommit":true,"messageTitle":"Merge pull request #5 from BryanL2303/79-enhance-gui","messageBody":"GUI has been enhanced with list/listtasks","fileTypesAndContributionMap":{}},{"hash":"1bf09b12a4fe6418db8a33581d77585be70c9268","isMergeCommit":false,"messageTitle":"Corrected mistake in AddCommand","messageBody":"Previously when fixing the test cases I accidentally made it compulsory\nfor users to key in the assignedtasks. I have reverted those mistakes\nand also updated the test cases\n","fileTypesAndContributionMap":{"functional-code":{"insertions":3,"deletions":6},"test-code":{"insertions":14,"deletions":18}}},{"hash":"3db8feffa93b7c029de7f843a040e14a71777db6","isMergeCommit":true,"messageTitle":"Merge pull request #82 from AY2324S2-CS2103T-T15-4/79-enhance-gui","messageBody":"Updated GUI and list/listtasks functions","fileTypesAndContributionMap":{}},{"hash":"e10c70c53336aa6c6b3d7a0b20ef815a618249e7","isMergeCommit":true,"messageTitle":"Merge pull request #83 from BryanL2303/47-add-in-task-with-all-minimum-features","messageBody":"Reverted my mistake in AddCommand","fileTypesAndContributionMap":{}},{"hash":"236ff9f75dc1167bb3f7e246dc0fd874a12ad63b","isMergeCommit":true,"messageTitle":"Merge branch \u0027master\u0027 into 47-add-in-task-with-all-minimum-features","messageBody":"","fileTypesAndContributionMap":{}},{"hash":"8ea1e14e7b7c0c3a480f057211c2268e03ef01b8","isMergeCommit":false,"messageTitle":"Update UML function names","messageBody":"Some function names are not correct\n\nUpdated it based on the function name in the Java class itself.\n","fileTypesAndContributionMap":{"docs":{"insertions":2,"deletions":2}}},{"hash":"5a5a013872a7ddd51186e794d609a6128f1cb341","isMergeCommit":false,"messageTitle":"Update UML diagram","messageBody":"Adding in Tasks to Employees\n","fileTypesAndContributionMap":{"docs":{"insertions":4,"deletions":2}}},{"hash":"3e0728b51ed0e71dac24fcabd0d9413491249be6","isMergeCommit":true,"messageTitle":"Merge pull request #6 from BryanL2303/47-add-in-task-with-all-minimum-features","messageBody":"Update UML and correct AddCommand","fileTypesAndContributionMap":{}},{"hash":"0bdbab9042a72c72607c3de3965b7537bd73c6a0","isMergeCommit":true,"messageTitle":"Merge pull request #84 from AY2324S2-CS2103T-T15-4/47-add-in-task-with-all-minimum-features","messageBody":"Revert my mistakes in AddCommandParser","fileTypesAndContributionMap":{}},{"hash":"6d426a83263925faef2bcc4e2fa327ef3f9302c4","isMergeCommit":true,"messageTitle":"Merge pull request #85 from AY2324S2-CS2103T-T15-4/master","messageBody":"Keep branch up to date","fileTypesAndContributionMap":{}},{"hash":"e1d5070d50ab8e908cc4ceea26c3e471fbe6ccaf","isMergeCommit":true,"messageTitle":"Merge pull request #86 from BryanL2303/master","messageBody":"Update some UML diagrams","fileTypesAndContributionMap":{}}]},{"date":"2024-03-20","commitResults":[{"hash":"4849d64b1a65c76428738a575e58681796efbf41","isMergeCommit":true,"messageTitle":"Merge pull request #88 from azumieflare/master","messageBody":"Update UML diagrams and modified GUI","fileTypesAndContributionMap":{}},{"hash":"a2798246d02f3cd02e0e367a390e7de55a73adb9","isMergeCommit":true,"messageTitle":"Merge pull request #87 from gavin331/gavin331-update-puml","messageBody":"Add sequence diagram for AssignTask command to DG.","fileTypesAndContributionMap":{}},{"hash":"657d623fe4e73cad3eab238677fc6c120b52cf7b","isMergeCommit":true,"messageTitle":"Merge pull request #90 from AY2324S2-CS2103T-T15-4/78-update-dg-with-uml-diagrams","messageBody":"Merging branch with updates to UML diagram","fileTypesAndContributionMap":{}},{"hash":"56b517dda4767294a965b4032d3dd51a3010e2fa","isMergeCommit":true,"messageTitle":"Merge pull request #8 from AY2324S2-CS2103T-T15-4/master","messageBody":"Update Fork","fileTypesAndContributionMap":{}},{"hash":"9e7b413da6386cf4677b0fa11acbfe8aef872ebe","isMergeCommit":false,"messageTitle":"Update help link to UG","messageBody":"The help function pointed to a non existent link.\n\nLink has been updated to the current github html page.\n","fileTypesAndContributionMap":{"functional-code":{"insertions":1,"deletions":1}}},{"hash":"abb52199aa0d4659c0246a7a8f58bccefef6cd30","isMergeCommit":true,"messageTitle":"Merge pull request #91 from BryanL2303/master","messageBody":"Update link to UG in help function","tags":["v1.2"],"fileTypesAndContributionMap":{}}]},{"date":"2024-03-24","commitResults":[{"hash":"2ceddca75691043d39ee6413d6d78fd36f6f5bd8","isMergeCommit":true,"messageTitle":"Merge pull request #9 from AY2324S2-CS2103T-T15-4/master","messageBody":"Update fork","fileTypesAndContributionMap":{}},{"hash":"85b44a4cade2edb3d74bbe41962708fe2d382245","isMergeCommit":false,"messageTitle":"Update AssignedTasks","messageBody":"The storage now uses the hashtable on top of the existing String\n\nThe String is still necessary for transition between loading and storing\ninto the JSON file. Problem being that we cannot initiate the hashtable\nuntil all Employees and Tasks has been created and added to\nTaskMasterPro, so we need the String as the placeholder.\n\nAll functions aside from loading and saving should make use of this\nhashtable for ease.\n\nUI has been updated for the tasks assigned to not just show the String\ntasks, but to iterate through the hashtable and display all tasks with\ntheir ids and names.\n\nThe storage files were also updated to facilitate the initialisation of\nthe hashtable when loading files from the JSON file.\n","fileTypesAndContributionMap":{"functional-code":{"insertions":115,"deletions":13}}},{"hash":"800f1d32435f12bdb2a6d57f8f5756c335205661","isMergeCommit":false,"messageTitle":"Fix checkstyle","messageBody":"Fixing checkstyle errors\n","fileTypesAndContributionMap":{"functional-code":{"insertions":1,"deletions":2}}},{"hash":"b5e5f5c9defa92e357b24367f0beaee05af41a26","isMergeCommit":false,"messageTitle":"Update assign and unassign functions","messageBody":"There were 2 functions for assigning and unassigning, both were called\none after the other because they serve the same function. The functions\nhas been combined into 1.\n","fileTypesAndContributionMap":{"functional-code":{"insertions":16,"deletions":39}}},{"hash":"83e87e217f6c2b172d2059816d9f4c04a712942e","isMergeCommit":true,"messageTitle":"Merge pull request #100 from BryanL2303/master","messageBody":"Updated AssignedTasks with hashtable","fileTypesAndContributionMap":{}},{"hash":"7665fa4baba4959ecd5f769db4b0aa1d18fc4c41","isMergeCommit":false,"messageTitle":"Update clear function","messageBody":"Resets both universal employee and task id back to 1 when the command is\nrun.\n","fileTypesAndContributionMap":{"functional-code":{"insertions":4,"deletions":0}}},{"hash":"d4bec26a7375402e0f530630a094cb57087807ac","isMergeCommit":true,"messageTitle":"Merge pull request #102 from BryanL2303/master","messageBody":"Update clear function","fileTypesAndContributionMap":{}}]},{"date":"2024-03-25","commitResults":[{"hash":"bf3a49b3a0589bd2e6856949b27c10743d59c219","isMergeCommit":false,"messageTitle":"Added AssignedEmployees to Task","messageBody":"AssignedEmployees in Task functions just like AssignedTasks in Employee.\n\nWhenever a task is assigned or unassigned both AssignedEmployees and\nAssignedTasks of the Task and Employee involved will be updated.\n\nThe UI for Task has also been updated to display the Employee ID and\nname of the employees that are assigned to the task.\n","fileTypesAndContributionMap":{"functional-code":{"insertions":318,"deletions":11},"test-code":{"insertions":44,"deletions":18}}},{"hash":"8aa3f14930139fd88711851bb75fcbca74fa9311","isMergeCommit":true,"messageTitle":"Merge pull request #106 from AY2324S2-CS2103T-T15-4/65-fixing-non-functional-mistakes-with-tasks-branch","messageBody":"65 fixing non functional mistakes with tasks branch","fileTypesAndContributionMap":{}},{"hash":"2af9d6cfc07f64ee3b409b382a56ec4f0dd38e2d","isMergeCommit":true,"messageTitle":"Merge pull request #107 from BryanL2303/master","messageBody":"Added AssignedEmployees to Task","fileTypesAndContributionMap":{}},{"hash":"e13db171b1c665ded4e647b14c6e9663dcfad222","isMergeCommit":false,"messageTitle":"Update delete commands","messageBody":"When deleting employee or task, also remove all assignments to it.\n\nExample, employee 1 is assigned to task 2 and 3.\nEmployee 1 is deleted, both task 2 and task 3 will be updated to not\nshow an assignment to employee 1 anymore.\n","fileTypesAndContributionMap":{"functional-code":{"insertions":38,"deletions":0}}},{"hash":"0b6a920141440c67500c3b9b74f8a298234352bb","isMergeCommit":true,"messageTitle":"Merge pull request #108 from BryanL2303/master","messageBody":"Update delete commands","fileTypesAndContributionMap":{}},{"hash":"35b4f59dd49e6e6aeb9a6d49128ef5467b794615","isMergeCommit":true,"messageTitle":"Merge branch \u0027master\u0027 into 99-update-ui-to-give-clearer-information","messageBody":"","fileTypesAndContributionMap":{}}]},{"date":"2024-03-26","commitResults":[{"hash":"c85daabc7d32faf6e703a7aa01cc9ac1a842d4b6","isMergeCommit":true,"messageTitle":"Merge pull request #109 from AY2324S2-CS2103T-T15-4/99-update-ui-to-give-clearer-information","messageBody":"Updating UI To Show Employees Assigned To Tasks","fileTypesAndContributionMap":{}},{"hash":"e1e08f7d42d354d6871c0b637d0af0609b9f51eb","isMergeCommit":true,"messageTitle":"Merge pull request #10 from AY2324S2-CS2103T-T15-4/97-update-dg-implementations-section","messageBody":"Use fork branch to PR","fileTypesAndContributionMap":{}}]},{"date":"2024-03-27","commitResults":[{"hash":"5d18f0815b38e55276ed885dd5d79c20bea09eb2","isMergeCommit":false,"messageTitle":"Add AssignTask/UnassignTask into DG","messageBody":"Update the implementation section with new features.\n","fileTypesAndContributionMap":{"docs":{"insertions":188,"deletions":0}}},{"hash":"864fa9ab5c45841feb606fe7316845439a82fa9d","isMergeCommit":true,"messageTitle":"Merge pull request #112 from BryanL2303/8-update-dg","messageBody":"Add AssignTask/UnassignTask to DG","fileTypesAndContributionMap":{}},{"hash":"28c04ce9fd229a885c7cf5a2e7ebda757b41d0f1","isMergeCommit":false,"messageTitle":"Correct Mistake under AssignedTasks Feature","messageBody":"The design considerations was repeated, it has been corrected","fileTypesAndContributionMap":{"docs":{"insertions":3,"deletions":3}}},{"hash":"8c2bcfdcff49fa374221e2df0083758c4601ee25","isMergeCommit":true,"messageTitle":"Merge pull request #117 from AY2324S2-CS2103T-T15-4/97-update-dg-implementations-section","messageBody":"Update DG Implementations","fileTypesAndContributionMap":{}},{"hash":"f267e6645ec93f62d5cef75bbc850c39c786f859","isMergeCommit":true,"messageTitle":"Merge branch \u0027master\u0027 into 110-add-findtasks-command","messageBody":"","fileTypesAndContributionMap":{}},{"hash":"8c7d7b0bd68f922c13603a7c129efd499b0b74bb","isMergeCommit":true,"messageTitle":"Merge pull request #115 from AY2324S2-CS2103T-T15-4/110-add-findtasks-command","messageBody":"110 add findtasks command","tags":["v1.3"],"fileTypesAndContributionMap":{}},{"hash":"6c4d47e174591468b95b16ced3a0d197bf2071ee","isMergeCommit":true,"messageTitle":"Merge pull request #11 from AY2324S2-CS2103T-T15-4/master","messageBody":"Update Fork","fileTypesAndContributionMap":{}}]},{"date":"2024-03-30","commitResults":[{"hash":"0bc89823ba664c62b2a35ffc605c2542f8bf6698","isMergeCommit":false,"messageTitle":"Fix User Guide Introduction","messageBody":"As per the feedback given, gave a more enthusiastic greeting to the user and a short guide on how to use the user guide. Also slightly describes the target user.","fileTypesAndContributionMap":{"docs":{"insertions":1,"deletions":1}}},{"hash":"4ff41925cdb41081967c943d59c78bbc4eee7ea0","isMergeCommit":false,"messageTitle":"Fix User Guide Features","messageBody":"The table at the bottom mentions removetask when our app uses unassigntask. This command is also missing from features list after assigntask.\r\n\r\nThe table has been fixed and also added unassigntask to the features list\r\n\r\nRemoved save command and listassignments commands from the table at the bottom. Both of these command are not necessary.","fileTypesAndContributionMap":{"docs":{"insertions":12,"deletions":3}}}]},{"date":"2024-03-31","commitResults":[{"hash":"5d54a638d878607638396d078ec13f2fcc1cd684","isMergeCommit":false,"messageTitle":"Fix Javadoc Errors","messageBody":"Javadoc can now be generated without errors.\n\nWarnings still exist.\n","fileTypesAndContributionMap":{"functional-code":{"insertions":41,"deletions":7}}},{"hash":"b91ff894e3658e18ca6022ed68b60f90785ddc42","isMergeCommit":false,"messageTitle":"Fix JavaDoc Convention Error","messageBody":"Leaving space before params\n","fileTypesAndContributionMap":{"functional-code":{"insertions":2,"deletions":0}}}]},{"date":"2024-04-01","commitResults":[{"hash":"e7726ba65a488a4852bc759ea823ebe6296a4611","isMergeCommit":true,"messageTitle":"Merge pull request #119 from BryanL2303/master","messageBody":"Fixing JavaDoc Conventions","fileTypesAndContributionMap":{}},{"hash":"fdd0d34c4b90a07e92debd20ee42cbefdcacf161","isMergeCommit":true,"messageTitle":"Merge pull request #120 from AY2324S2-CS2103T-T15-4/master","messageBody":"Keep Branch Updated","fileTypesAndContributionMap":{}}]},{"date":"2024-04-02","commitResults":[{"hash":"c7173003f6e7d083893e7bef2b0216c9b80bfdae","isMergeCommit":false,"messageTitle":"Update JavaDoc and Getter","messageBody":"Include getter in TaskId and EmployeeId. Also added spaced in JavaDoc to\nconform with other functions.\n\nRealised that Law of Demeter is violated in AB code to begin with in all\nthe Employee model sub classes.\n","fileTypesAndContributionMap":{"functional-code":{"insertions":64,"deletions":25}}},{"hash":"11ac0c8331382af7ddb53984ea5758ee619229ce","isMergeCommit":false,"messageTitle":"Fixed CI","messageBody":"Accidentally removed a space.\n","fileTypesAndContributionMap":{"functional-code":{"insertions":1,"deletions":1}}},{"hash":"72f1c25e3809de4fcd371371dda80fb612ebfc9d","isMergeCommit":false,"messageTitle":"Add Test Cases","messageBody":"Still missing test cases for AssignedEmployees.\n","fileTypesAndContributionMap":{"test-code":{"insertions":84,"deletions":0}}},{"hash":"53755a8a1827445e2db11ab4c8de315b8a153d51","isMergeCommit":true,"messageTitle":"Merge pull request #13 from AY2324S2-CS2103T-T15-4/122-add-test-cases","messageBody":"122 add test cases","fileTypesAndContributionMap":{}},{"hash":"73f9f0fd00dc15aa31be863cdaa27bb9b902e5c3","isMergeCommit":false,"messageTitle":"Add Test Case","messageBody":"Added more test cases.\n","fileTypesAndContributionMap":{"test-code":{"insertions":49,"deletions":1}}},{"hash":"130a038c28588d008a6268d2a158d9b1d2bb9683","isMergeCommit":true,"messageTitle":"Merge pull request #121 from BryanL2303/master","messageBody":"Update JavaDoc and Getter","fileTypesAndContributionMap":{}},{"hash":"2fdb4803969d0016d5f89e8335cd94a734bf1923","isMergeCommit":true,"messageTitle":"Merge pull request #124 from gavin331/master","messageBody":"Refactor address book to TaskMasterPro","fileTypesAndContributionMap":{}},{"hash":"74a3f716a534b364ef8898db497b30bd1fd17421","isMergeCommit":true,"messageTitle":"Merge pull request #126 from AY2324S2-CS2103T-T15-4/master","messageBody":"Keep Branch up to date","fileTypesAndContributionMap":{}}]},{"date":"2024-04-03","commitResults":[{"hash":"c54d0d82d6d4c2aec745f7b746ed571ffa0fa3dc","isMergeCommit":true,"messageTitle":"Merge pull request #125 from gavin331/gavin331-add-test-cases","messageBody":"Gavin331 add test cases","fileTypesAndContributionMap":{}},{"hash":"9915c0d4d3ee14d03a70e9fc55dcc410138806e8","isMergeCommit":true,"messageTitle":"Merge pull request #127 from AY2324S2-CS2103T-T15-4/master","messageBody":"Keep Branch up to date","fileTypesAndContributionMap":{}},{"hash":"74afec811900d27a5cabc548031d893dcf81c963","isMergeCommit":true,"messageTitle":"Merge pull request #14 from AY2324S2-CS2103T-T15-4/104-fix-issues-with-ug","messageBody":"Keep fork updated","fileTypesAndContributionMap":{}},{"hash":"909901bd2fe05d4efd89a617949f568445d1b50a","isMergeCommit":false,"messageTitle":"Updating User Guide","messageBody":"Fixed the table of contents\n\nUpdated the image of the help command with the current link\nAdded illustration to show where the employee id would be\n\nThe index page was referencing the wrong SE-EDU project due to\nrefactoring, it has been reverted.\n","fileTypesAndContributionMap":{"docs":{"insertions":27,"deletions":7}}},{"hash":"83de0a2fef5faa60aab65ee50a5a37672bd76f21","isMergeCommit":true,"messageTitle":"Merge pull request #128 from BryanL2303/master","messageBody":"Updated UG","fileTypesAndContributionMap":{}},{"hash":"83f7dfa1cc65af1f4ecb0ae70b2bb9b12da06c9f","isMergeCommit":false,"messageTitle":"Remove misinformation","messageBody":"Remove the prefixes from assigntask and unassigntask","fileTypesAndContributionMap":{"docs":{"insertions":4,"deletions":4}}},{"hash":"d6c524793977eebba3aa30d9062dc46a3afb8a14","isMergeCommit":true,"messageTitle":"Merge pull request #130 from azumieflare/branch-CodeStyle","messageBody":"Code style changes","fileTypesAndContributionMap":{}},{"hash":"672a89f11bd1ea34c2e40a12d5fed4e03f8f61dd","isMergeCommit":true,"messageTitle":"Merge branch \u0027master\u0027 into 118-fixing-code-design","messageBody":"","fileTypesAndContributionMap":{}},{"hash":"4eaf430eb15fa75380ede76ad4f1f7512d8404f6","isMergeCommit":true,"messageTitle":"Merge pull request #15 from AY2324S2-CS2103T-T15-4/118-fixing-code-design","messageBody":"Keep fork up to date","fileTypesAndContributionMap":{}},{"hash":"730699246e91be4921b6e006e00bcf5f301d43b0","isMergeCommit":false,"messageTitle":"Added Assignments to Sample Data","messageBody":"Added assignments if sample data is initiated.\n","fileTypesAndContributionMap":{"functional-code":{"insertions":30,"deletions":1}}},{"hash":"1d516cd532d3786d361566e324f5a3a2c402bc7a","isMergeCommit":true,"messageTitle":"Merge pull request #131 from AY2324S2-CS2103T-T15-4/122-add-test-cases","messageBody":"Added Test Cases For New Functions","fileTypesAndContributionMap":{}},{"hash":"8e859c6547d6a216eac08b610cd3f6704f722fea","isMergeCommit":true,"messageTitle":"Merge branch \u0027master\u0027 into 104-fix-issues-with-ug","messageBody":"","fileTypesAndContributionMap":{}},{"hash":"ace8e986236fb8e3b5ec3b075139f2bde88861cc","isMergeCommit":true,"messageTitle":"Merge pull request #129 from AY2324S2-CS2103T-T15-4/104-fix-issues-with-ug","messageBody":"Updated UG","fileTypesAndContributionMap":{}},{"hash":"9b0bcb2a4df94de5c5930d793dbed51d4df3d1b3","isMergeCommit":false,"messageTitle":"Fixed Checkstyles","messageBody":"Fixed Checkstyles\n","fileTypesAndContributionMap":{"functional-code":{"insertions":9,"deletions":9}}},{"hash":"c6c04e285a5f7d33a0188ccb1bccfe5b4fe7f002","isMergeCommit":false,"messageTitle":"Update AssignTaskSequence Model","messageBody":"Add activation bars that were missing.\n","fileTypesAndContributionMap":{"docs":{"insertions":4,"deletions":0}}}]},{"date":"2024-04-04","commitResults":[{"hash":"c1514166bdb9249a158098ba514ee9270af6f7f9","isMergeCommit":true,"messageTitle":"Merge pull request #132 from BryanL2303/master","messageBody":"Add Assignments to Sample Data","fileTypesAndContributionMap":{}},{"hash":"d48e60a7063a7b45ba9bcbaf74c71bdc551d22e3","isMergeCommit":true,"messageTitle":"Merge pull request #16 from AY2324S2-CS2103T-T15-4/master","messageBody":"Update fork","fileTypesAndContributionMap":{}},{"hash":"c67b66723d7d1b89cc4d9d34d33825dd4b98f44c","isMergeCommit":false,"messageTitle":"Delete Functions Affects Ui","messageBody":"The ui will now switch to the respective lists when something from that\nlist is deleted.\n\nFor 2 reasons:\n1. If an employee has been deleted it makes sense to show\nthe list of employees to check that it is in fact gone.\n2. This fixes the issue where a task might be deleted and it will still\n   be visually on the screen if users were looking at the list of\n   employees with that task assigned to them.\n","fileTypesAndContributionMap":{"functional-code":{"insertions":3,"deletions":2}}},{"hash":"d650633496f90ac95811802c913d2e7a077ad568","isMergeCommit":true,"messageTitle":"Merge pull request #133 from BryanL2303/master","messageBody":"Delete Commands Affects Ui","fileTypesAndContributionMap":{}},{"hash":"8372a975ff24761dcb4d2c1bdd29af258faa9ed0","isMergeCommit":true,"messageTitle":"Merge pull request #134 from AY2324S2-CS2103T-T15-4/118-fixing-code-design","messageBody":"Code Design and Miscellaneous Bugs","fileTypesAndContributionMap":{}},{"hash":"c69cd9c35dc132f800a4a4c892ec1871ef43e2ec","isMergeCommit":false,"messageTitle":"Final Update to UserGuide","messageBody":"Added missing functions, added more clarifications for saving and editing data file.\r\n\r\nAdded missing values in toc and command summary at the end","fileTypesAndContributionMap":{"docs":{"insertions":71,"deletions":21}}}]},{"date":"2024-04-08","commitResults":[{"hash":"01f9bf6df74169c77a8112dcc5351f94f8059ea5","isMergeCommit":true,"messageTitle":"Merge pull request #188 from gavin331/gavin331_fix_assigntask_bug","messageBody":"Gavin331 fix assigntask bug","fileTypesAndContributionMap":{}},{"hash":"6b14839f43c2a466226d09304fc0734236ccd0d7","isMergeCommit":true,"messageTitle":"Merge pull request #189 from AY2324S2-CS2103T-T15-4/149-pe-dtester-b-unable-to-assign-task-after-find-task-command","messageBody":"149 pe dtester b unable to assign task after find task command","fileTypesAndContributionMap":{}}]}],"azumieflare":[{"date":"2024-03-05","commitResults":[{"hash":"d647c7f4f40d9b9743aa9e42a29b6675915d1133","isMergeCommit":false,"messageTitle":"Edit about us","messageBody":"Updated self profile.\n","fileTypesAndContributionMap":{"docs":{"insertions":52,"deletions":5}}},{"hash":"04b8660becaab6301fdb925dd243b65242036404","isMergeCommit":false,"messageTitle":"Edit README.md","messageBody":"Updated details of the app.\n","fileTypesAndContributionMap":{"docs":{"insertions":62,"deletions":11}}},{"hash":"bbe0a84623d81418e7997852c75729d2d09972e4","isMergeCommit":false,"messageTitle":"Undo changes","messageBody":"Removed updates done to AboutUs to isolate all\nchanges to README to this branch.\n","fileTypesAndContributionMap":{"docs":{"insertions":6,"deletions":53}}},{"hash":"76935bcd649ba859b6933608cf19a72e65b72a78","isMergeCommit":false,"messageTitle":"Undo changes","messageBody":"Removed updates done.\n","fileTypesAndContributionMap":{"docs":{"insertions":11,"deletions":62}}},{"hash":"63ba72b8e9df486f13ad08ea73e825ad568357aa","isMergeCommit":false,"messageTitle":"Update README.md","messageBody":"Updated details of the app.\n","fileTypesAndContributionMap":{"docs":{"insertions":62,"deletions":11}}},{"hash":"6985d7a051cf367ff433d7fa41f19fac3c089554","isMergeCommit":false,"messageTitle":"Edit AboutUs.md","messageBody":"Updated self profile.\n","fileTypesAndContributionMap":{"docs":{"insertions":53,"deletions":6}}},{"hash":"b52a462171b993fd0a5107f466840a84e13d60c0","isMergeCommit":false,"messageTitle":"Edit AboutUs.md","messageBody":"Fixed EOF error.\n","fileTypesAndContributionMap":{"docs":{"insertions":2,"deletions":1}}},{"hash":"85c5c7eb7b0a9b6afc05525f4241631ae91166c1","isMergeCommit":false,"messageTitle":"Edit AboutUs.md","messageBody":"Fixed EOF error.\n","fileTypesAndContributionMap":{"docs":{"insertions":0,"deletions":1}}}]},{"date":"2024-03-06","commitResults":[{"hash":"25d998b936655a4de4200fb2f087ea18b190e72e","isMergeCommit":true,"messageTitle":"Merge pull request #31 from AY2324S2-CS2103T-T15-4/1-update-aboutus-page","messageBody":"Merge AboutUs page for v1.1","fileTypesAndContributionMap":{}},{"hash":"50261fb4cc2955dc29aac52a5b8679ba86489772","isMergeCommit":true,"messageTitle":"Merge branch \u0027master\u0027 into 8-update-dg","messageBody":"","fileTypesAndContributionMap":{}},{"hash":"aa0f4c1ec993bc5d571545977ac03f57a6b9831b","isMergeCommit":true,"messageTitle":"Merge branch \u0027master\u0027 into 7-update-user-guide","messageBody":"","fileTypesAndContributionMap":{}},{"hash":"5ffd3a754edbce36809a124db2e2aa4d8e2e151a","isMergeCommit":true,"messageTitle":"Merge pull request #30 from AY2324S2-CS2103T-T15-4/8-update-dg","messageBody":"Close DG for v1.1","fileTypesAndContributionMap":{}},{"hash":"89794d44100e63504679a19084e9e2311175cff7","isMergeCommit":true,"messageTitle":"Merge branch \u0027master\u0027 into 7-update-user-guide","messageBody":"","fileTypesAndContributionMap":{}},{"hash":"343879f3cac8aa237a006d332a30af01aac2c2df","isMergeCommit":false,"messageTitle":"Update UserGuide.md","messageBody":"Added missing commands","fileTypesAndContributionMap":{"docs":{"insertions":6,"deletions":0}}}]},{"date":"2024-03-07","commitResults":[{"hash":"2cb1f9bf8886ee03f3b93df351bc71184b14a9ba","isMergeCommit":false,"messageTitle":"Update DG","messageBody":"Updated product scope.\n","fileTypesAndContributionMap":{"docs":{"insertions":5,"deletions":7}}},{"hash":"3b4c02aca92d5f89e00d116ea55bd762b636028b","isMergeCommit":true,"messageTitle":"Merge pull request #34 from azumieflare/branch-DG","messageBody":"Branch dg","fileTypesAndContributionMap":{}}]},{"date":"2024-03-13","commitResults":[{"hash":"cc2b5ecb3092fc878aad63f1b779d6a735f19046","isMergeCommit":false,"messageTitle":"Add Task","messageBody":"Added functionality for adding tasks and save/load.\n\nGUI also updated to reflect tasks.\n\nRemoving of tasks and taskID will be added in a\nlater commit.\n","fileTypesAndContributionMap":{"functional-code":{"insertions":516,"deletions":2}}},{"hash":"589bb8cb9c6057709e7e3817db6008d9277ac36c","isMergeCommit":false,"messageTitle":"Remove Task","messageBody":"Added functionality for removing tasks.\n\nLeft with adding taskID.\n","fileTypesAndContributionMap":{"functional-code":{"insertions":95,"deletions":0}}},{"hash":"916ec338c1d1c8b495035fa1034ce7617bd9a857","isMergeCommit":false,"messageTitle":"Fix checkstyle","messageBody":"Updated Stubs to implement added abstract methods.\n","fileTypesAndContributionMap":{"test-code":{"insertions":27,"deletions":0}}},{"hash":"186b225505af58b7d2613f86765147217a1a680f","isMergeCommit":false,"messageTitle":"Add taskId to task","messageBody":"Updated add and remove task to consider taskId\ninstead of absolute index.\n\nTaskId also persists throughout sessions\nincluding restarting the app.\n\nMaybe should add a command to reset taskId?\n","fileTypesAndContributionMap":{"functional-code":{"insertions":109,"deletions":30},"other":{"insertions":22,"deletions":20},"test-code":{"insertions":1,"deletions":1}}},{"hash":"be41c8cc8b0e7d3296ed812ceb1a0d363e92b01e","isMergeCommit":false,"messageTitle":"Fix existing test case bugs","messageBody":"Also fixed some checkstyle issues.\n","fileTypesAndContributionMap":{"functional-code":{"insertions":15,"deletions":9}}},{"hash":"a71aec8fdeb6b8d383c07350a07904eb3da6b177","isMergeCommit":false,"messageTitle":"Add test cases","messageBody":"Added test cases to cover the new Task features.\n","fileTypesAndContributionMap":{"functional-code":{"insertions":0,"deletions":10},"test-code":{"insertions":146,"deletions":0}}},{"hash":"ddb5bcb05c9312cd4d8135cbd5aaf58a53245e5e","isMergeCommit":true,"messageTitle":"Merge conflicts","messageBody":"Fixed all merge conflicts after refactoring.\n","fileTypesAndContributionMap":{}}]},{"date":"2024-03-14","commitResults":[{"hash":"ffaa746801cf2aff80c2e40bf448857ded44cf07","isMergeCommit":false,"messageTitle":"Update README.md","messageBody":"","fileTypesAndContributionMap":{"docs":{"insertions":1,"deletions":1}}},{"hash":"0b2b13b1d7d64ddc8d45966a117d6f0a4eae089f","isMergeCommit":false,"messageTitle":"Add test cases","messageBody":"Added several test cases to increase code coverage.\n","fileTypesAndContributionMap":{"functional-code":{"insertions":21,"deletions":0},"test-code":{"insertions":77,"deletions":1}}},{"hash":"584a0964ef21f3f82ce589f6fdcdd4d4e2fb98ca","isMergeCommit":false,"messageTitle":"Add test cases","messageBody":"Added several more test cases to increase code coverage.\n","fileTypesAndContributionMap":{"test-code":{"insertions":67,"deletions":16}}}]},{"date":"2024-03-16","commitResults":[{"hash":"0453fe8673490f2827ac4a649e60cf3349550587","isMergeCommit":false,"messageTitle":"Fix minor errors","messageBody":"","fileTypesAndContributionMap":{"docs":{"insertions":2,"deletions":2}}},{"hash":"bb95d28793f76b9bca5b41ad1965a85570a54ccd","isMergeCommit":true,"messageTitle":"Merge branch \u0027branch-Tasks\u0027","messageBody":"","fileTypesAndContributionMap":{}},{"hash":"3f36407a2fb44e68850a68420e09eefce73a6a28","isMergeCommit":false,"messageTitle":"Fix minor errors","messageBody":"","fileTypesAndContributionMap":{"functional-code":{"insertions":4,"deletions":4},"test-code":{"insertions":6,"deletions":6}}},{"hash":"1bf7534771d1e6492571c6bc16f5a2878b5a0bf6","isMergeCommit":true,"messageTitle":"Merge pull request #62 from AY2324S2-CS2103T-T15-4/47-add-in-task-with-all-minimum-features","messageBody":"47 add in task with all minimum features","fileTypesAndContributionMap":{}},{"hash":"4b6646341e8d212284836793f6105626e7ce1365","isMergeCommit":true,"messageTitle":"Fix minor errors","messageBody":"","fileTypesAndContributionMap":{}},{"hash":"db887e79a6b1ed2d473060d65fc9f4ba85dc2b98","isMergeCommit":true,"messageTitle":"Fix minor errors","messageBody":"","fileTypesAndContributionMap":{}},{"hash":"4484e8621a4a158548428c3fb29e1a5084ae5377","isMergeCommit":true,"messageTitle":"Merge pull request #63 from azumieflare/branch-Tasks","messageBody":"Added test cases","fileTypesAndContributionMap":{}}]},{"date":"2024-03-17","commitResults":[{"hash":"7526f03112c1054cc9157d7c71b26a3a45e3c490","isMergeCommit":false,"messageTitle":"Fix minor errors","messageBody":"","fileTypesAndContributionMap":{"functional-code":{"insertions":1,"deletions":1}}},{"hash":"b1c7cb358f3f98581e4db92ecfd0a66bdbedf43a","isMergeCommit":true,"messageTitle":"Merge pull request #68 from azumieflare/branch-Tasks","messageBody":"Fix minor errors","fileTypesAndContributionMap":{}}]},{"date":"2024-03-20","commitResults":[{"hash":"283ec8bc07ae62595ffa37e6f7b283f8268cb9b6","isMergeCommit":false,"messageTitle":"Modify GUI","messageBody":"Combined both StackPane into one for easier access.\n","fileTypesAndContributionMap":{"functional-code":{"insertions":22,"deletions":23}}},{"hash":"5c7f8ddab6774ece090f3c1e1591c9e3bb269bce","isMergeCommit":false,"messageTitle":"Update UML Diagrams","messageBody":"Updated BetterModelClassDiagram.puml,\n ModelClassDiagram.puml and UiClassDiagram.puml\n to reflect new class Task.\n","fileTypesAndContributionMap":{"docs":{"insertions":26,"deletions":5}}},{"hash":"71e1ab8e7212f170d138dfe4ce172ebfce46f80d","isMergeCommit":false,"messageTitle":"Fix variable names","messageBody":"Changed some variable names for better consistency.\n","fileTypesAndContributionMap":{"functional-code":{"insertions":8,"deletions":11}}},{"hash":"ea159412b9d7510817ab2378cd53ae53ff283a7f","isMergeCommit":true,"messageTitle":"Merge pull request #89 from azumieflare/master","messageBody":"Fix variable names","fileTypesAndContributionMap":{}}]},{"date":"2024-03-24","commitResults":[{"hash":"cbd5a917453dcd137a618561803cb75cd5bb353e","isMergeCommit":false,"messageTitle":"Update DeveloperGuide.md","messageBody":"Added implementation details for add/remove tasks,\nalong with UML diagrams through an example usage scenario.\n\nAlso updated build.gradle to enable assertions.\n","fileTypesAndContributionMap":{"other":{"insertions":4,"deletions":0},"docs":{"insertions":221,"deletions":1}}},{"hash":"d5c0a8b62c5d09039da4d20519c3f931945fab74","isMergeCommit":false,"messageTitle":"Fix minor typo","messageBody":"","fileTypesAndContributionMap":{"docs":{"insertions":0,"deletions":1}}},{"hash":"7208c3dfb8018010ab471af2cc6f315c30506e08","isMergeCommit":false,"messageTitle":"Fix minor typo","messageBody":"","fileTypesAndContributionMap":{"other":{"insertions":1,"deletions":1}}}]},{"date":"2024-04-03","commitResults":[{"hash":"e2d18e9f6b38742eb4d784e6512494fbd11ea9da","isMergeCommit":false,"messageTitle":"Fix minor typo","messageBody":"","fileTypesAndContributionMap":{"docs":{"insertions":2,"deletions":2}}},{"hash":"8d3562cd8db2a76d2170c4d30ce82730b7189a23","isMergeCommit":false,"messageTitle":"Update code style","messageBody":"There are many instances of law of demeter being\nviolated. These are fixed and respective files\nare updated to reflect the changes.\n\nSeveral instance of arrow-styled codes are also\nfixed.\n\nToDo: Update SampleDataUtil.java to include\nautomatic assigning of tasks to employees.\n\nCan also consider handling of initial error\nsave file.\n","fileTypesAndContributionMap":{"functional-code":{"insertions":223,"deletions":156},"docs":{"insertions":0,"deletions":88},"test-code":{"insertions":37,"deletions":37}}},{"hash":"7403af5f84c4fe2e52a3af9274717621b340afea","isMergeCommit":true,"messageTitle":"Merge with existing branch","messageBody":"Fix merge conflicts.\n","fileTypesAndContributionMap":{}},{"hash":"5da9b3fcdc582d6f4bfd61adc90afbc7784bfbd3","isMergeCommit":false,"messageTitle":"Minor fix for formatting","messageBody":"","fileTypesAndContributionMap":{"docs":{"insertions":2,"deletions":2}}}]},{"date":"2024-04-04","commitResults":[{"hash":"ad1362f98dd1a3835593e21c0d83e956259e1f4e","isMergeCommit":false,"messageTitle":"Update regex and fix bugs","messageBody":"Update regex for phone to take in exactly 8\n digits and should start with 6, 8 or 9.\n\n EditCommand.java also fixed to use EmployeeId\n instead of displayed index.\n","fileTypesAndContributionMap":{"functional-code":{"insertions":13,"deletions":4}}},{"hash":"5fbfe716981106a9c108c318824ac16d1d744b3a","isMergeCommit":false,"messageTitle":"Fix test cases","messageBody":"Update all test cases to reflect previous changes.\n","fileTypesAndContributionMap":{"test-code":{"insertions":19,"deletions":18}}},{"hash":"dcf1f24e5c1c2b53bae26c300d1e16270621f4c0","isMergeCommit":true,"messageTitle":"Merge pull request #141 from azumieflare/master","messageBody":"Fix minor bugs","fileTypesAndContributionMap":{}},{"hash":"b140cea7bb8de1772b2270fa2fd4046af9c8d13d","isMergeCommit":false,"messageTitle":"Update EditCommand.java","messageBody":"","fileTypesAndContributionMap":{"functional-code":{"insertions":2,"deletions":2}}},{"hash":"fcb19c69edaa16dd19f54d4acde65ea53d2b7ae4","isMergeCommit":true,"messageTitle":"Merge pull request #142 from AY2324S2-CS2103T-T15-4/Minor-bug-fixes","messageBody":"Minor bug fixes","tags":["v1.3.1"],"fileTypesAndContributionMap":{}}]},{"date":"2024-04-05","commitResults":[{"hash":"182faf01296e7fd15d5fe3c4151b8b8606bce1be","isMergeCommit":false,"messageTitle":"Update UserGuide.md","messageBody":"","fileTypesAndContributionMap":{"docs":{"insertions":16,"deletions":14}}}]}],"gavin331":[{"date":"2024-03-05","commitResults":[{"hash":"84d0974fd880fe1cc7606f217a72ae3dac757b62","isMergeCommit":true,"messageTitle":"Merge pull request #10 from BryanL2303/1-update-aboutus-page","messageBody":"Add profile for Bryan","fileTypesAndContributionMap":{}},{"hash":"c6190f8875b9b6e9135b75b7e936f173ae8ac7af","isMergeCommit":false,"messageTitle":"Update AboutUs.md","messageBody":"","fileTypesAndContributionMap":{"docs":{"insertions":52,"deletions":16}}},{"hash":"4f047714a2758b58b760a2243234d7216be1ac4b","isMergeCommit":true,"messageTitle":"Merge branch \u00271-update-aboutus-page\u0027 into 1-update-aboutus-page","messageBody":"","fileTypesAndContributionMap":{}},{"hash":"a5e938cc448ad1a6ecc447de1c1c18722d6471d2","isMergeCommit":true,"messageTitle":"Fix merge conflict in aboutus.md","messageBody":"","fileTypesAndContributionMap":{}},{"hash":"f438e87d9594b131c98f1b4d6eea6359112a36a0","isMergeCommit":true,"messageTitle":"Merge pull request #11 from BryanL2303/7-update-user-guide","messageBody":"Update UserGuide.md","fileTypesAndContributionMap":{}}]},{"date":"2024-03-06","commitResults":[{"hash":"e41f536708b723b838e647f9b39ddbb858421534","isMergeCommit":false,"messageTitle":"Add employee functions to UserGuide.md","messageBody":"Add \u0027adding employee\u0027, \u0027listing employees\u0027, \u0027deleting employee\u0027\nto the userguide. Also, I renamed parts of the code where we used\n\u0027address book\u0027 to \u0027TaskMasterPro\u0027.\n","fileTypesAndContributionMap":{"docs":{"insertions":46,"deletions":12}}},{"hash":"bc95f46bc916b883fd0ba3f968419482a0114e67","isMergeCommit":true,"messageTitle":"Merge pull request #15 from AY2324S2-CS2103T-T15-4/5-update-readme-page","messageBody":"Update README","fileTypesAndContributionMap":{}},{"hash":"9019491d8737a75914331b26bae6aab9ad5de208","isMergeCommit":true,"messageTitle":"Merge pull request #16 from BryanL2303/8-update-dg","messageBody":"Update user stories and cases","fileTypesAndContributionMap":{}},{"hash":"9dd830944d442e2bcd68a3fc171021abdebaf8e3","isMergeCommit":false,"messageTitle":"Add use case for marking and unmarking a task","messageBody":"","fileTypesAndContributionMap":{"docs":{"insertions":23,"deletions":0}}}]},{"date":"2024-03-07","commitResults":[{"hash":"cf7a1e1288e064190019d60533018509c4dba410","isMergeCommit":true,"messageTitle":"Merge pull request #36 from AY2324S2-CS2103T-T15-4/8-update-dg","messageBody":"8 update dg","fileTypesAndContributionMap":{}},{"hash":"4dff5e5498c0cada0c69f951ce8550172726078e","isMergeCommit":false,"messageTitle":"Update NFR in DG","messageBody":"","fileTypesAndContributionMap":{"docs":{"insertions":1,"deletions":0}}},{"hash":"ed2313bb1c10989b98ae25fab4cfa551e0713616","isMergeCommit":true,"messageTitle":"Merge pull request #37 from gavin331/35-add-nfr-to-dg","messageBody":"Update NFR in DG","fileTypesAndContributionMap":{}},{"hash":"d7e0dddca61cc70cc634ccae9cf0dd25a11eceda","isMergeCommit":true,"messageTitle":"Merge pull request #38 from AY2324S2-CS2103T-T15-4/35-add-nfr-to-dg","messageBody":"35 add nfr to dg","fileTypesAndContributionMap":{}}]},{"date":"2024-03-11","commitResults":[{"hash":"348ec5e7d78d9378ee89c94cf9eba70f527fa658","isMergeCommit":true,"messageTitle":"Fix merge conflict","messageBody":"","fileTypesAndContributionMap":{}},{"hash":"74ee1432cf7d1bde89fa39a6cf7e9548cdc53a07","isMergeCommit":false,"messageTitle":"Refactor person/Person into employee/Employee","messageBody":"Refactor addressbook into TaskMasterPro has not been done\nat this point.\n","fileTypesAndContributionMap":{"functional-code":{"insertions":443,"deletions":444},"other":{"insertions":196,"deletions":193},"docs":{"insertions":98,"deletions":98},"test-code":{"insertions":730,"deletions":724}}}]},{"date":"2024-03-12","commitResults":[{"hash":"68fbf893a5286c401e543e896a18d4fce4019ee1","isMergeCommit":false,"messageTitle":"Fix checkstyle error","messageBody":"","fileTypesAndContributionMap":{"functional-code":{"insertions":7,"deletions":4},"test-code":{"insertions":5,"deletions":4}}},{"hash":"4e3eeebd88fea516111fb201a7699c31e41a4fee","isMergeCommit":false,"messageTitle":"Refactor addressbook into TaskMasterPro","messageBody":"There are some parts which I did not refactor. For example,\nacknowledgements to the original addressbook project and\nthe content in the logs.\n\nThe other parts are mostly refactored but since there are\nquite a number of files involved, do look out for potential\nerrors or portions which should not have been refactored.\n","fileTypesAndContributionMap":{"functional-code":{"insertions":234,"deletions":233},"other":{"insertions":76,"deletions":75},"docs":{"insertions":77,"deletions":77},"test-code":{"insertions":240,"deletions":238}}}]},{"date":"2024-03-19","commitResults":[{"hash":"80a4e8fa9ec142b3996bdf125be58ca6067745a6","isMergeCommit":true,"messageTitle":"Merge remote-tracking branch \u0027upstream/master\u0027","messageBody":"","fileTypesAndContributionMap":{}}]},{"date":"2024-03-20","commitResults":[{"hash":"a9aff7ee23308559ac622dfb3a7188f8659a6bab","isMergeCommit":false,"messageTitle":"Add sequence diagram for assigntask command","messageBody":"The separate sequence diagram to illustrate the details of the ref\nblock has not been implemented yet.\n","fileTypesAndContributionMap":{"docs":{"insertions":72,"deletions":0}}},{"hash":"59b240d15f26c9b63e859f2fa08b3ab6160be792","isMergeCommit":false,"messageTitle":"Add AssignTask sequence diagram to DG","messageBody":"","fileTypesAndContributionMap":{"docs":{"insertions":2,"deletions":0}}},{"hash":"c039616a40a90471039762e288f7f7100051e958","isMergeCommit":false,"messageTitle":"Fix minor error to show object name","messageBody":"Initially, it was :AssignTaskCommand. I corrected it to\na:AssignTaskCommand.\n","fileTypesAndContributionMap":{"docs":{"insertions":1,"deletions":1}}},{"hash":"812c5bb145a8051ec347a8524bde25f0219c05a9","isMergeCommit":false,"messageTitle":"Add sequence diagram for the ref block","messageBody":"","fileTypesAndContributionMap":{"docs":{"insertions":43,"deletions":1}}}]},{"date":"2024-03-24","commitResults":[{"hash":"55dcb3c31ca8eb4fccba3bad0a0506d3adb6c389","isMergeCommit":false,"messageTitle":"Update UG","messageBody":"","fileTypesAndContributionMap":{"docs":{"insertions":8,"deletions":8}}},{"hash":"8eb6f3164a5969b2f14f6fe1f9d3ce2e1f368031","isMergeCommit":false,"messageTitle":"Fix minor error in UG","messageBody":"","fileTypesAndContributionMap":{"docs":{"insertions":9,"deletions":9}}},{"hash":"c8df21c86233fdb752d48262adb30a3465aa3496","isMergeCommit":true,"messageTitle":"Merge branch \u0027master\u0027 of https://github.com/gavin331/tp","messageBody":"","fileTypesAndContributionMap":{}},{"hash":"4f5949321df346d428d47045ce2abe58f4fa4d6e","isMergeCommit":true,"messageTitle":"Merge pull request #101 from gavin331/master","messageBody":"Updated UG ","fileTypesAndContributionMap":{}},{"hash":"3cd69e0171b3d5163dc3677b87a93f038393d037","isMergeCommit":false,"messageTitle":"Refactor to TaskMasterPro in TaskMasterPro.java","messageBody":"","fileTypesAndContributionMap":{"functional-code":{"insertions":10,"deletions":10}}}]},{"date":"2024-03-25","commitResults":[{"hash":"7f7dc48c380824456800c3e88b12cddd61521a99","isMergeCommit":true,"messageTitle":"Merge pull request #98 from azumieflare/master","messageBody":"Update Developer Guide","fileTypesAndContributionMap":{}},{"hash":"32cf78ce34506b4f9a8909595f9415d2bf5157be","isMergeCommit":true,"messageTitle":"Merge pull request #103 from gavin331/65-fixing-non-functional-mistakes-with-tasks-branch","messageBody":"Refactor to TaskMasterPro in TaskMasterPro.java","fileTypesAndContributionMap":{}}]},{"date":"2024-03-26","commitResults":[{"hash":"5497687db0ea996127b9264432e540f3097a6b06","isMergeCommit":false,"messageTitle":"Add findtasks feature","messageBody":"The findtasks feature works similarly to the find command for the\nemployees. The UG and DG have also been updated to include the\nfindtasks feature. Also updated the UI to show the employee/task\npanels whenever we run find or findtasks. Lastly, some minor\nrefactoring was done.\n","fileTypesAndContributionMap":{"functional-code":{"insertions":147,"deletions":4},"docs":{"insertions":35,"deletions":18}}},{"hash":"879be9acf5ae7f0e55709c87592756898ed6de23","isMergeCommit":false,"messageTitle":"Remove TODO comments","messageBody":"","fileTypesAndContributionMap":{"functional-code":{"insertions":0,"deletions":3}}}]},{"date":"2024-03-27","commitResults":[{"hash":"4c1bea0706dfcda41d8a5c7fa0c1636802332857","isMergeCommit":true,"messageTitle":"Merge remote-tracking branch \u0027upstream/97-update-dg-implementations-section\u0027 into gavin331-97-update-dg-implementations-section","messageBody":"","fileTypesAndContributionMap":{}},{"hash":"962e1db9e855bbfc6203cbb44e9bf7e3c6701454","isMergeCommit":false,"messageTitle":"Add findtasks implementation in DG","messageBody":"This is still in progress.\n","fileTypesAndContributionMap":{"docs":{"insertions":106,"deletions":0}}},{"hash":"a6fc6e496a213e5cfd619d0fab38affb16420356","isMergeCommit":false,"messageTitle":"Add Findtasks activity diagram to DG","messageBody":"","fileTypesAndContributionMap":{"docs":{"insertions":40,"deletions":4}}},{"hash":"0b04624ae15f3650414b956deca68f254e927834","isMergeCommit":true,"messageTitle":"Merge pull request #111 from gavin331/110-add-findtasks-command","messageBody":"110 add findtasks command","fileTypesAndContributionMap":{}},{"hash":"895411ffd2816df0a9f42484f167fb90a20e8bcc","isMergeCommit":false,"messageTitle":"Fix EOF and whitespace errors","messageBody":"","fileTypesAndContributionMap":{"docs":{"insertions":11,"deletions":11}}},{"hash":"b4b6a20c1f008547ea07622aa121f7963cd00781","isMergeCommit":true,"messageTitle":"Merge pull request #113 from gavin331/gavin331-97-update-dg-implementations-section","messageBody":"Gavin331 97 update dg implementations section","fileTypesAndContributionMap":{}},{"hash":"99364f0347ddb8c7128f47e6eec730b0c3783f7e","isMergeCommit":false,"messageTitle":"Add testcases for findtasks command.","messageBody":"FindTasksCommandParser and the predicate for findtasks\nhave been tested. The FindTasksCommand have not been tested\nyet because the getTypicalTaskMasterPro() currently does not\ninclude pre-build tasks.\n","fileTypesAndContributionMap":{"test-code":{"insertions":126,"deletions":0}}},{"hash":"aee61bca262ab2280455b9c1037a723646ae4437","isMergeCommit":true,"messageTitle":"Merge pull request #114 from gavin331/110-add-findtasks-command","messageBody":"Add testcases for findtasks command.","fileTypesAndContributionMap":{}}]},{"date":"2024-04-02","commitResults":[{"hash":"3e82832aa5b1396d9aedc0ee6a50b6567bdbd897","isMergeCommit":false,"messageTitle":"Refactor address book to TaskMasterPro","messageBody":"","fileTypesAndContributionMap":{"functional-code":{"insertions":38,"deletions":40},"docs":{"insertions":16,"deletions":16},"test-code":{"insertions":7,"deletions":7}}},{"hash":"dca4768b9d3fbe4d47a06ef3d22e85b15e973d45","isMergeCommit":false,"messageTitle":"Add testcases for FindTasksCommand","messageBody":"","fileTypesAndContributionMap":{"test-code":{"insertions":103,"deletions":0}}},{"hash":"9f6278d8289d9c5685302f2080dba0cf009dbd94","isMergeCommit":true,"messageTitle":"Merge pull request #123 from BryanL2303/122-add-test-cases","messageBody":"Adding tests","fileTypesAndContributionMap":{}}]},{"date":"2024-04-04","commitResults":[{"hash":"80160ce0d0f9ac146fb181d8b29247a3291cf7f7","isMergeCommit":false,"messageTitle":"remove outdated seq diagram","messageBody":"","fileTypesAndContributionMap":{"docs":{"insertions":0,"deletions":6}}},{"hash":"29a9c12daa03484258ff1a04d0bb18ab68c3cd52","isMergeCommit":true,"messageTitle":"Merge branch \u0027master\u0027 into gavin_remove_outdated_seqdiagram","messageBody":"","fileTypesAndContributionMap":{}},{"hash":"76a4d484b3dc62c8138bac6998bc5b637b8f1960","isMergeCommit":true,"messageTitle":"Merge pull request #135 from gavin331/gavin_remove_outdated_seqdiagram","messageBody":"remove outdated seq diagram","fileTypesAndContributionMap":{}},{"hash":"1cb5f833caf51e953bc5b1ce9fb481bc2ee98438","isMergeCommit":true,"messageTitle":"Merge pull request #140 from AY2324S2-CS2103T-T15-4/Final-Update-to-UG","messageBody":"Final Update to UserGuide","fileTypesAndContributionMap":{}}]},{"date":"2024-04-08","commitResults":[{"hash":"d0d31327f2c0d65ca63832753250952b399b7bd2","isMergeCommit":false,"messageTitle":"Fix issue with assigning and unassigning tasks","messageBody":"There are bugs when assigning or unassigning tasks after executing\nthe find or findtasks command.\n\nThese bugs was fixed by updating the execute method in\nAssignTaskCommand and UnassignTaskCommand. Now, it will first\nupdate the filtered tasklist and employeelist to show all\ntask/employees before retrieving the filtered tasklist\nand employee list.\n\nAlso added some javadoc commands to classes associated with\nfindtasks.\n","fileTypesAndContributionMap":{"functional-code":{"insertions":17,"deletions":7}}}]}],"johnyoozhengxian":[{"date":"2024-03-06","commitResults":[{"hash":"f0055421a56a53954ec4cf42f72fb17046e06401","isMergeCommit":false,"messageTitle":"Add AboutUs","messageBody":"","fileTypesAndContributionMap":{"docs":{"insertions":56,"deletions":0}}},{"hash":"2822ac4fff874b07776eca15eacbd33bff00eeba","isMergeCommit":false,"messageTitle":"Add UG","messageBody":"","fileTypesAndContributionMap":{"docs":{"insertions":39,"deletions":0}}},{"hash":"f79813bb662d879ef9fb37c0bb5c0e4cfd4fe2bd","isMergeCommit":true,"messageTitle":"Merge branch \u00271-update-aboutus-page\u0027 into update-aboutus-page","messageBody":"","fileTypesAndContributionMap":{}},{"hash":"e0457053ee64c493975e77818c54c20c87be9979","isMergeCommit":true,"messageTitle":"Merge pull request #28 from johnyoozhengxian/update-ug","messageBody":"Add UG","fileTypesAndContributionMap":{}},{"hash":"c0e02c3ffa515310761697163248f75498898d3b","isMergeCommit":false,"messageTitle":"Update AboutUs.md","messageBody":"","fileTypesAndContributionMap":{"docs":{"insertions":1,"deletions":1}}},{"hash":"b1a19f35800f84c1fa7851eebeda25908269aff4","isMergeCommit":false,"messageTitle":"Update UserGuide.md","messageBody":"","fileTypesAndContributionMap":{"docs":{"insertions":4,"deletions":2}}},{"hash":"28f75d466ae14ec5bc45b923c9ac20b2ec53477e","isMergeCommit":false,"messageTitle":"Update UserGuide.md","messageBody":"","fileTypesAndContributionMap":{"docs":{"insertions":0,"deletions":2}}}]},{"date":"2024-03-08","commitResults":[{"hash":"294ba90c1a852f97f1394e30ba9db292feb990cf","isMergeCommit":false,"messageTitle":"Add UserGuide","messageBody":"","fileTypesAndContributionMap":{"functional-code":{"insertions":30,"deletions":9},"other":{"insertions":3,"deletions":3},"docs":{"insertions":1,"deletions":1}}},{"hash":"c232d0a09104590ab010ef3d7a5efa244e2ad244","isMergeCommit":false,"messageTitle":"Add UserGuide with changes","messageBody":"","fileTypesAndContributionMap":{"other":{"insertions":3,"deletions":3}}},{"hash":"c1c1fb6dd922877243fdb93cf61e0c76086681c1","isMergeCommit":false,"messageTitle":"Add UserGuide with changes","messageBody":"","fileTypesAndContributionMap":{"functional-code":{"insertions":10,"deletions":1}}},{"hash":"bc409503e678b7f9ae1b38fd913651ac38cc8908","isMergeCommit":false,"messageTitle":"Add UserGuide with changes","messageBody":"","fileTypesAndContributionMap":{"functional-code":{"insertions":0,"deletions":30}}},{"hash":"1571b0f4f75a29010e74d34ea62e50020aae0637","isMergeCommit":true,"messageTitle":"Merge pull request #40 from johnyoozhengxian/update-ug","messageBody":"Add UserGuide","fileTypesAndContributionMap":{}},{"hash":"1596f5e7e67dd4dbc21b2eca635eceaa7cf029a4","isMergeCommit":true,"messageTitle":"Merge pull request #41 from AY2324S2-CS2103T-T15-4/update-user-guide","messageBody":"Update user guide","fileTypesAndContributionMap":{}}]},{"date":"2024-03-17","commitResults":[{"hash":"ddd07673d1696137fe9a3ca05566d05487355e7d","isMergeCommit":false,"messageTitle":"add mark/unmark","messageBody":"","fileTypesAndContributionMap":{"functional-code":{"insertions":452,"deletions":21}}},{"hash":"5be9c0d959232bbd6ddfce15701016e9a5c4affa","isMergeCommit":false,"messageTitle":"Add Assign Task to Employees","messageBody":"","fileTypesAndContributionMap":{"functional-code":{"insertions":83,"deletions":58},"test-code":{"insertions":265,"deletions":52}}},{"hash":"6f745518cff3b1e7fed583ca34eb6b5f81dd2d16","isMergeCommit":false,"messageTitle":"Implement CheckStyle","messageBody":"","fileTypesAndContributionMap":{"functional-code":{"insertions":174,"deletions":59},"test-code":{"insertions":77,"deletions":37}}},{"hash":"d4e4024519f1fb257501bd9fa4d8f5dab6ac2908","isMergeCommit":true,"messageTitle":"Merge branch \u002747-add-in-task-with-all-minimum-features\u0027 into update-checkstyle","messageBody":"","fileTypesAndContributionMap":{}},{"hash":"96cb49a1ef21e27356cf74f8b7d8dc11c7153772","isMergeCommit":true,"messageTitle":"Merge pull request #72 from johnyoozhengxian/update-checkstyle","messageBody":"Update checkstyle, mark task, unmark task and Assign Task to a Person","fileTypesAndContributionMap":{}}]},{"date":"2024-03-18","commitResults":[{"hash":"6b47be2d4d9cffa43dae63709a4fe138c68ced68","isMergeCommit":false,"messageTitle":"Add Unassign Commands and change code to allow empty AssignedTask","messageBody":"","fileTypesAndContributionMap":{"functional-code":{"insertions":174,"deletions":15},"other":{"insertions":1,"deletions":1}}},{"hash":"019442b3c61151a32c65472f11e1c926eb2c9c85","isMergeCommit":false,"messageTitle":"Add UnassignTask and changed a bit of assigntask","messageBody":"","fileTypesAndContributionMap":{"functional-code":{"insertions":2,"deletions":2}}},{"hash":"d57bd5a850977344f84e1a21bc6f51e55e07b68a","isMergeCommit":true,"messageTitle":"Merge pull request #73 from johnyoozhengxian/add-unassigntask","messageBody":"Add unassigntask","fileTypesAndContributionMap":{}}]},{"date":"2024-03-21","commitResults":[{"hash":"617ade9c9ab9efac341c147766bffe60e7dec98b","isMergeCommit":false,"messageTitle":"Add UML for mark","messageBody":"","fileTypesAndContributionMap":{"docs":{"insertions":103,"deletions":1}}},{"hash":"f60a16f3e123ee2ad8ce37c53da0df31d2d92a92","isMergeCommit":true,"messageTitle":"Merge pull request #92 from johnyoozhengxian/add-uml","messageBody":"Add uml","fileTypesAndContributionMap":{}},{"hash":"e57b8fd12e6766511a84fa079288e1c72f3f4812","isMergeCommit":true,"messageTitle":"Merge pull request #93 from AY2324S2-CS2103T-T15-4/78-update-dg-with-uml-diagrams","messageBody":"78 update dg with uml diagrams","fileTypesAndContributionMap":{}}]},{"date":"2024-03-27","commitResults":[{"hash":"3675089a7a67c4086af5ae797d81756d71f69a80","isMergeCommit":false,"messageTitle":"Add unmark in DG","messageBody":"","fileTypesAndContributionMap":{"docs":{"insertions":133,"deletions":3}}},{"hash":"ea84a5c27ee2652d86540ccc91e65415778525d7","isMergeCommit":true,"messageTitle":"Merge pull request #116 from johnyoozhengxian/2-update-dg","messageBody":"Add unmark in DG","fileTypesAndContributionMap":{}}]},{"date":"2024-04-04","commitResults":[{"hash":"fd9eb34d88c1a0a5e536396efc36b82ca5725845","isMergeCommit":false,"messageTitle":"test","messageBody":"","fileTypesAndContributionMap":{"functional-code":{"insertions":0,"deletions":1},"other":{"insertions":1,"deletions":0}}},{"hash":"a2173a6cb6c3fdbadc234cdddfb1bccba9a28c35","isMergeCommit":true,"messageTitle":"Merge remote-tracking branch \u0027ori/master\u0027 into refactor-test-case","messageBody":"","fileTypesAndContributionMap":{}},{"hash":"cd939ce0cf307bc4a59f562c6856961d0aa1ed9d","isMergeCommit":false,"messageTitle":"Edit UserGuide, remove grammar errors","messageBody":"","fileTypesAndContributionMap":{"docs":{"insertions":3,"deletions":1}}},{"hash":"34e7f25fb0cea6bbedfffcbc860ffa1edc2185e1","isMergeCommit":true,"messageTitle":"Merge pull request #136 from johnyoozhengxian/adjust-ug","messageBody":"Adjust ug","fileTypesAndContributionMap":{}},{"hash":"1da1388cb786199cc00cbc20ee0b1c2d5394d014","isMergeCommit":false,"messageTitle":"Update build.gradle","messageBody":"","fileTypesAndContributionMap":{"other":{"insertions":0,"deletions":1}}},{"hash":"51945eb621e089d6ce6b949d697ee21203412435","isMergeCommit":false,"messageTitle":"Remove something extra","messageBody":"","fileTypesAndContributionMap":{"other":{"insertions":0,"deletions":1}}},{"hash":"a571cfb656c6f5ffb676a39ef1c087b9b08b713f","isMergeCommit":true,"messageTitle":"Merge pull request #139 from AY2324S2-CS2103T-T15-4/104-fix-issues-with-ug","messageBody":"104 fix issues with ug","fileTypesAndContributionMap":{}}]}]},"authorFileTypeContributionMap":{"BryanL2303":{"docs":380,"functional-code":755,"test-code":231,"other":1},"azumieflare":{"docs":434,"functional-code":883,"test-code":317,"other":4},"gavin331":{"docs":503,"functional-code":861,"test-code":1255,"other":1},"johnyoozhengxian":{"docs":323,"functional-code":689,"test-code":297}},"authorContributionVariance":{"BryanL2303":9229.155,"azumieflare":30876.756,"gavin331":212612.17,"johnyoozhengxian":35661.008},"authorDisplayNameMap":{"BryanL2303":"CS2103T-T15-4 BRYA.. YIN","azumieflare":"CS2103T-T15-4 CHAN..JOHN","gavin331":"CS2103T-T15-4 GAVI.. WEI","johnyoozhengxian":"CS2103T-T15-4 JOHN..XIAN"}}
