{"authorDailyContributionsMap":{"yyccbb":[{"date":"2024-03-07","commitResults":[{"hash":"854408b23784302201d826c0bbd298416ee6c193","isMergeCommit":false,"messageTitle":"Update AboutUs page","messageBody":"","fileTypesAndContributionMap":{"docs":{"insertions":9,"deletions":9}}},{"hash":"da02b5d5a3b691cb987f5de5556acf7100daec5a","isMergeCommit":true,"messageTitle":"Merge pull request #9 from yyccbb/master","messageBody":"Update AboutUs page","fileTypesAndContributionMap":{}},{"hash":"8c02784cc2708e4ada8f367b13cb216a9fec4fbc","isMergeCommit":false,"messageTitle":"Update README.md","messageBody":"","fileTypesAndContributionMap":{"docs":{"insertions":7,"deletions":10}}},{"hash":"e23b77addeab0009c5f585737c306ed51d862067","isMergeCommit":true,"messageTitle":"Merge branch \u0027AY2324S2-CS2103T-T11-4:master\u0027 into master","messageBody":"","fileTypesAndContributionMap":{}},{"hash":"34affdd961128ef47b5ac050e01f0c3bc1a3c685","isMergeCommit":true,"messageTitle":"Merge branch \u0027AY2324S2-CS2103T-T11-4:master\u0027 into master","messageBody":"","fileTypesAndContributionMap":{}},{"hash":"fbceaaa3ad70d134bac51f3b5758b4011634e2c3","isMergeCommit":false,"messageTitle":"Update README.md","messageBody":"","fileTypesAndContributionMap":{"docs":{"insertions":3,"deletions":2}}}]},{"date":"2024-03-08","commitResults":[{"hash":"c7032dafe0252e8ca92713c05d4957c2f8cb95a5","isMergeCommit":true,"messageTitle":"Merge pull request #20 from kaitinghh/master","messageBody":"Edit profile file names","fileTypesAndContributionMap":{}},{"hash":"08c905fa7e8e9972b895532c2801bcea019aeab1","isMergeCommit":false,"messageTitle":"Update README.md","messageBody":"","fileTypesAndContributionMap":{"docs":{"insertions":1,"deletions":1}}},{"hash":"6c88853926ad85ef1033f84948efcaf6f9854742","isMergeCommit":true,"messageTitle":"Merge pull request #25 from yyccbb/update-README","messageBody":"Update README.md","fileTypesAndContributionMap":{}}]},{"date":"2024-03-10","commitResults":[{"hash":"74a40afece034d76ae618ae2409c0588c7030b47","isMergeCommit":true,"messageTitle":"Merge pull request #27 from wongkj12/master","messageBody":"Update AboutUs.md","fileTypesAndContributionMap":{}},{"hash":"8bd6cd97f3345657293c8dabaf596a450a60681e","isMergeCommit":true,"messageTitle":"Merge pull request #28 from kaitinghh/master","messageBody":"Update product scope","fileTypesAndContributionMap":{}}]},{"date":"2024-03-17","commitResults":[{"hash":"abd545b3e5537b1d35f87f825e860f4f389de5e3","isMergeCommit":false,"messageTitle":"Update command prefix format to be prefixed by \"/\"","messageBody":"Command prefixes have \"/\" as their suffixes.\n\nIt is more natural to have them prefixed by \"/\" and this also improves\ntheir scalability.\n\nLet\u0027s,\n* Update the command prefixes to be prefixed by \"/\" and followed by\n  mandatory whitespace\n* Update corresponding tests\n","fileTypesAndContributionMap":{"functional-code":{"insertions":9,"deletions":7},"test-code":{"insertions":55,"deletions":53}}},{"hash":"4e053859328c7664268b0a3bf6718a459354048b","isMergeCommit":true,"messageTitle":"Merge pull request #34 from yyccbb/master","messageBody":"Update command prefix format to be prefixed by \"/\"","fileTypesAndContributionMap":{}},{"hash":"818d8e96e17871253984a74ce2cd5c11cf43b6e5","isMergeCommit":false,"messageTitle":"Add PersonType enum and update Person and EditCommand","messageBody":"","fileTypesAndContributionMap":{"functional-code":{"insertions":45,"deletions":12}}}]},{"date":"2024-03-18","commitResults":[{"hash":"92c972a249871e4d23fd88dfad90fe5e95c7e30a","isMergeCommit":false,"messageTitle":"AddCommandParser: add support for type","messageBody":"","fileTypesAndContributionMap":{"functional-code":{"insertions":27,"deletions":3}}},{"hash":"15f8cbc5f58419e5f64ce15af0f152b0851e9042","isMergeCommit":false,"messageTitle":"JsonAdaptedPerson: add support for contact type","messageBody":"","fileTypesAndContributionMap":{"functional-code":{"insertions":63,"deletions":27}}},{"hash":"3dec660e5f7c0dd24cc5fc36281c9950a5c68d0e","isMergeCommit":false,"messageTitle":"JsonAdaptedPersonTest: add baseline support for contact type","messageBody":"","fileTypesAndContributionMap":{"test-code":{"insertions":13,"deletions":9}}},{"hash":"11c22eacf24bf1bbd43bae4cf30ccdf118dda1ec","isMergeCommit":false,"messageTitle":"PersonBuilder: add support for contact type","messageBody":"","fileTypesAndContributionMap":{"test-code":{"insertions":12,"deletions":1}}},{"hash":"ea85a604a990e4e74a685c3cae6b6af2b6b3a809","isMergeCommit":true,"messageTitle":"Merge branch \u0027AY2324S2-CS2103T-T11-4:master\u0027 into support-persontype","messageBody":"","fileTypesAndContributionMap":{}},{"hash":"c8a4f9c3bace2121df5e15497ab40183dd2626f6","isMergeCommit":false,"messageTitle":"Update PersonType enum to be consistent with actual command","messageBody":"","fileTypesAndContributionMap":{"functional-code":{"insertions":9,"deletions":9}}},{"hash":"898777aad7d63d03ddae362533ea8907fb7db7b8","isMergeCommit":false,"messageTitle":"Update PersonBuilder and EditPersonDescriptorBuilder","messageBody":"","fileTypesAndContributionMap":{"functional-code":{"insertions":2,"deletions":0},"test-code":{"insertions":66,"deletions":37}}},{"hash":"ab51f1d0ce17df7d17979a8499147e34b3710548","isMergeCommit":false,"messageTitle":"Update EditPersonDescriptorBuilder and relevant tests","messageBody":"","fileTypesAndContributionMap":{"functional-code":{"insertions":6,"deletions":3},"test-code":{"insertions":9,"deletions":4}}},{"hash":"4f9af4644d045901ee1d9d6ed13280e4afca2a6a","isMergeCommit":false,"messageTitle":"EditCommandParserTest: remove the print used for debugging","messageBody":"","fileTypesAndContributionMap":{"test-code":{"insertions":0,"deletions":1}}}]},{"date":"2024-03-21","commitResults":[{"hash":"5f79df6b6f02705361a8ac5edc61923d96622323","isMergeCommit":false,"messageTitle":"Update sample addressbook tag names","messageBody":"","fileTypesAndContributionMap":{"functional-code":{"insertions":6,"deletions":6}}},{"hash":"93f4ab97564d2a6e0d7cf84f0acb08604f3386c8","isMergeCommit":true,"messageTitle":"Merge pull request #56 from yyccbb/support-persontype","messageBody":"Update sample addressbook tag names","fileTypesAndContributionMap":{}},{"hash":"0c47301c211a974a0d20412fccf6e12702b38f08","isMergeCommit":true,"messageTitle":"Merge pull request #59 from yongkotaro/fix-bug","messageBody":"Make GUI reflect ID in response message","fileTypesAndContributionMap":{}},{"hash":"406dffb577881753f741a2bc2d59d027afa7e2da","isMergeCommit":true,"messageTitle":"Merge pull request #60 from yongkotaro/update-UML","messageBody":"Add UML diagram for Mark command","tags":["v1.2"],"fileTypesAndContributionMap":{}},{"hash":"70b9a54e9a16ba3a26403e6c76589e8f3c073e86","isMergeCommit":false,"messageTitle":"Update MarkSequenceDiagram","messageBody":"","fileTypesAndContributionMap":{"other":{"insertions":2,"deletions":1},"docs":{"insertions":18,"deletions":0}}},{"hash":"5f2527726370c196f458f14c799c171b37aeec92","isMergeCommit":false,"messageTitle":"Update MarkSequenceDiagram","messageBody":"","fileTypesAndContributionMap":{"docs":{"insertions":1,"deletions":1}}}]},{"date":"2024-03-26","commitResults":[{"hash":"d5e3626252053746c9569869dc8fb24ea820d945","isMergeCommit":false,"messageTitle":"Update introduction section","messageBody":"","fileTypesAndContributionMap":{"docs":{"insertions":4,"deletions":1}}},{"hash":"d73ead701242db574ff16c711c65528efd2ef49e","isMergeCommit":true,"messageTitle":"Merge pull request #65 from yyccbb/update-userguide","messageBody":"Update introduction section of UG","fileTypesAndContributionMap":{}}]},{"date":"2024-03-27","commitResults":[{"hash":"f68360f4809a7db8e785ba965a93aad5d5d5d6a1","isMergeCommit":false,"messageTitle":"Update UG Quick start 1 to 4","messageBody":"","fileTypesAndContributionMap":{"docs":{"insertions":5,"deletions":3}}},{"hash":"13a6a8464f8afd026b9f5b42ffbede211dabe032","isMergeCommit":true,"messageTitle":"Merge pull request #1 from yyccbb/master","messageBody":"Update UG","fileTypesAndContributionMap":{}}]},{"date":"2024-03-30","commitResults":[{"hash":"7e28677e8eff830b198e6739bab14e97e91db948","isMergeCommit":false,"messageTitle":"Add Student/TA subtypes for Person","messageBody":"","fileTypesAndContributionMap":{"functional-code":{"insertions":182,"deletions":70}}},{"hash":"7264bcb777aa58443a729a3ccb1b80cf17030dbd","isMergeCommit":false,"messageTitle":"Fix checkstyle and related test cases","messageBody":"","fileTypesAndContributionMap":{"functional-code":{"insertions":28,"deletions":12},"test-code":{"insertions":2,"deletions":2}}},{"hash":"cca03545127cf962b0bc1811d0351135c1b1da3d","isMergeCommit":false,"messageTitle":"Update TaTest","messageBody":"","fileTypesAndContributionMap":{"functional-code":{"insertions":1,"deletions":1},"other":{"insertions":4,"deletions":4},"test-code":{"insertions":53,"deletions":13}}}]},{"date":"2024-03-31","commitResults":[{"hash":"e0eb2a422c5e3616706ebc9db14c55825b8f1d09","isMergeCommit":false,"messageTitle":"Fix conflicts and checkstyle","messageBody":"","fileTypesAndContributionMap":{"functional-code":{"insertions":7,"deletions":13},"docs":{"insertions":1,"deletions":1},"test-code":{"insertions":3,"deletions":2}}}]},{"date":"2024-04-01","commitResults":[{"hash":"7b5dc7606ec4f4e6e68fcebd71eeda01e7672146","isMergeCommit":false,"messageTitle":"Bug fix: remove dangling tag label","messageBody":"","fileTypesAndContributionMap":{"functional-code":{"insertions":5,"deletions":2}}},{"hash":"a00bcd63aeae5169f59629e08ebcc266117ddd1b","isMergeCommit":false,"messageTitle":"EditPersonDescriptor: remove type field","messageBody":"","fileTypesAndContributionMap":{"functional-code":{"insertions":4,"deletions":16},"test-code":{"insertions":3,"deletions":15}}}]},{"date":"2024-04-02","commitResults":[{"hash":"90d24258948e9415578cbd8d463b52ee953951bc","isMergeCommit":false,"messageTitle":"EditCommand: remove the tag field","messageBody":"","fileTypesAndContributionMap":{"functional-code":{"insertions":7,"deletions":35},"test-code":{"insertions":19,"deletions":78}}},{"hash":"e2ce90800735a879c552114df95cc1a497d13c86","isMergeCommit":true,"messageTitle":"Merge pull request #91 from yyccbb/edit-person-descriptor","messageBody":"Remove the tag field from EditCommand and update the EditPersonDescriptor accordingly","fileTypesAndContributionMap":{}},{"hash":"c2bd416cd8f8d4b393026f3eb20caad837eee773","isMergeCommit":false,"messageTitle":"Bug fix: display person in singular form when only 1 found","messageBody":"","fileTypesAndContributionMap":{"functional-code":{"insertions":6,"deletions":0}}},{"hash":"8872b2a606951a1dea9b494503eb58dbd321fd5e","isMergeCommit":true,"messageTitle":"Merge pull request #92 from yyccbb/master","messageBody":"Bug fix: display person in singular form when only 1 found","fileTypesAndContributionMap":{}}]},{"date":"2024-04-03","commitResults":[{"hash":"a82f64aa08ecc210132e1ce6616f40a23fd72dc6","isMergeCommit":false,"messageTitle":"MarkCommand: support multiple tag names in one field","messageBody":"","fileTypesAndContributionMap":{"functional-code":{"insertions":43,"deletions":15},"test-code":{"insertions":44,"deletions":27}}},{"hash":"b1c8515be8dc1db9f83fe12634b9d4d293d298e3","isMergeCommit":false,"messageTitle":"Update MarkCommandParserTest","messageBody":"","fileTypesAndContributionMap":{"functional-code":{"insertions":2,"deletions":2},"test-code":{"insertions":44,"deletions":25}}},{"hash":"15a8079fa00f8dcc85819510b08cf49ad984549f","isMergeCommit":false,"messageTitle":"Bug fix: show \u0027person\u0027 in singular form when 0 is found","messageBody":"","fileTypesAndContributionMap":{"functional-code":{"insertions":2,"deletions":2}}},{"hash":"b659d115eb658152a4afec9277348023fea646b8","isMergeCommit":false,"messageTitle":"Abort the previous commit and implement the actual fix","messageBody":"","fileTypesAndContributionMap":{"functional-code":{"insertions":3,"deletions":2},"test-code":{"insertions":2,"deletions":1}}}]},{"date":"2024-04-04","commitResults":[{"hash":"01f4173ef11313047c010910c3974c025ef30b55","isMergeCommit":false,"messageTitle":"MarkCommand: support multiple indices","messageBody":"","fileTypesAndContributionMap":{"functional-code":{"insertions":100,"deletions":22},"test-code":{"insertions":47,"deletions":17}}},{"hash":"cfc077550e24b9c06363c6f827a8e2346c45d8e2","isMergeCommit":false,"messageTitle":"Add test for multiple indices","messageBody":"","fileTypesAndContributionMap":{"test-code":{"insertions":25,"deletions":2}}},{"hash":"e4757ee0e100e8a7985b10f44b114f3e2138ee4c","isMergeCommit":true,"messageTitle":"Merge branch \u0027AY2324S2-CS2103T-T11-4:master\u0027 into mark-batch-operation","messageBody":"","fileTypesAndContributionMap":{}},{"hash":"17fae22834964300dae0b35d9b83465db9d777e1","isMergeCommit":false,"messageTitle":"Resolve conflicts","messageBody":"","fileTypesAndContributionMap":{"functional-code":{"insertions":11,"deletions":9},"test-code":{"insertions":3,"deletions":2}}},{"hash":"9123e21177872630e2ffa4e70083ae932001bd83","isMergeCommit":true,"messageTitle":"Merge remote-tracking branch \u0027remotes/upstream/master\u0027 into mark-batch-operation","messageBody":"","fileTypesAndContributionMap":{}},{"hash":"5145ab08c6f5359249d957c6c5cd495d2807d6db","isMergeCommit":true,"messageTitle":"Merge branch \u0027AY2324S2-CS2103T-T11-4:master\u0027 into mark-batch-operation","messageBody":"","fileTypesAndContributionMap":{}},{"hash":"330b141b68d82a2f51dc96436276ab4293c7e1a7","isMergeCommit":false,"messageTitle":"MarkCommand: support mark all","messageBody":"","fileTypesAndContributionMap":{"functional-code":{"insertions":24,"deletions":22},"other":{"insertions":71,"deletions":36}}},{"hash":"9eb6b66b21c3af4c42b4bace2b43f0c02c6a91d0","isMergeCommit":true,"messageTitle":"Merge pull request #103 from wongkj12/tutorial-status-gui","messageBody":"Tutorial status gui","fileTypesAndContributionMap":{}},{"hash":"07d69fcdaf794b5864c413eff6581832712336df","isMergeCommit":true,"messageTitle":"Merge pull request #109 from wang-xinrong/branch-update-edittaglist-msg","messageBody":"Branch update edittaglist msg","fileTypesAndContributionMap":{}},{"hash":"efb9edd9df3ec428b5c3697b9c15dc5280fe84ab","isMergeCommit":true,"messageTitle":"Merge pull request #102 from yongkotaro/available-command-v2","messageBody":"Available command ","fileTypesAndContributionMap":{}},{"hash":"fa74a9895522806a3da6cc155a4d12d4f5d60ecd","isMergeCommit":true,"messageTitle":"Merge branch \u0027pr/101\u0027","messageBody":"","fileTypesAndContributionMap":{}},{"hash":"a091031ec621685c5475349c4c6e8da09e3e2159","isMergeCommit":true,"messageTitle":"Merge branch \u0027master\u0027 of https://github.com/AY2324S2-CS2103T-T11-4/tp","messageBody":"","fileTypesAndContributionMap":{}}]},{"date":"2024-04-05","commitResults":[{"hash":"3d4074a9e246d52934b86a561ad8dafc44ae21b0","isMergeCommit":false,"messageTitle":"Update UG","messageBody":"","fileTypesAndContributionMap":{"docs":{"insertions":82,"deletions":56}}},{"hash":"ffd1a7c78b1da9cf49fc804a60b5b7be44565fca","isMergeCommit":false,"messageTitle":"Update UG","messageBody":"","fileTypesAndContributionMap":{"docs":{"insertions":3,"deletions":2}}},{"hash":"458bf52e35d3926e156cbace26cf8ccc1b734f48","isMergeCommit":true,"messageTitle":"Merge branch \u0027AY2324S2-CS2103T-T11-4:master\u0027 into master","messageBody":"","fileTypesAndContributionMap":{}},{"hash":"82907773c874c8a1a1599f082a1255b21bf014ed","isMergeCommit":false,"messageTitle":"RemovetagCommand: support multiple indices and multiple tags","messageBody":"","fileTypesAndContributionMap":{"functional-code":{"insertions":20,"deletions":5},"other":{"insertions":103,"deletions":60},"test-code":{"insertions":6,"deletions":5}}},{"hash":"6cadb0df22ba2a40dd9ff92c816af811ebfa4dbe","isMergeCommit":true,"messageTitle":"Merge pull request #119 from yyccbb/master","messageBody":"Update the UG thoroughly","fileTypesAndContributionMap":{}}]}],"wongkj12":[{"date":"2024-03-07","commitResults":[{"hash":"aa257a82b2e4d9977eba793e70c990a85abd0c52","isMergeCommit":false,"messageTitle":"Update AboutUs.md","messageBody":"","fileTypesAndContributionMap":{"docs":{"insertions":3,"deletions":3}}},{"hash":"054c052b0501b7a3c4316fa5e2ebaacb90c18d3e","isMergeCommit":false,"messageTitle":"Update and rename johndoe.md to wongkj12.md","messageBody":"","fileTypesAndContributionMap":{"docs":{"insertions":1,"deletions":1}}},{"hash":"99221c1c361b2eada630cea94c3ca4d47f3a368c","isMergeCommit":false,"messageTitle":"Update AboutUs.md","messageBody":"","fileTypesAndContributionMap":{"docs":{"insertions":1,"deletions":1}}},{"hash":"f7c0a4c34a17b9decf39a2b3dca4de2fb2d5cea4","isMergeCommit":true,"messageTitle":"Merge branch \u0027master\u0027 into master","messageBody":"","fileTypesAndContributionMap":{}},{"hash":"71f6fbce43f059534198014de304538cd8b60830","isMergeCommit":true,"messageTitle":"Merge pull request #8 from wang-xinrong/master","messageBody":"Update AboutUs.md","fileTypesAndContributionMap":{}},{"hash":"8d25f2f4f0a87faf72dcfeac7bae12bdb3c08dae","isMergeCommit":false,"messageTitle":"Update NFR in DeveloperGuide.md","messageBody":"","fileTypesAndContributionMap":{"docs":{"insertions":11,"deletions":5}}},{"hash":"783b4ce87b8675167c4db083d9a54bfdac78e9a1","isMergeCommit":true,"messageTitle":"Merge pull request #14 from yongkotaro/master","messageBody":"Update DeveloperGuide.md","fileTypesAndContributionMap":{}}]},{"date":"2024-03-10","commitResults":[{"hash":"ab9fe74582bdf9e9e6162d7311d74aac8741cb18","isMergeCommit":false,"messageTitle":"Update AboutUs.md","messageBody":"","fileTypesAndContributionMap":{"docs":{"insertions":1,"deletions":1}}}]},{"date":"2024-03-18","commitResults":[{"hash":"f6f1398450ed35ca7fad583c0b7a3838b0d7feed","isMergeCommit":true,"messageTitle":"Merge pull request #42 from yyccbb/support-persontype","messageBody":"Add support for person type","fileTypesAndContributionMap":{}},{"hash":"bd160b41a5a6880ddbac83f058491f7ccb1a8bca","isMergeCommit":false,"messageTitle":"add person type gui","messageBody":"","fileTypesAndContributionMap":{"functional-code":{"insertions":26,"deletions":0}}},{"hash":"f8187ba4c1682567268c21d73769c536445c28f2","isMergeCommit":true,"messageTitle":"Merge pull request #44 from yyccbb/support-persontype","messageBody":"EditCommandParserTest: remove the print used for debugging","fileTypesAndContributionMap":{}}]},{"date":"2024-03-19","commitResults":[{"hash":"e7636c3a0324a466cafe30f30046b9107e65103f","isMergeCommit":true,"messageTitle":"Merge pull request #47 from wongkj12/persontype-gui","messageBody":"Add person type GUI","fileTypesAndContributionMap":{}}]},{"date":"2024-04-01","commitResults":[{"hash":"79c63489524880b9372c5d3b12cdfdb47ea9612b","isMergeCommit":false,"messageTitle":"Remove tag as argument from add command","messageBody":"","fileTypesAndContributionMap":{"functional-code":{"insertions":5,"deletions":11}}},{"hash":"9c1fabea9612297c06ec380a563c2fe7a4200bb5","isMergeCommit":false,"messageTitle":"Update tests","messageBody":"","fileTypesAndContributionMap":{"test-code":{"insertions":28,"deletions":46}}},{"hash":"4d3931cbc0e2e6a61df8967c56d7b1c00eeca19d","isMergeCommit":false,"messageTitle":"Fix checkstyle on tests","messageBody":"","fileTypesAndContributionMap":{"test-code":{"insertions":33,"deletions":12}}},{"hash":"ebbba6e5780f65ff08b427216002e806f8853aaf","isMergeCommit":false,"messageTitle":"add newline","messageBody":"","fileTypesAndContributionMap":{"functional-code":{"insertions":1,"deletions":1}}}]},{"date":"2024-04-02","commitResults":[{"hash":"e4faaffb61960d7580fa07c119e69082d5f5cb62","isMergeCommit":false,"messageTitle":"edit sample data to include ta","messageBody":"","fileTypesAndContributionMap":{"functional-code":{"insertions":2,"deletions":2}}},{"hash":"836c04d3ac6a8960b4e6f570b4d8d322635655ea","isMergeCommit":false,"messageTitle":"Update UG","messageBody":"","fileTypesAndContributionMap":{"docs":{"insertions":33,"deletions":33}}},{"hash":"9807342c6edb1706679ceab22891707ae5e999c9","isMergeCommit":false,"messageTitle":"update filter to AND","messageBody":"","fileTypesAndContributionMap":{"functional-code":{"insertions":1,"deletions":1}}},{"hash":"ed045673015b79b077305fb51ad5cadbf002bea9","isMergeCommit":false,"messageTitle":"update parameter description","messageBody":"","fileTypesAndContributionMap":{"functional-code":{"insertions":3,"deletions":3}}},{"hash":"2d9ca4aa140b2a9419a2aee2c49283c7ee448640","isMergeCommit":false,"messageTitle":"update text","messageBody":"","fileTypesAndContributionMap":{"docs":{"insertions":3,"deletions":2}}},{"hash":"fef6ef1f4c7dd5bbb0c63291d179d426283afe61","isMergeCommit":false,"messageTitle":"Update text","messageBody":"","fileTypesAndContributionMap":{"docs":{"insertions":8,"deletions":9}}},{"hash":"e27acc304c8e5bbe5647e511f76b10a2f9f4142d","isMergeCommit":false,"messageTitle":"Update Tagging sections","messageBody":"","fileTypesAndContributionMap":{"docs":{"insertions":44,"deletions":3}}},{"hash":"449672ff24a0cd201b1300de6a085303159a7b75","isMergeCommit":true,"messageTitle":"Merge pull request #93 from wongkj12/fix-find-command","messageBody":"Fix find command","fileTypesAndContributionMap":{}},{"hash":"c572eadf12132e830a31c8859c922853e8d4805d","isMergeCommit":false,"messageTitle":"fix sample data test","messageBody":"","fileTypesAndContributionMap":{"test-code":{"insertions":1,"deletions":1}}},{"hash":"e466250f808444792a922dc32dd412e3ddbad921","isMergeCommit":true,"messageTitle":"Merge pull request #94 from wongkj12/ug-v1.3-1","messageBody":"Ug v1.3 ver 1","fileTypesAndContributionMap":{}}]},{"date":"2024-04-04","commitResults":[{"hash":"0bc6d6fb89217e368137ff74af596c49fcaaa223","isMergeCommit":false,"messageTitle":"add numbering and separator","messageBody":"","fileTypesAndContributionMap":{"functional-code":{"insertions":17,"deletions":3}}},{"hash":"baa9c3dad33da810cf707078cba1853c73fc0c45","isMergeCommit":false,"messageTitle":"fix alignment bug","messageBody":"","fileTypesAndContributionMap":{"functional-code":{"insertions":1,"deletions":1}}},{"hash":"b20b8f89855675c165b846260ed50e7cdf8ad8af","isMergeCommit":false,"messageTitle":"update gui for tutorial tags","messageBody":"","fileTypesAndContributionMap":{"functional-code":{"insertions":21,"deletions":4}}},{"hash":"21a6fafc032bb525366b3c51ae9bcb02720f8f0b","isMergeCommit":false,"messageTitle":"fix checkstyle","messageBody":"","fileTypesAndContributionMap":{"functional-code":{"insertions":6,"deletions":4}}},{"hash":"d632ac5a8b9841da61cfc6e94bf6d39e3b97f672","isMergeCommit":false,"messageTitle":"update ug","messageBody":"","fileTypesAndContributionMap":{"docs":{"insertions":27,"deletions":7}}},{"hash":"c30419ee6694af3a039ef7a5136174d1b3e2ad19","isMergeCommit":false,"messageTitle":"update tuttag description","messageBody":"","fileTypesAndContributionMap":{"functional-code":{"insertions":1,"deletions":1}}},{"hash":"02fe339df5c35b2b49f71dec283cc010513c28b8","isMergeCommit":false,"messageTitle":"update ug","messageBody":"","fileTypesAndContributionMap":{"docs":{"insertions":14,"deletions":3}}},{"hash":"e572699bde00d984129d0e6bb5d52f27d2fcd0de","isMergeCommit":false,"messageTitle":"rename deletetag to removetag externally","messageBody":"","fileTypesAndContributionMap":{"functional-code":{"insertions":3,"deletions":3}}},{"hash":"d6d7275c5536a2fc659fb0abc7d64c4d8a83972c","isMergeCommit":false,"messageTitle":"update removetag in ug","messageBody":"","fileTypesAndContributionMap":{"docs":{"insertions":4,"deletions":4}}},{"hash":"d883214499d12f23d93824efdb0b42fd0e13cb9c","isMergeCommit":false,"messageTitle":"update tuttag del to remove tuttags from all persons","messageBody":"","fileTypesAndContributionMap":{"functional-code":{"insertions":36,"deletions":0}}},{"hash":"683b2191f151125cd11f4b48fe0833e062f6a766","isMergeCommit":false,"messageTitle":"catch error when tuttag del has invalid tag name","messageBody":"","fileTypesAndContributionMap":{"functional-code":{"insertions":8,"deletions":2}}},{"hash":"3863fdd78f8acdb52645709eaaac1cdc9d47ba3b","isMergeCommit":false,"messageTitle":"update test","messageBody":"","fileTypesAndContributionMap":{"functional-code":{"insertions":3,"deletions":4},"test-code":{"insertions":15,"deletions":0}}},{"hash":"62f807057b8facaac489504aba0e940b9b65a497","isMergeCommit":true,"messageTitle":"Merge branch \u0027master\u0027 into update-tuttag-del","messageBody":"","fileTypesAndContributionMap":{}},{"hash":"c0f3af28ea58fbcb1be21b2f12e6c2decb34be82","isMergeCommit":false,"messageTitle":"fix checkstyle","messageBody":"","fileTypesAndContributionMap":{"functional-code":{"insertions":1,"deletions":1},"test-code":{"insertions":1,"deletions":1}}},{"hash":"72605d83d2adffab3f053a9ad59cf088637b45e5","isMergeCommit":true,"messageTitle":"Merge pull request #111 from wongkj12/update-tuttag-del","messageBody":"Update tuttag del","fileTypesAndContributionMap":{}},{"hash":"af4d603a61ad8d5fb24f551c12365e4d7d060191","isMergeCommit":true,"messageTitle":"Merge branch \u0027master\u0027 into branch-update-ug","messageBody":"","fileTypesAndContributionMap":{}},{"hash":"aeca9df45daa4a5d6146167a51ce539ae3ac32bb","isMergeCommit":true,"messageTitle":"Merge pull request #115 from wang-xinrong/branch-update-ug","messageBody":"Update UG and index","fileTypesAndContributionMap":{}}]}],"yongkotaro":[{"date":"2024-03-07","commitResults":[{"hash":"d17e9c3af91e1facf670e7158338b6f9569ce95e","isMergeCommit":false,"messageTitle":"Update AboutUs page","messageBody":"","fileTypesAndContributionMap":{"docs":{"insertions":4,"deletions":5}}},{"hash":"c9924fd97b9cb42e2e03b084932adb760067ac3f","isMergeCommit":false,"messageTitle":"Update DeveloperGuide","messageBody":"Update glossary to explain key terms used in our app.\n","fileTypesAndContributionMap":{"docs":{"insertions":5,"deletions":1}}},{"hash":"f575f22e848ee7eda850811fb97e33ff8d46a4ed","isMergeCommit":true,"messageTitle":"Merge pull request #15 from wongkj12/master","messageBody":"Update NFR in DeveloperGuide.md","fileTypesAndContributionMap":{}},{"hash":"f3c0efbc659dc016e2253ba0a331a9cc82b8df28","isMergeCommit":true,"messageTitle":"Merge pull request #16 from yyccbb/master","messageBody":"Update README.md","fileTypesAndContributionMap":{}}]},{"date":"2024-03-08","commitResults":[{"hash":"83b309bf86d3ce661ca9785e018681230fe5118b","isMergeCommit":false,"messageTitle":"Add remark command to GUI","messageBody":"","fileTypesAndContributionMap":{"functional-code":{"insertions":200,"deletions":40},"docs":{"insertions":1,"deletions":1},"test-code":{"insertions":26,"deletions":17}}}]},{"date":"2024-03-12","commitResults":[{"hash":"b3249eb268da5143a4a93d4531fa43a078bbec70","isMergeCommit":false,"messageTitle":"Revert \"Add remark command to GUI\"","messageBody":"This reverts commit 83b309bf86d3ce661ca9785e018681230fe5118b.\n","fileTypesAndContributionMap":{"functional-code":{"insertions":40,"deletions":200},"docs":{"insertions":1,"deletions":1},"test-code":{"insertions":17,"deletions":26}}},{"hash":"a29084f3d0e69e720170867cc20eafaf9e0a9403","isMergeCommit":true,"messageTitle":"Merge branch \u0027master\u0027 of https://github.com/yongkotaro/tp","messageBody":"","fileTypesAndContributionMap":{}},{"hash":"d43dcb0c8890a68c215c30418b82d7a4bb4aa487","isMergeCommit":false,"messageTitle":"Update glossary in DeveloperGuide.md","messageBody":"","fileTypesAndContributionMap":{"docs":{"insertions":1,"deletions":1}}}]},{"date":"2024-03-13","commitResults":[{"hash":"14c42bc6920ab5b4fda679a73e43507d4a854acf","isMergeCommit":true,"messageTitle":"Merge pull request #31 from yongkotaro/branch-glossary","messageBody":"Update glossary in DeveloperGuide.md","fileTypesAndContributionMap":{}}]},{"date":"2024-03-19","commitResults":[{"hash":"111d10e74f4457df10c4a59e6f397bb425bf38dd","isMergeCommit":false,"messageTitle":"Edit GUI to include Id of person","messageBody":"","fileTypesAndContributionMap":{"functional-code":{"insertions":2,"deletions":7},"test-code":{"insertions":72,"deletions":4}}},{"hash":"989fd3da120791c6449cc98aff2d48b2a819f32e","isMergeCommit":false,"messageTitle":"Add tests to check for valid Id","messageBody":"","fileTypesAndContributionMap":{"test-code":{"insertions":5,"deletions":1}}},{"hash":"7958a03afc579e6eea3b4fae9bdc6d2ac7b23c53","isMergeCommit":false,"messageTitle":"Fix checkstyle error","messageBody":"","fileTypesAndContributionMap":{"test-code":{"insertions":1,"deletions":1}}}]},{"date":"2024-03-21","commitResults":[{"hash":"ebce73cad0f5ace41828376f64d7788fb8706a7b","isMergeCommit":true,"messageTitle":"Merge branch \u0027master\u0027 into GUI-id","messageBody":"","fileTypesAndContributionMap":{}},{"hash":"9a7ae26c9d883092a0636ca902767d9c3e886fcb","isMergeCommit":true,"messageTitle":"Merge pull request #53 from yongkotaro/GUI-id","messageBody":"Add person Id GUI","fileTypesAndContributionMap":{}},{"hash":"d1f99f91b89acdc4664fbf104aaee144834fb4e9","isMergeCommit":false,"messageTitle":"Make GUI reflect ID in response message","messageBody":"","fileTypesAndContributionMap":{"functional-code":{"insertions":2,"deletions":0}}},{"hash":"26bc503357d54debe7a4f2871f4e3e878e145b73","isMergeCommit":false,"messageTitle":"Add UML diagram for Mark command","messageBody":"","fileTypesAndContributionMap":{"docs":{"insertions":18,"deletions":5}}},{"hash":"7323e47966ce19c4a15595e72c5c8c7c8a13fa15","isMergeCommit":true,"messageTitle":"Merge pull request #61 from yyccbb/master","messageBody":"Update MarkSequenceDiagram","fileTypesAndContributionMap":{}},{"hash":"dcc97d648450e0904ac78b04d2f3759b502a2c55","isMergeCommit":true,"messageTitle":"Merge pull request #62 from kaitinghh/master","messageBody":"Update Model Class Diagram UML file","fileTypesAndContributionMap":{}}]},{"date":"2024-03-22","commitResults":[{"hash":"69c1dfc0258e800bc5cf5dbf83bbfb58642b2fd2","isMergeCommit":false,"messageTitle":"Update DeveloperGuide and MarkSequenceDiagram","messageBody":"","fileTypesAndContributionMap":{"docs":{"insertions":40,"deletions":1}}}]},{"date":"2024-03-25","commitResults":[{"hash":"daeee0d5746fd5b1f245178617182e49cdf1bdc5","isMergeCommit":false,"messageTitle":"Update GUI","messageBody":"","fileTypesAndContributionMap":{"functional-code":{"insertions":73,"deletions":54},"test-code":{"insertions":1,"deletions":1}}},{"hash":"ebbbd35ff8a95da13a4d6a70c1b00df570c600a7","isMergeCommit":false,"messageTitle":"Update GUI","messageBody":"","fileTypesAndContributionMap":{"functional-code":{"insertions":1,"deletions":1}}},{"hash":"e46bc09670d6fbd97f68a91e638668e6b6e56bee","isMergeCommit":false,"messageTitle":"Fix build error","messageBody":"","fileTypesAndContributionMap":{"functional-code":{"insertions":2,"deletions":1}}},{"hash":"8d0c818853eca9ad76e620e980b862790e0d0946","isMergeCommit":false,"messageTitle":"Fix build error","messageBody":"","fileTypesAndContributionMap":{"functional-code":{"insertions":0,"deletions":1}}},{"hash":"65ec3677ab57c688bac308ab7f4c64c35f56a0e1","isMergeCommit":false,"messageTitle":"Fix build error","messageBody":"","fileTypesAndContributionMap":{"functional-code":{"insertions":1,"deletions":2}}},{"hash":"5136eb63444f02e41bf6ebf81c5b4fdccf7f387e","isMergeCommit":false,"messageTitle":"Fix build error","messageBody":"","fileTypesAndContributionMap":{"functional-code":{"insertions":2,"deletions":1}}}]},{"date":"2024-03-26","commitResults":[{"hash":"8db3a6b13aeb700818c0bf8e188553b6696e4763","isMergeCommit":false,"messageTitle":"Fix checkstyle error","messageBody":"","fileTypesAndContributionMap":{"functional-code":{"insertions":4,"deletions":5}}}]},{"date":"2024-03-30","commitResults":[{"hash":"9d9f2b237f3f1375f6f0862ea47690234040974d","isMergeCommit":false,"messageTitle":"Remove Address field from person","messageBody":"","fileTypesAndContributionMap":{"functional-code":{"insertions":22,"deletions":167},"test-code":{"insertions":10,"deletions":122}}},{"hash":"e1344add8e1df59e308b44f6351c8e0416106d64","isMergeCommit":false,"messageTitle":"Remove Address fields in tests","messageBody":"","fileTypesAndContributionMap":{"test-code":{"insertions":29,"deletions":92}}},{"hash":"63ebcf3e98596dc01b0059351dfe8422e6b81727","isMergeCommit":false,"messageTitle":"Remove Address fields in tests","messageBody":"","fileTypesAndContributionMap":{"test-code":{"insertions":18,"deletions":40}}},{"hash":"4bb5843676c0df5690e61b8588629609b0a9cff7","isMergeCommit":false,"messageTitle":"Fix checkstyle errors","messageBody":"","fileTypesAndContributionMap":{"test-code":{"insertions":12,"deletions":12}}},{"hash":"75e0c40da51214002898de06debed11c7db0644c","isMergeCommit":false,"messageTitle":"Fix codecov errors","messageBody":"","fileTypesAndContributionMap":{"functional-code":{"insertions":0,"deletions":2},"test-code":{"insertions":87,"deletions":3}}},{"hash":"5a15b40f7eca9fa6ae4a801e025f0dc43b81058c","isMergeCommit":false,"messageTitle":"Fix checkstyle errors","messageBody":"","fileTypesAndContributionMap":{"test-code":{"insertions":0,"deletions":1}}},{"hash":"89251c5543ab16c9b9911b1a82eaa35e27b50c22","isMergeCommit":false,"messageTitle":"Fix checkstyle errors","messageBody":"","fileTypesAndContributionMap":{"test-code":{"insertions":1,"deletions":1}}},{"hash":"abb08bfc3864b5796d24b0c6ac5048fccb9dc17e","isMergeCommit":false,"messageTitle":"Fix checkstyle errors","messageBody":"","fileTypesAndContributionMap":{"test-code":{"insertions":9,"deletions":4}}},{"hash":"d1e471704d4dfe6078171a5c2522247f38f514f1","isMergeCommit":false,"messageTitle":"Enable assertions","messageBody":"","fileTypesAndContributionMap":{"other":{"insertions":4,"deletions":0}}},{"hash":"48bdf89d82c37e114f8acc192e63e3f777e51a54","isMergeCommit":true,"messageTitle":"Merge pull request #72 from yongkotaro/remove-address","messageBody":"Remove Address class","fileTypesAndContributionMap":{}}]},{"date":"2024-03-31","commitResults":[{"hash":"dd51ba84a6bd734438d97a14587829aa7628a539","isMergeCommit":true,"messageTitle":"Merge branch \u0027master\u0027 into person-add-subtype","messageBody":"","fileTypesAndContributionMap":{}},{"hash":"cded96c73bfd98e2725303a5d57edb4e2cf562c6","isMergeCommit":true,"messageTitle":"Merge pull request #74 from yyccbb/person-add-subtype","messageBody":"Person: add Student and TA subclasses","fileTypesAndContributionMap":{}}]},{"date":"2024-04-01","commitResults":[{"hash":"86462c88952f10d2a19c5eb8545136cdaaa71cf0","isMergeCommit":false,"messageTitle":"Fix GUI bug for Find command","messageBody":"","fileTypesAndContributionMap":{"functional-code":{"insertions":3,"deletions":4}}}]},{"date":"2024-04-03","commitResults":[{"hash":"589db2d91a0e32288c113c1b70ba138708244a93","isMergeCommit":false,"messageTitle":"Enable Find Command using tags with pre-defined set of tutorialtags","messageBody":"","fileTypesAndContributionMap":{"functional-code":{"insertions":44,"deletions":6}}},{"hash":"fd66cfb98d333fdfc2a7a336bc7b0f8a91c2c831","isMergeCommit":true,"messageTitle":"Merge branch \u0027master\u0027 into find-tags","messageBody":"","fileTypesAndContributionMap":{}},{"hash":"0ba6fbaa4c7b9fcf6b1af8a960f807e7b8f7d9b8","isMergeCommit":false,"messageTitle":"Allow find command using tags","messageBody":"","fileTypesAndContributionMap":{"functional-code":{"insertions":24,"deletions":12}}},{"hash":"42a3d40af613f927f889bc3f93e3d01514da49c4","isMergeCommit":false,"messageTitle":"Fix checkstyle error.","messageBody":"","fileTypesAndContributionMap":{"functional-code":{"insertions":1,"deletions":0}}},{"hash":"f516ea3e1256af1921b458ae2a0a3afc3e3ca37b","isMergeCommit":false,"messageTitle":"Fix checkstyle error.","messageBody":"","fileTypesAndContributionMap":{"functional-code":{"insertions":1,"deletions":1}}},{"hash":"420699ab70f79b767f014bb7125283fc19d9b557","isMergeCommit":true,"messageTitle":"Merge branch \u0027find-tags\u0027 of https://github.com/yongkotaro/tp into find-tags","messageBody":"","fileTypesAndContributionMap":{}},{"hash":"a3539371ca4187295bed79ed47332ce339a9562b","isMergeCommit":false,"messageTitle":"Fix checkstyle error.","messageBody":"","fileTypesAndContributionMap":{"functional-code":{"insertions":10,"deletions":8}}},{"hash":"e2bd5c0d16dd231d3ccf6903bdbd6b3b53e8a952","isMergeCommit":false,"messageTitle":"Fix test errors","messageBody":"","fileTypesAndContributionMap":{"test-code":{"insertions":4,"deletions":4}}}]},{"date":"2024-04-04","commitResults":[{"hash":"88db832e3d9fe16f3f9f38343a54b27025ca4693","isMergeCommit":false,"messageTitle":"Add more test cases","messageBody":"","fileTypesAndContributionMap":{"test-code":{"insertions":48,"deletions":1}}},{"hash":"f5fe4479aa7aa29555786d3d281974ecbfd5daaa","isMergeCommit":false,"messageTitle":"Fix checkstyle errors","messageBody":"","fileTypesAndContributionMap":{"test-code":{"insertions":7,"deletions":4}}},{"hash":"d0f2205d9661faecef70b2de6e7f9cffbdc63186","isMergeCommit":false,"messageTitle":"More test cases","messageBody":"","fileTypesAndContributionMap":{"test-code":{"insertions":46,"deletions":4}}},{"hash":"a4bc294f1c06a18e0956d93b80363198716c6618","isMergeCommit":false,"messageTitle":"Implement available command","messageBody":"","fileTypesAndContributionMap":{"functional-code":{"insertions":173,"deletions":0}}},{"hash":"db3a988471153569753470a995edf3e5d3a05d2a","isMergeCommit":true,"messageTitle":"Fix merge conflicts from master","messageBody":"","fileTypesAndContributionMap":{}},{"hash":"395c5adc17c11b44e226b849d40bc5f9d3971715","isMergeCommit":false,"messageTitle":"Fix checkstyle errors","messageBody":"","fileTypesAndContributionMap":{"functional-code":{"insertions":24,"deletions":12},"test-code":{"insertions":31,"deletions":5}}},{"hash":"cc56b570e2ed61e4dd9f14af17a2e2a400638ca4","isMergeCommit":true,"messageTitle":"Merge branch \u0027master\u0027 into available-command-v2","messageBody":"","fileTypesAndContributionMap":{}},{"hash":"dc4957a740c75bc08e896a6adea6e4590808d6b4","isMergeCommit":true,"messageTitle":"Fix bug","messageBody":"","fileTypesAndContributionMap":{}},{"hash":"e609af0d68a9aa43246106ef4f12624a821a596e","isMergeCommit":true,"messageTitle":"Merge branch \u0027available-command-v2\u0027 of https://github.com/yongkotaro/tp into available-command-v2","messageBody":"","fileTypesAndContributionMap":{}},{"hash":"05a4810edfd62090738222503553912256ed238a","isMergeCommit":false,"messageTitle":"More test cases","messageBody":"","fileTypesAndContributionMap":{"functional-code":{"insertions":2,"deletions":1},"test-code":{"insertions":163,"deletions":2}}},{"hash":"9713777cb32730d8dcf3a35204dc8dd69a3b7ad8","isMergeCommit":false,"messageTitle":"Fix checkstyle error","messageBody":"","fileTypesAndContributionMap":{"functional-code":{"insertions":1,"deletions":1}}},{"hash":"dab7273938535c5e460e4ab21f56937892a65435","isMergeCommit":false,"messageTitle":"Update UserGuide.md for AvailableCommand","messageBody":"","fileTypesAndContributionMap":{"docs":{"insertions":12,"deletions":0}}},{"hash":"123a7c8d23f5fbea1f6fc43b34228e4c48e43a55","isMergeCommit":false,"messageTitle":"Update UserGuide.md for AvailableCommand","messageBody":"","fileTypesAndContributionMap":{"docs":{"insertions":1,"deletions":1}}},{"hash":"9cef836f2e0e6453316f1cb582469606e4b4c277","isMergeCommit":true,"messageTitle":"Merge pull request #105 from wongkj12/ug-v1.3-2","messageBody":"Ug v1.3 ver 2","fileTypesAndContributionMap":{}},{"hash":"28235defca6215a9e0225042360f1018ef10a106","isMergeCommit":true,"messageTitle":"Merge branch \u0027master\u0027 into available-command-v2","messageBody":"","fileTypesAndContributionMap":{}},{"hash":"a743ac1fdd8152d926e00db2ff8e7f3dca922659","isMergeCommit":false,"messageTitle":"Update UserGuide.md for FindCommand using tags","messageBody":"","fileTypesAndContributionMap":{"docs":{"insertions":18,"deletions":6}}},{"hash":"62af202e597a9afc76555ab74f0409148b5bc49d","isMergeCommit":false,"messageTitle":"Fix parameter description","messageBody":"","fileTypesAndContributionMap":{"functional-code":{"insertions":1,"deletions":1}}},{"hash":"336d87502748ad1d86deb2788db15d391b67f507","isMergeCommit":false,"messageTitle":"Make StringUtil follow singleton pattern","messageBody":"","fileTypesAndContributionMap":{"functional-code":{"insertions":26,"deletions":5},"test-code":{"insertions":8,"deletions":11}}},{"hash":"fbc8a6e926b279a803c502df08766e3143e3c1fd","isMergeCommit":false,"messageTitle":"Fix build error","messageBody":"","fileTypesAndContributionMap":{"test-code":{"insertions":0,"deletions":53}}}]}],"kaitinghh":[{"date":"2024-03-07","commitResults":[{"hash":"2c5acdad085d734bf052275bb97bdea33816edae","isMergeCommit":false,"messageTitle":"Update AboutUs page","messageBody":"","fileTypesAndContributionMap":{"docs":{"insertions":4,"deletions":4}}},{"hash":"1b1641ace2f7955c7604822961f30e17ddc489d5","isMergeCommit":false,"messageTitle":"Update AboutUs page","messageBody":"","fileTypesAndContributionMap":{"docs":{"insertions":56,"deletions":10}}},{"hash":"90ceba68fa947b56b521b73e753251dc8586db0f","isMergeCommit":true,"messageTitle":"Merge branch \u0027master\u0027 into branch-AboutUs","messageBody":"","fileTypesAndContributionMap":{}},{"hash":"5ecda7e4e8139a5da54106d8b2961de0760442e8","isMergeCommit":true,"messageTitle":"Merge pull request #7 from kaitinghh/branch-AboutUs","messageBody":"Update AboutUs Page","fileTypesAndContributionMap":{}},{"hash":"ff7e41ab2897882d71d701b911db522fe03087d2","isMergeCommit":false,"messageTitle":"Update developer guide","messageBody":"","fileTypesAndContributionMap":{"docs":{"insertions":34,"deletions":10}}},{"hash":"18f6e4683f9c8c783861a0635cedb6ba00977ec7","isMergeCommit":true,"messageTitle":"Merge pull request #18 from kaitinghh/branch-DeveloperGuide","messageBody":"Update developer guide","fileTypesAndContributionMap":{}}]},{"date":"2024-03-08","commitResults":[{"hash":"8b2a2eea9bb3aa4fb897397dc4c631838a957447","isMergeCommit":false,"messageTitle":"Edit profile file names","messageBody":"","fileTypesAndContributionMap":{"docs":{"insertions":2,"deletions":2}}}]},{"date":"2024-03-10","commitResults":[{"hash":"ee7a94601acd24d554403ec88dcd6d22bb426a00","isMergeCommit":false,"messageTitle":"Update product scope","messageBody":"","fileTypesAndContributionMap":{"docs":{"insertions":2,"deletions":1}}}]},{"date":"2024-03-18","commitResults":[{"hash":"88625d4e26749b5861a2ea3c74c7481cade5fcca","isMergeCommit":false,"messageTitle":"Update add command message usage","messageBody":"","fileTypesAndContributionMap":{"functional-code":{"insertions":15,"deletions":11}}},{"hash":"2ba5c5838cc346e0f6c15de508c08132ee78bf29","isMergeCommit":false,"messageTitle":"Add support for ID flag","messageBody":"","fileTypesAndContributionMap":{"functional-code":{"insertions":122,"deletions":14},"test-code":{"insertions":75,"deletions":32}}}]},{"date":"2024-03-19","commitResults":[{"hash":"4c51f260ba31c59e3e6c37623c409481fff6ab92","isMergeCommit":false,"messageTitle":"Fix checkstyle errors","messageBody":"","fileTypesAndContributionMap":{"functional-code":{"insertions":6,"deletions":7},"test-code":{"insertions":67,"deletions":108}}},{"hash":"d60808a0a518c4ec6a04b1b5df355687a07d630d","isMergeCommit":false,"messageTitle":"Fix checkstyle errors","messageBody":"","fileTypesAndContributionMap":{"test-code":{"insertions":46,"deletions":11}}},{"hash":"f7e65dd74b84e1c81916551e0ad5659a40b4c559","isMergeCommit":true,"messageTitle":"Merge pull request #49 from kaitinghh/branch/support-id","messageBody":"Add support ID","fileTypesAndContributionMap":{}}]},{"date":"2024-03-21","commitResults":[{"hash":"8ec836a893200b62fb6fb35d96558352bb4f8c6a","isMergeCommit":false,"messageTitle":"Update Model Class Diagram UML file","messageBody":"","fileTypesAndContributionMap":{"docs":{"insertions":4,"deletions":1}}}]},{"date":"2024-03-28","commitResults":[{"hash":"5e9aad70e5787515491a1e487bb209ac1712e459","isMergeCommit":false,"messageTitle":"Add support for find by flag","messageBody":"","fileTypesAndContributionMap":{"functional-code":{"insertions":139,"deletions":64},"other":{"insertions":13,"deletions":13},"test-code":{"insertions":18,"deletions":18}}},{"hash":"62de4a536387578465cb82d629533fd36aaefc0c","isMergeCommit":false,"messageTitle":"Add support for find stu/ta","messageBody":"","fileTypesAndContributionMap":{"functional-code":{"insertions":35,"deletions":4}}}]},{"date":"2024-03-29","commitResults":[{"hash":"52f9a24c0e558eeb51a9b96ccbcbc8d65984eb91","isMergeCommit":false,"messageTitle":"Allow subword matching","messageBody":"","fileTypesAndContributionMap":{"functional-code":{"insertions":12,"deletions":15},"test-code":{"insertions":14,"deletions":14}}},{"hash":"5defe8910a6ea428b51fae19ce393fd31ad9632e","isMergeCommit":false,"messageTitle":"Update test cases","messageBody":"","fileTypesAndContributionMap":{"functional-code":{"insertions":26,"deletions":10},"other":{"insertions":9,"deletions":1},"test-code":{"insertions":45,"deletions":31}}},{"hash":"63fce92264ea008ee7fc8b91e05e68b4887fcfa3","isMergeCommit":false,"messageTitle":"Add test cases","messageBody":"","fileTypesAndContributionMap":{"functional-code":{"insertions":4,"deletions":3},"test-code":{"insertions":30,"deletions":1}}},{"hash":"5d3911eb458803d5f9ff1e18485fa00644a4c6ef","isMergeCommit":false,"messageTitle":"Add test cases","messageBody":"","fileTypesAndContributionMap":{"test-code":{"insertions":32,"deletions":4}}},{"hash":"8eaccb34d4f1f3ed267eccec5b3cadeb07266729","isMergeCommit":false,"messageTitle":"Fix checkstyle errors","messageBody":"","fileTypesAndContributionMap":{"test-code":{"insertions":9,"deletions":5}}},{"hash":"ce4fa6e12ab724d8248c28eba873ed95e80e4f55","isMergeCommit":false,"messageTitle":"Enable filter with multiple predicates","messageBody":"","fileTypesAndContributionMap":{"functional-code":{"insertions":18,"deletions":5},"test-code":{"insertions":6,"deletions":0}}},{"hash":"ed99260c9141371c2b2e04cf0c9b8be538c42710","isMergeCommit":true,"messageTitle":"Merge pull request #69 from kaitinghh/branch/find-command","messageBody":"Branch/find command","tags":["v1.3.trial"],"fileTypesAndContributionMap":{}}]},{"date":"2024-04-03","commitResults":[{"hash":"292013870f67d64f44b80ee940517854c549f000","isMergeCommit":false,"messageTitle":"Add warning popup for high risk commands","messageBody":"","fileTypesAndContributionMap":{"functional-code":{"insertions":215,"deletions":20}}},{"hash":"ec4c84b4335678e4229e1a892126f6141d4c5a42","isMergeCommit":false,"messageTitle":"Fix checkstyle errors","messageBody":"","fileTypesAndContributionMap":{"functional-code":{"insertions":19,"deletions":16},"test-code":{"insertions":2,"deletions":2}}},{"hash":"0b83e403aec076f7d315e9ea08e6ec10177ee8b0","isMergeCommit":false,"messageTitle":"Fix command result GUI rendering bug","messageBody":"","fileTypesAndContributionMap":{"functional-code":{"insertions":8,"deletions":29},"test-code":{"insertions":26,"deletions":0}}},{"hash":"300809d3ac43500ec06c816651b745e4e64758c6","isMergeCommit":false,"messageTitle":"Add BatchDeleteCommand class","messageBody":"","fileTypesAndContributionMap":{"functional-code":{"insertions":89,"deletions":0}}},{"hash":"24ed6691a8eb6ce20e600e61fa6302d9442e3429","isMergeCommit":true,"messageTitle":"Merge branch \u0027master\u0027 into branch/batch-delete","messageBody":"","fileTypesAndContributionMap":{}}]},{"date":"2024-04-04","commitResults":[{"hash":"4fff3353666fddbe40627bc12f821afe96d158a4","isMergeCommit":false,"messageTitle":"Implement batchdelete ta command","messageBody":"","fileTypesAndContributionMap":{"functional-code":{"insertions":122,"deletions":20}}},{"hash":"7edd015a20ead71d783083690f7b2afa74bafef8","isMergeCommit":true,"messageTitle":"Merge from master","messageBody":"","fileTypesAndContributionMap":{}},{"hash":"11953451eb6c883b33bbcbe946d24de30d9e1f01","isMergeCommit":false,"messageTitle":"Resolve merge conflicts","messageBody":"","fileTypesAndContributionMap":{"functional-code":{"insertions":7,"deletions":3}}},{"hash":"aa09f440edd4b86ba75714a67ad74061b03f45f5","isMergeCommit":true,"messageTitle":"Merge pull request #97 from kaitinghh/branch/warning-popup","messageBody":"Branch/warning popup","fileTypesAndContributionMap":{}},{"hash":"11c61d7361c64522e11383e78846104ffc173e0b","isMergeCommit":true,"messageTitle":"Merge branch \u0027master\u0027 into branch/batch-delete","messageBody":"","fileTypesAndContributionMap":{}},{"hash":"e40d615e21ea51cf52bdee0fab4e713699d3698c","isMergeCommit":false,"messageTitle":"Standardise batch commands","messageBody":"","fileTypesAndContributionMap":{"functional-code":{"insertions":98,"deletions":202},"test-code":{"insertions":52,"deletions":18}}},{"hash":"720b9a4df152b0079fa6d5989af85cd0dd99fb54","isMergeCommit":false,"messageTitle":"Change invalid indices logic for batch delete","messageBody":"","fileTypesAndContributionMap":{"functional-code":{"insertions":18,"deletions":13}}},{"hash":"2097bda28f2694989b4e773de3572d079b6aef47","isMergeCommit":false,"messageTitle":"Fix test case","messageBody":"","fileTypesAndContributionMap":{"test-code":{"insertions":27,"deletions":3}}},{"hash":"f75b8748e68a05b25ae12933d6e31540b2b9fedb","isMergeCommit":false,"messageTitle":"Standardise GUI for warning popup","messageBody":"","fileTypesAndContributionMap":{"functional-code":{"insertions":41,"deletions":3}}},{"hash":"c5aef0d0f49bbea221b9ac06cc5c0a62940d1b41","isMergeCommit":false,"messageTitle":"Fix checkstyle errors","messageBody":"","fileTypesAndContributionMap":{"functional-code":{"insertions":4,"deletions":0}}},{"hash":"0a3cbd8ed99ce6f5e85f4476ba025783e7c584e3","isMergeCommit":true,"messageTitle":"Merge pull request #114 from kaitinghh/branch/standardise-warning-buttons","messageBody":"Standardise GUI for warning popup","fileTypesAndContributionMap":{}},{"hash":"be4f229bc671211c542ad7f39ef30373c62c79b2","isMergeCommit":true,"messageTitle":"Fix merge conflicts","messageBody":"","fileTypesAndContributionMap":{}}]},{"date":"2024-04-05","commitResults":[{"hash":"3e6d4d987ee36efd569f40fd8a61e50ee7060eee","isMergeCommit":false,"messageTitle":"Enable button selection by keys","messageBody":"","fileTypesAndContributionMap":{"functional-code":{"insertions":38,"deletions":2},"other":{"insertions":1,"deletions":1}}},{"hash":"38c5c8e32f0707a2210e92f38cecee7bd166d338","isMergeCommit":true,"messageTitle":"Merge pull request #118 from kaitinghh/branch/warning-gui-enhancement","messageBody":"Enable button selection by keys","fileTypesAndContributionMap":{}}]}],"wang-xinrong":[{"date":"2024-03-07","commitResults":[{"hash":"70cc0a3c7f837f7ee8da77816970f4fa80c45230","isMergeCommit":false,"messageTitle":"Update AboutUs.md","messageBody":"","fileTypesAndContributionMap":{"docs":{"insertions":53,"deletions":7}}},{"hash":"ebb592fb4a9331ed41bc2316b2cec15507a0b741","isMergeCommit":false,"messageTitle":"Add EOF line","messageBody":"","fileTypesAndContributionMap":{"docs":{"insertions":3,"deletions":3}}},{"hash":"05bf798808882ccd3ed917bc38550a099e10b10d","isMergeCommit":true,"messageTitle":"Merge branch \u0027master\u0027 into master","messageBody":"","fileTypesAndContributionMap":{}},{"hash":"18065b5d8aea24073d320313f1feca20cc223c2c","isMergeCommit":true,"messageTitle":"Merge pull request #10 from wongkj12/master","messageBody":"Update AboutUs wongkj12","fileTypesAndContributionMap":{}},{"hash":"9ac036eb387fea68dd1aee63df773a773a8dd571","isMergeCommit":false,"messageTitle":"Update GitHub Link in AboutUs.md","messageBody":"","fileTypesAndContributionMap":{"docs":{"insertions":1,"deletions":1}}},{"hash":"4b6a66c0bc07c98bffcc47c819fd7f2577be69ce","isMergeCommit":true,"messageTitle":"Merge branch \u0027master\u0027 into master","messageBody":"","fileTypesAndContributionMap":{}},{"hash":"2165e1d01f46a053b4c964e6db4ca37ef63fbe35","isMergeCommit":true,"messageTitle":"Merge pull request #11 from yongkotaro/master","messageBody":"Update AboutUs.md","fileTypesAndContributionMap":{}},{"hash":"0132b31338f01137d27c496f40e2323a491b6f31","isMergeCommit":true,"messageTitle":"Merge branch \u0027master\u0027 into master","messageBody":"","fileTypesAndContributionMap":{}},{"hash":"3663250423a4c5d83990cb69c78a237815ce4798","isMergeCommit":false,"messageTitle":"Update DG use cases","messageBody":"","fileTypesAndContributionMap":{"docs":{"insertions":53,"deletions":4}}},{"hash":"ea17de3d989b684b414282c7db25babd2e87b397","isMergeCommit":true,"messageTitle":"Merge pull request #17 from wang-xinrong/master","messageBody":"Update DG use cases","tags":["v1.1"],"fileTypesAndContributionMap":{}}]},{"date":"2024-03-12","commitResults":[{"hash":"af3c42143a74fec1ca53c5e1a967e91dcc21760b","isMergeCommit":false,"messageTitle":"Update personal doc","messageBody":"","fileTypesAndContributionMap":{"docs":{"insertions":0,"deletions":2}}}]},{"date":"2024-03-13","commitResults":[{"hash":"38de1d83ec2d4ebe4454b134e70cb5df0a691533","isMergeCommit":true,"messageTitle":"Merge pull request #29 from wang-xinrong/branch-Update-PersonalDoc","messageBody":"Update personal doc","fileTypesAndContributionMap":{}}]},{"date":"2024-03-18","commitResults":[{"hash":"b8b3f71091b6a6acfb9270ed0717e86bcb440327","isMergeCommit":false,"messageTitle":"Add tagStatus field, make tagColour reflect tagStatus","messageBody":"","fileTypesAndContributionMap":{"functional-code":{"insertions":58,"deletions":8},"test-code":{"insertions":2,"deletions":1}}},{"hash":"59ff3b39696d8205a2acb083d2800c512e002019","isMergeCommit":false,"messageTitle":"Implement update tag in progress","messageBody":"","fileTypesAndContributionMap":{"functional-code":{"insertions":14,"deletions":9}}},{"hash":"3d1305c6a32c906783d59d7962bbfce647e03e9a","isMergeCommit":false,"messageTitle":"Update TagTest to match current progress","messageBody":"","fileTypesAndContributionMap":{"functional-code":{"insertions":4,"deletions":0},"test-code":{"insertions":8,"deletions":3}}},{"hash":"52096555ec7213a04b4cbe2495ef5553a9eb2528","isMergeCommit":false,"messageTitle":"Implement parsing for mark command","messageBody":"","fileTypesAndContributionMap":{"functional-code":{"insertions":139,"deletions":9},"test-code":{"insertions":25,"deletions":8}}},{"hash":"905732d3f2e776111151e2b3027f5244e8b2ef98","isMergeCommit":false,"messageTitle":"Prepare for first PR","messageBody":"","fileTypesAndContributionMap":{"functional-code":{"insertions":52,"deletions":1}}},{"hash":"cd0b0b6b29244853f13f1d96af3ec77e6c09364d","isMergeCommit":false,"messageTitle":"Correct formatting issues","messageBody":"","fileTypesAndContributionMap":{"functional-code":{"insertions":2,"deletions":2},"docs":{"insertions":3,"deletions":3},"test-code":{"insertions":1,"deletions":1}}},{"hash":"1c3908340a363f9d7e29df5f62519bceebc2f2b1","isMergeCommit":false,"messageTitle":"Prepare to merge upstream/master","messageBody":"","fileTypesAndContributionMap":{"functional-code":{"insertions":1,"deletions":2}}},{"hash":"444853596587b9e6a39e9db300fcddfde5a3aadd","isMergeCommit":true,"messageTitle":"Merge remote-tracking branch \u0027upstream/master\u0027 into branch-edit-tags","messageBody":"","fileTypesAndContributionMap":{}},{"hash":"3d6a5c457ff5f9187e01efb00d379911fd2f81b3","isMergeCommit":false,"messageTitle":"Refactor MarkCommand.class and AddCommandParser.class","messageBody":"","fileTypesAndContributionMap":{"functional-code":{"insertions":74,"deletions":81},"test-code":{"insertions":1,"deletions":1}}},{"hash":"0c97ccf319676c532a15423a766f50634280a6d8","isMergeCommit":false,"messageTitle":"Prepare for PR update","messageBody":"","fileTypesAndContributionMap":{"functional-code":{"insertions":2,"deletions":2}}},{"hash":"17be5f3e30de59ec5348182182a8648d33f6ec7e","isMergeCommit":false,"messageTitle":"Adjust formatting","messageBody":"","fileTypesAndContributionMap":{"functional-code":{"insertions":0,"deletions":2}}}]},{"date":"2024-03-19","commitResults":[{"hash":"49c9eba8a6f66e11919dc19e6addbda456284cc3","isMergeCommit":true,"messageTitle":"Merge upstream","messageBody":"","fileTypesAndContributionMap":{}},{"hash":"c1b3f956dde6881c943ea3f8d619cc3c9b90f8ea","isMergeCommit":false,"messageTitle":"Fix checkstyle errors","messageBody":"","fileTypesAndContributionMap":{"functional-code":{"insertions":45,"deletions":30},"test-code":{"insertions":16,"deletions":8}}},{"hash":"7deb99b807cdaa466149846ac5f59dc3b6a67470","isMergeCommit":false,"messageTitle":"Update testcases","messageBody":"","fileTypesAndContributionMap":{"functional-code":{"insertions":5,"deletions":3},"test-code":{"insertions":1,"deletions":1}}},{"hash":"e5ae04e9cb5f8f33f6db41f189b3627a8d244251","isMergeCommit":false,"messageTitle":"Rectify exception catching for Mark command","messageBody":"","fileTypesAndContributionMap":{"functional-code":{"insertions":24,"deletions":5},"test-code":{"insertions":370,"deletions":8}}},{"hash":"f6c696d88ae1818ee9499dd65470df221a5d6977","isMergeCommit":false,"messageTitle":"Write TagStatus tests","messageBody":"","fileTypesAndContributionMap":{"test-code":{"insertions":21,"deletions":5}}},{"hash":"54cbd00a45c0472067d7256ea70ec0f03b17987e","isMergeCommit":false,"messageTitle":"Write MarkCommandParser test","messageBody":"","fileTypesAndContributionMap":{"test-code":{"insertions":24,"deletions":130}}},{"hash":"58e03049c00a5253808cf242d7e5277dbd0faaff","isMergeCommit":false,"messageTitle":"Write MarkCommand tests","messageBody":"","fileTypesAndContributionMap":{"functional-code":{"insertions":32,"deletions":13},"test-code":{"insertions":64,"deletions":112}}},{"hash":"7a6bf0c2da18642e8d7e173a02fa7bda1982c628","isMergeCommit":true,"messageTitle":"Merge upstream","messageBody":"","fileTypesAndContributionMap":{}},{"hash":"ef869184c1d835bba5d11816b4aef1c6e54b0b37","isMergeCommit":false,"messageTitle":"Fix checkstyle errors","messageBody":"","fileTypesAndContributionMap":{"test-code":{"insertions":19,"deletions":4}}}]},{"date":"2024-03-21","commitResults":[{"hash":"39bfc5639b591dc25e03f9b415e5684ab195af23","isMergeCommit":false,"messageTitle":"Update AddressBookParser.java","messageBody":"","fileTypesAndContributionMap":{"functional-code":{"insertions":3,"deletions":3}}},{"hash":"22e2e20af4bdefae0df4a03bd16180c2bc85bd2b","isMergeCommit":false,"messageTitle":"Update MarkCommandParser.java","messageBody":"","fileTypesAndContributionMap":{"functional-code":{"insertions":1,"deletions":1}}},{"hash":"26537b0b031019d6adb93d94fc19382c51b10cce","isMergeCommit":false,"messageTitle":"Update PersonBuilder::withTag method name to PersonBuilder::addTag","messageBody":"","fileTypesAndContributionMap":{"test-code":{"insertions":2,"deletions":2}}},{"hash":"9e7d9b911d3ed113535bab72e9462aca4f98dc46","isMergeCommit":true,"messageTitle":"Merge pull request #54 from wang-xinrong/new-branch-edit-tags","messageBody":"New branch edit tags","fileTypesAndContributionMap":{}}]},{"date":"2024-03-23","commitResults":[{"hash":"7d73c27c8597422f56a38fdd3d933f5b74036897","isMergeCommit":true,"messageTitle":"Merge pull request #63 from yongkotaro/update-UML","messageBody":"Update DeveloperGuide and MarkSequenceDiagram","fileTypesAndContributionMap":{}}]},{"date":"2024-03-26","commitResults":[{"hash":"a403c235f954c90178c24a555268ecf9684562e7","isMergeCommit":true,"messageTitle":"Merge pull request #64 from yongkotaro/update-GUI","messageBody":"Update GUI","fileTypesAndContributionMap":{}},{"hash":"9fcfa7aaf934553baffb71e745f44c99b3236f8b","isMergeCommit":false,"messageTitle":"Add AssignemntTag subclass, add TagType enum class, work in progress for Tag::createTag","messageBody":"","fileTypesAndContributionMap":{"functional-code":{"insertions":72,"deletions":5},"test-code":{"insertions":2,"deletions":1}}},{"hash":"411bb99691ac00170b80b16187eaa65d07074085","isMergeCommit":false,"messageTitle":"Update UI","messageBody":"","fileTypesAndContributionMap":{"functional-code":{"insertions":92,"deletions":22}}},{"hash":"a6b81b68ffba0595e854e723bd7195ff5e691862","isMergeCommit":false,"messageTitle":"Finish updating GUI","messageBody":"","fileTypesAndContributionMap":{"functional-code":{"insertions":45,"deletions":16}}}]},{"date":"2024-03-28","commitResults":[{"hash":"c24ca229aeef30fd22b2c44f7bf20cac987b46be","isMergeCommit":true,"messageTitle":"Merge pull request #68 from yyccbb/update-userguide","messageBody":"Update UG","fileTypesAndContributionMap":{}},{"hash":"85aca2c6a29f0daa56d32d8e6b9f819181eda301","isMergeCommit":true,"messageTitle":"Merge remote-tracking branch \u0027upstream/master\u0027 into branch-categorise-tags","messageBody":"","fileTypesAndContributionMap":{}}]},{"date":"2024-03-29","commitResults":[{"hash":"acae703ab1dd1ad1e8f47a96eccd79a7ae1cd786","isMergeCommit":false,"messageTitle":"Add TutorialTag TagStatus","messageBody":"","fileTypesAndContributionMap":{"functional-code":{"insertions":170,"deletions":23},"test-code":{"insertions":9,"deletions":8}}},{"hash":"786e5b5a91cd8bc7379f9b23619b2cb8cfd33069","isMergeCommit":false,"messageTitle":"Add testcases","messageBody":"","fileTypesAndContributionMap":{"test-code":{"insertions":67,"deletions":0}}},{"hash":"fb3ff2e53a3541f3f09212fec02de404d9d6b14a","isMergeCommit":false,"messageTitle":"Add testcases","messageBody":"","fileTypesAndContributionMap":{"functional-code":{"insertions":1,"deletions":2},"test-code":{"insertions":28,"deletions":2}}},{"hash":"b80ae6bb06ce1d61c09304f68817ed3161631f83","isMergeCommit":false,"messageTitle":"Add more testcases","messageBody":"","fileTypesAndContributionMap":{"functional-code":{"insertions":10,"deletions":23}}}]},{"date":"2024-03-31","commitResults":[{"hash":"f845c89011628915d9e255fef54e7842c453ec88","isMergeCommit":true,"messageTitle":"Merge remote-tracking branch \u0027upstream/master\u0027 into branch-categorise-tags","messageBody":"","fileTypesAndContributionMap":{}},{"hash":"b59078e9a1fc2482c77f6e25e2cd83738205f27f","isMergeCommit":false,"messageTitle":"Update TutorialTag TagStatus implementation","messageBody":"","fileTypesAndContributionMap":{"functional-code":{"insertions":23,"deletions":110},"test-code":{"insertions":10,"deletions":52}}},{"hash":"68beb775ad33f28f39e3605301d1afc9c6b6ac9b","isMergeCommit":true,"messageTitle":"Merge pull request #71 from wang-xinrong/branch-categorise-tags","messageBody":"Branch categorise tags","fileTypesAndContributionMap":{}}]},{"date":"2024-04-01","commitResults":[{"hash":"2cfee468518de0990dcad27d97252ddb62aeb94d","isMergeCommit":true,"messageTitle":"Merge pull request #77 from wongkj12/remove-add-tag","messageBody":"Remove add tag","fileTypesAndContributionMap":{}},{"hash":"8d5334b244c3579390c28bc2f47d8047b70ed3dd","isMergeCommit":false,"messageTitle":"Implement Deletetag Command","messageBody":"","fileTypesAndContributionMap":{"functional-code":{"insertions":168,"deletions":0},"test-code":{"insertions":185,"deletions":0}}},{"hash":"dba05e905714b1b9103fd08609dcb7a738fea3af","isMergeCommit":false,"messageTitle":"Add DeletetagCommand Test for AddressBookParserTest","messageBody":"","fileTypesAndContributionMap":{"test-code":{"insertions":6,"deletions":9}}},{"hash":"767e2074782d9d6bd81ce6b551404b7d87450d55","isMergeCommit":false,"messageTitle":"Adjust checkstyle required changes","messageBody":"","fileTypesAndContributionMap":{"test-code":{"insertions":10,"deletions":1}}},{"hash":"5ad784eca9845825e5ea9937daf1ddbb46869c9e","isMergeCommit":true,"messageTitle":"Merge pull request #83 from yyccbb/master","messageBody":"Bug fix: remove dangling tag label","fileTypesAndContributionMap":{}},{"hash":"fa1cb68f720476cca98a003521d519cc9ac19cd4","isMergeCommit":false,"messageTitle":"Add UniqueTutorialTagList to AddressBook","messageBody":"","fileTypesAndContributionMap":{"functional-code":{"insertions":256,"deletions":3}}},{"hash":"a1c8be49e973188fce2c1dde1f719059709cca92","isMergeCommit":false,"messageTitle":"Restrict TutorialTag marking","messageBody":"","fileTypesAndContributionMap":{"functional-code":{"insertions":48,"deletions":1}}},{"hash":"2a10ad386178d775914415ab09f4287e0496348e","isMergeCommit":false,"messageTitle":"Add CreateTutTag command","messageBody":"","fileTypesAndContributionMap":{"functional-code":{"insertions":150,"deletions":0}}},{"hash":"897d8b7ce4d6a65de832b660dfe66339dcf8bd96","isMergeCommit":true,"messageTitle":"Merge pull request #82 from wang-xinrong/branch-deletetag-command","messageBody":"Implement Deletetag Command","fileTypesAndContributionMap":{}},{"hash":"0419f9aab43ede3ad26ec0535b64b0faaec3e0cc","isMergeCommit":false,"messageTitle":"Correct past test data","messageBody":"","fileTypesAndContributionMap":{"functional-code":{"insertions":36,"deletions":12},"other":{"insertions":20,"deletions":32},"test-code":{"insertions":23,"deletions":0}}},{"hash":"8a67a79d2ca2de0c8d50a30aac64396513283ee0","isMergeCommit":true,"messageTitle":"Merge remote-tracking branch \u0027upstream/master\u0027 into branch-tag-restrictions","messageBody":"","fileTypesAndContributionMap":{}}]},{"date":"2024-04-02","commitResults":[{"hash":"6bbdb8e9542cd685367399f623349f96553fa8ae","isMergeCommit":true,"messageTitle":"Merge pull request #88 from yongkotaro/fix-bugs","messageBody":"Fix GUI bug for Find command","fileTypesAndContributionMap":{}},{"hash":"7f4c553f7c7d1785334aa2be8f4b56aadd534872","isMergeCommit":true,"messageTitle":"Merge remote-tracking branch \u0027upstream/master\u0027 into branch-tag-restrictions","messageBody":"","fileTypesAndContributionMap":{}},{"hash":"e68a35ff139a001e39c255d68798313c285e46c1","isMergeCommit":true,"messageTitle":"Merge remote-tracking branch \u0027upstream/master\u0027 into branch-tag-restrictions","messageBody":"","fileTypesAndContributionMap":{}},{"hash":"1d6088485472a20e64beeb42368b93222cfe034f","isMergeCommit":false,"messageTitle":"Add test cases","messageBody":"","fileTypesAndContributionMap":{"test-code":{"insertions":66,"deletions":2}}},{"hash":"a2ba4ba16a9c909a5eb60fde3222abe3c48d0965","isMergeCommit":false,"messageTitle":"Add test cases","messageBody":"","fileTypesAndContributionMap":{"functional-code":{"insertions":4,"deletions":0},"test-code":{"insertions":100,"deletions":0}}},{"hash":"f62f615460eed224e66c1d0352295a2a206c8909","isMergeCommit":false,"messageTitle":"Add more test cases","messageBody":"","fileTypesAndContributionMap":{"functional-code":{"insertions":9,"deletions":4},"test-code":{"insertions":275,"deletions":2}}},{"hash":"e9d1f9f620a4f265bea1e03387c01787cca1f757","isMergeCommit":false,"messageTitle":"Address PR review feedback","messageBody":"","fileTypesAndContributionMap":{"functional-code":{"insertions":35,"deletions":35},"test-code":{"insertions":2,"deletions":2}}},{"hash":"85a010fdc02336e063382da22b1904a65a9c6fd6","isMergeCommit":false,"messageTitle":"Add test cases for UniqueTutorialTagList","messageBody":"","fileTypesAndContributionMap":{"test-code":{"insertions":116,"deletions":0}}},{"hash":"e2e2f114ef69b2d01ae476e160ae83a433cdb715","isMergeCommit":false,"messageTitle":"Checkstyle adjustment","messageBody":"","fileTypesAndContributionMap":{"test-code":{"insertions":11,"deletions":14}}}]},{"date":"2024-04-03","commitResults":[{"hash":"32691c22cfc668cd1ccf81d841f2b24eb974c572","isMergeCommit":false,"messageTitle":"Finish writing test cases for this PR","messageBody":"","fileTypesAndContributionMap":{"test-code":{"insertions":63,"deletions":0}}},{"hash":"c6650bbbcf93d4677364e965cbadabc421c7c9e4","isMergeCommit":false,"messageTitle":"Add one more test case on JsonAdaptedTutorialTag","messageBody":"","fileTypesAndContributionMap":{"test-code":{"insertions":6,"deletions":0}}},{"hash":"7c8f834dc4115bfa4e8f0b33421f7915bee9c7f2","isMergeCommit":true,"messageTitle":"Merge pull request #85 from wang-xinrong/branch-tag-restrictions","messageBody":"Branch tag restrictions","fileTypesAndContributionMap":{}}]},{"date":"2024-04-04","commitResults":[{"hash":"d3be721f636015cbd8023597736f99e9ff396f1a","isMergeCommit":true,"messageTitle":"Merge pull request #100 from wongkj12/numbering","messageBody":"Numbering","fileTypesAndContributionMap":{}},{"hash":"fec93d50b80289bd34db1e2255700bf85fe09a3d","isMergeCommit":true,"messageTitle":"Merge pull request #98 from yongkotaro/find-tags","messageBody":"Find using tags","fileTypesAndContributionMap":{}},{"hash":"186fbf66dbfdf722e68f07e76c45c7a2a60d0cd6","isMergeCommit":false,"messageTitle":"Update EditTutTagCommand Msg","messageBody":"","fileTypesAndContributionMap":{"functional-code":{"insertions":22,"deletions":10}}},{"hash":"77c2c9592869296bcc2319584399b85a5481b13a","isMergeCommit":false,"messageTitle":"Update test cases","messageBody":"","fileTypesAndContributionMap":{"test-code":{"insertions":10,"deletions":0}}},{"hash":"29931e02669e4dd4c944b1ad73a5a789aacc5f62","isMergeCommit":false,"messageTitle":"Update EditTutTag Msg","messageBody":"","fileTypesAndContributionMap":{"functional-code":{"insertions":24,"deletions":7}}},{"hash":"5ab613d37da98d20fb53fc598fe346a49bce31c7","isMergeCommit":false,"messageTitle":"Adjust code behaviour to clear past test cases","messageBody":"","fileTypesAndContributionMap":{"functional-code":{"insertions":31,"deletions":1},"test-code":{"insertions":5,"deletions":0}}},{"hash":"62ced9a0277ff55c1bc1ffac09ed68e2cb480b54","isMergeCommit":false,"messageTitle":"Add test cases","messageBody":"","fileTypesAndContributionMap":{"functional-code":{"insertions":1,"deletions":0},"test-code":{"insertions":34,"deletions":1}}},{"hash":"27621c27e836ec597415f7323282fa720d74086f","isMergeCommit":false,"messageTitle":"Add test cases","messageBody":"","fileTypesAndContributionMap":{"test-code":{"insertions":29,"deletions":12}}},{"hash":"e90656093bfc5da1dcf7cd0928147f904788393c","isMergeCommit":true,"messageTitle":"Merge branch \u0027master\u0027 into branch-update-edittaglist-msg","messageBody":"","fileTypesAndContributionMap":{}},{"hash":"e4be7b59bcf0dabc3f02bcc460f7b680ebbaef14","isMergeCommit":false,"messageTitle":"Adjust checkstyle behaviour","messageBody":"","fileTypesAndContributionMap":{"test-code":{"insertions":13,"deletions":3}}},{"hash":"65afacbd4e01ecede4c6c1d81ed2a867e47d0b2c","isMergeCommit":true,"messageTitle":"Merge branch \u0027branch-update-edittaglist-msg\u0027 of https://github.com/wang-xinrong/tp into branch-update-edittaglist-msg","messageBody":"","fileTypesAndContributionMap":{}},{"hash":"ed517ff50b74b7e47e1299b4c715e2b4a3680811","isMergeCommit":false,"messageTitle":"Change ListTutTag command to a subtype command of EditTutTagCommand","messageBody":"","fileTypesAndContributionMap":{"functional-code":{"insertions":60,"deletions":47},"test-code":{"insertions":24,"deletions":20}}},{"hash":"87bfbf5ca3542ab80e50ced7c898d4b5a64ed59b","isMergeCommit":false,"messageTitle":"Remove ListTutTagCommandTest.java","messageBody":"","fileTypesAndContributionMap":{"test-code":{"insertions":0,"deletions":26}}},{"hash":"ea17146c727d74396635ef96e0e674e9b78346e0","isMergeCommit":false,"messageTitle":"Checkstyle adjustment","messageBody":"","fileTypesAndContributionMap":{"test-code":{"insertions":0,"deletions":1}}},{"hash":"53e568917cc14b3f46d71ef5b4b89f4b70e808f6","isMergeCommit":false,"messageTitle":"Add test case","messageBody":"","fileTypesAndContributionMap":{"functional-code":{"insertions":1,"deletions":1},"test-code":{"insertions":11,"deletions":1}}},{"hash":"08a8fcedf99039ba555df8113b08464b4e2f813a","isMergeCommit":false,"messageTitle":"Update UG and index","messageBody":"","fileTypesAndContributionMap":{"docs":{"insertions":9,"deletions":3}}},{"hash":"51676d4cb92dd57f132deab9d76462f072be88ca","isMergeCommit":true,"messageTitle":"Merge pull request #108 from kaitinghh/branch/batch-delete","messageBody":"Branch/batch delete","tags":["v1.3"],"fileTypesAndContributionMap":{}}]}]},"authorFileTypeContributionMap":{"yyccbb":{"docs":111,"functional-code":591,"test-code":351,"other":1},"wongkj12":{"docs":112,"functional-code":123,"test-code":53},"yongkotaro":{"docs":73,"functional-code":330,"test-code":410,"other":4},"kaitinghh":{"docs":91,"functional-code":634,"test-code":311,"other":1},"wang-xinrong":{"docs":113,"functional-code":1131,"test-code":1154}},"authorContributionVariance":{"yyccbb":11645.187,"wongkj12":1722.3418,"yongkotaro":21705.627,"kaitinghh":18120.107,"wang-xinrong":57395.45},"authorDisplayNameMap":{"yyccbb":"CS2103T-T11-4 YU C..ENBO","wongkj12":"CS2103T-T11-4 WONG.. JIE","yongkotaro":"CS2103T-T11-4 YONG..TARO","kaitinghh":"CS2103T-T11-4 HO K..TING","wang-xinrong":"CS2103T-T11-4 WANG..RONG"}}
