{"authorDailyContributionsMap":{"qinxutan":[{"date":"2024-02-25","commitResults":[{"hash":"8cf8561c7e10bfff4fa6fc2f18d6c9dd01fb85a6","isMergeCommit":false,"messageTitle":"Update AboutUs.md","messageBody":"","fileTypesAndContributionMap":{"docs":{"insertions":2,"deletions":2}}},{"hash":"7b8fb6cc9a5f60b76e537592ec7eb9dd9c641e06","isMergeCommit":true,"messageTitle":"Merge pull request #16 from qinxutan/update-aboutus","messageBody":"Update AboutUs.md","fileTypesAndContributionMap":{}},{"hash":"9ba53f8ad0bea91b3574e3021ddb93e2d9fb2831","isMergeCommit":true,"messageTitle":"Merge pull request #1 from AY2324S2-CS2103T-T09-4/master","messageBody":"Merge updates","fileTypesAndContributionMap":{}},{"hash":"13310ca30632f59453ae7af56a79f1273d579e24","isMergeCommit":false,"messageTitle":"Update AboutUs.md","messageBody":"","fileTypesAndContributionMap":{"docs":{"insertions":2,"deletions":2}}},{"hash":"b5d4ef6f2d25acef07fb77067b9aa4f42ddf8e5b","isMergeCommit":true,"messageTitle":"Merge pull request #18 from qinxutan/update-aboutus","messageBody":"Update AboutUs.md","fileTypesAndContributionMap":{}},{"hash":"7c49fe99cc4929cae3ac8b8ad88a98ce12ea52fc","isMergeCommit":false,"messageTitle":"Edit UserGuide.md","messageBody":"","fileTypesAndContributionMap":{"docs":{"insertions":10,"deletions":23}}},{"hash":"5953e52547f50c92a46d63d5033290df9a8a4d1e","isMergeCommit":true,"messageTitle":"Merge pull request #19 from qinxutan/update-userguide","messageBody":"Edit UserGuide.md","fileTypesAndContributionMap":{}},{"hash":"322ed9a1ee050961b6a2de83a47fd609d9a010b7","isMergeCommit":false,"messageTitle":"Update DeveloperGuide.md","messageBody":"","fileTypesAndContributionMap":{"docs":{"insertions":32,"deletions":19}}},{"hash":"66b392245bd82e6b4623866838c4c4de7bda58c9","isMergeCommit":false,"messageTitle":"Update UserGuide.md","messageBody":"","fileTypesAndContributionMap":{"docs":{"insertions":23,"deletions":6}}},{"hash":"47c1a3a8b831393efbd00cda9c4dd2c3fd207b7a","isMergeCommit":true,"messageTitle":"Merge pull request #20 from qinxutan/update-developerguide","messageBody":"Update DeveloperGuide.md","fileTypesAndContributionMap":{}},{"hash":"8d33257b0c6979035a45cdc8d2e61c6744fd017e","isMergeCommit":true,"messageTitle":"Merge pull request #21 from qinxutan/update-userguide","messageBody":"Update UserGuide.md","fileTypesAndContributionMap":{}}]},{"date":"2024-03-05","commitResults":[{"hash":"f0887f9aee1f9d42fb27c8655ba1e1e4593aa3e2","isMergeCommit":true,"messageTitle":"Merge pull request #2 from AY2324S2-CS2103T-T09-4/master","messageBody":"merge","fileTypesAndContributionMap":{}},{"hash":"f55ae2dd8279bb7ed9b18d5116bd694b87a2e2af","isMergeCommit":true,"messageTitle":"Merge pull request #33 from Jajared/jared/update-about-us","messageBody":"Update about us","fileTypesAndContributionMap":{}},{"hash":"14b76a0aef7cded69a32b4c11a9039eba0cdb6d7","isMergeCommit":true,"messageTitle":"Merge pull request #3 from AY2324S2-CS2103T-T09-4/master","messageBody":"Merge","fileTypesAndContributionMap":{}},{"hash":"d2dc77c45f9d0017b974509201e34a98761715e5","isMergeCommit":true,"messageTitle":"Merge branch \u0027master\u0027 into jared/update-ug-view-students","messageBody":"","fileTypesAndContributionMap":{}},{"hash":"a29fd7a4a309efd94b08a3c4381f87a8bef16348","isMergeCommit":true,"messageTitle":"Merge pull request #35 from Jajared/jared/update-ug-view-students","messageBody":"Update user guide for view students and delete student","fileTypesAndContributionMap":{}},{"hash":"47c27cc8483bcd310fe4f924318d9feda18afd76","isMergeCommit":false,"messageTitle":"Update User Stories","messageBody":"","fileTypesAndContributionMap":{"docs":{"insertions":6,"deletions":6}}},{"hash":"725f019bb0766e132855c54f7db5bc594f465392","isMergeCommit":true,"messageTitle":"Merge branch \u0027master\u0027 into update-userguide","messageBody":"","fileTypesAndContributionMap":{}}]},{"date":"2024-03-06","commitResults":[{"hash":"c103820efa6e7755e7181811f51c6c416457d156","isMergeCommit":true,"messageTitle":"Merge pull request #42 from whelan-low/update_UG_2","messageBody":"Update User Guide add student and delete student command","fileTypesAndContributionMap":{}},{"hash":"4fda5c83067e66585325cf29e62d5dcc41d411dd","isMergeCommit":true,"messageTitle":"Merge branch \u0027master\u0027 into user-guide-search-student","messageBody":"","fileTypesAndContributionMap":{}},{"hash":"d61f9423525b1d9c8cc3ff053c2d8f083efc259f","isMergeCommit":true,"messageTitle":"Merge pull request #41 from mahadhir247/user-guide-search-student","messageBody":"Update UserGuide.md to include Search Student","fileTypesAndContributionMap":{}},{"hash":"a44464a3018c42a16e36f45ba23964af08ca79aa","isMergeCommit":true,"messageTitle":"Merge pull request #4 from AY2324S2-CS2103T-T09-4/master","messageBody":"Update","fileTypesAndContributionMap":{}},{"hash":"289d018b21f082c6c61135d75839447a43d3a484","isMergeCommit":true,"messageTitle":"Merge pull request #45 from Zack-Tay/master","messageBody":"Update UserGuide Commands","fileTypesAndContributionMap":{}},{"hash":"a98ece3d13fb3198c2818e6ca4bc976fd36fbb01","isMergeCommit":true,"messageTitle":"Merge pull request #46 from Zack-Tay/master","messageBody":"Update User Guide remove AB3 docs","fileTypesAndContributionMap":{}},{"hash":"344e6bc03ea7b1f9704e3b8e2db294da2369bf4c","isMergeCommit":true,"messageTitle":"Merge pull request #5 from AY2324S2-CS2103T-T09-4/master","messageBody":"Update","fileTypesAndContributionMap":{}}]},{"date":"2024-03-10","commitResults":[{"hash":"45b3d86ac1aa8cb34db6040be7f7cb72ab14e0ec","isMergeCommit":true,"messageTitle":"Merge pull request #6 from AY2324S2-CS2103T-T09-4/master","messageBody":"Remove ui elements from DG use cases (#50)","fileTypesAndContributionMap":{}}]},{"date":"2024-03-11","commitResults":[{"hash":"a4d0741647ac25317d75fe939faab906bfbac14d","isMergeCommit":true,"messageTitle":"Merge pull request #7 from AY2324S2-CS2103T-T09-4/master","messageBody":"Update","fileTypesAndContributionMap":{}},{"hash":"c1c7c9186221655ac11731ba7188ab9e8d6c2d04","isMergeCommit":false,"messageTitle":"Update Index.md","messageBody":"","fileTypesAndContributionMap":{"docs":{"insertions":5,"deletions":5}}},{"hash":"2ba6540845e93aa48f8cac1550cd0f1a06a2a760","isMergeCommit":false,"messageTitle":"Update User guide","messageBody":"","fileTypesAndContributionMap":{"docs":{"insertions":4,"deletions":1}}},{"hash":"a4d2b5cc240bc9c99f15608eb8561b920d811f25","isMergeCommit":false,"messageTitle":"Add list class function","messageBody":"Add List Class Function\n","fileTypesAndContributionMap":{"functional-code":{"insertions":566,"deletions":1},"docs":{"insertions":35,"deletions":35},"test-code":{"insertions":137,"deletions":3}}},{"hash":"5a45e1ecc6dc02eeef13972034ab629b4ae1fa74","isMergeCommit":false,"messageTitle":"Update List Class Function","messageBody":"","fileTypesAndContributionMap":{"functional-code":{"insertions":151,"deletions":59}}},{"hash":"3cd2dab742ab443dfd5fcb89bb2de6741a1890d4","isMergeCommit":false,"messageTitle":"Documentation errors","messageBody":"","fileTypesAndContributionMap":{"docs":{"insertions":42,"deletions":42}}},{"hash":"aa1d5b90e07db55a330194cd763d2251960ea5aa","isMergeCommit":false,"messageTitle":"Check style error","messageBody":"","fileTypesAndContributionMap":{"test-code":{"insertions":0,"deletions":1}}},{"hash":"da33b4765d1917bb117d598d72143e8416c52062","isMergeCommit":false,"messageTitle":"Checkstyle","messageBody":"","fileTypesAndContributionMap":{"functional-code":{"insertions":7,"deletions":5},"test-code":{"insertions":11,"deletions":10}}},{"hash":"06968f7ca52a50bf202bcd4d9b9b15014d2cafb2","isMergeCommit":false,"messageTitle":"checkstyle","messageBody":"","fileTypesAndContributionMap":{"functional-code":{"insertions":3,"deletions":2}}},{"hash":"6c8e19dbcbd5d086b97a6b0951a52ec7b3ab04eb","isMergeCommit":false,"messageTitle":"Checkstyle","messageBody":"","fileTypesAndContributionMap":{"test-code":{"insertions":2,"deletions":3}}},{"hash":"d7bb1f37676211e4969b15b7fb1801268b0cee40","isMergeCommit":false,"messageTitle":"Checkstyle","messageBody":"","fileTypesAndContributionMap":{"functional-code":{"insertions":24,"deletions":11},"test-code":{"insertions":37,"deletions":12}}}]},{"date":"2024-03-13","commitResults":[{"hash":"c144fa46a44c9e1d0870007735c752526a73070d","isMergeCommit":true,"messageTitle":"Merge pull request #8 from AY2324S2-CS2103T-T09-4/master","messageBody":"Update","fileTypesAndContributionMap":{}},{"hash":"36aae2bdb1f571f461997598aebdc7f2ec651d77","isMergeCommit":false,"messageTitle":"Update","messageBody":"","fileTypesAndContributionMap":{"functional-code":{"insertions":347,"deletions":240},"other":{"insertions":6,"deletions":6},"test-code":{"insertions":137,"deletions":56}}},{"hash":"4959f07b6c3e13acff9ed22481cb436aa2cddab8","isMergeCommit":true,"messageTitle":"Merge remote-tracking branch \u0027upstream/master\u0027 into List-Class-Function","messageBody":"# Conflicts:\n#\tsrc/main/java/seedu/address/logic/commands/AddClassCommand.java\n#\tsrc/main/java/seedu/address/logic/parser/AddClassCommandParser.java\n#\tsrc/main/java/seedu/address/model/AddressBook.java\n#\tsrc/main/java/seedu/address/model/Model.java\n#\tsrc/main/java/seedu/address/model/ModelManager.java\n#\tsrc/test/java/seedu/address/logic/commands/AddClassCommandTest.java\n#\tsrc/test/java/seedu/address/logic/commands/AddCommandTest.java\n#\tsrc/test/java/seedu/address/logic/parser/AddressBookParserTest.java\n","fileTypesAndContributionMap":{}},{"hash":"0ab3dc1bba7d2a26b785534cd36f0e6b0be82d96","isMergeCommit":false,"messageTitle":"Checkstyle","messageBody":"","fileTypesAndContributionMap":{"functional-code":{"insertions":0,"deletions":5},"test-code":{"insertions":4,"deletions":4}}}]},{"date":"2024-03-14","commitResults":[{"hash":"a1ac6c5c0c981dd6c5b1fde8ae2ec84245ee8090","isMergeCommit":false,"messageTitle":"Update List Class Function","messageBody":"","fileTypesAndContributionMap":{"functional-code":{"insertions":39,"deletions":225},"test-code":{"insertions":82,"deletions":42}}},{"hash":"d0885baf6478162f910995f60a687f2e78b09d21","isMergeCommit":false,"messageTitle":"Update List Class Function","messageBody":"","fileTypesAndContributionMap":{"functional-code":{"insertions":165,"deletions":9},"test-code":{"insertions":7,"deletions":7}}},{"hash":"420d4278920dcc9dae67299ff2732a8ddba7c43e","isMergeCommit":false,"messageTitle":"Add test cases","messageBody":"","fileTypesAndContributionMap":{"functional-code":{"insertions":0,"deletions":158},"test-code":{"insertions":12,"deletions":59}}},{"hash":"afa8dea4e7a4292514d50d69bcf435f8f048318f","isMergeCommit":false,"messageTitle":"Remove redundant classes","messageBody":"","fileTypesAndContributionMap":{"functional-code":{"insertions":0,"deletions":92}}},{"hash":"b72072673519a98fef920495485ab274218a7ace","isMergeCommit":false,"messageTitle":"Remove redundant classes","messageBody":"","fileTypesAndContributionMap":{"functional-code":{"insertions":5,"deletions":127}}},{"hash":"644f7cc585f1c1f2272c33109e21d3873118f6c5","isMergeCommit":false,"messageTitle":"Update function based on PR Comments","messageBody":"","fileTypesAndContributionMap":{"functional-code":{"insertions":8,"deletions":10},"test-code":{"insertions":11,"deletions":15}}}]},{"date":"2024-03-17","commitResults":[{"hash":"b80fe74b616265ffd539e4dc5fe1b6d2d3552604","isMergeCommit":true,"messageTitle":"Merge pull request #10 from AY2324S2-CS2103T-T09-4/master","messageBody":"Update","fileTypesAndContributionMap":{}},{"hash":"c0f2260aad17ed3283e27b5ae9a54948b18e29ac","isMergeCommit":false,"messageTitle":"Update UI of Module List","messageBody":"","fileTypesAndContributionMap":{"functional-code":{"insertions":180,"deletions":25},"test-code":{"insertions":9,"deletions":0}}}]},{"date":"2024-03-18","commitResults":[{"hash":"17abb234442969b307fdb1734e6a08946d677380","isMergeCommit":false,"messageTitle":"Update UI","messageBody":"","fileTypesAndContributionMap":{"functional-code":{"insertions":116,"deletions":33},"test-code":{"insertions":30,"deletions":14}}},{"hash":"cff61043e73d1c5acde83cfb83ebf66a234fc47e","isMergeCommit":true,"messageTitle":"Merge pull request #63 from mahadhir247/add-command-search-student","messageBody":"Add command search student","fileTypesAndContributionMap":{}},{"hash":"bdcd03ab7bf77a01a50bb6278ef647dbe411eca7","isMergeCommit":true,"messageTitle":"Merge pull request #11 from AY2324S2-CS2103T-T09-4/master","messageBody":"Update","fileTypesAndContributionMap":{}},{"hash":"ed9d0a8034fe323995422273bbf35ec387cdfbad","isMergeCommit":true,"messageTitle":"Merge remote-tracking branch \u0027origin/master\u0027 into Update-Class-UI","messageBody":"# Conflicts:\n#\tsrc/main/java/seedu/address/model/Model.java\n#\tsrc/main/java/seedu/address/model/ModelManager.java\n#\tsrc/test/java/seedu/address/logic/commands/AddCommandTest.java\n","fileTypesAndContributionMap":{}},{"hash":"ba928236931be5cf419e7b32563ec215f0e97fbd","isMergeCommit":false,"messageTitle":"Test cases","messageBody":"","fileTypesAndContributionMap":{"functional-code":{"insertions":0,"deletions":62},"test-code":{"insertions":26,"deletions":5}}},{"hash":"2de2a10cce3afab8835b8e58531364074f389ffe","isMergeCommit":false,"messageTitle":"Fix syntax","messageBody":"","fileTypesAndContributionMap":{"functional-code":{"insertions":56,"deletions":40},"test-code":{"insertions":13,"deletions":19}}},{"hash":"f5322720a8d22d4599c285cc7b4d282f828340c3","isMergeCommit":false,"messageTitle":"Checkstyle","messageBody":"","fileTypesAndContributionMap":{"functional-code":{"insertions":6,"deletions":5}}},{"hash":"1cacf2ba9e3e9900b233ff090d677dc97587206b","isMergeCommit":false,"messageTitle":"Add test classes","messageBody":"","fileTypesAndContributionMap":{"functional-code":{"insertions":4,"deletions":0},"test-code":{"insertions":107,"deletions":1}}},{"hash":"7db9c7c33f910ea29e9dd76839c7812cd9188a3f","isMergeCommit":false,"messageTitle":"Checkstyle","messageBody":"","fileTypesAndContributionMap":{"test-code":{"insertions":3,"deletions":1}}},{"hash":"041a83b66956a2aca53b3c1e3cb6b3b17916129a","isMergeCommit":false,"messageTitle":"Add Test Case","messageBody":"","fileTypesAndContributionMap":{"test-code":{"insertions":19,"deletions":0}}},{"hash":"3fb66d56cdedb698475f82591aa800de58cc7ce8","isMergeCommit":false,"messageTitle":"More test cases","messageBody":"","fileTypesAndContributionMap":{"functional-code":{"insertions":4,"deletions":5},"test-code":{"insertions":87,"deletions":0}}},{"hash":"80b5bf2c3cad7429df45b40fc304a9bb2c2118fe","isMergeCommit":false,"messageTitle":"Remove test case causing build to slow down","messageBody":"","fileTypesAndContributionMap":{"test-code":{"insertions":0,"deletions":39}}},{"hash":"d3d0542117ef7bb61de9df850749c7216d5b232a","isMergeCommit":false,"messageTitle":"Remove test class causing build to slow down","messageBody":"","fileTypesAndContributionMap":{"functional-code":{"insertions":0,"deletions":1},"test-code":{"insertions":0,"deletions":48}}}]},{"date":"2024-03-19","commitResults":[{"hash":"7f76907db4ae372129ff6d884012f3f263b94c0b","isMergeCommit":false,"messageTitle":"Add ModuleCardTest class","messageBody":"","fileTypesAndContributionMap":{"test-code":{"insertions":25,"deletions":0}}},{"hash":"8c99f4297eb44528f64e638769a98adc973069c6","isMergeCommit":true,"messageTitle":"Merge pull request #12 from AY2324S2-CS2103T-T09-4/master","messageBody":"Update Add student command format (#75)","fileTypesAndContributionMap":{}},{"hash":"d6ea5456c4d1528730e4d8c4248ccbec76fa4a9f","isMergeCommit":true,"messageTitle":"Merge remote-tracking branch \u0027origin/master\u0027 into Update-Class-UI","messageBody":"# Conflicts:\n#\tsrc/test/java/seedu/address/model/module/TutorialClassTest.java\n","fileTypesAndContributionMap":{}},{"hash":"d580f748e2c135e7dc6edbf7930437b257d2312b","isMergeCommit":false,"messageTitle":"Update test case","messageBody":"","fileTypesAndContributionMap":{"functional-code":{"insertions":0,"deletions":1},"other":{"insertions":3,"deletions":1},"test-code":{"insertions":16,"deletions":9}}},{"hash":"c9455be1314ec6db5d28829b56531e3d67378c8d","isMergeCommit":false,"messageTitle":"Update workflow to support test case","messageBody":"","fileTypesAndContributionMap":{"other":{"insertions":3,"deletions":0},"test-code":{"insertions":10,"deletions":1}}},{"hash":"af9021d207c8c7f5f87d4b575d2c431eeb6d8faa","isMergeCommit":false,"messageTitle":"Remove test case that is not running on linux","messageBody":"","fileTypesAndContributionMap":{"test-code":{"insertions":0,"deletions":28}}},{"hash":"72e63f428e18510e90f1bcb1b55081e940e3d905","isMergeCommit":false,"messageTitle":"Update Test Case","messageBody":"","fileTypesAndContributionMap":{"test-code":{"insertions":26,"deletions":0}}},{"hash":"32514cd5f9cf470152443a689c91e8ff7b40420f","isMergeCommit":false,"messageTitle":"Delete test cases","messageBody":"","fileTypesAndContributionMap":{"test-code":{"insertions":0,"deletions":26}}},{"hash":"1788d75d47e635a5d137b8227d7a3328b6f88ce9","isMergeCommit":true,"messageTitle":"Merge pull request #13 from AY2324S2-CS2103T-T09-4/master","messageBody":"Delete class command (#76)","fileTypesAndContributionMap":{}},{"hash":"b5605850262675918da68f07aadf0ba52bc493af","isMergeCommit":true,"messageTitle":"Merge remote-tracking branch \u0027origin/master\u0027 into Update-Class-UI","messageBody":"Merge update\n","fileTypesAndContributionMap":{}},{"hash":"1488ea149ed280add77246cd12ab4370c96160f1","isMergeCommit":false,"messageTitle":"Resolve merge conflict","messageBody":"","fileTypesAndContributionMap":{"functional-code":{"insertions":2,"deletions":2},"test-code":{"insertions":2,"deletions":2}}},{"hash":"360048bac2d20caed149f03790cda3e26f51db72","isMergeCommit":false,"messageTitle":"Save classes to database and Update UI (#65)","messageBody":"* Update UI of Module List\r\n\r\n* Update UI\r\n\r\n* Test cases\r\n\r\n* Fix syntax\r\n\r\n* Checkstyle\r\n\r\n* Add test classes\r\n\r\n* Checkstyle\r\n\r\n* Checkstyle\r\n\r\n* Add Test Case\r\n\r\n* More test cases\r\n\r\n* Remove test case causing build to slow down\r\n\r\n* Remove test class causing build to slow down\r\n\r\n* Add ModuleCardTest class\r\n\r\n* Update test case\r\n\r\n* Update workflow to support test case\r\n\r\n* Update workflow to support test case\r\n\r\n* Update workflow to speed up test case\r\n\r\n* Remove test case that is not running on linux\r\n\r\n* Update Test Case\r\n\r\n* Delete test cases\r\n\r\n* Resolve merge conflict\r\n\r\n---------\r\n\r\nCo-authored-by: Jajabonks \u003c84561814+Jajared@users.noreply.github.com\u003e","fileTypesAndContributionMap":{"functional-code":{"insertions":239,"deletions":47},"other":{"insertions":6,"deletions":1},"test-code":{"insertions":179,"deletions":6}}},{"hash":"49e64fd676a77f8783594e6a3325961e556be89f","isMergeCommit":false,"messageTitle":"Update Javadocs","messageBody":"","fileTypesAndContributionMap":{"functional-code":{"insertions":20,"deletions":8}}},{"hash":"204ddd59631d21cc1531be63d37755366484c00a","isMergeCommit":true,"messageTitle":"Merge branch \u0027master\u0027 into Check-Javadoc Update","messageBody":"","fileTypesAndContributionMap":{}},{"hash":"c7a1f5b69441538efef805e8ee5443580083379f","isMergeCommit":false,"messageTitle":"Update Javadocs","messageBody":"","fileTypesAndContributionMap":{"functional-code":{"insertions":90,"deletions":5},"test-code":{"insertions":142,"deletions":21}}},{"hash":"976dd0eb36989e4023ea8af3b25b2785517107b1","isMergeCommit":false,"messageTitle":"Resolve merge conflicts","messageBody":"","fileTypesAndContributionMap":{"functional-code":{"insertions":2,"deletions":5}}},{"hash":"7754f1aebd79b9e35a45eb728bc2eb142d529e91","isMergeCommit":false,"messageTitle":"no message","messageBody":"","fileTypesAndContributionMap":{"functional-code":{"insertions":0,"deletions":2}}},{"hash":"910a397fc8e5af2c3a47cd4c9a5f19f3abd6b3f0","isMergeCommit":true,"messageTitle":"Merge branch \u0027master\u0027 into Check-Javadoc","messageBody":"","fileTypesAndContributionMap":{}},{"hash":"5a7ef2742f18c557964d3d81fcfc954957cc78ff","isMergeCommit":false,"messageTitle":"Resolve merge conflicts","messageBody":"","fileTypesAndContributionMap":{"functional-code":{"insertions":0,"deletions":36}}},{"hash":"46ae56ae1e705ff32e1e072172c7bbf433ee3119","isMergeCommit":false,"messageTitle":"UI Testcases (#78)","messageBody":"* UI Test Cases\r\n\r\n* Disable GUI testing for linux\r\n\r\n* Update GUI test cases\r\n\r\n* Update GUI Tests\r\n\r\n* Update GUI Tests\r\n\r\n---------\r\n\r\nCo-authored-by: Whelan \u003c111336032+whelan-low@users.noreply.github.com\u003e","fileTypesAndContributionMap":{"test-code":{"insertions":106,"deletions":0}}}]},{"date":"2024-03-20","commitResults":[{"hash":"b1f5b69f460f7f536b778ef13d948a5a136ca09a","isMergeCommit":true,"messageTitle":"Merge pull request #83 from whelan-low/small-ui-changes","messageBody":"Small UI changes","fileTypesAndContributionMap":{}},{"hash":"b02263e8d1a39124ff79a6cb68bd3033a58ce935","isMergeCommit":true,"messageTitle":"Merge pull request #68 from Jajared/jared/link-students-classes","messageBody":"Add functionality to link students to class command","fileTypesAndContributionMap":{}},{"hash":"f7d33a6893d12dcf6835ae7a225bb1e2dc4f9fde","isMergeCommit":true,"messageTitle":"Merge pull request #15 from AY2324S2-CS2103T-T09-4/master","messageBody":"Merge ","fileTypesAndContributionMap":{}}]},{"date":"2024-03-25","commitResults":[{"hash":"a7d285ef69be5e16cee7ae1d288a452e0f8638ae","isMergeCommit":false,"messageTitle":"UI Changes (#107)","messageBody":"* UI Changes\r\n\r\n* Resolve checkstyle\r\n\r\n* Update UI\r\n\r\n* Checkstyle","fileTypesAndContributionMap":{"functional-code":{"insertions":730,"deletions":180},"docs":{"insertions":1,"deletions":0},"test-code":{"insertions":37,"deletions":18}}},{"hash":"f3caf51d154d59dc0e22d6a75a80cef99b781ce8","isMergeCommit":true,"messageTitle":"Merge pull request #17 from AY2324S2-CS2103T-T09-4/master","messageBody":"Update","fileTypesAndContributionMap":{}},{"hash":"3b140c5dc5e6b6666fe453c8977d9d672c1b48ef","isMergeCommit":false,"messageTitle":"UI update (#114)","messageBody":"* UI Changes\r\n\r\n* Resolve checkstyle\r\n\r\n* Update UI\r\n\r\n* Checkstyle\r\n\r\n* Update UI\r\n\r\n* Update UI\r\n\r\n* UI Update","fileTypesAndContributionMap":{"functional-code":{"insertions":8,"deletions":7}}}]},{"date":"2024-03-27","commitResults":[{"hash":"8bd2aa6a4df251ce34102c7c526c489fd65223ad","isMergeCommit":true,"messageTitle":"Merge pull request #18 from AY2324S2-CS2103T-T09-4/master","messageBody":"Update","fileTypesAndContributionMap":{}}]},{"date":"2024-03-28","commitResults":[{"hash":"0f85b3d4e24d380a7fc3ef8852cd62ade631fad0","isMergeCommit":false,"messageTitle":"Update View Team function","messageBody":"","fileTypesAndContributionMap":{"functional-code":{"insertions":423,"deletions":20},"test-code":{"insertions":140,"deletions":0}}},{"hash":"88860a0d19c9dd5542c88871d1b59918209d5e3e","isMergeCommit":false,"messageTitle":"Update test cases based on new tutorial team name class","messageBody":"","fileTypesAndContributionMap":{"functional-code":{"insertions":29,"deletions":43},"test-code":{"insertions":49,"deletions":27}}},{"hash":"5ddd7665a67396ace15473d9b86ca727a7913c4d","isMergeCommit":true,"messageTitle":"Merge branch \u0027master\u0027 into View-team","messageBody":"","fileTypesAndContributionMap":{}},{"hash":"6c0671d9d95600f8d3db071d83238c832941be58","isMergeCommit":true,"messageTitle":"Merge pull request #19 from AY2324S2-CS2103T-T09-4/master","messageBody":"Add command to sort students (#117)","fileTypesAndContributionMap":{}},{"hash":"f0269458f2cd90e1c8e1e5a4bcd244915486a37c","isMergeCommit":true,"messageTitle":"Merge remote-tracking branch \u0027origin/master\u0027 into View-team","messageBody":"# Conflicts:\n#\tsrc/main/java/seedu/address/logic/parser/AddressBookParser.java\n#\tsrc/main/java/seedu/address/model/AddressBook.java\n#\tsrc/main/java/seedu/address/model/ModelManager.java\n#\tsrc/test/java/seedu/address/logic/commands/AddStudentCommandTest.java\n","fileTypesAndContributionMap":{}},{"hash":"6dc621df92c70a462c1a52995e90beac279baefc","isMergeCommit":true,"messageTitle":"Merge branch \u0027View-team\u0027 of https://github.com/qinxutan/tp into View-team","messageBody":"* \u0027View-team\u0027 of https://github.com/qinxutan/tp:\n\n# Conflicts:\n#\tsrc/test/java/seedu/address/logic/commands/AddStudentCommandTest.java\n","fileTypesAndContributionMap":{}},{"hash":"089fc8164202a6dc752b592058eac9a30341e224","isMergeCommit":false,"messageTitle":"Add test classes","messageBody":"","fileTypesAndContributionMap":{"functional-code":{"insertions":6,"deletions":42},"test-code":{"insertions":202,"deletions":6}}}]},{"date":"2024-03-29","commitResults":[{"hash":"dd396cc4717dd85e0ba78c0ac0a0b68e098b6520","isMergeCommit":false,"messageTitle":"UI changes","messageBody":"","fileTypesAndContributionMap":{"functional-code":{"insertions":102,"deletions":64}}},{"hash":"442edde266e202f341e902eb9fb0da74aa7d31a1","isMergeCommit":true,"messageTitle":"Merge pull request #20 from AY2324S2-CS2103T-T09-4/master","messageBody":"Update","fileTypesAndContributionMap":{}},{"hash":"4e95c73d94bbc5e13fafd9914acd348f15f63e84","isMergeCommit":true,"messageTitle":"Merge remote-tracking branch \u0027origin/master\u0027 into View-team","messageBody":"# Conflicts:\n#\tsrc/main/java/seedu/address/logic/parser/AddressBookParser.java\n#\tsrc/main/java/seedu/address/model/AddressBook.java\n#\tsrc/main/java/seedu/address/model/ReadOnlyAddressBook.java\n#\tsrc/main/java/seedu/address/storage/JsonAdaptedTutorialTeam.java\n#\tsrc/test/java/seedu/address/model/AddressBookTest.java\n","fileTypesAndContributionMap":{}},{"hash":"96260ac4e3433c874935588426848bb70c11a779","isMergeCommit":true,"messageTitle":"Merge pull request #128 from Zack-Tay/branch-Update-UML-DG","messageBody":"Branch update UML and DeveloperGuide.md","fileTypesAndContributionMap":{}},{"hash":"b75a097e0d4f2efd1775cc3081dbfabe8989038c","isMergeCommit":true,"messageTitle":"Merge pull request #21 from AY2324S2-CS2103T-T09-4/master","messageBody":"Update","fileTypesAndContributionMap":{}},{"hash":"16b38f4878005ab5173ef0a56c8aa0e7f8ea685e","isMergeCommit":false,"messageTitle":"List students of class command (#122)","messageBody":"* UI Changes\r\n\r\n* Resolve checkstyle\r\n\r\n* Update UI\r\n\r\n* Checkstyle\r\n\r\n* Update UI\r\n\r\n* Update UI\r\n\r\n* UI Update\r\n\r\n* Update UI\r\n\r\n* Checkstyle\r\n\r\n* Add List Student Command\r\n\r\n* Update list students of class command\r\n\r\n* Checkstyle\r\n\r\n* Add test cases\r\n\r\n* More test cases\r\n\r\n* UI Updates\r\n\r\n* Checkstyle\r\n\r\n* Change name of string\r\n\r\n---------\r\n\r\nCo-authored-by: Zack-Tay \u003c101039486+Zack-Tay@users.noreply.github.com\u003e","tags":["v1.3.trial"],"fileTypesAndContributionMap":{"functional-code":{"insertions":203,"deletions":46},"test-code":{"insertions":262,"deletions":2}}}]},{"date":"2024-03-30","commitResults":[{"hash":"487ca7dd64d1c58f373d0d82964a4799a05e1683","isMergeCommit":true,"messageTitle":"Merge pull request #22 from AY2324S2-CS2103T-T09-4/master","messageBody":"Update","fileTypesAndContributionMap":{}},{"hash":"49766276f88c7adf0d5f99ac4b70d110c8509d62","isMergeCommit":false,"messageTitle":"Update DG and UML (#129)","messageBody":"* Update DG\r\n\r\n* DG Update","fileTypesAndContributionMap":{"docs":{"insertions":501,"deletions":1}}},{"hash":"f68b87882e036bc3d873829614cfd17660d66267","isMergeCommit":true,"messageTitle":"Merge remote-tracking branch \u0027origin/master\u0027 into View-team","messageBody":"# Conflicts:\n#\tsrc/main/java/seedu/address/logic/parser/AddressBookParser.java\n#\tsrc/main/resources/images/damith1.png\n#\tsrc/main/resources/images/damith2.png\n#\tsrc/main/resources/images/damith3.png\n#\tsrc/main/resources/view/MainWindow.fxml\n","fileTypesAndContributionMap":{}},{"hash":"b3e36fd2bb8a2dc2af483ab4277d34b86bf6f640","isMergeCommit":true,"messageTitle":"Merge branch \u0027master\u0027 into View-team","messageBody":"","fileTypesAndContributionMap":{}}]},{"date":"2024-03-31","commitResults":[{"hash":"3c764910ede40408279761ce8484a928de54a13d","isMergeCommit":false,"messageTitle":"UI changes","messageBody":"","fileTypesAndContributionMap":{"functional-code":{"insertions":24,"deletions":5}}}]},{"date":"2024-04-02","commitResults":[{"hash":"0773e999550765c025d4c8739bb34bde2c78a7f9","isMergeCommit":true,"messageTitle":"Merge branch \u0027master\u0027 into View-team","messageBody":"","fileTypesAndContributionMap":{}}]},{"date":"2024-04-03","commitResults":[{"hash":"8d53a5837e9b0da1dce0f7fc9d35352dae1fbf06","isMergeCommit":false,"messageTitle":"Update View Team based on PR cmts","messageBody":"","fileTypesAndContributionMap":{"functional-code":{"insertions":18,"deletions":6}}},{"hash":"769befef85b39d6bf59862a0baaafbba610cb608","isMergeCommit":true,"messageTitle":"Merge pull request #23 from AY2324S2-CS2103T-T09-4/master","messageBody":"Update","fileTypesAndContributionMap":{}},{"hash":"520c81df7123d97912d46198333559bfb7e7a1fb","isMergeCommit":true,"messageTitle":"Merge remote-tracking branch \u0027origin/master\u0027 into View-team","messageBody":"# Conflicts:\n#\tsrc/main/java/seedu/address/logic/parser/AddressBookParser.java\n#\tsrc/main/java/seedu/address/ui/MainWindow.java\n","fileTypesAndContributionMap":{}},{"hash":"e30bb6c87246898a6c1dda29d284c7575e8f9b62","isMergeCommit":false,"messageTitle":"Update UG","messageBody":"","fileTypesAndContributionMap":{"docs":{"insertions":68,"deletions":19}}}]},{"date":"2024-04-04","commitResults":[{"hash":"7e3427656b27553daf1a470fe0251960375fa41f","isMergeCommit":false,"messageTitle":"Delete student from team (#137) (#24)","messageBody":"* Add assertion test\r\n\r\n* Add delete student from team command\r\n\r\n* Add more test cases and fix /delete_student_from_team message formatting\r\n\r\n* Add successful test cases\r\n\r\n* Fix error message for delete by id command\r\n\r\n* Fix merge issues\r\n\r\n* Put delete student from team success message back into DeleteStudentFromTeamCommand class\r\n\r\n* Move getModuleAndTutorialPair into ModuleTutorialPair class, fixed magic number issues and implementation errors\r\n\r\nCo-authored-by: Whelan \u003c111336032+whelan-low@users.noreply.github.com\u003e","fileTypesAndContributionMap":{"functional-code":{"insertions":520,"deletions":106},"test-code":{"insertions":361,"deletions":15}}},{"hash":"15b9982d4dcf4c4c3f7cf340b6eb1f4140db0c6b","isMergeCommit":false,"messageTitle":"Update UML  (#130)","messageBody":"* Update DG\r\n\r\n* DG Update\r\n\r\n* Update UML\r\n\r\n* Checkstyle\r\n\r\n* Update uml diagram based on pr cmts\r\n\r\n---------\r\n\r\nCo-authored-by: Jajabonks \u003c84561814+Jajared@users.noreply.github.com\u003e","fileTypesAndContributionMap":{"docs":{"insertions":779,"deletions":0}}},{"hash":"91f836b58bce660b3d6dfbcf9d2b7e8e9315a07d","isMergeCommit":true,"messageTitle":"Merge remote-tracking branch \u0027origin/master\u0027 into View-team","messageBody":"# Conflicts:\n#\tsrc/test/java/seedu/address/logic/commands/AddStudentCommandTest.java\n#\tsrc/test/java/seedu/address/logic/parser/AddressBookParserTest.java\n","fileTypesAndContributionMap":{}},{"hash":"db677a1bde4a7ecfa01860dedb4f316f87ea4a5f","isMergeCommit":true,"messageTitle":"Merge branch \u0027master\u0027 into View-team","messageBody":"","fileTypesAndContributionMap":{}},{"hash":"a4145ab12282a2ded05f62e6e9c96fba58fb5ab0","isMergeCommit":false,"messageTitle":"Update (#25)","messageBody":"* Delete student from team (#137)\r\n\r\n* Add assertion test\r\n\r\n* Add delete student from team command\r\n\r\n* Add more test cases and fix /delete_student_from_team message formatting\r\n\r\n* Add successful test cases\r\n\r\n* Fix error message for delete by id command\r\n\r\n* Fix merge issues\r\n\r\n* Put delete student from team success message back into DeleteStudentFromTeamCommand class\r\n\r\n* Move getModuleAndTutorialPair into ModuleTutorialPair class, fixed magic number issues and implementation errors\r\n\r\n* Update UML  (#130)\r\n\r\n* Update DG\r\n\r\n* DG Update\r\n\r\n* Update UML\r\n\r\n* Checkstyle\r\n\r\n* Update uml diagram based on pr cmts\r\n\r\n---------\r\n\r\nCo-authored-by: Jajabonks \u003c84561814+Jajared@users.noreply.github.com\u003e\r\n\r\n* Update UserGuide.md (#138)\r\n\r\n* Update UserGuide.md\r\n\r\n* Update Quick Start section of UserGuide.md\r\n\r\n* Update Glossary of UserGuide.md\r\n\r\n* Glossary has not been fully updated and more terms can be added to\r\nfully encompasses the unfamiliar terms used in this User Guide.\r\n\r\n* Update Add and Allocate student and Random team command in UserGuide.md\r\n\r\n* Update add_student, allocate_team and random_teams commands of the\r\nfeature section in the user guide.\r\n\r\n* Update Purpose and Navigation of User Guide\r\n\r\n---------\r\n\r\nCo-authored-by: Jajabonks \u003c84561814+Jajared@users.noreply.github.com\u003e\r\n\r\n---------\r\n\r\nCo-authored-by: Whelan \u003c111336032+whelan-low@users.noreply.github.com\u003e\r\nCo-authored-by: Jajabonks \u003c84561814+Jajared@users.noreply.github.com\u003e\r\nCo-authored-by: Zack-Tay \u003c101039486+Zack-Tay@users.noreply.github.com\u003e","fileTypesAndContributionMap":{"docs":{"insertions":945,"deletions":22}}},{"hash":"08dda51cfe5a74759f9a81554b8fd9c312d5e39e","isMergeCommit":true,"messageTitle":"Merge remote-tracking branch \u0027origin/master\u0027 into View-team","messageBody":"","fileTypesAndContributionMap":{}},{"hash":"b58bc18ba86aa029287e6f857f15dd8779ca158b","isMergeCommit":false,"messageTitle":"Update","messageBody":"","fileTypesAndContributionMap":{"test-code":{"insertions":1,"deletions":1}}},{"hash":"9767d375b6aaa22e3dd2b4409a6cd90b83dc755f","isMergeCommit":true,"messageTitle":"Merge branch \u0027master\u0027 into Update-UG","messageBody":"","fileTypesAndContributionMap":{}},{"hash":"88dda60824bbd316ae763002457b21387d25a969","isMergeCommit":true,"messageTitle":"Merge remote-tracking branch \u0027origin/master\u0027 into Update-UG","messageBody":"","fileTypesAndContributionMap":{}},{"hash":"11c3cf90dfcbea8a22ab5a7dfffcd47ba86a88b7","isMergeCommit":false,"messageTitle":"Update UG","messageBody":"","fileTypesAndContributionMap":{"docs":{"insertions":20,"deletions":18}}},{"hash":"256c27726872b7f8fa1ff1df484179433a9e87dd","isMergeCommit":true,"messageTitle":"Merge branch \u0027master\u0027 into View-team","messageBody":"","fileTypesAndContributionMap":{}}]}],"Zack-Tay":[{"date":"2024-02-28","commitResults":[{"hash":"124e22b073232d9f0175858f6f45acc08554b81a","isMergeCommit":false,"messageTitle":"Update AboutUs.md and Add profile image (#22)","messageBody":"","fileTypesAndContributionMap":{"docs":{"insertions":2,"deletions":2}}}]},{"date":"2024-03-04","commitResults":[{"hash":"80ed63422879aa59e7c881c7571644b9d1bca339","isMergeCommit":false,"messageTitle":"Update DeveloperGuide.md define use cases (#29)","messageBody":"* Define use cases 1 to 4 of TAHelper.\r\n* Add extensions to handle exception cases.","fileTypesAndContributionMap":{"docs":{"insertions":79,"deletions":3}}}]},{"date":"2024-03-05","commitResults":[{"hash":"130dc070adaff01de9751263860d1f5a8c3759a2","isMergeCommit":true,"messageTitle":"Merge pull request #36 from qinxutan/update-userguide","messageBody":"Update User Stories in DeveloperGuide.md","fileTypesAndContributionMap":{}},{"hash":"79f9ea1582e2978dcf7046b75c30232524c16f66","isMergeCommit":false,"messageTitle":"Update Glossary and NFR in DeveloperGuide.md (#38)","messageBody":"","fileTypesAndContributionMap":{"docs":{"insertions":30,"deletions":19}}},{"hash":"0e6ea15cb7625ebd488f75efe48860533ca2a66b","isMergeCommit":true,"messageTitle":"Merge pull request #37 from Jajared/jared/update-dg-use-cases","messageBody":"Update use cases in developers guide","fileTypesAndContributionMap":{}}]},{"date":"2024-03-06","commitResults":[{"hash":"0e5bc08dd21a5d36941ae959f0300e22be03fc0a","isMergeCommit":false,"messageTitle":"Update UserGuide Commands","messageBody":"","fileTypesAndContributionMap":{"docs":{"insertions":54,"deletions":31}}},{"hash":"858d4225d35ee27577e46e6aec74d73e1dfa1380","isMergeCommit":false,"messageTitle":"Update User Guide remove AB3 docs","messageBody":"","fileTypesAndContributionMap":{"docs":{"insertions":3,"deletions":101}}}]},{"date":"2024-03-08","commitResults":[{"hash":"163ef5605a1ff32cc32eeec259422150ca19d1b3","isMergeCommit":false,"messageTitle":"Add new Add students\u0027 contact","messageBody":"Added new changes to the students\u0027 contact, in particular, users can\nadd new their students\u0027 student ID, module code and tutorial class.\n\nCurrent version users must specify all the fields to add a new student.\n\nLet\u0027s,\n* Add 3 new classes, StudentId, ModuleCode and TutorialClass to support\nthe new fields in the \u0027Add\u0027 command.\n* Update AddCommand and AddCommandParser to support the new format\n* Update CliSyntax to support the new command tags.\n* Update the UI to display the students information.\n","fileTypesAndContributionMap":{"functional-code":{"insertions":410,"deletions":165},"test-code":{"insertions":29,"deletions":29}}}]},{"date":"2024-03-09","commitResults":[{"hash":"5d5c0bbf25ecfb3398e5dddbd5d20eab67b646d6","isMergeCommit":false,"messageTitle":"Update Test folder to include new attribute","messageBody":"Updated some test files inside the test folder to include the new\nattributes student_id, module code and tutorial class.\n\nTest files are still not fully updated.\n\n* Updated AddCommand and AddCommandParser test files.\n* Updated many other test files to remove significant number of\nerrors that arise from the changes made.\n","fileTypesAndContributionMap":{"test-code":{"insertions":215,"deletions":200}}}]},{"date":"2024-03-10","commitResults":[{"hash":"908461a4cde4f54a92d12376290611d25a27d625","isMergeCommit":false,"messageTitle":"Update test files to support new attributes","messageBody":"Update test files to support studentId, moduleCode and tutorial\nattributes for the test files.\n\nThis is to ensure that integration and standard test works to\nsupport merging into master branch.\n\n* Edited relevant test files to support new attributes\n* Some refactoring and improvements to be done in due course.\n* Updated Json test file to include new attributes.\n","fileTypesAndContributionMap":{"functional-code":{"insertions":58,"deletions":30},"test-code":{"insertions":188,"deletions":144}}},{"hash":"7d529604b10d8129b267167604236cd737eddabe","isMergeCommit":false,"messageTitle":"Fix checkstyle issues","messageBody":"","fileTypesAndContributionMap":{"docs":{"insertions":1,"deletions":1}}},{"hash":"8539febe937066afb7335977580a78d29e6fb622","isMergeCommit":false,"messageTitle":"Update changes based on PR comments","messageBody":"","fileTypesAndContributionMap":{"functional-code":{"insertions":1,"deletions":21},"test-code":{"insertions":17,"deletions":15}}}]},{"date":"2024-03-11","commitResults":[{"hash":"862500dfc0123042dc5006ae1874d522c60bed76","isMergeCommit":true,"messageTitle":"Merge pull request #54 from Zack-Tay/branch-V1.2-AddCommand","messageBody":"Add new Add students\u0027 contact","fileTypesAndContributionMap":{}}]},{"date":"2024-03-13","commitResults":[{"hash":"5f738b9a70b48d4b068d2819e0af5ddef6aa4df0","isMergeCommit":true,"messageTitle":"Merge pull request #53 from whelan-low/Add-Tutorial-Class","messageBody":"Add tutorial class","fileTypesAndContributionMap":{}}]},{"date":"2024-03-15","commitResults":[{"hash":"c34052ea8b18b6a85377617fc17edfab5efcab3d","isMergeCommit":true,"messageTitle":"Merge pull request #61 from qinxutan/List-Class-Function","messageBody":"Add List Class Command","fileTypesAndContributionMap":{}}]},{"date":"2024-03-19","commitResults":[{"hash":"f995f97cc54d19c10d0357bb11d4f933db9759cb","isMergeCommit":false,"messageTitle":"Update Add student command format (#75)","messageBody":"* Update Add student command format\r\n\r\n* Change /add_student command format from \"name email id moduleCode\r\ntutorialClass\" to only \"name email id\".\r\n\r\n* Update add student command parser to support this change as well.\r\n\r\n* Add a new ModuleBuilder class under the testutil folder. Serves as\r\na utility function to create ModuleCode objects.\r\n\r\n* Update testcases to support new changes.\r\n\r\n* Add more testcases for Tutorial and Person class\r\n\r\n* Update TutorialClassTest.java and PersonTest.java\r\n\r\n* Update testcases to improve testcase coverage\r\n\r\n* Update TutorialClassTest.java and PersonTest.java","fileTypesAndContributionMap":{"functional-code":{"insertions":65,"deletions":178},"test-code":{"insertions":250,"deletions":304}}}]},{"date":"2024-03-20","commitResults":[{"hash":"c858148e9b77316d457f3a58454106668c57488d","isMergeCommit":false,"messageTitle":"Update isSamePerson definition to include email value check (#85)","messageBody":"* Email is now a unique field that would \"determine\" if a Person\r\nis the same person.\r\n\r\n* Ensures that if user specifies the same email as an existing student\r\nin the list, the system will throw a duplicate error.","fileTypesAndContributionMap":{"functional-code":{"insertions":9,"deletions":7},"test-code":{"insertions":9,"deletions":4}}}]},{"date":"2024-03-21","commitResults":[{"hash":"bf0487490bd362d2495d9ecef1b74ccb605c7f50","isMergeCommit":false,"messageTitle":"Update naming convention for application","messageBody":"","fileTypesAndContributionMap":{"functional-code":{"insertions":21,"deletions":21},"other":{"insertions":1,"deletions":1}}},{"hash":"ffa2916b2a693388b3c7c595f669fd11251f1565","isMergeCommit":false,"messageTitle":"Update gradle file to support javafx swing library","messageBody":"","fileTypesAndContributionMap":{"other":{"insertions":3,"deletions":0}}},{"hash":"4ad2def8f87688c1a9b0feec3c0e59b40f5acc43","isMergeCommit":true,"messageTitle":"Update file to match remote master","messageBody":"","fileTypesAndContributionMap":{}},{"hash":"e4f9e34a179cda07223876c229ed932a72ccad12","isMergeCommit":false,"messageTitle":"Update statusbar for application","messageBody":"","fileTypesAndContributionMap":{"functional-code":{"insertions":1,"deletions":1}}},{"hash":"c38d7bf553c45e46856c672db9f5493eeeabfad6","isMergeCommit":false,"messageTitle":"Update naming convention for commands (#106)","messageBody":"* Update naming convention for application\r\n\r\n* Update gradle file to support javafx swing library\r\n\r\n* Update statusbar for application","tags":["v1.2"],"fileTypesAndContributionMap":{"functional-code":{"insertions":21,"deletions":22},"other":{"insertions":1,"deletions":1}}}]},{"date":"2024-03-25","commitResults":[{"hash":"c9072bf695a5908a77bb6e107a57db01f5305585","isMergeCommit":true,"messageTitle":"Merge branch \u0027master\u0027 of https://github.com/Zack-Tay/tp","messageBody":"","fileTypesAndContributionMap":{}}]},{"date":"2024-03-27","commitResults":[{"hash":"b9f2de82fac781b89e7a025a95c6772bf48d0669","isMergeCommit":true,"messageTitle":"Create Allocate class and define new command format","messageBody":"* Define new Allocate Students to teams class and its\ncorresponding parser class.\n","fileTypesAndContributionMap":{}},{"hash":"e21d308bf48bc8fa7c5a308a2984d7da8f35e990","isMergeCommit":true,"messageTitle":"Merge branch \u0027AY2324S2-CS2103T-T09-4:master\u0027 into branch-Allocate-Students-Team","messageBody":"","fileTypesAndContributionMap":{}},{"hash":"77d196c35b54592f46008e3322b1ccc99e667581","isMergeCommit":false,"messageTitle":"Update Allocate Student to Team command","messageBody":"","fileTypesAndContributionMap":{"functional-code":{"insertions":149,"deletions":13}}},{"hash":"72491f2ae01026adf48a3873fff0fb9df785520a","isMergeCommit":true,"messageTitle":"Merge branch \u0027AY2324S2-CS2103T-T09-4:master\u0027 into branch-Allocate-Students-Team","messageBody":"","fileTypesAndContributionMap":{}},{"hash":"9d3dfaa9b378612917ff675fa05ab8e5ecda6aeb","isMergeCommit":false,"messageTitle":"Update Allocate Student Command","messageBody":"","fileTypesAndContributionMap":{"functional-code":{"insertions":801,"deletions":144},"docs":{"insertions":28,"deletions":14},"test-code":{"insertions":900,"deletions":45}}},{"hash":"bc0b0620427b1c612f2537f450a8aa3d46d376b3","isMergeCommit":false,"messageTitle":"Update UserGuide.md","messageBody":"","fileTypesAndContributionMap":{"docs":{"insertions":8,"deletions":0}}},{"hash":"ffc9a6db15d3398488b4846ac832499d47d7e984","isMergeCommit":true,"messageTitle":"Resolve merge conflicts","messageBody":"","fileTypesAndContributionMap":{}}]},{"date":"2024-03-28","commitResults":[{"hash":"83d8320473ffd52d28a5a780bde9e50a7e9b78ea","isMergeCommit":false,"messageTitle":"Add Allocate Student to Team Command and its Parser","messageBody":"Add a new command that allows user to add an existing student that is\nin the tutorial class to an existing team in that tutorial group.\n\nLet\u0027s\n* Add a new AllocateStudentToTeamCommand and\nAllocateStudentToTeamCommandParser class to add the user into an\nexisting team of an existing tutorial group in an existing module.\n\n* Add more functions to AddressBook class to support the command and\nparser above.\n","fileTypesAndContributionMap":{"functional-code":{"insertions":324,"deletions":95},"test-code":{"insertions":26,"deletions":0}}},{"hash":"8dad9dbe9430aabe3533b324ad6c695d2bb60945","isMergeCommit":false,"messageTitle":"Update checkstyle and testcases","messageBody":"","fileTypesAndContributionMap":{"functional-code":{"insertions":14,"deletions":18},"test-code":{"insertions":21,"deletions":3}}},{"hash":"29e7690e0c090f2f4aee65f67805154a1a726dd8","isMergeCommit":false,"messageTitle":"Enhance Allocate command to include add by email or index","messageBody":"","fileTypesAndContributionMap":{"functional-code":{"insertions":448,"deletions":38},"other":{"insertions":20,"deletions":25},"test-code":{"insertions":29,"deletions":7}}}]},{"date":"2024-03-29","commitResults":[{"hash":"a76ec8f23de2d10bad38f4b2833564004a98210e","isMergeCommit":false,"messageTitle":"Update Testcases to improve codeCoverage","messageBody":"* Create Test cases for the Allocate Student to Team command\n","fileTypesAndContributionMap":{"functional-code":{"insertions":14,"deletions":5},"test-code":{"insertions":271,"deletions":0}}},{"hash":"39cc6ec113899b3b4fab808eb6cf3dbb80811ef9","isMergeCommit":false,"messageTitle":"Update Testcase for Allocate Student Parser and Json Adapted files","messageBody":"* Create new Test Cases for AllocateStudentToTeamCommandParser\nand add more test cases to JsonAdapted files.\n","fileTypesAndContributionMap":{"test-code":{"insertions":187,"deletions":0}}},{"hash":"4460eb8b30734a4e2c64b5d46ab2cd17ac963aad","isMergeCommit":true,"messageTitle":"Merge branch \u0027master\u0027 into branch-Allocate-Students-Team","messageBody":"","fileTypesAndContributionMap":{}},{"hash":"9cedd117fb32f08ac6a3043cb0eaaba7958df610","isMergeCommit":false,"messageTitle":"Add command to add student into existing team in tutorial class. (#124)","messageBody":"* Update naming convention for application\r\n\r\n* Update gradle file to support javafx swing library\r\n\r\n* Update statusbar for application\r\n\r\n* Update Allocate Student to Team command\r\n\r\n* Update Allocate Student Command\r\n\r\n* Update UserGuide.md\r\n\r\n* Add Allocate Student to Team Command and its Parser\r\n\r\nAdd a new command that allows user to add an existing student that is\r\nin the tutorial class to an existing team in that tutorial group.\r\n\r\nLet\u0027s\r\n* Add a new AllocateStudentToTeamCommand and\r\nAllocateStudentToTeamCommandParser class to add the user into an\r\nexisting team of an existing tutorial group in an existing module.\r\n\r\n* Add more functions to AddressBook class to support the command and\r\nparser above.\r\n\r\n* Update checkstyle and testcases\r\n\r\n* Enhance Allocate command to include add by email or index\r\n\r\n* Update Testcases to improve codeCoverage\r\n\r\n* Create Test cases for the Allocate Student to Team command\r\n\r\n* Update Testcase for Allocate Student Parser and Json Adapted files\r\n\r\n* Create new Test Cases for AllocateStudentToTeamCommandParser\r\nand add more test cases to JsonAdapted files.","fileTypesAndContributionMap":{"functional-code":{"insertions":913,"deletions":54},"other":{"insertions":4,"deletions":0},"docs":{"insertions":8,"deletions":0},"test-code":{"insertions":527,"deletions":3}}},{"hash":"a4f96815a1cee520be1d336af26e5d70d15cb2c0","isMergeCommit":true,"messageTitle":"Merge branch \u0027master\u0027 into jared/update-dg","messageBody":"","fileTypesAndContributionMap":{}},{"hash":"1db87a63b94a2d510e993f27b2ee19d4a609d99a","isMergeCommit":true,"messageTitle":"Merge pull request #127 from Jajared/jared/update-dg","messageBody":"Add DG section for add student to class","fileTypesAndContributionMap":{}},{"hash":"b932d32baea4f0c0b861015267289ae58461293e","isMergeCommit":true,"messageTitle":"Update UML and DeveloperGuide.md","messageBody":"* Create a new Sequence diagram for AddStudentCommand\n\n* Update DeveloperGuide.md to include the\n/add_student command implementation.\n","fileTypesAndContributionMap":{}},{"hash":"0f86f96657ba53ad68ca040a04d4192f3dd7bdee","isMergeCommit":false,"messageTitle":"Update checkstyle","messageBody":"","fileTypesAndContributionMap":{"docs":{"insertions":1,"deletions":1}}},{"hash":"3e70b4a4e7bfe0e5c4a55588535a72d4f0e44151","isMergeCommit":true,"messageTitle":"Merge branch \u0027master\u0027 into update-model-uml","messageBody":"","fileTypesAndContributionMap":{}}]},{"date":"2024-04-02","commitResults":[{"hash":"4596ad53e6d4912e27811dd23f48b304721d205e","isMergeCommit":false,"messageTitle":"Update UserGuide.md","messageBody":"","fileTypesAndContributionMap":{"docs":{"insertions":8,"deletions":4}}},{"hash":"69a911ab140887245dcb4cc67bea59106611a019","isMergeCommit":true,"messageTitle":"Merge pull request #136 from mahadhir247/refactor-sort-student","messageBody":"Refactor SortStudentCommand","fileTypesAndContributionMap":{}},{"hash":"783e8d1fe6f6266b9823dca25f44c4b979d8ec92","isMergeCommit":false,"messageTitle":"Update Quick Start section of UserGuide.md","messageBody":"","fileTypesAndContributionMap":{"docs":{"insertions":42,"deletions":13}}},{"hash":"107e2f24ef088be0b9c4675102c7515c624eb11d","isMergeCommit":false,"messageTitle":"Add Random Team Allocation command (#132)","messageBody":"* Add Random Team Allocation command\r\n\r\n* Add RandomTeamAllocationCommand and\r\nRandomTeamAllocationCommandParser to support random allocate of\r\nstudents in a tutorial class to the different teams in the class.\r\n\r\n* Update AddressBook with random team allocate function to support\r\nrandom allocation in the model and addressbook classes.\r\n\r\n* Refactor Address Book functions to improve encapsulation\r\n\r\n* Remove Some Address Book functions to place them in TutorialTeam and\r\nTutorialClass to maintain good OOP practice.\r\n\r\n* Add Random Team Allocation Command test cases\r\n\r\n* Add RandomTeamAllocationCommandParser test cases\r\n\r\n* Update Checkstyle\r\n\r\n* Update Name of variable\r\n\r\n---------\r\n\r\nCo-authored-by: Whelan \u003c111336032+whelan-low@users.noreply.github.com\u003e","fileTypesAndContributionMap":{"functional-code":{"insertions":361,"deletions":132},"test-code":{"insertions":267,"deletions":111}}},{"hash":"b5c45d8f00f1dd62849d47f7e7178bdc79e63224","isMergeCommit":false,"messageTitle":"Update Glossary of UserGuide.md","messageBody":"* Glossary has not been fully updated and more terms can be added to\nfully encompasses the unfamiliar terms used in this User Guide.\n","fileTypesAndContributionMap":{"docs":{"insertions":23,"deletions":2}}}]},{"date":"2024-04-03","commitResults":[{"hash":"e37b6169033fb9ecdd2d4cf72be366be3eb6b175","isMergeCommit":false,"messageTitle":"Update Add and Allocate student and Random team command in UserGuide.md","messageBody":"* Update add_student, allocate_team and random_teams commands of the\nfeature section in the user guide.\n","fileTypesAndContributionMap":{"docs":{"insertions":75,"deletions":8}}}]},{"date":"2024-04-04","commitResults":[{"hash":"8ee0c27944447715d8a2aae81dc08e127330a101","isMergeCommit":false,"messageTitle":"Update Purpose and Navigation of User Guide","messageBody":"","fileTypesAndContributionMap":{"docs":{"insertions":25,"deletions":2}}},{"hash":"86224548b38f360f6e64538bdf3e7229165cec64","isMergeCommit":false,"messageTitle":"Update UserGuide.md (#138)","messageBody":"* Update UserGuide.md\r\n\r\n* Update Quick Start section of UserGuide.md\r\n\r\n* Update Glossary of UserGuide.md\r\n\r\n* Glossary has not been fully updated and more terms can be added to\r\nfully encompasses the unfamiliar terms used in this User Guide.\r\n\r\n* Update Add and Allocate student and Random team command in UserGuide.md\r\n\r\n* Update add_student, allocate_team and random_teams commands of the\r\nfeature section in the user guide.\r\n\r\n* Update Purpose and Navigation of User Guide\r\n\r\n---------\r\n\r\nCo-authored-by: Jajabonks \u003c84561814+Jajared@users.noreply.github.com\u003e","fileTypesAndContributionMap":{"docs":{"insertions":166,"deletions":22}}},{"hash":"70d72e8ef01a2487996f40ebcd7534e8c72bf056","isMergeCommit":false,"messageTitle":"Update the command format and parameters for User Guide","messageBody":"","fileTypesAndContributionMap":{"docs":{"insertions":58,"deletions":15}}},{"hash":"b4c9bc623755ab1ab47725c07f4386e55235ce19","isMergeCommit":false,"messageTitle":"Update User Guide","messageBody":"","fileTypesAndContributionMap":{"docs":{"insertions":1,"deletions":1}}},{"hash":"73cb4aef0e66c7b2410307d1886cff0eb1424196","isMergeCommit":true,"messageTitle":"resolve merge","messageBody":"","fileTypesAndContributionMap":{}},{"hash":"91b17c2925fee7c900cea2f54b81e9679b675309","isMergeCommit":true,"messageTitle":"Merge branch \u0027master\u0027 into branch-Update-UG","messageBody":"","fileTypesAndContributionMap":{}},{"hash":"d6b0bbe4641b97b2e6ec68d8a847229af22e3099","isMergeCommit":true,"messageTitle":"Merge pull request #139 from qinxutan/Update-UG","messageBody":"Update UserGuide","fileTypesAndContributionMap":{}},{"hash":"f2c943a8dab9094541854efb847156f335848a68","isMergeCommit":true,"messageTitle":"Merge branch \u0027master\u0027 into branch-Update-UG","messageBody":"","fileTypesAndContributionMap":{}},{"hash":"78b3026268617c47ab38869e9de7526fc0ed159e","isMergeCommit":false,"messageTitle":"Update UserGuide (#140)","messageBody":"* Update UserGuide.md\r\n\r\n* Update Quick Start section of UserGuide.md\r\n\r\n* Update Glossary of UserGuide.md\r\n\r\n* Glossary has not been fully updated and more terms can be added to\r\nfully encompasses the unfamiliar terms used in this User Guide.\r\n\r\n* Update Add and Allocate student and Random team command in UserGuide.md\r\n\r\n* Update add_student, allocate_team and random_teams commands of the\r\nfeature section in the user guide.\r\n\r\n* Update Purpose and Navigation of User Guide\r\n\r\n* Update the command format and parameters for User Guide\r\n\r\n* Update User Guide\r\n\r\n---------\r\n\r\nCo-authored-by: Jajabonks \u003c84561814+Jajared@users.noreply.github.com\u003e","fileTypesAndContributionMap":{"docs":{"insertions":56,"deletions":9}}},{"hash":"01ab819a8f53e7ad12c10040c452c738aea2338f","isMergeCommit":true,"messageTitle":"Merge pull request #125 from qinxutan/View-team","messageBody":"View team function","fileTypesAndContributionMap":{}},{"hash":"91b5b8a1737a91306a41bcf7e68c17cc4f7a4fc7","isMergeCommit":true,"messageTitle":"Merge branch \u0027AY2324S2-CS2103T-T09-4:master\u0027 into branch-Update-UG","messageBody":"","fileTypesAndContributionMap":{}}]},{"date":"2024-04-05","commitResults":[{"hash":"ff3bf81c2fcef5081a85132d2107e671431d37ea","isMergeCommit":false,"messageTitle":"Update Test cases for Commands","messageBody":"","fileTypesAndContributionMap":{"docs":{"insertions":1,"deletions":3},"test-code":{"insertions":163,"deletions":72}}},{"hash":"14975cbeeb1ee5f5ecaeacae58c679b341fdc1f3","isMergeCommit":false,"messageTitle":"Update checkstyle","messageBody":"","fileTypesAndContributionMap":{"test-code":{"insertions":22,"deletions":39}}},{"hash":"ece7b61eef4be782b0e53177f44dcc6683396dd7","isMergeCommit":true,"messageTitle":"Merge branch \u0027master\u0027 into branch-Update-UG","messageBody":"","fileTypesAndContributionMap":{}},{"hash":"5938b1563978be16c9c108008f4bad69b26d3668","isMergeCommit":false,"messageTitle":"Update checkstyle","messageBody":"","fileTypesAndContributionMap":{"test-code":{"insertions":2,"deletions":3}}},{"hash":"7bc9b98d85c515a6188616c5e487f12f999952f2","isMergeCommit":true,"messageTitle":"Merge pull request #153 from Zack-Tay/branch-Update-UG","messageBody":"Update Testcases","fileTypesAndContributionMap":{}}]},{"date":"2024-04-10","commitResults":[{"hash":"4587de46742e5be8a06039a007ea26513cf79de5","isMergeCommit":true,"messageTitle":"Merge pull request #234 from mahadhir247/ped-user-guide-bugs","messageBody":"Fix User Guide bugs from PED","fileTypesAndContributionMap":{}}]}],"Jajared":[{"date":"2024-02-25","commitResults":[{"hash":"7b58c9a89dddf1ab0b9c028c86724e4fde40f9c1","isMergeCommit":false,"messageTitle":"Update AboutUs.md","messageBody":"","fileTypesAndContributionMap":{"docs":{"insertions":9,"deletions":9}}},{"hash":"9df8ccacfe7bef4b106a55d0386fcdfc4b74805e","isMergeCommit":false,"messageTitle":"Update README.md","messageBody":"","fileTypesAndContributionMap":{"docs":{"insertions":40,"deletions":10}}}]},{"date":"2024-03-05","commitResults":[{"hash":"2c481ab2424fbce6d8aa94e6971600dced4758bc","isMergeCommit":false,"messageTitle":"refactor: Update user image","messageBody":"","fileTypesAndContributionMap":{"docs":{"insertions":14,"deletions":13}}},{"hash":"0e57535769744904ec281aef2e61fca0ff87f9a8","isMergeCommit":false,"messageTitle":"docs: Update ug for view students and delete student","messageBody":"","fileTypesAndContributionMap":{"docs":{"insertions":84,"deletions":54}}},{"hash":"f0ba81f55907ab163736d13709c05e038e8cbbdf","isMergeCommit":false,"messageTitle":"docs: Update use cases","messageBody":"","fileTypesAndContributionMap":{"docs":{"insertions":160,"deletions":148}}},{"hash":"4de84173a251707c6d7e179f8282d808db565cfb","isMergeCommit":true,"messageTitle":"Merge branch \u0027master\u0027 into jared/update-dg-use-cases","messageBody":"","fileTypesAndContributionMap":{}},{"hash":"0525f4d849bb83c1ae2232fd5d8bcaf479d48b9e","isMergeCommit":true,"messageTitle":"Merge branch \u0027master\u0027 into jared/update-dg-use-cases","messageBody":"","fileTypesAndContributionMap":{}}]},{"date":"2024-03-07","commitResults":[{"hash":"88acdf84b241c02baace64934fd31a8de26fa284","isMergeCommit":false,"messageTitle":"Remove ui elements from DG use cases (#50)","messageBody":"","fileTypesAndContributionMap":{"docs":{"insertions":19,"deletions":19}}}]},{"date":"2024-03-17","commitResults":[{"hash":"1000edbc61a33c2cd6bc887b5c2c004937b168cf","isMergeCommit":false,"messageTitle":"Add delete student functionality (#62)","messageBody":"* feat: Add delete student functionality\r\n\r\n* refactor: Seperate delete student command into more specific classes\r\n\r\n* Added more test cases\r\n\r\n* Fix checkstyle errors\r\n\r\n* Add more test cases to delete student command test\r\n\r\n* fix: Fix delete student by index bug and minor fixes","fileTypesAndContributionMap":{"functional-code":{"insertions":308,"deletions":5},"test-code":{"insertions":263,"deletions":0}}},{"hash":"994596a26a82c8e863a41b1e9133e47cb9eef56a","isMergeCommit":false,"messageTitle":"Update delete student command names (#67)","messageBody":"","fileTypesAndContributionMap":{"functional-code":{"insertions":5,"deletions":5},"other":{"insertions":4,"deletions":4},"test-code":{"insertions":11,"deletions":11}}}]},{"date":"2024-03-18","commitResults":[{"hash":"cf345835caeb84fd87f4f2bf48271ac6475e6e27","isMergeCommit":false,"messageTitle":"feat: Add link students to class command","messageBody":"","fileTypesAndContributionMap":{"functional-code":{"insertions":464,"deletions":17},"test-code":{"insertions":2,"deletions":1}}},{"hash":"0f2b3e462d9f6d6065c75155d2663afd403cb6c5","isMergeCommit":true,"messageTitle":"Merge branch \u0027master\u0027 into jared/link-students-classes","messageBody":"","fileTypesAndContributionMap":{}},{"hash":"c73b49fa5914cede3bae2efdfba3067f4f7eecd3","isMergeCommit":false,"messageTitle":"Add test cases","messageBody":"","fileTypesAndContributionMap":{"functional-code":{"insertions":27,"deletions":14},"test-code":{"insertions":232,"deletions":0}}},{"hash":"ad36a1d4dfd836a2b2423a6db82c313d441bc5af","isMergeCommit":false,"messageTitle":"Add more unit test cases","messageBody":"","fileTypesAndContributionMap":{"test-code":{"insertions":24,"deletions":39}}},{"hash":"2a9084e3eb777cca5ca61b5f381b3292e17fe3d2","isMergeCommit":false,"messageTitle":"Add parser test","messageBody":"","fileTypesAndContributionMap":{"functional-code":{"insertions":4,"deletions":3},"test-code":{"insertions":75,"deletions":1}}}]},{"date":"2024-03-19","commitResults":[{"hash":"015a42697f0c7f370ac263d5546906ac13287554","isMergeCommit":true,"messageTitle":"Merge branch \u0027master\u0027 into jared/link-students-classes","messageBody":"","fileTypesAndContributionMap":{}},{"hash":"0acbc7fb9d846644c4171b430ae8dafaed5c96b2","isMergeCommit":true,"messageTitle":"Merge branch \u0027master\u0027 into Update-Class-UI","messageBody":"","fileTypesAndContributionMap":{}},{"hash":"4566148904f9bf666bd35c6875ae138d9ad6fd84","isMergeCommit":true,"messageTitle":"Merge branch \u0027master\u0027 into jared/link-students-classes","messageBody":"","fileTypesAndContributionMap":{}},{"hash":"8a63f0b44d25e0a574c9e3a381aad5a416181f56","isMergeCommit":false,"messageTitle":"Added integration tests","messageBody":"","fileTypesAndContributionMap":{"functional-code":{"insertions":3,"deletions":2},"test-code":{"insertions":54,"deletions":9}}},{"hash":"b246497d899f412e71518349265d60e17591098f","isMergeCommit":true,"messageTitle":"Merge branch \u0027master\u0027 into jared/link-students-classes","messageBody":"","fileTypesAndContributionMap":{}},{"hash":"55ed508d58d652ec8be71f934ae5d2a6e5a24607","isMergeCommit":false,"messageTitle":"Add more test cases for delete student","messageBody":"","fileTypesAndContributionMap":{"test-code":{"insertions":39,"deletions":0}}}]},{"date":"2024-03-20","commitResults":[{"hash":"26f226acc5c3ce8ec9fe3b0ab460f7e5df22f9ba","isMergeCommit":true,"messageTitle":"Merge branch \u0027master\u0027 into jared/link-students-classes","messageBody":"","fileTypesAndContributionMap":{}},{"hash":"2a18c8a28030bc5a5a2763bbd93d8aefabb8075a","isMergeCommit":false,"messageTitle":"Added backend integration","messageBody":"","fileTypesAndContributionMap":{"functional-code":{"insertions":206,"deletions":19},"test-code":{"insertions":20,"deletions":3}}},{"hash":"25bcde56d86da7748847e7765e106577896babf9","isMergeCommit":true,"messageTitle":"Merge branch \u0027jared/link-students-classes\u0027 of https://github.com/Jajared/tp into jared/link-students-classes","messageBody":"","fileTypesAndContributionMap":{}},{"hash":"11e41236d37796f5b0716e8709682ba2c24f6cbb","isMergeCommit":false,"messageTitle":"Update backend logic","messageBody":"","fileTypesAndContributionMap":{"functional-code":{"insertions":113,"deletions":64},"test-code":{"insertions":6,"deletions":4}}},{"hash":"bc427b8e1a317e4eeac9d6a1e73a3aaf661cde2c","isMergeCommit":false,"messageTitle":"Added json tests","messageBody":"","fileTypesAndContributionMap":{"functional-code":{"insertions":3,"deletions":3},"test-code":{"insertions":56,"deletions":10}}},{"hash":"6a3ce974c3b2cd6ea6c885b7a21eee4d4c8f5c97","isMergeCommit":true,"messageTitle":"Merge branch \u0027master\u0027 into jared/link-students-classes","messageBody":"","fileTypesAndContributionMap":{}},{"hash":"32721085828e59503cf07b020f56d536a40ef55c","isMergeCommit":false,"messageTitle":"Fix save bug","messageBody":"","fileTypesAndContributionMap":{"functional-code":{"insertions":1,"deletions":3}}},{"hash":"634327a8a89d96f90d41627bf3eb66226a9f2a80","isMergeCommit":true,"messageTitle":"Merge branch \u0027jared/link-students-classes\u0027 of https://github.com/Jajared/tp into jared/link-students-classes","messageBody":"","fileTypesAndContributionMap":{}},{"hash":"c3eb64d2c3b0ce286e1214698acfa3346a5ef1b7","isMergeCommit":false,"messageTitle":"Remove unused import","messageBody":"","fileTypesAndContributionMap":{"functional-code":{"insertions":7,"deletions":6}}},{"hash":"73ed7d9ec720cb6ba8fb89e8e28791c7581acc80","isMergeCommit":true,"messageTitle":"Merge branch \u0027master\u0027 into jared/link-students-classes","messageBody":"","fileTypesAndContributionMap":{}},{"hash":"fd482129c3048ee25d52f1168fb2e758d5e877fa","isMergeCommit":false,"messageTitle":"Update list students command naming convention (#86)","messageBody":"","fileTypesAndContributionMap":{"functional-code":{"insertions":3,"deletions":3},"other":{"insertions":3,"deletions":3},"test-code":{"insertions":8,"deletions":8}}},{"hash":"28ddf76b98740879f51389fbdc71e368783b4cd6","isMergeCommit":false,"messageTitle":"Update naming convention and minor UI fixes (#104)","messageBody":"* Update naming for add student and minor command messages fixes\r\n\r\n* Fix styling errors","fileTypesAndContributionMap":{"functional-code":{"insertions":14,"deletions":13},"other":{"insertions":36,"deletions":35},"test-code":{"insertions":7,"deletions":7}}}]},{"date":"2024-03-24","commitResults":[{"hash":"1095b9eadbfe9405f9b03e21978109c47d315464","isMergeCommit":false,"messageTitle":"Create tutorial teams (#108)","messageBody":"* Add tutorial team base structure\r\n\r\n* Added test cases\r\n\r\n* Add integration tests\r\n\r\n* Add tutorial team module test cases","fileTypesAndContributionMap":{"functional-code":{"insertions":583,"deletions":15},"test-code":{"insertions":410,"deletions":4}}},{"hash":"2b02e59e84a3eeb7d2ac387813e3143d64ee6987","isMergeCommit":true,"messageTitle":"Merge branch \u0027master\u0027 into update-model-uml","messageBody":"","fileTypesAndContributionMap":{}}]},{"date":"2024-03-27","commitResults":[{"hash":"746dba8a10612742f28e60a1a417c030c1b9ddee","isMergeCommit":false,"messageTitle":"Add functionality to delete team (#113)","messageBody":"* Added functionality to delete team\r\n\r\n* Add integration adn unit tests for delete team\r\n\r\n* Add delete team parser tests","fileTypesAndContributionMap":{"functional-code":{"insertions":219,"deletions":30},"test-code":{"insertions":193,"deletions":11}}}]},{"date":"2024-03-29","commitResults":[{"hash":"37bd6ad0a733e9fec97e48dfbe96a2d021ea65ff","isMergeCommit":false,"messageTitle":"Add dg section for add students to class","messageBody":"","fileTypesAndContributionMap":{"docs":{"insertions":179,"deletions":54}}}]},{"date":"2024-03-30","commitResults":[{"hash":"0aa044c4678f3d6839f8fb1bd84b71085c42c10c","isMergeCommit":false,"messageTitle":"Update dg and ug (#131)","messageBody":"","fileTypesAndContributionMap":{"docs":{"insertions":108,"deletions":153}}}]},{"date":"2024-04-04","commitResults":[{"hash":"a2ce0e71fef51f277ab50bc20a3644d4030f9c19","isMergeCommit":true,"messageTitle":"Merge branch \u0027master\u0027 into branch-Update-UG","messageBody":"","fileTypesAndContributionMap":{}},{"hash":"1a5b3ea31235cb569f66cb6dbc3145042611edeb","isMergeCommit":true,"messageTitle":"Merge branch \u0027master\u0027 into branch-Update-UG","messageBody":"","fileTypesAndContributionMap":{}},{"hash":"361c6b6b3868cd3052037c2c64a0d35f31cef07e","isMergeCommit":false,"messageTitle":"Refactor messages (#135)","messageBody":"* Refactor messages\r\n\r\n* Fix test cases\r\n\r\n* Fix styling error\r\n\r\n* Fix more styling errors\r\n\r\n* Rebase with main","fileTypesAndContributionMap":{"functional-code":{"insertions":108,"deletions":84},"other":{"insertions":6,"deletions":4},"test-code":{"insertions":116,"deletions":106}}},{"hash":"fc62142fdedffe5056dec277803568961718e023","isMergeCommit":false,"messageTitle":"Add class size constraints (#146)","messageBody":"* Add class size constraints\r\n\r\n* Add test cases","fileTypesAndContributionMap":{"functional-code":{"insertions":166,"deletions":72},"test-code":{"insertions":49,"deletions":13}}}]},{"date":"2024-04-05","commitResults":[{"hash":"fc5249802f1a70cbcfbd9e3539637301cb375ef3","isMergeCommit":false,"messageTitle":"Update add class and team (#147)","messageBody":"Co-authored-by: Whelan \u003c111336032+whelan-low@users.noreply.github.com\u003e","fileTypesAndContributionMap":{"docs":{"insertions":8,"deletions":6}}}]}],"mahadhir247":[{"date":"2024-02-28","commitResults":[{"hash":"724c28bc143ea9be0650fb3ca3c36a0aeb076a3c","isMergeCommit":false,"messageTitle":"Add profile picture and Update AboutUs.md","messageBody":"","fileTypesAndContributionMap":{"docs":{"insertions":2,"deletions":2}}},{"hash":"e1e643722b1c58bbf1b2226aca7c2f09ae64b12f","isMergeCommit":true,"messageTitle":"Merge pull request #23 from mahadhir247/master","messageBody":"Add profile picture and Update AboutUs.md","fileTypesAndContributionMap":{}}]},{"date":"2024-03-06","commitResults":[{"hash":"fe9a334f7e355542af07a287dd545ae489c71a4c","isMergeCommit":false,"messageTitle":"Update UserGuide.md to include Search Student","messageBody":"","fileTypesAndContributionMap":{"docs":{"insertions":13,"deletions":0}}},{"hash":"dbad9e25123fc856f454ef533ebcc0346d26ffd6","isMergeCommit":true,"messageTitle":"Merge branch \u0027master\u0027 into user-guide-search-student","messageBody":"","fileTypesAndContributionMap":{}},{"hash":"1dc8206eefda452c9c24e527250da8467c936f02","isMergeCommit":false,"messageTitle":"Update UserGuide.md command format for Search","messageBody":"","fileTypesAndContributionMap":{"docs":{"insertions":4,"deletions":4}}},{"hash":"77b5df791318f622b9108be16acecfc56b31b766","isMergeCommit":false,"messageTitle":"Change command format for tutorial attribute","messageBody":"","fileTypesAndContributionMap":{"docs":{"insertions":1,"deletions":1}}}]},{"date":"2024-03-11","commitResults":[{"hash":"58d1df90877ab3da8409310f4740ac6ae67eb97e","isMergeCommit":false,"messageTitle":"Add partial SearchStudentCommand","messageBody":"SearchStudentCommand works with the current structure of AddressBook3\ncode. Users will be able to filter search based on name and email only.\n\nAdditional attributes for students have not yet been implemented.\nSearchStudentCommand will be updated once relevant changes have been\nmerged.\n","fileTypesAndContributionMap":{"functional-code":{"insertions":236,"deletions":0}}},{"hash":"cbb7feba1b40f287bfe394f114d19d2759d08323","isMergeCommit":true,"messageTitle":"Merge branch \u0027master\u0027 into add-command-search-student","messageBody":"","fileTypesAndContributionMap":{}}]},{"date":"2024-03-12","commitResults":[{"hash":"170e7b2f03501f79cb231583c106aba986f09cf7","isMergeCommit":false,"messageTitle":"Update SearchStudentCommand functionality","messageBody":"Updated SearchStudentCommand to include the ability to search for\nstudents based on student id, module code and tutorial class.\n","fileTypesAndContributionMap":{"functional-code":{"insertions":159,"deletions":6}}}]},{"date":"2024-03-13","commitResults":[{"hash":"2e6663c6d5c6b694929f0782ea4caf062ff3d5bb","isMergeCommit":false,"messageTitle":"Add test files for SearchStudentCommand","messageBody":"","fileTypesAndContributionMap":{"functional-code":{"insertions":11,"deletions":2},"test-code":{"insertions":712,"deletions":0}}},{"hash":"37fd4a95a2ef99d3432a6ce7eb5d4befb8cf56c0","isMergeCommit":true,"messageTitle":"Merge branch \u0027master\u0027 into add-command-search-student","messageBody":"","fileTypesAndContributionMap":{}},{"hash":"cca70d79aebe6829baa07d94877e4e3b8900acb8","isMergeCommit":false,"messageTitle":"Update checkstyle requirements","messageBody":"","fileTypesAndContributionMap":{"test-code":{"insertions":10,"deletions":26}}},{"hash":"0a99778d778532fc536424cecc2d9263608a90c6","isMergeCommit":true,"messageTitle":"Merge branch \u0027master\u0027 into add-command-search-student","messageBody":"","fileTypesAndContributionMap":{}},{"hash":"8c799186d3983f2c8f59a459c237efd349682721","isMergeCommit":true,"messageTitle":"Merge branch \u0027add-command-search-student\u0027 of https://github.com/mahadhir247/tp into add-command-search-student","messageBody":"","fileTypesAndContributionMap":{}}]},{"date":"2024-03-16","commitResults":[{"hash":"53c203ce6059979040fde7334c219f6996a92a9a","isMergeCommit":true,"messageTitle":"Merge branch \u0027master\u0027 into add-command-search-student","messageBody":"","fileTypesAndContributionMap":{}}]},{"date":"2024-03-17","commitResults":[{"hash":"dc69ca2aabb25980801247d0ab097acf1af953d2","isMergeCommit":true,"messageTitle":"Merge branch \u0027master\u0027 into add-command-search-student","messageBody":"","fileTypesAndContributionMap":{}}]},{"date":"2024-03-18","commitResults":[{"hash":"c6d17e35688981c1ed8a5489776a63a651f582d9","isMergeCommit":true,"messageTitle":"Merge branch \u0027master\u0027 into add-command-search-student","messageBody":"","fileTypesAndContributionMap":{}}]},{"date":"2024-03-20","commitResults":[{"hash":"770e4fb093d0c5a069b951f058f48385f11c9ab2","isMergeCommit":false,"messageTitle":"Remove find command (#73)","messageBody":"* Remove find command\r\n\r\nRemoved find command and it\u0027s dependencies.\r\n\r\nPrevious code contained similar instances of\r\nNameContainsKeyword(s)Predicate. Removing NameContainsKeywordsPredicate\r\nrequires removing find command due to it\u0027s heavy dependence.\r\n\r\nLet\u0027s,\r\n- remove NameContainsKeywordsPredicate\r\n- remove FindCommand and FindCommandParser\r\n- remove test cases relating to FindCommand\r\n- update usages of NameContainsKeywordsPredicate with\r\n  appropriate use of NameContainsKeywordPredicate\r\n\r\n* Update message usage for SearchStudentCommand","fileTypesAndContributionMap":{"functional-code":{"insertions":1,"deletions":140},"test-code":{"insertions":4,"deletions":236}}},{"hash":"0cf4239fbd76d9db5eb8a73b4c2480d0e72199e8","isMergeCommit":false,"messageTitle":"Fix SearchStudentCommand (#91)","messageBody":"Added exception handling for when prefix is present but input is empty.\r\nAdded additional test cases.","fileTypesAndContributionMap":{"functional-code":{"insertions":16,"deletions":3},"test-code":{"insertions":41,"deletions":3}}}]},{"date":"2024-03-27","commitResults":[{"hash":"a51e43e3455ddb2fb08fd49ce57c867d57ca2d5e","isMergeCommit":false,"messageTitle":"Add edit student command (#116)","messageBody":"Co-authored-by: Jajabonks \u003c84561814+Jajared@users.noreply.github.com\u003e","fileTypesAndContributionMap":{"functional-code":{"insertions":75,"deletions":8},"test-code":{"insertions":205,"deletions":34}}},{"hash":"3b9defe694770d9f98c2479b0519306fa872af9a","isMergeCommit":false,"messageTitle":"Add command to sort students (#117)","messageBody":"","fileTypesAndContributionMap":{"functional-code":{"insertions":165,"deletions":0},"test-code":{"insertions":200,"deletions":2}}}]},{"date":"2024-03-29","commitResults":[{"hash":"ae1ef619860cbc6132fb13d68c9a02b502b10db3","isMergeCommit":false,"messageTitle":"Update Developer Guide to include search feature (#126)","messageBody":"Added implementation of search student command into the developer\r\nguide and included a sequence diagram of the process.","fileTypesAndContributionMap":{"docs":{"insertions":130,"deletions":0}}}]},{"date":"2024-04-01","commitResults":[{"hash":"f35fb979afec119a380be074717ca54b2e4481a5","isMergeCommit":false,"messageTitle":"Refactor SortStudentCommand","messageBody":"Refactored SortStudentCommand to make use of enums instead of string for\nthe parameters.\n\nAdded test cases to check the correctness of the sort.\n","fileTypesAndContributionMap":{"functional-code":{"insertions":36,"deletions":4},"other":{"insertions":12,"deletions":11},"test-code":{"insertions":143,"deletions":23}}}]},{"date":"2024-04-02","commitResults":[{"hash":"59927c74d169c3e874202d9eda0fd60b279d7433","isMergeCommit":false,"messageTitle":"Refactor SortStudentCommand tests","messageBody":"Refactored and updated tests based on previous PR comments.\n","fileTypesAndContributionMap":{"functional-code":{"insertions":2,"deletions":4},"test-code":{"insertions":37,"deletions":66}}}]},{"date":"2024-04-04","commitResults":[{"hash":"cc1b22616ed096e1623a792ac2367e323d5b0e5c","isMergeCommit":false,"messageTitle":"Update user guide (#144)","messageBody":"* Update User Guide based on contributions\r\n\r\nAdded edit student, search student and sort student sections to the user\r\nguide. Updated sort_students command word to conform with other commands\r\n\r\n* Update failing test in MainWindowTest\r\n\r\nFixed issue in a test case for MainWindowTest that caused build to fail.\r\n\r\n* Update command summary and GUI Components\r\n\r\n---------\r\n\r\nCo-authored-by: qinxutan \u003c122926007+qinxutan@users.noreply.github.com\u003e\r\nCo-authored-by: Jajabonks \u003c84561814+Jajared@users.noreply.github.com\u003e","fileTypesAndContributionMap":{"functional-code":{"insertions":3,"deletions":2},"docs":{"insertions":49,"deletions":4},"test-code":{"insertions":3,"deletions":3}}}]},{"date":"2024-04-05","commitResults":[{"hash":"1c70f47d74efa5f16649c8dacab4cb5239c40b8b","isMergeCommit":false,"messageTitle":"Fix formatting for some messages (#149)","messageBody":"Co-authored-by: Whelan \u003c111336032+whelan-low@users.noreply.github.com\u003e","tags":["v1.3"],"fileTypesAndContributionMap":{"functional-code":{"insertions":3,"deletions":3}}}]},{"date":"2024-04-09","commitResults":[{"hash":"238adbe2dd2df798d905238876a02df15d2d415e","isMergeCommit":false,"messageTitle":"Fix User Guide bugs from PED","messageBody":"","fileTypesAndContributionMap":{"docs":{"insertions":42,"deletions":14}}}]}],"whelan-low":[{"date":"2024-02-25","commitResults":[{"hash":"8ef80750b53c2f5bc5b75948023b8b9dea6d3bb2","isMergeCommit":false,"messageTitle":"Update AboutUs.md","messageBody":"","fileTypesAndContributionMap":{"docs":{"insertions":2,"deletions":2}}},{"hash":"758d9336292f5f444d18c572fda28b62cc1396d3","isMergeCommit":false,"messageTitle":"Update AboutUs.md","messageBody":"","fileTypesAndContributionMap":{"docs":{"insertions":1,"deletions":1}}},{"hash":"c59bb41cc1b3aa6fbb17955a02e8312b6c9ffb3a","isMergeCommit":false,"messageTitle":"Update AboutUs.md","messageBody":"","fileTypesAndContributionMap":{"docs":{"insertions":1,"deletions":1}}},{"hash":"c77d366cb59bb562cb3137a30dd231a1d92be3af","isMergeCommit":false,"messageTitle":"Update AboutUs.md","messageBody":"","fileTypesAndContributionMap":{"docs":{"insertions":5,"deletions":5}}},{"hash":"c67b3a97551c9b4a118d76e38cd25a515ddb9a6a","isMergeCommit":false,"messageTitle":"Update AboutUs.md","messageBody":"","fileTypesAndContributionMap":{"docs":{"insertions":5,"deletions":5}}},{"hash":"66220294ee0622a4d6b9257e20682ab23a58500d","isMergeCommit":false,"messageTitle":"Update AboutUs.md","messageBody":"","fileTypesAndContributionMap":{"docs":{"insertions":0,"deletions":2}}}]},{"date":"2024-02-29","commitResults":[{"hash":"3f01b06e9f785754de7d4ed7805e1159a883c4ef","isMergeCommit":false,"messageTitle":"Added user guide section for add and delete classes (#25)","messageBody":"","fileTypesAndContributionMap":{"docs":{"insertions":23,"deletions":2}}},{"hash":"b783a968501fdb14e2b65105b639747afb0c2a54","isMergeCommit":false,"messageTitle":"Update Use cases for developer guide (#24)","messageBody":"Co-authored-by: Jajabonks \u003c84561814+Jajared@users.noreply.github.com\u003e","fileTypesAndContributionMap":{"docs":{"insertions":18,"deletions":0}}}]},{"date":"2024-03-06","commitResults":[{"hash":"60a3a1e0579fbf92b8bcdf8128756c5017e9ebb1","isMergeCommit":false,"messageTitle":"Update User Guide add student and delete student command","messageBody":"","fileTypesAndContributionMap":{"docs":{"insertions":6,"deletions":6}}}]},{"date":"2024-03-09","commitResults":[{"hash":"ef4dd96a0af13e55cf76045de44cbc304327f87a","isMergeCommit":false,"messageTitle":"Add AddClassCommand class","messageBody":"","fileTypesAndContributionMap":{"functional-code":{"insertions":29,"deletions":9},"test-code":{"insertions":30,"deletions":0}}},{"hash":"0c65565d904d699a8214ec57932eecaa2102c495","isMergeCommit":false,"messageTitle":"Add handling of parameters for /add_class","messageBody":"","fileTypesAndContributionMap":{"functional-code":{"insertions":66,"deletions":2},"test-code":{"insertions":92,"deletions":6}}}]},{"date":"2024-03-10","commitResults":[{"hash":"7ae31e7236e4d2d85599436b17b8ffe53b57bb5c","isMergeCommit":false,"messageTitle":"Add Module and TutorialClass classes","messageBody":"","fileTypesAndContributionMap":{"functional-code":{"insertions":81,"deletions":5},"test-code":{"insertions":91,"deletions":8}}},{"hash":"399de648fdb3d7111772c28d0326de7a9ca12d6f","isMergeCommit":false,"messageTitle":"Add Logic to add tutorial classes and modules","messageBody":"","fileTypesAndContributionMap":{"functional-code":{"insertions":245,"deletions":16},"test-code":{"insertions":16,"deletions":15}}},{"hash":"703a7539ea2146c99ba5863af04667c336b22932","isMergeCommit":false,"messageTitle":"Fix style issues","messageBody":"","fileTypesAndContributionMap":{"functional-code":{"insertions":3,"deletions":3},"docs":{"insertions":1,"deletions":1}}},{"hash":"3d89047118f738d4ff4324ececf17813b630bcf5","isMergeCommit":false,"messageTitle":"Fixed more style issues","messageBody":"","fileTypesAndContributionMap":{"test-code":{"insertions":3,"deletions":1}}},{"hash":"1dfb3affdab33ed5a945207b27f27b0771c9bf7f","isMergeCommit":false,"messageTitle":"Fixed more style issues","messageBody":"","fileTypesAndContributionMap":{"functional-code":{"insertions":1,"deletions":7}}},{"hash":"bf94f62a5adcc802021c55f57cd740bea3726307","isMergeCommit":false,"messageTitle":"Fix even more style issues. TODO: add javadocs","messageBody":"","fileTypesAndContributionMap":{"functional-code":{"insertions":33,"deletions":29}}},{"hash":"88d0d056262e707dbbe4653d5671646650f80f98","isMergeCommit":false,"messageTitle":"Add even more style fixes","messageBody":"","fileTypesAndContributionMap":{"functional-code":{"insertions":8,"deletions":9}}},{"hash":"cee06faf21fc1cdceb9a5347b8b273d0ddd00e26","isMergeCommit":false,"messageTitle":"Fix more style issues","messageBody":"","fileTypesAndContributionMap":{"functional-code":{"insertions":7,"deletions":8}}}]},{"date":"2024-03-11","commitResults":[{"hash":"626880870bfde931658fe6734b16e46d531fba91","isMergeCommit":false,"messageTitle":"Add Javadocs for methods in Module and TutorialClass","messageBody":"","fileTypesAndContributionMap":{"functional-code":{"insertions":52,"deletions":1}}},{"hash":"f82695d984ea59c6e22edb4a3691db92bf680822","isMergeCommit":true,"messageTitle":"Merge branch \u0027master\u0027 into Add-Tutorial-Class","messageBody":"","fileTypesAndContributionMap":{}},{"hash":"d70796dbfb88139a7bed5aa13e84effa4a91d9fd","isMergeCommit":false,"messageTitle":"Fix more merge conflicts","messageBody":"","fileTypesAndContributionMap":{"functional-code":{"insertions":16,"deletions":14},"test-code":{"insertions":21,"deletions":24}}},{"hash":"88ca7d1a686b6af12f0727e9e434ea07543d3c4b","isMergeCommit":false,"messageTitle":"Fix whitespace issue","messageBody":"","fileTypesAndContributionMap":{"functional-code":{"insertions":0,"deletions":1}}},{"hash":"1450aaa9afdf0d6f9404a48c8aef51542feffb2a","isMergeCommit":false,"messageTitle":"Fix variable names","messageBody":"","fileTypesAndContributionMap":{"functional-code":{"insertions":6,"deletions":6}}},{"hash":"b8fa436d5f0d9090e671236dcf8b6410edea2a1d","isMergeCommit":false,"messageTitle":"Fix more formatting issues","messageBody":"","fileTypesAndContributionMap":{"functional-code":{"insertions":3,"deletions":0},"test-code":{"insertions":32,"deletions":20}}}]},{"date":"2024-03-12","commitResults":[{"hash":"3b7a48dc65fcb78f79a57dbafeb25bcd86f4be85","isMergeCommit":false,"messageTitle":"Fix ModuleCode and TutorialClass bugs","messageBody":"","fileTypesAndContributionMap":{"functional-code":{"insertions":93,"deletions":143},"test-code":{"insertions":36,"deletions":46}}},{"hash":"e151e817fbde773cc37683ba061ec15a91e149f0","isMergeCommit":false,"messageTitle":"Add more test cases","messageBody":"","fileTypesAndContributionMap":{"functional-code":{"insertions":3,"deletions":57},"test-code":{"insertions":72,"deletions":0}}},{"hash":"3bb4f38197e196686efbca96754e740403d6acb4","isMergeCommit":false,"messageTitle":"Add duplicate module handling to automatically add tutorial to already existing module instead if found","messageBody":"","fileTypesAndContributionMap":{"functional-code":{"insertions":72,"deletions":13},"test-code":{"insertions":66,"deletions":20}}},{"hash":"6a6c6a4571737499e2b80988719e8c3e1e180074","isMergeCommit":false,"messageTitle":"Add changes based on feedback","messageBody":"","fileTypesAndContributionMap":{"functional-code":{"insertions":15,"deletions":15},"other":{"insertions":1,"deletions":1},"test-code":{"insertions":17,"deletions":11}}},{"hash":"c3da28607b2edbf3296e3ea6919dce91dd691f8c","isMergeCommit":false,"messageTitle":"Add changes based on feedback","messageBody":"","fileTypesAndContributionMap":{"functional-code":{"insertions":4,"deletions":4},"test-code":{"insertions":9,"deletions":8}}}]},{"date":"2024-03-18","commitResults":[{"hash":"24721b83e267341d84452f47a2ecfcc5e5f3c486","isMergeCommit":false,"messageTitle":"Add delete_class functionality","messageBody":"","fileTypesAndContributionMap":{"functional-code":{"insertions":169,"deletions":2},"test-code":{"insertions":23,"deletions":3}}},{"hash":"95040e63f1b1a6c76ae567fd91b7362a0d0cad93","isMergeCommit":false,"messageTitle":"Fix checkstyle issues","messageBody":"","fileTypesAndContributionMap":{"functional-code":{"insertions":5,"deletions":6},"test-code":{"insertions":14,"deletions":0}}},{"hash":"3e62b5f309869c417f8df86639f9a3b4153ad880","isMergeCommit":false,"messageTitle":"Fix test case","messageBody":"","fileTypesAndContributionMap":{"test-code":{"insertions":2,"deletions":1}}}]},{"date":"2024-03-19","commitResults":[{"hash":"94390c1e08530b41cbe103f995f7ba57926f2b86","isMergeCommit":false,"messageTitle":"Add test cases","messageBody":"","fileTypesAndContributionMap":{"functional-code":{"insertions":1,"deletions":1},"test-code":{"insertions":169,"deletions":5}}},{"hash":"1cf2bbe316a94dec4204d47ae00204ced0a49b89","isMergeCommit":true,"messageTitle":"Merge branch \u0027master\u0027 into tutorial-delete-command","messageBody":"","fileTypesAndContributionMap":{}},{"hash":"8de04b8b2f40837437cc96ba8c13edac18bdca8f","isMergeCommit":false,"messageTitle":"Delete class command (#76)","messageBody":"* Add delete_class functionality\r\n\r\n* Fix checkstyle issues\r\n\r\n* Fix test case\r\n\r\n* Add test cases\r\n\r\n* Fix naming convention","fileTypesAndContributionMap":{"functional-code":{"insertions":190,"deletions":24},"test-code":{"insertions":211,"deletions":12}}},{"hash":"4aeb7bff8519423d9a7fda5c75c84948606ece3d","isMergeCommit":true,"messageTitle":"Merge remote-tracking branch \u0027origin/master\u0027","messageBody":"# Conflicts:\n#\tsrc/main/java/seedu/address/model/module/ModuleCode.java\n","fileTypesAndContributionMap":{}},{"hash":"be4156750b0e06e2109a722f36bfb217e62092c1","isMergeCommit":false,"messageTitle":"Fix merge conflict","messageBody":"","fileTypesAndContributionMap":{"functional-code":{"insertions":0,"deletions":16}}},{"hash":"2771f3be0121a16fa53898a79c80eaa27e0d0503","isMergeCommit":true,"messageTitle":"Merge branch \u0027AY2324S2-CS2103T-T09-4:master\u0027 into master","messageBody":"","fileTypesAndContributionMap":{}},{"hash":"6d73be1c3960ea65f53c592fb36f27763040cbcd","isMergeCommit":false,"messageTitle":"Modify MainWindow to display modules when /add_class or /delete_class is used too","messageBody":"","fileTypesAndContributionMap":{"functional-code":{"insertions":5,"deletions":4}}},{"hash":"95ec65958f1dbbae35413f3fb13686a4c3e2bdd1","isMergeCommit":true,"messageTitle":"Merge pull request #82 from qinxutan/Check-Javadoc","messageBody":"Update Javadocs","fileTypesAndContributionMap":{}},{"hash":"5ac04fb9bc8a154a5ff3889c44c66791ce7527bf","isMergeCommit":true,"messageTitle":"Merge branch \u0027AY2324S2-CS2103T-T09-4:master\u0027 into master","messageBody":"","fileTypesAndContributionMap":{}},{"hash":"12c1c5115d3b53caf1bbac2ec6df15a7225dcdbc","isMergeCommit":true,"messageTitle":"Merge branch \u0027master\u0027 into small-ui-changes","messageBody":"","fileTypesAndContributionMap":{}}]},{"date":"2024-03-20","commitResults":[{"hash":"01e480c7b6b26722466146bb669317a5bf7b8963","isMergeCommit":false,"messageTitle":"Add test case","messageBody":"","fileTypesAndContributionMap":{"functional-code":{"insertions":12,"deletions":3},"test-code":{"insertions":17,"deletions":1}}},{"hash":"9c8cf10009cefb5014128294fd7329cfde16dd4a","isMergeCommit":true,"messageTitle":"Merge branch \u0027AY2324S2-CS2103T-T09-4:master\u0027 into master","messageBody":"","fileTypesAndContributionMap":{}},{"hash":"60e651daa76194b3b59a4352eef1243cd468608b","isMergeCommit":false,"messageTitle":"Fix Checkstyle","messageBody":"","fileTypesAndContributionMap":{"test-code":{"insertions":5,"deletions":3}}},{"hash":"1f8eef3b5e6d5794c35bbba1fde3bc573acac399","isMergeCommit":false,"messageTitle":"Fix checkstyle","messageBody":"","fileTypesAndContributionMap":{"test-code":{"insertions":0,"deletions":1}}},{"hash":"7badd89e99e472f04dc5497d230a27ce79097755","isMergeCommit":true,"messageTitle":"Merge branch \u0027master\u0027 into small-ui-changes","messageBody":"","fileTypesAndContributionMap":{}},{"hash":"6b77c54e733ec17b13a532250c3f01b7e5cba437","isMergeCommit":false,"messageTitle":"Fix method","messageBody":"","fileTypesAndContributionMap":{"functional-code":{"insertions":2,"deletions":1}}},{"hash":"45dec849359fd9f0fa2b87d9df46e52e04233d76","isMergeCommit":false,"messageTitle":"Fix dependency issue","messageBody":"","fileTypesAndContributionMap":{"functional-code":{"insertions":4,"deletions":4},"other":{"insertions":3,"deletions":0}}},{"hash":"707198b5d6161e3b4244e04d2945fa092ca0eb3e","isMergeCommit":true,"messageTitle":"Merge branch \u0027AY2324S2-CS2103T-T09-4:master\u0027 into master","messageBody":"","fileTypesAndContributionMap":{}},{"hash":"1b1aa163047e199ffa1801068f26046297ec9f71","isMergeCommit":true,"messageTitle":"Merge branch \u0027AY2324S2-CS2103T-T09-4:master\u0027 into master","messageBody":"","fileTypesAndContributionMap":{}},{"hash":"e3e6efcd34ffc210a033ec82feded3afc316c751","isMergeCommit":true,"messageTitle":"Merge branch \u0027AY2324S2-CS2103T-T09-4:master\u0027 into master","messageBody":"","fileTypesAndContributionMap":{}},{"hash":"6f3de9f62f47ebccbc7e18665214ee5db751f829","isMergeCommit":false,"messageTitle":"Delete student from tutorial (#89)","messageBody":"* Add code to delete student from tutorial class. Returns true if successful. Also modified the tutorialClass deletion method from ModuleCode to do the same for tutorialClasses\r\n\r\n* Hook delete students from tutorial classes command to deleteStudent classes\r\n\r\n* Add test cases for email and id\r\n\r\n* Refactor code into the abstract DeleteStudent class","fileTypesAndContributionMap":{"functional-code":{"insertions":45,"deletions":2},"test-code":{"insertions":117,"deletions":0}}},{"hash":"e399b4e455d5fd5831ef320d2fe4257059dcf499","isMergeCommit":true,"messageTitle":"Merge branch \u0027AY2324S2-CS2103T-T09-4:master\u0027 into master","messageBody":"","fileTypesAndContributionMap":{}},{"hash":"30f0b5e140307254e4423cb0dad68e829bc05aae","isMergeCommit":true,"messageTitle":"Merge branch \u0027AY2324S2-CS2103T-T09-4:master\u0027 into master","messageBody":"","fileTypesAndContributionMap":{}},{"hash":"b28ee5a1b0059c8f5a7439e417366811f0c4f460","isMergeCommit":false,"messageTitle":"Update Model package UML diagram","messageBody":"","fileTypesAndContributionMap":{"docs":{"insertions":28,"deletions":14}}}]},{"date":"2024-03-27","commitResults":[{"hash":"eaa3764fb7ed7f1806108eea42a27f653da851c5","isMergeCommit":false,"messageTitle":"Delete student from tutorial command (#119)","messageBody":"* Update Model package UML diagram\r\n\r\n* Add Command to delete student from tutorial class\r\n\r\n* Fix Test Case\r\n\r\n* Add test cases\r\n\r\n* Fix typos and missing AddressBookParser test case\r\n\r\n---------\r\n\r\nCo-authored-by: Jajabonks \u003c84561814+Jajared@users.noreply.github.com\u003e","fileTypesAndContributionMap":{"functional-code":{"insertions":418,"deletions":1},"docs":{"insertions":28,"deletions":14},"test-code":{"insertions":366,"deletions":0}}},{"hash":"b38dc13effc3b0836a439739f78c9c20712fbe35","isMergeCommit":false,"messageTitle":"Delete module (#120)","messageBody":"* Update Model package UML diagram\r\n\r\n* Add delete module command and test cases\r\n\r\n---------\r\n\r\nCo-authored-by: Jajabonks \u003c84561814+Jajared@users.noreply.github.com\u003e","fileTypesAndContributionMap":{"functional-code":{"insertions":145,"deletions":1},"test-code":{"insertions":136,"deletions":0}}}]},{"date":"2024-04-04","commitResults":[{"hash":"0d704782f6334e9956160627ba02518bd38dd5ce","isMergeCommit":false,"messageTitle":"Delete student from team (#137)","messageBody":"* Add assertion test\r\n\r\n* Add delete student from team command\r\n\r\n* Add more test cases and fix /delete_student_from_team message formatting\r\n\r\n* Add successful test cases\r\n\r\n* Fix error message for delete by id command\r\n\r\n* Fix merge issues\r\n\r\n* Put delete student from team success message back into DeleteStudentFromTeamCommand class\r\n\r\n* Move getModuleAndTutorialPair into ModuleTutorialPair class, fixed magic number issues and implementation errors","fileTypesAndContributionMap":{"functional-code":{"insertions":520,"deletions":106},"test-code":{"insertions":361,"deletions":15}}},{"hash":"6f0036a995f4d3861ff2455ab56748a4b6a4d83e","isMergeCommit":false,"messageTitle":"Update ug 1.3 (#145)","messageBody":"* Add assertion test\r\n\r\n* Update UG\r\n\r\n---------\r\n\r\nCo-authored-by: Jajabonks \u003c84561814+Jajared@users.noreply.github.com\u003e","fileTypesAndContributionMap":{"docs":{"insertions":72,"deletions":5}}},{"hash":"fc1b34f02044eb1e7ec2b27ae893f7a92600c450","isMergeCommit":false,"messageTitle":"Fix delete commands not cascading to tutorial teams (#142)","messageBody":"* Add assertion test\r\n\r\n* Fix delete student command\r\n\r\n* Add test cases and fix javadoc description\r\n\r\n* Fix test case\r\n\r\n* Fix help url\r\n\r\n* Fix checkstyle","fileTypesAndContributionMap":{"functional-code":{"insertions":18,"deletions":1},"test-code":{"insertions":42,"deletions":0}}}]}]},"authorFileTypeContributionMap":{"qinxutan":{"docs":1323,"functional-code":1730,"test-code":1264,"other":6},"Zack-Tay":{"docs":366,"functional-code":1435,"test-code":1096,"other":5},"Jajared":{"docs":417,"functional-code":1935,"test-code":1442},"mahadhir247":{"docs":212,"functional-code":644,"test-code":1146},"whelan-low":{"docs":109,"functional-code":1373,"test-code":1361,"other":3}},"authorContributionVariance":{"qinxutan":266600.72,"Zack-Tay":212935.31,"Jajared":64744.105,"mahadhir247":25953.88,"whelan-low":71651.49},"authorDisplayNameMap":{"qinxutan":"CS2103T-T09-4 TAN ..N XU","Zack-Tay":"CS2103T-T09-4 TAY .. KAI","Jajared":"CS2103T-T09-4 JARE.. JIE","mahadhir247":"CS2103T-T09-4 MAHA..MAIL","whelan-low":"CS2103T-T09-4 LOW ..ELAN"}}
