{"authorDailyContributionsMap":{"qinxutan":[{"date":"2024-02-25","commitResults":[{"hash":"8cf8561c7e10bfff4fa6fc2f18d6c9dd01fb85a6","isMergeCommit":false,"messageTitle":"Update AboutUs.md","messageBody":"","fileTypesAndContributionMap":{"docs":{"insertions":2,"deletions":2}}},{"hash":"7b8fb6cc9a5f60b76e537592ec7eb9dd9c641e06","isMergeCommit":true,"messageTitle":"Merge pull request #16 from qinxutan/update-aboutus","messageBody":"Update AboutUs.md","fileTypesAndContributionMap":{}},{"hash":"9ba53f8ad0bea91b3574e3021ddb93e2d9fb2831","isMergeCommit":true,"messageTitle":"Merge pull request #1 from AY2324S2-CS2103T-T09-4/master","messageBody":"Merge updates","fileTypesAndContributionMap":{}},{"hash":"13310ca30632f59453ae7af56a79f1273d579e24","isMergeCommit":false,"messageTitle":"Update AboutUs.md","messageBody":"","fileTypesAndContributionMap":{"docs":{"insertions":2,"deletions":2}}},{"hash":"b5d4ef6f2d25acef07fb77067b9aa4f42ddf8e5b","isMergeCommit":true,"messageTitle":"Merge pull request #18 from qinxutan/update-aboutus","messageBody":"Update AboutUs.md","fileTypesAndContributionMap":{}},{"hash":"7c49fe99cc4929cae3ac8b8ad88a98ce12ea52fc","isMergeCommit":false,"messageTitle":"Edit UserGuide.md","messageBody":"","fileTypesAndContributionMap":{"docs":{"insertions":10,"deletions":23}}},{"hash":"5953e52547f50c92a46d63d5033290df9a8a4d1e","isMergeCommit":true,"messageTitle":"Merge pull request #19 from qinxutan/update-userguide","messageBody":"Edit UserGuide.md","fileTypesAndContributionMap":{}},{"hash":"322ed9a1ee050961b6a2de83a47fd609d9a010b7","isMergeCommit":false,"messageTitle":"Update DeveloperGuide.md","messageBody":"","fileTypesAndContributionMap":{"docs":{"insertions":32,"deletions":19}}},{"hash":"66b392245bd82e6b4623866838c4c4de7bda58c9","isMergeCommit":false,"messageTitle":"Update UserGuide.md","messageBody":"","fileTypesAndContributionMap":{"docs":{"insertions":23,"deletions":6}}},{"hash":"47c1a3a8b831393efbd00cda9c4dd2c3fd207b7a","isMergeCommit":true,"messageTitle":"Merge pull request #20 from qinxutan/update-developerguide","messageBody":"Update DeveloperGuide.md","fileTypesAndContributionMap":{}},{"hash":"8d33257b0c6979035a45cdc8d2e61c6744fd017e","isMergeCommit":true,"messageTitle":"Merge pull request #21 from qinxutan/update-userguide","messageBody":"Update UserGuide.md","fileTypesAndContributionMap":{}}]},{"date":"2024-03-05","commitResults":[{"hash":"f0887f9aee1f9d42fb27c8655ba1e1e4593aa3e2","isMergeCommit":true,"messageTitle":"Merge pull request #2 from AY2324S2-CS2103T-T09-4/master","messageBody":"merge","fileTypesAndContributionMap":{}},{"hash":"f55ae2dd8279bb7ed9b18d5116bd694b87a2e2af","isMergeCommit":true,"messageTitle":"Merge pull request #33 from Jajared/jared/update-about-us","messageBody":"Update about us","fileTypesAndContributionMap":{}},{"hash":"14b76a0aef7cded69a32b4c11a9039eba0cdb6d7","isMergeCommit":true,"messageTitle":"Merge pull request #3 from AY2324S2-CS2103T-T09-4/master","messageBody":"Merge","fileTypesAndContributionMap":{}},{"hash":"d2dc77c45f9d0017b974509201e34a98761715e5","isMergeCommit":true,"messageTitle":"Merge branch \u0027master\u0027 into jared/update-ug-view-students","messageBody":"","fileTypesAndContributionMap":{}},{"hash":"a29fd7a4a309efd94b08a3c4381f87a8bef16348","isMergeCommit":true,"messageTitle":"Merge pull request #35 from Jajared/jared/update-ug-view-students","messageBody":"Update user guide for view students and delete student","fileTypesAndContributionMap":{}},{"hash":"47c27cc8483bcd310fe4f924318d9feda18afd76","isMergeCommit":false,"messageTitle":"Update User Stories","messageBody":"","fileTypesAndContributionMap":{"docs":{"insertions":6,"deletions":6}}},{"hash":"725f019bb0766e132855c54f7db5bc594f465392","isMergeCommit":true,"messageTitle":"Merge branch \u0027master\u0027 into update-userguide","messageBody":"","fileTypesAndContributionMap":{}}]},{"date":"2024-03-06","commitResults":[{"hash":"c103820efa6e7755e7181811f51c6c416457d156","isMergeCommit":true,"messageTitle":"Merge pull request #42 from whelan-low/update_UG_2","messageBody":"Update User Guide add student and delete student command","fileTypesAndContributionMap":{}},{"hash":"4fda5c83067e66585325cf29e62d5dcc41d411dd","isMergeCommit":true,"messageTitle":"Merge branch \u0027master\u0027 into user-guide-search-student","messageBody":"","fileTypesAndContributionMap":{}},{"hash":"d61f9423525b1d9c8cc3ff053c2d8f083efc259f","isMergeCommit":true,"messageTitle":"Merge pull request #41 from mahadhir247/user-guide-search-student","messageBody":"Update UserGuide.md to include Search Student","fileTypesAndContributionMap":{}},{"hash":"a44464a3018c42a16e36f45ba23964af08ca79aa","isMergeCommit":true,"messageTitle":"Merge pull request #4 from AY2324S2-CS2103T-T09-4/master","messageBody":"Update","fileTypesAndContributionMap":{}},{"hash":"289d018b21f082c6c61135d75839447a43d3a484","isMergeCommit":true,"messageTitle":"Merge pull request #45 from Zack-Tay/master","messageBody":"Update UserGuide Commands","fileTypesAndContributionMap":{}},{"hash":"a98ece3d13fb3198c2818e6ca4bc976fd36fbb01","isMergeCommit":true,"messageTitle":"Merge pull request #46 from Zack-Tay/master","messageBody":"Update User Guide remove AB3 docs","fileTypesAndContributionMap":{}},{"hash":"344e6bc03ea7b1f9704e3b8e2db294da2369bf4c","isMergeCommit":true,"messageTitle":"Merge pull request #5 from AY2324S2-CS2103T-T09-4/master","messageBody":"Update","fileTypesAndContributionMap":{}}]},{"date":"2024-03-10","commitResults":[{"hash":"45b3d86ac1aa8cb34db6040be7f7cb72ab14e0ec","isMergeCommit":true,"messageTitle":"Merge pull request #6 from AY2324S2-CS2103T-T09-4/master","messageBody":"Remove ui elements from DG use cases (#50)","fileTypesAndContributionMap":{}}]},{"date":"2024-03-11","commitResults":[{"hash":"a4d0741647ac25317d75fe939faab906bfbac14d","isMergeCommit":true,"messageTitle":"Merge pull request #7 from AY2324S2-CS2103T-T09-4/master","messageBody":"Update","fileTypesAndContributionMap":{}},{"hash":"c1c7c9186221655ac11731ba7188ab9e8d6c2d04","isMergeCommit":false,"messageTitle":"Update Index.md","messageBody":"","fileTypesAndContributionMap":{"docs":{"insertions":5,"deletions":5}}},{"hash":"2ba6540845e93aa48f8cac1550cd0f1a06a2a760","isMergeCommit":false,"messageTitle":"Update User guide","messageBody":"","fileTypesAndContributionMap":{"docs":{"insertions":4,"deletions":1}}},{"hash":"a4d2b5cc240bc9c99f15608eb8561b920d811f25","isMergeCommit":false,"messageTitle":"Add list class function","messageBody":"Add List Class Function\n","fileTypesAndContributionMap":{"functional-code":{"insertions":566,"deletions":1},"docs":{"insertions":35,"deletions":35},"test-code":{"insertions":137,"deletions":3}}},{"hash":"5a45e1ecc6dc02eeef13972034ab629b4ae1fa74","isMergeCommit":false,"messageTitle":"Update List Class Function","messageBody":"","fileTypesAndContributionMap":{"functional-code":{"insertions":151,"deletions":59}}},{"hash":"3cd2dab742ab443dfd5fcb89bb2de6741a1890d4","isMergeCommit":false,"messageTitle":"Documentation errors","messageBody":"","fileTypesAndContributionMap":{"docs":{"insertions":42,"deletions":42}}},{"hash":"aa1d5b90e07db55a330194cd763d2251960ea5aa","isMergeCommit":false,"messageTitle":"Check style error","messageBody":"","fileTypesAndContributionMap":{"test-code":{"insertions":0,"deletions":1}}},{"hash":"da33b4765d1917bb117d598d72143e8416c52062","isMergeCommit":false,"messageTitle":"Checkstyle","messageBody":"","fileTypesAndContributionMap":{"functional-code":{"insertions":7,"deletions":5},"test-code":{"insertions":11,"deletions":10}}},{"hash":"06968f7ca52a50bf202bcd4d9b9b15014d2cafb2","isMergeCommit":false,"messageTitle":"checkstyle","messageBody":"","fileTypesAndContributionMap":{"functional-code":{"insertions":3,"deletions":2}}},{"hash":"6c8e19dbcbd5d086b97a6b0951a52ec7b3ab04eb","isMergeCommit":false,"messageTitle":"Checkstyle","messageBody":"","fileTypesAndContributionMap":{"test-code":{"insertions":2,"deletions":3}}},{"hash":"d7bb1f37676211e4969b15b7fb1801268b0cee40","isMergeCommit":false,"messageTitle":"Checkstyle","messageBody":"","fileTypesAndContributionMap":{"functional-code":{"insertions":24,"deletions":11},"test-code":{"insertions":37,"deletions":12}}}]},{"date":"2024-03-13","commitResults":[{"hash":"c144fa46a44c9e1d0870007735c752526a73070d","isMergeCommit":true,"messageTitle":"Merge pull request #8 from AY2324S2-CS2103T-T09-4/master","messageBody":"Update","fileTypesAndContributionMap":{}},{"hash":"36aae2bdb1f571f461997598aebdc7f2ec651d77","isMergeCommit":false,"messageTitle":"Update","messageBody":"","fileTypesAndContributionMap":{"functional-code":{"insertions":347,"deletions":240},"other":{"insertions":6,"deletions":6},"test-code":{"insertions":137,"deletions":56}}},{"hash":"4959f07b6c3e13acff9ed22481cb436aa2cddab8","isMergeCommit":true,"messageTitle":"Merge remote-tracking branch \u0027upstream/master\u0027 into List-Class-Function","messageBody":"# Conflicts:\n#\tsrc/main/java/seedu/address/logic/commands/AddClassCommand.java\n#\tsrc/main/java/seedu/address/logic/parser/AddClassCommandParser.java\n#\tsrc/main/java/seedu/address/model/AddressBook.java\n#\tsrc/main/java/seedu/address/model/Model.java\n#\tsrc/main/java/seedu/address/model/ModelManager.java\n#\tsrc/test/java/seedu/address/logic/commands/AddClassCommandTest.java\n#\tsrc/test/java/seedu/address/logic/commands/AddCommandTest.java\n#\tsrc/test/java/seedu/address/logic/parser/AddressBookParserTest.java\n","fileTypesAndContributionMap":{}},{"hash":"0ab3dc1bba7d2a26b785534cd36f0e6b0be82d96","isMergeCommit":false,"messageTitle":"Checkstyle","messageBody":"","fileTypesAndContributionMap":{"functional-code":{"insertions":0,"deletions":5},"test-code":{"insertions":4,"deletions":4}}}]},{"date":"2024-03-14","commitResults":[{"hash":"a1ac6c5c0c981dd6c5b1fde8ae2ec84245ee8090","isMergeCommit":false,"messageTitle":"Update List Class Function","messageBody":"","fileTypesAndContributionMap":{"functional-code":{"insertions":39,"deletions":225},"test-code":{"insertions":82,"deletions":42}}},{"hash":"d0885baf6478162f910995f60a687f2e78b09d21","isMergeCommit":false,"messageTitle":"Update List Class Function","messageBody":"","fileTypesAndContributionMap":{"functional-code":{"insertions":165,"deletions":9},"test-code":{"insertions":7,"deletions":7}}},{"hash":"420d4278920dcc9dae67299ff2732a8ddba7c43e","isMergeCommit":false,"messageTitle":"Add test cases","messageBody":"","fileTypesAndContributionMap":{"functional-code":{"insertions":0,"deletions":158},"test-code":{"insertions":12,"deletions":59}}},{"hash":"afa8dea4e7a4292514d50d69bcf435f8f048318f","isMergeCommit":false,"messageTitle":"Remove redundant classes","messageBody":"","fileTypesAndContributionMap":{"functional-code":{"insertions":0,"deletions":92}}},{"hash":"b72072673519a98fef920495485ab274218a7ace","isMergeCommit":false,"messageTitle":"Remove redundant classes","messageBody":"","fileTypesAndContributionMap":{"functional-code":{"insertions":5,"deletions":127}}},{"hash":"644f7cc585f1c1f2272c33109e21d3873118f6c5","isMergeCommit":false,"messageTitle":"Update function based on PR Comments","messageBody":"","fileTypesAndContributionMap":{"functional-code":{"insertions":8,"deletions":10},"test-code":{"insertions":11,"deletions":15}}}]},{"date":"2024-03-18","commitResults":[{"hash":"cff61043e73d1c5acde83cfb83ebf66a234fc47e","isMergeCommit":true,"messageTitle":"Merge pull request #63 from mahadhir247/add-command-search-student","messageBody":"Add command search student","fileTypesAndContributionMap":{}}]},{"date":"2024-03-19","commitResults":[{"hash":"360048bac2d20caed149f03790cda3e26f51db72","isMergeCommit":false,"messageTitle":"Save classes to database and Update UI (#65)","messageBody":"* Update UI of Module List\r\n\r\n* Update UI\r\n\r\n* Test cases\r\n\r\n* Fix syntax\r\n\r\n* Checkstyle\r\n\r\n* Add test classes\r\n\r\n* Checkstyle\r\n\r\n* Checkstyle\r\n\r\n* Add Test Case\r\n\r\n* More test cases\r\n\r\n* Remove test case causing build to slow down\r\n\r\n* Remove test class causing build to slow down\r\n\r\n* Add ModuleCardTest class\r\n\r\n* Update test case\r\n\r\n* Update workflow to support test case\r\n\r\n* Update workflow to support test case\r\n\r\n* Update workflow to speed up test case\r\n\r\n* Remove test case that is not running on linux\r\n\r\n* Update Test Case\r\n\r\n* Delete test cases\r\n\r\n* Resolve merge conflict\r\n\r\n---------\r\n\r\nCo-authored-by: Jajabonks \u003c84561814+Jajared@users.noreply.github.com\u003e","fileTypesAndContributionMap":{"functional-code":{"insertions":239,"deletions":47},"other":{"insertions":6,"deletions":1},"test-code":{"insertions":179,"deletions":6}}}]}],"Zack-Tay":[{"date":"2024-02-28","commitResults":[{"hash":"124e22b073232d9f0175858f6f45acc08554b81a","isMergeCommit":false,"messageTitle":"Update AboutUs.md and Add profile image (#22)","messageBody":"","fileTypesAndContributionMap":{"docs":{"insertions":2,"deletions":2}}}]},{"date":"2024-03-04","commitResults":[{"hash":"80ed63422879aa59e7c881c7571644b9d1bca339","isMergeCommit":false,"messageTitle":"Update DeveloperGuide.md define use cases (#29)","messageBody":"* Define use cases 1 to 4 of TAHelper.\r\n* Add extensions to handle exception cases.","fileTypesAndContributionMap":{"docs":{"insertions":79,"deletions":3}}}]},{"date":"2024-03-05","commitResults":[{"hash":"130dc070adaff01de9751263860d1f5a8c3759a2","isMergeCommit":true,"messageTitle":"Merge pull request #36 from qinxutan/update-userguide","messageBody":"Update User Stories in DeveloperGuide.md","fileTypesAndContributionMap":{}},{"hash":"79f9ea1582e2978dcf7046b75c30232524c16f66","isMergeCommit":false,"messageTitle":"Update Glossary and NFR in DeveloperGuide.md (#38)","messageBody":"","fileTypesAndContributionMap":{"docs":{"insertions":30,"deletions":19}}},{"hash":"0e6ea15cb7625ebd488f75efe48860533ca2a66b","isMergeCommit":true,"messageTitle":"Merge pull request #37 from Jajared/jared/update-dg-use-cases","messageBody":"Update use cases in developers guide","fileTypesAndContributionMap":{}}]},{"date":"2024-03-06","commitResults":[{"hash":"0e5bc08dd21a5d36941ae959f0300e22be03fc0a","isMergeCommit":false,"messageTitle":"Update UserGuide Commands","messageBody":"","fileTypesAndContributionMap":{"docs":{"insertions":54,"deletions":31}}},{"hash":"858d4225d35ee27577e46e6aec74d73e1dfa1380","isMergeCommit":false,"messageTitle":"Update User Guide remove AB3 docs","messageBody":"","fileTypesAndContributionMap":{"docs":{"insertions":3,"deletions":101}}}]},{"date":"2024-03-08","commitResults":[{"hash":"163ef5605a1ff32cc32eeec259422150ca19d1b3","isMergeCommit":false,"messageTitle":"Add new Add students\u0027 contact","messageBody":"Added new changes to the students\u0027 contact, in particular, users can\nadd new their students\u0027 student ID, module code and tutorial class.\n\nCurrent version users must specify all the fields to add a new student.\n\nLet\u0027s,\n* Add 3 new classes, StudentId, ModuleCode and TutorialClass to support\nthe new fields in the \u0027Add\u0027 command.\n* Update AddCommand and AddCommandParser to support the new format\n* Update CliSyntax to support the new command tags.\n* Update the UI to display the students information.\n","fileTypesAndContributionMap":{"functional-code":{"insertions":410,"deletions":165},"test-code":{"insertions":29,"deletions":29}}}]},{"date":"2024-03-09","commitResults":[{"hash":"5d5c0bbf25ecfb3398e5dddbd5d20eab67b646d6","isMergeCommit":false,"messageTitle":"Update Test folder to include new attribute","messageBody":"Updated some test files inside the test folder to include the new\nattributes student_id, module code and tutorial class.\n\nTest files are still not fully updated.\n\n* Updated AddCommand and AddCommandParser test files.\n* Updated many other test files to remove significant number of\nerrors that arise from the changes made.\n","fileTypesAndContributionMap":{"test-code":{"insertions":215,"deletions":200}}}]},{"date":"2024-03-10","commitResults":[{"hash":"908461a4cde4f54a92d12376290611d25a27d625","isMergeCommit":false,"messageTitle":"Update test files to support new attributes","messageBody":"Update test files to support studentId, moduleCode and tutorial\nattributes for the test files.\n\nThis is to ensure that integration and standard test works to\nsupport merging into master branch.\n\n* Edited relevant test files to support new attributes\n* Some refactoring and improvements to be done in due course.\n* Updated Json test file to include new attributes.\n","fileTypesAndContributionMap":{"functional-code":{"insertions":58,"deletions":30},"test-code":{"insertions":188,"deletions":144}}},{"hash":"7d529604b10d8129b267167604236cd737eddabe","isMergeCommit":false,"messageTitle":"Fix checkstyle issues","messageBody":"","fileTypesAndContributionMap":{"docs":{"insertions":1,"deletions":1}}},{"hash":"8539febe937066afb7335977580a78d29e6fb622","isMergeCommit":false,"messageTitle":"Update changes based on PR comments","messageBody":"","fileTypesAndContributionMap":{"functional-code":{"insertions":1,"deletions":21},"test-code":{"insertions":17,"deletions":15}}}]},{"date":"2024-03-11","commitResults":[{"hash":"862500dfc0123042dc5006ae1874d522c60bed76","isMergeCommit":true,"messageTitle":"Merge pull request #54 from Zack-Tay/branch-V1.2-AddCommand","messageBody":"Add new Add students\u0027 contact","fileTypesAndContributionMap":{}}]},{"date":"2024-03-13","commitResults":[{"hash":"5f738b9a70b48d4b068d2819e0af5ddef6aa4df0","isMergeCommit":true,"messageTitle":"Merge pull request #53 from whelan-low/Add-Tutorial-Class","messageBody":"Add tutorial class","fileTypesAndContributionMap":{}}]},{"date":"2024-03-15","commitResults":[{"hash":"c34052ea8b18b6a85377617fc17edfab5efcab3d","isMergeCommit":true,"messageTitle":"Merge pull request #61 from qinxutan/List-Class-Function","messageBody":"Add List Class Command","fileTypesAndContributionMap":{}}]},{"date":"2024-03-19","commitResults":[{"hash":"f995f97cc54d19c10d0357bb11d4f933db9759cb","isMergeCommit":false,"messageTitle":"Update Add student command format (#75)","messageBody":"* Update Add student command format\r\n\r\n* Change /add_student command format from \"name email id moduleCode\r\ntutorialClass\" to only \"name email id\".\r\n\r\n* Update add student command parser to support this change as well.\r\n\r\n* Add a new ModuleBuilder class under the testutil folder. Serves as\r\na utility function to create ModuleCode objects.\r\n\r\n* Update testcases to support new changes.\r\n\r\n* Add more testcases for Tutorial and Person class\r\n\r\n* Update TutorialClassTest.java and PersonTest.java\r\n\r\n* Update testcases to improve testcase coverage\r\n\r\n* Update TutorialClassTest.java and PersonTest.java","fileTypesAndContributionMap":{"functional-code":{"insertions":65,"deletions":178},"test-code":{"insertions":250,"deletions":304}}}]}],"Jajared":[{"date":"2024-02-25","commitResults":[{"hash":"7b58c9a89dddf1ab0b9c028c86724e4fde40f9c1","isMergeCommit":false,"messageTitle":"Update AboutUs.md","messageBody":"","fileTypesAndContributionMap":{"docs":{"insertions":9,"deletions":9}}},{"hash":"9df8ccacfe7bef4b106a55d0386fcdfc4b74805e","isMergeCommit":false,"messageTitle":"Update README.md","messageBody":"","fileTypesAndContributionMap":{"docs":{"insertions":40,"deletions":10}}}]},{"date":"2024-03-05","commitResults":[{"hash":"2c481ab2424fbce6d8aa94e6971600dced4758bc","isMergeCommit":false,"messageTitle":"refactor: Update user image","messageBody":"","fileTypesAndContributionMap":{"docs":{"insertions":14,"deletions":13}}},{"hash":"0e57535769744904ec281aef2e61fca0ff87f9a8","isMergeCommit":false,"messageTitle":"docs: Update ug for view students and delete student","messageBody":"","fileTypesAndContributionMap":{"docs":{"insertions":84,"deletions":54}}},{"hash":"f0ba81f55907ab163736d13709c05e038e8cbbdf","isMergeCommit":false,"messageTitle":"docs: Update use cases","messageBody":"","fileTypesAndContributionMap":{"docs":{"insertions":160,"deletions":148}}},{"hash":"4de84173a251707c6d7e179f8282d808db565cfb","isMergeCommit":true,"messageTitle":"Merge branch \u0027master\u0027 into jared/update-dg-use-cases","messageBody":"","fileTypesAndContributionMap":{}},{"hash":"0525f4d849bb83c1ae2232fd5d8bcaf479d48b9e","isMergeCommit":true,"messageTitle":"Merge branch \u0027master\u0027 into jared/update-dg-use-cases","messageBody":"","fileTypesAndContributionMap":{}}]},{"date":"2024-03-07","commitResults":[{"hash":"88acdf84b241c02baace64934fd31a8de26fa284","isMergeCommit":false,"messageTitle":"Remove ui elements from DG use cases (#50)","messageBody":"","fileTypesAndContributionMap":{"docs":{"insertions":19,"deletions":19}}}]},{"date":"2024-03-17","commitResults":[{"hash":"1000edbc61a33c2cd6bc887b5c2c004937b168cf","isMergeCommit":false,"messageTitle":"Add delete student functionality (#62)","messageBody":"* feat: Add delete student functionality\r\n\r\n* refactor: Seperate delete student command into more specific classes\r\n\r\n* Added more test cases\r\n\r\n* Fix checkstyle errors\r\n\r\n* Add more test cases to delete student command test\r\n\r\n* fix: Fix delete student by index bug and minor fixes","fileTypesAndContributionMap":{"functional-code":{"insertions":308,"deletions":5},"test-code":{"insertions":263,"deletions":0}}},{"hash":"994596a26a82c8e863a41b1e9133e47cb9eef56a","isMergeCommit":false,"messageTitle":"Update delete student command names (#67)","messageBody":"","fileTypesAndContributionMap":{"functional-code":{"insertions":5,"deletions":5},"other":{"insertions":4,"deletions":4},"test-code":{"insertions":11,"deletions":11}}}]}],"mahadhir247":[{"date":"2024-02-28","commitResults":[{"hash":"724c28bc143ea9be0650fb3ca3c36a0aeb076a3c","isMergeCommit":false,"messageTitle":"Add profile picture and Update AboutUs.md","messageBody":"","fileTypesAndContributionMap":{"docs":{"insertions":2,"deletions":2}}},{"hash":"e1e643722b1c58bbf1b2226aca7c2f09ae64b12f","isMergeCommit":true,"messageTitle":"Merge pull request #23 from mahadhir247/master","messageBody":"Add profile picture and Update AboutUs.md","fileTypesAndContributionMap":{}}]},{"date":"2024-03-06","commitResults":[{"hash":"fe9a334f7e355542af07a287dd545ae489c71a4c","isMergeCommit":false,"messageTitle":"Update UserGuide.md to include Search Student","messageBody":"","fileTypesAndContributionMap":{"docs":{"insertions":13,"deletions":0}}},{"hash":"dbad9e25123fc856f454ef533ebcc0346d26ffd6","isMergeCommit":true,"messageTitle":"Merge branch \u0027master\u0027 into user-guide-search-student","messageBody":"","fileTypesAndContributionMap":{}},{"hash":"1dc8206eefda452c9c24e527250da8467c936f02","isMergeCommit":false,"messageTitle":"Update UserGuide.md command format for Search","messageBody":"","fileTypesAndContributionMap":{"docs":{"insertions":4,"deletions":4}}},{"hash":"77b5df791318f622b9108be16acecfc56b31b766","isMergeCommit":false,"messageTitle":"Change command format for tutorial attribute","messageBody":"","fileTypesAndContributionMap":{"docs":{"insertions":1,"deletions":1}}}]},{"date":"2024-03-11","commitResults":[{"hash":"58d1df90877ab3da8409310f4740ac6ae67eb97e","isMergeCommit":false,"messageTitle":"Add partial SearchStudentCommand","messageBody":"SearchStudentCommand works with the current structure of AddressBook3\ncode. Users will be able to filter search based on name and email only.\n\nAdditional attributes for students have not yet been implemented.\nSearchStudentCommand will be updated once relevant changes have been\nmerged.\n","fileTypesAndContributionMap":{"functional-code":{"insertions":236,"deletions":0}}},{"hash":"cbb7feba1b40f287bfe394f114d19d2759d08323","isMergeCommit":true,"messageTitle":"Merge branch \u0027master\u0027 into add-command-search-student","messageBody":"","fileTypesAndContributionMap":{}}]},{"date":"2024-03-12","commitResults":[{"hash":"170e7b2f03501f79cb231583c106aba986f09cf7","isMergeCommit":false,"messageTitle":"Update SearchStudentCommand functionality","messageBody":"Updated SearchStudentCommand to include the ability to search for\nstudents based on student id, module code and tutorial class.\n","fileTypesAndContributionMap":{"functional-code":{"insertions":159,"deletions":6}}}]},{"date":"2024-03-13","commitResults":[{"hash":"2e6663c6d5c6b694929f0782ea4caf062ff3d5bb","isMergeCommit":false,"messageTitle":"Add test files for SearchStudentCommand","messageBody":"","fileTypesAndContributionMap":{"functional-code":{"insertions":11,"deletions":2},"test-code":{"insertions":712,"deletions":0}}},{"hash":"37fd4a95a2ef99d3432a6ce7eb5d4befb8cf56c0","isMergeCommit":true,"messageTitle":"Merge branch \u0027master\u0027 into add-command-search-student","messageBody":"","fileTypesAndContributionMap":{}},{"hash":"cca70d79aebe6829baa07d94877e4e3b8900acb8","isMergeCommit":false,"messageTitle":"Update checkstyle requirements","messageBody":"","fileTypesAndContributionMap":{"test-code":{"insertions":10,"deletions":26}}},{"hash":"0a99778d778532fc536424cecc2d9263608a90c6","isMergeCommit":true,"messageTitle":"Merge branch \u0027master\u0027 into add-command-search-student","messageBody":"","fileTypesAndContributionMap":{}},{"hash":"8c799186d3983f2c8f59a459c237efd349682721","isMergeCommit":true,"messageTitle":"Merge branch \u0027add-command-search-student\u0027 of https://github.com/mahadhir247/tp into add-command-search-student","messageBody":"","fileTypesAndContributionMap":{}}]},{"date":"2024-03-16","commitResults":[{"hash":"53c203ce6059979040fde7334c219f6996a92a9a","isMergeCommit":true,"messageTitle":"Merge branch \u0027master\u0027 into add-command-search-student","messageBody":"","fileTypesAndContributionMap":{}}]},{"date":"2024-03-17","commitResults":[{"hash":"dc69ca2aabb25980801247d0ab097acf1af953d2","isMergeCommit":true,"messageTitle":"Merge branch \u0027master\u0027 into add-command-search-student","messageBody":"","fileTypesAndContributionMap":{}}]},{"date":"2024-03-18","commitResults":[{"hash":"c6d17e35688981c1ed8a5489776a63a651f582d9","isMergeCommit":true,"messageTitle":"Merge branch \u0027master\u0027 into add-command-search-student","messageBody":"","fileTypesAndContributionMap":{}}]}],"whelan-low":[{"date":"2024-02-25","commitResults":[{"hash":"8ef80750b53c2f5bc5b75948023b8b9dea6d3bb2","isMergeCommit":false,"messageTitle":"Update AboutUs.md","messageBody":"","fileTypesAndContributionMap":{"docs":{"insertions":2,"deletions":2}}},{"hash":"758d9336292f5f444d18c572fda28b62cc1396d3","isMergeCommit":false,"messageTitle":"Update AboutUs.md","messageBody":"","fileTypesAndContributionMap":{"docs":{"insertions":1,"deletions":1}}},{"hash":"c59bb41cc1b3aa6fbb17955a02e8312b6c9ffb3a","isMergeCommit":false,"messageTitle":"Update AboutUs.md","messageBody":"","fileTypesAndContributionMap":{"docs":{"insertions":1,"deletions":1}}},{"hash":"c77d366cb59bb562cb3137a30dd231a1d92be3af","isMergeCommit":false,"messageTitle":"Update AboutUs.md","messageBody":"","fileTypesAndContributionMap":{"docs":{"insertions":5,"deletions":5}}},{"hash":"c67b3a97551c9b4a118d76e38cd25a515ddb9a6a","isMergeCommit":false,"messageTitle":"Update AboutUs.md","messageBody":"","fileTypesAndContributionMap":{"docs":{"insertions":5,"deletions":5}}},{"hash":"66220294ee0622a4d6b9257e20682ab23a58500d","isMergeCommit":false,"messageTitle":"Update AboutUs.md","messageBody":"","fileTypesAndContributionMap":{"docs":{"insertions":0,"deletions":2}}}]},{"date":"2024-02-29","commitResults":[{"hash":"3f01b06e9f785754de7d4ed7805e1159a883c4ef","isMergeCommit":false,"messageTitle":"Added user guide section for add and delete classes (#25)","messageBody":"","fileTypesAndContributionMap":{"docs":{"insertions":23,"deletions":2}}},{"hash":"b783a968501fdb14e2b65105b639747afb0c2a54","isMergeCommit":false,"messageTitle":"Update Use cases for developer guide (#24)","messageBody":"Co-authored-by: Jajabonks \u003c84561814+Jajared@users.noreply.github.com\u003e","fileTypesAndContributionMap":{"docs":{"insertions":18,"deletions":0}}}]},{"date":"2024-03-06","commitResults":[{"hash":"60a3a1e0579fbf92b8bcdf8128756c5017e9ebb1","isMergeCommit":false,"messageTitle":"Update User Guide add student and delete student command","messageBody":"","fileTypesAndContributionMap":{"docs":{"insertions":6,"deletions":6}}}]},{"date":"2024-03-09","commitResults":[{"hash":"ef4dd96a0af13e55cf76045de44cbc304327f87a","isMergeCommit":false,"messageTitle":"Add AddClassCommand class","messageBody":"","fileTypesAndContributionMap":{"functional-code":{"insertions":29,"deletions":9},"test-code":{"insertions":30,"deletions":0}}},{"hash":"0c65565d904d699a8214ec57932eecaa2102c495","isMergeCommit":false,"messageTitle":"Add handling of parameters for /add_class","messageBody":"","fileTypesAndContributionMap":{"functional-code":{"insertions":66,"deletions":2},"test-code":{"insertions":92,"deletions":6}}}]},{"date":"2024-03-10","commitResults":[{"hash":"7ae31e7236e4d2d85599436b17b8ffe53b57bb5c","isMergeCommit":false,"messageTitle":"Add Module and TutorialClass classes","messageBody":"","fileTypesAndContributionMap":{"functional-code":{"insertions":81,"deletions":5},"test-code":{"insertions":91,"deletions":8}}},{"hash":"399de648fdb3d7111772c28d0326de7a9ca12d6f","isMergeCommit":false,"messageTitle":"Add Logic to add tutorial classes and modules","messageBody":"","fileTypesAndContributionMap":{"functional-code":{"insertions":245,"deletions":16},"test-code":{"insertions":16,"deletions":15}}},{"hash":"703a7539ea2146c99ba5863af04667c336b22932","isMergeCommit":false,"messageTitle":"Fix style issues","messageBody":"","fileTypesAndContributionMap":{"functional-code":{"insertions":3,"deletions":3},"docs":{"insertions":1,"deletions":1}}},{"hash":"3d89047118f738d4ff4324ececf17813b630bcf5","isMergeCommit":false,"messageTitle":"Fixed more style issues","messageBody":"","fileTypesAndContributionMap":{"test-code":{"insertions":3,"deletions":1}}},{"hash":"1dfb3affdab33ed5a945207b27f27b0771c9bf7f","isMergeCommit":false,"messageTitle":"Fixed more style issues","messageBody":"","fileTypesAndContributionMap":{"functional-code":{"insertions":1,"deletions":7}}},{"hash":"bf94f62a5adcc802021c55f57cd740bea3726307","isMergeCommit":false,"messageTitle":"Fix even more style issues. TODO: add javadocs","messageBody":"","fileTypesAndContributionMap":{"functional-code":{"insertions":33,"deletions":29}}},{"hash":"88d0d056262e707dbbe4653d5671646650f80f98","isMergeCommit":false,"messageTitle":"Add even more style fixes","messageBody":"","fileTypesAndContributionMap":{"functional-code":{"insertions":8,"deletions":9}}},{"hash":"cee06faf21fc1cdceb9a5347b8b273d0ddd00e26","isMergeCommit":false,"messageTitle":"Fix more style issues","messageBody":"","fileTypesAndContributionMap":{"functional-code":{"insertions":7,"deletions":8}}}]},{"date":"2024-03-11","commitResults":[{"hash":"626880870bfde931658fe6734b16e46d531fba91","isMergeCommit":false,"messageTitle":"Add Javadocs for methods in Module and TutorialClass","messageBody":"","fileTypesAndContributionMap":{"functional-code":{"insertions":52,"deletions":1}}},{"hash":"f82695d984ea59c6e22edb4a3691db92bf680822","isMergeCommit":true,"messageTitle":"Merge branch \u0027master\u0027 into Add-Tutorial-Class","messageBody":"","fileTypesAndContributionMap":{}},{"hash":"d70796dbfb88139a7bed5aa13e84effa4a91d9fd","isMergeCommit":false,"messageTitle":"Fix more merge conflicts","messageBody":"","fileTypesAndContributionMap":{"functional-code":{"insertions":16,"deletions":14},"test-code":{"insertions":21,"deletions":24}}},{"hash":"88ca7d1a686b6af12f0727e9e434ea07543d3c4b","isMergeCommit":false,"messageTitle":"Fix whitespace issue","messageBody":"","fileTypesAndContributionMap":{"functional-code":{"insertions":0,"deletions":1}}},{"hash":"1450aaa9afdf0d6f9404a48c8aef51542feffb2a","isMergeCommit":false,"messageTitle":"Fix variable names","messageBody":"","fileTypesAndContributionMap":{"functional-code":{"insertions":6,"deletions":6}}},{"hash":"b8fa436d5f0d9090e671236dcf8b6410edea2a1d","isMergeCommit":false,"messageTitle":"Fix more formatting issues","messageBody":"","fileTypesAndContributionMap":{"functional-code":{"insertions":3,"deletions":0},"test-code":{"insertions":32,"deletions":20}}}]},{"date":"2024-03-12","commitResults":[{"hash":"3b7a48dc65fcb78f79a57dbafeb25bcd86f4be85","isMergeCommit":false,"messageTitle":"Fix ModuleCode and TutorialClass bugs","messageBody":"","fileTypesAndContributionMap":{"functional-code":{"insertions":93,"deletions":143},"test-code":{"insertions":36,"deletions":46}}},{"hash":"e151e817fbde773cc37683ba061ec15a91e149f0","isMergeCommit":false,"messageTitle":"Add more test cases","messageBody":"","fileTypesAndContributionMap":{"functional-code":{"insertions":3,"deletions":57},"test-code":{"insertions":72,"deletions":0}}},{"hash":"3bb4f38197e196686efbca96754e740403d6acb4","isMergeCommit":false,"messageTitle":"Add duplicate module handling to automatically add tutorial to already existing module instead if found","messageBody":"","fileTypesAndContributionMap":{"functional-code":{"insertions":72,"deletions":13},"test-code":{"insertions":66,"deletions":20}}},{"hash":"6a6c6a4571737499e2b80988719e8c3e1e180074","isMergeCommit":false,"messageTitle":"Add changes based on feedback","messageBody":"","fileTypesAndContributionMap":{"functional-code":{"insertions":15,"deletions":15},"other":{"insertions":1,"deletions":1},"test-code":{"insertions":17,"deletions":11}}},{"hash":"c3da28607b2edbf3296e3ea6919dce91dd691f8c","isMergeCommit":false,"messageTitle":"Add changes based on feedback","messageBody":"","fileTypesAndContributionMap":{"functional-code":{"insertions":4,"deletions":4},"test-code":{"insertions":9,"deletions":8}}}]},{"date":"2024-03-19","commitResults":[{"hash":"8de04b8b2f40837437cc96ba8c13edac18bdca8f","isMergeCommit":false,"messageTitle":"Delete class command (#76)","messageBody":"* Add delete_class functionality\r\n\r\n* Fix checkstyle issues\r\n\r\n* Fix test case\r\n\r\n* Add test cases\r\n\r\n* Fix naming convention","fileTypesAndContributionMap":{"functional-code":{"insertions":190,"deletions":24},"test-code":{"insertions":211,"deletions":12}}}]}]},"authorFileTypeContributionMap":{"qinxutan":{"docs":39,"functional-code":409,"test-code":389,"other":6},"Zack-Tay":{"docs":77,"functional-code":338,"test-code":388},"Jajared":{"docs":223,"functional-code":306,"test-code":263},"mahadhir247":{"docs":10,"functional-code":371,"test-code":625},"whelan-low":{"docs":19,"functional-code":385,"test-code":406}},"authorContributionVariance":{"qinxutan":114962.53,"Zack-Tay":46557.035,"Jajared":21320.344,"mahadhir247":23392.814,"whelan-low":36162.02},"authorDisplayNameMap":{"qinxutan":"CS2103T-T09-4 TAN ..N XU","Zack-Tay":"CS2103T-T09-4 TAY .. KAI","Jajared":"CS2103T-T09-4 JARE.. JIE","mahadhir247":"CS2103T-T09-4 MAHA..MAIL","whelan-low":"CS2103T-T09-4 LOW ..ELAN"}}
