{"authorDailyContributionsMap":{"CJerrong":[{"date":"2024-03-03","commitResults":[{"hash":"f02a2d0a5a07e38187cd8610f434e5f725149154","isMergeCommit":false,"messageTitle":"Update About Us and Ui picture","messageBody":"","fileTypesAndContributionMap":{"docs":{"insertions":49,"deletions":4}}},{"hash":"10f00743a291067923878451680da624629e54b2","isMergeCommit":true,"messageTitle":"Merge pull request #4 from gerteck/branch-UpdateDocs","messageBody":"Update project website","fileTypesAndContributionMap":{}},{"hash":"87a88394c57f15b83f341bcb6f851994633ddf41","isMergeCommit":false,"messageTitle":"Update use cases section in Developer Guide","messageBody":"","fileTypesAndContributionMap":{"docs":{"insertions":108,"deletions":12}}}]},{"date":"2024-03-05","commitResults":[{"hash":"036d5756497fd26a93719f2fc87f26408e5e142a","isMergeCommit":true,"messageTitle":"Merge pull request #24 from gerteck/update-DeveloperGuide","messageBody":"Update developer guide","fileTypesAndContributionMap":{}},{"hash":"2e43482ada9763b400f42e09929db70c6522c2b7","isMergeCommit":true,"messageTitle":"Merge branch \u0027master\u0027 into edit-developer-guide","messageBody":"","fileTypesAndContributionMap":{}},{"hash":"49c9b121c9d8b2dd4a67704315348e0732ce38d0","isMergeCommit":true,"messageTitle":"Merge pull request #22 from sdevih/edit-developer-guide","messageBody":"Update use cases section for pair and tag in Developer Guide","fileTypesAndContributionMap":{}}]}],"soons1":[{"date":"2024-03-03","commitResults":[{"hash":"f30a8776b5ab4601fbded68924fe3fbce13d53e8","isMergeCommit":false,"messageTitle":"Update AboutUs.md to include new member details","messageBody":"","fileTypesAndContributionMap":{"docs":{"insertions":51,"deletions":5}}},{"hash":"887a3e23657ba330e0aa680622b9f1795074135c","isMergeCommit":true,"messageTitle":"Merge pull request #13 from soons1/update-AboutUs","messageBody":"Update AboutUs.md to include new member details","fileTypesAndContributionMap":{}},{"hash":"1c19335afba800f27b40dffe6239ce018f0187d9","isMergeCommit":true,"messageTitle":"Merge pull request #14 from sdevih/add-sdevih-info","messageBody":"Update AboutUs and portfolio","fileTypesAndContributionMap":{}},{"hash":"8507674b9c29274ef3c50dd308b4856186617b9b","isMergeCommit":false,"messageTitle":"Update DeveloperGuide.md to include user stories and glossary","messageBody":"","fileTypesAndContributionMap":{"docs":{"insertions":19,"deletions":10}}}]}],"gerteck":[{"date":"2024-03-03","commitResults":[{"hash":"4037cfb19be6fc1c05521acbc21532b169d99e0d","isMergeCommit":false,"messageTitle":"Update project website","messageBody":"Update profile photo and name for AboutUs page.\nAlso updated site-wide settings, including in index.md and *.scss, to reflect project name.\n","fileTypesAndContributionMap":{"docs":{"insertions":56,"deletions":9}}},{"hash":"21a31a148d5d7f2ac6f0a6e953c077ea22ef5476","isMergeCommit":false,"messageTitle":"Update docs to add newline","messageBody":"","fileTypesAndContributionMap":{"docs":{"insertions":1,"deletions":1}}}]},{"date":"2024-03-04","commitResults":[{"hash":"b4d260c6e370941825c7806ce53aa7045f751d26","isMergeCommit":true,"messageTitle":"Merge pull request #21 from soons1/update-DeveloperGuide","messageBody":"Update DeveloperGuide.md to include user stories and glossary","fileTypesAndContributionMap":{}},{"hash":"1b75f60bfb23139d88faf6f59206180e4f02b7fa","isMergeCommit":false,"messageTitle":"Update user stories in Developer Guide","messageBody":"","fileTypesAndContributionMap":{"docs":{"insertions":18,"deletions":15}}},{"hash":"86c2e50996ef832c48a59a3a40a07cdd0de91a6f","isMergeCommit":false,"messageTitle":"Edit Docs title from AB3 to Elder Scrolls","messageBody":"","fileTypesAndContributionMap":{"docs":{"insertions":0,"deletions":1}}}]}],"chaaaaun":[{"date":"2024-03-03","commitResults":[{"hash":"307c8ac74efeb23293c311c2bec4b30ae3c4c492","isMergeCommit":true,"messageTitle":"Merge pull request #6 from CJerrong/branch-update-aboutUs","messageBody":"Update AboutUs and Ui picture","fileTypesAndContributionMap":{}},{"hash":"4e413ba0160af9d4ed62161fa60412d2287ad030","isMergeCommit":false,"messageTitle":"Update AboutUs.md and portfolio","messageBody":"","fileTypesAndContributionMap":{"docs":{"insertions":11,"deletions":6}}},{"hash":"80e49bc8be7a333cecdb1f0833812631172f0412","isMergeCommit":false,"messageTitle":"Update repo readme","messageBody":"","fileTypesAndContributionMap":{"docs":{"insertions":10,"deletions":10}}},{"hash":"794d33e59a811ac749585ec0e3eb9594bd466616","isMergeCommit":false,"messageTitle":"Update image name and developer guide","messageBody":"","fileTypesAndContributionMap":{"docs":{"insertions":15,"deletions":10}}}]},{"date":"2024-03-05","commitResults":[{"hash":"9bd0f7da53de82966e0c024775503d3ddf4d9271","isMergeCommit":true,"messageTitle":"Merge pull request #17 from chaaaaun/jiaen/update-dg","messageBody":"Update non functional requirements and product scope section in Developer Guide","fileTypesAndContributionMap":{}}]}],"sdevih":[{"date":"2024-03-03","commitResults":[{"hash":"a518631380a29797b3e1790b72a242ffdb8963e7","isMergeCommit":false,"messageTitle":"Update AboutUs","messageBody":"","fileTypesAndContributionMap":{"docs":{"insertions":49,"deletions":3}}},{"hash":"4e6a0af24a3912f3c38e1ad4ddd959f9a492ad5a","isMergeCommit":true,"messageTitle":"Merge pull request #7 from chaaaaun/jiaen/update-aboutus","messageBody":"Update AboutUs.md and portfolio","fileTypesAndContributionMap":{}},{"hash":"4aa1f86865e42cb00ea4ac76c8ea541f774b1322","isMergeCommit":false,"messageTitle":"Update use cases in Developer Guide","messageBody":"","fileTypesAndContributionMap":{"docs":{"insertions":37,"deletions":9}}}]},{"date":"2024-03-05","commitResults":[{"hash":"40646631cc1c9bcab0a2cbc1f1d0734ad82740fa","isMergeCommit":true,"messageTitle":"Merge pull request #18 from CJerrong/branch-dev-guide","messageBody":"Update use cases section for add, delete and view list in Developer Guide","fileTypesAndContributionMap":{}}]}]},"authorFileTypeContributionMap":{"CJerrong":{"docs":151,"functional-code":0,"test-code":0},"soons1":{"docs":66,"functional-code":0,"test-code":0},"gerteck":{"docs":61,"functional-code":0,"test-code":0,"other":1},"chaaaaun":{"docs":31,"functional-code":0,"test-code":0},"sdevih":{"docs":85,"functional-code":0,"test-code":0}},"authorContributionVariance":{"CJerrong":2286.243,"soons1":551.9097,"gerteck":399.5764,"chaaaaun":293.63885,"sdevih":733.6389},"authorDisplayNameMap":{"CJerrong":"CS2103T-T09-3 CHON..RONG","soons1":"CS2103T-T09-3 SOH .. WEI","gerteck":"CS2103T-T09-3 CHAN..TECK","chaaaaun":"CS2103T-T09-3 TU J..A EN","sdevih":"CS2103T-T09-3 S DE..ITHA"}}
