{"authorDailyContributionsMap":{"The-Dudeski":[{"date":"2024-03-04","commitResults":[{"hash":"a56a13fd995ea7e199c68df3922a2a36a019ec02","isMergeCommit":false,"messageTitle":"Modified AboutUs.md to include developer info","messageBody":"","fileTypesAndContributionMap":{"docs":{"insertions":19,"deletions":19}}}]},{"date":"2024-03-06","commitResults":[{"hash":"8a49b8be4746cb0850f3136e007708a05b149dc0","isMergeCommit":false,"messageTitle":"Updated README.md","messageBody":"","fileTypesAndContributionMap":{"docs":{"insertions":10,"deletions":9}}}]},{"date":"2024-03-09","commitResults":[{"hash":"d3fd72d8f330d663c40d08ec44e2684d0688459e","isMergeCommit":false,"messageTitle":"Update README.md","messageBody":"Co-authored-by: Miffi \u003cmiffi@decadent.rest\u003e","fileTypesAndContributionMap":{"docs":{"insertions":1,"deletions":1}}},{"hash":"8e75f55f351bfa16d8b002024382562835a69376","isMergeCommit":false,"messageTitle":"Changed AboutUs.md","messageBody":"","fileTypesAndContributionMap":{"docs":{"insertions":10,"deletions":9}}},{"hash":"aa778530123e214a3b3e90ac49a8984e9761664b","isMergeCommit":true,"messageTitle":"Merge branch \u0027AY2324S2-CS2103T-W13-2:master\u0027 into master","messageBody":"","fileTypesAndContributionMap":{}},{"hash":"ee43d4aab9b3af38c1559e3000151ca39f3064b4","isMergeCommit":true,"messageTitle":"Merge branch \u0027master\u0027 of https://github.com/The-Dudeski/tp","messageBody":"","fileTypesAndContributionMap":{}},{"hash":"66bf7ef0512eb4cbf2799d568d1011d3f3497853","isMergeCommit":true,"messageTitle":"Merge pull request #12 from The-Dudeski/master","messageBody":"Changed README.md and AboutUs.md","fileTypesAndContributionMap":{}},{"hash":"6e126a335fabee3861ca195d3800701611c1111a","isMergeCommit":false,"messageTitle":"Added Viewing Contacts to DG","messageBody":"","fileTypesAndContributionMap":{"docs":{"insertions":17,"deletions":1}}}]},{"date":"2024-03-20","commitResults":[{"hash":"198ec65b2f000fc26f2d1bef4feaf29532fb18b5","isMergeCommit":false,"messageTitle":"Changed prefixes","messageBody":"","fileTypesAndContributionMap":{"functional-code":{"insertions":11,"deletions":6}}}]},{"date":"2024-03-21","commitResults":[{"hash":"16a25385ab7352f82b4bd0b15ca1df65a2f1c088","isMergeCommit":false,"messageTitle":"Changed test cases for Tag and Untag","messageBody":"","fileTypesAndContributionMap":{"test-code":{"insertions":2,"deletions":2}}},{"hash":"96447e0a0b456755ef556480ab0f904c79a09a37","isMergeCommit":false,"messageTitle":"Fixed indentation errors","messageBody":"","fileTypesAndContributionMap":{"functional-code":{"insertions":1,"deletions":1}}}]},{"date":"2024-03-31","commitResults":[{"hash":"f22de7831ea4d9e83b6669b61672667551fd5e6f","isMergeCommit":false,"messageTitle":"Added Department","messageBody":"","fileTypesAndContributionMap":{"functional-code":{"insertions":2,"deletions":0}}},{"hash":"68d65899c98a918a061973c4ccb1e108e5cb7b9a","isMergeCommit":false,"messageTitle":"Added Department","messageBody":"","fileTypesAndContributionMap":{"functional-code":{"insertions":144,"deletions":37},"test-code":{"insertions":35,"deletions":15}}}]},{"date":"2024-04-01","commitResults":[{"hash":"1e5e349cdc85e47d58e35ef352d4923456b2aa4a","isMergeCommit":false,"messageTitle":"Fixed Issues with Optional","messageBody":"","fileTypesAndContributionMap":{"functional-code":{"insertions":60,"deletions":51}}},{"hash":"bf860f1fbcc8f7a3aa7f11a2ba94bf6ee8ba7f92","isMergeCommit":true,"messageTitle":"Merge branch \u0027master\u0027 into branch-department","messageBody":"","fileTypesAndContributionMap":{}},{"hash":"9eb4989eb324746afbaf34a4208b7223653bc600","isMergeCommit":false,"messageTitle":"Fixed Tagging Issues","messageBody":"","fileTypesAndContributionMap":{"functional-code":{"insertions":11,"deletions":16}}},{"hash":"c9855eed3820c9bfb4c3b343ceb0a4089cce1e99","isMergeCommit":true,"messageTitle":"Merge branch \u0027AY2324S2-CS2103T-W13-2:master\u0027 into branch-department","messageBody":"","fileTypesAndContributionMap":{}},{"hash":"57e9ac749fe9a3af00106b33209dce9897c4ce4c","isMergeCommit":true,"messageTitle":"Merge branch \u0027master\u0027 of https://github.com/The-Dudeski/tp","messageBody":"# Conflicts:\n#\tsrc/main/java/seedu/address/logic/commands/TagCommand.java\n#\tsrc/main/java/seedu/address/logic/parser/TagCommandParser.java\n#\tsrc/test/java/seedu/address/logic/parser/AddressBookParserTest.java\n#\tsrc/test/java/seedu/address/logic/parser/TagCommandParserTest.java\n","fileTypesAndContributionMap":{}},{"hash":"3271c0e21d70592af011f20e24527c09db3cc384","isMergeCommit":false,"messageTitle":"Fixed Issues with Untag","messageBody":"","fileTypesAndContributionMap":{"functional-code":{"insertions":7,"deletions":12}}},{"hash":"00d2792e59f5362caa26e01ef2990fb8dce287b5","isMergeCommit":false,"messageTitle":"Improved Department display label","messageBody":"","fileTypesAndContributionMap":{"functional-code":{"insertions":2,"deletions":2}}}]},{"date":"2024-04-02","commitResults":[{"hash":"ce6eeacfbfd55ab94dcfb54ad795179f63c5ff6f","isMergeCommit":false,"messageTitle":"Fixed Checkstyle","messageBody":"","fileTypesAndContributionMap":{"functional-code":{"insertions":78,"deletions":44},"test-code":{"insertions":113,"deletions":54}}},{"hash":"8921b97c005e47e14d7317b3b490d02d8abff0a4","isMergeCommit":false,"messageTitle":"Fixed all test cases","messageBody":"","fileTypesAndContributionMap":{"functional-code":{"insertions":4,"deletions":3},"test-code":{"insertions":6,"deletions":6}}}]},{"date":"2024-04-03","commitResults":[{"hash":"33d60300eb8d46d24230914005574491c0526b12","isMergeCommit":false,"messageTitle":"Changed Success Message for Addcomand","messageBody":"","fileTypesAndContributionMap":{"functional-code":{"insertions":5,"deletions":2}}},{"hash":"a368245bd32f2e05554eaf652d8de680c48cf423","isMergeCommit":false,"messageTitle":"Fixed Test case","messageBody":"","fileTypesAndContributionMap":{"test-code":{"insertions":2,"deletions":2}}},{"hash":"5f14910fb4e0d02a5a05852604c71faa0c637d02","isMergeCommit":false,"messageTitle":"Fixed AboutUs.md","messageBody":"","fileTypesAndContributionMap":{"docs":{"insertions":10,"deletions":10}}}]},{"date":"2024-04-04","commitResults":[{"hash":"f7a7d7d0d3ea127a3a727cfbd8b4bc3a7e0ea5b1","isMergeCommit":false,"messageTitle":"Fixed Tag, Untag, Edit","messageBody":"","fileTypesAndContributionMap":{"functional-code":{"insertions":70,"deletions":17},"docs":{"insertions":1,"deletions":1},"test-code":{"insertions":35,"deletions":5}}},{"hash":"41becc0994a84ca4762ad85228d67e8d961f16f8","isMergeCommit":true,"messageTitle":"Merge branch \u0027master\u0027 into branch-department","messageBody":"","fileTypesAndContributionMap":{}},{"hash":"b0c26a35c19352eda78061636ea77beab72b2bc2","isMergeCommit":false,"messageTitle":"Fixed checkstyle and test cases","messageBody":"","fileTypesAndContributionMap":{"functional-code":{"insertions":6,"deletions":3},"test-code":{"insertions":4,"deletions":10}}},{"hash":"3a7a531eaa3595b0cc2b770a627d8b6d06a18c2c","isMergeCommit":true,"messageTitle":"Fixed Merge Conflicts","messageBody":"","fileTypesAndContributionMap":{}},{"hash":"682cce0dfb8f93daf84f9e0e129ee4a93f1de0cb","isMergeCommit":false,"messageTitle":"Fixed Untag","messageBody":"","fileTypesAndContributionMap":{"functional-code":{"insertions":1,"deletions":1}}},{"hash":"fcd01436b463fae3bf6e7254fb882f2e3646ab31","isMergeCommit":false,"messageTitle":"Removed doubling","messageBody":"","fileTypesAndContributionMap":{"functional-code":{"insertions":0,"deletions":2}}},{"hash":"753daa1073bbc6c73f3f060a4dcbc0fc2c560269","isMergeCommit":false,"messageTitle":"Formatting issues","messageBody":"","fileTypesAndContributionMap":{"functional-code":{"insertions":10,"deletions":14}}}]}],"Derekljh":[{"date":"2024-03-06","commitResults":[{"hash":"a1fb0994ba5fa66848396b45e6ea1a3678a3d049","isMergeCommit":false,"messageTitle":"Add Use Case - Remove Contact","messageBody":"","fileTypesAndContributionMap":{"docs":{"insertions":4,"deletions":4}}},{"hash":"8d1468e4a804f923e145696a6b392191a9f8a1f9","isMergeCommit":false,"messageTitle":"Add user stories","messageBody":"","fileTypesAndContributionMap":{"docs":{"insertions":7,"deletions":8}}},{"hash":"212dc9656abe0b5b84abc5652bafac7799153be3","isMergeCommit":false,"messageTitle":"Add product scope","messageBody":"","fileTypesAndContributionMap":{"docs":{"insertions":4,"deletions":4}}}]},{"date":"2024-03-09","commitResults":[{"hash":"7b5d46cb7b352523035e7a393a0821f78a2824c2","isMergeCommit":true,"messageTitle":"Merge pull request #26 from miffi/use-case-tag","messageBody":"Add a use case for tagging","fileTypesAndContributionMap":{}}]},{"date":"2024-03-13","commitResults":[{"hash":"5ce658ccac48cda8189cd687065ced696cb953c7","isMergeCommit":false,"messageTitle":"Fix TagCommand","messageBody":"","fileTypesAndContributionMap":{"functional-code":{"insertions":76,"deletions":13}}},{"hash":"0321684551408f097089cc1af41cb99e1234c9fa","isMergeCommit":false,"messageTitle":"Fix TagCommand with exceptions","messageBody":"","fileTypesAndContributionMap":{"functional-code":{"insertions":5,"deletions":11}}}]},{"date":"2024-03-16","commitResults":[{"hash":"23870f423807e4e72cb67d7e0493d2687e9dcd37","isMergeCommit":false,"messageTitle":"Fix code to pass CI","messageBody":"","fileTypesAndContributionMap":{"functional-code":{"insertions":78,"deletions":63}}},{"hash":"80e9f70e94b5686bae7a627c0a2586f1e6b56455","isMergeCommit":false,"messageTitle":"Fix code to pass CI","messageBody":"","fileTypesAndContributionMap":{"functional-code":{"insertions":21,"deletions":9}}},{"hash":"b678bedf646556788e90c5610fe08f42e67c6d1b","isMergeCommit":false,"messageTitle":"Fix code to pass CI","messageBody":"","fileTypesAndContributionMap":{"functional-code":{"insertions":2,"deletions":3}}},{"hash":"f6e0074a9c5b14a41ae6fb9b81b3cc8976b72db9","isMergeCommit":false,"messageTitle":"Fix code to pass CI","messageBody":"","fileTypesAndContributionMap":{"test-code":{"insertions":0,"deletions":5}}},{"hash":"620f3ce30d8c9cc783db8fd103ead75dd027b642","isMergeCommit":false,"messageTitle":"Amend Tagging function","messageBody":"","fileTypesAndContributionMap":{"functional-code":{"insertions":28,"deletions":22}}},{"hash":"8862dc8d737be31ca5e8b398a73d38b008d10084","isMergeCommit":false,"messageTitle":"Add Tests","messageBody":"","fileTypesAndContributionMap":{"functional-code":{"insertions":3,"deletions":13},"test-code":{"insertions":166,"deletions":0}}},{"hash":"11f8429b0ac517d1b7f53ba779674d29e2520683","isMergeCommit":false,"messageTitle":"Add Tests","messageBody":"","fileTypesAndContributionMap":{"functional-code":{"insertions":4,"deletions":14},"test-code":{"insertions":164,"deletions":0}}},{"hash":"1baea652a9fadb72be5642b4b39abb07ebca1d32","isMergeCommit":true,"messageTitle":"Merge remote-tracking branch \u0027origin/Tagging-contacts\u0027 into Tagging-contacts","messageBody":"# Conflicts:\n#\tsrc/test/java/seedu/address/logic/commands/TagCommandTest.java\n#\tsrc/test/java/seedu/address/logic/parser/AddressBookParserTest.java\n#\tsrc/test/java/seedu/address/logic/parser/TagCommandParserTest.java\n","fileTypesAndContributionMap":{}}]},{"date":"2024-03-17","commitResults":[{"hash":"28eb7538933400177dc0c0c04f0d7b9029d4f0a9","isMergeCommit":false,"messageTitle":"Amend code for CI","messageBody":"","fileTypesAndContributionMap":{"test-code":{"insertions":1,"deletions":1}}},{"hash":"84fb795913373f29fe99bebf800ed9494f6fa685","isMergeCommit":false,"messageTitle":"Amend code for tests","messageBody":"","fileTypesAndContributionMap":{"functional-code":{"insertions":1,"deletions":1},"test-code":{"insertions":1,"deletions":2}}},{"hash":"93b3b7b820417b6326cdca1cbf064d360b98cf52","isMergeCommit":false,"messageTitle":"Amend code for tests v2","messageBody":"","fileTypesAndContributionMap":{"functional-code":{"insertions":11,"deletions":1},"test-code":{"insertions":2,"deletions":1}}}]},{"date":"2024-03-18","commitResults":[{"hash":"6e46c5e71fa8620e81b1d9fbd24e05062a9a1463","isMergeCommit":false,"messageTitle":"Amend code for tests v3","messageBody":"","fileTypesAndContributionMap":{"test-code":{"insertions":2,"deletions":2}}},{"hash":"25a5f5e52a5558551e63d6b053d52ccc41c576fd","isMergeCommit":false,"messageTitle":"Amend code for tests v4","messageBody":"","fileTypesAndContributionMap":{"test-code":{"insertions":1,"deletions":1}}}]},{"date":"2024-03-19","commitResults":[{"hash":"b13f80087067eac080ac8d83bae9c4b3996d7c16","isMergeCommit":false,"messageTitle":"Amend code for CI","messageBody":"","fileTypesAndContributionMap":{"test-code":{"insertions":1,"deletions":1}}}]},{"date":"2024-03-21","commitResults":[{"hash":"424a123e27985e842f98836d1b78e419fede3951","isMergeCommit":false,"messageTitle":"Change error messages","messageBody":"","fileTypesAndContributionMap":{"functional-code":{"insertions":4,"deletions":4}}},{"hash":"a12a4f105180855611e64f15cb5c71ffdbcb7ce6","isMergeCommit":true,"messageTitle":"Merge pull request #55 from Derekljh/master","messageBody":"Change error messages","fileTypesAndContributionMap":{}},{"hash":"819d2775c570858b6160a080ac7fa6cff665754e","isMergeCommit":false,"messageTitle":"Add UML diagram for TagCommand","messageBody":"","fileTypesAndContributionMap":{"docs":{"insertions":5,"deletions":0}}},{"hash":"d4159e3cea42864ef1d4675147a25df6bf2f683f","isMergeCommit":true,"messageTitle":"Merge pull request #59 from Derekljh/master","messageBody":"Add UML diagram for TagCommand","fileTypesAndContributionMap":{}}]},{"date":"2024-03-22","commitResults":[{"hash":"4448bd7d972a51befaa602e10c44d4589de6ba53","isMergeCommit":false,"messageTitle":"Move puml file for TagCommand under Diagram folder and add to git revision","messageBody":"","fileTypesAndContributionMap":{"docs":{"insertions":67,"deletions":0}}},{"hash":"38bf1de89fced7d4c648289f3dc44b5a46621a09","isMergeCommit":false,"messageTitle":"Fix for CI","messageBody":"","fileTypesAndContributionMap":{"docs":{"insertions":1,"deletions":1}}},{"hash":"09ed52ade1e477dd7742b253a03e8d536ff22448","isMergeCommit":true,"messageTitle":"Merge pull request #60 from Derekljh/master","messageBody":"Move puml file for TagCommand under Diagram folder and add to git rev…","fileTypesAndContributionMap":{}}]},{"date":"2024-03-25","commitResults":[{"hash":"2607da28ed9a799c6ad77e333de72abddfe88f0d","isMergeCommit":false,"messageTitle":"Add Mail function","messageBody":"","fileTypesAndContributionMap":{"functional-code":{"insertions":145,"deletions":0}}},{"hash":"482d452d2d19c693ec8c5761b65c8a27a4f862ed","isMergeCommit":false,"messageTitle":"Add opening default mail in your desktop","messageBody":"","fileTypesAndContributionMap":{"functional-code":{"insertions":15,"deletions":2}}}]},{"date":"2024-03-26","commitResults":[{"hash":"19543739d517b9bd7f3c174c5c86c88470f78705","isMergeCommit":false,"messageTitle":"Add tests for CI and message for empty list","messageBody":"","fileTypesAndContributionMap":{"functional-code":{"insertions":11,"deletions":4},"test-code":{"insertions":211,"deletions":0}}},{"hash":"45aa78272fd8e011f0c0b11a71f049d6263380a2","isMergeCommit":false,"messageTitle":"Fix import statement order","messageBody":"","fileTypesAndContributionMap":{"functional-code":{"insertions":6,"deletions":7}}},{"hash":"c3ce9e7d0637589d96a103415b3af82951b728b6","isMergeCommit":false,"messageTitle":"Fix coding style error","messageBody":"","fileTypesAndContributionMap":{"test-code":{"insertions":2,"deletions":2}}},{"hash":"c23d44c7d27b5866989a25d6d1b00bf05681dbcb","isMergeCommit":false,"messageTitle":"Fix tests for CI","messageBody":"","fileTypesAndContributionMap":{"test-code":{"insertions":0,"deletions":11}}},{"hash":"db41ff21d9657ac26f109029199701d5a848eda5","isMergeCommit":false,"messageTitle":"Fix tests for CI","messageBody":"","fileTypesAndContributionMap":{"test-code":{"insertions":1,"deletions":1}}},{"hash":"3ac8fa1523c038ae5a3367df9847d68b71bc0f3e","isMergeCommit":false,"messageTitle":"Fix parseCommand_mail","messageBody":"","fileTypesAndContributionMap":{"test-code":{"insertions":4,"deletions":4}}},{"hash":"7c2100349376d2c2088f9b94c66df66630b9dc03","isMergeCommit":false,"messageTitle":"Fix import statements","messageBody":"","fileTypesAndContributionMap":{"test-code":{"insertions":0,"deletions":3}}}]},{"date":"2024-03-27","commitResults":[{"hash":"cedbe3450db20cdd5db26a10fe4515ffe7ce9c45","isMergeCommit":true,"messageTitle":"Merge pull request #69 from Derekljh/Mail-contacts","messageBody":"Mail contacts","fileTypesAndContributionMap":{}}]},{"date":"2024-03-30","commitResults":[{"hash":"bac257ede12b9b50064e0afb8fe58ddabb4d6457","isMergeCommit":false,"messageTitle":"Change UserGuide URL and window name","messageBody":"","fileTypesAndContributionMap":{"functional-code":{"insertions":2,"deletions":2}}},{"hash":"1bd287b74b6a0c41d2bbc1e96e0daa9150966169","isMergeCommit":true,"messageTitle":"Merge pull request #74 from Derekljh/Mail-contacts","messageBody":"Change UserGuide URL and window name","fileTypesAndContributionMap":{}}]},{"date":"2024-04-02","commitResults":[{"hash":"25f19b082ef673af43301ab593902ce05273ebd5","isMergeCommit":false,"messageTitle":"Add copy phone number to clipboard function","messageBody":"","fileTypesAndContributionMap":{"functional-code":{"insertions":111,"deletions":0},"test-code":{"insertions":117,"deletions":2}}},{"hash":"8c21c0a01e2dfa45213af74aad30d6bb0a7a07fa","isMergeCommit":false,"messageTitle":"Fix import statements","messageBody":"","fileTypesAndContributionMap":{"functional-code":{"insertions":3,"deletions":2}}},{"hash":"5326befa61ef08f19878e55961ccb6adabc70c57","isMergeCommit":false,"messageTitle":"Fix import statements","messageBody":"","fileTypesAndContributionMap":{"functional-code":{"insertions":5,"deletions":5}}},{"hash":"4073ed5ecc53ca9f7f189846400a09094c27874d","isMergeCommit":false,"messageTitle":"Fix import statements","messageBody":"","fileTypesAndContributionMap":{"functional-code":{"insertions":4,"deletions":4}}},{"hash":"79125ae5fc651098929b93994d7ecfa55142e6d5","isMergeCommit":false,"messageTitle":"Fix import statements","messageBody":"","fileTypesAndContributionMap":{"test-code":{"insertions":15,"deletions":15}}},{"hash":"92f0d859105ffc52e2453f3a6b617eeeccf2db17","isMergeCommit":true,"messageTitle":"Merge pull request #83 from Derekljh/master","messageBody":"Add copy phone number to clipboard function","fileTypesAndContributionMap":{}}]},{"date":"2024-04-04","commitResults":[{"hash":"f0c6bcb7f8fdf0c0288944b18cdc2250ece75b75","isMergeCommit":false,"messageTitle":"Update user guide for tag, mail, phone command","messageBody":"","fileTypesAndContributionMap":{"docs":{"insertions":40,"deletions":5}}},{"hash":"e6dcbb8afc85b3458d565eea1e159dfb1319f3e8","isMergeCommit":true,"messageTitle":"Merge pull request #87 from Derekljh/master","messageBody":"Update user guide for tag, mail, phone command","fileTypesAndContributionMap":{}}]},{"date":"2024-04-09","commitResults":[{"hash":"29f21191fd40477ceabf5ad1ad2e61406754b3de","isMergeCommit":false,"messageTitle":"Fix Phone Command Message_Usage","messageBody":"","fileTypesAndContributionMap":{"functional-code":{"insertions":1,"deletions":1}}},{"hash":"f1fa4614ebf1e6c4c924c0cad1827d9816820183","isMergeCommit":true,"messageTitle":"Merge pull request #152 from Derekljh/master","messageBody":"Fix Phone Command Message_Usage","fileTypesAndContributionMap":{}},{"hash":"bced735c81bc157f71aaeec8ec5753203aac6f4e","isMergeCommit":false,"messageTitle":"Fix User Guide for Tag Command","messageBody":"","fileTypesAndContributionMap":{"docs":{"insertions":5,"deletions":4}}},{"hash":"92fbd6cb19d343f6ebfdc7adecdaaf6962b21acc","isMergeCommit":false,"messageTitle":"Make User Guide for Tag Command more detailed","messageBody":"","fileTypesAndContributionMap":{"docs":{"insertions":3,"deletions":3}}},{"hash":"b5cf7ac26165d513b0e07c1be3b5f66179501394","isMergeCommit":false,"messageTitle":"Update Screenshots for User Guide","messageBody":"","fileTypesAndContributionMap":{"docs":{"insertions":14,"deletions":10}}},{"hash":"cc922e776a9cf7c467b5d0904c08eaa2d8e8e25a","isMergeCommit":false,"messageTitle":"Update Screenshots for User Guide","messageBody":"","fileTypesAndContributionMap":{"docs":{"insertions":4,"deletions":4}}}]}],"radeon2525":[{"date":"2024-03-07","commitResults":[{"hash":"c26e91116edc3b8c920a84a5f1b343e14c6c87a7","isMergeCommit":false,"messageTitle":"Added non functional requirements","messageBody":"","fileTypesAndContributionMap":{"docs":{"insertions":138,"deletions":74}}},{"hash":"a804a00762f779d62d05e6459d9d1aecd1af82c0","isMergeCommit":false,"messageTitle":"Add use case-add contacts","messageBody":"","fileTypesAndContributionMap":{"docs":{"insertions":19,"deletions":1}}}]},{"date":"2024-03-09","commitResults":[{"hash":"11fdeedeb47cb3cf3fe23d1617d451ade9096aed","isMergeCommit":true,"messageTitle":"Merge branch \u0027master\u0027 into add-contacts","messageBody":"","fileTypesAndContributionMap":{}},{"hash":"812cbde3bffc72892e26ff97e41b2cdd1d785d0a","isMergeCommit":true,"messageTitle":"Merge pull request #24 from radeon2525/add-contacts","messageBody":"Add use case-add contacts","fileTypesAndContributionMap":{}}]},{"date":"2024-03-11","commitResults":[{"hash":"fa39c44099ab9fe131e2f269152c852ebda35feb","isMergeCommit":false,"messageTitle":"Add TagCommand","messageBody":"","fileTypesAndContributionMap":{"functional-code":{"insertions":58,"deletions":0},"test-code":{"insertions":5,"deletions":0}}}]},{"date":"2024-03-16","commitResults":[{"hash":"f4d8a6c8c2485572c39d944c128f3998a18ab7d0","isMergeCommit":false,"messageTitle":"Add test cases for AddCommand and LogicManager","messageBody":"","fileTypesAndContributionMap":{"functional-code":{"insertions":0,"deletions":1},"test-code":{"insertions":40,"deletions":1}}},{"hash":"55783b650b8ad6a292172724d7badc50bd48743c","isMergeCommit":false,"messageTitle":"Fix style issues","messageBody":"","fileTypesAndContributionMap":{"test-code":{"insertions":1,"deletions":3}}},{"hash":"c04b00c60e48bd4cd84b605114e831d4d4e06192","isMergeCommit":false,"messageTitle":"FIx unused import statement","messageBody":"","fileTypesAndContributionMap":{"test-code":{"insertions":0,"deletions":2}}}]},{"date":"2024-03-18","commitResults":[{"hash":"68933d1ab2212d4f62d166ec877b936d920cee05","isMergeCommit":true,"messageTitle":"Merge pull request #40 from radeon2525/add-contacts-1.2","messageBody":"Add test cases for AddCommand and LogicManager","fileTypesAndContributionMap":{}},{"hash":"ac4c9b909115aa9a4281827909beaa6b9ae4c916","isMergeCommit":false,"messageTitle":"Add undo and redo functionality","messageBody":"","fileTypesAndContributionMap":{"functional-code":{"insertions":422,"deletions":29},"test-code":{"insertions":83,"deletions":32}}},{"hash":"983cb8e8fdabef88080208c6364d4be83e1511af","isMergeCommit":false,"messageTitle":"Fix style issues","messageBody":"","fileTypesAndContributionMap":{"functional-code":{"insertions":230,"deletions":233}}},{"hash":"e9476ac55707935d9570ee974be6ef7c21249e92","isMergeCommit":false,"messageTitle":"Fix InvalidationListenerManager style","messageBody":"","fileTypesAndContributionMap":{"functional-code":{"insertions":48,"deletions":48}}},{"hash":"5dca2e8725da1c28505eb6d36976d54bde04a13b","isMergeCommit":false,"messageTitle":"Add newline","messageBody":"","fileTypesAndContributionMap":{"functional-code":{"insertions":1,"deletions":2}}},{"hash":"90ec28516205a7bc34e319595d029c62bf6333b4","isMergeCommit":false,"messageTitle":"Style fixes","messageBody":"","fileTypesAndContributionMap":{"functional-code":{"insertions":2,"deletions":2}}},{"hash":"aebc14aa8c3ccbb0d43be5b2aa7ceda5bca31bad","isMergeCommit":false,"messageTitle":"Fix style errors","messageBody":"","fileTypesAndContributionMap":{"functional-code":{"insertions":15,"deletions":14}}},{"hash":"dc7983f931203fdaf1b780c854adf86d626c028a","isMergeCommit":false,"messageTitle":"Add import statements in AddressBookParser","messageBody":"","fileTypesAndContributionMap":{"functional-code":{"insertions":3,"deletions":0}}},{"hash":"25bdcac4f211c5e3fb39c9e098657218fb757102","isMergeCommit":false,"messageTitle":"Fix import statement ordering","messageBody":"","fileTypesAndContributionMap":{"functional-code":{"insertions":3,"deletions":3}}},{"hash":"899d0fb03035dd0133b8c746aee8c1703705c71b","isMergeCommit":false,"messageTitle":"Fix lexicographic ordering","messageBody":"","fileTypesAndContributionMap":{"functional-code":{"insertions":2,"deletions":2}}},{"hash":"088cff83b530d37ce817429ef562d613438f6e66","isMergeCommit":false,"messageTitle":"Change execute method","messageBody":"","fileTypesAndContributionMap":{"functional-code":{"insertions":1,"deletions":1},"test-code":{"insertions":11,"deletions":11}}},{"hash":"dd267c44a0ddb442d142ec95c116885e99d88d48","isMergeCommit":false,"messageTitle":"Remove unused statement","messageBody":"","fileTypesAndContributionMap":{"functional-code":{"insertions":0,"deletions":1}}},{"hash":"cc867e6fb49349bd59f10485756a7e3ff36063df","isMergeCommit":false,"messageTitle":"Change AddCommandTest","messageBody":"","fileTypesAndContributionMap":{"test-code":{"insertions":260,"deletions":26}}},{"hash":"ac7ac9d5cecff50c669d158aeb96f181d702f158","isMergeCommit":true,"messageTitle":"Merge branch \u0027master\u0027 into undo-redo","messageBody":"","fileTypesAndContributionMap":{}},{"hash":"4ac5daa7c5581d21b3cef7024df90d4a7ec50689","isMergeCommit":false,"messageTitle":"Fix testcase","messageBody":"","fileTypesAndContributionMap":{"test-code":{"insertions":1,"deletions":1}}},{"hash":"1ae34ce0eee259b67c9ca5e0fd09582eb2c1f64e","isMergeCommit":true,"messageTitle":"Merge branch \u0027undo-redo\u0027 of https://github.com/radeon2525/tp into undo-redo","messageBody":"","fileTypesAndContributionMap":{}},{"hash":"11c7fec6e5f00242e20eb702a0a6c37b225741b7","isMergeCommit":false,"messageTitle":"Fix testcase","messageBody":"","fileTypesAndContributionMap":{"test-code":{"insertions":2,"deletions":1}}},{"hash":"ea0bca007fbb05f8f9025b2ee40205808be8685e","isMergeCommit":false,"messageTitle":"Fix style issues","messageBody":"","fileTypesAndContributionMap":{"test-code":{"insertions":14,"deletions":248}}},{"hash":"c1d343aa34141dc0351a15b999f8cbab498ae4a2","isMergeCommit":false,"messageTitle":"Fix bugs","messageBody":"","fileTypesAndContributionMap":{"test-code":{"insertions":102,"deletions":105}}}]},{"date":"2024-03-19","commitResults":[{"hash":"f3a672825d7fd5428c9dc8bc1324759514a37900","isMergeCommit":false,"messageTitle":"Fix style issues","messageBody":"","fileTypesAndContributionMap":{"test-code":{"insertions":11,"deletions":21}}},{"hash":"2d1e4739829d86b2dc8682e3365a0d4cd3e15ee9","isMergeCommit":false,"messageTitle":"Fix styling","messageBody":"","fileTypesAndContributionMap":{"test-code":{"insertions":3,"deletions":3}}},{"hash":"b6890cc0986cfb6f9066c35f7174aeeb7995799b","isMergeCommit":false,"messageTitle":"Fix styling","messageBody":"","fileTypesAndContributionMap":{"test-code":{"insertions":0,"deletions":49}}},{"hash":"ca336496439723ecf3b60706776edfca565156d4","isMergeCommit":false,"messageTitle":"Fix styling","messageBody":"","fileTypesAndContributionMap":{"test-code":{"insertions":0,"deletions":50}}},{"hash":"ec38dcb8cff1fad9c2e0049629193240b1530423","isMergeCommit":false,"messageTitle":"Remove redundant methods","messageBody":"","fileTypesAndContributionMap":{"functional-code":{"insertions":2,"deletions":30}}},{"hash":"32a0b0a1ccb6863c0875578fe8f3cb2f40a0d379","isMergeCommit":false,"messageTitle":"Fix","messageBody":"","fileTypesAndContributionMap":{"functional-code":{"insertions":0,"deletions":1}}},{"hash":"aae418a367e0e6ed1694073ab92f4ebca30131d8","isMergeCommit":false,"messageTitle":"Add CommandHistoryTest","messageBody":"","fileTypesAndContributionMap":{"test-code":{"insertions":79,"deletions":0}}},{"hash":"15d8644709215cb75afe2ddac2be30f26d140419","isMergeCommit":false,"messageTitle":"Fix","messageBody":"","fileTypesAndContributionMap":{"test-code":{"insertions":2,"deletions":2}}},{"hash":"c9cb32ebb2f4051074ef74828fda9bc2230880fe","isMergeCommit":false,"messageTitle":"Add InvalidationListenerManagerTest","messageBody":"","fileTypesAndContributionMap":{"functional-code":{"insertions":37,"deletions":0},"test-code":{"insertions":72,"deletions":0}}},{"hash":"f9c2030eb89e2c3f0c2c63beeb72849b82f6e49e","isMergeCommit":false,"messageTitle":"Fix style issues","messageBody":"","fileTypesAndContributionMap":{"test-code":{"insertions":72,"deletions":72}}},{"hash":"b78b4324d994951f106f711c3ca52182eb9c428f","isMergeCommit":false,"messageTitle":"Add VersionedAddressBookTest","messageBody":"","fileTypesAndContributionMap":{"test-code":{"insertions":298,"deletions":0}}},{"hash":"cb7b917887fe25972992ce5d134e8fd2c5535329","isMergeCommit":false,"messageTitle":"Change ModelManagerTest","messageBody":"","fileTypesAndContributionMap":{"test-code":{"insertions":1,"deletions":0}}},{"hash":"a985704ac3138e392efc025dbcd69b6bb70b7a39","isMergeCommit":false,"messageTitle":"Add tests for Undo and Redo","messageBody":"","fileTypesAndContributionMap":{"test-code":{"insertions":103,"deletions":0}}},{"hash":"a0470da22626b42bb8d682e764de26921bbdebb6","isMergeCommit":false,"messageTitle":"Add tests","messageBody":"","fileTypesAndContributionMap":{"test-code":{"insertions":43,"deletions":0}}},{"hash":"1e95263915ba8eb6fd35407b8dc4377a6aa6f2da","isMergeCommit":false,"messageTitle":"Fix","messageBody":"","fileTypesAndContributionMap":{"test-code":{"insertions":0,"deletions":1}}},{"hash":"9ab1f0b5c5292810b7dc200971510c5ac69a982c","isMergeCommit":false,"messageTitle":"Remove redundant method","messageBody":"","fileTypesAndContributionMap":{"functional-code":{"insertions":1,"deletions":31}}},{"hash":"9b22ee25b6d4472c5f37223d4da33cdd7340d148","isMergeCommit":false,"messageTitle":"Add testcase","messageBody":"","fileTypesAndContributionMap":{"functional-code":{"insertions":0,"deletions":8},"test-code":{"insertions":13,"deletions":8}}},{"hash":"c815e5fe278e85845ef6748391face3effbf9af3","isMergeCommit":false,"messageTitle":"Fix","messageBody":"","fileTypesAndContributionMap":{"test-code":{"insertions":11,"deletions":1}}},{"hash":"78b4f6553c7b75e47d315c1f7683de76644e241d","isMergeCommit":false,"messageTitle":"Fix","messageBody":"","fileTypesAndContributionMap":{"test-code":{"insertions":1,"deletions":1}}},{"hash":"19ba4a69a6c02f1942a74a8b01b04549b66ca106","isMergeCommit":false,"messageTitle":"fix","messageBody":"","fileTypesAndContributionMap":{"test-code":{"insertions":2,"deletions":2}}},{"hash":"7a60849c79d5798c1310e6e16453dc9b237868df","isMergeCommit":false,"messageTitle":"Fix","messageBody":"","fileTypesAndContributionMap":{"test-code":{"insertions":94,"deletions":1}}},{"hash":"997ec6b0e532b83a80f180a5674506ec073b3438","isMergeCommit":false,"messageTitle":"Fix","messageBody":"","fileTypesAndContributionMap":{"test-code":{"insertions":12,"deletions":12}}},{"hash":"b33bde607f5658aa8e6cbe66e23727a1af98eccf","isMergeCommit":false,"messageTitle":"Fix","messageBody":"","fileTypesAndContributionMap":{"test-code":{"insertions":13,"deletions":11}}},{"hash":"ef64296a734d40f51839ab384e9e81a43b3e7f9a","isMergeCommit":false,"messageTitle":"fix","messageBody":"","fileTypesAndContributionMap":{"test-code":{"insertions":1,"deletions":2}}},{"hash":"41b41cdba3eb64fe4e30621942ee10d5c5112a88","isMergeCommit":false,"messageTitle":"fix","messageBody":"","fileTypesAndContributionMap":{"test-code":{"insertions":1,"deletions":0}}}]},{"date":"2024-03-20","commitResults":[{"hash":"dc871e7befcf475f221fbd33b44f7fa229f63323","isMergeCommit":false,"messageTitle":"Fixed indicateModified method","messageBody":"","fileTypesAndContributionMap":{"functional-code":{"insertions":25,"deletions":12}}},{"hash":"87d0913c9d38635dff5f3d1c1a9b9fbaea14aa53","isMergeCommit":false,"messageTitle":"Fix","messageBody":"","fileTypesAndContributionMap":{"functional-code":{"insertions":0,"deletions":1}}},{"hash":"fc45214f00eb253f59e8352cb164dd6203392790","isMergeCommit":true,"messageTitle":"Merge branch \u0027master\u0027 into undo-redo","messageBody":"","fileTypesAndContributionMap":{}},{"hash":"23f834e96cf11422d1c104f00e06a34a10c5962f","isMergeCommit":false,"messageTitle":"Fix Tagging","messageBody":"","fileTypesAndContributionMap":{"functional-code":{"insertions":18,"deletions":7},"test-code":{"insertions":6,"deletions":26}}},{"hash":"6d5c7d665d48f5ace5b1cc10faaa883314f8da34","isMergeCommit":false,"messageTitle":"fix","messageBody":"","fileTypesAndContributionMap":{"functional-code":{"insertions":1,"deletions":1}}},{"hash":"abea10f995c101f39689a5cd37f801981e0804af","isMergeCommit":false,"messageTitle":"fix","messageBody":"","fileTypesAndContributionMap":{"test-code":{"insertions":4,"deletions":4}}},{"hash":"e4458c5c336c1752393da22b1fad6e8a69bad0c7","isMergeCommit":false,"messageTitle":"fix","messageBody":"","fileTypesAndContributionMap":{"test-code":{"insertions":1,"deletions":1}}},{"hash":"139548a0eef87061f5aab0b87e5db8c9b266fdaa","isMergeCommit":false,"messageTitle":"Add tests","messageBody":"","fileTypesAndContributionMap":{"functional-code":{"insertions":3,"deletions":3},"test-code":{"insertions":69,"deletions":0}}},{"hash":"e0b5b6b5126fc1046a7f21c5cd9812bd629eb1ee","isMergeCommit":false,"messageTitle":"fix","messageBody":"","fileTypesAndContributionMap":{"functional-code":{"insertions":1,"deletions":1}}},{"hash":"5148f5536ab841e27a35462d03a1ba99e4be7211","isMergeCommit":false,"messageTitle":"fix","messageBody":"","fileTypesAndContributionMap":{"test-code":{"insertions":3,"deletions":2}}},{"hash":"e377c0a3c5d7391735e9410cd9978094903f451b","isMergeCommit":false,"messageTitle":"fix","messageBody":"","fileTypesAndContributionMap":{"test-code":{"insertions":2,"deletions":2}}},{"hash":"0d6ba9adca101603ab673db46c79e2773fc9daa0","isMergeCommit":true,"messageTitle":"Merge pull request #48 from radeon2525/undo-redo","messageBody":"Add undo and redo functionality","fileTypesAndContributionMap":{}}]},{"date":"2024-03-21","commitResults":[{"hash":"d985b4372addafaa126e6c6bf3abffab38c038b3","isMergeCommit":false,"messageTitle":"Fix for tag and untag","messageBody":"","fileTypesAndContributionMap":{"functional-code":{"insertions":2,"deletions":0}}},{"hash":"e015b64ee886665a795d0ed839fd6ce141ab5273","isMergeCommit":false,"messageTitle":"fix","messageBody":"","fileTypesAndContributionMap":{"test-code":{"insertions":0,"deletions":18}}},{"hash":"ffb79e262a0c5546ed782f0d443b6b17ee623209","isMergeCommit":false,"messageTitle":"fix","messageBody":"","fileTypesAndContributionMap":{"test-code":{"insertions":0,"deletions":3}}},{"hash":"0f2044b809eb507c77ac89afce201c26474ebeb0","isMergeCommit":true,"messageTitle":"Merge pull request #57 from radeon2525/master","messageBody":"Fix for tag and untag","fileTypesAndContributionMap":{}}]},{"date":"2024-03-22","commitResults":[{"hash":"e8a163c0a62206a9ce4f9b73769c18b4da406264","isMergeCommit":false,"messageTitle":"Add puml files for undo and redo","messageBody":"","fileTypesAndContributionMap":{"docs":{"insertions":36,"deletions":0}}},{"hash":"e9fc989eac058d8de63d81f7ba332e453deb9b38","isMergeCommit":false,"messageTitle":"style fix","messageBody":"","fileTypesAndContributionMap":{"docs":{"insertions":36,"deletions":36}}},{"hash":"4f531a68833ccd4ed5cf279c987df7febce78643","isMergeCommit":true,"messageTitle":"Merge pull request #61 from radeon2525/master","messageBody":"Add puml files for undo and redo","fileTypesAndContributionMap":{}}]},{"date":"2024-03-26","commitResults":[{"hash":"e294d81328b64f872b9b47935fe39ef34008f991","isMergeCommit":false,"messageTitle":"Add massops to delete command","messageBody":"","fileTypesAndContributionMap":{"functional-code":{"insertions":152,"deletions":62},"test-code":{"insertions":65,"deletions":20}}},{"hash":"98cc66b343014068e253c7e5c55b74797f2c5f2b","isMergeCommit":false,"messageTitle":"FIx","messageBody":"","fileTypesAndContributionMap":{"functional-code":{"insertions":2,"deletions":2}}},{"hash":"21ddd8d362bf474c09082780aceebb4370efa8ee","isMergeCommit":false,"messageTitle":"style fix","messageBody":"","fileTypesAndContributionMap":{"functional-code":{"insertions":25,"deletions":74}}},{"hash":"f1b493244a42bca4ec9841b9b197166939456148","isMergeCommit":false,"messageTitle":"fix","messageBody":"","fileTypesAndContributionMap":{"functional-code":{"insertions":12,"deletions":9}}},{"hash":"5434ab854be249d0540c2c6799cee371a050f630","isMergeCommit":false,"messageTitle":"fix","messageBody":"","fileTypesAndContributionMap":{"functional-code":{"insertions":1,"deletions":3}}},{"hash":"dc3aa5200329a8685628205dd2ade5154e232b63","isMergeCommit":false,"messageTitle":"fix","messageBody":"","fileTypesAndContributionMap":{"test-code":{"insertions":5,"deletions":5}}},{"hash":"32fd5685b88bbed9ef59614069c77705eb25600d","isMergeCommit":false,"messageTitle":"fix","messageBody":"","fileTypesAndContributionMap":{"test-code":{"insertions":1,"deletions":0}}},{"hash":"028832ff1005a7cedc04ef418e69849f73b3e247","isMergeCommit":false,"messageTitle":"Add tests","messageBody":"","fileTypesAndContributionMap":{"functional-code":{"insertions":1,"deletions":1},"test-code":{"insertions":39,"deletions":0}}},{"hash":"b98419efe858d4a9f1d53308ce4aba1c9ea78732","isMergeCommit":true,"messageTitle":"Merge branch \u0027master\u0027 into mass-ops","messageBody":"","fileTypesAndContributionMap":{}},{"hash":"1c4885f465099ade7c6b647638f34940690c7cbd","isMergeCommit":false,"messageTitle":"fix","messageBody":"","fileTypesAndContributionMap":{"test-code":{"insertions":4,"deletions":2}}},{"hash":"db18ab2c7401fa243a4cdda4fa0020ee6284f2ed","isMergeCommit":true,"messageTitle":"Merge branch \u0027mass-ops\u0027 of https://github.com/radeon2525/tp into mass-ops","messageBody":"","fileTypesAndContributionMap":{}},{"hash":"5bd7f3afada452188a47acb6b4e36818d5d144d2","isMergeCommit":false,"messageTitle":"fix","messageBody":"","fileTypesAndContributionMap":{"test-code":{"insertions":1,"deletions":2}}},{"hash":"351adaab4a81be40b50b97d092bea42114d3f5e8","isMergeCommit":false,"messageTitle":"fix","messageBody":"","fileTypesAndContributionMap":{"test-code":{"insertions":6,"deletions":6}}},{"hash":"4ef659376dc7c7d34219a9b8bcc659388e26622e","isMergeCommit":false,"messageTitle":"fix","messageBody":"","fileTypesAndContributionMap":{"test-code":{"insertions":2,"deletions":2}}}]},{"date":"2024-03-27","commitResults":[{"hash":"ccd9143863d28ef7f73f2ce5585add1c0781a3dd","isMergeCommit":true,"messageTitle":"Merge pull request #70 from radeon2525/mass-ops","messageBody":"Add mass-ops","fileTypesAndContributionMap":{}}]},{"date":"2024-03-29","commitResults":[{"hash":"7098d36a83ab8f2fb819faa017c416c5271ca9a8","isMergeCommit":false,"messageTitle":"Add logging","messageBody":"","fileTypesAndContributionMap":{"functional-code":{"insertions":9,"deletions":0},"other":{"insertions":4,"deletions":0}}},{"hash":"1068dce38d7129f789a840cfe456eed8b4e826b2","isMergeCommit":false,"messageTitle":"fix","messageBody":"","fileTypesAndContributionMap":{"functional-code":{"insertions":4,"deletions":2}}},{"hash":"babb4f8db157cd413b3bf432cd677ef1e8e3ff9b","isMergeCommit":false,"messageTitle":"fix","messageBody":"","fileTypesAndContributionMap":{"functional-code":{"insertions":5,"deletions":5}}},{"hash":"9e0b1648e08c77fbfd9108fa90b1fc8d43e986f3","isMergeCommit":false,"messageTitle":"fix","messageBody":"","fileTypesAndContributionMap":{"functional-code":{"insertions":0,"deletions":2}}},{"hash":"0e25bf1b50313d3a8b43185ef2330160c8497d84","isMergeCommit":true,"messageTitle":"Merge pull request #71 from radeon2525/mass-ops","messageBody":"Add logging","tags":["v1.3.1"],"fileTypesAndContributionMap":{}}]},{"date":"2024-03-31","commitResults":[{"hash":"645c3619a554b0cebf9c8320838b62634e2fe211","isMergeCommit":false,"messageTitle":"Update user guide","messageBody":"","fileTypesAndContributionMap":{"docs":{"insertions":4,"deletions":4}}},{"hash":"cf81d2b35060763fe8fe236be3818577b1ac16a7","isMergeCommit":true,"messageTitle":"Merge pull request #75 from radeon2525/mass-ops","messageBody":"Update user guide","fileTypesAndContributionMap":{}},{"hash":"716ffa1f6f1fc72e2116b5d4b4f392db9ac88e49","isMergeCommit":false,"messageTitle":"Add massops to tagging","messageBody":"","fileTypesAndContributionMap":{"functional-code":{"insertions":53,"deletions":28},"test-code":{"insertions":12,"deletions":22}}},{"hash":"dad0e3a0ac0c0c4013fcfe2eef699935ed14892f","isMergeCommit":false,"messageTitle":"fix","messageBody":"","fileTypesAndContributionMap":{"test-code":{"insertions":2,"deletions":2}}},{"hash":"591a72a0bdcdc3bd2b5e64d2b2ff3587bf44a59c","isMergeCommit":false,"messageTitle":"fix","messageBody":"","fileTypesAndContributionMap":{"functional-code":{"insertions":5,"deletions":1}}},{"hash":"937a3f2485fa1cfb235940525888cce52c1e1736","isMergeCommit":false,"messageTitle":"fix","messageBody":"","fileTypesAndContributionMap":{"test-code":{"insertions":0,"deletions":1}}},{"hash":"56f615f9b4960a94bcfd9d5234cb830174f1c7d4","isMergeCommit":false,"messageTitle":"Add testcase","messageBody":"","fileTypesAndContributionMap":{"functional-code":{"insertions":0,"deletions":1},"test-code":{"insertions":58,"deletions":4}}},{"hash":"0463a2b621929f2f9a971d1347f3095d77582eee","isMergeCommit":false,"messageTitle":"Add testcase","messageBody":"","fileTypesAndContributionMap":{"test-code":{"insertions":38,"deletions":2}}},{"hash":"9f0bc0c9b71ab4e9b3167f47782ccf034a5fc63f","isMergeCommit":false,"messageTitle":"fix","messageBody":"","fileTypesAndContributionMap":{"test-code":{"insertions":1,"deletions":1}}},{"hash":"16fa4a0fb94f32c42b199e4406e6fd0ffcb7eb7f","isMergeCommit":true,"messageTitle":"Merge pull request #77 from radeon2525/mass-ops","messageBody":"Add massops to tagging","fileTypesAndContributionMap":{}},{"hash":"f17b417e715f6fd7b983ab773858f7d1c88b722c","isMergeCommit":false,"messageTitle":"Update user guide","messageBody":"","fileTypesAndContributionMap":{"docs":{"insertions":3,"deletions":3}}},{"hash":"a60ffe721e74e360f261309728b2350003707e96","isMergeCommit":true,"messageTitle":"Merge pull request #78 from radeon2525/mass-ops","messageBody":"Update user guide","fileTypesAndContributionMap":{}}]},{"date":"2024-04-10","commitResults":[{"hash":"a02f1b87816eab60450c57294174225898317db1","isMergeCommit":false,"messageTitle":"Fix #106","messageBody":"","fileTypesAndContributionMap":{"docs":{"insertions":1,"deletions":0}}},{"hash":"263c36c22bdb4f17cb4f3cfaa60504f8c520e9b0","isMergeCommit":true,"messageTitle":"Merge pull request #155 from radeon2525/mass-ops","messageBody":"Fix #106","fileTypesAndContributionMap":{}},{"hash":"cbc877031d620217b205d878c923348c8ee711c0","isMergeCommit":false,"messageTitle":"fix","messageBody":"","fileTypesAndContributionMap":{"functional-code":{"insertions":6,"deletions":1},"docs":{"insertions":1,"deletions":0}}},{"hash":"62a2b41e8ac8019cec6cdc994fe02e81d99d6bf4","isMergeCommit":true,"messageTitle":"Merge pull request #156 from radeon2525/mass-ops","messageBody":"fix","fileTypesAndContributionMap":{}},{"hash":"af438f245af6d49accac7ef07ad305f2ebb4805d","isMergeCommit":false,"messageTitle":"Fix #141","messageBody":"","fileTypesAndContributionMap":{"docs":{"insertions":2,"deletions":2}}},{"hash":"632f7d2839f904eec9c90b49a253f94704e24659","isMergeCommit":false,"messageTitle":"fix","messageBody":"","fileTypesAndContributionMap":{"docs":{"insertions":2,"deletions":0}}},{"hash":"739ac279c86375a9e618867e001cbe132a68b7f1","isMergeCommit":true,"messageTitle":"Merge pull request #157 from radeon2525/mass-ops","messageBody":"Fix #141","fileTypesAndContributionMap":{}}]}],"miffi":[{"date":"2024-02-24","commitResults":[{"hash":"c2e81d65d4cccdb3ed49d85508e1a72a4fbc4b86","isMergeCommit":false,"messageTitle":"Rename doc references of AB-3 to OfficeHarbor","messageBody":"","fileTypesAndContributionMap":{"docs":{"insertions":20,"deletions":20}}},{"hash":"28789c919dd4b31b65c7aa8ed09a2dd87cc21ded","isMergeCommit":true,"messageTitle":"Merge pull request #1 from miffi/rename-codebase","messageBody":"Rename doc references of AB-3 to OfficeHarbor","fileTypesAndContributionMap":{}}]},{"date":"2024-03-06","commitResults":[{"hash":"c0eb71a6449f317ce92e27565041be7ecf07b425","isMergeCommit":true,"messageTitle":"Merge pull request #8 from JukeBoxK/master","messageBody":"Update the User Guide","fileTypesAndContributionMap":{}}]},{"date":"2024-03-08","commitResults":[{"hash":"fe86fdfaa26d0b484af8726b10eaf57b64081c85","isMergeCommit":false,"messageTitle":"Add a use case for tagging","messageBody":"","fileTypesAndContributionMap":{"docs":{"insertions":26,"deletions":1}}}]},{"date":"2024-03-09","commitResults":[{"hash":"9d6866fd753f58ab68dbebbd56f6a30f5dce2138","isMergeCommit":true,"messageTitle":"Merge branch \u0027master\u0027 into NFR","messageBody":"","fileTypesAndContributionMap":{}},{"hash":"7fced1ccd306a516e5f2c3c36442e091fa817627","isMergeCommit":true,"messageTitle":"Merge pull request #23 from radeon2525/NFR","messageBody":"Add non functional requirements","fileTypesAndContributionMap":{}},{"hash":"4680017e1aa3b75029a6c86dab32e7ddfdf9b86f","isMergeCommit":true,"messageTitle":"Merge branch \u0027master\u0027 into port-user-stories-and-product-scope","messageBody":"","fileTypesAndContributionMap":{}},{"hash":"27c9c32db685a05811b8a234035b1626f6802cb9","isMergeCommit":true,"messageTitle":"Merge pull request #17 from Derekljh/port-user-stories-and-product-scope","messageBody":"Port user stories and product scope","fileTypesAndContributionMap":{}},{"hash":"513d35b037cedeec1c09cb8d55edd7e340b7e061","isMergeCommit":true,"messageTitle":"Merge branch \u0027master\u0027 into branch-UseCase-DeleteTag","messageBody":"","fileTypesAndContributionMap":{}},{"hash":"474f28efd015b6aac0e21a6bae33ca003cd276f6","isMergeCommit":true,"messageTitle":"Merge pull request #27 from JukeBoxK/branch-UseCase-DeleteTag","messageBody":"Add use case for deleting tag","fileTypesAndContributionMap":{}},{"hash":"ad73271145db2cdbd29bf544525f429f638b1a4c","isMergeCommit":true,"messageTitle":"Merge branch \u0027master\u0027 into Use-Case-Remove-Contacts","messageBody":"","fileTypesAndContributionMap":{}},{"hash":"ff8243bdf16a4e9aac2ec018720a4576a3118d3a","isMergeCommit":true,"messageTitle":"Merge pull request #15 from Derekljh/Use-Case-Remove-Contacts","messageBody":"Add Use Case - Remove Contact","fileTypesAndContributionMap":{}}]},{"date":"2024-03-16","commitResults":[{"hash":"b215c54550100887b54dc08b9b56bfeb7f859cdf","isMergeCommit":false,"messageTitle":"Add untag command","messageBody":"As a counterpart to the tagging command, this command untags a user from\nsome tags.\n\nThis implementation can do multiple tags at the same time to amke\nremoving tags faster. It throws an error on non matching tags, but that\ncan be changed if that is not desirable e.g. if batch operations are\nintroduced.\n","fileTypesAndContributionMap":{"functional-code":{"insertions":142,"deletions":1},"test-code":{"insertions":157,"deletions":0}}},{"hash":"a1f6f8b401b3fa7ac2676095c3a41c91cc3292ca","isMergeCommit":false,"messageTitle":"Add developer roles","messageBody":"","fileTypesAndContributionMap":{"docs":{"insertions":19,"deletions":6}}},{"hash":"096fd31e707c2b98991a57a67bfa189c75c7d84c","isMergeCommit":false,"messageTitle":"Increase code coverage","messageBody":"","fileTypesAndContributionMap":{"test-code":{"insertions":40,"deletions":22}}},{"hash":"da091a46ec09cad7956e6ce803268cc4f25f63c4","isMergeCommit":false,"messageTitle":"Fix code style","messageBody":"","fileTypesAndContributionMap":{"test-code":{"insertions":8,"deletions":8}}}]},{"date":"2024-03-19","commitResults":[{"hash":"d1b84a19e8f8a224e8eb1680dbda266bbbf08a20","isMergeCommit":true,"messageTitle":"Merge pull request #41 from miffi/dev-roles","messageBody":"Add developer roles","fileTypesAndContributionMap":{}},{"hash":"d3ff94c66ed01f3c6106fa9187423072fcaf9bd7","isMergeCommit":true,"messageTitle":"Merge pull request #38 from miffi/untag","messageBody":"Add untag command","fileTypesAndContributionMap":{}},{"hash":"3cd570236a2ab168ab19599b8bd4d1f336bfefcb","isMergeCommit":true,"messageTitle":"Merge branch \u0027master\u0027 into Tagging-contacts","messageBody":"","fileTypesAndContributionMap":{}},{"hash":"f96276d5001fb9e420c53c05513394b25e3cadb1","isMergeCommit":true,"messageTitle":"Merge pull request #32 from Derekljh/Tagging-contacts","messageBody":"Tagging contacts","fileTypesAndContributionMap":{}},{"hash":"ecab94a029f93098230b5adaa5ffcfebdb8b4b9d","isMergeCommit":false,"messageTitle":"Make feature specification for filter","messageBody":"","fileTypesAndContributionMap":{"docs":{"insertions":39,"deletions":6}}}]},{"date":"2024-03-21","commitResults":[{"hash":"3b0e4fb887d9c100f56ef56d5d29f78ad9275040","isMergeCommit":true,"messageTitle":"Merge pull request #50 from The-Dudeski/master","messageBody":"Changed prefixes","fileTypesAndContributionMap":{}}]},{"date":"2024-03-24","commitResults":[{"hash":"5ba0b5efa7bfc4a081e9bd4017d2df03770fdfa0","isMergeCommit":false,"messageTitle":"Rename `find` to `filter`","messageBody":"Find was a rudimentary keyword search over the user names, which suits\nits name. The new funcitonality on the other hand is meant to be more\ngeneric, operating on every component of the `Person`, with more\nflexibility of matching.\n\nTherefore, the command has been renamed to `filter`.\n","fileTypesAndContributionMap":{"functional-code":{"insertions":7,"deletions":7},"other":{"insertions":21,"deletions":21},"test-code":{"insertions":4,"deletions":4}}},{"hash":"87447b1afba458e084d578ff2f0db51bd540be71","isMergeCommit":false,"messageTitle":"Add `ComponentPredicate`","messageBody":"To make the filter command as abstract as possible, it will work on a\npredicate on `Person` that will handle extraction and\nmanipulation of the `Person`\u0027s values inside itself.\n","fileTypesAndContributionMap":{"functional-code":{"insertions":233,"deletions":0}}},{"hash":"f9e9cb4f1281de2cd2e40b73f7590da34aea27de","isMergeCommit":false,"messageTitle":"fixup! Add `ComponentPredicate`","messageBody":"","fileTypesAndContributionMap":{"functional-code":{"insertions":14,"deletions":4}}},{"hash":"edf01896ac5990f1a580666334a6b5cad59e4ea7","isMergeCommit":false,"messageTitle":"fixup! Make feature specification for filter","messageBody":"","fileTypesAndContributionMap":{"docs":{"insertions":4,"deletions":4}}},{"hash":"78e9824d03de892b2ace02d147f02334ce440e0b","isMergeCommit":false,"messageTitle":"fixup! Rename `find` to `filter`","messageBody":"","fileTypesAndContributionMap":{"functional-code":{"insertions":6,"deletions":5},"other":{"insertions":4,"deletions":4},"test-code":{"insertions":1,"deletions":1}}}]},{"date":"2024-03-25","commitResults":[{"hash":"1e8532be02831a9c7c98259c7a099447204e8f68","isMergeCommit":true,"messageTitle":"Merge branch \u0027master\u0027 into filter","messageBody":"","fileTypesAndContributionMap":{}},{"hash":"cac766d2905778cd6afbccaacd6e16d96d181418","isMergeCommit":false,"messageTitle":"fixup! Merge branch \u0027master\u0027 into filter","messageBody":"","fileTypesAndContributionMap":{"functional-code":{"insertions":1,"deletions":1}}},{"hash":"b889a32130d087c0441264b2cafad217bee3245c","isMergeCommit":false,"messageTitle":"Make todo for frontend code","messageBody":"","fileTypesAndContributionMap":{"functional-code":{"insertions":2,"deletions":1},"test-code":{"insertions":13,"deletions":11}}},{"hash":"891db8f958382f17622f34ec41e668cb3b79ef81","isMergeCommit":false,"messageTitle":"Make ComponentPredicate extensible to other kinds","messageBody":"","fileTypesAndContributionMap":{"functional-code":{"insertions":14,"deletions":0},"other":{"insertions":15,"deletions":23}}},{"hash":"e7efcab4c6209559e3c59e366b00b12654271a9e","isMergeCommit":false,"messageTitle":"Satisfying the checkstyle CI","messageBody":"","fileTypesAndContributionMap":{"functional-code":{"insertions":1,"deletions":3},"test-code":{"insertions":1,"deletions":9}}},{"hash":"3294e74121bc3132f20f3edea30fe4d8cd68e8a7","isMergeCommit":false,"messageTitle":"Make component subclasses concrete","messageBody":"","fileTypesAndContributionMap":{"functional-code":{"insertions":16,"deletions":13}}},{"hash":"c10cad018cc685a6d14f157f756bd09bbb336a9e","isMergeCommit":false,"messageTitle":"Add tests","messageBody":"","fileTypesAndContributionMap":{"functional-code":{"insertions":27,"deletions":40},"test-code":{"insertions":361,"deletions":43}}},{"hash":"7b6d34ffe5627d1db061c6e9b128fce31d9b0f09","isMergeCommit":false,"messageTitle":"Appease checkstyle","messageBody":"","fileTypesAndContributionMap":{"functional-code":{"insertions":0,"deletions":1},"test-code":{"insertions":1,"deletions":1}}},{"hash":"97ab506bab31b78813ffbfbe6a3f11c54a4bcef7","isMergeCommit":false,"messageTitle":"Add existence component predicate","messageBody":"","fileTypesAndContributionMap":{"functional-code":{"insertions":59,"deletions":1},"test-code":{"insertions":111,"deletions":0}}}]},{"date":"2024-03-26","commitResults":[{"hash":"7b04d29ce0bc9aeaca3dde625d87c4924688266b","isMergeCommit":false,"messageTitle":"Add developer guide for FilterCommand","messageBody":"","fileTypesAndContributionMap":{"docs":{"insertions":39,"deletions":0}}},{"hash":"a25fd684fe7602587c6c870a2bd2d70462bfc5a4","isMergeCommit":true,"messageTitle":"Merge pull request #49 from miffi/filter","messageBody":"Filter component matcher","fileTypesAndContributionMap":{}}]},{"date":"2024-04-03","commitResults":[{"hash":"ce6d4a757dddf112e67efd1f11e4038462dbd7fa","isMergeCommit":true,"messageTitle":"Merge pull request #81 from The-Dudeski/branch-department","messageBody":"Added Department with Optional","fileTypesAndContributionMap":{}},{"hash":"cc0124d6a1eca974ea0cc6a706a6630e3d87010f","isMergeCommit":false,"messageTitle":"Add department to filter options","messageBody":"","fileTypesAndContributionMap":{"functional-code":{"insertions":10,"deletions":2}}},{"hash":"361daca5063995177db67f99024a55eff095c846","isMergeCommit":true,"messageTitle":"Merge pull request #85 from miffi/filter-department","messageBody":"Add department to filter options","fileTypesAndContributionMap":{}}]},{"date":"2024-04-04","commitResults":[{"hash":"c7133651e4d7251d7a67f23c3dee75694461f79c","isMergeCommit":true,"messageTitle":"Merge pull request #89 from The-Dudeski/branch-department","messageBody":"Fixed Tag, Untag, Edit","tags":["v1.3"],"fileTypesAndContributionMap":{}}]},{"date":"2024-04-05","commitResults":[{"hash":"373eef2a174a4e008ab9f9f7bc1f919be2857995","isMergeCommit":false,"messageTitle":"Fix untag","messageBody":"","fileTypesAndContributionMap":{"functional-code":{"insertions":20,"deletions":9}}},{"hash":"ca9fb3a578c547b588e5ca1e4a9b8483e6221e6b","isMergeCommit":false,"messageTitle":"Ignore test","messageBody":"","fileTypesAndContributionMap":{"test-code":{"insertions":9,"deletions":8}}},{"hash":"e109a5307f2fc09a95b8db3c931e267cfee7711d","isMergeCommit":false,"messageTitle":"Fix checkstyle errors","messageBody":"","fileTypesAndContributionMap":{"test-code":{"insertions":0,"deletions":3}}},{"hash":"4ea546b9255006f24c38f1d3d67656b1faabb258","isMergeCommit":true,"messageTitle":"Merge pull request #90 from miffi/fix-untag","messageBody":"Fix untag","tags":["v1.3.2"],"fileTypesAndContributionMap":{}},{"hash":"7da0a0ca8ea7cf01755f691418cc21129ed1e04b","isMergeCommit":false,"messageTitle":"Update user guide","messageBody":"","fileTypesAndContributionMap":{"docs":{"insertions":53,"deletions":28}}},{"hash":"de8ec8ea8f3ec9c39f063a5898656b059d85d67a","isMergeCommit":true,"messageTitle":"Merge pull request #91 from miffi/docs-update","messageBody":"Update user guide","fileTypesAndContributionMap":{}}]}],"JukeBoxK":[{"date":"2024-02-29","commitResults":[{"hash":"221ddb4c24fb3fc650d1590e6cce283eba688a4c","isMergeCommit":false,"messageTitle":"Update the User Guide","messageBody":"","fileTypesAndContributionMap":{"docs":{"insertions":85,"deletions":70}}}]},{"date":"2024-03-09","commitResults":[{"hash":"16a942fb1739dad3348aed1eef2aa0159241f012","isMergeCommit":false,"messageTitle":"Add use case for deleting tag","messageBody":"","fileTypesAndContributionMap":{"docs":{"insertions":29,"deletions":0}}},{"hash":"dd455d80900288969d93008522db5a6792c7d13d","isMergeCommit":true,"messageTitle":"Merge pull request #28 from The-Dudeski/master","messageBody":"Added Viewing Contacts Use Case","fileTypesAndContributionMap":{}}]},{"date":"2024-03-13","commitResults":[{"hash":"2f3b74d0d3f32f5d70225deb77e43f7d545bf840","isMergeCommit":false,"messageTitle":"Change output message for list command","messageBody":"The list command displays \"Listed all persons\" for all outputs.\n\nIt is not specific enough for the output list.\n\nLet\u0027s add the message \"The list is empty\" for empty lists instead.\n","fileTypesAndContributionMap":{"functional-code":{"insertions":5,"deletions":2}}},{"hash":"e91a02e930ae0e6dab18b814658156079044839a","isMergeCommit":false,"messageTitle":"Address style issue in code of List Command","messageBody":"","fileTypesAndContributionMap":{"functional-code":{"insertions":2,"deletions":2}}},{"hash":"8ded7e9e5e257d69a1215871ce9d8da53b9c73ad","isMergeCommit":false,"messageTitle":"Address test issue with list command","messageBody":"","fileTypesAndContributionMap":{"functional-code":{"insertions":1,"deletions":1},"test-code":{"insertions":1,"deletions":1}}}]},{"date":"2024-03-16","commitResults":[{"hash":"26f0cd21efa86b584f203a7e7398c277cf975d30","isMergeCommit":true,"messageTitle":"Merge pull request #30 from JukeBoxK/branch-ViewContact","messageBody":"Change output message for list command","fileTypesAndContributionMap":{}}]},{"date":"2024-03-20","commitResults":[{"hash":"4ef08bef397742ca3df0b80c18ee749969123bf3","isMergeCommit":false,"messageTitle":"Reorder the UG","messageBody":"","fileTypesAndContributionMap":{"docs":{"insertions":50,"deletions":51}}},{"hash":"dc3578499f9528423add90db06b45aaff1c3574e","isMergeCommit":true,"messageTitle":"Merge branch \u0027master\u0027 into branch-Documentation","messageBody":"","fileTypesAndContributionMap":{}},{"hash":"14a7395d4140fc84a6ff748885c65cbed99070bb","isMergeCommit":false,"messageTitle":"Add information about undo/redo into the documentation","messageBody":"","fileTypesAndContributionMap":{"docs":{"insertions":107,"deletions":46}}},{"hash":"094ec3dccc788b4d4002d50f65d566c5a6c903e4","isMergeCommit":false,"messageTitle":"Add EOF for UserGuide","messageBody":"","fileTypesAndContributionMap":{"docs":{"insertions":1,"deletions":1}}},{"hash":"929e3ca8d816f44a0facef8b0a3dc9fb8529f18b","isMergeCommit":false,"messageTitle":"Change the tag and untag to the correct format","messageBody":"","fileTypesAndContributionMap":{"docs":{"insertions":7,"deletions":9}}},{"hash":"148df76c69a0de2d17197cc86375ad942a261314","isMergeCommit":true,"messageTitle":"Merge pull request #52 from JukeBoxK/branch-Documentation","messageBody":"Add information about undo/redo into the documentation","fileTypesAndContributionMap":{}}]},{"date":"2024-03-21","commitResults":[{"hash":"4bfcbc43aa7ba418cba4ba8e14371036a12ae014","isMergeCommit":false,"messageTitle":"Change the documentation to fit the new prefix","messageBody":"","fileTypesAndContributionMap":{"docs":{"insertions":43,"deletions":36}}},{"hash":"d190c0d8f49f5a8fd7e553d9c48d69cf22d78fdd","isMergeCommit":true,"messageTitle":"Merge branch \u0027master\u0027 of https://github.com/AY2324S2-CS2103T-W13-2/tp","messageBody":"","fileTypesAndContributionMap":{}},{"hash":"a8f85b68a1d7ce17493248c3b807c2add459e793","isMergeCommit":false,"messageTitle":"Fix issue of no screenshot in user guide","messageBody":"","fileTypesAndContributionMap":{"docs":{"insertions":7,"deletions":7}}},{"hash":"4ff517f09f52f091e6bf09bc7dcec5092117a980","isMergeCommit":true,"messageTitle":"Merge pull request #58 from JukeBoxK/branch-Documentation","messageBody":"Branch documentation","tags":["v1.2"],"fileTypesAndContributionMap":{}}]},{"date":"2024-03-24","commitResults":[{"hash":"32d096428c39696cd019fdfc58405f17e7e88ddf","isMergeCommit":false,"messageTitle":"Add UML Diagram for Commons","messageBody":"","fileTypesAndContributionMap":{"docs":{"insertions":21,"deletions":1}}},{"hash":"8cab8f4b385b399a6389eb55433f32ccef4c329f","isMergeCommit":false,"messageTitle":"Fix EOF issue in the puml file","messageBody":"","fileTypesAndContributionMap":{"docs":{"insertions":1,"deletions":1}}},{"hash":"1d162ff6d0ca77458a818351dc330ab1e5497cf2","isMergeCommit":true,"messageTitle":"Merge pull request #63 from JukeBoxK/branch-Documentation","messageBody":"Add UML Diagram for Commons","fileTypesAndContributionMap":{}}]},{"date":"2024-03-29","commitResults":[{"hash":"58a4e7e3d9484e64bddc81f05d34f3f51994e634","isMergeCommit":false,"messageTitle":"Add Filter Command Parser","messageBody":"","fileTypesAndContributionMap":{"functional-code":{"insertions":270,"deletions":20},"test-code":{"insertions":12,"deletions":12}}}]},{"date":"2024-03-30","commitResults":[{"hash":"bf5882a511fcbda12e950cc102b93118145ddb25","isMergeCommit":false,"messageTitle":"Add Test Cases for Filter Parser","messageBody":"","fileTypesAndContributionMap":{"functional-code":{"insertions":118,"deletions":2},"other":{"insertions":4,"deletions":0},"test-code":{"insertions":150,"deletions":8}}}]},{"date":"2024-03-31","commitResults":[{"hash":"5e941ba3762eb0f26dda60883e0d23d4f09713dc","isMergeCommit":false,"messageTitle":"Clean up the code base","messageBody":"","fileTypesAndContributionMap":{"functional-code":{"insertions":3,"deletions":6}}},{"hash":"14de548b9f38c3768d2bf4b326ba8d8dfe10c287","isMergeCommit":true,"messageTitle":"Add negative test cases for filter command parser","messageBody":"","fileTypesAndContributionMap":{}}]},{"date":"2024-04-01","commitResults":[{"hash":"98a066e941d46e4cdc5ac76f5678f0ab39513b15","isMergeCommit":false,"messageTitle":"Add comments and rename prefix tokenizer methods","messageBody":"","fileTypesAndContributionMap":{"functional-code":{"insertions":5,"deletions":5}}},{"hash":"693ae8ebba556847c49527c3ce5e6c7c0a5c9d28","isMergeCommit":false,"messageTitle":"Add javadoc for extractFilterArgument method","messageBody":"","fileTypesAndContributionMap":{"functional-code":{"insertions":17,"deletions":0}}},{"hash":"5036948eaa655c6063cd3a48c3ee803fec239955","isMergeCommit":true,"messageTitle":"Merge pull request #73 from JukeBoxK/branch-FilterParser","messageBody":"Add Filter Command Parser","fileTypesAndContributionMap":{}}]},{"date":"2024-04-02","commitResults":[{"hash":"567e30163651bac14c7fc08c38d5c0a706a4283f","isMergeCommit":false,"messageTitle":"Enhance Help Command","messageBody":"","fileTypesAndContributionMap":{"functional-code":{"insertions":107,"deletions":6}}}]},{"date":"2024-04-03","commitResults":[{"hash":"b1d11ed6524847b5b25e7d3b4ea7c1f501ef3c4d","isMergeCommit":false,"messageTitle":"Add more help message information","messageBody":"","fileTypesAndContributionMap":{"functional-code":{"insertions":48,"deletions":28}}},{"hash":"f5b47b1434df2c1ed2ef530e2a5f26371a6ca514","isMergeCommit":false,"messageTitle":"Format the help messsages","messageBody":"","fileTypesAndContributionMap":{"functional-code":{"insertions":32,"deletions":25}}},{"hash":"1e119d93d51c58c921c3bd2d07c2b572b9446c0c","isMergeCommit":false,"messageTitle":"Fix checkstyle issue","messageBody":"","fileTypesAndContributionMap":{"functional-code":{"insertions":78,"deletions":54},"test-code":{"insertions":3,"deletions":3}}},{"hash":"c5fce744eb35d951dda8b874a28247cca5cc8e3e","isMergeCommit":true,"messageTitle":"Merge branch \u0027master\u0027 of https://github.com/AY2324S2-CS2103T-W13-2/tp into branch-helpCommand","messageBody":"# Conflicts:\n#\tsrc/main/java/seedu/address/logic/commands/AddCommand.java\n#\tsrc/main/java/seedu/address/logic/commands/TagCommand.java\n","fileTypesAndContributionMap":{}},{"hash":"fae677270c737147a534cfa4b19be9681ea5f890","isMergeCommit":true,"messageTitle":"Merge pull request #86 from JukeBoxK/branch-helpCommand","messageBody":"Branch help command","fileTypesAndContributionMap":{}}]},{"date":"2024-04-04","commitResults":[{"hash":"17908622dc8266923a1581312f851e4ef05c8384","isMergeCommit":false,"messageTitle":"Add more information for the help command user guide","messageBody":"","fileTypesAndContributionMap":{"docs":{"insertions":16,"deletions":3}}},{"hash":"437ea7138af8d208d0e83cb5b31fdfc8673e676f","isMergeCommit":true,"messageTitle":"Merge pull request #88 from JukeBoxK/branch-Documentation","messageBody":"Add more information for the help command user guide","fileTypesAndContributionMap":{}}]},{"date":"2024-04-09","commitResults":[{"hash":"687a2cdcf53a4b7e89ca3137322ad48cad1227c3","isMergeCommit":false,"messageTitle":"Add exit and filter to UG Command Summary","messageBody":"","fileTypesAndContributionMap":{"docs":{"insertions":16,"deletions":14}}},{"hash":"1c7f40f1c922781179a9599080a450fc90e3c642","isMergeCommit":true,"messageTitle":"Merge pull request #151 from JukeBoxK/branch-Documentation","messageBody":"Add exit and filter to UG Command Summary","fileTypesAndContributionMap":{}},{"hash":"69a0c13b9ce539fd807adf56a86c3f078c2abd8f","isMergeCommit":true,"messageTitle":"Merge pull request #153 from Derekljh/master","messageBody":"TagCommand UserGuide Fix","fileTypesAndContributionMap":{}}]},{"date":"2024-04-11","commitResults":[{"hash":"6adfe637f66ace73ffb0588d5e8bb0d8560ffb63","isMergeCommit":false,"messageTitle":"Fix reported UI bug in help window","messageBody":"","fileTypesAndContributionMap":{"functional-code":{"insertions":5,"deletions":5}}},{"hash":"5d822ddd6187e41ae4e8d8491e39c7752c3d345f","isMergeCommit":true,"messageTitle":"Merge pull request #161 from JukeBoxK/branch-helpCommand","messageBody":"Fix reported UI bug in help window","fileTypesAndContributionMap":{}}]}]},"authorFileTypeContributionMap":{"The-Dudeski":{"docs":44,"functional-code":247,"test-code":148},"Derekljh":{"docs":128,"functional-code":346,"test-code":437},"radeon2525":{"docs":168,"functional-code":520,"test-code":1090,"other":4},"miffi":{"docs":150,"functional-code":465,"test-code":622,"other":1},"JukeBoxK":{"docs":210,"functional-code":574,"test-code":185,"other":4}},"authorContributionVariance":{"The-Dudeski":3884.7112,"Derekljh":10158.481,"radeon2525":106499.56,"miffi":16902.844,"JukeBoxK":6497.1587},"authorDisplayNameMap":{"The-Dudeski":"CS2103T-W13-2 DUDE..NZIO","Derekljh":"CS2103T-W13-2 LEON..EREK","radeon2525":"CS2103T-W13-2 MAHI..SHIM","miffi":"CS2103T-W13-2 AHMA..AQUE","JukeBoxK":"CS2103T-W13-2 KYAW..YINT"}}
