{"authorDailyContributionsMap":{"The-Dudeski":[],"Derekljh":[],"radeon2525":[],"miffi":[{"date":"2024-02-24","commitResults":[{"hash":"c2e81d65d4cccdb3ed49d85508e1a72a4fbc4b86","isMergeCommit":false,"messageTitle":"Rename doc references of AB-3 to OfficeHarbor","messageBody":"","fileTypesAndContributionMap":{"docs":{"insertions":20,"deletions":20}}},{"hash":"28789c919dd4b31b65c7aa8ed09a2dd87cc21ded","isMergeCommit":true,"messageTitle":"Merge pull request #1 from miffi/rename-codebase","messageBody":"Rename doc references of AB-3 to OfficeHarbor","fileTypesAndContributionMap":{}}]},{"date":"2024-03-06","commitResults":[{"hash":"c0eb71a6449f317ce92e27565041be7ecf07b425","isMergeCommit":true,"messageTitle":"Merge pull request #8 from JukeBoxK/master","messageBody":"Update the User Guide","fileTypesAndContributionMap":{}}]}],"JukeBoxK":[{"date":"2024-02-29","commitResults":[{"hash":"221ddb4c24fb3fc650d1590e6cce283eba688a4c","isMergeCommit":false,"messageTitle":"Update the User Guide","messageBody":"","fileTypesAndContributionMap":{"docs":{"insertions":85,"deletions":70}}}]}]},"authorFileTypeContributionMap":{"The-Dudeski":{"docs":0,"functional-code":0,"test-code":0},"Derekljh":{"docs":0,"functional-code":0,"test-code":0},"radeon2525":{"docs":0,"functional-code":0,"test-code":0},"miffi":{"docs":9,"functional-code":0,"test-code":0,"other":1},"JukeBoxK":{"docs":85,"functional-code":0,"test-code":0}},"authorContributionVariance":{"The-Dudeski":0.0,"Derekljh":0.0,"radeon2525":0.0,"miffi":113.60942,"JukeBoxK":1705.9172},"authorDisplayNameMap":{"The-Dudeski":"CS2103T-W13-2 DUDE..NZIO","Derekljh":"CS2103T-W13-2 LEON..EREK","radeon2525":"CS2103T-W13-2 MAHI..SHIM","miffi":"CS2103T-W13-2 AHMA..AQUE","JukeBoxK":"CS2103T-W13-2 KYAW..YINT"}}
