{"repoSenseVersion":"54d002806b","reportGeneratedTime":"Wed Apr 17 22:16:56 2024 UTC+08:00","reportGenerationTime":" 2 minute(s) 29.96 second(s)","zoneId":"UTC+08:00","reportTitle":"CS2103 tP Code Dashboard","repos":[{"location":{"location":"https://github.com/AY2324S2-CS2103-T14-1/tp.git","repoName":"tp","organization":"AY2324S2-CS2103-T14-1","domainName":"github"},"branch":"master","displayName":"AY2324S2-CS2103-T14-1/tp[master]","outputFolderName":"AY2324S2-CS2103-T14-1_tp_master"},{"location":{"location":"https://github.com/AY2324S2-CS2103-F15-2/tp.git","repoName":"tp","organization":"AY2324S2-CS2103-F15-2","domainName":"github"},"branch":"master","displayName":"AY2324S2-CS2103-F15-2/tp[master]","outputFolderName":"AY2324S2-CS2103-F15-2_tp_master"},{"location":{"location":"https://github.com/AY2324S2-CS2103-F15-3/tp.git","repoName":"tp","organization":"AY2324S2-CS2103-F15-3","domainName":"github"},"branch":"master","displayName":"AY2324S2-CS2103-F15-3/tp[master]","outputFolderName":"AY2324S2-CS2103-F15-3_tp_master"},{"location":{"location":"https://github.com/AY2324S2-CS2103-F09-4/tp.git","repoName":"tp","organization":"AY2324S2-CS2103-F09-4","domainName":"github"},"branch":"master","displayName":"AY2324S2-CS2103-F09-4/tp[master]","outputFolderName":"AY2324S2-CS2103-F09-4_tp_master"},{"location":{"location":"https://github.com/AY2324S2-CS2103-F15-4/tp.git","repoName":"tp","organization":"AY2324S2-CS2103-F15-4","domainName":"github"},"branch":"master","displayName":"AY2324S2-CS2103-F15-4/tp[master]","outputFolderName":"AY2324S2-CS2103-F15-4_tp_master"},{"location":{"location":"https://github.com/AY2324S2-CS2103-F15-1/tp.git","repoName":"tp","organization":"AY2324S2-CS2103-F15-1","domainName":"github"},"branch":"master","displayName":"AY2324S2-CS2103-F15-1/tp[master]","outputFolderName":"AY2324S2-CS2103-F15-1_tp_master"},{"location":{"location":"https://github.com/AY2324S2-CS2103-F08-3/tp.git","repoName":"tp","organization":"AY2324S2-CS2103-F08-3","domainName":"github"},"branch":"master","displayName":"AY2324S2-CS2103-F08-3/tp[master]","outputFolderName":"AY2324S2-CS2103-F08-3_tp_master"},{"location":{"location":"https://github.com/AY2324S2-CS2103-F09-2/tp.git","repoName":"tp","organization":"AY2324S2-CS2103-F09-2","domainName":"github"},"branch":"master","displayName":"AY2324S2-CS2103-F09-2/tp[master]","outputFolderName":"AY2324S2-CS2103-F09-2_tp_master"},{"location":{"location":"https://github.com/AY2324S2-CS2103-F09-1/tp.git","repoName":"tp","organization":"AY2324S2-CS2103-F09-1","domainName":"github"},"branch":"master","displayName":"AY2324S2-CS2103-F09-1/tp[master]","outputFolderName":"AY2324S2-CS2103-F09-1_tp_master"},{"location":{"location":"https://github.com/AY2324S2-CS2103-F08-2/tp.git","repoName":"tp","organization":"AY2324S2-CS2103-F08-2","domainName":"github"},"branch":"master","displayName":"AY2324S2-CS2103-F08-2/tp[master]","outputFolderName":"AY2324S2-CS2103-F08-2_tp_master"},{"location":{"location":"https://github.com/AY2324S2-CS2103-F08-1/tp.git","repoName":"tp","organization":"AY2324S2-CS2103-F08-1","domainName":"github"},"branch":"master","displayName":"AY2324S2-CS2103-F08-1/tp[master]","outputFolderName":"AY2324S2-CS2103-F08-1_tp_master"},{"location":{"location":"https://github.com/AY2324S2-CS2103-F09-3/tp.git","repoName":"tp","organization":"AY2324S2-CS2103-F09-3","domainName":"github"},"branch":"master","displayName":"AY2324S2-CS2103-F09-3/tp[master]","outputFolderName":"AY2324S2-CS2103-F09-3_tp_master"},{"location":{"location":"https://github.com/AY2324S2-CS2103-F08-4/tp.git","repoName":"tp","organization":"AY2324S2-CS2103-F08-4","domainName":"github"},"branch":"master","displayName":"AY2324S2-CS2103-F08-4/tp[master]","outputFolderName":"AY2324S2-CS2103-F08-4_tp_master"},{"location":{"location":"https://github.com/AY2324S2-CS2103T-W08-1/tp.git","repoName":"tp","organization":"AY2324S2-CS2103T-W08-1","domainName":"github"},"branch":"master","displayName":"AY2324S2-CS2103T-W08-1/tp[master]","outputFolderName":"AY2324S2-CS2103T-W08-1_tp_master"},{"location":{"location":"https://github.com/AY2324S2-CS2103T-T13-2/tp.git","repoName":"tp","organization":"AY2324S2-CS2103T-T13-2","domainName":"github"},"branch":"master","displayName":"AY2324S2-CS2103T-T13-2/tp[master]","outputFolderName":"AY2324S2-CS2103T-T13-2_tp_master"},{"location":{"location":"https://github.com/AY2324S2-CS2103T-T11-3/tp.git","repoName":"tp","organization":"AY2324S2-CS2103T-T11-3","domainName":"github"},"branch":"master","displayName":"AY2324S2-CS2103T-T11-3/tp[master]","outputFolderName":"AY2324S2-CS2103T-T11-3_tp_master"},{"location":{"location":"https://github.com/AY2324S2-CS2103T-T17-4/tp.git","repoName":"tp","organization":"AY2324S2-CS2103T-T17-4","domainName":"github"},"branch":"master","displayName":"AY2324S2-CS2103T-T17-4/tp[master]","outputFolderName":"AY2324S2-CS2103T-T17-4_tp_master"},{"location":{"location":"https://github.com/AY2324S2-CS2103T-W12-4/tp.git","repoName":"tp","organization":"AY2324S2-CS2103T-W12-4","domainName":"github"},"branch":"master","displayName":"AY2324S2-CS2103T-W12-4/tp[master]","outputFolderName":"AY2324S2-CS2103T-W12-4_tp_master"},{"location":{"location":"https://github.com/AY2324S2-CS2103T-T12-1/tp.git","repoName":"tp","organization":"AY2324S2-CS2103T-T12-1","domainName":"github"},"branch":"master","displayName":"AY2324S2-CS2103T-T12-1/tp[master]","outputFolderName":"AY2324S2-CS2103T-T12-1_tp_master"},{"location":{"location":"https://github.com/AY2324S2-CS2103T-T10-2/tp.git","repoName":"tp","organization":"AY2324S2-CS2103T-T10-2","domainName":"github"},"branch":"master","displayName":"AY2324S2-CS2103T-T10-2/tp[master]","outputFolderName":"AY2324S2-CS2103T-T10-2_tp_master"},{"location":{"location":"https://github.com/AY2324S2-CS2103T-F10-1/tp.git","repoName":"tp","organization":"AY2324S2-CS2103T-F10-1","domainName":"github"},"branch":"master","displayName":"AY2324S2-CS2103T-F10-1/tp[master]","outputFolderName":"AY2324S2-CS2103T-F10-1_tp_master"},{"location":{"location":"https://github.com/AY2324S2-CS2103T-W13-1/tp.git","repoName":"tp","organization":"AY2324S2-CS2103T-W13-1","domainName":"github"},"branch":"master","displayName":"AY2324S2-CS2103T-W13-1/tp[master]","outputFolderName":"AY2324S2-CS2103T-W13-1_tp_master"},{"location":{"location":"https://github.com/AY2324S2-CS2103T-T09-4/tp.git","repoName":"tp","organization":"AY2324S2-CS2103T-T09-4","domainName":"github"},"branch":"master","displayName":"AY2324S2-CS2103T-T09-4/tp[master]","outputFolderName":"AY2324S2-CS2103T-T09-4_tp_master"},{"location":{"location":"https://github.com/AY2324S2-CS2103T-T14-2/tp.git","repoName":"tp","organization":"AY2324S2-CS2103T-T14-2","domainName":"github"},"branch":"master","displayName":"AY2324S2-CS2103T-T14-2/tp[master]","outputFolderName":"AY2324S2-CS2103T-T14-2_tp_master"},{"location":{"location":"https://github.com/AY2324S2-CS2103T-T16-2/tp.git","repoName":"tp","organization":"AY2324S2-CS2103T-T16-2","domainName":"github"},"branch":"master","displayName":"AY2324S2-CS2103T-T16-2/tp[master]","outputFolderName":"AY2324S2-CS2103T-T16-2_tp_master"},{"location":{"location":"https://github.com/AY2324S2-CS2103T-T10-3/tp.git","repoName":"tp","organization":"AY2324S2-CS2103T-T10-3","domainName":"github"},"branch":"master","displayName":"AY2324S2-CS2103T-T10-3/tp[master]","outputFolderName":"AY2324S2-CS2103T-T10-3_tp_master"},{"location":{"location":"https://github.com/AY2324S2-CS2103T-T17-2/tp.git","repoName":"tp","organization":"AY2324S2-CS2103T-T17-2","domainName":"github"},"branch":"master","displayName":"AY2324S2-CS2103T-T17-2/tp[master]","outputFolderName":"AY2324S2-CS2103T-T17-2_tp_master"},{"location":{"location":"https://github.com/AY2324S2-CS2103T-F13-1/tp.git","repoName":"tp","organization":"AY2324S2-CS2103T-F13-1","domainName":"github"},"branch":"master","displayName":"AY2324S2-CS2103T-F13-1/tp[master]","outputFolderName":"AY2324S2-CS2103T-F13-1_tp_master"},{"location":{"location":"https://github.com/AY2324S2-CS2103T-F14-1/tp.git","repoName":"tp","organization":"AY2324S2-CS2103T-F14-1","domainName":"github"},"branch":"master","displayName":"AY2324S2-CS2103T-F14-1/tp[master]","outputFolderName":"AY2324S2-CS2103T-F14-1_tp_master"},{"location":{"location":"https://github.com/AY2324S2-CS2103T-T11-2/tp.git","repoName":"tp","organization":"AY2324S2-CS2103T-T11-2","domainName":"github"},"branch":"master","displayName":"AY2324S2-CS2103T-T11-2/tp[master]","outputFolderName":"AY2324S2-CS2103T-T11-2_tp_master"},{"location":{"location":"https://github.com/AY2324S2-CS2103T-F11-2/tp.git","repoName":"tp","organization":"AY2324S2-CS2103T-F11-2","domainName":"github"},"branch":"master","displayName":"AY2324S2-CS2103T-F11-2/tp[master]","outputFolderName":"AY2324S2-CS2103T-F11-2_tp_master"},{"location":{"location":"https://github.com/AY2324S2-CS2103T-T08-3/tp.git","repoName":"tp","organization":"AY2324S2-CS2103T-T08-3","domainName":"github"},"branch":"master","displayName":"AY2324S2-CS2103T-T08-3/tp[master]","outputFolderName":"AY2324S2-CS2103T-T08-3_tp_master"},{"location":{"location":"https://github.com/AY2324S2-CS2103T-W12-3/tp.git","repoName":"tp","organization":"AY2324S2-CS2103T-W12-3","domainName":"github"},"branch":"master","displayName":"AY2324S2-CS2103T-W12-3/tp[master]","outputFolderName":"AY2324S2-CS2103T-W12-3_tp_master"},{"location":{"location":"https://github.com/AY2324S2-CS2103T-W08-3/tp.git","repoName":"tp","organization":"AY2324S2-CS2103T-W08-3","domainName":"github"},"branch":"master","displayName":"AY2324S2-CS2103T-W08-3/tp[master]","outputFolderName":"AY2324S2-CS2103T-W08-3_tp_master"},{"location":{"location":"https://github.com/AY2324S2-CS2103T-W10-2/tp.git","repoName":"tp","organization":"AY2324S2-CS2103T-W10-2","domainName":"github"},"branch":"master","displayName":"AY2324S2-CS2103T-W10-2/tp[master]","outputFolderName":"AY2324S2-CS2103T-W10-2_tp_master"},{"location":{"location":"https://github.com/AY2324S2-CS2103T-F12-4/tp.git","repoName":"tp","organization":"AY2324S2-CS2103T-F12-4","domainName":"github"},"branch":"master","displayName":"AY2324S2-CS2103T-F12-4/tp[master]","outputFolderName":"AY2324S2-CS2103T-F12-4_tp_master"},{"location":{"location":"https://github.com/AY2324S2-CS2103T-W11-2/tp.git","repoName":"tp","organization":"AY2324S2-CS2103T-W11-2","domainName":"github"},"branch":"master","displayName":"AY2324S2-CS2103T-W11-2/tp[master]","outputFolderName":"AY2324S2-CS2103T-W11-2_tp_master"},{"location":{"location":"https://github.com/AY2324S2-CS2103T-W08-4/tp.git","repoName":"tp","organization":"AY2324S2-CS2103T-W08-4","domainName":"github"},"branch":"master","displayName":"AY2324S2-CS2103T-W08-4/tp[master]","outputFolderName":"AY2324S2-CS2103T-W08-4_tp_master"},{"location":{"location":"https://github.com/AY2324S2-CS2103T-T09-1/tp.git","repoName":"tp","organization":"AY2324S2-CS2103T-T09-1","domainName":"github"},"branch":"master","displayName":"AY2324S2-CS2103T-T09-1/tp[master]","outputFolderName":"AY2324S2-CS2103T-T09-1_tp_master"},{"location":{"location":"https://github.com/AY2324S2-CS2103T-W11-3/tp.git","repoName":"tp","organization":"AY2324S2-CS2103T-W11-3","domainName":"github"},"branch":"master","displayName":"AY2324S2-CS2103T-W11-3/tp[master]","outputFolderName":"AY2324S2-CS2103T-W11-3_tp_master"},{"location":{"location":"https://github.com/AY2324S2-CS2103T-W11-1/tp.git","repoName":"tp","organization":"AY2324S2-CS2103T-W11-1","domainName":"github"},"branch":"master","displayName":"AY2324S2-CS2103T-W11-1/tp[master]","outputFolderName":"AY2324S2-CS2103T-W11-1_tp_master"},{"location":{"location":"https://github.com/AY2324S2-CS2103T-T12-2/tp.git","repoName":"tp","organization":"AY2324S2-CS2103T-T12-2","domainName":"github"},"branch":"master","displayName":"AY2324S2-CS2103T-T12-2/tp[master]","outputFolderName":"AY2324S2-CS2103T-T12-2_tp_master"},{"location":{"location":"https://github.com/AY2324S2-CS2103T-F11-3/tp.git","repoName":"tp","organization":"AY2324S2-CS2103T-F11-3","domainName":"github"},"branch":"master","displayName":"AY2324S2-CS2103T-F11-3/tp[master]","outputFolderName":"AY2324S2-CS2103T-F11-3_tp_master"},{"location":{"location":"https://github.com/AY2324S2-CS2103T-T11-4/tp.git","repoName":"tp","organization":"AY2324S2-CS2103T-T11-4","domainName":"github"},"branch":"master","displayName":"AY2324S2-CS2103T-T11-4/tp[master]","outputFolderName":"AY2324S2-CS2103T-T11-4_tp_master"},{"location":{"location":"https://github.com/AY2324S2-CS2103T-T10-1/tp.git","repoName":"tp","organization":"AY2324S2-CS2103T-T10-1","domainName":"github"},"branch":"master","displayName":"AY2324S2-CS2103T-T10-1/tp[master]","outputFolderName":"AY2324S2-CS2103T-T10-1_tp_master"},{"location":{"location":"https://github.com/AY2324S2-CS2103T-F14-3/tp.git","repoName":"tp","organization":"AY2324S2-CS2103T-F14-3","domainName":"github"},"branch":"master","displayName":"AY2324S2-CS2103T-F14-3/tp[master]","outputFolderName":"AY2324S2-CS2103T-F14-3_tp_master"},{"location":{"location":"https://github.com/AY2324S2-CS2103T-T08-1/tp.git","repoName":"tp","organization":"AY2324S2-CS2103T-T08-1","domainName":"github"},"branch":"master","displayName":"AY2324S2-CS2103T-T08-1/tp[master]","outputFolderName":"AY2324S2-CS2103T-T08-1_tp_master"},{"location":{"location":"https://github.com/AY2324S2-CS2103T-W09-3/tp.git","repoName":"tp","organization":"AY2324S2-CS2103T-W09-3","domainName":"github"},"branch":"master","displayName":"AY2324S2-CS2103T-W09-3/tp[master]","outputFolderName":"AY2324S2-CS2103T-W09-3_tp_master"},{"location":{"location":"https://github.com/AY2324S2-CS2103T-T11-1/tp.git","repoName":"tp","organization":"AY2324S2-CS2103T-T11-1","domainName":"github"},"branch":"master","displayName":"AY2324S2-CS2103T-T11-1/tp[master]","outputFolderName":"AY2324S2-CS2103T-T11-1_tp_master"},{"location":{"location":"https://github.com/AY2324S2-CS2103T-W10-1/tp.git","repoName":"tp","organization":"AY2324S2-CS2103T-W10-1","domainName":"github"},"branch":"master","displayName":"AY2324S2-CS2103T-W10-1/tp[master]","outputFolderName":"AY2324S2-CS2103T-W10-1_tp_master"},{"location":{"location":"https://github.com/AY2324S2-CS2103T-F10-3/tp.git","repoName":"tp","organization":"AY2324S2-CS2103T-F10-3","domainName":"github"},"branch":"master","displayName":"AY2324S2-CS2103T-F10-3/tp[master]","outputFolderName":"AY2324S2-CS2103T-F10-3_tp_master"},{"location":{"location":"https://github.com/AY2324S2-CS2103T-T13-1/tp.git","repoName":"tp","organization":"AY2324S2-CS2103T-T13-1","domainName":"github"},"branch":"master","displayName":"AY2324S2-CS2103T-T13-1/tp[master]","outputFolderName":"AY2324S2-CS2103T-T13-1_tp_master"},{"location":{"location":"https://github.com/AY2324S2-CS2103T-T13-3/tp.git","repoName":"tp","organization":"AY2324S2-CS2103T-T13-3","domainName":"github"},"branch":"master","displayName":"AY2324S2-CS2103T-T13-3/tp[master]","outputFolderName":"AY2324S2-CS2103T-T13-3_tp_master"},{"location":{"location":"https://github.com/AY2324S2-CS2103T-F13-2/tp.git","repoName":"tp","organization":"AY2324S2-CS2103T-F13-2","domainName":"github"},"branch":"master","displayName":"AY2324S2-CS2103T-F13-2/tp[master]","outputFolderName":"AY2324S2-CS2103T-F13-2_tp_master"},{"location":{"location":"https://github.com/AY2324S2-CS2103T-T12-4/tp.git","repoName":"tp","organization":"AY2324S2-CS2103T-T12-4","domainName":"github"},"branch":"master","displayName":"AY2324S2-CS2103T-T12-4/tp[master]","outputFolderName":"AY2324S2-CS2103T-T12-4_tp_master"},{"location":{"location":"https://github.com/AY2324S2-CS2103T-T08-2/tp.git","repoName":"tp","organization":"AY2324S2-CS2103T-T08-2","domainName":"github"},"branch":"master","displayName":"AY2324S2-CS2103T-T08-2/tp[master]","outputFolderName":"AY2324S2-CS2103T-T08-2_tp_master"},{"location":{"location":"https://github.com/AY2324S2-CS2103T-T12-3/tp.git","repoName":"tp","organization":"AY2324S2-CS2103T-T12-3","domainName":"github"},"branch":"master","displayName":"AY2324S2-CS2103T-T12-3/tp[master]","outputFolderName":"AY2324S2-CS2103T-T12-3_tp_master"},{"location":{"location":"https://github.com/AY2324S2-CS2103T-T09-3/tp.git","repoName":"tp","organization":"AY2324S2-CS2103T-T09-3","domainName":"github"},"branch":"master","displayName":"AY2324S2-CS2103T-T09-3/tp[master]","outputFolderName":"AY2324S2-CS2103T-T09-3_tp_master"},{"location":{"location":"https://github.com/AY2324S2-CS2103T-W12-1/tp.git","repoName":"tp","organization":"AY2324S2-CS2103T-W12-1","domainName":"github"},"branch":"master","displayName":"AY2324S2-CS2103T-W12-1/tp[master]","outputFolderName":"AY2324S2-CS2103T-W12-1_tp_master"},{"location":{"location":"https://github.com/AY2324S2-CS2103T-F10-4/tp.git","repoName":"tp","organization":"AY2324S2-CS2103T-F10-4","domainName":"github"},"branch":"master","displayName":"AY2324S2-CS2103T-F10-4/tp[master]","outputFolderName":"AY2324S2-CS2103T-F10-4_tp_master"},{"location":{"location":"https://github.com/AY2324S2-CS2103T-F13-4/tp.git","repoName":"tp","organization":"AY2324S2-CS2103T-F13-4","domainName":"github"},"branch":"master","displayName":"AY2324S2-CS2103T-F13-4/tp[master]","outputFolderName":"AY2324S2-CS2103T-F13-4_tp_master"},{"location":{"location":"https://github.com/AY2324S2-CS2103T-T15-4/tp.git","repoName":"tp","organization":"AY2324S2-CS2103T-T15-4","domainName":"github"},"branch":"master","displayName":"AY2324S2-CS2103T-T15-4/tp[master]","outputFolderName":"AY2324S2-CS2103T-T15-4_tp_master"},{"location":{"location":"https://github.com/AY2324S2-CS2103T-T13-4/tp.git","repoName":"tp","organization":"AY2324S2-CS2103T-T13-4","domainName":"github"},"branch":"master","displayName":"AY2324S2-CS2103T-T13-4/tp[master]","outputFolderName":"AY2324S2-CS2103T-T13-4_tp_master"},{"location":{"location":"https://github.com/AY2324S2-CS2103T-F11-1/tp.git","repoName":"tp","organization":"AY2324S2-CS2103T-F11-1","domainName":"github"},"branch":"master","displayName":"AY2324S2-CS2103T-F11-1/tp[master]","outputFolderName":"AY2324S2-CS2103T-F11-1_tp_master"},{"location":{"location":"https://github.com/AY2324S2-CS2103T-W09-2/tp.git","repoName":"tp","organization":"AY2324S2-CS2103T-W09-2","domainName":"github"},"branch":"master","displayName":"AY2324S2-CS2103T-W09-2/tp[master]","outputFolderName":"AY2324S2-CS2103T-W09-2_tp_master"},{"location":{"location":"https://github.com/AY2324S2-CS2103T-F12-1/tp.git","repoName":"tp","organization":"AY2324S2-CS2103T-F12-1","domainName":"github"},"branch":"master","displayName":"AY2324S2-CS2103T-F12-1/tp[master]","outputFolderName":"AY2324S2-CS2103T-F12-1_tp_master"},{"location":{"location":"https://github.com/AY2324S2-CS2103T-T17-1/tp.git","repoName":"tp","organization":"AY2324S2-CS2103T-T17-1","domainName":"github"},"branch":"master","displayName":"AY2324S2-CS2103T-T17-1/tp[master]","outputFolderName":"AY2324S2-CS2103T-T17-1_tp_master"},{"location":{"location":"https://github.com/AY2324S2-CS2103T-T15-3/tp.git","repoName":"tp","organization":"AY2324S2-CS2103T-T15-3","domainName":"github"},"branch":"master","displayName":"AY2324S2-CS2103T-T15-3/tp[master]","outputFolderName":"AY2324S2-CS2103T-T15-3_tp_master"},{"location":{"location":"https://github.com/AY2324S2-CS2103T-T16-3/tp.git","repoName":"tp","organization":"AY2324S2-CS2103T-T16-3","domainName":"github"},"branch":"master","displayName":"AY2324S2-CS2103T-T16-3/tp[master]","outputFolderName":"AY2324S2-CS2103T-T16-3_tp_master"},{"location":{"location":"https://github.com/AY2324S2-CS2103T-W13-3/tp.git","repoName":"tp","organization":"AY2324S2-CS2103T-W13-3","domainName":"github"},"branch":"master","displayName":"AY2324S2-CS2103T-W13-3/tp[master]","outputFolderName":"AY2324S2-CS2103T-W13-3_tp_master"},{"location":{"location":"https://github.com/AY2324S2-CS2103T-W10-3/tp.git","repoName":"tp","organization":"AY2324S2-CS2103T-W10-3","domainName":"github"},"branch":"master","displayName":"AY2324S2-CS2103T-W10-3/tp[master]","outputFolderName":"AY2324S2-CS2103T-W10-3_tp_master"},{"location":{"location":"https://github.com/AY2324S2-CS2103T-T15-2/tp.git","repoName":"tp","organization":"AY2324S2-CS2103T-T15-2","domainName":"github"},"branch":"master","displayName":"AY2324S2-CS2103T-T15-2/tp[master]","outputFolderName":"AY2324S2-CS2103T-T15-2_tp_master"},{"location":{"location":"https://github.com/AY2324S2-CS2103T-W12-2/tp.git","repoName":"tp","organization":"AY2324S2-CS2103T-W12-2","domainName":"github"},"branch":"master","displayName":"AY2324S2-CS2103T-W12-2/tp[master]","outputFolderName":"AY2324S2-CS2103T-W12-2_tp_master"},{"location":{"location":"https://github.com/AY2324S2-CS2103T-T09-2/tp.git","repoName":"tp","organization":"AY2324S2-CS2103T-T09-2","domainName":"github"},"branch":"master","displayName":"AY2324S2-CS2103T-T09-2/tp[master]","outputFolderName":"AY2324S2-CS2103T-T09-2_tp_master"},{"location":{"location":"https://github.com/AY2324S2-CS2103T-T17-3/tp.git","repoName":"tp","organization":"AY2324S2-CS2103T-T17-3","domainName":"github"},"branch":"master","displayName":"AY2324S2-CS2103T-T17-3/tp[master]","outputFolderName":"AY2324S2-CS2103T-T17-3_tp_master"},{"location":{"location":"https://github.com/AY2324S2-CS2103T-W13-4/tp.git","repoName":"tp","organization":"AY2324S2-CS2103T-W13-4","domainName":"github"},"branch":"master","displayName":"AY2324S2-CS2103T-W13-4/tp[master]","outputFolderName":"AY2324S2-CS2103T-W13-4_tp_master"},{"location":{"location":"https://github.com/AY2324S2-CS2103T-W08-2/tp.git","repoName":"tp","organization":"AY2324S2-CS2103T-W08-2","domainName":"github"},"branch":"master","displayName":"AY2324S2-CS2103T-W08-2/tp[master]","outputFolderName":"AY2324S2-CS2103T-W08-2_tp_master"},{"location":{"location":"https://github.com/AY2324S2-CS2103T-F11-4/tp.git","repoName":"tp","organization":"AY2324S2-CS2103T-F11-4","domainName":"github"},"branch":"master","displayName":"AY2324S2-CS2103T-F11-4/tp[master]","outputFolderName":"AY2324S2-CS2103T-F11-4_tp_master"},{"location":{"location":"https://github.com/AY2324S2-CS2103T-T16-1/tp.git","repoName":"tp","organization":"AY2324S2-CS2103T-T16-1","domainName":"github"},"branch":"master","displayName":"AY2324S2-CS2103T-T16-1/tp[master]","outputFolderName":"AY2324S2-CS2103T-T16-1_tp_master"},{"location":{"location":"https://github.com/AY2324S2-CS2103T-F10-2/tp.git","repoName":"tp","organization":"AY2324S2-CS2103T-F10-2","domainName":"github"},"branch":"master","displayName":"AY2324S2-CS2103T-F10-2/tp[master]","outputFolderName":"AY2324S2-CS2103T-F10-2_tp_master"},{"location":{"location":"https://github.com/AY2324S2-CS2103T-W09-4/tp.git","repoName":"tp","organization":"AY2324S2-CS2103T-W09-4","domainName":"github"},"branch":"master","displayName":"AY2324S2-CS2103T-W09-4/tp[master]","outputFolderName":"AY2324S2-CS2103T-W09-4_tp_master"},{"location":{"location":"https://github.com/AY2324S2-CS2103T-T15-1/tp.git","repoName":"tp","organization":"AY2324S2-CS2103T-T15-1","domainName":"github"},"branch":"master","displayName":"AY2324S2-CS2103T-T15-1/tp[master]","outputFolderName":"AY2324S2-CS2103T-T15-1_tp_master"},{"location":{"location":"https://github.com/AY2324S2-CS2103T-W09-1/tp.git","repoName":"tp","organization":"AY2324S2-CS2103T-W09-1","domainName":"github"},"branch":"master","displayName":"AY2324S2-CS2103T-W09-1/tp[master]","outputFolderName":"AY2324S2-CS2103T-W09-1_tp_master"},{"location":{"location":"https://github.com/AY2324S2-CS2103T-F14-2/tp.git","repoName":"tp","organization":"AY2324S2-CS2103T-F14-2","domainName":"github"},"branch":"master","displayName":"AY2324S2-CS2103T-F14-2/tp[master]","outputFolderName":"AY2324S2-CS2103T-F14-2_tp_master"},{"location":{"location":"https://github.com/AY2324S2-CS2103T-W13-2/tp.git","repoName":"tp","organization":"AY2324S2-CS2103T-W13-2","domainName":"github"},"branch":"master","displayName":"AY2324S2-CS2103T-W13-2/tp[master]","outputFolderName":"AY2324S2-CS2103T-W13-2_tp_master"},{"location":{"location":"https://github.com/AY2324S2-CS2103T-F13-3/tp.git","repoName":"tp","organization":"AY2324S2-CS2103T-F13-3","domainName":"github"},"branch":"master","displayName":"AY2324S2-CS2103T-F13-3/tp[master]","outputFolderName":"AY2324S2-CS2103T-F13-3_tp_master"},{"location":{"location":"https://github.com/AY2324S2-CS2103T-W10-4/tp.git","repoName":"tp","organization":"AY2324S2-CS2103T-W10-4","domainName":"github"},"branch":"master","displayName":"AY2324S2-CS2103T-W10-4/tp[master]","outputFolderName":"AY2324S2-CS2103T-W10-4_tp_master"},{"location":{"location":"https://github.com/AY2324S2-CS2103T-F12-2/tp.git","repoName":"tp","organization":"AY2324S2-CS2103T-F12-2","domainName":"github"},"branch":"master","displayName":"AY2324S2-CS2103T-F12-2/tp[master]","outputFolderName":"AY2324S2-CS2103T-F12-2_tp_master"},{"location":{"location":"https://github.com/AY2324S2-CS2103T-F12-3/tp.git","repoName":"tp","organization":"AY2324S2-CS2103T-F12-3","domainName":"github"},"branch":"master","displayName":"AY2324S2-CS2103T-F12-3/tp[master]","outputFolderName":"AY2324S2-CS2103T-F12-3_tp_master"},{"location":{"location":"https://github.com/AY2324S2-CS2103T-F14-4/tp.git","repoName":"tp","organization":"AY2324S2-CS2103T-F14-4","domainName":"github"},"branch":"master","displayName":"AY2324S2-CS2103T-F14-4/tp[master]","outputFolderName":"AY2324S2-CS2103T-F14-4_tp_master"},{"location":{"location":"https://github.com/AY2324S2-CS2103T-T16-4/tp.git","repoName":"tp","organization":"AY2324S2-CS2103T-T16-4","domainName":"github"},"branch":"master","displayName":"AY2324S2-CS2103T-T16-4/tp[master]","outputFolderName":"AY2324S2-CS2103T-T16-4_tp_master"},{"location":{"location":"https://github.com/AY2324S2-CS2103T-T14-1/tp.git","repoName":"tp","organization":"AY2324S2-CS2103T-T14-1","domainName":"github"},"branch":"master","displayName":"AY2324S2-CS2103T-T14-1/tp[master]","outputFolderName":"AY2324S2-CS2103T-T14-1_tp_master"}],"errorSet":[],"sinceDate":"2024-02-23","untilDate":"2024-04-17","isSinceDateProvided":true,"isUntilDateProvided":false,"supportedDomainUrlMap":{"NOT_RECOGNIZED":{"BRANCH":"","REPO_URL":"UNSUPPORTED","BASE_URL":"UNSUPPORTED","HISTORY_PATH":"","COMMIT_PATH":"","BLAME_PATH":""},"github":{"BRANCH":"tree/$BRANCH","REPO_URL":"https://github.com/$ORGANIZATION/$REPO_NAME/","BASE_URL":"https://github.com/","HISTORY_PATH":"commits/$BRANCH/$FILE_PATH","COMMIT_PATH":"commit/$COMMIT_HASH","BLAME_PATH":"blame/$BRANCH/$FILE_PATH"}}}
