{"authorDailyContributionsMap":{"pjanthony2001":[{"date":"2024-02-26","commitResults":[{"hash":"7665bee74b36f97ff2f05c20f8d0bdb853450c80","isMergeCommit":false,"messageTitle":"Update Developer Guide","messageBody":"This is for testing project workflow\n","fileTypesAndContributionMap":{"docs":{"insertions":2,"deletions":2}}},{"hash":"5c329c6effd42c5272dba7e928ca6711335ae3d2","isMergeCommit":false,"messageTitle":"Add pjanthony.md","messageBody":"","fileTypesAndContributionMap":{"docs":{"insertions":9,"deletions":9}}},{"hash":"7288d01e926b5eaf11b90bebb4062e183fda2068","isMergeCommit":false,"messageTitle":"Update pjanthony.md","messageBody":"","fileTypesAndContributionMap":{"docs":{"insertions":1,"deletions":2}}},{"hash":"3e59d8d14a0c9c6968e674291292a4336d93f01c","isMergeCommit":true,"messageTitle":"Merge pull request #7 from eliotlee68/User-guide","messageBody":"Added initial user guide","fileTypesAndContributionMap":{}}]},{"date":"2024-03-01","commitResults":[{"hash":"c01615781527772a6487452c0c6fd20b8d4789c0","isMergeCommit":false,"messageTitle":"Update Developer Guide","messageBody":"Initial commit where small changes were made to the product scope\n","fileTypesAndContributionMap":{"docs":{"insertions":5,"deletions":2}}}]},{"date":"2024-03-02","commitResults":[{"hash":"49bb5408b45c982bd0e214a788d1795968bf4289","isMergeCommit":false,"messageTitle":"Update Developer Guide","messageBody":"","fileTypesAndContributionMap":{"docs":{"insertions":83,"deletions":2}}}]},{"date":"2024-03-03","commitResults":[{"hash":"47f8609c8d1c78abef1b537696ae0a840e32e1f5","isMergeCommit":false,"messageTitle":"Update Use Cases","messageBody":"","fileTypesAndContributionMap":{"docs":{"insertions":22,"deletions":14}}},{"hash":"cb048fed7f723e798ba68542fce379d65b9d9b9d","isMergeCommit":true,"messageTitle":"Merge branch \u0027master\u0027 into developer-guide","messageBody":"","fileTypesAndContributionMap":{}},{"hash":"33a4bfa9c3b49d164192d266bfafa27748d9b379","isMergeCommit":true,"messageTitle":"Merge pull request #12 from Jolonauh/about-us","messageBody":"Update AboutUs page","fileTypesAndContributionMap":{}}]},{"date":"2024-03-04","commitResults":[{"hash":"6e155c6843b5cb4c818c0b4ea4e4cd38c32d080d","isMergeCommit":false,"messageTitle":"Add Structure","messageBody":"Added initial classes required to implement the Undo and Redo commands\n","fileTypesAndContributionMap":{"functional-code":{"insertions":12,"deletions":0}}},{"hash":"bac1ea0317fd3fa059d9e12b4eb13a334551ade2","isMergeCommit":false,"messageTitle":"Add JavaDoc","messageBody":"Resolved errors arising from missing JavaDoc statements and also added\nmost of the logic and functionality\n","fileTypesAndContributionMap":{"functional-code":{"insertions":170,"deletions":0}}},{"hash":"73ea41abce5fee760269a38a0434e34222da2ff2","isMergeCommit":false,"messageTitle":"Add JUnit Tests","messageBody":"Added placeholder tests for the new classes, and converted History into\nan interface that HistoryManager implemented\n","fileTypesAndContributionMap":{"functional-code":{"insertions":77,"deletions":56},"test-code":{"insertions":48,"deletions":0}}},{"hash":"7e3c55e3554495b9e63a7097db9fdecd3e889878","isMergeCommit":false,"messageTitle":"Update JUnit Tests","messageBody":"Added tests for coverage\n","fileTypesAndContributionMap":{"functional-code":{"insertions":14,"deletions":14},"test-code":{"insertions":80,"deletions":1}}}]},{"date":"2024-03-06","commitResults":[{"hash":"f2b08d313861b2eb82cce0dbc439106d52b5c143","isMergeCommit":false,"messageTitle":"Update DG","messageBody":"","fileTypesAndContributionMap":{"docs":{"insertions":2,"deletions":2}}},{"hash":"920333b42ecb1db630ab274f16fa68b8ed5ebbba","isMergeCommit":true,"messageTitle":"Merge branch \u0027master\u0027 into undo-redo","messageBody":"","fileTypesAndContributionMap":{}}]},{"date":"2024-03-08","commitResults":[{"hash":"4079ce27f0c084e54dea669113dab635732dd1e6","isMergeCommit":true,"messageTitle":"Merge branch \u0027master\u0027 into undo-redo","messageBody":"","fileTypesAndContributionMap":{}}]},{"date":"2024-03-11","commitResults":[{"hash":"4dd7dcd2a6b3c159cdef16263776d316e6e92315","isMergeCommit":true,"messageTitle":"Merge pull request #25 from Jolonauh/update-person-class","messageBody":"Update Person class and tests","fileTypesAndContributionMap":{}}]},{"date":"2024-03-17","commitResults":[{"hash":"5119fbb8399e8b57002f50ac75d01910cb309bea","isMergeCommit":false,"messageTitle":"Update Undo command","messageBody":"","fileTypesAndContributionMap":{"functional-code":{"insertions":237,"deletions":44},"test-code":{"insertions":17,"deletions":7}}},{"hash":"fe240b5471c229af1cc6c84ad83849ef24f8a827","isMergeCommit":true,"messageTitle":"Merge branch \u0027master\u0027 into undo-redo","messageBody":"","fileTypesAndContributionMap":{}},{"hash":"7c7d8e44a4dd94415ff6e39161e8348ea0a54a88","isMergeCommit":false,"messageTitle":"Add Undo functionality with deepcopy","messageBody":"","fileTypesAndContributionMap":{"functional-code":{"insertions":50,"deletions":14}}}]},{"date":"2024-03-18","commitResults":[{"hash":"79fa6ea445fa3ae41ff690f653ff0e988991478b","isMergeCommit":false,"messageTitle":"Add redo command","messageBody":"","fileTypesAndContributionMap":{"functional-code":{"insertions":121,"deletions":56},"test-code":{"insertions":6,"deletions":9}}},{"hash":"5d71f72ef602e310817808d7c10e9facc042ff7d","isMergeCommit":true,"messageTitle":"Merge pull request #34 from Jolonauh/update-command","messageBody":"Change edit command to update command","fileTypesAndContributionMap":{}}]},{"date":"2024-03-19","commitResults":[{"hash":"763d663a4b05ac47b1074deba10ec1bec25c5d9f","isMergeCommit":true,"messageTitle":"Merge pull request #42 from tejas-1405/add-quickstart-UG","messageBody":"Add Quick start to UG","fileTypesAndContributionMap":{}},{"hash":"78127e815a61b78254f6c23b858a6eb86d840a02","isMergeCommit":true,"messageTitle":"Merge pull request #41 from eliotlee68/40-UG-Addcommand-Section","messageBody":"Edited UG add command section to include next of kin","fileTypesAndContributionMap":{}}]},{"date":"2024-03-20","commitResults":[{"hash":"4f028276366808199634bed7a8bf48a8555605f2","isMergeCommit":true,"messageTitle":"Merge pull request #44 from Rishit02/fix-add-command-messages","messageBody":"Fix add command bugs","fileTypesAndContributionMap":{}}]},{"date":"2024-03-21","commitResults":[{"hash":"d5ae17be0f4a3ea6a3056f8fde22c85d838e9588","isMergeCommit":false,"messageTitle":"Handle History Exception","messageBody":"","fileTypesAndContributionMap":{"functional-code":{"insertions":31,"deletions":18},"test-code":{"insertions":89,"deletions":27}}},{"hash":"0fb4268571d6a22dfa0ad16a3b3fbed769e99a3d","isMergeCommit":false,"messageTitle":"Update Error Message for Update Command","messageBody":"","fileTypesAndContributionMap":{"functional-code":{"insertions":3,"deletions":2}}}]},{"date":"2024-03-22","commitResults":[{"hash":"64ba16c3b7537a1749a9a049f882e3698af2fda0","isMergeCommit":false,"messageTitle":"Update UML","messageBody":"","fileTypesAndContributionMap":{"docs":{"insertions":39,"deletions":28}}}]},{"date":"2024-03-24","commitResults":[{"hash":"96723d1f642c7a76ec8e450546417cf6a80e8253","isMergeCommit":true,"messageTitle":"Merge pull request #51 from Jolonauh/UML-update","messageBody":"Add UML diagrams for State class","fileTypesAndContributionMap":{}},{"hash":"3e85b9d8639ccf7dd700e46e49633b442070215d","isMergeCommit":true,"messageTitle":"Merge pull request #56 from Jolonauh/user-guide","messageBody":"Update user guide","fileTypesAndContributionMap":{}},{"hash":"0733aa39b01b7d90646a78176f4fa8d8786eed53","isMergeCommit":true,"messageTitle":"Merge pull request #54 from eliotlee68/48-UML-Find-Function","messageBody":"Added sequence diagram for Find function","fileTypesAndContributionMap":{}},{"hash":"7233b1f89a854820d32fdd6cc42256933590f9c8","isMergeCommit":true,"messageTitle":"Merge branch \u0027master\u0027 into undo-redo","messageBody":"","fileTypesAndContributionMap":{}},{"hash":"d64df6f213f94f08a1e0363d5abd1a9ff1052b05","isMergeCommit":false,"messageTitle":"Update User Guide","messageBody":"","fileTypesAndContributionMap":{"docs":{"insertions":13,"deletions":9}}},{"hash":"c68d95ce996b78ad5ae33ca1cd53221a4931e8a2","isMergeCommit":false,"messageTitle":"Fix links in User Guide","messageBody":"","fileTypesAndContributionMap":{"docs":{"insertions":65,"deletions":31}}},{"hash":"a331e7950fd859b5c9a5005aae7ff662116ca3b7","isMergeCommit":false,"messageTitle":"Update Boxes in User Guide","messageBody":"","fileTypesAndContributionMap":{"docs":{"insertions":16,"deletions":8}}},{"hash":"78521e3d2cc47d864cbfce8bf7b853f453e7b47a","isMergeCommit":false,"messageTitle":"Fix Formatting","messageBody":"","fileTypesAndContributionMap":{"docs":{"insertions":4,"deletions":4}}},{"hash":"df1f4c3c7ae8cd5d31fc42b69e8e51f46e44b77c","isMergeCommit":false,"messageTitle":"Fix wording of Redo","messageBody":"","fileTypesAndContributionMap":{"docs":{"insertions":2,"deletions":2}}},{"hash":"f6c84221c908e3846c331645de0498567aef3b3f","isMergeCommit":true,"messageTitle":"Merge branch \u0027master\u0027 into undo-redo","messageBody":"","fileTypesAndContributionMap":{}}]},{"date":"2024-03-25","commitResults":[{"hash":"e7d37cffd73e83e3cdf11054d0c2dd6a686fcb92","isMergeCommit":false,"messageTitle":"Update Tests for History and State","messageBody":"","fileTypesAndContributionMap":{"functional-code":{"insertions":1,"deletions":9},"test-code":{"insertions":36,"deletions":34}}},{"hash":"ff2db73e98a0773d3f3f3f88070445bdd5f5713f","isMergeCommit":true,"messageTitle":"Merge pull request #60 from tejas-1405/UML-update","messageBody":"Update UML Diagrams","fileTypesAndContributionMap":{}},{"hash":"7ccdb67c901231b14be790bf4fa6944c7a553a81","isMergeCommit":true,"messageTitle":"Merge pull request #62 from Rishit02/update-UG","messageBody":"Update UG","fileTypesAndContributionMap":{}},{"hash":"d6139171a9903e0a94b4b1189a11fba87a20f6e7","isMergeCommit":false,"messageTitle":"Update Tests for Model","messageBody":"","fileTypesAndContributionMap":{"functional-code":{"insertions":61,"deletions":2},"test-code":{"insertions":91,"deletions":4}}},{"hash":"0e73a6c221873f104ea574f8d7932894b62fdcba","isMergeCommit":true,"messageTitle":"Merge pull request #57 from eliotlee68/55-Update-UG","messageBody":"Update user guide","fileTypesAndContributionMap":{}},{"hash":"9fdb5f9c7d9c221920086f1b76e2ffba9658b9a8","isMergeCommit":false,"messageTitle":"Update Tests","messageBody":"","fileTypesAndContributionMap":{"test-code":{"insertions":70,"deletions":0}}},{"hash":"88cecdb130bd34e3cc192ba2b78791ec86442355","isMergeCommit":true,"messageTitle":"Merge pull request #61 from tejas-1405/update-user-guide","messageBody":"Update UG","fileTypesAndContributionMap":{}},{"hash":"d0e7ccbacfe37d33494defaca5b5f15e437ed91d","isMergeCommit":false,"messageTitle":"Update User Guide","messageBody":"","fileTypesAndContributionMap":{"docs":{"insertions":104,"deletions":49}}},{"hash":"856bca68e3f4a73872e5bbcf0ffbbcac98e51321","isMergeCommit":true,"messageTitle":"Merge pull request #63 from Rishit02/update-UG","messageBody":"Update user guide","fileTypesAndContributionMap":{}},{"hash":"af40c534067fd67bc8754c1403e7ff8348c7f574","isMergeCommit":true,"messageTitle":"Merge branch \u0027master\u0027 into update-user-guide-peer-review","messageBody":"","fileTypesAndContributionMap":{}},{"hash":"b9d06ef43e9b044dc9ee535e01e4671f6939f9b2","isMergeCommit":false,"messageTitle":"Fix Note Box","messageBody":"","fileTypesAndContributionMap":{"docs":{"insertions":3,"deletions":1}}},{"hash":"08c1d218eed73fac55ab3cde1585caeec3806215","isMergeCommit":false,"messageTitle":"Update Tests","messageBody":"Updated Tests for ModelManager and State classes\n","fileTypesAndContributionMap":{"test-code":{"insertions":19,"deletions":3}}},{"hash":"5ec6f62430863f2acf4de97ea34329e6cf9fd953","isMergeCommit":false,"messageTitle":"Fix Tests","messageBody":"Fixed the tests for the State class\n","fileTypesAndContributionMap":{"functional-code":{"insertions":0,"deletions":1},"test-code":{"insertions":5,"deletions":3}}}]},{"date":"2024-03-26","commitResults":[{"hash":"e915d3d70a20018927c4e4ec3111af3c73152f37","isMergeCommit":false,"messageTitle":"Update Tests","messageBody":"","fileTypesAndContributionMap":{"functional-code":{"insertions":18,"deletions":8},"test-code":{"insertions":312,"deletions":1}}},{"hash":"413333edd8b3c9eb254013ccb3cde2b3279bff80","isMergeCommit":false,"messageTitle":"Update Tests","messageBody":"Included tests for StartCommand class.\n","fileTypesAndContributionMap":{"functional-code":{"insertions":4,"deletions":2},"test-code":{"insertions":42,"deletions":0}}},{"hash":"a7765c7d9e5ffdef4d2f876ddd4568e124cacf3c","isMergeCommit":false,"messageTitle":"Update Tests","messageBody":"HistoryManager tests updated.\n","fileTypesAndContributionMap":{"test-code":{"insertions":2,"deletions":2}}},{"hash":"b94f186b773e501f9069fe097cdb4dd5832f886f","isMergeCommit":false,"messageTitle":"Update Delete Feature in UserGuide","messageBody":"","fileTypesAndContributionMap":{"docs":{"insertions":41,"deletions":10}}},{"hash":"54844b9f9b85d27dbf6ed78dd4daa47fc7a4f403","isMergeCommit":false,"messageTitle":"Rectify according to review","messageBody":"Made changes to State class according to review\n","fileTypesAndContributionMap":{"functional-code":{"insertions":23,"deletions":43},"test-code":{"insertions":11,"deletions":17}}},{"hash":"a1da7bd28151268225319285b55cd1e353b4dca7","isMergeCommit":false,"messageTitle":"Update UG","messageBody":"Changes were made with regards to the Code Review\n","fileTypesAndContributionMap":{"docs":{"insertions":19,"deletions":10}}},{"hash":"d926e1fc81783c4f36d5f3f449593ae5947d36ee","isMergeCommit":false,"messageTitle":"Fix Bugs","messageBody":"Fix bugs that were made when updating the code to address issues\nthat were found during the code review\n","fileTypesAndContributionMap":{"functional-code":{"insertions":35,"deletions":38},"test-code":{"insertions":10,"deletions":27}}},{"hash":"235ec9ffa9f4144635c1a343a9b7e04aa1d700b8","isMergeCommit":false,"messageTitle":"Add styling to User Guide","messageBody":"","fileTypesAndContributionMap":{"other":{"insertions":15,"deletions":2},"docs":{"insertions":1,"deletions":2}}},{"hash":"5e658153f67dc8b64a664cd9c82cda8cb32a2037","isMergeCommit":false,"messageTitle":"Update JavaDocs","messageBody":"","fileTypesAndContributionMap":{"functional-code":{"insertions":5,"deletions":5}}},{"hash":"53e1cd111b1146f2f81cc9242b958b3403c4f671","isMergeCommit":false,"messageTitle":"Update Test","messageBody":"Fixed naming of the testcases to match the review\n","fileTypesAndContributionMap":{"test-code":{"insertions":43,"deletions":24}}},{"hash":"1bbe833846a092dabe6ae70a647206ecca5ef709","isMergeCommit":false,"messageTitle":"Add listener to CommandBox class","messageBody":"","fileTypesAndContributionMap":{"functional-code":{"insertions":26,"deletions":0}}},{"hash":"18a58218bfe96aa835d03519b8e2b4771e0185d6","isMergeCommit":false,"messageTitle":"Remove unused imports","messageBody":"","fileTypesAndContributionMap":{"functional-code":{"insertions":0,"deletions":2}}},{"hash":"dbfc949e0b7e13656c73b6b857f517d4e75ce977","isMergeCommit":true,"messageTitle":"Merge branch \u0027master\u0027 into 69-command-utils","messageBody":"","fileTypesAndContributionMap":{}}]},{"date":"2024-03-27","commitResults":[{"hash":"816b87ae66acbbcb1034e257aa7127d997e2994b","isMergeCommit":true,"messageTitle":"Merge pull request #73 from Jolonauh/user-guide","messageBody":"Update the add, list, update and find commands in User Guide","fileTypesAndContributionMap":{}},{"hash":"aaa25695949c03758fcfa928c82bfa522afaab6c","isMergeCommit":false,"messageTitle":"Update User Guide","messageBody":"","fileTypesAndContributionMap":{"other":{"insertions":1,"deletions":3}}},{"hash":"532e86a712761f5cc9f5289b431c1e5c011878db","isMergeCommit":false,"messageTitle":"Update UI","messageBody":"Added Display components\n","fileTypesAndContributionMap":{"functional-code":{"insertions":193,"deletions":6}}},{"hash":"947186b1e9f4e6d39d837f247707c76eb53bc541","isMergeCommit":true,"messageTitle":"Merge pull request #65 from Rishit02/update-UG","messageBody":"Update user guide","fileTypesAndContributionMap":{}}]},{"date":"2024-03-28","commitResults":[{"hash":"d3e7a15d47d79b60aaaeafacd733707dae22a406","isMergeCommit":false,"messageTitle":"Remove Unnecessary Classes","messageBody":"","fileTypesAndContributionMap":{"functional-code":{"insertions":1,"deletions":54}}},{"hash":"abb7fb68ae8fa0d911350c886677678b0ebe08b1","isMergeCommit":false,"messageTitle":"Add OOP Abstraction","messageBody":"","fileTypesAndContributionMap":{"functional-code":{"insertions":67,"deletions":53},"other":{"insertions":34,"deletions":34},"docs":{"insertions":12,"deletions":12},"test-code":{"insertions":23,"deletions":21}}},{"hash":"c2419fcab5259abf5f27c18a0135ab1fc54f2d70","isMergeCommit":false,"messageTitle":"Update according to Peer Review","messageBody":"","fileTypesAndContributionMap":{"functional-code":{"insertions":0,"deletions":1}}},{"hash":"409af834cb1868e7d6363953c552e86cdaf82243","isMergeCommit":false,"messageTitle":"Update DisplayTable class","messageBody":"Converted the Description to NoK\nReverted handlehelp\n","fileTypesAndContributionMap":{"functional-code":{"insertions":10,"deletions":9}}}]},{"date":"2024-03-29","commitResults":[{"hash":"a976ae198ae90329c3f726aaa1d554b76e52626a","isMergeCommit":false,"messageTitle":"Add OOP and logic for Command Utils","messageBody":"","fileTypesAndContributionMap":{"functional-code":{"insertions":75,"deletions":4},"test-code":{"insertions":10,"deletions":0}}},{"hash":"d4a939ad03b9cad0ee9f439d369900f20195d2d3","isMergeCommit":false,"messageTitle":"Fix bug found in UpdateCommand","messageBody":"","fileTypesAndContributionMap":{"functional-code":{"insertions":1,"deletions":1}}},{"hash":"790b10c85ae17c10ed3f7e7af39eedf3af018874","isMergeCommit":false,"messageTitle":"Update tests","messageBody":"","fileTypesAndContributionMap":{"functional-code":{"insertions":1,"deletions":1},"test-code":{"insertions":17,"deletions":0}}},{"hash":"82b05d7033ecf11db5c4d284747640636d550749","isMergeCommit":false,"messageTitle":"Update according to Peer Review","messageBody":"","fileTypesAndContributionMap":{"test-code":{"insertions":1,"deletions":1}}},{"hash":"630fe7daf3f1433c38e3ac6cb9d8fa351506f64a","isMergeCommit":false,"messageTitle":"Add basic UI structure","messageBody":"","fileTypesAndContributionMap":{"functional-code":{"insertions":186,"deletions":6}}},{"hash":"96dee0930ce1a2a293a81de20319714fe4feae93","isMergeCommit":false,"messageTitle":"Fix sizing bug","messageBody":"When resizing application to smaller than 650px, the event list\ngets cut off. Set minWidth to 650px.\n","fileTypesAndContributionMap":{"functional-code":{"insertions":1,"deletions":1}}},{"hash":"152639608a42d687ab946d24d94d09c65a4dca87","isMergeCommit":true,"messageTitle":"Merge branch \u0027master\u0027 into 81-event-ui","messageBody":"","fileTypesAndContributionMap":{}},{"hash":"722a65a7b8be0e48906f41b0fc7535882a0575ab","isMergeCommit":false,"messageTitle":"Update tests","messageBody":"","fileTypesAndContributionMap":{"test-code":{"insertions":6,"deletions":0}}},{"hash":"377b2ad4990c2a1d69233eed17d67f45f117c32e","isMergeCommit":true,"messageTitle":"Merge branch \u0027master\u0027 into undo-redo","messageBody":"","fileTypesAndContributionMap":{}},{"hash":"2f5780d854eff0685b8ec6ec78d76ec720f1236e","isMergeCommit":false,"messageTitle":"Add CSS changes","messageBody":"","fileTypesAndContributionMap":{"functional-code":{"insertions":7,"deletions":1}}},{"hash":"c6892fd6ac7931754b561c86e191bb49f066de46","isMergeCommit":false,"messageTitle":"Update UI","messageBody":"","fileTypesAndContributionMap":{"functional-code":{"insertions":157,"deletions":28}}},{"hash":"29ffd8169cb5a08ddefadf2dbd8488dcb8619ce2","isMergeCommit":false,"messageTitle":"Update Event class","messageBody":"Updated the Event class to be more verbose\n","fileTypesAndContributionMap":{"functional-code":{"insertions":10,"deletions":5}}},{"hash":"1dda4682ae6ec66d35374af3484c4a7e74aed143","isMergeCommit":false,"messageTitle":"Enable Assertions and update MainApp class","messageBody":"","fileTypesAndContributionMap":{"functional-code":{"insertions":1,"deletions":1},"other":{"insertions":4,"deletions":0}}}]},{"date":"2024-03-30","commitResults":[{"hash":"dd48775ced3c425a8debf919a0da8302c36419fe","isMergeCommit":false,"messageTitle":"Add OOP","messageBody":"This is a breaking commit, it is half-way done.\n","fileTypesAndContributionMap":{"functional-code":{"insertions":541,"deletions":39}}},{"hash":"d5ea6b5b8acad39675c53c16e26a44dc4e850088","isMergeCommit":false,"messageTitle":"Update tests","messageBody":"","fileTypesAndContributionMap":{"functional-code":{"insertions":189,"deletions":7},"test-code":{"insertions":100,"deletions":25}}}]},{"date":"2024-03-31","commitResults":[{"hash":"be36da7d93a739a047f159a3e63fe0129722b0d5","isMergeCommit":true,"messageTitle":"Merge pull request #86 from Rishit02/improve-css","messageBody":"Update DarkTheme.css","fileTypesAndContributionMap":{}},{"hash":"62d7f00c3d168d4ee00d34b2a4031566eca3a561","isMergeCommit":false,"messageTitle":"Add sample data","messageBody":"","fileTypesAndContributionMap":{"functional-code":{"insertions":24,"deletions":28}}}]},{"date":"2024-04-01","commitResults":[{"hash":"e38131e3bd73daca8277a29ff2897be6cd2ead03","isMergeCommit":true,"messageTitle":"Merge branch \u0027master\u0027 into 81-event-ui","messageBody":"","fileTypesAndContributionMap":{}},{"hash":"ba8ed82fc2841eb65bd83c86784a710b94986a70","isMergeCommit":false,"messageTitle":"Add tests","messageBody":"","fileTypesAndContributionMap":{"functional-code":{"insertions":15,"deletions":0},"test-code":{"insertions":161,"deletions":3}}}]},{"date":"2024-04-02","commitResults":[{"hash":"f665b42020b77c291c26f81b080ad732cda0a4a4","isMergeCommit":false,"messageTitle":"Update tests","messageBody":"","fileTypesAndContributionMap":{"functional-code":{"insertions":64,"deletions":28},"test-code":{"insertions":233,"deletions":46}}},{"hash":"4a27eda1e5318089127d1c7a2e0932c1d624a812","isMergeCommit":false,"messageTitle":"Update tests","messageBody":"","fileTypesAndContributionMap":{"test-code":{"insertions":167,"deletions":0}}},{"hash":"b4aa1c1bf8561b9cf0496774f0abbc9b7b3386b1","isMergeCommit":false,"messageTitle":"Update tests","messageBody":"","fileTypesAndContributionMap":{"functional-code":{"insertions":4,"deletions":1},"test-code":{"insertions":173,"deletions":3}}},{"hash":"c7e0e18fb15a45899a5d44488b5c8b708b6e6bad","isMergeCommit":false,"messageTitle":"Update tests","messageBody":"","fileTypesAndContributionMap":{"functional-code":{"insertions":2,"deletions":2},"test-code":{"insertions":110,"deletions":0}}},{"hash":"794b54c939d44a266aed2972f84bf7edad452977","isMergeCommit":false,"messageTitle":"Update tests","messageBody":"* Included the SampleDataUtils::getSampleCalendar to pass codecov\n","fileTypesAndContributionMap":{"test-code":{"insertions":4,"deletions":4}}},{"hash":"d3d64a8b6680d86061d6886a79ab0ea6d8ad9e2c","isMergeCommit":true,"messageTitle":"Merge pull request #80 from Rishit02/optional-fields","messageBody":"Add Optional fields","fileTypesAndContributionMap":{}},{"hash":"0a9150d87055072f4ceaa5ec92715a866ac189b9","isMergeCommit":false,"messageTitle":"Refactor Title to Heading","messageBody":"","fileTypesAndContributionMap":{"functional-code":{"insertions":78,"deletions":34},"other":{"insertions":17,"deletions":17},"test-code":{"insertions":96,"deletions":96}}},{"hash":"4789de2581123a91975b117225c4a49c0db4ee2b","isMergeCommit":false,"messageTitle":"Fix refactoring issues","messageBody":"","fileTypesAndContributionMap":{"test-code":{"insertions":8,"deletions":5}}}]}],"tejas-1405":[{"date":"2024-02-26","commitResults":[{"hash":"0021bf390dc434989eca3e2cb04e6d9fc4431f47","isMergeCommit":true,"messageTitle":"Merge pull request #5 from pjanthony2001/add-pjanthony-info","messageBody":"Add pjanthony info","fileTypesAndContributionMap":{}}]},{"date":"2024-03-03","commitResults":[{"hash":"1af41f3d871e4a392d5d774e46b6a0dd75ca5c17","isMergeCommit":false,"messageTitle":"Add NFRs and Glossary","messageBody":"","fileTypesAndContributionMap":{"docs":{"insertions":6,"deletions":1}}},{"hash":"130dc9e3bc7118347c10169222e7bda2bf7db177","isMergeCommit":false,"messageTitle":"Add glossary terms","messageBody":"","fileTypesAndContributionMap":{"docs":{"insertions":2,"deletions":2}}},{"hash":"6eaeffafd069573622948e0cd06b6935d6aacb6f","isMergeCommit":false,"messageTitle":"Remove 5th NFR","messageBody":"","fileTypesAndContributionMap":{"docs":{"insertions":3,"deletions":4}}}]},{"date":"2024-03-19","commitResults":[{"hash":"3b5e7846e0fe93e16bd4b93838d583c360716e5e","isMergeCommit":false,"messageTitle":"Add Quick start to UG","messageBody":"","fileTypesAndContributionMap":{"docs":{"insertions":4,"deletions":2}}}]},{"date":"2024-03-24","commitResults":[{"hash":"1faf221a2766a94c7a27a1d9d6c2f6536366e833","isMergeCommit":false,"messageTitle":"Update UML Diagrams","messageBody":"","fileTypesAndContributionMap":{"docs":{"insertions":4,"deletions":4}}},{"hash":"2ee009f6a5167c4be978f8a0068f2a8d4d50cd59","isMergeCommit":true,"messageTitle":"Merge pull request #58 from pjanthony2001/update-user-guide","messageBody":"Update User Guide","fileTypesAndContributionMap":{}},{"hash":"3a2b08193bcf38361f20edca637517dbac980860","isMergeCommit":false,"messageTitle":"Add Delete and Display commands to UG","messageBody":"","fileTypesAndContributionMap":{"docs":{"insertions":16,"deletions":0}}}]},{"date":"2024-03-25","commitResults":[{"hash":"4e6ae568110a58a197c8de559b47c8687b6fec6a","isMergeCommit":false,"messageTitle":"Add Images for delete command","messageBody":"","fileTypesAndContributionMap":{"docs":{"insertions":5,"deletions":0}}}]},{"date":"2024-03-26","commitResults":[{"hash":"333e9bda78590c00ab1bbc34cc32d93c62db44a9","isMergeCommit":false,"messageTitle":"Improve UG Introduction","messageBody":"","fileTypesAndContributionMap":{"docs":{"insertions":23,"deletions":4}}},{"hash":"6b97fbbfaa973fcf09877d3a4863bc884decd931","isMergeCommit":false,"messageTitle":"Edit wording","messageBody":"","fileTypesAndContributionMap":{"docs":{"insertions":2,"deletions":2}}},{"hash":"10be63c0eac390e8aa5047e7ee6586d28bd917da","isMergeCommit":false,"messageTitle":"Add logo","messageBody":"","fileTypesAndContributionMap":{"docs":{"insertions":4,"deletions":0}}},{"hash":"bde8ccf8a6c255b85fe8002379bf5111eeeeb129","isMergeCommit":false,"messageTitle":"Edit logo magins","messageBody":"","fileTypesAndContributionMap":{"docs":{"insertions":2,"deletions":2}}}]},{"date":"2024-03-29","commitResults":[{"hash":"b07cc5834a81efc52fa99f2ef1338376c8fb980f","isMergeCommit":true,"messageTitle":"Merge pull request #76 from pjanthony2001/74-display-gui","messageBody":"Update UI","fileTypesAndContributionMap":{}},{"hash":"3d892c21ec8cc0a5cce331a212b11f14aa9424f7","isMergeCommit":true,"messageTitle":"Merge pull request #20 from pjanthony2001/undo-redo","messageBody":"Add Undo and Redo commands","tags":["v1.2.1"],"fileTypesAndContributionMap":{}},{"hash":"b78fe47e74675da6df7a45679c3853917429145e","isMergeCommit":true,"messageTitle":"Merge pull request #84 from pjanthony2001/trial-release","messageBody":"Enable Assertions and update MainApp class","fileTypesAndContributionMap":{}}]},{"date":"2024-03-31","commitResults":[{"hash":"8e58c10383b356a178f03aa667cc66afdc18f1f2","isMergeCommit":false,"messageTitle":"Create Display class and parser","messageBody":"","fileTypesAndContributionMap":{"functional-code":{"insertions":61,"deletions":0}}},{"hash":"0065a75252a11444f165d5cef2936e8e7c294263","isMergeCommit":false,"messageTitle":"Fix minor bug","messageBody":"","fileTypesAndContributionMap":{"functional-code":{"insertions":22,"deletions":1}}},{"hash":"619cb1166bae5f4532668a95d38cf5adaee19eb3","isMergeCommit":false,"messageTitle":"Add UI functionality","messageBody":"","fileTypesAndContributionMap":{"functional-code":{"insertions":24,"deletions":2}}},{"hash":"cb330a426b0c80460f30a8b86cd13f47474addf1","isMergeCommit":false,"messageTitle":"Fix merge conflict","messageBody":"","fileTypesAndContributionMap":{"functional-code":{"insertions":24,"deletions":3}}},{"hash":"f0dbed2bdebfca1dad22fb88aa1b296395d2d577","isMergeCommit":false,"messageTitle":"Fix CommandResult constructor","messageBody":"","fileTypesAndContributionMap":{"functional-code":{"insertions":10,"deletions":8}}},{"hash":"c9125d45b046333b340e437d2f4ed5067251df0f","isMergeCommit":false,"messageTitle":"Fix issues","messageBody":"","fileTypesAndContributionMap":{"functional-code":{"insertions":4,"deletions":1}}},{"hash":"1fe710d7eb5dae0a84a0a3035c3b1ffb7cbb4527","isMergeCommit":false,"messageTitle":"Fix Constructors","messageBody":"","fileTypesAndContributionMap":{"functional-code":{"insertions":19,"deletions":28}}},{"hash":"5627f060886ef7b96d6350fcf183cb03dccb29f1","isMergeCommit":false,"messageTitle":"Integrate base UI for display command","messageBody":"","fileTypesAndContributionMap":{"functional-code":{"insertions":1,"deletions":3}}},{"hash":"b8dd4bb2003ca62f57732b707c3614b7439f0d41","isMergeCommit":false,"messageTitle":"Ensure correct Person details are being displayed","messageBody":"","fileTypesAndContributionMap":{"functional-code":{"insertions":24,"deletions":14}}},{"hash":"9140558421d88b977131b31452d20d5133f06afc","isMergeCommit":false,"messageTitle":"Add UI and description box","messageBody":"","fileTypesAndContributionMap":{"functional-code":{"insertions":106,"deletions":1}}},{"hash":"cd614541b2f55bf38c6ed2e17566f8a88aa47f17","isMergeCommit":false,"messageTitle":"Fix bug","messageBody":"","fileTypesAndContributionMap":{"functional-code":{"insertions":33,"deletions":16}}},{"hash":"6ac4153e91918f3ef08cba3aa97f82978786db56","isMergeCommit":false,"messageTitle":"Convert table to list","messageBody":"","fileTypesAndContributionMap":{"functional-code":{"insertions":305,"deletions":47}}},{"hash":"fa0d434ebead8175554883e8851783e7f39087ae","isMergeCommit":false,"messageTitle":"Fix UI bug","messageBody":"","fileTypesAndContributionMap":{"functional-code":{"insertions":1,"deletions":1}}},{"hash":"51380b3972ffbc4c0bc210602a136c661280204d","isMergeCommit":false,"messageTitle":"Fix merge conflict","messageBody":"","fileTypesAndContributionMap":{"functional-code":{"insertions":1,"deletions":4}}},{"hash":"39ccc56e27757f2f9f4a9aa893c2df5449f60e6b","isMergeCommit":false,"messageTitle":"Improve textbox design","messageBody":"","fileTypesAndContributionMap":{"functional-code":{"insertions":6,"deletions":2}}}]},{"date":"2024-04-01","commitResults":[{"hash":"61dfab71d3a25c9bd7cccc97eb279475506cfef2","isMergeCommit":false,"messageTitle":"Remove whitespace","messageBody":"","fileTypesAndContributionMap":{"functional-code":{"insertions":1,"deletions":7}}}]},{"date":"2024-04-02","commitResults":[{"hash":"88f1622af7986e44f9ffa91da114c274a104c99e","isMergeCommit":false,"messageTitle":"Fix bug","messageBody":"","fileTypesAndContributionMap":{"functional-code":{"insertions":5,"deletions":1}}},{"hash":"a3bfd7e01829b0258ef223baa8c0c7ea37c4667e","isMergeCommit":false,"messageTitle":"Add Tests","messageBody":"","fileTypesAndContributionMap":{"functional-code":{"insertions":9,"deletions":0},"test-code":{"insertions":95,"deletions":0}}},{"hash":"d44ff10d3ae75b771ab24fca1d819a9b25c2e92f","isMergeCommit":false,"messageTitle":"Fix Cursor movement","messageBody":"","fileTypesAndContributionMap":{"functional-code":{"insertions":6,"deletions":0}}},{"hash":"27c142ef48db06554f7134733e86a51a0bc5af1d","isMergeCommit":false,"messageTitle":"Fix bug","messageBody":"","fileTypesAndContributionMap":{"functional-code":{"insertions":42,"deletions":11}}}]},{"date":"2024-04-03","commitResults":[{"hash":"0b372b07269b0c9eb22c1a9570eb0f071012d897","isMergeCommit":true,"messageTitle":"Fix merge conflicts","messageBody":"","fileTypesAndContributionMap":{}},{"hash":"6eef95e5609b71e4f26ba81fc439fb85e623315a","isMergeCommit":false,"messageTitle":"Merge Branch with master","messageBody":"","fileTypesAndContributionMap":{"functional-code":{"insertions":1,"deletions":1}}},{"hash":"8bb2f9a4cce70da473abcdfb978ac9a1b1adbf5a","isMergeCommit":false,"messageTitle":"Fix whitespaces","messageBody":"","fileTypesAndContributionMap":{"functional-code":{"insertions":1,"deletions":6}}},{"hash":"5320136663b09267254e34c64fa28da629ba62d8","isMergeCommit":false,"messageTitle":"Fix Styling","messageBody":"","fileTypesAndContributionMap":{"functional-code":{"insertions":63,"deletions":45},"test-code":{"insertions":4,"deletions":6}}},{"hash":"17674bfde06066742526d09f67a1d05bae75e9da","isMergeCommit":false,"messageTitle":"Update test cases","messageBody":"","fileTypesAndContributionMap":{"test-code":{"insertions":43,"deletions":1}}},{"hash":"7688ec9cb51057acda39238ab70b00d11f2d6ce2","isMergeCommit":false,"messageTitle":"Add assertion","messageBody":"","fileTypesAndContributionMap":{"functional-code":{"insertions":1,"deletions":0}}},{"hash":"5e047e1f02e18792657e7d07416cb1f43d9d292d","isMergeCommit":false,"messageTitle":"Improve code quality","messageBody":"","fileTypesAndContributionMap":{"functional-code":{"insertions":2,"deletions":2}}},{"hash":"9cfb25168862032cf6d7add0eec215dae184a4dc","isMergeCommit":false,"messageTitle":"Add tests","messageBody":"","fileTypesAndContributionMap":{"test-code":{"insertions":13,"deletions":0}}},{"hash":"7a5fea4b6e6c8d4df8c6b69b884e4e53985bffdc","isMergeCommit":false,"messageTitle":"Improve code quality","messageBody":"","fileTypesAndContributionMap":{"functional-code":{"insertions":14,"deletions":14},"test-code":{"insertions":1,"deletions":1}}},{"hash":"3c635c6026ebe37b2bfa9dfafc364b003fecbadb","isMergeCommit":true,"messageTitle":"Merge pull request #91 from Rishit02/event-logic","messageBody":"Scheduling Events logic","fileTypesAndContributionMap":{}}]}],"Jolonauh":[{"date":"2024-02-29","commitResults":[{"hash":"0d292263860c9729fe771be9bc9d418e09ce4a99","isMergeCommit":false,"messageTitle":"Update AboutUs page","messageBody":"","fileTypesAndContributionMap":{"docs":{"insertions":220,"deletions":25}}},{"hash":"15b85b54f50a363e5563011c35c34690f7d12b3d","isMergeCommit":false,"messageTitle":"Rename profile photos","messageBody":"","fileTypesAndContributionMap":{"docs":{"insertions":6,"deletions":6}}}]},{"date":"2024-03-03","commitResults":[{"hash":"0b0610b73d0779626c9b551bf3c9d1363e3e1081","isMergeCommit":false,"messageTitle":"Add responsibilities to team members","messageBody":"","fileTypesAndContributionMap":{"docs":{"insertions":2,"deletions":2}}},{"hash":"311f07006b248480aced2eb1da970eb6524053e5","isMergeCommit":true,"messageTitle":"Merge pull request #14 from pjanthony2001/developer-guide","messageBody":"Update Developer Guide","fileTypesAndContributionMap":{}},{"hash":"705c814a9d88af1cd8467818a10a222e58410139","isMergeCommit":true,"messageTitle":"Merge branch \u0027master\u0027 into about-us","messageBody":"","fileTypesAndContributionMap":{}}]},{"date":"2024-03-04","commitResults":[{"hash":"34edb2dbbe8eb41b69a0ed4709c5e8cfe00520a9","isMergeCommit":true,"messageTitle":"Merge pull request #16 from tejas-1405/dev-guide","messageBody":"Updated Developer Guide","fileTypesAndContributionMap":{}}]},{"date":"2024-03-06","commitResults":[{"hash":"4f660c71b081dd6472e6642f52721c3be4121540","isMergeCommit":true,"messageTitle":"Merge pull request #22 from pjanthony2001/developer-guide","messageBody":"Update DG","fileTypesAndContributionMap":{}},{"hash":"e753152296e03113d0ef994b161bbaae3a232541","isMergeCommit":false,"messageTitle":"Update Person class with description and nextOfKin fields","messageBody":"","fileTypesAndContributionMap":{"functional-code":{"insertions":229,"deletions":42},"test-code":{"insertions":20,"deletions":6}}},{"hash":"89313a56db556dd27d9a60f9df376e6ed085b44d","isMergeCommit":true,"messageTitle":"Merge branch \u0027AY2324S2-CS2103T-W12-4:master\u0027 into update-person-class","messageBody":"","fileTypesAndContributionMap":{}}]},{"date":"2024-03-07","commitResults":[{"hash":"e9a8e73da6369cfb18cf850ed2dc0522a90e0f67","isMergeCommit":false,"messageTitle":"Change code to fit checkstyle","messageBody":"","fileTypesAndContributionMap":{"functional-code":{"insertions":54,"deletions":7},"test-code":{"insertions":13,"deletions":1}}},{"hash":"1f450015e4260d6cce62eafbb2a81f36baedb2c7","isMergeCommit":true,"messageTitle":"Merge remote-tracking branch \u0027origin/update-person-class\u0027 into update-person-class","messageBody":"","fileTypesAndContributionMap":{}},{"hash":"d63d3f198226d9467e064470d2795047e718f8b6","isMergeCommit":false,"messageTitle":"Update JsonAdaptedPersonTest.java","messageBody":"","fileTypesAndContributionMap":{"test-code":{"insertions":55,"deletions":14}}},{"hash":"6a20b6e11a23699e686b7648f0169d650eb1f3db","isMergeCommit":false,"messageTitle":"Update tests and test data to include new fields","messageBody":"","fileTypesAndContributionMap":{"functional-code":{"insertions":2,"deletions":2},"test-code":{"insertions":11,"deletions":6}}},{"hash":"59147ab93bee2ca23e3d16dcd3d334deeabb92ec","isMergeCommit":false,"messageTitle":"Add new tests and update existing tests","messageBody":"","fileTypesAndContributionMap":{"test-code":{"insertions":149,"deletions":11}}},{"hash":"4a54a8b08d83b99e1352724cd239aabe7906ba25","isMergeCommit":false,"messageTitle":"Correct CheckStyle errors and update test cases","messageBody":"","fileTypesAndContributionMap":{"functional-code":{"insertions":47,"deletions":5},"test-code":{"insertions":27,"deletions":7}}},{"hash":"03c10001eebf293ee5ef2ec798a2a1614d7dcb3f","isMergeCommit":false,"messageTitle":"Update AboutUs.md","messageBody":"","fileTypesAndContributionMap":{"docs":{"insertions":1,"deletions":1}}}]},{"date":"2024-03-15","commitResults":[{"hash":"859538a369a8f11fb21f3aa61e5d4f11c551993a","isMergeCommit":true,"messageTitle":"Merge pull request #33 from Rishit02/update-add-feature","messageBody":"Fix issue #18","fileTypesAndContributionMap":{}},{"hash":"7c98b859187a3a4857cee4a5786accf33ac60d63","isMergeCommit":false,"messageTitle":"Change the edit command to use a name","messageBody":"Previously an integer was provided to specify the target person to be\nedited. The new code changes that functionality to use the full name of\nthe target person instead. The full name provided as argument is not\nrequired to be case sensitive.\n","fileTypesAndContributionMap":{"functional-code":{"insertions":30,"deletions":18}}}]},{"date":"2024-03-16","commitResults":[{"hash":"77032d571cf9b670ceff94c757d957f2ba206914","isMergeCommit":false,"messageTitle":"Change edit command to update","messageBody":"","fileTypesAndContributionMap":{"functional-code":{"insertions":21,"deletions":20},"other":{"insertions":101,"deletions":108},"docs":{"insertions":2,"deletions":2},"test-code":{"insertions":423,"deletions":417}}}]},{"date":"2024-03-17","commitResults":[{"hash":"8ee7aedd96fb8949843de21f2a50fd17b4e019da","isMergeCommit":false,"messageTitle":"Update tests","messageBody":"","fileTypesAndContributionMap":{"functional-code":{"insertions":20,"deletions":9},"docs":{"insertions":2,"deletions":2},"test-code":{"insertions":145,"deletions":135}}}]},{"date":"2024-03-18","commitResults":[{"hash":"0151cd2233407e83e9f2d9d1b016a0d3b9dc451f","isMergeCommit":false,"messageTitle":"Fix code based on code review","messageBody":"","fileTypesAndContributionMap":{"functional-code":{"insertions":7,"deletions":3},"test-code":{"insertions":2,"deletions":2}}}]},{"date":"2024-03-22","commitResults":[{"hash":"f1650ddb4a96fd56fdcd8707c0ee0c44e5f0a719","isMergeCommit":true,"messageTitle":"Merge pull request #50 from pjanthony2001/update-uml-undo","messageBody":"Update UML","fileTypesAndContributionMap":{}}]},{"date":"2024-03-23","commitResults":[{"hash":"ae9a50886b2926e77a2875ab8cfd31bf3d01d864","isMergeCommit":true,"messageTitle":"Merge pull request #49 from Rishit02/update-UML","messageBody":"Update UML diagrams","fileTypesAndContributionMap":{}},{"hash":"663c84517c3459dff203a7ee3e07b0180a4d87dc","isMergeCommit":false,"messageTitle":"Add UML diagrams for State class","messageBody":"","fileTypesAndContributionMap":{"docs":{"insertions":70,"deletions":0}}},{"hash":"d856ec2b9a16a8ba7f2a384ed5e6b2084f05e986","isMergeCommit":false,"messageTitle":"Add newline to StateSequenceDiagram.puml","messageBody":"","fileTypesAndContributionMap":{"docs":{"insertions":1,"deletions":1}}},{"hash":"d3be76d2e1fbb694e7cf1f50d772bfce2418a836","isMergeCommit":false,"messageTitle":"Revert \"Update UML diagrams\"","messageBody":"","fileTypesAndContributionMap":{"docs":{"insertions":0,"deletions":4}}}]},{"date":"2024-03-24","commitResults":[{"hash":"02690923818e8ab9f235e3387e74ae89bea8936a","isMergeCommit":false,"messageTitle":"Use constants to specify colours in puml diagrams","messageBody":"","fileTypesAndContributionMap":{"docs":{"insertions":5,"deletions":2}}},{"hash":"2d08e179baeb467a39538c6e596e9f0ed5df7779","isMergeCommit":false,"messageTitle":"Update user guide","messageBody":"","fileTypesAndContributionMap":{"docs":{"insertions":113,"deletions":75}}},{"hash":"ba6e4c9b5aec1d991af24ca89d5f555182ca1e89","isMergeCommit":true,"messageTitle":"Merge remote-tracking branch \u0027origin\u0027 into user-guide","messageBody":"","fileTypesAndContributionMap":{}},{"hash":"e085d949502e5ede96dfafb810b20d0c3967009b","isMergeCommit":false,"messageTitle":"Update introduction","messageBody":"","fileTypesAndContributionMap":{"docs":{"insertions":0,"deletions":5}}},{"hash":"1bb3c5c07e8765ccc721b156760634dd3d6b8819","isMergeCommit":false,"messageTitle":"Update user guide","messageBody":"","fileTypesAndContributionMap":{"docs":{"insertions":29,"deletions":14}}},{"hash":"08f4e22c39e39f2ebd261462bebff9ce0e3b2edf","isMergeCommit":false,"messageTitle":"Update user guide","messageBody":"","fileTypesAndContributionMap":{"docs":{"insertions":6,"deletions":0}}},{"hash":"0816b7edddfd0c5a1d9e9512920bcaf185099b6e","isMergeCommit":false,"messageTitle":"Add table of contents","messageBody":"","fileTypesAndContributionMap":{"docs":{"insertions":2,"deletions":0}}},{"hash":"1dbfcb75b1421a669b708c4a252304e137c3c370","isMergeCommit":false,"messageTitle":"Update user guide","messageBody":"","fileTypesAndContributionMap":{"docs":{"insertions":3,"deletions":3}}},{"hash":"a296a789218350a3db19734bc76456067e5e096e","isMergeCommit":true,"messageTitle":"Merge pull request #59 from Rishit02/update-uml","messageBody":"Update UML","fileTypesAndContributionMap":{}}]},{"date":"2024-03-26","commitResults":[{"hash":"2ec5b1775a0bba2dcae396e0c66cf6458fa23c04","isMergeCommit":true,"messageTitle":"Merge pull request #64 from pjanthony2001/update-user-guide-peer-review","messageBody":"Update User Guide","fileTypesAndContributionMap":{}},{"hash":"f410d9e6aa4accc0dff273b08c11070cf2b93157","isMergeCommit":true,"messageTitle":"Merge pull request #67 from pjanthony2001/66-update-ci","messageBody":"Update codecov.yml","fileTypesAndContributionMap":{}}]},{"date":"2024-03-27","commitResults":[{"hash":"fcb6826138f50f2d0368b88c8e8476b01a33ee93","isMergeCommit":false,"messageTitle":"Update the add, list, update and find commands","messageBody":"","fileTypesAndContributionMap":{"functional-code":{"insertions":1,"deletions":1},"docs":{"insertions":148,"deletions":38}}},{"hash":"a9813f962925388d52bf92bec4a723192f382b1c","isMergeCommit":true,"messageTitle":"Merge branch \u0027master\u0027 into update-user-guide-peer-review","messageBody":"","fileTypesAndContributionMap":{}},{"hash":"f06e2528178f21d6707e293511c08b71c4ffd024","isMergeCommit":true,"messageTitle":"Merge pull request #68 from pjanthony2001/update-user-guide-peer-review","messageBody":"Add styling to User Guide","fileTypesAndContributionMap":{}},{"hash":"2e795c0aaea0bda2c09f2090d5faad5a17f7ceca","isMergeCommit":true,"messageTitle":"Merge pull request #75 from eliotlee68/UG-Features-Clarity","messageBody":"Improve clarity of undo, redo, delete, clear and exit features of UG","fileTypesAndContributionMap":{}},{"hash":"95b626dedfd5e77daaa426ee3b42a3bf17723733","isMergeCommit":true,"messageTitle":"Merge pull request #71 from tejas-1405/update-user-guide-peer-review","messageBody":"Update user guide (peer review)","fileTypesAndContributionMap":{}}]},{"date":"2024-03-29","commitResults":[{"hash":"d1661aebf1a7f1ac9025b7eb75aa3553c696e47e","isMergeCommit":true,"messageTitle":"Merge pull request #70 from pjanthony2001/69-command-utils","messageBody":"Add listener to CommandBox class","fileTypesAndContributionMap":{}}]},{"date":"2024-04-03","commitResults":[{"hash":"7c7cf5a2a428a919a15f3678df5c65ca32d364e5","isMergeCommit":true,"messageTitle":"Merge pull request #88 from Rishit02/improve-css","messageBody":"Fix css bugs","fileTypesAndContributionMap":{}},{"hash":"d8abb93fb63d14ec6fe11eceeb9a59d43eb7bb21","isMergeCommit":true,"messageTitle":"Merge pull request #90 from eliotlee68/89-UI-Logo","messageBody":"Replace default logo with connectcare logo for UI","fileTypesAndContributionMap":{}}]}],"Rishit02":[{"date":"2024-03-01","commitResults":[{"hash":"a5ad5a05b2f6965bd850ebac2228316b0b506542","isMergeCommit":false,"messageTitle":"Update READme.md","messageBody":"","fileTypesAndContributionMap":{"docs":{"insertions":27,"deletions":11}}}]},{"date":"2024-03-02","commitResults":[{"hash":"e3d244472641e70ab6ae69c818991c5f4501bbec","isMergeCommit":true,"messageTitle":"Merge pull request #15 from Rishit02/update-readme","messageBody":"Update READme.md","fileTypesAndContributionMap":{}}]},{"date":"2024-03-12","commitResults":[{"hash":"45169e6027feb8570b70f5662725e01282718553","isMergeCommit":false,"messageTitle":"Change add command","messageBody":"Update add command to specify next of kin and description for Person\n","fileTypesAndContributionMap":{"functional-code":{"insertions":13,"deletions":15}}},{"hash":"d9b09b21f5ffa8d45bbd7bfec9268a8c62667a2d","isMergeCommit":false,"messageTitle":"Fix test case","messageBody":"Change test case: include next of kin and description information\n","fileTypesAndContributionMap":{"functional-code":{"insertions":12,"deletions":12},"test-code":{"insertions":20,"deletions":42}}},{"hash":"722cb675bd708f5c475fefd71386347e92b9abb1","isMergeCommit":false,"messageTitle":"Improve test cases","messageBody":"Test for add command is insufficient\n Let\u0027s,\n* improve the test case to include tests for next of kins\n* include tests for description\n","fileTypesAndContributionMap":{"functional-code":{"insertions":3,"deletions":1},"test-code":{"insertions":12,"deletions":0}}}]},{"date":"2024-03-13","commitResults":[{"hash":"edd010a8ae5e5c1f6c4f89af92c7edf83aa909c7","isMergeCommit":false,"messageTitle":"Fix errors in checkstyle","messageBody":"","fileTypesAndContributionMap":{"functional-code":{"insertions":9,"deletions":2}}},{"hash":"6a83d7ec421cae4374744f408dbeceb00b8d221b","isMergeCommit":false,"messageTitle":"Fix order of imports","messageBody":"","fileTypesAndContributionMap":{"functional-code":{"insertions":12,"deletions":5}}},{"hash":"ba62dfca9ebdf90225a1720289ea418fe7e432f6","isMergeCommit":false,"messageTitle":"Update AddCommandParser.java","messageBody":"","fileTypesAndContributionMap":{"functional-code":{"insertions":2,"deletions":3}}},{"hash":"8ec542e479fd86cddf0bf079dc7837fddc9e167b","isMergeCommit":false,"messageTitle":"Update AddCommandParser.java","messageBody":"","fileTypesAndContributionMap":{"functional-code":{"insertions":1,"deletions":0}}},{"hash":"66c03f6fa5cadcb776a480e7d9cd50ceeb76374c","isMergeCommit":false,"messageTitle":"Improve code quality","messageBody":"","fileTypesAndContributionMap":{"test-code":{"insertions":26,"deletions":11}}},{"hash":"e57d9c86b9df9c250be52d268e906aa8177798fc","isMergeCommit":false,"messageTitle":"Change import order","messageBody":"","fileTypesAndContributionMap":{"test-code":{"insertions":11,"deletions":3}}},{"hash":"ddf06caacb0ed2f3f497caaeda6ad30579b4e088","isMergeCommit":false,"messageTitle":"Update import order","messageBody":"","fileTypesAndContributionMap":{"test-code":{"insertions":3,"deletions":13}}},{"hash":"9d8b5a0b37c8813d82d68b590d8ad86ac2e9f495","isMergeCommit":false,"messageTitle":"Update imports","messageBody":"","fileTypesAndContributionMap":{"test-code":{"insertions":29,"deletions":1}}},{"hash":"16635b2b0951b9c65fe2320f2a6b2ad762727bd2","isMergeCommit":false,"messageTitle":"Improve code quality","messageBody":"","fileTypesAndContributionMap":{"test-code":{"insertions":4,"deletions":4}}}]},{"date":"2024-03-14","commitResults":[{"hash":"216d217ad30dbffd52d0451431941ccdef459415","isMergeCommit":false,"messageTitle":"Update testcases","messageBody":"","fileTypesAndContributionMap":{"functional-code":{"insertions":2,"deletions":2},"test-code":{"insertions":26,"deletions":20}}},{"hash":"8da5660bf8829cbe6a9aba813462457afd2d6916","isMergeCommit":false,"messageTitle":"Improve code quality","messageBody":"","fileTypesAndContributionMap":{"test-code":{"insertions":21,"deletions":3}}}]},{"date":"2024-03-15","commitResults":[{"hash":"177e4a3dfc3c20dd1ee9f37b0be4b1fb126f8675","isMergeCommit":false,"messageTitle":"Fix parse function","messageBody":"","fileTypesAndContributionMap":{"functional-code":{"insertions":2,"deletions":2}}}]},{"date":"2024-03-20","commitResults":[{"hash":"4c1a9ab0197a94b2fe40589aa26f320e9ab7c06e","isMergeCommit":false,"messageTitle":"Fix add command bugs","messageBody":"","fileTypesAndContributionMap":{"functional-code":{"insertions":6,"deletions":1},"test-code":{"insertions":6,"deletions":3}}},{"hash":"8421fa919b88b53e0c3d366e85326f77cb2e2354","isMergeCommit":false,"messageTitle":"Update AddCommandParserTest.java","messageBody":"","fileTypesAndContributionMap":{"test-code":{"insertions":3,"deletions":2}}}]},{"date":"2024-03-21","commitResults":[{"hash":"30e7ef4a73975eab8608bb7ca3db05cf2b68d95e","isMergeCommit":true,"messageTitle":"Merge pull request #46 from pjanthony2001/fix-update-message-bug","messageBody":"Update Error Message for Update Command","tags":["v1.2"],"fileTypesAndContributionMap":{}}]},{"date":"2024-03-22","commitResults":[{"hash":"962c17af36f3f1e490c7b0aea4c01b5a3ef74787","isMergeCommit":false,"messageTitle":"Update UML diagrams to show Person includes NOK and Description","messageBody":"","fileTypesAndContributionMap":{"docs":{"insertions":4,"deletions":0}}}]},{"date":"2024-03-24","commitResults":[{"hash":"6f4e8d26f7403f534844d0271280dbc25c689014","isMergeCommit":true,"messageTitle":"Merge pull request #53 from AY2324S2-CS2103T-W12-4/revert-49-update-UML","messageBody":"Revert \"Update UML diagrams\"","fileTypesAndContributionMap":{}},{"hash":"e4523de57419bba437e68780816300c6fd83fe1f","isMergeCommit":false,"messageTitle":"Update models to include description","messageBody":"","fileTypesAndContributionMap":{"docs":{"insertions":2,"deletions":0}}},{"hash":"13e5b96e083b80a6849a06c808af902716556ff6","isMergeCommit":false,"messageTitle":"Update models to include Next of Kin","messageBody":"","fileTypesAndContributionMap":{"docs":{"insertions":2,"deletions":0}}},{"hash":"7c05bb7fa6087d7b1a81412ce80fdcdfa32bcca0","isMergeCommit":false,"messageTitle":"Add class to model package","messageBody":"","fileTypesAndContributionMap":{"docs":{"insertions":2,"deletions":0}}},{"hash":"bec3c730de3d15bb885eecbd6cdbbe40fae3ac19","isMergeCommit":false,"messageTitle":"Update add command in UG","messageBody":"","fileTypesAndContributionMap":{"docs":{"insertions":5,"deletions":5}}},{"hash":"dca2ced673c2878cad5d862015fbde0413ce6d44","isMergeCommit":false,"messageTitle":"Update UG for update command","messageBody":"","fileTypesAndContributionMap":{"docs":{"insertions":14,"deletions":13}}},{"hash":"3cfe9739fc38341bd00a35a44a8c785c4f76a4ba","isMergeCommit":false,"messageTitle":"Update UserGuide.md","messageBody":"","fileTypesAndContributionMap":{"docs":{"insertions":16,"deletions":2}}},{"hash":"4868c7f7c5861ee96e6c3b2f14c818af0dbe794a","isMergeCommit":true,"messageTitle":"Merge branch \u0027master\u0027 into update-UG","messageBody":"","fileTypesAndContributionMap":{}}]},{"date":"2024-03-25","commitResults":[{"hash":"420fc2e4b030203442944b22290b95e75fcdd9d6","isMergeCommit":false,"messageTitle":"Update UserGuide.md","messageBody":"","fileTypesAndContributionMap":{"docs":{"insertions":12,"deletions":2}}},{"hash":"a3cb59b21cbd56836e6422afea975606a08e501e","isMergeCommit":true,"messageTitle":"Merge branch \u0027update-UG\u0027 of https://github.com/Rishit02/tp into update-add-UG","messageBody":"","fileTypesAndContributionMap":{}},{"hash":"a641218729e5cef4c9bd79521ba82a79a93af457","isMergeCommit":false,"messageTitle":"Update UG","messageBody":"","fileTypesAndContributionMap":{"docs":{"insertions":6,"deletions":1}}},{"hash":"1c74e387e371588706cd163c7764eb5a650aa172","isMergeCommit":false,"messageTitle":"Update User Guide","messageBody":"","fileTypesAndContributionMap":{"docs":{"insertions":1,"deletions":1}}},{"hash":"31b429df95b4ff3d1ed85e32c08be02d50f4e82e","isMergeCommit":false,"messageTitle":"Update user guide","messageBody":"","fileTypesAndContributionMap":{"docs":{"insertions":2,"deletions":2}}},{"hash":"6f5afc97bc358224dcaf93daae73f2ef10f1f72c","isMergeCommit":false,"messageTitle":"Update screenshots in user guide","messageBody":"","fileTypesAndContributionMap":{"docs":{"insertions":4,"deletions":8}}},{"hash":"60e233d155a5db22c55c13bab03b96f160f4dadf","isMergeCommit":false,"messageTitle":"Update user guide","messageBody":"","fileTypesAndContributionMap":{"docs":{"insertions":2,"deletions":2}}}]},{"date":"2024-03-26","commitResults":[{"hash":"a664b03ba84a8e66fdaf7b80807db66d953a2c9f","isMergeCommit":false,"messageTitle":"Update image width","messageBody":"","fileTypesAndContributionMap":{"docs":{"insertions":6,"deletions":3}}},{"hash":"1bd3c8a5b7f5c32e1c54ba61765f167278dac9e5","isMergeCommit":false,"messageTitle":"Update quick start instructions","messageBody":"","fileTypesAndContributionMap":{"docs":{"insertions":13,"deletions":5}}},{"hash":"78b00d0064a3d74a433eef98579a1db1592d0a7f","isMergeCommit":true,"messageTitle":"Merge branch \u0027master\u0027 into update-UG","messageBody":"","fileTypesAndContributionMap":{}},{"hash":"e2d97475da84f6532aaa4d9a19d43b7c98fc154f","isMergeCommit":false,"messageTitle":"Fix urls","messageBody":"","fileTypesAndContributionMap":{"other":{"insertions":1,"deletions":1},"docs":{"insertions":3,"deletions":1}}},{"hash":"3cabf8297dcd1011956e72b58ce80de11073daa9","isMergeCommit":true,"messageTitle":"Merge branch \u0027update-UG\u0027 of https://github.com/Rishit02/tp into update-add-UG","messageBody":"","fileTypesAndContributionMap":{}},{"hash":"2526b445f882a050bf4bc932df6f9d3a43240260","isMergeCommit":false,"messageTitle":"Add images","messageBody":"","fileTypesAndContributionMap":{"docs":{"insertions":10,"deletions":2}}},{"hash":"cf1bb140cf0711e3ac0fef394798d466121573fd","isMergeCommit":false,"messageTitle":"Update user guide","messageBody":"","fileTypesAndContributionMap":{"docs":{"insertions":7,"deletions":6}}},{"hash":"6a1100df77627f16ef10a06d00b112c986b2fc91","isMergeCommit":false,"messageTitle":"Update user guide","messageBody":"","fileTypesAndContributionMap":{"docs":{"insertions":1,"deletions":1}}},{"hash":"e40a8880a985aa17a363f7e731494c90814c1701","isMergeCommit":false,"messageTitle":"Update pictures","messageBody":"","fileTypesAndContributionMap":{"docs":{"insertions":9,"deletions":7}}},{"hash":"47d42d53a6e44bb8893d80554dcf3338ffba139e","isMergeCommit":false,"messageTitle":"Update user guide","messageBody":"","fileTypesAndContributionMap":{"docs":{"insertions":0,"deletions":1}}},{"hash":"5bc69d380eb720e5aa47b184007fbc1e1714a822","isMergeCommit":false,"messageTitle":"Update user guide","messageBody":"","fileTypesAndContributionMap":{"docs":{"insertions":24,"deletions":12}}},{"hash":"e93c960905f1463a3308d74467cbe8932aabfe8b","isMergeCommit":false,"messageTitle":"Update user guide","messageBody":"","fileTypesAndContributionMap":{"docs":{"insertions":1,"deletions":1}}},{"hash":"03e26657f7a3ed96953972c76a18addfea38a97b","isMergeCommit":true,"messageTitle":"Merge pull request #72 from pjanthony2001/66-update-ci","messageBody":"Update CodeCov for UI","fileTypesAndContributionMap":{}}]},{"date":"2024-03-27","commitResults":[{"hash":"5b9e89069d7d874fca953243ddc8e9129921fd7f","isMergeCommit":false,"messageTitle":"Update user guide","messageBody":"","fileTypesAndContributionMap":{"docs":{"insertions":9,"deletions":2}}},{"hash":"7b767fdbe7487e82cfe9947f69b7490772efb09e","isMergeCommit":true,"messageTitle":"Merge branch \u0027master\u0027 into update-UG","messageBody":"","fileTypesAndContributionMap":{}}]},{"date":"2024-03-29","commitResults":[{"hash":"47029b7600417ebcafbdceceb38702bf783bd043","isMergeCommit":false,"messageTitle":"Implement logic for optional NOK","messageBody":"","fileTypesAndContributionMap":{"functional-code":{"insertions":52,"deletions":23},"test-code":{"insertions":8,"deletions":4}}},{"hash":"8917fc258b08c6339a55f9ab50ccf7c0ec3d6873","isMergeCommit":true,"messageTitle":"Merge pull request #79 from pjanthony2001/78-bug-fix","messageBody":"Fix bug found in UpdateCommand","fileTypesAndContributionMap":{}},{"hash":"e758f55d0bd5c5831725dde42599256d95e68530","isMergeCommit":false,"messageTitle":"Update test cases","messageBody":"","fileTypesAndContributionMap":{"functional-code":{"insertions":0,"deletions":1},"test-code":{"insertions":8,"deletions":11}}},{"hash":"275688a60f17f2a5f53ca0925107189f3a565533","isMergeCommit":true,"messageTitle":"Merge branch \u0027master\u0027 into optional-fields","messageBody":"","fileTypesAndContributionMap":{}},{"hash":"88887f3e768dbf6183d073143465b1a27b40ca62","isMergeCommit":false,"messageTitle":"Remove unnecessary tests","messageBody":"","fileTypesAndContributionMap":{"test-code":{"insertions":0,"deletions":8}}},{"hash":"addd5f616f22c04993cd75410277bd889cb18de7","isMergeCommit":true,"messageTitle":"Merge branch \u0027optional-fields\u0027 of https://github.com/Rishit02/tp into optional-fields","messageBody":"","fileTypesAndContributionMap":{}},{"hash":"6bce1731af99684c24e70984fa8f50157c71927a","isMergeCommit":false,"messageTitle":"Update DisplayTable.java","messageBody":"","fileTypesAndContributionMap":{"functional-code":{"insertions":2,"deletions":2}}},{"hash":"5c9aabd3af1c3e689f3b752845fd8c3b37450e25","isMergeCommit":false,"messageTitle":"Update PersonUtil.java","messageBody":"","fileTypesAndContributionMap":{"test-code":{"insertions":1,"deletions":2}}},{"hash":"35d87b118e05e47b96ec5628b749fed1a559d561","isMergeCommit":false,"messageTitle":"Update PersonCard.java","messageBody":"","fileTypesAndContributionMap":{"functional-code":{"insertions":10,"deletions":5}}},{"hash":"9bf0ed9d3c275075bc546b2d3e8505bbecfb4b9b","isMergeCommit":false,"messageTitle":"Update PersonCard.java","messageBody":"","fileTypesAndContributionMap":{"functional-code":{"insertions":10,"deletions":2}}},{"hash":"829079b39313501377f4f7064b2ba24f8e489d82","isMergeCommit":false,"messageTitle":"Improve code quality","messageBody":"","fileTypesAndContributionMap":{"functional-code":{"insertions":8,"deletions":8},"test-code":{"insertions":1,"deletions":3}}},{"hash":"09986b413f909f35533bda28d3b62d4b04a3c4a1","isMergeCommit":false,"messageTitle":"Update PersonCard.java","messageBody":"","fileTypesAndContributionMap":{"functional-code":{"insertions":6,"deletions":9}}},{"hash":"641fe41af654254440f3ce660850366a1f8fbea3","isMergeCommit":false,"messageTitle":"Update JsonAdaptedPerson.java","messageBody":"","fileTypesAndContributionMap":{"functional-code":{"insertions":4,"deletions":9}}},{"hash":"ff860ef8e6c84eeb73966ed51a360a3eb2b1a8c4","isMergeCommit":false,"messageTitle":"Update test case","messageBody":"","fileTypesAndContributionMap":{"test-code":{"insertions":7,"deletions":1}}}]},{"date":"2024-03-30","commitResults":[{"hash":"e9d8a04e55a3009f5994cab82f8102f2a25acc58","isMergeCommit":false,"messageTitle":"Update test cases","messageBody":"","fileTypesAndContributionMap":{"functional-code":{"insertions":58,"deletions":49},"test-code":{"insertions":28,"deletions":35}}},{"hash":"89278ba84052ee5cb34ee67007cfd7a822aa9d93","isMergeCommit":false,"messageTitle":"Add assert command","messageBody":"Let\u0027s add an assert command to practice defensive coding.\n\nAdding an assert command allows us to be sure that the Person we are adding is not a null object.\n","fileTypesAndContributionMap":{"functional-code":{"insertions":5,"deletions":2},"test-code":{"insertions":1,"deletions":1}}},{"hash":"27f60bca64f3166046bf5e9214d96be290983de2","isMergeCommit":false,"messageTitle":"Update imports","messageBody":"","fileTypesAndContributionMap":{"test-code":{"insertions":0,"deletions":1}}}]},{"date":"2024-03-31","commitResults":[{"hash":"41b4377d4802d3a5a25064fc044493c552b66418","isMergeCommit":false,"messageTitle":"Update JsonAdaptedPerson.java","messageBody":"","fileTypesAndContributionMap":{"functional-code":{"insertions":1,"deletions":3}}},{"hash":"21b942b1b224a5d8cf0257de4467b7332cb4cc8d","isMergeCommit":false,"messageTitle":"Update imports","messageBody":"","fileTypesAndContributionMap":{"functional-code":{"insertions":0,"deletions":1}}},{"hash":"aad1ee6e76b3965af5a31ccdbc4ec7e416776d68","isMergeCommit":false,"messageTitle":"Update tests","messageBody":"","fileTypesAndContributionMap":{"test-code":{"insertions":2,"deletions":2}}},{"hash":"c3508903ccdf5b070705778b9cf34cee40104eee","isMergeCommit":false,"messageTitle":"Update DarkTheme.css","messageBody":"","fileTypesAndContributionMap":{"functional-code":{"insertions":46,"deletions":52}}},{"hash":"53b53f1892b6fc980a082e82a43df40c7a48e00b","isMergeCommit":false,"messageTitle":"Update DarkTheme.css","messageBody":"","fileTypesAndContributionMap":{"functional-code":{"insertions":1,"deletions":1}}}]},{"date":"2024-04-01","commitResults":[{"hash":"0f15318bb3b255f0c7ef7a17bea25139406bdd0e","isMergeCommit":true,"messageTitle":"Merge branch \u0027master\u0027 into optional-fields","messageBody":"","fileTypesAndContributionMap":{}},{"hash":"96901b06a5df8e01ac7a8e16fc4c781a3cbd8339","isMergeCommit":false,"messageTitle":"Update Person.java","messageBody":"","fileTypesAndContributionMap":{"functional-code":{"insertions":0,"deletions":2}}},{"hash":"98df9f1e9a5786d889b7eac5317f003102344ac3","isMergeCommit":false,"messageTitle":"Revert \"Update Person.java\"","messageBody":"This reverts commit 96901b06a5df8e01ac7a8e16fc4c781a3cbd8339.\n","fileTypesAndContributionMap":{"functional-code":{"insertions":2,"deletions":0}}},{"hash":"c91dec3232b20d56423fb1e02e694bbd887d7c5d","isMergeCommit":false,"messageTitle":"Revert \"Merge branch \u0027master\u0027 into optional-fields\"","messageBody":"This reverts commit 0f15318bb3b255f0c7ef7a17bea25139406bdd0e, reversing\nchanges made to aad1ee6e76b3965af5a31ccdbc4ec7e416776d68.\n","fileTypesAndContributionMap":{"functional-code":{"insertions":71,"deletions":729},"other":{"insertions":0,"deletions":4},"docs":{"insertions":12,"deletions":12},"test-code":{"insertions":4,"deletions":754}}},{"hash":"ec40ea0c6cc5dac1e3c73de4610d421d7f12509c","isMergeCommit":false,"messageTitle":"Update SampleDataUtil.java","messageBody":"","fileTypesAndContributionMap":{"functional-code":{"insertions":0,"deletions":2}}}]},{"date":"2024-04-02","commitResults":[{"hash":"3adec2a2f9834a6bc2ac3d5e494b61eabb55da58","isMergeCommit":false,"messageTitle":"Revert \"Revert \"Merge branch \u0027master\u0027 into optional-fields\"\"","messageBody":"This reverts commit c91dec3232b20d56423fb1e02e694bbd887d7c5d.\n","fileTypesAndContributionMap":{"functional-code":{"insertions":729,"deletions":71},"other":{"insertions":4,"deletions":0},"docs":{"insertions":12,"deletions":12},"test-code":{"insertions":754,"deletions":4}}},{"hash":"64d2dd88af066319783ace72432c280988fc4637","isMergeCommit":false,"messageTitle":"Update Add command parser","messageBody":"","fileTypesAndContributionMap":{"functional-code":{"insertions":3,"deletions":3}}},{"hash":"546110731ac41ca6d6e7d0004fb3e1a10f90be2e","isMergeCommit":false,"messageTitle":"Update JsonAdaptedPerson.java","messageBody":"","fileTypesAndContributionMap":{"functional-code":{"insertions":0,"deletions":2}}},{"hash":"f2cd18abd2c8a2af7f32f264dff8a093264cd7b6","isMergeCommit":true,"messageTitle":"Merge pull request #82 from pjanthony2001/81-event-ui","messageBody":"Implement Event UI","fileTypesAndContributionMap":{}},{"hash":"1bf3408f6f484bcf4fe9717d4aee42f6f633beb4","isMergeCommit":false,"messageTitle":"Fix css bugs","messageBody":"","fileTypesAndContributionMap":{"functional-code":{"insertions":2,"deletions":2},"other":{"insertions":15,"deletions":2}}},{"hash":"af04090df793ad1fed28dc136d564d3c67076b58","isMergeCommit":false,"messageTitle":"Rename file","messageBody":"","fileTypesAndContributionMap":{"other":{"insertions":0,"deletions":0}}},{"hash":"1059169a5c7575345b2202a28f6fd1f0d2a5d03d","isMergeCommit":false,"messageTitle":"Rename file","messageBody":"","fileTypesAndContributionMap":{"functional-code":{"insertions":2,"deletions":2},"other":{"insertions":0,"deletions":0}}}]},{"date":"2024-04-03","commitResults":[{"hash":"8b88d903b63c7fa8533b48d72e0a6a856c6f90a8","isMergeCommit":false,"messageTitle":"Add parsers and logic for schedule","messageBody":"This commit introduces the necessary parsers and logic for the schedule add and schedule delete command.\n\nThese commands provide users with the ability to manage events effectively within the application, enhancing its functionality and usability.\n","fileTypesAndContributionMap":{"functional-code":{"insertions":443,"deletions":17}}},{"hash":"ad74c7fde92e58438f457a4e080b694219a764e5","isMergeCommit":false,"messageTitle":"Add logic for scheduling events","messageBody":"","fileTypesAndContributionMap":{"functional-code":{"insertions":145,"deletions":75},"other":{"insertions":8,"deletions":5}}},{"hash":"cfa7e476fa92993001d3ac984e77a6f8d1fcc941","isMergeCommit":false,"messageTitle":"Update import order","messageBody":"","fileTypesAndContributionMap":{"functional-code":{"insertions":2,"deletions":2}}},{"hash":"05f362a2c56e3adf7bcb6b22092590828229a4bf","isMergeCommit":false,"messageTitle":"Update test cases","messageBody":"","fileTypesAndContributionMap":{"functional-code":{"insertions":29,"deletions":4},"test-code":{"insertions":546,"deletions":4}}},{"hash":"6995376de4f7b1af3fd2712a5f1cf81f1c455a1d","isMergeCommit":false,"messageTitle":"Add test cases","messageBody":"","fileTypesAndContributionMap":{"functional-code":{"insertions":7,"deletions":3},"test-code":{"insertions":100,"deletions":6}}},{"hash":"61463a97777d9e0d0eb96a821fbc90634596ea32","isMergeCommit":false,"messageTitle":"Fix import order","messageBody":"","fileTypesAndContributionMap":{"functional-code":{"insertions":2,"deletions":3},"test-code":{"insertions":7,"deletions":24}}},{"hash":"e27c981cded5d0ff6a9644b298e67fd38247a86c","isMergeCommit":false,"messageTitle":"Update ScheduleDeleteCommand.java","messageBody":"","fileTypesAndContributionMap":{"functional-code":{"insertions":0,"deletions":4}}},{"hash":"2438e4063b99437a075eb34c4d618fa42e80513b","isMergeCommit":false,"messageTitle":"Add command string test","messageBody":"","fileTypesAndContributionMap":{"test-code":{"insertions":11,"deletions":2}}},{"hash":"357885264ff83bc9bbb61da4230918342e66f9ed","isMergeCommit":false,"messageTitle":"Update test case","messageBody":"","fileTypesAndContributionMap":{"test-code":{"insertions":3,"deletions":3}}},{"hash":"6c9d1de366372b0993ce303f12a86416e0925869","isMergeCommit":false,"messageTitle":"Update test cases","messageBody":"","fileTypesAndContributionMap":{"functional-code":{"insertions":2,"deletions":2},"test-code":{"insertions":27,"deletions":3}}},{"hash":"70c81807c5882eb009ba7da5d350fbdd5aab096a","isMergeCommit":false,"messageTitle":"Update test cases","messageBody":"","fileTypesAndContributionMap":{"test-code":{"insertions":0,"deletions":5}}},{"hash":"484bb2b48ef1b62ea59db70363f08bcbb35d5f51","isMergeCommit":false,"messageTitle":"Fix typos","messageBody":"","fileTypesAndContributionMap":{"test-code":{"insertions":2,"deletions":2}}},{"hash":"704c2975b01f7f6cabf12123eef6f125eb931f03","isMergeCommit":false,"messageTitle":"Update model test cases","messageBody":"","fileTypesAndContributionMap":{"test-code":{"insertions":17,"deletions":0}}},{"hash":"2f7e84bc32ea51694430da505e3075fc66e13beb","isMergeCommit":false,"messageTitle":"Update EventTest.java","messageBody":"","fileTypesAndContributionMap":{"test-code":{"insertions":8,"deletions":0}}},{"hash":"bad99144baf767ab233b1933cd71939310a4c997","isMergeCommit":false,"messageTitle":"Update test cases","messageBody":"","fileTypesAndContributionMap":{"test-code":{"insertions":5,"deletions":0}}},{"hash":"cb21aa87d025c435e38d726e555970dc268aa3e6","isMergeCommit":false,"messageTitle":"Update test cases","messageBody":"","fileTypesAndContributionMap":{"test-code":{"insertions":10,"deletions":0}}},{"hash":"c444ea9c0809a0e478249f0604be5bcc9352a151","isMergeCommit":false,"messageTitle":"Improve line coverage","messageBody":"","fileTypesAndContributionMap":{"test-code":{"insertions":4,"deletions":0}}},{"hash":"8f460ab4388ed57d7196a820f9b76fb16b451060","isMergeCommit":false,"messageTitle":"Update test cases","messageBody":"","fileTypesAndContributionMap":{"test-code":{"insertions":9,"deletions":0}}},{"hash":"283b1270e3df2ad67c5573d74cd2eedb16acb95d","isMergeCommit":true,"messageTitle":"Merge pull request #52 from tejas-1405/39-display-function","messageBody":"Add Display Command","fileTypesAndContributionMap":{}},{"hash":"fce9a314314416409dec48d06896d417a96f2dab","isMergeCommit":false,"messageTitle":"Improve javadocs","messageBody":"","fileTypesAndContributionMap":{"functional-code":{"insertions":1,"deletions":1},"test-code":{"insertions":1,"deletions":1}}},{"hash":"4ed06ac01845ee9124244b9a253580fa966dede4","isMergeCommit":false,"messageTitle":"Update test cases","messageBody":"","fileTypesAndContributionMap":{"functional-code":{"insertions":34,"deletions":1}}},{"hash":"684bd864a9fff4ad8ba03bb835f07741c53dd8cd","isMergeCommit":false,"messageTitle":"Update test cases","messageBody":"","fileTypesAndContributionMap":{"functional-code":{"insertions":0,"deletions":3},"test-code":{"insertions":8,"deletions":0}}},{"hash":"d8088430058351f308bdd8b0028ceb6e40f183ee","isMergeCommit":false,"messageTitle":"Update code quality","messageBody":"","fileTypesAndContributionMap":{"test-code":{"insertions":0,"deletions":1}}},{"hash":"d028450654d59b695f5b198fc796a786ddd981e3","isMergeCommit":true,"messageTitle":"Merge branch \u0027master\u0027 into event-logic","messageBody":"","fileTypesAndContributionMap":{}},{"hash":"0827f1d1c6897ab120c35a20198de49f9d1b1203","isMergeCommit":false,"messageTitle":"Update UniqueEventListTest.java","messageBody":"","fileTypesAndContributionMap":{"test-code":{"insertions":14,"deletions":0}}},{"hash":"02efa9568320c5a43cdf72320abe9a81aa36710d","isMergeCommit":false,"messageTitle":"Update test cases","messageBody":"","fileTypesAndContributionMap":{"test-code":{"insertions":51,"deletions":0}}},{"hash":"132c605a3264aba0630eaad1c8efabe871b7c6dc","isMergeCommit":false,"messageTitle":"Update test cases","messageBody":"","fileTypesAndContributionMap":{"test-code":{"insertions":17,"deletions":2}}},{"hash":"192753cdc2836e5807889671164c2588f67df056","isMergeCommit":false,"messageTitle":"Update test cases","messageBody":"","fileTypesAndContributionMap":{"test-code":{"insertions":10,"deletions":0}}}]}],"eliotlee68":[{"date":"2024-02-26","commitResults":[{"hash":"e3d9c53cd07d555244086f47f6cb670cd85893dc","isMergeCommit":false,"messageTitle":"Added initial user guide","messageBody":"","fileTypesAndContributionMap":{"docs":{"insertions":47,"deletions":111}}}]},{"date":"2024-03-18","commitResults":[{"hash":"6fea5b393106caabce6415ff6e93906581adf131","isMergeCommit":false,"messageTitle":"Edited UG add command section to include next of kin","messageBody":"","fileTypesAndContributionMap":{"docs":{"insertions":4,"deletions":2}}}]},{"date":"2024-03-23","commitResults":[{"hash":"70cb1dbb8094010c56d9cd98ce246c210651cebc","isMergeCommit":false,"messageTitle":"Added sequence diagram for Find function","messageBody":"","fileTypesAndContributionMap":{"docs":{"insertions":70,"deletions":0}}}]},{"date":"2024-03-24","commitResults":[{"hash":"fd17a97940d50aedb16ffa8fc375e0176ed838ac","isMergeCommit":false,"messageTitle":"Fix typo in Find Sequence Diagram","messageBody":"","fileTypesAndContributionMap":{"docs":{"insertions":1,"deletions":1}}},{"hash":"bcf584d0a6ce1d80eae9741e2c102c557e27d60a","isMergeCommit":false,"messageTitle":"Update user guide","messageBody":"","fileTypesAndContributionMap":{"docs":{"insertions":22,"deletions":8}}}]},{"date":"2024-03-25","commitResults":[{"hash":"e2c3dba5a824155bbd99867fabc45d53e3cda5d1","isMergeCommit":false,"messageTitle":"Update format to be consistent","messageBody":"","fileTypesAndContributionMap":{"docs":{"insertions":11,"deletions":11}}},{"hash":"9db1295de7a356823c03ebc4aa5424b2effe7c76","isMergeCommit":false,"messageTitle":"Update user guide","messageBody":"","fileTypesAndContributionMap":{"docs":{"insertions":42,"deletions":21}}},{"hash":"d3e714aac1bc13b51b70a1a062c05f74bf0c3915","isMergeCommit":true,"messageTitle":"Merge branches \u002755-Update-UG\u0027 and \u002755-Update-UG\u0027 of https://github.com/eliotlee68/tp into 55-Update-UG","messageBody":"","fileTypesAndContributionMap":{}}]},{"date":"2024-03-27","commitResults":[{"hash":"ded9d01953c0d0aedcedec30b393f8533dd4d040","isMergeCommit":false,"messageTitle":"Improve clarity of undo, redo, delete, clear and exit features of UG","messageBody":"","fileTypesAndContributionMap":{"docs":{"insertions":54,"deletions":9}}},{"hash":"800c8e62bd87fd609a5778805d53a3782bc83bf3","isMergeCommit":false,"messageTitle":"Add captions to images for undo and redo","messageBody":"","fileTypesAndContributionMap":{"docs":{"insertions":17,"deletions":13}}}]},{"date":"2024-04-03","commitResults":[{"hash":"f17ac4a801caf7edaff21d8be1252933c524e8a0","isMergeCommit":false,"messageTitle":"Replace default logo with connectcare logo for UI","messageBody":"","fileTypesAndContributionMap":{"functional-code":{"insertions":2,"deletions":2}}},{"hash":"be8d538bb18290eacf7c9d07f6eeaa0dd119c56f","isMergeCommit":false,"messageTitle":"Modify test case checking for logo image presence","messageBody":"","fileTypesAndContributionMap":{"test-code":{"insertions":1,"deletions":1}}}]}]},"authorFileTypeContributionMap":{"pjanthony2001":{"docs":306,"functional-code":1873,"test-code":1649,"other":15},"tejas-1405":{"docs":52,"functional-code":606,"test-code":148},"Jolonauh":{"docs":485,"functional-code":361,"test-code":673},"Rishit02":{"docs":88,"functional-code":763,"test-code":924,"other":1},"eliotlee68":{"docs":147,"functional-code":2,"test-code":1}},"authorContributionVariance":{"pjanthony2001":75290.16,"tejas-1405":15520.245,"Jolonauh":36962.797,"Rishit02":177824.08,"eliotlee68":1021.8293},"authorDisplayNameMap":{"pjanthony2001":"CS2103T-W12-4 P J ..HONY","tejas-1405":"CS2103T-W12-4 TEJA..IVAM","Jolonauh":"CS2103T-W12-4 AU J..MIAH","Rishit02":"CS2103T-W12-4 RISH..LWAL","eliotlee68":"CS2103T-W12-4 ELIO..WERN"}}
