{"authorDailyContributionsMap":{"pjanthony2001":[{"date":"2024-02-26","commitResults":[{"hash":"7665bee74b36f97ff2f05c20f8d0bdb853450c80","isMergeCommit":false,"messageTitle":"Update Developer Guide","messageBody":"This is for testing project workflow\n","fileTypesAndContributionMap":{"docs":{"insertions":2,"deletions":2}}},{"hash":"5c329c6effd42c5272dba7e928ca6711335ae3d2","isMergeCommit":false,"messageTitle":"Add pjanthony.md","messageBody":"","fileTypesAndContributionMap":{"docs":{"insertions":9,"deletions":9}}},{"hash":"7288d01e926b5eaf11b90bebb4062e183fda2068","isMergeCommit":false,"messageTitle":"Update pjanthony.md","messageBody":"","fileTypesAndContributionMap":{"docs":{"insertions":1,"deletions":2}}},{"hash":"3e59d8d14a0c9c6968e674291292a4336d93f01c","isMergeCommit":true,"messageTitle":"Merge pull request #7 from eliotlee68/User-guide","messageBody":"Added initial user guide","fileTypesAndContributionMap":{}}]},{"date":"2024-03-01","commitResults":[{"hash":"c01615781527772a6487452c0c6fd20b8d4789c0","isMergeCommit":false,"messageTitle":"Update Developer Guide","messageBody":"Initial commit where small changes were made to the product scope\n","fileTypesAndContributionMap":{"docs":{"insertions":5,"deletions":2}}}]},{"date":"2024-03-02","commitResults":[{"hash":"49bb5408b45c982bd0e214a788d1795968bf4289","isMergeCommit":false,"messageTitle":"Update Developer Guide","messageBody":"","fileTypesAndContributionMap":{"docs":{"insertions":83,"deletions":2}}}]},{"date":"2024-03-03","commitResults":[{"hash":"47f8609c8d1c78abef1b537696ae0a840e32e1f5","isMergeCommit":false,"messageTitle":"Update Use Cases","messageBody":"","fileTypesAndContributionMap":{"docs":{"insertions":22,"deletions":14}}},{"hash":"cb048fed7f723e798ba68542fce379d65b9d9b9d","isMergeCommit":true,"messageTitle":"Merge branch \u0027master\u0027 into developer-guide","messageBody":"","fileTypesAndContributionMap":{}},{"hash":"33a4bfa9c3b49d164192d266bfafa27748d9b379","isMergeCommit":true,"messageTitle":"Merge pull request #12 from Jolonauh/about-us","messageBody":"Update AboutUs page","fileTypesAndContributionMap":{}}]},{"date":"2024-03-06","commitResults":[{"hash":"f2b08d313861b2eb82cce0dbc439106d52b5c143","isMergeCommit":false,"messageTitle":"Update DG","messageBody":"","fileTypesAndContributionMap":{"docs":{"insertions":2,"deletions":2}}}]},{"date":"2024-03-11","commitResults":[{"hash":"4dd7dcd2a6b3c159cdef16263776d316e6e92315","isMergeCommit":true,"messageTitle":"Merge pull request #25 from Jolonauh/update-person-class","messageBody":"Update Person class and tests","fileTypesAndContributionMap":{}}]},{"date":"2024-03-18","commitResults":[{"hash":"5d71f72ef602e310817808d7c10e9facc042ff7d","isMergeCommit":true,"messageTitle":"Merge pull request #34 from Jolonauh/update-command","messageBody":"Change edit command to update command","fileTypesAndContributionMap":{}}]},{"date":"2024-03-19","commitResults":[{"hash":"763d663a4b05ac47b1074deba10ec1bec25c5d9f","isMergeCommit":true,"messageTitle":"Merge pull request #42 from tejas-1405/add-quickstart-UG","messageBody":"Add Quick start to UG","fileTypesAndContributionMap":{}},{"hash":"78127e815a61b78254f6c23b858a6eb86d840a02","isMergeCommit":true,"messageTitle":"Merge pull request #41 from eliotlee68/40-UG-Addcommand-Section","messageBody":"Edited UG add command section to include next of kin","fileTypesAndContributionMap":{}}]}],"tejas-1405":[{"date":"2024-02-26","commitResults":[{"hash":"0021bf390dc434989eca3e2cb04e6d9fc4431f47","isMergeCommit":true,"messageTitle":"Merge pull request #5 from pjanthony2001/add-pjanthony-info","messageBody":"Add pjanthony info","fileTypesAndContributionMap":{}}]},{"date":"2024-03-03","commitResults":[{"hash":"1af41f3d871e4a392d5d774e46b6a0dd75ca5c17","isMergeCommit":false,"messageTitle":"Add NFRs and Glossary","messageBody":"","fileTypesAndContributionMap":{"docs":{"insertions":6,"deletions":1}}},{"hash":"130dc9e3bc7118347c10169222e7bda2bf7db177","isMergeCommit":false,"messageTitle":"Add glossary terms","messageBody":"","fileTypesAndContributionMap":{"docs":{"insertions":2,"deletions":2}}},{"hash":"6eaeffafd069573622948e0cd06b6935d6aacb6f","isMergeCommit":false,"messageTitle":"Remove 5th NFR","messageBody":"","fileTypesAndContributionMap":{"docs":{"insertions":3,"deletions":4}}}]},{"date":"2024-03-19","commitResults":[{"hash":"3b5e7846e0fe93e16bd4b93838d583c360716e5e","isMergeCommit":false,"messageTitle":"Add Quick start to UG","messageBody":"","fileTypesAndContributionMap":{"docs":{"insertions":4,"deletions":2}}}]}],"Jolonauh":[{"date":"2024-02-29","commitResults":[{"hash":"0d292263860c9729fe771be9bc9d418e09ce4a99","isMergeCommit":false,"messageTitle":"Update AboutUs page","messageBody":"","fileTypesAndContributionMap":{"docs":{"insertions":220,"deletions":25}}},{"hash":"15b85b54f50a363e5563011c35c34690f7d12b3d","isMergeCommit":false,"messageTitle":"Rename profile photos","messageBody":"","fileTypesAndContributionMap":{"docs":{"insertions":6,"deletions":6}}}]},{"date":"2024-03-03","commitResults":[{"hash":"0b0610b73d0779626c9b551bf3c9d1363e3e1081","isMergeCommit":false,"messageTitle":"Add responsibilities to team members","messageBody":"","fileTypesAndContributionMap":{"docs":{"insertions":2,"deletions":2}}},{"hash":"311f07006b248480aced2eb1da970eb6524053e5","isMergeCommit":true,"messageTitle":"Merge pull request #14 from pjanthony2001/developer-guide","messageBody":"Update Developer Guide","fileTypesAndContributionMap":{}},{"hash":"705c814a9d88af1cd8467818a10a222e58410139","isMergeCommit":true,"messageTitle":"Merge branch \u0027master\u0027 into about-us","messageBody":"","fileTypesAndContributionMap":{}}]},{"date":"2024-03-04","commitResults":[{"hash":"34edb2dbbe8eb41b69a0ed4709c5e8cfe00520a9","isMergeCommit":true,"messageTitle":"Merge pull request #16 from tejas-1405/dev-guide","messageBody":"Updated Developer Guide","fileTypesAndContributionMap":{}}]},{"date":"2024-03-06","commitResults":[{"hash":"4f660c71b081dd6472e6642f52721c3be4121540","isMergeCommit":true,"messageTitle":"Merge pull request #22 from pjanthony2001/developer-guide","messageBody":"Update DG","fileTypesAndContributionMap":{}},{"hash":"e753152296e03113d0ef994b161bbaae3a232541","isMergeCommit":false,"messageTitle":"Update Person class with description and nextOfKin fields","messageBody":"","fileTypesAndContributionMap":{"functional-code":{"insertions":229,"deletions":42},"test-code":{"insertions":20,"deletions":6}}},{"hash":"89313a56db556dd27d9a60f9df376e6ed085b44d","isMergeCommit":true,"messageTitle":"Merge branch \u0027AY2324S2-CS2103T-W12-4:master\u0027 into update-person-class","messageBody":"","fileTypesAndContributionMap":{}}]},{"date":"2024-03-07","commitResults":[{"hash":"e9a8e73da6369cfb18cf850ed2dc0522a90e0f67","isMergeCommit":false,"messageTitle":"Change code to fit checkstyle","messageBody":"","fileTypesAndContributionMap":{"functional-code":{"insertions":54,"deletions":7},"test-code":{"insertions":13,"deletions":1}}},{"hash":"1f450015e4260d6cce62eafbb2a81f36baedb2c7","isMergeCommit":true,"messageTitle":"Merge remote-tracking branch \u0027origin/update-person-class\u0027 into update-person-class","messageBody":"","fileTypesAndContributionMap":{}},{"hash":"d63d3f198226d9467e064470d2795047e718f8b6","isMergeCommit":false,"messageTitle":"Update JsonAdaptedPersonTest.java","messageBody":"","fileTypesAndContributionMap":{"test-code":{"insertions":55,"deletions":14}}},{"hash":"6a20b6e11a23699e686b7648f0169d650eb1f3db","isMergeCommit":false,"messageTitle":"Update tests and test data to include new fields","messageBody":"","fileTypesAndContributionMap":{"functional-code":{"insertions":2,"deletions":2},"test-code":{"insertions":11,"deletions":6}}},{"hash":"59147ab93bee2ca23e3d16dcd3d334deeabb92ec","isMergeCommit":false,"messageTitle":"Add new tests and update existing tests","messageBody":"","fileTypesAndContributionMap":{"test-code":{"insertions":149,"deletions":11}}},{"hash":"4a54a8b08d83b99e1352724cd239aabe7906ba25","isMergeCommit":false,"messageTitle":"Correct CheckStyle errors and update test cases","messageBody":"","fileTypesAndContributionMap":{"functional-code":{"insertions":47,"deletions":5},"test-code":{"insertions":27,"deletions":7}}},{"hash":"03c10001eebf293ee5ef2ec798a2a1614d7dcb3f","isMergeCommit":false,"messageTitle":"Update AboutUs.md","messageBody":"","fileTypesAndContributionMap":{"docs":{"insertions":1,"deletions":1}}}]},{"date":"2024-03-15","commitResults":[{"hash":"859538a369a8f11fb21f3aa61e5d4f11c551993a","isMergeCommit":true,"messageTitle":"Merge pull request #33 from Rishit02/update-add-feature","messageBody":"Fix issue #18","fileTypesAndContributionMap":{}},{"hash":"7c98b859187a3a4857cee4a5786accf33ac60d63","isMergeCommit":false,"messageTitle":"Change the edit command to use a name","messageBody":"Previously an integer was provided to specify the target person to be\nedited. The new code changes that functionality to use the full name of\nthe target person instead. The full name provided as argument is not\nrequired to be case sensitive.\n","fileTypesAndContributionMap":{"functional-code":{"insertions":30,"deletions":18}}}]},{"date":"2024-03-16","commitResults":[{"hash":"77032d571cf9b670ceff94c757d957f2ba206914","isMergeCommit":false,"messageTitle":"Change edit command to update","messageBody":"","fileTypesAndContributionMap":{"functional-code":{"insertions":21,"deletions":20},"other":{"insertions":101,"deletions":108},"docs":{"insertions":2,"deletions":2},"test-code":{"insertions":423,"deletions":417}}}]},{"date":"2024-03-17","commitResults":[{"hash":"8ee7aedd96fb8949843de21f2a50fd17b4e019da","isMergeCommit":false,"messageTitle":"Update tests","messageBody":"","fileTypesAndContributionMap":{"functional-code":{"insertions":20,"deletions":9},"docs":{"insertions":2,"deletions":2},"test-code":{"insertions":145,"deletions":135}}}]},{"date":"2024-03-18","commitResults":[{"hash":"0151cd2233407e83e9f2d9d1b016a0d3b9dc451f","isMergeCommit":false,"messageTitle":"Fix code based on code review","messageBody":"","fileTypesAndContributionMap":{"functional-code":{"insertions":7,"deletions":3},"test-code":{"insertions":2,"deletions":2}}}]}],"Rishit02":[{"date":"2024-03-01","commitResults":[{"hash":"a5ad5a05b2f6965bd850ebac2228316b0b506542","isMergeCommit":false,"messageTitle":"Update READme.md","messageBody":"","fileTypesAndContributionMap":{"docs":{"insertions":27,"deletions":11}}}]},{"date":"2024-03-02","commitResults":[{"hash":"e3d244472641e70ab6ae69c818991c5f4501bbec","isMergeCommit":true,"messageTitle":"Merge pull request #15 from Rishit02/update-readme","messageBody":"Update READme.md","fileTypesAndContributionMap":{}}]},{"date":"2024-03-12","commitResults":[{"hash":"45169e6027feb8570b70f5662725e01282718553","isMergeCommit":false,"messageTitle":"Change add command","messageBody":"Update add command to specify next of kin and description for Person\n","fileTypesAndContributionMap":{"functional-code":{"insertions":13,"deletions":15}}},{"hash":"d9b09b21f5ffa8d45bbd7bfec9268a8c62667a2d","isMergeCommit":false,"messageTitle":"Fix test case","messageBody":"Change test case: include next of kin and description information\n","fileTypesAndContributionMap":{"functional-code":{"insertions":12,"deletions":12},"test-code":{"insertions":20,"deletions":42}}},{"hash":"722cb675bd708f5c475fefd71386347e92b9abb1","isMergeCommit":false,"messageTitle":"Improve test cases","messageBody":"Test for add command is insufficient\n Let\u0027s,\n* improve the test case to include tests for next of kins\n* include tests for description\n","fileTypesAndContributionMap":{"functional-code":{"insertions":3,"deletions":1},"test-code":{"insertions":12,"deletions":0}}}]},{"date":"2024-03-13","commitResults":[{"hash":"edd010a8ae5e5c1f6c4f89af92c7edf83aa909c7","isMergeCommit":false,"messageTitle":"Fix errors in checkstyle","messageBody":"","fileTypesAndContributionMap":{"functional-code":{"insertions":9,"deletions":2}}},{"hash":"6a83d7ec421cae4374744f408dbeceb00b8d221b","isMergeCommit":false,"messageTitle":"Fix order of imports","messageBody":"","fileTypesAndContributionMap":{"functional-code":{"insertions":12,"deletions":5}}},{"hash":"ba62dfca9ebdf90225a1720289ea418fe7e432f6","isMergeCommit":false,"messageTitle":"Update AddCommandParser.java","messageBody":"","fileTypesAndContributionMap":{"functional-code":{"insertions":2,"deletions":3}}},{"hash":"8ec542e479fd86cddf0bf079dc7837fddc9e167b","isMergeCommit":false,"messageTitle":"Update AddCommandParser.java","messageBody":"","fileTypesAndContributionMap":{"functional-code":{"insertions":1,"deletions":0}}},{"hash":"66c03f6fa5cadcb776a480e7d9cd50ceeb76374c","isMergeCommit":false,"messageTitle":"Improve code quality","messageBody":"","fileTypesAndContributionMap":{"test-code":{"insertions":26,"deletions":11}}},{"hash":"e57d9c86b9df9c250be52d268e906aa8177798fc","isMergeCommit":false,"messageTitle":"Change import order","messageBody":"","fileTypesAndContributionMap":{"test-code":{"insertions":11,"deletions":3}}},{"hash":"ddf06caacb0ed2f3f497caaeda6ad30579b4e088","isMergeCommit":false,"messageTitle":"Update import order","messageBody":"","fileTypesAndContributionMap":{"test-code":{"insertions":3,"deletions":13}}},{"hash":"9d8b5a0b37c8813d82d68b590d8ad86ac2e9f495","isMergeCommit":false,"messageTitle":"Update imports","messageBody":"","fileTypesAndContributionMap":{"test-code":{"insertions":29,"deletions":1}}},{"hash":"16635b2b0951b9c65fe2320f2a6b2ad762727bd2","isMergeCommit":false,"messageTitle":"Improve code quality","messageBody":"","fileTypesAndContributionMap":{"test-code":{"insertions":4,"deletions":4}}}]},{"date":"2024-03-14","commitResults":[{"hash":"216d217ad30dbffd52d0451431941ccdef459415","isMergeCommit":false,"messageTitle":"Update testcases","messageBody":"","fileTypesAndContributionMap":{"functional-code":{"insertions":2,"deletions":2},"test-code":{"insertions":26,"deletions":20}}},{"hash":"8da5660bf8829cbe6a9aba813462457afd2d6916","isMergeCommit":false,"messageTitle":"Improve code quality","messageBody":"","fileTypesAndContributionMap":{"test-code":{"insertions":21,"deletions":3}}}]},{"date":"2024-03-15","commitResults":[{"hash":"177e4a3dfc3c20dd1ee9f37b0be4b1fb126f8675","isMergeCommit":false,"messageTitle":"Fix parse function","messageBody":"","fileTypesAndContributionMap":{"functional-code":{"insertions":2,"deletions":2}}}]}],"eliotlee68":[{"date":"2024-02-26","commitResults":[{"hash":"e3d9c53cd07d555244086f47f6cb670cd85893dc","isMergeCommit":false,"messageTitle":"Added initial user guide","messageBody":"","fileTypesAndContributionMap":{"docs":{"insertions":47,"deletions":111}}}]},{"date":"2024-03-18","commitResults":[{"hash":"6fea5b393106caabce6415ff6e93906581adf131","isMergeCommit":false,"messageTitle":"Edited UG add command section to include next of kin","messageBody":"","fileTypesAndContributionMap":{"docs":{"insertions":4,"deletions":2}}}]}]},"authorFileTypeContributionMap":{"pjanthony2001":{"docs":110,"functional-code":0,"test-code":0},"tejas-1405":{"docs":10,"functional-code":0,"test-code":0},"Jolonauh":{"docs":219,"functional-code":403,"test-code":712},"Rishit02":{"docs":27,"functional-code":35,"test-code":74},"eliotlee68":{"docs":50,"functional-code":0,"test-code":0}},"authorContributionVariance":{"pjanthony2001":317.80615,"tejas-1405":12.994089,"Jolonauh":53583.207,"Rishit02":1440.6172,"eliotlee68":921.7515},"authorDisplayNameMap":{"pjanthony2001":"CS2103T-W12-4 P J ..HONY","tejas-1405":"CS2103T-W12-4 TEJA..IVAM","Jolonauh":"CS2103T-W12-4 AU J..MIAH","Rishit02":"CS2103T-W12-4 RISH..LWAL","eliotlee68":"CS2103T-W12-4 ELIO..WERN"}}
