{"authorDailyContributionsMap":{"alvinnzz":[{"date":"2024-03-10","commitResults":[{"hash":"3cb1862ae444ad05d63152b41dfe9349c7318dda","isMergeCommit":false,"messageTitle":"Update about us page for Alvin","messageBody":"","fileTypesAndContributionMap":{"docs":{"insertions":53,"deletions":16}}}]},{"date":"2024-03-11","commitResults":[{"hash":"785ea150ff437637e111c4bfa8dcbb9691b482f5","isMergeCommit":true,"messageTitle":"Merge pull request #9 from zhekaiii/about-us-page","messageBody":"Update about us page for Zhekai","fileTypesAndContributionMap":{}}]},{"date":"2024-03-12","commitResults":[{"hash":"61976ed71bb5e1bd5f537dfd7036788e4c911056","isMergeCommit":true,"messageTitle":"Merge pull request #15 from NewtonKoh/about-us-page","messageBody":"Edit about us page","fileTypesAndContributionMap":{}}]},{"date":"2024-03-13","commitResults":[{"hash":"a22145bfe9d15b0d7bc475043a8ef1f8d249dbc2","isMergeCommit":true,"messageTitle":"Merge pull request #22 from zhekaiii/update-nfr","messageBody":"Update NFR","fileTypesAndContributionMap":{}},{"hash":"bcee85c59a9f84cabdded3e456a0e55d5d82e349","isMergeCommit":true,"messageTitle":"Merge pull request #23 from zhekaiii/store-birthday","messageBody":"Store birthday","fileTypesAndContributionMap":{}}]},{"date":"2024-03-14","commitResults":[{"hash":"760cae1cb36a6678e8438061e35ec65c7fedf41e","isMergeCommit":false,"messageTitle":"Add model and prefix for MoneyOwed","messageBody":"","fileTypesAndContributionMap":{"functional-code":{"insertions":92,"deletions":4}}}]},{"date":"2024-03-15","commitResults":[{"hash":"9de29e6a48fee38c9e7be2a28f842e5fffae0a7b","isMergeCommit":false,"messageTitle":"Add MoneyOwed into UI","messageBody":"","fileTypesAndContributionMap":{"functional-code":{"insertions":29,"deletions":18}}},{"hash":"1fa041663c8f78aaaaa25f3f31a1fddb33c4f63e","isMergeCommit":false,"messageTitle":"Add and update tests for MoneyOwed attribute","messageBody":"","fileTypesAndContributionMap":{"test-code":{"insertions":106,"deletions":26}}}]},{"date":"2024-03-16","commitResults":[{"hash":"1d9d6cbb928132f86596099cc0715c4b0dbde467","isMergeCommit":true,"messageTitle":"Merge with master branch","messageBody":"","fileTypesAndContributionMap":{}},{"hash":"8e3b56ef155a0bbda7cd3c29da3cc94ee70ab221","isMergeCommit":false,"messageTitle":"Add javadoc to MoneyOwed class","messageBody":"","fileTypesAndContributionMap":{"functional-code":{"insertions":16,"deletions":2}}},{"hash":"1e439c5a37b3f8bec261cf2902acf4657536d740","isMergeCommit":false,"messageTitle":"Fix checkstyle error in MoneyOwedTest","messageBody":"","fileTypesAndContributionMap":{"test-code":{"insertions":0,"deletions":2}}},{"hash":"f0ae5127a88912e2e4e45aa6e54fde170afa869f","isMergeCommit":false,"messageTitle":"Update errors based on comments","messageBody":"","fileTypesAndContributionMap":{"functional-code":{"insertions":19,"deletions":7},"test-code":{"insertions":18,"deletions":18}}},{"hash":"5d63d1a5a4337000d9c8b898129fb732c68422fa","isMergeCommit":false,"messageTitle":"Add getMessage in MoneyOwed to display on UI","messageBody":"","fileTypesAndContributionMap":{"functional-code":{"insertions":11,"deletions":8}}}]},{"date":"2024-03-17","commitResults":[{"hash":"ea462606c2ef7671585808003b64d719e6ae1e93","isMergeCommit":false,"messageTitle":"Add isNegativeMoney function in MoneyOwed","messageBody":"","fileTypesAndContributionMap":{"functional-code":{"insertions":8,"deletions":1}}},{"hash":"f2d1e0a2c6cc1db220a1d08e92796eb0429f80a0","isMergeCommit":false,"messageTitle":"Fix isNegativeMoney function","messageBody":"","fileTypesAndContributionMap":{"functional-code":{"insertions":1,"deletions":3}}}]},{"date":"2024-03-18","commitResults":[{"hash":"e64ba307c9dac82429ce1a1d4c5f3c7ee11969c9","isMergeCommit":true,"messageTitle":"Merge pull request #28 from zhekaiii/edit-birthdays","messageBody":"Add editing of Birthdays using the edit command","fileTypesAndContributionMap":{}}]},{"date":"2024-03-20","commitResults":[{"hash":"52dc4d8c55f580b7da8a01a2f711bbcba1bb198d","isMergeCommit":false,"messageTitle":"Update edit command to edit money owed","messageBody":"","fileTypesAndContributionMap":{"functional-code":{"insertions":12,"deletions":4},"test-code":{"insertions":5,"deletions":3}}}]},{"date":"2024-03-21","commitResults":[{"hash":"2763d258771c5f8dc7adafe667df70272b0d4f1d","isMergeCommit":true,"messageTitle":"Merge pull request #32 from alvinnzz/branch-edit-money","messageBody":"Update edit command to edit money owed","tags":["v1.2"],"fileTypesAndContributionMap":{}}]},{"date":"2024-03-25","commitResults":[{"hash":"a6780470775edb16eafb5cd371a93ee43495ed8e","isMergeCommit":false,"messageTitle":"Update UML class diagram for split command","messageBody":"","fileTypesAndContributionMap":{"docs":{"insertions":38,"deletions":0}}},{"hash":"ee678a8d26b088858b650c32c41695e2de3ce092","isMergeCommit":true,"messageTitle":"Merge pull request #34 from zhekaiii/update-docs-links","messageBody":"Update links to se-edu repo to the correct github repo link","fileTypesAndContributionMap":{}},{"hash":"7ada790089b935e18cd078bacb2c603833ab3cb9","isMergeCommit":false,"messageTitle":"Add SplitCommand and SplitCommandParser class","messageBody":"","fileTypesAndContributionMap":{"functional-code":{"insertions":157,"deletions":0}}},{"hash":"b5cd9c34b6eb39fa5375fb3bfa2f31d03a7967ce","isMergeCommit":false,"messageTitle":"Edit user guide on split command","messageBody":"","fileTypesAndContributionMap":{"docs":{"insertions":28,"deletions":2}}}]},{"date":"2024-03-26","commitResults":[{"hash":"c6bf3cb941e4c4c9bc7b135fe8a59fca01b431b5","isMergeCommit":true,"messageTitle":"Merge pull request #40 from zhekaiii/update-ug","messageBody":"Update User Guide with sort command","fileTypesAndContributionMap":{}}]},{"date":"2024-03-27","commitResults":[{"hash":"c200d0edfca41f2843c5dac42f03072a35bd0747","isMergeCommit":true,"messageTitle":"Merge pull request #45 from zhekaiii/update-ug","messageBody":"Update User Guide screenshots","fileTypesAndContributionMap":{}},{"hash":"485ee3987ecc43bd86fc3c16bae7306caa93e13c","isMergeCommit":false,"messageTitle":"Add test for SplitCommand and SplitCommandParser","messageBody":"","fileTypesAndContributionMap":{"functional-code":{"insertions":37,"deletions":19},"test-code":{"insertions":170,"deletions":0}}},{"hash":"ad7e49e501500810871f93208a677b40fb1e7959","isMergeCommit":true,"messageTitle":"Handle merge conflicts","messageBody":"","fileTypesAndContributionMap":{}},{"hash":"b0fb19af8a59a10031850e2489d8a09b0f299115","isMergeCommit":false,"messageTitle":"Add test for split command in AddressBookParserTest","messageBody":"","fileTypesAndContributionMap":{"test-code":{"insertions":17,"deletions":0}}},{"hash":"39c2cd820a90d7bd3de819445d29b32d0062c5d4","isMergeCommit":false,"messageTitle":"Update test to increase coverage","messageBody":"","fileTypesAndContributionMap":{"test-code":{"insertions":23,"deletions":2}}}]},{"date":"2024-03-28","commitResults":[{"hash":"0b58bc04fc6b37947098f19567043e12d423faab","isMergeCommit":true,"messageTitle":"Resolve conflicts with master branch","messageBody":"","fileTypesAndContributionMap":{}},{"hash":"e6588026ecd61d1f883daf71e1283e1244ce73ae","isMergeCommit":true,"messageTitle":"Merge pull request #47 from alvinnzz/branch-split-command","messageBody":"Implement split command with split command parser","fileTypesAndContributionMap":{}},{"hash":"0f1110d9c487451e5b2771186e89ac12e47d448f","isMergeCommit":false,"messageTitle":"Add activity diagram for split feature","messageBody":"","fileTypesAndContributionMap":{"docs":{"insertions":32,"deletions":0}}},{"hash":"8ffe04dd90a2986d0981b3c57bbdb61372f44afe","isMergeCommit":false,"messageTitle":"Add line for  EOF","messageBody":"","fileTypesAndContributionMap":{"docs":{"insertions":1,"deletions":1}}}]},{"date":"2024-03-30","commitResults":[{"hash":"6860e111decb9a0503f7b2c9a0cd31a88a7c02ba","isMergeCommit":false,"messageTitle":"Add user guide for pay command","messageBody":"","fileTypesAndContributionMap":{"docs":{"insertions":20,"deletions":2}}},{"hash":"f66da32e554594d1260429749e793fc77a3f4230","isMergeCommit":false,"messageTitle":"Fix split command to split with user","messageBody":"","fileTypesAndContributionMap":{"functional-code":{"insertions":5,"deletions":4},"docs":{"insertions":5,"deletions":3},"test-code":{"insertions":2,"deletions":2}}},{"hash":"520f91419e9eaa0473163531298dc476ab0d853f","isMergeCommit":true,"messageTitle":"Merge branch \u0027master\u0027 into edit-docs","messageBody":"","fileTypesAndContributionMap":{}},{"hash":"ce126c6f465950115a54654bc9366cbbdd483232","isMergeCommit":false,"messageTitle":"Fix information on user guide","messageBody":"","fileTypesAndContributionMap":{"docs":{"insertions":6,"deletions":2}}}]}],"NewtonKoh":[{"date":"2024-03-07","commitResults":[{"hash":"0903314e74cd6305f8453a07c58a036d7ed8c666","isMergeCommit":false,"messageTitle":"Add remark command function","messageBody":"","fileTypesAndContributionMap":{"functional-code":{"insertions":203,"deletions":20},"test-code":{"insertions":132,"deletions":12}}}]},{"date":"2024-03-12","commitResults":[{"hash":"e9d66b107c3e7c4253ba3ebf1bd30f7218cd138d","isMergeCommit":true,"messageTitle":"Merge branch \u0027master\u0027 of https://github.com/NewtonKoh/tp","messageBody":"","fileTypesAndContributionMap":{}},{"hash":"6640f8e6df35f0953e969a37c7453c60b5f73f1e","isMergeCommit":false,"messageTitle":"Add member\u0027s about us pages","messageBody":"","fileTypesAndContributionMap":{"docs":{"insertions":110,"deletions":12}}},{"hash":"acacf642fda7d7b842eeb369ed51cc993873d0d1","isMergeCommit":false,"messageTitle":"Revert \"Add remark command function\"","messageBody":"This reverts commit 0903314e74cd6305f8453a07c58a036d7ed8c666.\n","fileTypesAndContributionMap":{"functional-code":{"insertions":20,"deletions":203},"test-code":{"insertions":12,"deletions":132}}},{"hash":"bfd2fe09e8b51e64881a6a61d5d1d222c86aa686","isMergeCommit":false,"messageTitle":"Fix whitespace issues","messageBody":"","fileTypesAndContributionMap":{"docs":{"insertions":2,"deletions":4}}},{"hash":"245cce524e8c52502e2ac71efbaee5dad802e086","isMergeCommit":false,"messageTitle":"Add use cases for features","messageBody":"","fileTypesAndContributionMap":{"docs":{"insertions":175,"deletions":5}}},{"hash":"0edb9fb3d4255d9da1fc76516fbce14c1f2a6173","isMergeCommit":false,"messageTitle":"Remove duplicate use case and rename features","messageBody":"","fileTypesAndContributionMap":{"docs":{"insertions":4,"deletions":19}}},{"hash":"be3341d269533df02ad0a1143e838eff1e137856","isMergeCommit":false,"messageTitle":"Fix checkstyle issues","messageBody":"","fileTypesAndContributionMap":{"functional-code":{"insertions":36,"deletions":15}}},{"hash":"333fe735cd69e925cc098b769e7d83581528b5fd","isMergeCommit":true,"messageTitle":"Merge branch \u0027master\u0027 into add-remark-command","messageBody":"","fileTypesAndContributionMap":{}},{"hash":"44fe650f43aadef2046491e9db94a507302b0c29","isMergeCommit":false,"messageTitle":"Include remark prefix","messageBody":"","fileTypesAndContributionMap":{"functional-code":{"insertions":1,"deletions":0}}},{"hash":"72ea11011924cac929f5169b1e6786c3dcef05b5","isMergeCommit":false,"messageTitle":"Fix conflicts on remark command","messageBody":"","fileTypesAndContributionMap":{"functional-code":{"insertions":35,"deletions":10},"test-code":{"insertions":132,"deletions":12}}},{"hash":"258138f354472938cf01af1d52822eff36bcb37b","isMergeCommit":false,"messageTitle":"Fix checkstyle issues","messageBody":"","fileTypesAndContributionMap":{"docs":{"insertions":1,"deletions":1},"test-code":{"insertions":1,"deletions":1}}},{"hash":"bce781fad975ffa9748a65d397514d06cc5c5f7c","isMergeCommit":false,"messageTitle":"Fix checkstyle issues","messageBody":"","fileTypesAndContributionMap":{"test-code":{"insertions":10,"deletions":9}}},{"hash":"0a992663e6b11884fdc2313019a5fd4fb8f1e95d","isMergeCommit":false,"messageTitle":"Fix assertion failure","messageBody":"","fileTypesAndContributionMap":{"test-code":{"insertions":2,"deletions":1}}}]},{"date":"2024-03-25","commitResults":[{"hash":"182a27408346203039aafad3f0d2f17eb29149eb","isMergeCommit":true,"messageTitle":"Merge pull request #36 from JerryO3/UG-update","messageBody":"UG update","fileTypesAndContributionMap":{}}]},{"date":"2024-03-26","commitResults":[{"hash":"7815f1165278580a60880ef7acb2cc88362ce0d1","isMergeCommit":false,"messageTitle":"Create first UI draft layout","messageBody":"","fileTypesAndContributionMap":{"functional-code":{"insertions":486,"deletions":109}}},{"hash":"b8862d50092ed0924cfe171cc68f8d8fd49b218c","isMergeCommit":false,"messageTitle":"Create second UI draft layout","messageBody":"","fileTypesAndContributionMap":{"functional-code":{"insertions":336,"deletions":55}}},{"hash":"db7bf3494601f52cd914f699dbde5013c6b56370","isMergeCommit":true,"messageTitle":"Merge branch \u0027master\u0027 into UI-first-draft","messageBody":"","fileTypesAndContributionMap":{}},{"hash":"b211d034188ad4747af874e1368d15c3224d6227","isMergeCommit":false,"messageTitle":"Fix checkstyle errors","messageBody":"","fileTypesAndContributionMap":{"functional-code":{"insertions":72,"deletions":324}}},{"hash":"3db7c8e95ed869c096d204f8c43546ec1213d347","isMergeCommit":true,"messageTitle":"Merge branch \u0027UI-first-draft\u0027 of https://github.com/NewtonKoh/tp into UI-first-draft","messageBody":"","fileTypesAndContributionMap":{}},{"hash":"23b9b5f6dc4a5eaa4f19d933f35b6eb5e90f6f08","isMergeCommit":false,"messageTitle":"Fix checkstyle errors","messageBody":"","fileTypesAndContributionMap":{"functional-code":{"insertions":6,"deletions":6}}},{"hash":"54ffc9ba4494b99e83a443da3f65b79aa19e369c","isMergeCommit":false,"messageTitle":"Update UiClassDiagram.puml","messageBody":"","fileTypesAndContributionMap":{"docs":{"insertions":3,"deletions":0}}},{"hash":"b2963b8663c24d6ba8071bf1690b2ca70d07f27a","isMergeCommit":false,"messageTitle":"Update src/main/java/seedu/address/ui/DisplayCard.java","messageBody":"Co-authored-by: Zhekai \u003c40530851+zhekaiii@users.noreply.github.com\u003e","fileTypesAndContributionMap":{"functional-code":{"insertions":1,"deletions":1}}},{"hash":"61770c7a48350e69adf6aa14f63fea8ebb8cd508","isMergeCommit":false,"messageTitle":"Address feedback from Zhe Kai","messageBody":"- Rename `logo.png` to `friendfolio_logo.png` for clarity (MainWindow.java).\n- Simplify logic by early returning (PersonListPanel.java).\n- Restore application title to \u0027FriendFolio\u0027 (MainWindow.fxml).\n","fileTypesAndContributionMap":{"functional-code":{"insertions":12,"deletions":12}}},{"hash":"6a01a1beb8161ffef13faeaa78869d3c0034ae9b","isMergeCommit":false,"messageTitle":"Fix checkstyle errors","messageBody":"","fileTypesAndContributionMap":{"functional-code":{"insertions":0,"deletions":2}}}]},{"date":"2024-03-28","commitResults":[{"hash":"5a1a927d48324ccbf281723980128b38accfea6c","isMergeCommit":true,"messageTitle":"Merge pull request #51 from zhekaiii/update-uml","messageBody":"Update UML and developer guide","fileTypesAndContributionMap":{}},{"hash":"a1a6bba563d8b4d3a97ba84bba8e9da14f5fef95","isMergeCommit":false,"messageTitle":"Update DG with UI Upgrade and Remark Command details","messageBody":"- Integrate DisplayCard element description into UI Component section.\n- Detail Remark Command implementation in Logic Component section.\n- Adjust Model Component section to reflect changes supporting new features.\n","fileTypesAndContributionMap":{"docs":{"insertions":110,"deletions":17}}}]},{"date":"2024-03-29","commitResults":[{"hash":"9a871a216720611c88efa7ec6867303dd1287266","isMergeCommit":true,"messageTitle":"Merge pull request #56 from JerryO3/DG-update-filter","messageBody":"Dg update filter","fileTypesAndContributionMap":{}},{"hash":"6666129c6f1ea292d1c587d0e9aa2b56d609fa1c","isMergeCommit":true,"messageTitle":"Merge pull request #53 from NewtonKoh/DG-update","messageBody":"Update DG with UI Upgrade and Remark Command details","fileTypesAndContributionMap":{}},{"hash":"714dfd5eaeaa5edb333e956a6b99b9bcd67a661e","isMergeCommit":true,"messageTitle":"Merge pull request #55 from alvinnzz/branch-DG","messageBody":"Add activity diagram for split feature","fileTypesAndContributionMap":{}}]},{"date":"2024-03-30","commitResults":[{"hash":"565ce715ba4dd32ac34b20791c00e70e400fbfab","isMergeCommit":false,"messageTitle":"Enhance home page with animations and layout updates","messageBody":"- Introduce new animations for list item interactions.\n- Redesign home page layout for improved user engagement.\n","fileTypesAndContributionMap":{"functional-code":{"insertions":796,"deletions":64},"docs":{"insertions":1,"deletions":1}}},{"hash":"9ee74878fb1efc65f71b40f3e0ee63fcaba533c1","isMergeCommit":false,"messageTitle":"Fix AddCommandTest error","messageBody":"","fileTypesAndContributionMap":{"test-code":{"insertions":5,"deletions":0}}},{"hash":"282763ffe9556e479d7fe363f24124651049937c","isMergeCommit":false,"messageTitle":"Update src/main/java/seedu/address/ui/HomeCard.java","messageBody":"Co-authored-by: Zhekai \u003c40530851+zhekaiii@users.noreply.github.com\u003e","fileTypesAndContributionMap":{"functional-code":{"insertions":1,"deletions":26}}}]},{"date":"2024-03-31","commitResults":[{"hash":"8868df24b418bf9f723c48f2436a6c0cccac2b5b","isMergeCommit":false,"messageTitle":"Improve code quality in UI components","messageBody":"- Rename variables for clarity and adherence to boolean naming conventions.\n- Extract time and date formatting logic into class-level constants in HomeCard.\n- Refactor HomeCard initialization to enforce SLAP, separating logic into distinct methods for setting up time, contacts, bar chart, availability, and animations.\n- Replace `getContactAmount` with `getContactCount` in HomeCard for accurate terminology.\n- Utilize `MoneyOwed.userOwesMoney` method for consistency in debt calculation.\n- Rename `MiniCard` to `MiniPersonCard` for better specificity.\n- Adjust boolean parameter naming in `PersonCard` constructor to `isAnimationEnabled` for clarity.\n\nThese changes aim to enhance code readability, maintainability, and ensure consistency across the UI component implementations.\n","fileTypesAndContributionMap":{"functional-code":{"insertions":284,"deletions":222},"other":{"insertions":2,"deletions":2}}}]}],"JerryO3":[{"date":"2024-03-11","commitResults":[{"hash":"5ca183da1c65e3d08813bde227d207df383ab19a","isMergeCommit":false,"messageTitle":"Add User Stories, User Profile and Value Proposition as per team doc","messageBody":"","fileTypesAndContributionMap":{"docs":{"insertions":41,"deletions":9}}},{"hash":"a2eece09935c8fda66fb20d88ef84b61e0444700","isMergeCommit":true,"messageTitle":"Merge branch \u0027master\u0027 of https://github.com/JerryO3/tp","messageBody":"","fileTypesAndContributionMap":{}}]},{"date":"2024-03-12","commitResults":[{"hash":"818031c60aef3b2a5a7344505c96083970db343d","isMergeCommit":false,"messageTitle":"Add picture in about us page","messageBody":"","fileTypesAndContributionMap":{"docs":{"insertions":10,"deletions":0}}},{"hash":"eef5ed73fa89d712e385910f3c2991a1f0740d82","isMergeCommit":true,"messageTitle":"Merge branch \u0027master\u0027 of https://github.com/JerryO3/tp","messageBody":"","fileTypesAndContributionMap":{}},{"hash":"05a66ba0e40f3685be23b2ca7b99ee4fbcfe0860","isMergeCommit":false,"messageTitle":"Add Sort feature for tags, and supporting parsers","messageBody":"","fileTypesAndContributionMap":{"functional-code":{"insertions":127,"deletions":0}}}]},{"date":"2024-03-13","commitResults":[{"hash":"20cd2529debdfff8f7fb3e931a1f622e5c7e3b44","isMergeCommit":false,"messageTitle":"Add test for sort command and parser. Fix failing tests from outdated mocks","messageBody":"","fileTypesAndContributionMap":{"functional-code":{"insertions":27,"deletions":14},"test-code":{"insertions":267,"deletions":1}}}]},{"date":"2024-03-19","commitResults":[{"hash":"acbb7fb148809172473a007a5e174e6444ced120","isMergeCommit":true,"messageTitle":"Merge branch \u0027master\u0027 of https://github.com/JerryO3/tp","messageBody":"","fileTypesAndContributionMap":{}},{"hash":"6a06bde3f677e97fe8d8fb6e78b811fdfaf8f416","isMergeCommit":true,"messageTitle":"fix merge conflicts on typical address book json","messageBody":"","fileTypesAndContributionMap":{}},{"hash":"952fde5cb30304f9bd167e057013770f63779f2b","isMergeCommit":false,"messageTitle":"Make tag search case insensitive, while retaining case sensitivity of tags","messageBody":"","fileTypesAndContributionMap":{"functional-code":{"insertions":2,"deletions":2},"test-code":{"insertions":17,"deletions":0}}},{"hash":"3ba0bf6e44175685542679c2834d0bd129889592","isMergeCommit":false,"messageTitle":"Renamed sort to filter","messageBody":"","fileTypesAndContributionMap":{"functional-code":{"insertions":3,"deletions":13},"other":{"insertions":39,"deletions":39},"test-code":{"insertions":4,"deletions":12}}},{"hash":"00437f6db7ebc21dfc6d038e5827eecb804abe52","isMergeCommit":false,"messageTitle":"fix coding style to match styleguide","messageBody":"","fileTypesAndContributionMap":{"functional-code":{"insertions":14,"deletions":3},"test-code":{"insertions":13,"deletions":4}}},{"hash":"40197ea188f5a0f708e1a07e80a6686ea5d293ab","isMergeCommit":false,"messageTitle":"Add Javadoc for FilterCommand constructor","messageBody":"","fileTypesAndContributionMap":{"functional-code":{"insertions":5,"deletions":0}}},{"hash":"e7a013f5ca1449b5e61f2e90d2a41325169b7d26","isMergeCommit":false,"messageTitle":"Fix formatting for FilterCommand","messageBody":"","fileTypesAndContributionMap":{"test-code":{"insertions":1,"deletions":2}}},{"hash":"79391013a47d036da2036a500bc1edabe9792d74","isMergeCommit":true,"messageTitle":"Merge branch \u0027master\u0027 of https://github.com/JerryO3/tp","messageBody":"","fileTypesAndContributionMap":{}},{"hash":"ab14881bc0d7b29f61cbdd20f1a3f0430b97dfca","isMergeCommit":false,"messageTitle":"Add UML diagram showing FilterCommand and FindCommand relationship","messageBody":"","fileTypesAndContributionMap":{"docs":{"insertions":24,"deletions":0}}},{"hash":"c51dc8fa7ebc5a9a3d0b21b39dac1072b7d54ce8","isMergeCommit":false,"messageTitle":"Add explanation for future implementation of filter commands","messageBody":"","fileTypesAndContributionMap":{"docs":{"insertions":4,"deletions":0}}}]},{"date":"2024-03-21","commitResults":[{"hash":"0844e9e9e2ca2d2d7630a986b23e5b6e1b5d3d6c","isMergeCommit":true,"messageTitle":"Merge branch \u0027master\u0027 of https://github.com/JerryO3/tp","messageBody":"","fileTypesAndContributionMap":{}}]},{"date":"2024-03-24","commitResults":[{"hash":"ef8083e11010244cc2c036f0f52524090cac9dc8","isMergeCommit":false,"messageTitle":"Add days available field to person, include add and edit functionality on keyword d/","messageBody":"","fileTypesAndContributionMap":{"functional-code":{"insertions":162,"deletions":21}}},{"hash":"324f5cf53619ba785dc13379a0e9816198ba4334","isMergeCommit":false,"messageTitle":"Fix storage bug where days available was not parseable to JSON","messageBody":"","fileTypesAndContributionMap":{"functional-code":{"insertions":9,"deletions":5},"test-code":{"insertions":37,"deletions":1}}}]},{"date":"2024-03-25","commitResults":[{"hash":"b0a7b78527a71309b7dba5ed947b568fddc28824","isMergeCommit":false,"messageTitle":"Add testing support and stubs for days available field","messageBody":"","fileTypesAndContributionMap":{"functional-code":{"insertions":16,"deletions":7},"test-code":{"insertions":196,"deletions":86}}},{"hash":"8201dd0a1b8a6ab71cc4acd3015b74b33c1d031b","isMergeCommit":false,"messageTitle":"Update User Guide with 2101 requirements","messageBody":"","fileTypesAndContributionMap":{"docs":{"insertions":63,"deletions":9}}},{"hash":"50656753941cf6e4a81e628d257611f59990560c","isMergeCommit":true,"messageTitle":"Merge branch \u0027master\u0027 of https://github.com/JerryO3/tp","messageBody":"","fileTypesAndContributionMap":{}},{"hash":"f0c14cf61e68921dfbce954df151b0f638db1ddb","isMergeCommit":true,"messageTitle":"Merge pull request #33 from alvinnzz/branch-edit-uml","messageBody":"Update UML class diagram for split command","fileTypesAndContributionMap":{}},{"hash":"daad349b73aa24a2ae046ed638b9fd80866d6879","isMergeCommit":true,"messageTitle":"Merge pull request #37 from alvinnzz/branch-user-guide","messageBody":"Edit user guide on split command","fileTypesAndContributionMap":{}}]},{"date":"2024-03-26","commitResults":[{"hash":"fce725f7815a32d2a96dc5069d98f72ef5c5d05b","isMergeCommit":true,"messageTitle":"Merge branch \u0027master\u0027 of https://github.com/JerryO3/tp","messageBody":"","fileTypesAndContributionMap":{}},{"hash":"49c8ea5aa5eff0c7d1a5177d8e5710384297be3e","isMergeCommit":true,"messageTitle":"Merge branch \u0027master\u0027 into days-available","messageBody":"","fileTypesAndContributionMap":{}},{"hash":"31982b8a8a8601cf49775daee11817c45639832c","isMergeCommit":false,"messageTitle":"Update code to conform to style guide","messageBody":"","fileTypesAndContributionMap":{"functional-code":{"insertions":43,"deletions":9},"test-code":{"insertions":90,"deletions":17}}},{"hash":"44db2640d4299d43e30372ce4d9ba8795a8c6cba","isMergeCommit":true,"messageTitle":"Merge branch \u0027days-available\u0027 into general-filter-by","messageBody":"","fileTypesAndContributionMap":{}},{"hash":"079c5496b62c855463c87851ed7c2463340c42d3","isMergeCommit":false,"messageTitle":"Test abstract filter class","messageBody":"","fileTypesAndContributionMap":{"functional-code":{"insertions":54,"deletions":70},"other":{"insertions":4,"deletions":2},"test-code":{"insertions":10,"deletions":8}}}]},{"date":"2024-03-27","commitResults":[{"hash":"9e6d04d125443cd365ae313520f7018850419b5c","isMergeCommit":false,"messageTitle":"Revert \"Test abstract filter class\"","messageBody":"This reverts commit 079c5496b62c855463c87851ed7c2463340c42d3.\n","fileTypesAndContributionMap":{"functional-code":{"insertions":70,"deletions":54},"other":{"insertions":2,"deletions":4},"test-code":{"insertions":8,"deletions":10}}},{"hash":"2251c18b832f0b5ffbe01ad81d4cf0e3a3a2241e","isMergeCommit":false,"messageTitle":"Add filter abstract class that groups similar filter classes together","messageBody":"","fileTypesAndContributionMap":{"functional-code":{"insertions":185,"deletions":116},"other":{"insertions":39,"deletions":37},"test-code":{"insertions":11,"deletions":9}}},{"hash":"b00604b70590b24407e58f72054e4605879dc6de","isMergeCommit":false,"messageTitle":"Update names for filter","messageBody":"","fileTypesAndContributionMap":{"functional-code":{"insertions":12,"deletions":1},"test-code":{"insertions":1,"deletions":1}}}]},{"date":"2024-03-28","commitResults":[{"hash":"b32de24e74828193b44d7ce76bbef941b5a222f3","isMergeCommit":false,"messageTitle":"Add filter command parser class","messageBody":"","fileTypesAndContributionMap":{"functional-code":{"insertions":66,"deletions":81},"other":{"insertions":8,"deletions":8}}},{"hash":"3014d7e5a762798ec4e1f26a160ba8be1cf497db","isMergeCommit":false,"messageTitle":"Add some tests to filter command parser","messageBody":"","fileTypesAndContributionMap":{"functional-code":{"insertions":5,"deletions":1},"test-code":{"insertions":70,"deletions":6}}},{"hash":"bb487644ed792bd1ce65adbe29d6600e7787a3db","isMergeCommit":false,"messageTitle":"Update code to fit styleguide.","messageBody":"","fileTypesAndContributionMap":{"functional-code":{"insertions":26,"deletions":13},"other":{"insertions":2,"deletions":4},"test-code":{"insertions":82,"deletions":0}}},{"hash":"385d061bc804183c5d17acbb47cc0a95fb34e235","isMergeCommit":false,"messageTitle":"Update code to fit styleguide","messageBody":"","fileTypesAndContributionMap":{"test-code":{"insertions":16,"deletions":14}}},{"hash":"450d234f6fcd6382c83ab2830323aaa80968bcb1","isMergeCommit":true,"messageTitle":"Merge branch \u0027master\u0027 of https://github.com/JerryO3/tp","messageBody":"","fileTypesAndContributionMap":{}},{"hash":"1e48f4eed64034e2926d0b187a144b588457cc1b","isMergeCommit":true,"messageTitle":"Fix merge conflicts on Ui","messageBody":"","fileTypesAndContributionMap":{}},{"hash":"7473d2ba536c49665001ac6aac21246dad9a957b","isMergeCommit":false,"messageTitle":"Move predicates package under person","messageBody":"","fileTypesAndContributionMap":{"other":{"insertions":3,"deletions":3}}},{"hash":"067b6f05526415eb361c52f51ba6cd4a99bb5fbb","isMergeCommit":false,"messageTitle":"Fix imports to adhere to style","messageBody":"","fileTypesAndContributionMap":{"test-code":{"insertions":0,"deletions":3}}}]},{"date":"2024-03-29","commitResults":[{"hash":"8f55c11e66f40923878014e68b54e5610f8c319c","isMergeCommit":true,"messageTitle":"Merge branch \u0027master\u0027 of https://github.com/JerryO3/tp","messageBody":"","fileTypesAndContributionMap":{}},{"hash":"edb4c90e6f686ed9d0b231b863b870f749413b35","isMergeCommit":true,"messageTitle":"Resolve merge conflicts from master","messageBody":"","fileTypesAndContributionMap":{}},{"hash":"a1f6f92bcab53818de59d5692d13cb604661035e","isMergeCommit":false,"messageTitle":"Update tests with daysAvailable","messageBody":"","fileTypesAndContributionMap":{"functional-code":{"insertions":4,"deletions":2},"test-code":{"insertions":5,"deletions":3}}},{"hash":"c7ac9dc21b140243816d53cad35456c951055204","isMergeCommit":false,"messageTitle":"Add updated filter implementation","messageBody":"","fileTypesAndContributionMap":{"docs":{"insertions":33,"deletions":13}}},{"hash":"065a0bd16aa867c37efc1a945ddf22891f259ffd","isMergeCommit":false,"messageTitle":"Update puml for checks","messageBody":"","fileTypesAndContributionMap":{"docs":{"insertions":1,"deletions":0}}},{"hash":"7813961536fd69e7bb9928585187baa2d24268f9","isMergeCommit":false,"messageTitle":"Update puml for checks","messageBody":"","fileTypesAndContributionMap":{"docs":{"insertions":1,"deletions":2}}},{"hash":"b5d773fbf8eec9f804462a821114f15b265e38d8","isMergeCommit":false,"messageTitle":"Edit comments for clarity","messageBody":"","fileTypesAndContributionMap":{"test-code":{"insertions":14,"deletions":18}}},{"hash":"3d6ab2cf84ed77cb2f68ffc0cbe4748618906866","isMergeCommit":false,"messageTitle":"Refactor Days to Day","messageBody":"","fileTypesAndContributionMap":{"other":{"insertions":0,"deletions":0}}},{"hash":"bb043a84d9917e4cab3d0f211e141220a6fd5969","isMergeCommit":false,"messageTitle":"Refactor Days to Day","messageBody":"","fileTypesAndContributionMap":{"functional-code":{"insertions":46,"deletions":72},"test-code":{"insertions":35,"deletions":55}}},{"hash":"5c3d69e9572984e4c9a5c3ea69c2d31795a17d7c","isMergeCommit":false,"messageTitle":"Fix import ordering to styleguide","messageBody":"","fileTypesAndContributionMap":{"functional-code":{"insertions":30,"deletions":4},"test-code":{"insertions":30,"deletions":6}}},{"hash":"049f28507597783151473700e63eb8d73ef09408","isMergeCommit":false,"messageTitle":"Remove magic numbers, edit comments","messageBody":"","fileTypesAndContributionMap":{"functional-code":{"insertions":16,"deletions":12},"test-code":{"insertions":8,"deletions":8}}},{"hash":"9a9e8944b1309481dc99e357d84a31e27aa9d66a","isMergeCommit":false,"messageTitle":"Refactor filter types into subclasses","messageBody":"","fileTypesAndContributionMap":{"functional-code":{"insertions":9,"deletions":7}}},{"hash":"97c4309ee72766d5f2d20e765fb47fa6c4bc4edc","isMergeCommit":false,"messageTitle":"Refactor find command to filter name command","messageBody":"","fileTypesAndContributionMap":{"functional-code":{"insertions":26,"deletions":14},"other":{"insertions":21,"deletions":21},"test-code":{"insertions":5,"deletions":18}}},{"hash":"31dd4145bd8371266d9a5967ab050ab4e63a678b","isMergeCommit":false,"messageTitle":"Fix regressions","messageBody":"","fileTypesAndContributionMap":{"functional-code":{"insertions":14,"deletions":25},"other":{"insertions":5,"deletions":5},"test-code":{"insertions":9,"deletions":7}}},{"hash":"9f27b4f31cfdd45a9f57042a0365985643e3aeb2","isMergeCommit":false,"messageTitle":"Fix import statements sequence","messageBody":"","fileTypesAndContributionMap":{"functional-code":{"insertions":12,"deletions":1},"test-code":{"insertions":16,"deletions":2}}},{"hash":"7084e24dbfbd20a847356613f6c1294391db18b4","isMergeCommit":true,"messageTitle":"Merge branch \u0027master\u0027 of https://github.com/JerryO3/tp","messageBody":"","fileTypesAndContributionMap":{}},{"hash":"e36e0ad4cfb79e0b3f61dbcfca62d8284e7d2553","isMergeCommit":true,"messageTitle":"Merge branch \u0027master\u0027 into general-filter-by","messageBody":"","fileTypesAndContributionMap":{}},{"hash":"a05d77371082b0687adb8bba70b77a8841fdef66","isMergeCommit":false,"messageTitle":"Use constants instead of magic words","messageBody":"","fileTypesAndContributionMap":{"functional-code":{"insertions":5,"deletions":5}}},{"hash":"8c149592159f67caec302f96f8c446742d62d164","isMergeCommit":true,"messageTitle":"Merge pull request #49 from JerryO3/general-filter-by","messageBody":"General filter by","fileTypesAndContributionMap":{}}]}],"zhekaiii":[{"date":"2024-03-11","commitResults":[{"hash":"dbaeef15582db658a89c1ea4e9094e5445471d40","isMergeCommit":true,"messageTitle":"Merge pull request #7 from alvinnzz/about-us-page","messageBody":"Update about us page for Alvin","fileTypesAndContributionMap":{}},{"hash":"769403b653d2589bd635c334d8b21ef044c17cb5","isMergeCommit":false,"messageTitle":"Update about us page for Zhekai","messageBody":"","fileTypesAndContributionMap":{"docs":{"insertions":86,"deletions":26}}}]},{"date":"2024-03-12","commitResults":[{"hash":"755f91327c388fa27f116582a9a8bb94010faca5","isMergeCommit":true,"messageTitle":"Merge pull request #11 from JerryO3/about-us-update","messageBody":"AboutUs update","fileTypesAndContributionMap":{}},{"hash":"39a470a27d0aa0ff512807782a736bc087263e92","isMergeCommit":true,"messageTitle":"Merge pull request #12 from JerryO3/DG-update","messageBody":"Add User Stories, User Profile and Value Proposition as per team doc","fileTypesAndContributionMap":{}},{"hash":"d598390424ea2c51ecef971fb41781806ecfba68","isMergeCommit":true,"messageTitle":"Merge pull request #20 from NewtonKoh/use-cases","messageBody":"Add use cases for features","fileTypesAndContributionMap":{}},{"hash":"cfe92afbc54b5cda0d53eeee235466308288bf7e","isMergeCommit":true,"messageTitle":"Merge pull request #21 from NewtonKoh/add-remark-command","messageBody":"Add remark command","fileTypesAndContributionMap":{}}]},{"date":"2024-03-13","commitResults":[{"hash":"98023956232df40519834a19f32b0041b8d481dd","isMergeCommit":false,"messageTitle":"Add birthdays to Person","messageBody":"","fileTypesAndContributionMap":{"functional-code":{"insertions":190,"deletions":58},"test-code":{"insertions":120,"deletions":34}}},{"hash":"4dbb07d4874224c441313e9afd915b5b518e439e","isMergeCommit":false,"messageTitle":"Update non-functional requirements in DeveloperGuide.md","messageBody":"","fileTypesAndContributionMap":{"docs":{"insertions":165,"deletions":102}}},{"hash":"472053398ec9d8780e2e9ce5e039425174f8218f","isMergeCommit":true,"messageTitle":"Merge master into update-nfr","messageBody":"","fileTypesAndContributionMap":{}},{"hash":"46f499dd408d549ba148cc39a49a1088fb274c9d","isMergeCommit":false,"messageTitle":"Update README.md","messageBody":"","fileTypesAndContributionMap":{"docs":{"insertions":10,"deletions":12}}},{"hash":"f0eee632b5222adbb468f75ebc68a7dd093604a5","isMergeCommit":false,"messageTitle":"Fix run check errors","messageBody":"","fileTypesAndContributionMap":{"docs":{"insertions":5,"deletions":4}}},{"hash":"3a9476756f2db8bd8392d48243397383266d0bab","isMergeCommit":false,"messageTitle":"Fix test errors and add birthday to UI","messageBody":"","fileTypesAndContributionMap":{"functional-code":{"insertions":47,"deletions":37},"test-code":{"insertions":1,"deletions":1}}},{"hash":"6676c13ad3569eaae7bd1d0809ac77fb3b57abf8","isMergeCommit":true,"messageTitle":"Merge master into store-birthday","messageBody":"","fileTypesAndContributionMap":{}},{"hash":"6ccd3861927d8420bd219fe1cfc5eb4d4cc0ea6b","isMergeCommit":false,"messageTitle":"Allow Remark to be optional","messageBody":"","fileTypesAndContributionMap":{"functional-code":{"insertions":5,"deletions":8}}},{"hash":"1aac1a2790a9859522b4fd9f99770a9ea7e829ab","isMergeCommit":false,"messageTitle":"Fix checkstyle issues","messageBody":"","fileTypesAndContributionMap":{"functional-code":{"insertions":3,"deletions":1}}},{"hash":"9391234e7446ed25f9419e6d819f6e3567c8c844","isMergeCommit":false,"messageTitle":"Add birthday into User Guide","messageBody":"","fileTypesAndContributionMap":{"docs":{"insertions":59,"deletions":44}}}]},{"date":"2024-03-16","commitResults":[{"hash":"e010a0c3bed43974b0ec80ecb24c40789001f217","isMergeCommit":false,"messageTitle":"Add editing of Birthdays using the edit command","messageBody":"","fileTypesAndContributionMap":{"functional-code":{"insertions":15,"deletions":5},"test-code":{"insertions":49,"deletions":6}}}]},{"date":"2024-03-17","commitResults":[{"hash":"7b4a3d91c9eaba65a2f9bccb4605070ed1f04271","isMergeCommit":false,"messageTitle":"Refactor Birthday parsing and fix inaccurate javadoc headers","messageBody":"","fileTypesAndContributionMap":{"functional-code":{"insertions":11,"deletions":6}}},{"hash":"d444e2aa3ea76b6773b65c83358aee75543cb6e1","isMergeCommit":true,"messageTitle":"Merge pull request #26 from alvinnzz/branch-store-money","messageBody":"Store moneyOwed attribute","fileTypesAndContributionMap":{}},{"hash":"c62cea77e036cf431f1640fbe6ba84889d742859","isMergeCommit":true,"messageTitle":"Merge master into edit-birthdays","messageBody":"","fileTypesAndContributionMap":{}}]},{"date":"2024-03-19","commitResults":[{"hash":"9ab512e569f30aeaac1aa717dfe50a31321aae66","isMergeCommit":false,"messageTitle":"Update UMLs to include new attributes into Person class","messageBody":"","fileTypesAndContributionMap":{"docs":{"insertions":9,"deletions":0}}},{"hash":"fc509f6a2b1b4e15835e735cc7f87b85d47ce0dd","isMergeCommit":true,"messageTitle":"Merge pull request #29 from zhekaiii/update-uml","messageBody":"Update UMLs to include new attributes into Person class","fileTypesAndContributionMap":{}},{"hash":"5e0a539835dad8df780cc0eebf1d29caa3ccf8f0","isMergeCommit":true,"messageTitle":"Merge pull request #25 from JerryO3/sort-by-tag","messageBody":"Sort by tag: Add sort command and parser support","fileTypesAndContributionMap":{}},{"hash":"96bde6d8b5a82c317b554c73985de4040fbef545","isMergeCommit":true,"messageTitle":"Merge pull request #31 from JerryO3/UML-diagram","messageBody":"Uml diagram","fileTypesAndContributionMap":{}}]},{"date":"2024-03-25","commitResults":[{"hash":"ec86c2f1104782b2acb9363140a302878e6cd2b9","isMergeCommit":false,"messageTitle":"Update links to se-edu repo to the correct github repo link","messageBody":"","fileTypesAndContributionMap":{"functional-code":{"insertions":48,"deletions":46},"docs":{"insertions":142,"deletions":77}}},{"hash":"dc1d9fc1f59fdc9527caa8f8dbd5990ea6fcbfd5","isMergeCommit":false,"messageTitle":"Revert link update in AddRemark.md from tp repo to se-edu repo","messageBody":"","fileTypesAndContributionMap":{"docs":{"insertions":11,"deletions":11}}},{"hash":"a5b8be0d864533ff4aa7701b8dbd969e1411265c","isMergeCommit":false,"messageTitle":"Add SortCommand to allow sorting by birthday, name and money owed","messageBody":"","fileTypesAndContributionMap":{"functional-code":{"insertions":250,"deletions":25}}},{"hash":"904007328ad620a49c3a01c0d52723506188b27e","isMergeCommit":false,"messageTitle":"Add test cases to SortCommand","messageBody":"","fileTypesAndContributionMap":{"functional-code":{"insertions":21,"deletions":2},"test-code":{"insertions":163,"deletions":13}}},{"hash":"4541daac9242574b25fbf42a337f0d95a1b4d166","isMergeCommit":false,"messageTitle":"Shift getComparator from SortCommandParser to SortCommand","messageBody":"","fileTypesAndContributionMap":{"functional-code":{"insertions":1,"deletions":23}}}]},{"date":"2024-03-26","commitResults":[{"hash":"03e8de0cb2537a1d31e11797930d8694557f4170","isMergeCommit":false,"messageTitle":"Update User Guide with sort command","messageBody":"","fileTypesAndContributionMap":{"docs":{"insertions":73,"deletions":59}}},{"hash":"d93cde326946d062fb5328e5a923a25672a7e36c","isMergeCommit":false,"messageTitle":"Fix broken bold","messageBody":"","fileTypesAndContributionMap":{"docs":{"insertions":3,"deletions":6}}},{"hash":"05ecb4e6a101e69d80852fe106a84f2f3587e222","isMergeCommit":true,"messageTitle":"Merge pull request #41 from zhekaiii/update-ug","messageBody":"Fix broken bold","fileTypesAndContributionMap":{}},{"hash":"1b8194ac97d9a71f76fd7c4e1ac445551fcb853e","isMergeCommit":false,"messageTitle":"Implement PayNow QR Code generation","messageBody":"","fileTypesAndContributionMap":{"functional-code":{"insertions":235,"deletions":0},"other":{"insertions":1,"deletions":0}}},{"hash":"fdd5612682bac417795d02d91c0b6e941ab44f5a","isMergeCommit":true,"messageTitle":"Merge pull request #42 from NewtonKoh/UI-first-draft","messageBody":"UI first draft","fileTypesAndContributionMap":{}},{"hash":"0664696cfbd2cb082fbc419eff033e3939f55a31","isMergeCommit":true,"messageTitle":"Merge pull request #43 from NewtonKoh/uml-diagram-ui-update","messageBody":"Uml diagram update UI","fileTypesAndContributionMap":{}},{"hash":"3b11fe6f3323fdebf10daaddacc72d004a268c9e","isMergeCommit":false,"messageTitle":"Add new test case for SortCommand and refactor MoneyOwed Comparator","messageBody":"","fileTypesAndContributionMap":{"functional-code":{"insertions":7,"deletions":16},"test-code":{"insertions":25,"deletions":0}}},{"hash":"14bab21933992f757172543001a00815fd5c38da","isMergeCommit":true,"messageTitle":"Merge remote-tracking branch \u0027upstream/master\u0027 into sort-command","messageBody":"","fileTypesAndContributionMap":{}},{"hash":"260aea9be4cb9fb3a1881ea58b2e70d8c33fab83","isMergeCommit":false,"messageTitle":"Add new test cases for SortCommandParser","messageBody":"","fileTypesAndContributionMap":{"functional-code":{"insertions":4,"deletions":6},"test-code":{"insertions":54,"deletions":6}}},{"hash":"a8a3a915beb1a8ece229a832b982a454aa720e44","isMergeCommit":false,"messageTitle":"Add new test cases for SortCommand and AddressBookParser","messageBody":"","fileTypesAndContributionMap":{"test-code":{"insertions":18,"deletions":5}}}]},{"date":"2024-03-27","commitResults":[{"hash":"10c3a7416d153a210384c9290b7ad55eb7cd4a08","isMergeCommit":false,"messageTitle":"Add new test cases for MoneyOwed","messageBody":"","fileTypesAndContributionMap":{"functional-code":{"insertions":7,"deletions":3},"test-code":{"insertions":17,"deletions":0}}},{"hash":"abdeaa0695b6cc74411188f0d4a8c4960b9245b7","isMergeCommit":true,"messageTitle":"Merge pull request #39 from zhekaiii/sort-command","messageBody":"Sort command","fileTypesAndContributionMap":{}},{"hash":"cb28b7331a6ef3ebf7b33ce41e06a6cb17104ef0","isMergeCommit":false,"messageTitle":"Update User Guide screenshots","messageBody":"","fileTypesAndContributionMap":{"docs":{"insertions":23,"deletions":30}}},{"hash":"271ff5c1827b47c83439a35154e9e4d4aef70ee6","isMergeCommit":false,"messageTitle":"Write test cases for PayNowField and MerchantAccountInformation","messageBody":"","fileTypesAndContributionMap":{"functional-code":{"insertions":30,"deletions":17},"test-code":{"insertions":38,"deletions":0}}},{"hash":"efe91240b78abb1131e82b82c0c291c12369e785","isMergeCommit":true,"messageTitle":"Merge remote-tracking branch \u0027upstream/master\u0027 into paynow","messageBody":"","fileTypesAndContributionMap":{}},{"hash":"fcdc01e30b12f34d2094b6e5fef8fd114e470ecc","isMergeCommit":false,"messageTitle":"Add UML diagram for PayNow classes","messageBody":"","fileTypesAndContributionMap":{"docs":{"insertions":21,"deletions":0}}},{"hash":"7deae59b939e4dc3f77bc5136f267b8d028953ca","isMergeCommit":false,"messageTitle":"Fix trailing whitespace","messageBody":"","fileTypesAndContributionMap":{"functional-code":{"insertions":1,"deletions":1}}},{"hash":"eae5aeb038056e7ac952ba33bc564b18cd1009bd","isMergeCommit":false,"messageTitle":"Fix trailing whitespace","messageBody":"","fileTypesAndContributionMap":{"docs":{"insertions":2,"deletions":2}}},{"hash":"4d0017ccb8cea4a16d5e0dc1a1c5ded6d40a4efe","isMergeCommit":false,"messageTitle":"Extract magic number as a constant","messageBody":"","fileTypesAndContributionMap":{"functional-code":{"insertions":2,"deletions":1}}},{"hash":"e03f1804badc7822dfe16d1805b3099ee599f405","isMergeCommit":false,"messageTitle":"Add PayCommand, PaymentWindow and ResetDebtCommand","messageBody":"","fileTypesAndContributionMap":{"functional-code":{"insertions":427,"deletions":47},"test-code":{"insertions":9,"deletions":0}}},{"hash":"3643e94ad8d14ce38713017dae40de29062a88ae","isMergeCommit":false,"messageTitle":"Add help tooltip","messageBody":"","fileTypesAndContributionMap":{"functional-code":{"insertions":21,"deletions":2}}},{"hash":"d91e4e76374c6fe5bbe3e68e713d14d12923baa7","isMergeCommit":false,"messageTitle":"Add test cases for PayCommand","messageBody":"","fileTypesAndContributionMap":{"functional-code":{"insertions":45,"deletions":0},"test-code":{"insertions":223,"deletions":2}}},{"hash":"06d74bd5148ea53edce4f673bedc7a98d0855727","isMergeCommit":false,"messageTitle":"Add test cases for PayNowCode and PayNowField","messageBody":"","fileTypesAndContributionMap":{"functional-code":{"insertions":2,"deletions":0},"test-code":{"insertions":16,"deletions":0}}},{"hash":"7654b7f1743d70975bcefc10f936f27c518832ee","isMergeCommit":true,"messageTitle":"Merge pull request #46 from zhekaiii/paynow","messageBody":"Pay Command Part 1","fileTypesAndContributionMap":{}},{"hash":"31d2c416c1bd7b99669227ab3b30f1193758952a","isMergeCommit":false,"messageTitle":"Add missing newline at EOF","messageBody":"","fileTypesAndContributionMap":{"functional-code":{"insertions":2,"deletions":2}}},{"hash":"69a1db6b994e300a98dd0bde3e92ace40e9620f2","isMergeCommit":false,"messageTitle":"Add more test cases to improve code coverage","messageBody":"","fileTypesAndContributionMap":{"functional-code":{"insertions":5,"deletions":3},"test-code":{"insertions":37,"deletions":3}}},{"hash":"a4a9c6b195237c0826f97cd94d3537a0233abe9f","isMergeCommit":false,"messageTitle":"Fix broken test case","messageBody":"","fileTypesAndContributionMap":{"test-code":{"insertions":1,"deletions":1}}}]},{"date":"2024-03-28","commitResults":[{"hash":"dd69ed47f4231334851a1d1e4e9e7804816cc66c","isMergeCommit":true,"messageTitle":"Merge remote-tracking branch \u0027upstream/master\u0027 into pay-command","messageBody":"","fileTypesAndContributionMap":{}},{"hash":"74ffbfe7ea27007c858cef9cc08002ebad81e984","isMergeCommit":false,"messageTitle":"Minor refactor","messageBody":"","fileTypesAndContributionMap":{"functional-code":{"insertions":3,"deletions":5}}},{"hash":"4e8fa8dbe59545c7e522bc2a4c4d90769b4dbac9","isMergeCommit":true,"messageTitle":"Merge pull request #48 from zhekaiii/pay-command","messageBody":"Pay Command Part 2","fileTypesAndContributionMap":{}},{"hash":"aa76d4ba814b0a75d5b22f0b6b85866b359bdc3b","isMergeCommit":true,"messageTitle":"Merge pull request #50 from AY2324S2-CS2103T-T16-2/pay-command","messageBody":"Pay command","fileTypesAndContributionMap":{}},{"hash":"15515a50cf643e21d88f1821c5d4fdaec9f6962a","isMergeCommit":false,"messageTitle":"Update version in MainApp.java","messageBody":"","fileTypesAndContributionMap":{"functional-code":{"insertions":1,"deletions":1}}},{"hash":"987205419c575cb913699f58a6bf490d41e3b3b4","isMergeCommit":false,"messageTitle":"Update jar name to friendfolio.jar","messageBody":"","fileTypesAndContributionMap":{"other":{"insertions":1,"deletions":1}}},{"hash":"f68e807736deb7826e882ef963820945193385f5","isMergeCommit":false,"messageTitle":"Change caught Exception to a more specific Exception and fix QR code not working","messageBody":"","tags":["v1.3.trial"],"fileTypesAndContributionMap":{"functional-code":{"insertions":8,"deletions":6}}},{"hash":"247e0332ea07b7decd10957391c0a00d08015f74","isMergeCommit":false,"messageTitle":"Enable assertions when running","messageBody":"","fileTypesAndContributionMap":{"other":{"insertions":4,"deletions":0}}},{"hash":"060f68d9ee42c5e8e4d6862836dd5b9c4bcbb5fd","isMergeCommit":false,"messageTitle":"Add missing newline to EOF","messageBody":"","fileTypesAndContributionMap":{"other":{"insertions":1,"deletions":1}}},{"hash":"27202b92e5b1024ed055ce75bb1fb421b9c0cb89","isMergeCommit":false,"messageTitle":"Update UML and developer guide","messageBody":"","fileTypesAndContributionMap":{"docs":{"insertions":110,"deletions":17}}}]},{"date":"2024-03-30","commitResults":[{"hash":"79125228fbe19c63c7a57ffd02ec0a690240c768","isMergeCommit":true,"messageTitle":"Merge pull request #57 from alvinnzz/branch-fix-split","messageBody":"Fix split command to split with user","fileTypesAndContributionMap":{}}]},{"date":"2024-03-31","commitResults":[{"hash":"01d4b26fc52e28aaab9d4eea65492777ae3f64ed","isMergeCommit":true,"messageTitle":"Merge pull request #59 from alvinnzz/edit-docs","messageBody":"Edit user guide for pay command","fileTypesAndContributionMap":{}},{"hash":"5fd6ff2b4a03d23bbbd0025a48a0b20c6ff7d58a","isMergeCommit":true,"messageTitle":"Merge pull request #58 from NewtonKoh/UI-second-draft","messageBody":"Enhance home page with animations and layout updates","fileTypesAndContributionMap":{}}]}]},"authorFileTypeContributionMap":{"alvinnzz":{"docs":155,"functional-code":309,"test-code":284},"NewtonKoh":{"docs":378,"functional-code":1460,"test-code":123},"JerryO3":{"docs":112,"functional-code":525,"test-code":714},"zhekaiii":{"docs":516,"functional-code":1132,"test-code":704,"other":11}},"authorContributionVariance":{"alvinnzz":4042.1467,"NewtonKoh":97056.25,"JerryO3":28221.316,"zhekaiii":67365.45},"authorDisplayNameMap":{"alvinnzz":"CS2103T-T16-2 NG W..LVIN","NewtonKoh":"CS2103T-T16-2 KOH ..WTON","JerryO3":"CS2103T-T16-2 OON .. RUI","zhekaiii":"CS2103T-T16-2 LIM ..EKAI"}}
