{"authorDailyContributionsMap":{"alvinnzz":[{"date":"2024-03-10","commitResults":[{"hash":"3cb1862ae444ad05d63152b41dfe9349c7318dda","isMergeCommit":false,"messageTitle":"Update about us page for Alvin","messageBody":"","fileTypesAndContributionMap":{"docs":{"insertions":53,"deletions":16}}}]},{"date":"2024-03-11","commitResults":[{"hash":"785ea150ff437637e111c4bfa8dcbb9691b482f5","isMergeCommit":true,"messageTitle":"Merge pull request #9 from zhekaiii/about-us-page","messageBody":"Update about us page for Zhekai","fileTypesAndContributionMap":{}}]},{"date":"2024-03-12","commitResults":[{"hash":"61976ed71bb5e1bd5f537dfd7036788e4c911056","isMergeCommit":true,"messageTitle":"Merge pull request #15 from NewtonKoh/about-us-page","messageBody":"Edit about us page","fileTypesAndContributionMap":{}}]},{"date":"2024-03-13","commitResults":[{"hash":"a22145bfe9d15b0d7bc475043a8ef1f8d249dbc2","isMergeCommit":true,"messageTitle":"Merge pull request #22 from zhekaiii/update-nfr","messageBody":"Update NFR","fileTypesAndContributionMap":{}},{"hash":"bcee85c59a9f84cabdded3e456a0e55d5d82e349","isMergeCommit":true,"messageTitle":"Merge pull request #23 from zhekaiii/store-birthday","messageBody":"Store birthday","fileTypesAndContributionMap":{}}]},{"date":"2024-03-14","commitResults":[{"hash":"760cae1cb36a6678e8438061e35ec65c7fedf41e","isMergeCommit":false,"messageTitle":"Add model and prefix for MoneyOwed","messageBody":"","fileTypesAndContributionMap":{"functional-code":{"insertions":92,"deletions":4}}}]},{"date":"2024-03-15","commitResults":[{"hash":"9de29e6a48fee38c9e7be2a28f842e5fffae0a7b","isMergeCommit":false,"messageTitle":"Add MoneyOwed into UI","messageBody":"","fileTypesAndContributionMap":{"functional-code":{"insertions":29,"deletions":18}}},{"hash":"1fa041663c8f78aaaaa25f3f31a1fddb33c4f63e","isMergeCommit":false,"messageTitle":"Add and update tests for MoneyOwed attribute","messageBody":"","fileTypesAndContributionMap":{"test-code":{"insertions":106,"deletions":26}}}]},{"date":"2024-03-16","commitResults":[{"hash":"1d9d6cbb928132f86596099cc0715c4b0dbde467","isMergeCommit":true,"messageTitle":"Merge with master branch","messageBody":"","fileTypesAndContributionMap":{}},{"hash":"8e3b56ef155a0bbda7cd3c29da3cc94ee70ab221","isMergeCommit":false,"messageTitle":"Add javadoc to MoneyOwed class","messageBody":"","fileTypesAndContributionMap":{"functional-code":{"insertions":16,"deletions":2}}},{"hash":"1e439c5a37b3f8bec261cf2902acf4657536d740","isMergeCommit":false,"messageTitle":"Fix checkstyle error in MoneyOwedTest","messageBody":"","fileTypesAndContributionMap":{"test-code":{"insertions":0,"deletions":2}}},{"hash":"f0ae5127a88912e2e4e45aa6e54fde170afa869f","isMergeCommit":false,"messageTitle":"Update errors based on comments","messageBody":"","fileTypesAndContributionMap":{"functional-code":{"insertions":19,"deletions":7},"test-code":{"insertions":18,"deletions":18}}},{"hash":"5d63d1a5a4337000d9c8b898129fb732c68422fa","isMergeCommit":false,"messageTitle":"Add getMessage in MoneyOwed to display on UI","messageBody":"","fileTypesAndContributionMap":{"functional-code":{"insertions":11,"deletions":8}}}]},{"date":"2024-03-17","commitResults":[{"hash":"ea462606c2ef7671585808003b64d719e6ae1e93","isMergeCommit":false,"messageTitle":"Add isNegativeMoney function in MoneyOwed","messageBody":"","fileTypesAndContributionMap":{"functional-code":{"insertions":8,"deletions":1}}},{"hash":"f2d1e0a2c6cc1db220a1d08e92796eb0429f80a0","isMergeCommit":false,"messageTitle":"Fix isNegativeMoney function","messageBody":"","fileTypesAndContributionMap":{"functional-code":{"insertions":1,"deletions":3}}}]},{"date":"2024-03-18","commitResults":[{"hash":"e64ba307c9dac82429ce1a1d4c5f3c7ee11969c9","isMergeCommit":true,"messageTitle":"Merge pull request #28 from zhekaiii/edit-birthdays","messageBody":"Add editing of Birthdays using the edit command","fileTypesAndContributionMap":{}}]},{"date":"2024-03-20","commitResults":[{"hash":"52dc4d8c55f580b7da8a01a2f711bbcba1bb198d","isMergeCommit":false,"messageTitle":"Update edit command to edit money owed","messageBody":"","fileTypesAndContributionMap":{"functional-code":{"insertions":12,"deletions":4},"test-code":{"insertions":5,"deletions":3}}}]},{"date":"2024-03-21","commitResults":[{"hash":"2763d258771c5f8dc7adafe667df70272b0d4f1d","isMergeCommit":true,"messageTitle":"Merge pull request #32 from alvinnzz/branch-edit-money","messageBody":"Update edit command to edit money owed","tags":["v1.2"],"fileTypesAndContributionMap":{}}]},{"date":"2024-03-25","commitResults":[{"hash":"a6780470775edb16eafb5cd371a93ee43495ed8e","isMergeCommit":false,"messageTitle":"Update UML class diagram for split command","messageBody":"","fileTypesAndContributionMap":{"docs":{"insertions":38,"deletions":0}}},{"hash":"ee678a8d26b088858b650c32c41695e2de3ce092","isMergeCommit":true,"messageTitle":"Merge pull request #34 from zhekaiii/update-docs-links","messageBody":"Update links to se-edu repo to the correct github repo link","fileTypesAndContributionMap":{}},{"hash":"7ada790089b935e18cd078bacb2c603833ab3cb9","isMergeCommit":false,"messageTitle":"Add SplitCommand and SplitCommandParser class","messageBody":"","fileTypesAndContributionMap":{"functional-code":{"insertions":157,"deletions":0}}},{"hash":"b5cd9c34b6eb39fa5375fb3bfa2f31d03a7967ce","isMergeCommit":false,"messageTitle":"Edit user guide on split command","messageBody":"","fileTypesAndContributionMap":{"docs":{"insertions":28,"deletions":2}}}]},{"date":"2024-03-26","commitResults":[{"hash":"c6bf3cb941e4c4c9bc7b135fe8a59fca01b431b5","isMergeCommit":true,"messageTitle":"Merge pull request #40 from zhekaiii/update-ug","messageBody":"Update User Guide with sort command","fileTypesAndContributionMap":{}}]},{"date":"2024-03-27","commitResults":[{"hash":"c200d0edfca41f2843c5dac42f03072a35bd0747","isMergeCommit":true,"messageTitle":"Merge pull request #45 from zhekaiii/update-ug","messageBody":"Update User Guide screenshots","fileTypesAndContributionMap":{}},{"hash":"485ee3987ecc43bd86fc3c16bae7306caa93e13c","isMergeCommit":false,"messageTitle":"Add test for SplitCommand and SplitCommandParser","messageBody":"","fileTypesAndContributionMap":{"functional-code":{"insertions":37,"deletions":19},"test-code":{"insertions":170,"deletions":0}}},{"hash":"ad7e49e501500810871f93208a677b40fb1e7959","isMergeCommit":true,"messageTitle":"Handle merge conflicts","messageBody":"","fileTypesAndContributionMap":{}},{"hash":"b0fb19af8a59a10031850e2489d8a09b0f299115","isMergeCommit":false,"messageTitle":"Add test for split command in AddressBookParserTest","messageBody":"","fileTypesAndContributionMap":{"test-code":{"insertions":17,"deletions":0}}},{"hash":"39c2cd820a90d7bd3de819445d29b32d0062c5d4","isMergeCommit":false,"messageTitle":"Update test to increase coverage","messageBody":"","fileTypesAndContributionMap":{"test-code":{"insertions":23,"deletions":2}}}]},{"date":"2024-03-28","commitResults":[{"hash":"0b58bc04fc6b37947098f19567043e12d423faab","isMergeCommit":true,"messageTitle":"Resolve conflicts with master branch","messageBody":"","fileTypesAndContributionMap":{}},{"hash":"e6588026ecd61d1f883daf71e1283e1244ce73ae","isMergeCommit":true,"messageTitle":"Merge pull request #47 from alvinnzz/branch-split-command","messageBody":"Implement split command with split command parser","fileTypesAndContributionMap":{}},{"hash":"0f1110d9c487451e5b2771186e89ac12e47d448f","isMergeCommit":false,"messageTitle":"Add activity diagram for split feature","messageBody":"","fileTypesAndContributionMap":{"docs":{"insertions":32,"deletions":0}}},{"hash":"8ffe04dd90a2986d0981b3c57bbdb61372f44afe","isMergeCommit":false,"messageTitle":"Add line for  EOF","messageBody":"","fileTypesAndContributionMap":{"docs":{"insertions":1,"deletions":1}}}]},{"date":"2024-03-30","commitResults":[{"hash":"6860e111decb9a0503f7b2c9a0cd31a88a7c02ba","isMergeCommit":false,"messageTitle":"Add user guide for pay command","messageBody":"","fileTypesAndContributionMap":{"docs":{"insertions":20,"deletions":2}}},{"hash":"f66da32e554594d1260429749e793fc77a3f4230","isMergeCommit":false,"messageTitle":"Fix split command to split with user","messageBody":"","fileTypesAndContributionMap":{"functional-code":{"insertions":5,"deletions":4},"docs":{"insertions":5,"deletions":3},"test-code":{"insertions":2,"deletions":2}}},{"hash":"520f91419e9eaa0473163531298dc476ab0d853f","isMergeCommit":true,"messageTitle":"Merge branch \u0027master\u0027 into edit-docs","messageBody":"","fileTypesAndContributionMap":{}},{"hash":"ce126c6f465950115a54654bc9366cbbdd483232","isMergeCommit":false,"messageTitle":"Fix information on user guide","messageBody":"","fileTypesAndContributionMap":{"docs":{"insertions":6,"deletions":2}}}]},{"date":"2024-04-03","commitResults":[{"hash":"c4e9fc8d00db08a59a04799cd1392c35e18cf7a9","isMergeCommit":false,"messageTitle":"Fix information on user guide","messageBody":"","fileTypesAndContributionMap":{"docs":{"insertions":35,"deletions":15}}},{"hash":"0e36630d4acc4a58540335ef1d2152daeb0faeb4","isMergeCommit":false,"messageTitle":"Fix bug in split command","messageBody":"","fileTypesAndContributionMap":{"functional-code":{"insertions":21,"deletions":3},"test-code":{"insertions":23,"deletions":0}}},{"hash":"e1d7f10998cdbc8d3c5e8e28bff1afd8708c5ad7","isMergeCommit":false,"messageTitle":"Add LendCommand and LendCommandParser class","messageBody":"","fileTypesAndContributionMap":{"functional-code":{"insertions":145,"deletions":0}}},{"hash":"6469e91c3b8f4e26130c8d67ea3379ec42d28a45","isMergeCommit":false,"messageTitle":"Fix javadoc for LendCommandParser class","messageBody":"","fileTypesAndContributionMap":{"functional-code":{"insertions":1,"deletions":1}}},{"hash":"504857e2f22764ca23878e239943dc38caebac25","isMergeCommit":true,"messageTitle":"Merge branch \u0027master\u0027 into lend-command","messageBody":"","fileTypesAndContributionMap":{}},{"hash":"afff6f793d202451afeb8fed884e5bc553580d1e","isMergeCommit":false,"messageTitle":"Add tests for LendCommand and LendCommandParser class","messageBody":"","fileTypesAndContributionMap":{"functional-code":{"insertions":3,"deletions":2},"test-code":{"insertions":176,"deletions":0}}},{"hash":"cd7bf0a68c6ea3e1b872f50c6297e02a254b8e5d","isMergeCommit":true,"messageTitle":"Merge pull request #68 from zhekaiii/bugfix/67-days-available-argument-not-showing-in-error-message-for-editcommand","messageBody":"Add days available argument in message usage for EditCommand","fileTypesAndContributionMap":{}}]},{"date":"2024-04-04","commitResults":[{"hash":"3430ddfdd72de2777cdab30a43c4456ad3f8403b","isMergeCommit":false,"messageTitle":"Fix format for LendCommandParser class","messageBody":"","fileTypesAndContributionMap":{"functional-code":{"insertions":4,"deletions":3}}},{"hash":"4053717de0fc358900415d61bf4becad48fb9f7c","isMergeCommit":true,"messageTitle":"Merge pull request #70 from alvinnzz/lend-command","messageBody":"Implemented lend command to add on current money owed","fileTypesAndContributionMap":{}},{"hash":"523c3b25b86bc2567e2ccf17bc17d7e8f37c0fef","isMergeCommit":false,"messageTitle":"Change user guide based on comments","messageBody":"","fileTypesAndContributionMap":{"docs":{"insertions":47,"deletions":44}}},{"hash":"de68d95e50c0c5e7550b9354dd316439b8c26a80","isMergeCommit":true,"messageTitle":"Merge pull request #74 from zhekaiii/update-ug","messageBody":"Update UG","fileTypesAndContributionMap":{}}]},{"date":"2024-04-05","commitResults":[{"hash":"aaf9d2b20f4e32f709be81b918dfcebc36fa0f25","isMergeCommit":true,"messageTitle":"Merge pull request #76 from NewtonKoh/UG-changes","messageBody":"Add remark command section to User Guide","tags":["v1.3"],"fileTypesAndContributionMap":{}}]},{"date":"2024-04-06","commitResults":[{"hash":"d2f1c7a2020efaaa5f59995d956aefe5ac03cee3","isMergeCommit":true,"messageTitle":"Merge pull request #110 from zhekaiii/person-format-message","messageBody":"Update Person formatting message","fileTypesAndContributionMap":{}},{"hash":"af9459633eee34f11652ec4b98cfba0d20023c3b","isMergeCommit":false,"messageTitle":"Fix bug for money issues","messageBody":"","fileTypesAndContributionMap":{"functional-code":{"insertions":52,"deletions":9}}},{"hash":"5ef0b28adf23d6d3db5fa5dd4643e750048bea0f","isMergeCommit":false,"messageTitle":"Include in user guide money limits","messageBody":"","fileTypesAndContributionMap":{"docs":{"insertions":10,"deletions":2}}},{"hash":"924fc8fefdb6af9995d0a003fb20711f987ed05c","isMergeCommit":false,"messageTitle":"Change minor words in UG","messageBody":"","fileTypesAndContributionMap":{"docs":{"insertions":1,"deletions":1}}},{"hash":"85df24f80c5d565f80ab7bff009bb556cdcdfec0","isMergeCommit":true,"messageTitle":"Merge pull request #113 from zhekaiii/fix-messages","messageBody":"Fix messages","fileTypesAndContributionMap":{}}]},{"date":"2024-04-09","commitResults":[{"hash":"3b64572ce944a9a023ce68777527de7f931273e4","isMergeCommit":false,"messageTitle":"Update lend command in DG","messageBody":"","fileTypesAndContributionMap":{"docs":{"insertions":72,"deletions":0}}},{"hash":"d3d8b79e84e3a7e726c8a8ded57a95d1ef772b5e","isMergeCommit":false,"messageTitle":"Change minor things for split command","messageBody":"","fileTypesAndContributionMap":{"docs":{"insertions":4,"deletions":4}}},{"hash":"29cece9b656e4eca55344f347fa0fc25372c5bc8","isMergeCommit":true,"messageTitle":"Merge pull request #119 from zhekaiii/update-ug","messageBody":"Update UG and add declaration and acknowledgement for reused code","fileTypesAndContributionMap":{}}]},{"date":"2024-04-10","commitResults":[{"hash":"53a55e7b55c067485a617f8626b7d4fb863ea284","isMergeCommit":false,"messageTitle":"Fix minor grammar mistakes","messageBody":"","fileTypesAndContributionMap":{"docs":{"insertions":2,"deletions":2}}},{"hash":"31f6394cecfe7dc1bbce33de197c4c17650753b8","isMergeCommit":true,"messageTitle":"Merge pull request #118 from alvinnzz/dg-lend","messageBody":"Update DG for lend and split","fileTypesAndContributionMap":{}},{"hash":"e4c732c8c4114cfe67369929a96f05b78b04c1c7","isMergeCommit":false,"messageTitle":"Update limit for money bug","messageBody":"","fileTypesAndContributionMap":{"functional-code":{"insertions":6,"deletions":6},"docs":{"insertions":6,"deletions":6}}},{"hash":"9d59bfd6d39bb9eef8a66f1ebeb20e181ab7131c","isMergeCommit":false,"messageTitle":"Add tests for exceptions caught","messageBody":"","fileTypesAndContributionMap":{"test-code":{"insertions":35,"deletions":0}}}]},{"date":"2024-04-11","commitResults":[{"hash":"a83b019279b31560a19769e0c8bf83357441c3fb","isMergeCommit":false,"messageTitle":"Update README with important links","messageBody":"","fileTypesAndContributionMap":{"docs":{"insertions":6,"deletions":0}}},{"hash":"53b36fc0993a78fcb97919e4e3da5f0b3be7f2fd","isMergeCommit":false,"messageTitle":"Add table of contents to DG","messageBody":"","fileTypesAndContributionMap":{"docs":{"insertions":28,"deletions":4}}}]}],"NewtonKoh":[{"date":"2024-03-07","commitResults":[{"hash":"0903314e74cd6305f8453a07c58a036d7ed8c666","isMergeCommit":false,"messageTitle":"Add remark command function","messageBody":"","fileTypesAndContributionMap":{"functional-code":{"insertions":203,"deletions":20},"test-code":{"insertions":132,"deletions":12}}}]},{"date":"2024-03-12","commitResults":[{"hash":"e9d66b107c3e7c4253ba3ebf1bd30f7218cd138d","isMergeCommit":true,"messageTitle":"Merge branch \u0027master\u0027 of https://github.com/NewtonKoh/tp","messageBody":"","fileTypesAndContributionMap":{}},{"hash":"6640f8e6df35f0953e969a37c7453c60b5f73f1e","isMergeCommit":false,"messageTitle":"Add member\u0027s about us pages","messageBody":"","fileTypesAndContributionMap":{"docs":{"insertions":110,"deletions":12}}},{"hash":"acacf642fda7d7b842eeb369ed51cc993873d0d1","isMergeCommit":false,"messageTitle":"Revert \"Add remark command function\"","messageBody":"This reverts commit 0903314e74cd6305f8453a07c58a036d7ed8c666.\n","fileTypesAndContributionMap":{"functional-code":{"insertions":20,"deletions":203},"test-code":{"insertions":12,"deletions":132}}},{"hash":"bfd2fe09e8b51e64881a6a61d5d1d222c86aa686","isMergeCommit":false,"messageTitle":"Fix whitespace issues","messageBody":"","fileTypesAndContributionMap":{"docs":{"insertions":2,"deletions":4}}},{"hash":"245cce524e8c52502e2ac71efbaee5dad802e086","isMergeCommit":false,"messageTitle":"Add use cases for features","messageBody":"","fileTypesAndContributionMap":{"docs":{"insertions":175,"deletions":5}}},{"hash":"0edb9fb3d4255d9da1fc76516fbce14c1f2a6173","isMergeCommit":false,"messageTitle":"Remove duplicate use case and rename features","messageBody":"","fileTypesAndContributionMap":{"docs":{"insertions":4,"deletions":19}}},{"hash":"be3341d269533df02ad0a1143e838eff1e137856","isMergeCommit":false,"messageTitle":"Fix checkstyle issues","messageBody":"","fileTypesAndContributionMap":{"functional-code":{"insertions":36,"deletions":15}}},{"hash":"333fe735cd69e925cc098b769e7d83581528b5fd","isMergeCommit":true,"messageTitle":"Merge branch \u0027master\u0027 into add-remark-command","messageBody":"","fileTypesAndContributionMap":{}},{"hash":"44fe650f43aadef2046491e9db94a507302b0c29","isMergeCommit":false,"messageTitle":"Include remark prefix","messageBody":"","fileTypesAndContributionMap":{"functional-code":{"insertions":1,"deletions":0}}},{"hash":"72ea11011924cac929f5169b1e6786c3dcef05b5","isMergeCommit":false,"messageTitle":"Fix conflicts on remark command","messageBody":"","fileTypesAndContributionMap":{"functional-code":{"insertions":35,"deletions":10},"test-code":{"insertions":132,"deletions":12}}},{"hash":"258138f354472938cf01af1d52822eff36bcb37b","isMergeCommit":false,"messageTitle":"Fix checkstyle issues","messageBody":"","fileTypesAndContributionMap":{"docs":{"insertions":1,"deletions":1},"test-code":{"insertions":1,"deletions":1}}},{"hash":"bce781fad975ffa9748a65d397514d06cc5c5f7c","isMergeCommit":false,"messageTitle":"Fix checkstyle issues","messageBody":"","fileTypesAndContributionMap":{"test-code":{"insertions":10,"deletions":9}}},{"hash":"0a992663e6b11884fdc2313019a5fd4fb8f1e95d","isMergeCommit":false,"messageTitle":"Fix assertion failure","messageBody":"","fileTypesAndContributionMap":{"test-code":{"insertions":2,"deletions":1}}}]},{"date":"2024-03-25","commitResults":[{"hash":"182a27408346203039aafad3f0d2f17eb29149eb","isMergeCommit":true,"messageTitle":"Merge pull request #36 from JerryO3/UG-update","messageBody":"UG update","fileTypesAndContributionMap":{}}]},{"date":"2024-03-26","commitResults":[{"hash":"7815f1165278580a60880ef7acb2cc88362ce0d1","isMergeCommit":false,"messageTitle":"Create first UI draft layout","messageBody":"","fileTypesAndContributionMap":{"functional-code":{"insertions":486,"deletions":109}}},{"hash":"b8862d50092ed0924cfe171cc68f8d8fd49b218c","isMergeCommit":false,"messageTitle":"Create second UI draft layout","messageBody":"","fileTypesAndContributionMap":{"functional-code":{"insertions":336,"deletions":55}}},{"hash":"db7bf3494601f52cd914f699dbde5013c6b56370","isMergeCommit":true,"messageTitle":"Merge branch \u0027master\u0027 into UI-first-draft","messageBody":"","fileTypesAndContributionMap":{}},{"hash":"b211d034188ad4747af874e1368d15c3224d6227","isMergeCommit":false,"messageTitle":"Fix checkstyle errors","messageBody":"","fileTypesAndContributionMap":{"functional-code":{"insertions":72,"deletions":324}}},{"hash":"3db7c8e95ed869c096d204f8c43546ec1213d347","isMergeCommit":true,"messageTitle":"Merge branch \u0027UI-first-draft\u0027 of https://github.com/NewtonKoh/tp into UI-first-draft","messageBody":"","fileTypesAndContributionMap":{}},{"hash":"23b9b5f6dc4a5eaa4f19d933f35b6eb5e90f6f08","isMergeCommit":false,"messageTitle":"Fix checkstyle errors","messageBody":"","fileTypesAndContributionMap":{"functional-code":{"insertions":6,"deletions":6}}},{"hash":"54ffc9ba4494b99e83a443da3f65b79aa19e369c","isMergeCommit":false,"messageTitle":"Update UiClassDiagram.puml","messageBody":"","fileTypesAndContributionMap":{"docs":{"insertions":3,"deletions":0}}},{"hash":"b2963b8663c24d6ba8071bf1690b2ca70d07f27a","isMergeCommit":false,"messageTitle":"Update src/main/java/seedu/address/ui/DisplayCard.java","messageBody":"Co-authored-by: Zhekai \u003c40530851+zhekaiii@users.noreply.github.com\u003e","fileTypesAndContributionMap":{"functional-code":{"insertions":1,"deletions":1}}},{"hash":"61770c7a48350e69adf6aa14f63fea8ebb8cd508","isMergeCommit":false,"messageTitle":"Address feedback from Zhe Kai","messageBody":"- Rename `logo.png` to `friendfolio_logo.png` for clarity (MainWindow.java).\n- Simplify logic by early returning (PersonListPanel.java).\n- Restore application title to \u0027FriendFolio\u0027 (MainWindow.fxml).\n","fileTypesAndContributionMap":{"functional-code":{"insertions":12,"deletions":12}}},{"hash":"6a01a1beb8161ffef13faeaa78869d3c0034ae9b","isMergeCommit":false,"messageTitle":"Fix checkstyle errors","messageBody":"","fileTypesAndContributionMap":{"functional-code":{"insertions":0,"deletions":2}}}]},{"date":"2024-03-28","commitResults":[{"hash":"5a1a927d48324ccbf281723980128b38accfea6c","isMergeCommit":true,"messageTitle":"Merge pull request #51 from zhekaiii/update-uml","messageBody":"Update UML and developer guide","fileTypesAndContributionMap":{}},{"hash":"a1a6bba563d8b4d3a97ba84bba8e9da14f5fef95","isMergeCommit":false,"messageTitle":"Update DG with UI Upgrade and Remark Command details","messageBody":"- Integrate DisplayCard element description into UI Component section.\n- Detail Remark Command implementation in Logic Component section.\n- Adjust Model Component section to reflect changes supporting new features.\n","fileTypesAndContributionMap":{"docs":{"insertions":110,"deletions":17}}}]},{"date":"2024-03-29","commitResults":[{"hash":"9a871a216720611c88efa7ec6867303dd1287266","isMergeCommit":true,"messageTitle":"Merge pull request #56 from JerryO3/DG-update-filter","messageBody":"Dg update filter","fileTypesAndContributionMap":{}},{"hash":"6666129c6f1ea292d1c587d0e9aa2b56d609fa1c","isMergeCommit":true,"messageTitle":"Merge pull request #53 from NewtonKoh/DG-update","messageBody":"Update DG with UI Upgrade and Remark Command details","fileTypesAndContributionMap":{}},{"hash":"714dfd5eaeaa5edb333e956a6b99b9bcd67a661e","isMergeCommit":true,"messageTitle":"Merge pull request #55 from alvinnzz/branch-DG","messageBody":"Add activity diagram for split feature","fileTypesAndContributionMap":{}}]},{"date":"2024-03-30","commitResults":[{"hash":"565ce715ba4dd32ac34b20791c00e70e400fbfab","isMergeCommit":false,"messageTitle":"Enhance home page with animations and layout updates","messageBody":"- Introduce new animations for list item interactions.\n- Redesign home page layout for improved user engagement.\n","fileTypesAndContributionMap":{"functional-code":{"insertions":796,"deletions":64},"docs":{"insertions":1,"deletions":1}}},{"hash":"9ee74878fb1efc65f71b40f3e0ee63fcaba533c1","isMergeCommit":false,"messageTitle":"Fix AddCommandTest error","messageBody":"","fileTypesAndContributionMap":{"test-code":{"insertions":5,"deletions":0}}},{"hash":"282763ffe9556e479d7fe363f24124651049937c","isMergeCommit":false,"messageTitle":"Update src/main/java/seedu/address/ui/HomeCard.java","messageBody":"Co-authored-by: Zhekai \u003c40530851+zhekaiii@users.noreply.github.com\u003e","fileTypesAndContributionMap":{"functional-code":{"insertions":1,"deletions":26}}}]},{"date":"2024-03-31","commitResults":[{"hash":"8868df24b418bf9f723c48f2436a6c0cccac2b5b","isMergeCommit":false,"messageTitle":"Improve code quality in UI components","messageBody":"- Rename variables for clarity and adherence to boolean naming conventions.\n- Extract time and date formatting logic into class-level constants in HomeCard.\n- Refactor HomeCard initialization to enforce SLAP, separating logic into distinct methods for setting up time, contacts, bar chart, availability, and animations.\n- Replace `getContactAmount` with `getContactCount` in HomeCard for accurate terminology.\n- Utilize `MoneyOwed.userOwesMoney` method for consistency in debt calculation.\n- Rename `MiniCard` to `MiniPersonCard` for better specificity.\n- Adjust boolean parameter naming in `PersonCard` constructor to `isAnimationEnabled` for clarity.\n\nThese changes aim to enhance code readability, maintainability, and ensure consistency across the UI component implementations.\n","fileTypesAndContributionMap":{"functional-code":{"insertions":284,"deletions":222},"other":{"insertions":2,"deletions":2}}}]},{"date":"2024-04-03","commitResults":[{"hash":"4bb2c2066ce03972157ae960c414d90b4b06c7b3","isMergeCommit":true,"messageTitle":"Merge pull request #60 from zhekaiii/add-esc-handler","messageBody":"UX Changes","fileTypesAndContributionMap":{}}]},{"date":"2024-04-04","commitResults":[{"hash":"e53a7c88f4df3ad09cbb418813892c365534a23c","isMergeCommit":true,"messageTitle":"Merge pull request #69 from zhekaiii/refactor/animations-and-ui","messageBody":"Refactor animation related code in HomeCard and PersonCard","fileTypesAndContributionMap":{}},{"hash":"8e8e11a1c7445165d65e80be6b0a268f5819abb6","isMergeCommit":true,"messageTitle":"Merge pull request #75 from JerryO3/UG-update","messageBody":"Ug update","fileTypesAndContributionMap":{}}]},{"date":"2024-04-05","commitResults":[{"hash":"8f35498dc1c74bdd76e9e613eff00851c5a73a61","isMergeCommit":false,"messageTitle":"Add remark command section to User Guide","messageBody":"- Include detailed command usage for \u0027remark\u0027\n- Provide examples for adding and editing remarks\n- Ensure consistency with existing documentation style\n","fileTypesAndContributionMap":{"docs":{"insertions":56,"deletions":17}}}]},{"date":"2024-04-12","commitResults":[{"hash":"5cb25e78f08b3eb188c7e69af00233361c6ed8e7","isMergeCommit":false,"messageTitle":"Update UML diagrams and developer guide documentation","messageBody":"- Redesigned sequence diagrams for HomeCard, DisplayCard, and MiniPersonCard to reflect accurate method interactions based on the latest codebase.\n- Included detailed interactions with MiniPersonCard in HomeCard diagram.\n- Adjusted DisplayCard sequence diagram to showcase the setup process and interactions with Person object.\n- Revised developer guide sections to align with updated diagrams and ensured consistency in documentation format.\n","fileTypesAndContributionMap":{"docs":{"insertions":291,"deletions":21}}},{"hash":"cf90ab1a839e845831a4294b7d2aee2ef92af523","isMergeCommit":false,"messageTitle":"Fix checkstyle errors","messageBody":"","fileTypesAndContributionMap":{"docs":{"insertions":1,"deletions":1}}},{"hash":"6538936e019b7dd5d89fb6ad6fbbbe737b29da74","isMergeCommit":false,"messageTitle":"Refine sequence diagrams and enhance documentation with visual aids","messageBody":"- Remove unnecessary loop and correct return placements in DisplayCard sequence diagram\n- Fix return arrow in HomeCard sequence diagram\n- Add visual examples for HomeCard and MiniPersonCard in Developer Guide to improve clarity\n","fileTypesAndContributionMap":{"docs":{"insertions":32,"deletions":14}}},{"hash":"8d45a4bc6ac385f58d021e743d3dfdea3df4b8fa","isMergeCommit":false,"messageTitle":"Fix scrollbar issue in HomeCard by enabling interaction","messageBody":"- Remove properties that disabled focus and mouse interactions in AvailableTodayList setup\n","fileTypesAndContributionMap":{"functional-code":{"insertions":0,"deletions":2}}}]},{"date":"2024-04-13","commitResults":[{"hash":"329bf4254283266460a378b37e2543754287789a","isMergeCommit":false,"messageTitle":"Expand RemarkCommand test coverage","messageBody":"This commit introduces several new tests for the RemarkCommand to\nenhance the robustness of our testing suite. Key additions include:\n\n- Testing the addition of a remark to a person in an unfiltered list\n with both typical and edge-case remarks, such as long strings.\n- Verifying the behavior of the RemarkCommand when no changes are made\n to an existing remark, ensuring stability in non-modifying scenarios.\n- Adding a remark to a newly added person, checking the integration\n of the RemarkCommand with dynamically updated data models.\n- Ensuring that the RemarkCommand functions correctly within a filtered\n list context, maintaining consistency across different list views.\n- Modifying an existing remark to assess command behavior with\n pre-existing data.\n\nThese tests aim to cover critical use cases and edge cases, reducing\nthe risk of regressions and improving confidence in the application\u0027s\nfunctionality regarding remark handling. The changes increase test\ncoverage and help ensure that the RemarkCommand behaves as expected\nacross various scenarios and list states.\n","fileTypesAndContributionMap":{"test-code":{"insertions":138,"deletions":2}}},{"hash":"3c8278e757824d0d7b90f31ec38b459f520b1d22","isMergeCommit":false,"messageTitle":"Fix checkstyle errors","messageBody":"","fileTypesAndContributionMap":{"test-code":{"insertions":8,"deletions":6}}}]}],"JerryO3":[{"date":"2024-03-11","commitResults":[{"hash":"5ca183da1c65e3d08813bde227d207df383ab19a","isMergeCommit":false,"messageTitle":"Add User Stories, User Profile and Value Proposition as per team doc","messageBody":"","fileTypesAndContributionMap":{"docs":{"insertions":41,"deletions":9}}},{"hash":"a2eece09935c8fda66fb20d88ef84b61e0444700","isMergeCommit":true,"messageTitle":"Merge branch \u0027master\u0027 of https://github.com/JerryO3/tp","messageBody":"","fileTypesAndContributionMap":{}}]},{"date":"2024-03-12","commitResults":[{"hash":"818031c60aef3b2a5a7344505c96083970db343d","isMergeCommit":false,"messageTitle":"Add picture in about us page","messageBody":"","fileTypesAndContributionMap":{"docs":{"insertions":10,"deletions":0}}},{"hash":"eef5ed73fa89d712e385910f3c2991a1f0740d82","isMergeCommit":true,"messageTitle":"Merge branch \u0027master\u0027 of https://github.com/JerryO3/tp","messageBody":"","fileTypesAndContributionMap":{}},{"hash":"05a66ba0e40f3685be23b2ca7b99ee4fbcfe0860","isMergeCommit":false,"messageTitle":"Add Sort feature for tags, and supporting parsers","messageBody":"","fileTypesAndContributionMap":{"functional-code":{"insertions":127,"deletions":0}}}]},{"date":"2024-03-13","commitResults":[{"hash":"20cd2529debdfff8f7fb3e931a1f622e5c7e3b44","isMergeCommit":false,"messageTitle":"Add test for sort command and parser. Fix failing tests from outdated mocks","messageBody":"","fileTypesAndContributionMap":{"functional-code":{"insertions":27,"deletions":14},"test-code":{"insertions":267,"deletions":1}}}]},{"date":"2024-03-19","commitResults":[{"hash":"acbb7fb148809172473a007a5e174e6444ced120","isMergeCommit":true,"messageTitle":"Merge branch \u0027master\u0027 of https://github.com/JerryO3/tp","messageBody":"","fileTypesAndContributionMap":{}},{"hash":"6a06bde3f677e97fe8d8fb6e78b811fdfaf8f416","isMergeCommit":true,"messageTitle":"fix merge conflicts on typical address book json","messageBody":"","fileTypesAndContributionMap":{}},{"hash":"952fde5cb30304f9bd167e057013770f63779f2b","isMergeCommit":false,"messageTitle":"Make tag search case insensitive, while retaining case sensitivity of tags","messageBody":"","fileTypesAndContributionMap":{"functional-code":{"insertions":2,"deletions":2},"test-code":{"insertions":17,"deletions":0}}},{"hash":"3ba0bf6e44175685542679c2834d0bd129889592","isMergeCommit":false,"messageTitle":"Renamed sort to filter","messageBody":"","fileTypesAndContributionMap":{"functional-code":{"insertions":3,"deletions":13},"other":{"insertions":39,"deletions":39},"test-code":{"insertions":4,"deletions":12}}},{"hash":"00437f6db7ebc21dfc6d038e5827eecb804abe52","isMergeCommit":false,"messageTitle":"fix coding style to match styleguide","messageBody":"","fileTypesAndContributionMap":{"functional-code":{"insertions":14,"deletions":3},"test-code":{"insertions":13,"deletions":4}}},{"hash":"40197ea188f5a0f708e1a07e80a6686ea5d293ab","isMergeCommit":false,"messageTitle":"Add Javadoc for FilterCommand constructor","messageBody":"","fileTypesAndContributionMap":{"functional-code":{"insertions":5,"deletions":0}}},{"hash":"e7a013f5ca1449b5e61f2e90d2a41325169b7d26","isMergeCommit":false,"messageTitle":"Fix formatting for FilterCommand","messageBody":"","fileTypesAndContributionMap":{"test-code":{"insertions":1,"deletions":2}}},{"hash":"79391013a47d036da2036a500bc1edabe9792d74","isMergeCommit":true,"messageTitle":"Merge branch \u0027master\u0027 of https://github.com/JerryO3/tp","messageBody":"","fileTypesAndContributionMap":{}},{"hash":"ab14881bc0d7b29f61cbdd20f1a3f0430b97dfca","isMergeCommit":false,"messageTitle":"Add UML diagram showing FilterCommand and FindCommand relationship","messageBody":"","fileTypesAndContributionMap":{"docs":{"insertions":24,"deletions":0}}},{"hash":"c51dc8fa7ebc5a9a3d0b21b39dac1072b7d54ce8","isMergeCommit":false,"messageTitle":"Add explanation for future implementation of filter commands","messageBody":"","fileTypesAndContributionMap":{"docs":{"insertions":4,"deletions":0}}}]},{"date":"2024-03-21","commitResults":[{"hash":"0844e9e9e2ca2d2d7630a986b23e5b6e1b5d3d6c","isMergeCommit":true,"messageTitle":"Merge branch \u0027master\u0027 of https://github.com/JerryO3/tp","messageBody":"","fileTypesAndContributionMap":{}}]},{"date":"2024-03-24","commitResults":[{"hash":"ef8083e11010244cc2c036f0f52524090cac9dc8","isMergeCommit":false,"messageTitle":"Add days available field to person, include add and edit functionality on keyword d/","messageBody":"","fileTypesAndContributionMap":{"functional-code":{"insertions":162,"deletions":21}}},{"hash":"324f5cf53619ba785dc13379a0e9816198ba4334","isMergeCommit":false,"messageTitle":"Fix storage bug where days available was not parseable to JSON","messageBody":"","fileTypesAndContributionMap":{"functional-code":{"insertions":9,"deletions":5},"test-code":{"insertions":37,"deletions":1}}}]},{"date":"2024-03-25","commitResults":[{"hash":"b0a7b78527a71309b7dba5ed947b568fddc28824","isMergeCommit":false,"messageTitle":"Add testing support and stubs for days available field","messageBody":"","fileTypesAndContributionMap":{"functional-code":{"insertions":16,"deletions":7},"test-code":{"insertions":196,"deletions":86}}},{"hash":"8201dd0a1b8a6ab71cc4acd3015b74b33c1d031b","isMergeCommit":false,"messageTitle":"Update User Guide with 2101 requirements","messageBody":"","fileTypesAndContributionMap":{"docs":{"insertions":63,"deletions":9}}},{"hash":"50656753941cf6e4a81e628d257611f59990560c","isMergeCommit":true,"messageTitle":"Merge branch \u0027master\u0027 of https://github.com/JerryO3/tp","messageBody":"","fileTypesAndContributionMap":{}},{"hash":"f0c14cf61e68921dfbce954df151b0f638db1ddb","isMergeCommit":true,"messageTitle":"Merge pull request #33 from alvinnzz/branch-edit-uml","messageBody":"Update UML class diagram for split command","fileTypesAndContributionMap":{}},{"hash":"daad349b73aa24a2ae046ed638b9fd80866d6879","isMergeCommit":true,"messageTitle":"Merge pull request #37 from alvinnzz/branch-user-guide","messageBody":"Edit user guide on split command","fileTypesAndContributionMap":{}}]},{"date":"2024-03-26","commitResults":[{"hash":"fce725f7815a32d2a96dc5069d98f72ef5c5d05b","isMergeCommit":true,"messageTitle":"Merge branch \u0027master\u0027 of https://github.com/JerryO3/tp","messageBody":"","fileTypesAndContributionMap":{}},{"hash":"49c8ea5aa5eff0c7d1a5177d8e5710384297be3e","isMergeCommit":true,"messageTitle":"Merge branch \u0027master\u0027 into days-available","messageBody":"","fileTypesAndContributionMap":{}},{"hash":"31982b8a8a8601cf49775daee11817c45639832c","isMergeCommit":false,"messageTitle":"Update code to conform to style guide","messageBody":"","fileTypesAndContributionMap":{"functional-code":{"insertions":43,"deletions":9},"test-code":{"insertions":90,"deletions":17}}},{"hash":"44db2640d4299d43e30372ce4d9ba8795a8c6cba","isMergeCommit":true,"messageTitle":"Merge branch \u0027days-available\u0027 into general-filter-by","messageBody":"","fileTypesAndContributionMap":{}},{"hash":"079c5496b62c855463c87851ed7c2463340c42d3","isMergeCommit":false,"messageTitle":"Test abstract filter class","messageBody":"","fileTypesAndContributionMap":{"functional-code":{"insertions":54,"deletions":70},"other":{"insertions":4,"deletions":2},"test-code":{"insertions":10,"deletions":8}}}]},{"date":"2024-03-27","commitResults":[{"hash":"9e6d04d125443cd365ae313520f7018850419b5c","isMergeCommit":false,"messageTitle":"Revert \"Test abstract filter class\"","messageBody":"This reverts commit 079c5496b62c855463c87851ed7c2463340c42d3.\n","fileTypesAndContributionMap":{"functional-code":{"insertions":70,"deletions":54},"other":{"insertions":2,"deletions":4},"test-code":{"insertions":8,"deletions":10}}},{"hash":"2251c18b832f0b5ffbe01ad81d4cf0e3a3a2241e","isMergeCommit":false,"messageTitle":"Add filter abstract class that groups similar filter classes together","messageBody":"","fileTypesAndContributionMap":{"functional-code":{"insertions":185,"deletions":116},"other":{"insertions":39,"deletions":37},"test-code":{"insertions":11,"deletions":9}}},{"hash":"b00604b70590b24407e58f72054e4605879dc6de","isMergeCommit":false,"messageTitle":"Update names for filter","messageBody":"","fileTypesAndContributionMap":{"functional-code":{"insertions":12,"deletions":1},"test-code":{"insertions":1,"deletions":1}}}]},{"date":"2024-03-28","commitResults":[{"hash":"b32de24e74828193b44d7ce76bbef941b5a222f3","isMergeCommit":false,"messageTitle":"Add filter command parser class","messageBody":"","fileTypesAndContributionMap":{"functional-code":{"insertions":66,"deletions":81},"other":{"insertions":8,"deletions":8}}},{"hash":"3014d7e5a762798ec4e1f26a160ba8be1cf497db","isMergeCommit":false,"messageTitle":"Add some tests to filter command parser","messageBody":"","fileTypesAndContributionMap":{"functional-code":{"insertions":5,"deletions":1},"test-code":{"insertions":70,"deletions":6}}},{"hash":"bb487644ed792bd1ce65adbe29d6600e7787a3db","isMergeCommit":false,"messageTitle":"Update code to fit styleguide.","messageBody":"","fileTypesAndContributionMap":{"functional-code":{"insertions":26,"deletions":13},"other":{"insertions":2,"deletions":4},"test-code":{"insertions":82,"deletions":0}}},{"hash":"385d061bc804183c5d17acbb47cc0a95fb34e235","isMergeCommit":false,"messageTitle":"Update code to fit styleguide","messageBody":"","fileTypesAndContributionMap":{"test-code":{"insertions":16,"deletions":14}}},{"hash":"450d234f6fcd6382c83ab2830323aaa80968bcb1","isMergeCommit":true,"messageTitle":"Merge branch \u0027master\u0027 of https://github.com/JerryO3/tp","messageBody":"","fileTypesAndContributionMap":{}},{"hash":"1e48f4eed64034e2926d0b187a144b588457cc1b","isMergeCommit":true,"messageTitle":"Fix merge conflicts on Ui","messageBody":"","fileTypesAndContributionMap":{}},{"hash":"7473d2ba536c49665001ac6aac21246dad9a957b","isMergeCommit":false,"messageTitle":"Move predicates package under person","messageBody":"","fileTypesAndContributionMap":{"other":{"insertions":3,"deletions":3}}},{"hash":"067b6f05526415eb361c52f51ba6cd4a99bb5fbb","isMergeCommit":false,"messageTitle":"Fix imports to adhere to style","messageBody":"","fileTypesAndContributionMap":{"test-code":{"insertions":0,"deletions":3}}}]},{"date":"2024-03-29","commitResults":[{"hash":"8f55c11e66f40923878014e68b54e5610f8c319c","isMergeCommit":true,"messageTitle":"Merge branch \u0027master\u0027 of https://github.com/JerryO3/tp","messageBody":"","fileTypesAndContributionMap":{}},{"hash":"edb4c90e6f686ed9d0b231b863b870f749413b35","isMergeCommit":true,"messageTitle":"Resolve merge conflicts from master","messageBody":"","fileTypesAndContributionMap":{}},{"hash":"a1f6f92bcab53818de59d5692d13cb604661035e","isMergeCommit":false,"messageTitle":"Update tests with daysAvailable","messageBody":"","fileTypesAndContributionMap":{"functional-code":{"insertions":4,"deletions":2},"test-code":{"insertions":5,"deletions":3}}},{"hash":"c7ac9dc21b140243816d53cad35456c951055204","isMergeCommit":false,"messageTitle":"Add updated filter implementation","messageBody":"","fileTypesAndContributionMap":{"docs":{"insertions":33,"deletions":13}}},{"hash":"065a0bd16aa867c37efc1a945ddf22891f259ffd","isMergeCommit":false,"messageTitle":"Update puml for checks","messageBody":"","fileTypesAndContributionMap":{"docs":{"insertions":1,"deletions":0}}},{"hash":"7813961536fd69e7bb9928585187baa2d24268f9","isMergeCommit":false,"messageTitle":"Update puml for checks","messageBody":"","fileTypesAndContributionMap":{"docs":{"insertions":1,"deletions":2}}},{"hash":"b5d773fbf8eec9f804462a821114f15b265e38d8","isMergeCommit":false,"messageTitle":"Edit comments for clarity","messageBody":"","fileTypesAndContributionMap":{"test-code":{"insertions":14,"deletions":18}}},{"hash":"3d6ab2cf84ed77cb2f68ffc0cbe4748618906866","isMergeCommit":false,"messageTitle":"Refactor Days to Day","messageBody":"","fileTypesAndContributionMap":{"other":{"insertions":0,"deletions":0}}},{"hash":"bb043a84d9917e4cab3d0f211e141220a6fd5969","isMergeCommit":false,"messageTitle":"Refactor Days to Day","messageBody":"","fileTypesAndContributionMap":{"functional-code":{"insertions":46,"deletions":72},"test-code":{"insertions":35,"deletions":55}}},{"hash":"5c3d69e9572984e4c9a5c3ea69c2d31795a17d7c","isMergeCommit":false,"messageTitle":"Fix import ordering to styleguide","messageBody":"","fileTypesAndContributionMap":{"functional-code":{"insertions":30,"deletions":4},"test-code":{"insertions":30,"deletions":6}}},{"hash":"049f28507597783151473700e63eb8d73ef09408","isMergeCommit":false,"messageTitle":"Remove magic numbers, edit comments","messageBody":"","fileTypesAndContributionMap":{"functional-code":{"insertions":16,"deletions":12},"test-code":{"insertions":8,"deletions":8}}},{"hash":"9a9e8944b1309481dc99e357d84a31e27aa9d66a","isMergeCommit":false,"messageTitle":"Refactor filter types into subclasses","messageBody":"","fileTypesAndContributionMap":{"functional-code":{"insertions":9,"deletions":7}}},{"hash":"97c4309ee72766d5f2d20e765fb47fa6c4bc4edc","isMergeCommit":false,"messageTitle":"Refactor find command to filter name command","messageBody":"","fileTypesAndContributionMap":{"functional-code":{"insertions":26,"deletions":14},"other":{"insertions":21,"deletions":21},"test-code":{"insertions":5,"deletions":18}}},{"hash":"31dd4145bd8371266d9a5967ab050ab4e63a678b","isMergeCommit":false,"messageTitle":"Fix regressions","messageBody":"","fileTypesAndContributionMap":{"functional-code":{"insertions":14,"deletions":25},"other":{"insertions":5,"deletions":5},"test-code":{"insertions":9,"deletions":7}}},{"hash":"9f27b4f31cfdd45a9f57042a0365985643e3aeb2","isMergeCommit":false,"messageTitle":"Fix import statements sequence","messageBody":"","fileTypesAndContributionMap":{"functional-code":{"insertions":12,"deletions":1},"test-code":{"insertions":16,"deletions":2}}},{"hash":"7084e24dbfbd20a847356613f6c1294391db18b4","isMergeCommit":true,"messageTitle":"Merge branch \u0027master\u0027 of https://github.com/JerryO3/tp","messageBody":"","fileTypesAndContributionMap":{}},{"hash":"e36e0ad4cfb79e0b3f61dbcfca62d8284e7d2553","isMergeCommit":true,"messageTitle":"Merge branch \u0027master\u0027 into general-filter-by","messageBody":"","fileTypesAndContributionMap":{}},{"hash":"a05d77371082b0687adb8bba70b77a8841fdef66","isMergeCommit":false,"messageTitle":"Use constants instead of magic words","messageBody":"","fileTypesAndContributionMap":{"functional-code":{"insertions":5,"deletions":5}}},{"hash":"8c149592159f67caec302f96f8c446742d62d164","isMergeCommit":true,"messageTitle":"Merge pull request #49 from JerryO3/general-filter-by","messageBody":"General filter by","fileTypesAndContributionMap":{}}]},{"date":"2024-04-04","commitResults":[{"hash":"0ce0ebdc36fffe57b2e362d2e4f4f037a26da3dc","isMergeCommit":true,"messageTitle":"Merge pull request #73 from zhekaiii/filter-and","messageBody":"Allow filtering by AND instead of OR","fileTypesAndContributionMap":{}},{"hash":"eb885a8d248a803916416725fa6bba24a9d6a658","isMergeCommit":true,"messageTitle":"Merge branch \u0027master\u0027 of https://github.com/JerryO3/tp","messageBody":"","fileTypesAndContributionMap":{}},{"hash":"4ef680b9a0393babc8ec66f6726a96da822a86e2","isMergeCommit":false,"messageTitle":"Update UG filter section","messageBody":"","fileTypesAndContributionMap":{"docs":{"insertions":9,"deletions":6}}},{"hash":"71fdd8d401881bc53a34176a3e0300666cf1603b","isMergeCommit":false,"messageTitle":"Update DG on all-match filter","messageBody":"","fileTypesAndContributionMap":{"docs":{"insertions":14,"deletions":7}}}]},{"date":"2024-04-08","commitResults":[{"hash":"3a9dba49f3c16b25da02db18de90bbed98f53a50","isMergeCommit":true,"messageTitle":"Merge branch \u0027master\u0027 of https://github.com/JerryO3/tp","messageBody":"","fileTypesAndContributionMap":{}},{"hash":"d2e0330290dcc0387ea8da17fc948034e28553aa","isMergeCommit":false,"messageTitle":"Fix \u0027find is invalid\u0027","messageBody":"","fileTypesAndContributionMap":{"docs":{"insertions":1,"deletions":1}}},{"hash":"b23dc968e3db202747230e567377d8a5b609495d","isMergeCommit":false,"messageTitle":"Fix Add syntax, standardize MONEY_OWED","messageBody":"","fileTypesAndContributionMap":{"docs":{"insertions":2,"deletions":1}}},{"hash":"51f7fcc740477396edd61adb8d43a0cda4c96e63","isMergeCommit":false,"messageTitle":"Standardize MONEY_OWED in add desc","messageBody":"","fileTypesAndContributionMap":{"functional-code":{"insertions":1,"deletions":1}}},{"hash":"5c484dcd8c8f6ac215b1a7da7a226c0ae998d58f","isMergeCommit":false,"messageTitle":"Add [d/Day] into UG, fix examples","messageBody":"","fileTypesAndContributionMap":{"docs":{"insertions":1,"deletions":1}}},{"hash":"cc2c90109f78ebcb082652cda3cac46fd662ac66","isMergeCommit":false,"messageTitle":"Standardize to TYPE","messageBody":"","fileTypesAndContributionMap":{"docs":{"insertions":4,"deletions":4}}},{"hash":"53bf604c5b1da4259d161275c83d57eb8392476d","isMergeCommit":false,"messageTitle":"Fix filter command desc","messageBody":"","fileTypesAndContributionMap":{"functional-code":{"insertions":1,"deletions":1}}},{"hash":"c17619d50c8216ce54e4ac116ab627723600b20a","isMergeCommit":false,"messageTitle":"Remove references to find","messageBody":"","fileTypesAndContributionMap":{"docs":{"insertions":1,"deletions":1}}},{"hash":"48be1ebb9c419eab98774236e02813f461ab4ad2","isMergeCommit":false,"messageTitle":"Add [d/Day] to edit syntax","messageBody":"","fileTypesAndContributionMap":{"functional-code":{"insertions":1,"deletions":1},"docs":{"insertions":16,"deletions":16}}},{"hash":"f60a3be1acf1044f5a93e6e9f82e3716d47eec87","isMergeCommit":false,"messageTitle":"Clarify names restrictions","messageBody":"","fileTypesAndContributionMap":{"docs":{"insertions":12,"deletions":0}}}]},{"date":"2024-04-09","commitResults":[{"hash":"3a6da4b3511ee53f6658fe3537e327de3e38ae0a","isMergeCommit":false,"messageTitle":"Update UG with future plans","messageBody":"","fileTypesAndContributionMap":{"docs":{"insertions":19,"deletions":0}}},{"hash":"595c9b02e5ffaec1b38a276a94697512a64d9ddb","isMergeCommit":true,"messageTitle":"Merge pull request #116 from JerryO3/feature-flaw","messageBody":"Feature flaw","fileTypesAndContributionMap":{}},{"hash":"a63cf6223fd314007572c7fc945750bd069b3a05","isMergeCommit":true,"messageTitle":"Merge branch \u0027master\u0027 of https://github.com/JerryO3/tp","messageBody":"","fileTypesAndContributionMap":{}},{"hash":"d1774832ce6d778e3bc1ef37cca3fd2205918c8d","isMergeCommit":true,"messageTitle":"Merge branch \u0027master\u0027 into coming-soon","messageBody":"","fileTypesAndContributionMap":{}}]},{"date":"2024-04-10","commitResults":[{"hash":"9a31fd2dc50dba18a73ab21dafb4a824fa822ab8","isMergeCommit":false,"messageTitle":"Add Coming Soon section","messageBody":"","fileTypesAndContributionMap":{"docs":{"insertions":12,"deletions":12}}},{"hash":"9e4cfd21870a8fd6fb438b6c4c545b39119b3b34","isMergeCommit":false,"messageTitle":"Delete duplicate section","messageBody":"","fileTypesAndContributionMap":{"docs":{"insertions":0,"deletions":12}}},{"hash":"b67e8ddc28a0e467964c6364a9927ec349c8ac88","isMergeCommit":true,"messageTitle":"Merge branch \u0027master\u0027 of https://github.com/JerryO3/tp","messageBody":"","fileTypesAndContributionMap":{}},{"hash":"9b063cd99a7ce724b5a441380f686f856424b0cb","isMergeCommit":true,"messageTitle":"Merge branch \u0027master\u0027 into coming-soon","messageBody":"","fileTypesAndContributionMap":{}}]}],"zhekaiii":[{"date":"2024-03-11","commitResults":[{"hash":"dbaeef15582db658a89c1ea4e9094e5445471d40","isMergeCommit":true,"messageTitle":"Merge pull request #7 from alvinnzz/about-us-page","messageBody":"Update about us page for Alvin","fileTypesAndContributionMap":{}},{"hash":"769403b653d2589bd635c334d8b21ef044c17cb5","isMergeCommit":false,"messageTitle":"Update about us page for Zhekai","messageBody":"","fileTypesAndContributionMap":{"docs":{"insertions":86,"deletions":26}}}]},{"date":"2024-03-12","commitResults":[{"hash":"755f91327c388fa27f116582a9a8bb94010faca5","isMergeCommit":true,"messageTitle":"Merge pull request #11 from JerryO3/about-us-update","messageBody":"AboutUs update","fileTypesAndContributionMap":{}},{"hash":"39a470a27d0aa0ff512807782a736bc087263e92","isMergeCommit":true,"messageTitle":"Merge pull request #12 from JerryO3/DG-update","messageBody":"Add User Stories, User Profile and Value Proposition as per team doc","fileTypesAndContributionMap":{}},{"hash":"d598390424ea2c51ecef971fb41781806ecfba68","isMergeCommit":true,"messageTitle":"Merge pull request #20 from NewtonKoh/use-cases","messageBody":"Add use cases for features","fileTypesAndContributionMap":{}},{"hash":"cfe92afbc54b5cda0d53eeee235466308288bf7e","isMergeCommit":true,"messageTitle":"Merge pull request #21 from NewtonKoh/add-remark-command","messageBody":"Add remark command","fileTypesAndContributionMap":{}}]},{"date":"2024-03-13","commitResults":[{"hash":"98023956232df40519834a19f32b0041b8d481dd","isMergeCommit":false,"messageTitle":"Add birthdays to Person","messageBody":"","fileTypesAndContributionMap":{"functional-code":{"insertions":190,"deletions":58},"test-code":{"insertions":120,"deletions":34}}},{"hash":"4dbb07d4874224c441313e9afd915b5b518e439e","isMergeCommit":false,"messageTitle":"Update non-functional requirements in DeveloperGuide.md","messageBody":"","fileTypesAndContributionMap":{"docs":{"insertions":165,"deletions":102}}},{"hash":"472053398ec9d8780e2e9ce5e039425174f8218f","isMergeCommit":true,"messageTitle":"Merge master into update-nfr","messageBody":"","fileTypesAndContributionMap":{}},{"hash":"46f499dd408d549ba148cc39a49a1088fb274c9d","isMergeCommit":false,"messageTitle":"Update README.md","messageBody":"","fileTypesAndContributionMap":{"docs":{"insertions":10,"deletions":12}}},{"hash":"f0eee632b5222adbb468f75ebc68a7dd093604a5","isMergeCommit":false,"messageTitle":"Fix run check errors","messageBody":"","fileTypesAndContributionMap":{"docs":{"insertions":5,"deletions":4}}},{"hash":"3a9476756f2db8bd8392d48243397383266d0bab","isMergeCommit":false,"messageTitle":"Fix test errors and add birthday to UI","messageBody":"","fileTypesAndContributionMap":{"functional-code":{"insertions":47,"deletions":37},"test-code":{"insertions":1,"deletions":1}}},{"hash":"6676c13ad3569eaae7bd1d0809ac77fb3b57abf8","isMergeCommit":true,"messageTitle":"Merge master into store-birthday","messageBody":"","fileTypesAndContributionMap":{}},{"hash":"6ccd3861927d8420bd219fe1cfc5eb4d4cc0ea6b","isMergeCommit":false,"messageTitle":"Allow Remark to be optional","messageBody":"","fileTypesAndContributionMap":{"functional-code":{"insertions":5,"deletions":8}}},{"hash":"1aac1a2790a9859522b4fd9f99770a9ea7e829ab","isMergeCommit":false,"messageTitle":"Fix checkstyle issues","messageBody":"","fileTypesAndContributionMap":{"functional-code":{"insertions":3,"deletions":1}}},{"hash":"9391234e7446ed25f9419e6d819f6e3567c8c844","isMergeCommit":false,"messageTitle":"Add birthday into User Guide","messageBody":"","fileTypesAndContributionMap":{"docs":{"insertions":59,"deletions":44}}}]},{"date":"2024-03-16","commitResults":[{"hash":"e010a0c3bed43974b0ec80ecb24c40789001f217","isMergeCommit":false,"messageTitle":"Add editing of Birthdays using the edit command","messageBody":"","fileTypesAndContributionMap":{"functional-code":{"insertions":15,"deletions":5},"test-code":{"insertions":49,"deletions":6}}}]},{"date":"2024-03-17","commitResults":[{"hash":"7b4a3d91c9eaba65a2f9bccb4605070ed1f04271","isMergeCommit":false,"messageTitle":"Refactor Birthday parsing and fix inaccurate javadoc headers","messageBody":"","fileTypesAndContributionMap":{"functional-code":{"insertions":11,"deletions":6}}},{"hash":"d444e2aa3ea76b6773b65c83358aee75543cb6e1","isMergeCommit":true,"messageTitle":"Merge pull request #26 from alvinnzz/branch-store-money","messageBody":"Store moneyOwed attribute","fileTypesAndContributionMap":{}},{"hash":"c62cea77e036cf431f1640fbe6ba84889d742859","isMergeCommit":true,"messageTitle":"Merge master into edit-birthdays","messageBody":"","fileTypesAndContributionMap":{}}]},{"date":"2024-03-19","commitResults":[{"hash":"9ab512e569f30aeaac1aa717dfe50a31321aae66","isMergeCommit":false,"messageTitle":"Update UMLs to include new attributes into Person class","messageBody":"","fileTypesAndContributionMap":{"docs":{"insertions":9,"deletions":0}}},{"hash":"fc509f6a2b1b4e15835e735cc7f87b85d47ce0dd","isMergeCommit":true,"messageTitle":"Merge pull request #29 from zhekaiii/update-uml","messageBody":"Update UMLs to include new attributes into Person class","fileTypesAndContributionMap":{}},{"hash":"5e0a539835dad8df780cc0eebf1d29caa3ccf8f0","isMergeCommit":true,"messageTitle":"Merge pull request #25 from JerryO3/sort-by-tag","messageBody":"Sort by tag: Add sort command and parser support","fileTypesAndContributionMap":{}},{"hash":"96bde6d8b5a82c317b554c73985de4040fbef545","isMergeCommit":true,"messageTitle":"Merge pull request #31 from JerryO3/UML-diagram","messageBody":"Uml diagram","fileTypesAndContributionMap":{}}]},{"date":"2024-03-25","commitResults":[{"hash":"ec86c2f1104782b2acb9363140a302878e6cd2b9","isMergeCommit":false,"messageTitle":"Update links to se-edu repo to the correct github repo link","messageBody":"","fileTypesAndContributionMap":{"functional-code":{"insertions":48,"deletions":46},"docs":{"insertions":142,"deletions":77}}},{"hash":"dc1d9fc1f59fdc9527caa8f8dbd5990ea6fcbfd5","isMergeCommit":false,"messageTitle":"Revert link update in AddRemark.md from tp repo to se-edu repo","messageBody":"","fileTypesAndContributionMap":{"docs":{"insertions":11,"deletions":11}}},{"hash":"a5b8be0d864533ff4aa7701b8dbd969e1411265c","isMergeCommit":false,"messageTitle":"Add SortCommand to allow sorting by birthday, name and money owed","messageBody":"","fileTypesAndContributionMap":{"functional-code":{"insertions":250,"deletions":25}}},{"hash":"904007328ad620a49c3a01c0d52723506188b27e","isMergeCommit":false,"messageTitle":"Add test cases to SortCommand","messageBody":"","fileTypesAndContributionMap":{"functional-code":{"insertions":21,"deletions":2},"test-code":{"insertions":163,"deletions":13}}},{"hash":"4541daac9242574b25fbf42a337f0d95a1b4d166","isMergeCommit":false,"messageTitle":"Shift getComparator from SortCommandParser to SortCommand","messageBody":"","fileTypesAndContributionMap":{"functional-code":{"insertions":1,"deletions":23}}}]},{"date":"2024-03-26","commitResults":[{"hash":"03e8de0cb2537a1d31e11797930d8694557f4170","isMergeCommit":false,"messageTitle":"Update User Guide with sort command","messageBody":"","fileTypesAndContributionMap":{"docs":{"insertions":73,"deletions":59}}},{"hash":"d93cde326946d062fb5328e5a923a25672a7e36c","isMergeCommit":false,"messageTitle":"Fix broken bold","messageBody":"","fileTypesAndContributionMap":{"docs":{"insertions":3,"deletions":6}}},{"hash":"05ecb4e6a101e69d80852fe106a84f2f3587e222","isMergeCommit":true,"messageTitle":"Merge pull request #41 from zhekaiii/update-ug","messageBody":"Fix broken bold","fileTypesAndContributionMap":{}},{"hash":"1b8194ac97d9a71f76fd7c4e1ac445551fcb853e","isMergeCommit":false,"messageTitle":"Implement PayNow QR Code generation","messageBody":"","fileTypesAndContributionMap":{"functional-code":{"insertions":235,"deletions":0},"other":{"insertions":1,"deletions":0}}},{"hash":"fdd5612682bac417795d02d91c0b6e941ab44f5a","isMergeCommit":true,"messageTitle":"Merge pull request #42 from NewtonKoh/UI-first-draft","messageBody":"UI first draft","fileTypesAndContributionMap":{}},{"hash":"0664696cfbd2cb082fbc419eff033e3939f55a31","isMergeCommit":true,"messageTitle":"Merge pull request #43 from NewtonKoh/uml-diagram-ui-update","messageBody":"Uml diagram update UI","fileTypesAndContributionMap":{}},{"hash":"3b11fe6f3323fdebf10daaddacc72d004a268c9e","isMergeCommit":false,"messageTitle":"Add new test case for SortCommand and refactor MoneyOwed Comparator","messageBody":"","fileTypesAndContributionMap":{"functional-code":{"insertions":7,"deletions":16},"test-code":{"insertions":25,"deletions":0}}},{"hash":"14bab21933992f757172543001a00815fd5c38da","isMergeCommit":true,"messageTitle":"Merge remote-tracking branch \u0027upstream/master\u0027 into sort-command","messageBody":"","fileTypesAndContributionMap":{}},{"hash":"260aea9be4cb9fb3a1881ea58b2e70d8c33fab83","isMergeCommit":false,"messageTitle":"Add new test cases for SortCommandParser","messageBody":"","fileTypesAndContributionMap":{"functional-code":{"insertions":4,"deletions":6},"test-code":{"insertions":54,"deletions":6}}},{"hash":"a8a3a915beb1a8ece229a832b982a454aa720e44","isMergeCommit":false,"messageTitle":"Add new test cases for SortCommand and AddressBookParser","messageBody":"","fileTypesAndContributionMap":{"test-code":{"insertions":18,"deletions":5}}}]},{"date":"2024-03-27","commitResults":[{"hash":"10c3a7416d153a210384c9290b7ad55eb7cd4a08","isMergeCommit":false,"messageTitle":"Add new test cases for MoneyOwed","messageBody":"","fileTypesAndContributionMap":{"functional-code":{"insertions":7,"deletions":3},"test-code":{"insertions":17,"deletions":0}}},{"hash":"abdeaa0695b6cc74411188f0d4a8c4960b9245b7","isMergeCommit":true,"messageTitle":"Merge pull request #39 from zhekaiii/sort-command","messageBody":"Sort command","fileTypesAndContributionMap":{}},{"hash":"cb28b7331a6ef3ebf7b33ce41e06a6cb17104ef0","isMergeCommit":false,"messageTitle":"Update User Guide screenshots","messageBody":"","fileTypesAndContributionMap":{"docs":{"insertions":23,"deletions":30}}},{"hash":"271ff5c1827b47c83439a35154e9e4d4aef70ee6","isMergeCommit":false,"messageTitle":"Write test cases for PayNowField and MerchantAccountInformation","messageBody":"","fileTypesAndContributionMap":{"functional-code":{"insertions":30,"deletions":17},"test-code":{"insertions":38,"deletions":0}}},{"hash":"efe91240b78abb1131e82b82c0c291c12369e785","isMergeCommit":true,"messageTitle":"Merge remote-tracking branch \u0027upstream/master\u0027 into paynow","messageBody":"","fileTypesAndContributionMap":{}},{"hash":"fcdc01e30b12f34d2094b6e5fef8fd114e470ecc","isMergeCommit":false,"messageTitle":"Add UML diagram for PayNow classes","messageBody":"","fileTypesAndContributionMap":{"docs":{"insertions":21,"deletions":0}}},{"hash":"7deae59b939e4dc3f77bc5136f267b8d028953ca","isMergeCommit":false,"messageTitle":"Fix trailing whitespace","messageBody":"","fileTypesAndContributionMap":{"functional-code":{"insertions":1,"deletions":1}}},{"hash":"eae5aeb038056e7ac952ba33bc564b18cd1009bd","isMergeCommit":false,"messageTitle":"Fix trailing whitespace","messageBody":"","fileTypesAndContributionMap":{"docs":{"insertions":2,"deletions":2}}},{"hash":"4d0017ccb8cea4a16d5e0dc1a1c5ded6d40a4efe","isMergeCommit":false,"messageTitle":"Extract magic number as a constant","messageBody":"","fileTypesAndContributionMap":{"functional-code":{"insertions":2,"deletions":1}}},{"hash":"e03f1804badc7822dfe16d1805b3099ee599f405","isMergeCommit":false,"messageTitle":"Add PayCommand, PaymentWindow and ResetDebtCommand","messageBody":"","fileTypesAndContributionMap":{"functional-code":{"insertions":427,"deletions":47},"test-code":{"insertions":9,"deletions":0}}},{"hash":"3643e94ad8d14ce38713017dae40de29062a88ae","isMergeCommit":false,"messageTitle":"Add help tooltip","messageBody":"","fileTypesAndContributionMap":{"functional-code":{"insertions":21,"deletions":2}}},{"hash":"d91e4e76374c6fe5bbe3e68e713d14d12923baa7","isMergeCommit":false,"messageTitle":"Add test cases for PayCommand","messageBody":"","fileTypesAndContributionMap":{"functional-code":{"insertions":45,"deletions":0},"test-code":{"insertions":223,"deletions":2}}},{"hash":"06d74bd5148ea53edce4f673bedc7a98d0855727","isMergeCommit":false,"messageTitle":"Add test cases for PayNowCode and PayNowField","messageBody":"","fileTypesAndContributionMap":{"functional-code":{"insertions":2,"deletions":0},"test-code":{"insertions":16,"deletions":0}}},{"hash":"7654b7f1743d70975bcefc10f936f27c518832ee","isMergeCommit":true,"messageTitle":"Merge pull request #46 from zhekaiii/paynow","messageBody":"Pay Command Part 1","fileTypesAndContributionMap":{}},{"hash":"31d2c416c1bd7b99669227ab3b30f1193758952a","isMergeCommit":false,"messageTitle":"Add missing newline at EOF","messageBody":"","fileTypesAndContributionMap":{"functional-code":{"insertions":2,"deletions":2}}},{"hash":"69a1db6b994e300a98dd0bde3e92ace40e9620f2","isMergeCommit":false,"messageTitle":"Add more test cases to improve code coverage","messageBody":"","fileTypesAndContributionMap":{"functional-code":{"insertions":5,"deletions":3},"test-code":{"insertions":37,"deletions":3}}},{"hash":"a4a9c6b195237c0826f97cd94d3537a0233abe9f","isMergeCommit":false,"messageTitle":"Fix broken test case","messageBody":"","fileTypesAndContributionMap":{"test-code":{"insertions":1,"deletions":1}}}]},{"date":"2024-03-28","commitResults":[{"hash":"dd69ed47f4231334851a1d1e4e9e7804816cc66c","isMergeCommit":true,"messageTitle":"Merge remote-tracking branch \u0027upstream/master\u0027 into pay-command","messageBody":"","fileTypesAndContributionMap":{}},{"hash":"74ffbfe7ea27007c858cef9cc08002ebad81e984","isMergeCommit":false,"messageTitle":"Minor refactor","messageBody":"","fileTypesAndContributionMap":{"functional-code":{"insertions":3,"deletions":5}}},{"hash":"4e8fa8dbe59545c7e522bc2a4c4d90769b4dbac9","isMergeCommit":true,"messageTitle":"Merge pull request #48 from zhekaiii/pay-command","messageBody":"Pay Command Part 2","fileTypesAndContributionMap":{}},{"hash":"aa76d4ba814b0a75d5b22f0b6b85866b359bdc3b","isMergeCommit":true,"messageTitle":"Merge pull request #50 from AY2324S2-CS2103T-T16-2/pay-command","messageBody":"Pay command","fileTypesAndContributionMap":{}},{"hash":"15515a50cf643e21d88f1821c5d4fdaec9f6962a","isMergeCommit":false,"messageTitle":"Update version in MainApp.java","messageBody":"","fileTypesAndContributionMap":{"functional-code":{"insertions":1,"deletions":1}}},{"hash":"987205419c575cb913699f58a6bf490d41e3b3b4","isMergeCommit":false,"messageTitle":"Update jar name to friendfolio.jar","messageBody":"","fileTypesAndContributionMap":{"other":{"insertions":1,"deletions":1}}},{"hash":"f68e807736deb7826e882ef963820945193385f5","isMergeCommit":false,"messageTitle":"Change caught Exception to a more specific Exception and fix QR code not working","messageBody":"","tags":["v1.3.trial"],"fileTypesAndContributionMap":{"functional-code":{"insertions":8,"deletions":6}}},{"hash":"247e0332ea07b7decd10957391c0a00d08015f74","isMergeCommit":false,"messageTitle":"Enable assertions when running","messageBody":"","fileTypesAndContributionMap":{"other":{"insertions":4,"deletions":0}}},{"hash":"060f68d9ee42c5e8e4d6862836dd5b9c4bcbb5fd","isMergeCommit":false,"messageTitle":"Add missing newline to EOF","messageBody":"","fileTypesAndContributionMap":{"other":{"insertions":1,"deletions":1}}},{"hash":"27202b92e5b1024ed055ce75bb1fb421b9c0cb89","isMergeCommit":false,"messageTitle":"Update UML and developer guide","messageBody":"","fileTypesAndContributionMap":{"docs":{"insertions":110,"deletions":17}}}]},{"date":"2024-03-30","commitResults":[{"hash":"79125228fbe19c63c7a57ffd02ec0a690240c768","isMergeCommit":true,"messageTitle":"Merge pull request #57 from alvinnzz/branch-fix-split","messageBody":"Fix split command to split with user","fileTypesAndContributionMap":{}}]},{"date":"2024-03-31","commitResults":[{"hash":"01d4b26fc52e28aaab9d4eea65492777ae3f64ed","isMergeCommit":true,"messageTitle":"Merge pull request #59 from alvinnzz/edit-docs","messageBody":"Edit user guide for pay command","fileTypesAndContributionMap":{}},{"hash":"5fd6ff2b4a03d23bbbd0025a48a0b20c6ff7d58a","isMergeCommit":true,"messageTitle":"Merge pull request #58 from NewtonKoh/UI-second-draft","messageBody":"Enhance home page with animations and layout updates","fileTypesAndContributionMap":{}}]},{"date":"2024-04-02","commitResults":[{"hash":"6ec766c65cb8024bfc3bcaf41323edf78aac9e0e","isMergeCommit":false,"messageTitle":"Reset home card when user presses esc","messageBody":"","fileTypesAndContributionMap":{"functional-code":{"insertions":31,"deletions":11}}},{"hash":"f53e6f5673e4d0950c147247bc39a527bebeca66","isMergeCommit":false,"messageTitle":"Show the correct person when executing certain commands","messageBody":"","fileTypesAndContributionMap":{"functional-code":{"insertions":607,"deletions":499},"test-code":{"insertions":120,"deletions":27}}},{"hash":"bafdc0ccd5593875599f29250d8a8633e0c70e4f","isMergeCommit":false,"messageTitle":"Hide Reset Debt button if user doesn\u0027t owe person money","messageBody":"","fileTypesAndContributionMap":{"functional-code":{"insertions":1,"deletions":1}}},{"hash":"c625a6f822f3ddb40370d40207a0e2d2c58e0ae7","isMergeCommit":false,"messageTitle":"Do not clear selection for ResetDebtCommand if Person cannot be found","messageBody":"","fileTypesAndContributionMap":{"functional-code":{"insertions":9,"deletions":7},"test-code":{"insertions":10,"deletions":14}}}]},{"date":"2024-04-03","commitResults":[{"hash":"917338d71f0e9c13109e7ad60160da40a5889bf3","isMergeCommit":true,"messageTitle":"Merge pull request #64 from alvinnzz/split-bug","messageBody":"Fix bug in split command","fileTypesAndContributionMap":{}},{"hash":"26cff27c14eb8d0cf4f7340f2663d262486f9dab","isMergeCommit":false,"messageTitle":"Add days available argument in message usage for EditCommand","messageBody":"","fileTypesAndContributionMap":{"functional-code":{"insertions":2,"deletions":0}}},{"hash":"daaa1213d8d39ea71d9174cbf8609e7710117dd7","isMergeCommit":false,"messageTitle":"Refactor animation related code in HomeCard and PersonCard","messageBody":"","fileTypesAndContributionMap":{"functional-code":{"insertions":214,"deletions":255},"test-code":{"insertions":26,"deletions":0}}},{"hash":"a6a0ff8d7742bfb0165a7c452845c3d4c5c1c341","isMergeCommit":false,"messageTitle":"Add new tests to MoneyOwed","messageBody":"","fileTypesAndContributionMap":{"test-code":{"insertions":13,"deletions":0}}},{"hash":"a7e6824fc2b71b2da0e3b5d3940edcaeb3b9c0bb","isMergeCommit":false,"messageTitle":"Refactor DisplayCard","messageBody":"","fileTypesAndContributionMap":{"functional-code":{"insertions":240,"deletions":320}}},{"hash":"9d1c467e30413e6cd4b7e43e8697a5c9ab19d4b1","isMergeCommit":false,"messageTitle":"Refactor DisplayCard and extract methods","messageBody":"","fileTypesAndContributionMap":{"functional-code":{"insertions":9,"deletions":1}}}]},{"date":"2024-04-04","commitResults":[{"hash":"7927eeceb16878730ad1df322d8bafd5b078ce68","isMergeCommit":false,"messageTitle":"Allow filtering by AND instead of OR","messageBody":"","fileTypesAndContributionMap":{"functional-code":{"insertions":87,"deletions":53},"test-code":{"insertions":15,"deletions":41}}},{"hash":"91d55f22f819f222155575b6a1aac1e3265d353f","isMergeCommit":false,"messageTitle":"Add test cases to predicates","messageBody":"","fileTypesAndContributionMap":{"test-code":{"insertions":108,"deletions":4}}},{"hash":"11c88f123855af5d86eea92cfcb0d13afa96135c","isMergeCommit":false,"messageTitle":"Add test cases to predicate for equals function","messageBody":"","fileTypesAndContributionMap":{"test-code":{"insertions":6,"deletions":3}}},{"hash":"9a5a713bf40652d0665defea333b077cef47bcf3","isMergeCommit":true,"messageTitle":"Merge remote-tracking branch \u0027upstream/master\u0027 into filter-and","messageBody":"","fileTypesAndContributionMap":{}},{"hash":"4ae2152abed7df761ecc8d14aad9e046a5adf629","isMergeCommit":true,"messageTitle":"Merge pull request #63 from alvinnzz/ug-filter","messageBody":"Fix information on user guide","fileTypesAndContributionMap":{}},{"hash":"b7fd4ce907856956c617325df34f9bd14c299743","isMergeCommit":false,"messageTitle":"Update UG for","messageBody":"","fileTypesAndContributionMap":{"docs":{"insertions":60,"deletions":28}}},{"hash":"9c37cce1e6f73f71b834f7d3aa171e08b8ebea23","isMergeCommit":false,"messageTitle":"Add in information to tell user they can press escape unselect contacts","messageBody":"","fileTypesAndContributionMap":{"docs":{"insertions":1,"deletions":1}}},{"hash":"6659f421f34662c400bc4a660213aa9e634d72f7","isMergeCommit":false,"messageTitle":"Add in the all flag into the user guide","messageBody":"","fileTypesAndContributionMap":{"docs":{"insertions":6,"deletions":3}}},{"hash":"fe6ad6925d07780f095158cdd8ab0bff938b6d25","isMergeCommit":true,"messageTitle":"Merge master into update-ug","messageBody":"","fileTypesAndContributionMap":{}},{"hash":"658ea43ccdad6e3f594b811446c5a3eaa012d795","isMergeCommit":false,"messageTitle":"Fix numbering of bullet points","messageBody":"","fileTypesAndContributionMap":{"docs":{"insertions":9,"deletions":9}}}]},{"date":"2024-04-05","commitResults":[{"hash":"9dadca51be34bffd96402812d384afa11d97a7ee","isMergeCommit":false,"messageTitle":"Update user guide url","messageBody":"","fileTypesAndContributionMap":{"functional-code":{"insertions":16,"deletions":16}}}]},{"date":"2024-04-06","commitResults":[{"hash":"2d976933d4adadeb0632b77cad7d62030ebb6e8d","isMergeCommit":false,"messageTitle":"Fix line longer than 120 characters","messageBody":"","fileTypesAndContributionMap":{"functional-code":{"insertions":13,"deletions":13}}},{"hash":"136f90eef0d1ac2225ba20c6c0646d9bb6321ffa","isMergeCommit":false,"messageTitle":"Update Person formatting message","messageBody":"","fileTypesAndContributionMap":{"functional-code":{"insertions":12,"deletions":0}}},{"hash":"dbec71dc8a3296ec55b210e515ca17573c0db948","isMergeCommit":false,"messageTitle":"Revert \"Update Person formatting message\"","messageBody":"","fileTypesAndContributionMap":{"functional-code":{"insertions":0,"deletions":12}}},{"hash":"df1441c7adb2a284d7407ac0ca1fae61fdb712b9","isMergeCommit":true,"messageTitle":"Merge pull request #112 from AY2324S2-CS2103T-T16-2/revert-110-person-format-message","messageBody":"Revert \"Update Person formatting message\"","fileTypesAndContributionMap":{}},{"hash":"cb71fa5ac72ea084d9960b7c84d4f9c3764883b3","isMergeCommit":false,"messageTitle":"Fix typo in messages","messageBody":"","fileTypesAndContributionMap":{"functional-code":{"insertions":4,"deletions":4}}},{"hash":"400e661cb498755e5707dfc4b69e4a919cb92e4a","isMergeCommit":true,"messageTitle":"Merge remote-tracking branch \u0027upstream/master\u0027 into fix-messages","messageBody":"","fileTypesAndContributionMap":{}}]},{"date":"2024-04-08","commitResults":[{"hash":"8411823196c6c5bf4fa4e795cc64b73a7087dcf2","isMergeCommit":false,"messageTitle":"Update UG for pay command","messageBody":"","fileTypesAndContributionMap":{"docs":{"insertions":9,"deletions":3}}},{"hash":"d561d14c410ac2f739b09cf4d8bae39caeb7cb9a","isMergeCommit":true,"messageTitle":"Merge pull request #114 from zhekaiii/update-ug","messageBody":"Update UG for pay command","fileTypesAndContributionMap":{}},{"hash":"70eb2b57f8e5b7e6a128126066e1fb1212d9d1e6","isMergeCommit":true,"messageTitle":"Merge pull request #115 from JerryO3/UG-and-Desc-fix","messageBody":"Ug and desc fix","fileTypesAndContributionMap":{}}]},{"date":"2024-04-09","commitResults":[{"hash":"069f9b664aec950ab45e8d1744b05d283bcdcff3","isMergeCommit":false,"messageTitle":"Update UG and add declaration and acknowledgement for reused code","messageBody":"","fileTypesAndContributionMap":{"functional-code":{"insertions":4,"deletions":0},"docs":{"insertions":17,"deletions":24}}}]},{"date":"2024-04-10","commitResults":[{"hash":"7857489eaeb7f36b8dbd24b8e9bb46df6b09838d","isMergeCommit":true,"messageTitle":"Merge pull request #117 from JerryO3/coming-soon","messageBody":"Coming soon","fileTypesAndContributionMap":{}},{"hash":"0ed2faf7fb786f87f45b7587f9d0ffe9353de624","isMergeCommit":false,"messageTitle":"Add new upcoming enhancement in ug","messageBody":"","fileTypesAndContributionMap":{"docs":{"insertions":15,"deletions":4}}},{"hash":"10e202daf65fda83e048b1ffb74234b55b79f105","isMergeCommit":false,"messageTitle":"Add sort command explanation and uml to DG","messageBody":"","fileTypesAndContributionMap":{"docs":{"insertions":91,"deletions":2}}},{"hash":"a68fddd55739e1bcfd1c4ec2c787ea20ad44dd47","isMergeCommit":false,"messageTitle":"Add missing newline to SortSequenceDiagram.puml","messageBody":"","fileTypesAndContributionMap":{"docs":{"insertions":1,"deletions":1}}}]},{"date":"2024-04-11","commitResults":[{"hash":"848121d59813c4533257c3fe96cebe2a49b07e82","isMergeCommit":false,"messageTitle":"Update DG and UG","messageBody":"","fileTypesAndContributionMap":{"docs":{"insertions":19,"deletions":3}}},{"hash":"62569944336e14a15c7d3d17fb2fd805119ef5c6","isMergeCommit":true,"messageTitle":"Merge pull request #111 from alvinnzz/fix-money-bug","messageBody":"Set limit to money amount","fileTypesAndContributionMap":{}},{"hash":"6021e0223c373315595ba0e27ed7ecb377ebd09a","isMergeCommit":false,"messageTitle":"Fix typo in UG","messageBody":"","fileTypesAndContributionMap":{"docs":{"insertions":2,"deletions":2}}},{"hash":"c390c77344eeb3a75de8a3d3f2a9b47ae5279ab9","isMergeCommit":true,"messageTitle":"Merge pull request #120 from zhekaiii/update-ug","messageBody":"Add new upcoming enhancement in ug","fileTypesAndContributionMap":{}},{"hash":"60b07f0a13b9cfa53085e4512ec5101bfc3f7db3","isMergeCommit":true,"messageTitle":"Merge pull request #121 from alvinnzz/update-readme","messageBody":"Update readme and DG","fileTypesAndContributionMap":{}}]},{"date":"2024-04-13","commitResults":[{"hash":"49a96de5aeea17fd833d451ac3fa862908cafe67","isMergeCommit":true,"messageTitle":"Merge pull request #124 from NewtonKoh/HomeCard-scrollbar-bug-fix","messageBody":"Fix scrollbar issue in HomeCard by enabling interaction","fileTypesAndContributionMap":{}},{"hash":"ebc07552500f3b1302e7ddf15514269aee0d6f01","isMergeCommit":true,"messageTitle":"Merge pull request #122 from NewtonKoh/DG-UML-update","messageBody":"Update UML diagrams and developer guide documentation","fileTypesAndContributionMap":{}},{"hash":"b50b3af1dd0f19a396646e842267f40744353c1b","isMergeCommit":true,"messageTitle":"Merge pull request #125 from NewtonKoh/Remark-tests","messageBody":"Expand RemarkCommand test coverage","fileTypesAndContributionMap":{}}]}]},"authorFileTypeContributionMap":{"alvinnzz":{"docs":287,"functional-code":516,"test-code":517},"NewtonKoh":{"docs":717,"functional-code":1104,"test-code":258},"JerryO3":{"docs":151,"functional-code":490,"test-code":687},"zhekaiii":{"docs":656,"functional-code":1604,"test-code":982,"other":11}},"authorContributionVariance":{"alvinnzz":6363.2314,"NewtonKoh":75798.36,"JerryO3":22145.24,"zhekaiii":101332.08},"authorDisplayNameMap":{"alvinnzz":"CS2103T-T16-2 NG W..LVIN","NewtonKoh":"CS2103T-T16-2 KOH ..WTON","JerryO3":"CS2103T-T16-2 OON .. RUI","zhekaiii":"CS2103T-T16-2 LIM ..EKAI"}}
