{"authorDailyContributionsMap":{"marcus-ny":[{"date":"2024-03-07","commitResults":[{"hash":"bbfef9edba350ff80222f9e797331dfa7a5f6f86","isMergeCommit":false,"messageTitle":"Update AboutUs.md for marcus-ny","messageBody":"","fileTypesAndContributionMap":{"docs":{"insertions":6,"deletions":6}}},{"hash":"60d4f1873ae6ad4538324dcd87bf7f390ddb8b15","isMergeCommit":false,"messageTitle":"Add non-trivial use cases","messageBody":"","fileTypesAndContributionMap":{"docs":{"insertions":228,"deletions":81}}},{"hash":"afdff3047dfa140ff4d8be10b83cd89b8d543002","isMergeCommit":false,"messageTitle":"Format Use Cases in Developer Guide","messageBody":"","fileTypesAndContributionMap":{"docs":{"insertions":40,"deletions":38}}},{"hash":"19c2bc4c69b911d01dad12a331c100772fe7052b","isMergeCommit":false,"messageTitle":"Add Non-functional requirements to DG","messageBody":"","fileTypesAndContributionMap":{"docs":{"insertions":10,"deletions":2}}},{"hash":"d6ec0448fa59e016b58a1dec39c081c9406711e3","isMergeCommit":true,"messageTitle":"Merge pull request #26 from narwhalsilent/branch-AboutUs-Junwu","messageBody":"Fixes #15 Update AboutUs to include Junwu","fileTypesAndContributionMap":{}}]},{"date":"2024-03-10","commitResults":[{"hash":"5fc020abf1b446d8279dfdfead3c4d43234d2731","isMergeCommit":true,"messageTitle":"Merge pull request #28 from xiaorui-ui/DG","messageBody":"Fixes #11 Update DG: Product Scope, User stories and Glossary","fileTypesAndContributionMap":{}},{"hash":"4765b16982e7a3c8810a68697f0191e68396ad34","isMergeCommit":true,"messageTitle":"Merge pull request #35 from AY2324S2-CS2103T-W13-1/revert-34-add_loan_class","messageBody":"Revert \"Fixes #3 Add Loan class and LoanRecords class.\"","fileTypesAndContributionMap":{}},{"hash":"827d2005bbc077d1d684b50022dcf0721d33d060","isMergeCommit":true,"messageTitle":"Merge pull request #36 from Joseph31416/add_loan_class","messageBody":"Fixes #3 Add Loan class and LoanRecords class.","fileTypesAndContributionMap":{}}]},{"date":"2024-03-15","commitResults":[{"hash":"d0fc071047d196dff6ccf35acd1921efca18cb28","isMergeCommit":true,"messageTitle":"Merge pull request #42 from narwhalsilent/branch-viewLoanCommand","messageBody":"Add view loan command and LoanCard component","fileTypesAndContributionMap":{}},{"hash":"e8af63f9c43e4fca5a61538669247bbe8c1c0758","isMergeCommit":false,"messageTitle":"Add LoanListPanel class","messageBody":"displays the list of loans attached to a particular person\n","fileTypesAndContributionMap":{"functional-code":{"insertions":76,"deletions":3}}},{"hash":"3e8ece2c991ea3c474d70e952d2f3c0363f25d07","isMergeCommit":false,"messageTitle":"Add LoanListPanel.fxml","messageBody":"","fileTypesAndContributionMap":{"functional-code":{"insertions":8,"deletions":0}}},{"hash":"845cf780b83d978004495ddf62adc5990ed61107","isMergeCommit":false,"messageTitle":"Fix command word formatting for viewloan command","messageBody":"","fileTypesAndContributionMap":{"functional-code":{"insertions":2,"deletions":1}}}]},{"date":"2024-03-16","commitResults":[{"hash":"669f8de4c26a5e59dc978732b53e7599e4d5a69d","isMergeCommit":false,"messageTitle":"Remove previous implementation","messageBody":"","fileTypesAndContributionMap":{"functional-code":{"insertions":0,"deletions":14}}},{"hash":"ab6f44f147a14f4a587f9fbdcc4bb38b3ac655e3","isMergeCommit":false,"messageTitle":"Implement minimal working GUI for viewloan command","messageBody":"","fileTypesAndContributionMap":{"functional-code":{"insertions":101,"deletions":48}}},{"hash":"1d3e7918d24b967dff9382375aae963f86a02807","isMergeCommit":false,"messageTitle":"Implement alternating ListView window for loan and person","messageBody":"- List of loans shows only if user command is loan related\n- Otherwise, list of loans no longer shows and UI returns to default personlist view\n","fileTypesAndContributionMap":{"functional-code":{"insertions":80,"deletions":13}}},{"hash":"382fbbe718aa6bf67c75ea50327e812600ccb2a4","isMergeCommit":false,"messageTitle":"Modify GUI to show only Loan or Person list at one time","messageBody":"","fileTypesAndContributionMap":{"functional-code":{"insertions":23,"deletions":5}}},{"hash":"cde1be9e2d526fab46a588c69f611cef351ac2e0","isMergeCommit":false,"messageTitle":"Fix checkstyle errors","messageBody":"","fileTypesAndContributionMap":{"functional-code":{"insertions":5,"deletions":2},"test-code":{"insertions":23,"deletions":0}}},{"hash":"fdc24f7bff3c57b0da5c50912d2d07d26c4bf5d0","isMergeCommit":false,"messageTitle":"Improve code quality","messageBody":"- rename methods\n- remove redundant attributes/methods\n","fileTypesAndContributionMap":{"functional-code":{"insertions":10,"deletions":30},"test-code":{"insertions":1,"deletions":1}}},{"hash":"c8d462b5ab2fc0cfbd478b5ec073fd068e57912d","isMergeCommit":false,"messageTitle":"Fix checkstyle error in MainWindow.fxml","messageBody":"","fileTypesAndContributionMap":{"functional-code":{"insertions":0,"deletions":1}}},{"hash":"79db4e1d9bdfe28f71278d38e422deabf548baf3","isMergeCommit":false,"messageTitle":"Suppress fxml checkstyle","messageBody":"","fileTypesAndContributionMap":{"functional-code":{"insertions":0,"deletions":1},"other":{"insertions":5,"deletions":4}}},{"hash":"faf3edf3623ecbbb94383825a1dd0f8c07751a71","isMergeCommit":false,"messageTitle":"Revert \"Suppress fxml checkstyle\"","messageBody":"This reverts commit 79db4e1d9bdfe28f71278d38e422deabf548baf3.\n","fileTypesAndContributionMap":{"functional-code":{"insertions":1,"deletions":0},"other":{"insertions":4,"deletions":5}}},{"hash":"83b1f86ea8ebab9cd2bcb5346a99a9a4c01b65b9","isMergeCommit":false,"messageTitle":"Remove trailing whitespace in MainWindow.fxml","messageBody":"","fileTypesAndContributionMap":{"functional-code":{"insertions":0,"deletions":1}}},{"hash":"816976ec446f6d29a69018d572ed93f694f062cb","isMergeCommit":false,"messageTitle":"Fix minor JavaDoc formatting errors","messageBody":"","fileTypesAndContributionMap":{"functional-code":{"insertions":2,"deletions":2}}}]},{"date":"2024-03-19","commitResults":[{"hash":"a48c3314f825ee3d0a91797022013c5fda62e29c","isMergeCommit":true,"messageTitle":"Merge pull request #57 from Joseph31416/add_mark_loan","messageBody":"Fixes #54 add isReturned field to Loan class and updated storage code to save new field","fileTypesAndContributionMap":{}},{"hash":"388bd32b25da1159d312c31718f32b0cf77dcc25","isMergeCommit":false,"messageTitle":"Update UI Class Diagram","messageBody":"- Add new LoanListPanel and LoanCard classes\n","fileTypesAndContributionMap":{"docs":{"insertions":8,"deletions":0}}},{"hash":"fd124767764dd41cf4819fbcd5ac30fbb9d850ac","isMergeCommit":false,"messageTitle":"Add target contact at the top of viewloan interface","messageBody":"- On `viewloan` command, the target contact is displayed at the top of the list\n","fileTypesAndContributionMap":{"functional-code":{"insertions":25,"deletions":3}}},{"hash":"0e790a2ddd4669326676da6c297915ab59b7145c","isMergeCommit":false,"messageTitle":"Add Returned Status to Loan GUI components","messageBody":"","fileTypesAndContributionMap":{"functional-code":{"insertions":23,"deletions":16}}}]},{"date":"2024-03-23","commitResults":[{"hash":"245eb7bf80ba6c7437ced11edbd965645ebf5eb5","isMergeCommit":true,"messageTitle":"Merge pull request #70 from narwhalsilent/branch-ViewLoanSequenceDiagram","messageBody":"Add viewloan sequence diagram","fileTypesAndContributionMap":{}}]},{"date":"2024-03-27","commitResults":[{"hash":"f62b13fea804e2b02a3102a333938a938854a1e1","isMergeCommit":true,"messageTitle":"Merge pull request #75 from xiaorui-ui/update_dg_deleteloan","messageBody":"Add Delete Loan to the developer guide","fileTypesAndContributionMap":{}},{"hash":"5f52634567559b0251d865032e13c3f6b09c8710","isMergeCommit":false,"messageTitle":"Update DG with implementation details for loan view GUI","messageBody":"","fileTypesAndContributionMap":{"docs":{"insertions":68,"deletions":27}}}]},{"date":"2024-03-30","commitResults":[{"hash":"5c1b43b2d99a5e09811580f00c68e90a41f50984","isMergeCommit":true,"messageTitle":"Merge pull request #81 from narwhalsilent/branch-viewAllLoan","messageBody":"Add view all loans command","fileTypesAndContributionMap":{}},{"hash":"32c11e1a9622eb40a1e96dd2cda2ab9d531d864b","isMergeCommit":false,"messageTitle":"Create AnalyticsCommand.java","messageBody":"","fileTypesAndContributionMap":{"functional-code":{"insertions":65,"deletions":0}}},{"hash":"cb061f0df70a7dc64d00773bd3c73804f63c7d60","isMergeCommit":false,"messageTitle":"Create AnalyticsCommandParser.java","messageBody":"","fileTypesAndContributionMap":{"functional-code":{"insertions":30,"deletions":0}}},{"hash":"1fabbcc6314736a967f69d57c7d8926b41a6bd7c","isMergeCommit":false,"messageTitle":"Implement analytics command logic","messageBody":"","fileTypesAndContributionMap":{"functional-code":{"insertions":25,"deletions":7}}},{"hash":"4c285bb9a9fe16d3f67a6f9ed0fc956ea7ab7b01","isMergeCommit":false,"messageTitle":"Fix Checkstyle errors","messageBody":"","fileTypesAndContributionMap":{"functional-code":{"insertions":4,"deletions":3},"test-code":{"insertions":6,"deletions":0}}}]},{"date":"2024-04-02","commitResults":[{"hash":"12b2f9148842e8234651b2b42d75615a4fd47761","isMergeCommit":true,"messageTitle":"Merge pull request #89 from narwhalsilent/branch-fixUniqueLoanListBugs","messageBody":"Branch fix unique loan list bugs","fileTypesAndContributionMap":{}},{"hash":"b3082edb97faa91ee2f8112c772df75bafadea6d","isMergeCommit":true,"messageTitle":"Merge pull request #91 from narwhalsilent/branch-viewLoanFlags","messageBody":"Add new flag for viewloan and merge viewloans into viewloan","fileTypesAndContributionMap":{}},{"hash":"6e217e26bfc9c6f5d7cfcb8e1f78d1d97b1bba1f","isMergeCommit":false,"messageTitle":"Add logic to update analytics in `Model`","messageBody":"","fileTypesAndContributionMap":{"functional-code":{"insertions":45,"deletions":10}}},{"hash":"74d0083798c7a251a5ec9a188baed7eb6f185d26","isMergeCommit":false,"messageTitle":"Implement basic GUI display logic for analytics","messageBody":"","fileTypesAndContributionMap":{"functional-code":{"insertions":3,"deletions":3}}},{"hash":"6eb6e6a65244d67b91eb30b19b49ce173ec8a299","isMergeCommit":false,"messageTitle":"Create AnalyticsPanel.java","messageBody":"","fileTypesAndContributionMap":{"functional-code":{"insertions":35,"deletions":0}}},{"hash":"cf893f5ccc35abd530da141725a441659fd225a1","isMergeCommit":false,"messageTitle":"Create AnalyticsPanel.fxml","messageBody":"","fileTypesAndContributionMap":{"functional-code":{"insertions":9,"deletions":0}}},{"hash":"46e88b09aaef4bc5a1e7c31b238211cd6daf2b3d","isMergeCommit":false,"messageTitle":"Add analytics GUI update logic","messageBody":"","fileTypesAndContributionMap":{"functional-code":{"insertions":19,"deletions":3}}},{"hash":"99a0b0c5c73d0a0d07ab875d0b0f2c87d40f84be","isMergeCommit":false,"messageTitle":"Add demo GUI with piechart analytics","messageBody":"","fileTypesAndContributionMap":{"functional-code":{"insertions":26,"deletions":8}}},{"hash":"753c10441b0079a98a57b88a0db0e20d69c70cf5","isMergeCommit":false,"messageTitle":"Add toggle logic for analytics GUI in Model","messageBody":"","fileTypesAndContributionMap":{"functional-code":{"insertions":23,"deletions":2}}},{"hash":"bef7d5aa691728ab48e1fcfc3b706d7d6378d507","isMergeCommit":false,"messageTitle":"Implement GUI tab switching according to command","messageBody":"","fileTypesAndContributionMap":{"functional-code":{"insertions":86,"deletions":21}}},{"hash":"22183811197302a8d64acc7e106db41e31b0a0b2","isMergeCommit":false,"messageTitle":"Remove placeholder padding for main UI","messageBody":"","fileTypesAndContributionMap":{"functional-code":{"insertions":0,"deletions":9}}},{"hash":"40512598eac72fc416f3e2a48a431520ce543619","isMergeCommit":false,"messageTitle":"Fix checkstyle errors","messageBody":"","fileTypesAndContributionMap":{"functional-code":{"insertions":7,"deletions":21},"test-code":{"insertions":24,"deletions":2}}},{"hash":"9e737324479e6b52e770b159c96ff962e2ca0426","isMergeCommit":true,"messageTitle":"Merge pull request #94 from kjw142857/edit-loan-command","messageBody":"Implement editloan command","fileTypesAndContributionMap":{}},{"hash":"57cfe91216f94104fee208a843bebfc8f23922da","isMergeCommit":false,"messageTitle":"Add logic to update analytics in `Model`","messageBody":"","fileTypesAndContributionMap":{"functional-code":{"insertions":45,"deletions":10}}},{"hash":"37e3593e23765ab77fc66b9af2777c8473309687","isMergeCommit":false,"messageTitle":"Implement basic GUI display logic for analytics","messageBody":"","fileTypesAndContributionMap":{"functional-code":{"insertions":3,"deletions":3}}},{"hash":"b1dfafd53df46728c753df09592559a1496f9eb9","isMergeCommit":false,"messageTitle":"Create AnalyticsPanel.java","messageBody":"","fileTypesAndContributionMap":{"functional-code":{"insertions":35,"deletions":0}}},{"hash":"76ec56a385231735b42f4f381019b65ac7b8995d","isMergeCommit":false,"messageTitle":"Create AnalyticsPanel.fxml","messageBody":"","fileTypesAndContributionMap":{"functional-code":{"insertions":9,"deletions":0}}},{"hash":"f5757c47f8473fecdda107754c1cc6b3a317ea35","isMergeCommit":false,"messageTitle":"Add analytics GUI update logic","messageBody":"","fileTypesAndContributionMap":{"functional-code":{"insertions":19,"deletions":3}}},{"hash":"227439675a2296357969f322f1bbb5a5bb17e7eb","isMergeCommit":false,"messageTitle":"Add demo GUI with piechart analytics","messageBody":"","fileTypesAndContributionMap":{"functional-code":{"insertions":26,"deletions":8}}},{"hash":"acacd47da9ae22babab8af4615f45bca3d496b95","isMergeCommit":false,"messageTitle":"Add toggle logic for analytics GUI in Model","messageBody":"","fileTypesAndContributionMap":{"functional-code":{"insertions":23,"deletions":2}}},{"hash":"2276f7c44ccbf763f8b5e2129f9fe229c29ef264","isMergeCommit":false,"messageTitle":"Implement GUI tab switching according to command","messageBody":"","fileTypesAndContributionMap":{"functional-code":{"insertions":86,"deletions":21}}},{"hash":"453a02f48014d6388f46acdddd01707e340e57df","isMergeCommit":false,"messageTitle":"Remove placeholder padding for main UI","messageBody":"","fileTypesAndContributionMap":{"functional-code":{"insertions":0,"deletions":9}}},{"hash":"f220772e5b0269a8c3a57ce1503e4eec74dfd585","isMergeCommit":false,"messageTitle":"Fix checkstyle errors","messageBody":"","fileTypesAndContributionMap":{"functional-code":{"insertions":7,"deletions":21},"test-code":{"insertions":24,"deletions":2}}},{"hash":"807e8165e6cf8266fb983e2655bd14d84d9bddf9","isMergeCommit":true,"messageTitle":"Merge branch \u0027branch-add-analytics-gui\u0027 of https://github.com/marcus-ny/tp into branch-add-analytics-gui","messageBody":"","fileTypesAndContributionMap":{}},{"hash":"f1dca1a946f301f6f08b5baed10db39cb64b04b7","isMergeCommit":false,"messageTitle":"Remove sysout print statements","messageBody":"","fileTypesAndContributionMap":{"functional-code":{"insertions":17,"deletions":9}}},{"hash":"6e4437ec6958bde546b09b0b4e06013a8f1ecc98","isMergeCommit":false,"messageTitle":"Update clear command execution to default to person view","messageBody":"","fileTypesAndContributionMap":{"functional-code":{"insertions":1,"deletions":0}}}]}],"xiaorui-ui":[{"date":"2024-03-07","commitResults":[{"hash":"f5946afe35d1d3df7f081a9deb0f5451c37f8b55","isMergeCommit":false,"messageTitle":"Update AboutUs xiaorui-ui","messageBody":"","fileTypesAndContributionMap":{"docs":{"insertions":5,"deletions":5}}},{"hash":"b518e1ed78a56bb52109d19bea651a8431376191","isMergeCommit":false,"messageTitle":"Update aboutus xiaorui","messageBody":"","fileTypesAndContributionMap":{"docs":{"insertions":1,"deletions":1}}}]},{"date":"2024-03-08","commitResults":[{"hash":"2389ee30802f03d1033152f10f00b8ca11c0778e","isMergeCommit":false,"messageTitle":"Edit product scope","messageBody":"","fileTypesAndContributionMap":{"docs":{"insertions":21,"deletions":0}}},{"hash":"bc1612b8ffd030f17572f356cebe043de6404026","isMergeCommit":false,"messageTitle":"Edit user stories","messageBody":"","fileTypesAndContributionMap":{"docs":{"insertions":19,"deletions":10}}}]},{"date":"2024-03-09","commitResults":[{"hash":"c544302568c372ea7f7215052ca58120ddf01bce","isMergeCommit":false,"messageTitle":"Update user stories","messageBody":"","fileTypesAndContributionMap":{"docs":{"insertions":3,"deletions":3}}}]},{"date":"2024-03-10","commitResults":[{"hash":"53cca3ead5949b65a88cc2c52a6ed4ddea6ece17","isMergeCommit":false,"messageTitle":"Update user stories and glossary","messageBody":"","fileTypesAndContributionMap":{"docs":{"insertions":61,"deletions":21}}}]},{"date":"2024-03-13","commitResults":[{"hash":"910c151a5d8fe18b87c8b36782fb6b1024a091e9","isMergeCommit":false,"messageTitle":"Add deleteloancommand class","messageBody":"","fileTypesAndContributionMap":{"functional-code":{"insertions":20,"deletions":9},"test-code":{"insertions":7,"deletions":0}}},{"hash":"dcdd34566c216855fc51a98c067858bc2bccfe6e","isMergeCommit":false,"messageTitle":"Create deleteloancommand parser","messageBody":"","fileTypesAndContributionMap":{"functional-code":{"insertions":106,"deletions":4},"test-code":{"insertions":6,"deletions":2}}},{"hash":"b0261693b801354c20c290df84ddd354363b7106","isMergeCommit":false,"messageTitle":"Update deleteloancommand class and its parser","messageBody":"","fileTypesAndContributionMap":{"functional-code":{"insertions":42,"deletions":11}}},{"hash":"6a571cafbcab9f7eacf8eb0dfb66d8301c6313e0","isMergeCommit":false,"messageTitle":"Fix checkstyle issues","messageBody":"","fileTypesAndContributionMap":{"functional-code":{"insertions":12,"deletions":2}}},{"hash":"f2fde353e9fe61eb0144483b7471e5bdd6be5dcb","isMergeCommit":false,"messageTitle":"Fix checkstyle issues","messageBody":"","fileTypesAndContributionMap":{"test-code":{"insertions":3,"deletions":3}}}]},{"date":"2024-03-14","commitResults":[{"hash":"2644e06ed2c979b2070adde1e471e43e00adab62","isMergeCommit":true,"messageTitle":"Merge pull request #41 from kjw142857/link-loan-command","messageBody":"Add link loan command","fileTypesAndContributionMap":{}},{"hash":"ec87e8448419dd9c968bdeb1d7d72193d0a1116c","isMergeCommit":true,"messageTitle":"Merge remote-tracking branch \u0027upstream/master\u0027 into deleteloan","messageBody":"","fileTypesAndContributionMap":{}},{"hash":"22fcc407f0ce84aad854fdb9dcbd8a520f527a5b","isMergeCommit":true,"messageTitle":"Merge pull request #45 from kjw142857/link-loan-command","messageBody":"Change \"link\" command to \"linkloan\"","fileTypesAndContributionMap":{}},{"hash":"4e572f90a6e123262221a39d26ed4363b626ab79","isMergeCommit":false,"messageTitle":"Update deleteloancommand","messageBody":"","fileTypesAndContributionMap":{"functional-code":{"insertions":36,"deletions":44},"other":{"insertions":580,"deletions":0},"test-code":{"insertions":6,"deletions":6}}},{"hash":"46c407be1be77a9ac73d606d28360289e67ae9d0","isMergeCommit":false,"messageTitle":"Delete bin directory","messageBody":"","fileTypesAndContributionMap":{"other":{"insertions":0,"deletions":580}}}]},{"date":"2024-03-15","commitResults":[{"hash":"a1feb4331e1bf25a080a0fdfe37706b0f50fc672","isMergeCommit":false,"messageTitle":"Make minor code changes","messageBody":"","fileTypesAndContributionMap":{"functional-code":{"insertions":0,"deletions":2}}},{"hash":"d6375707f4e10265dfa1563645be6ffcdbf33e17","isMergeCommit":true,"messageTitle":"Merge pull request #48 from kjw142857/delete-loan-fix-bug","messageBody":"Fix display logic errors in DeleteLoanCommand","fileTypesAndContributionMap":{}}]},{"date":"2024-03-19","commitResults":[{"hash":"e59e0da159d7a51cd48aff5837bb44edbf81c4ee","isMergeCommit":true,"messageTitle":"Merge pull request #59 from Joseph31416/improve_loan_id","messageBody":"Fixes #58 Improve loan id generation","fileTypesAndContributionMap":{}}]},{"date":"2024-03-21","commitResults":[{"hash":"5ff96efea3f2b84d3824502746dcc3814392986a","isMergeCommit":true,"messageTitle":"Merge remote-tracking branch \u0027upstream/master\u0027","messageBody":"","fileTypesAndContributionMap":{}},{"hash":"f1fc82c7112ad8bdcb9882cb22114ef53e4337a9","isMergeCommit":false,"messageTitle":"Update model and better model diagrams","messageBody":"","fileTypesAndContributionMap":{"docs":{"insertions":10,"deletions":2}}}]},{"date":"2024-03-22","commitResults":[{"hash":"fce6eb854107e8f8753e62ee8092b6326d411e4c","isMergeCommit":true,"messageTitle":"Merge pull request #68 from kjw142857/change-uml-diagrams","messageBody":"Update UML sequence diagram for linkloan command","fileTypesAndContributionMap":{}}]},{"date":"2024-03-26","commitResults":[{"hash":"6baca12ececb94b3d9f7f11257da4c5c0194ce1d","isMergeCommit":true,"messageTitle":"Merge pull request #74 from Joseph31416/update_dg_analytics","messageBody":"Fixes #73 Add Analytics class to the developer guide","fileTypesAndContributionMap":{}},{"hash":"39e9f799ef8c42fcc273c62ed9f9b045f3ae462b","isMergeCommit":true,"messageTitle":"Merge remote-tracking branch \u0027upstream/master\u0027 into update_dg_deleteloan","messageBody":"","fileTypesAndContributionMap":{}},{"hash":"047f42a8ad6d7b13ef4ff5eff310118cda438ee7","isMergeCommit":false,"messageTitle":"Update Developer Guide DeleteLoan","messageBody":"","fileTypesAndContributionMap":{"docs":{"insertions":47,"deletions":2}}},{"hash":"ddd1bd08bbf0048fc4b65f87e4f8d189ebdd9b98","isMergeCommit":false,"messageTitle":"Create DeleteLoanSequenceDiagram","messageBody":"","fileTypesAndContributionMap":{"docs":{"insertions":83,"deletions":0}}},{"hash":"8a09d407111955b872ab4eb6dde03afad6e5e67c","isMergeCommit":false,"messageTitle":"Update Developer Guide diagrams","messageBody":"","fileTypesAndContributionMap":{"docs":{"insertions":4,"deletions":0}}},{"hash":"fa0d66cac5bdc9f7e4c4f865257f92d7128a7bf0","isMergeCommit":false,"messageTitle":"Fix checkstyle issues","messageBody":"","fileTypesAndContributionMap":{"docs":{"insertions":33,"deletions":32}}}]},{"date":"2024-03-27","commitResults":[{"hash":"d8dee64b5d7699266f14b569c539023f78160121","isMergeCommit":false,"messageTitle":"Add MarkLoanCommand class","messageBody":"","fileTypesAndContributionMap":{"functional-code":{"insertions":31,"deletions":0},"test-code":{"insertions":35,"deletions":0}}},{"hash":"d4a2253a7071435916b5012045209ab2f9cea6b6","isMergeCommit":false,"messageTitle":"Add parser class for MarkLoanCommand","messageBody":"","fileTypesAndContributionMap":{"functional-code":{"insertions":63,"deletions":1},"test-code":{"insertions":4,"deletions":3}}},{"hash":"c52edde3a055820ba13b3c6913952f0aa80d8c52","isMergeCommit":false,"messageTitle":"Implement execute method of MarkLoanCommand","messageBody":"","fileTypesAndContributionMap":{"functional-code":{"insertions":75,"deletions":4},"test-code":{"insertions":5,"deletions":3}}},{"hash":"4c24aeb2818b3ea1285bbce3afbc116219d98b78","isMergeCommit":false,"messageTitle":"Add in tests for MarkLoanCommand","messageBody":"","fileTypesAndContributionMap":{"test-code":{"insertions":117,"deletions":9}}}]},{"date":"2024-03-29","commitResults":[{"hash":"0ac0a3c7945457fe5bd8ea85cfdf184fb1e86ce8","isMergeCommit":true,"messageTitle":"Merge pull request #83 from kjw142857/update-dg","messageBody":"Add details about \"linkloan\" command enhancement to Developer Guide","fileTypesAndContributionMap":{}}]}],"Joseph31416":[{"date":"2024-03-06","commitResults":[{"hash":"ae1b6859af73c81f67d6c14374c32e7f0d1455b4","isMergeCommit":false,"messageTitle":"update jospeh\u0027s AboutUs.md section","messageBody":"","fileTypesAndContributionMap":{"docs":{"insertions":3,"deletions":3}}},{"hash":"fea27c42f67a8be4e80947a6800041698dfb5cbc","isMergeCommit":true,"messageTitle":"Merge pull request #17 from kjw142857/about-us","messageBody":"Fixes #8 Jun Wei\u0027s AboutUs.md update","fileTypesAndContributionMap":{}}]},{"date":"2024-03-07","commitResults":[{"hash":"0035d59ed9018e5f0406d2ff491a7ffcfb354096","isMergeCommit":true,"messageTitle":"Merge pull request #22 from marcus-ny/branch-update-DG-usecases-and-nfrs","messageBody":"Update Use Cases and NFRs in Developer Guide","fileTypesAndContributionMap":{}},{"hash":"320fafc0b0d07970b7efc16ff68b4bebee7c6079","isMergeCommit":true,"messageTitle":"Merge pull request #20 from kjw142857/update-readme","messageBody":"Fixes #10 Edit README.md to reflect project scope","fileTypesAndContributionMap":{}},{"hash":"fc68db89ce36d2caa2b8cc3e2074d774a514a601","isMergeCommit":true,"messageTitle":"Merge pull request #25 from narwhalsilent/branch-ReadMEUi","messageBody":"Fixes #16 Update UI Mockup","fileTypesAndContributionMap":{}}]},{"date":"2024-03-10","commitResults":[{"hash":"8a5c89cf42e1d420c04523b372cb554e93071518","isMergeCommit":false,"messageTitle":"Add Loan class and LoanRecords class.","messageBody":"","fileTypesAndContributionMap":{"functional-code":{"insertions":205,"deletions":0}}},{"hash":"fa8c260404cc395f83ccae61e50defe73e4ecdee","isMergeCommit":true,"messageTitle":"Merge pull request #34 from Joseph31416/add_loan_class","messageBody":"Fixes #3 Add Loan class and LoanRecords class.","fileTypesAndContributionMap":{}},{"hash":"a78a05a6a93819e5c0d5c905ff1af6a60327d4d6","isMergeCommit":false,"messageTitle":"Revert \"Fixes #3 Add Loan class and LoanRecords class.\"","messageBody":"","fileTypesAndContributionMap":{"functional-code":{"insertions":0,"deletions":205}}},{"hash":"4559504e9cfd446a49e274f1d1d7ec90a20ea3b0","isMergeCommit":false,"messageTitle":"minor fix","messageBody":"","fileTypesAndContributionMap":{"functional-code":{"insertions":205,"deletions":0}}},{"hash":"3b6e754eb91bcb5ae4daef398e62be03258bfba9","isMergeCommit":false,"messageTitle":"update Loan equality condition","messageBody":"","fileTypesAndContributionMap":{"functional-code":{"insertions":1,"deletions":8}}},{"hash":"f0d4fb2fc7bc0c2ae5ba7e4b092fd57a71bbf8ad","isMergeCommit":false,"messageTitle":"integrate LoanRecords into Person class and storage system","messageBody":"","fileTypesAndContributionMap":{"functional-code":{"insertions":290,"deletions":41},"test-code":{"insertions":42,"deletions":10}}},{"hash":"6d8095213c407534030a249f7ca517ac075d1e03","isMergeCommit":false,"messageTitle":"fix null value handling of LoanRecords and update test cases","messageBody":"","fileTypesAndContributionMap":{"functional-code":{"insertions":23,"deletions":11}}},{"hash":"8860804c3976e05ca57a47618f44ebfd0aa7661b","isMergeCommit":false,"messageTitle":"fix checkstyle","messageBody":"","fileTypesAndContributionMap":{"test-code":{"insertions":4,"deletions":4}}}]},{"date":"2024-03-15","commitResults":[{"hash":"638843e7971732f32993137c7a72534521c4ccc5","isMergeCommit":true,"messageTitle":"Merge pull request #51 from kjw142857/improve-error-handling","messageBody":"Improve error handling","fileTypesAndContributionMap":{}}]},{"date":"2024-03-17","commitResults":[{"hash":"bae9a5d01bc409f28ceadbbdbd6c61339cda9d22","isMergeCommit":false,"messageTitle":"add isReturned field to Loan class and updated storage code to save new field","messageBody":"","fileTypesAndContributionMap":{"functional-code":{"insertions":77,"deletions":3}}},{"hash":"9e98e6c4b0e8f754d92b65f24a4291289a8ff335","isMergeCommit":false,"messageTitle":"improve Loan id generation","messageBody":"","fileTypesAndContributionMap":{"functional-code":{"insertions":28,"deletions":15},"test-code":{"insertions":1,"deletions":1}}}]},{"date":"2024-03-19","commitResults":[{"hash":"52fec0e6e6cdcdb1c2fe46816813f040e2cbd15c","isMergeCommit":false,"messageTitle":"Update src/main/java/seedu/address/model/person/Loan.java","messageBody":"Co-authored-by: marcus-ny \u003c117426083+marcus-ny@users.noreply.github.com\u003e","fileTypesAndContributionMap":{"functional-code":{"insertions":0,"deletions":1}}},{"hash":"f39cedf63d926323d39fe572a58485877a43ce53","isMergeCommit":false,"messageTitle":"Update src/main/java/seedu/address/model/person/Loan.java","messageBody":"Co-authored-by: marcus-ny \u003c117426083+marcus-ny@users.noreply.github.com\u003e","fileTypesAndContributionMap":{"functional-code":{"insertions":0,"deletions":1}}}]},{"date":"2024-03-20","commitResults":[{"hash":"62d3a2a6bd7e7cbce68c64f16f8cb6fe4d2b920d","isMergeCommit":true,"messageTitle":"Merge pull request #61 from marcus-ny/branch-add-uml-diagrams-GUI-components","messageBody":"Update UI Class Diagram","fileTypesAndContributionMap":{}},{"hash":"f4b7de47b347d296d46200ac4e4eccefb992e780","isMergeCommit":true,"messageTitle":"Merge pull request #63 from marcus-ny/branch-add-LoanReturned-status-to-GUI","messageBody":"Add Returned Status to Loan GUI components","fileTypesAndContributionMap":{}},{"hash":"d6dbbcb85e1e794804ecfa270895975e4e317571","isMergeCommit":true,"messageTitle":"Merge pull request #62 from marcus-ny/branch-enhance-GUI","messageBody":"Add target contact at the top of viewloan interface","fileTypesAndContributionMap":{}},{"hash":"1e3b136d2d432697ef9c85b36988575665f7494d","isMergeCommit":false,"messageTitle":"update storage class UML diagram","messageBody":"","fileTypesAndContributionMap":{"docs":{"insertions":4,"deletions":0}}}]},{"date":"2024-03-21","commitResults":[{"hash":"f2262c99330a4d907f270ba97ef0b50c2d7190b2","isMergeCommit":true,"messageTitle":"Merge pull request #66 from xiaorui-ui/model_diagram","messageBody":"Update Model Class UML Diagram","fileTypesAndContributionMap":{}}]},{"date":"2024-03-24","commitResults":[{"hash":"abce50c1130c3b6d65e63d64512d9340899befe6","isMergeCommit":false,"messageTitle":"Initial implementation of Analytics class","messageBody":"","fileTypesAndContributionMap":{"functional-code":{"insertions":194,"deletions":0}}},{"hash":"f51ff655314ce3bca203b4187fd961dc6c488837","isMergeCommit":false,"messageTitle":"Fix minor bug and checkstyle","messageBody":"","fileTypesAndContributionMap":{"functional-code":{"insertions":71,"deletions":13}}},{"hash":"f0da27c97ccc9fd2147b71445778216a34aea184","isMergeCommit":false,"messageTitle":"Change intermediate methods to private","messageBody":"","fileTypesAndContributionMap":{"functional-code":{"insertions":6,"deletions":5}}},{"hash":"ad7b96b47b4fac4735074e47d8d4c8869e359ff2","isMergeCommit":false,"messageTitle":"Add Analytics class to the developer guide","messageBody":"","fileTypesAndContributionMap":{"docs":{"insertions":62,"deletions":2}}},{"hash":"961d3e346793e4d798bc03d229b3b15054f200f9","isMergeCommit":false,"messageTitle":"Update gradle file to enable assertions","messageBody":"","fileTypesAndContributionMap":{"other":{"insertions":4,"deletions":0}}},{"hash":"d68397b5e8f83f7f3006a9c351503d2f47925bb0","isMergeCommit":false,"messageTitle":"Minor bug fix","messageBody":"","fileTypesAndContributionMap":{"functional-code":{"insertions":2,"deletions":4}}}]},{"date":"2024-03-27","commitResults":[{"hash":"707f7713637a4a45e03020c87df0e2bda243ebf1","isMergeCommit":true,"messageTitle":"Merge pull request #78 from xiaorui-ui/mark_loan_command","messageBody":"Mark loan command","tags":["v1.2.1"],"fileTypesAndContributionMap":{}}]},{"date":"2024-03-30","commitResults":[{"hash":"939ccb9dc9cc6768145ee1f2653be5be155f9063","isMergeCommit":true,"messageTitle":"Merge pull request #86 from marcus-ny/branch-add-analytics-command","messageBody":"Add analytics command","fileTypesAndContributionMap":{}}]},{"date":"2024-04-01","commitResults":[{"hash":"de88f128142de29d8dafe26f086b702f58658ea8","isMergeCommit":false,"messageTitle":"Loan.java: Add assert statements","messageBody":"","fileTypesAndContributionMap":{"functional-code":{"insertions":4,"deletions":0}}}]}],"kjw142857":[{"date":"2024-03-06","commitResults":[{"hash":"6c58495f0d7410c532dd4a9533b4d1e9af3660d7","isMergeCommit":false,"messageTitle":"Add developer info in AboutUs.md","messageBody":"","fileTypesAndContributionMap":{"docs":{"insertions":6,"deletions":6}}}]},{"date":"2024-03-07","commitResults":[{"hash":"1243ec8fc9b0c3c3dc65a40282b83f604c4c37a6","isMergeCommit":false,"messageTitle":"Update README.md","messageBody":"","fileTypesAndContributionMap":{"docs":{"insertions":9,"deletions":9}}},{"hash":"ad4b7d0f93d2a9ced885d29bad129fb952bdcaac","isMergeCommit":true,"messageTitle":"Merge pull request #21 from marcus-ny/branch-update-AboutUs-marcus-ny","messageBody":"Update AboutUs.md for marcus-ny","fileTypesAndContributionMap":{}},{"hash":"f36fdec8ff32dea0e9170cd5389e525d1076e192","isMergeCommit":true,"messageTitle":"Merge pull request #27 from xiaorui-ui/Aboutus-xiaorui","messageBody":"Update AboutUs xiaorui-ui","fileTypesAndContributionMap":{}}]},{"date":"2024-03-11","commitResults":[{"hash":"8b549443034e5414cd26460cc3f879dfc14bc75b","isMergeCommit":true,"messageTitle":"Merge pull request #38 from Joseph31416/Integrate_LoanRecords","messageBody":"Integrate LoanRecords with Person class and storage mechanism","fileTypesAndContributionMap":{}}]},{"date":"2024-03-14","commitResults":[{"hash":"3848473ccf59b8fb07ab4db87b45ebf4826c8745","isMergeCommit":false,"messageTitle":"Add link loan command","messageBody":"","fileTypesAndContributionMap":{"functional-code":{"insertions":339,"deletions":40},"docs":{"insertions":2,"deletions":2}}},{"hash":"5a64d1e90feadc5f1c2ef98b2a94cdff30de59a0","isMergeCommit":false,"messageTitle":"Change \"link\" command to \"linkloan\"","messageBody":"","fileTypesAndContributionMap":{"functional-code":{"insertions":1,"deletions":1}}}]},{"date":"2024-03-15","commitResults":[{"hash":"1bfc99be2ee26da912916d164c516624d53a7163","isMergeCommit":true,"messageTitle":"Merge pull request #40 from xiaorui-ui/deleteloan","messageBody":"Implement Delete Loan Command Fixes #31 and #46","fileTypesAndContributionMap":{}},{"hash":"d223905fa0969cabf12eed11dba2e2fe8c1c48b8","isMergeCommit":false,"messageTitle":"Fix display logic errors in DeleteLoanCommand","messageBody":"","fileTypesAndContributionMap":{"functional-code":{"insertions":10,"deletions":8}}},{"hash":"dfb20836d0bea4029adc7e4862a71da0bdbd80f9","isMergeCommit":false,"messageTitle":"Minor cosmetic improvements","messageBody":"","fileTypesAndContributionMap":{"functional-code":{"insertions":1,"deletions":1}}},{"hash":"728320b0f8cf02456ac56b20b56eb35cd6f4a44c","isMergeCommit":false,"messageTitle":"Improve readability of code","messageBody":"","fileTypesAndContributionMap":{"functional-code":{"insertions":3,"deletions":1}}},{"hash":"56eaf816448bf3be90217202246f71249130c991","isMergeCommit":false,"messageTitle":"Improve error handling","messageBody":"","fileTypesAndContributionMap":{"functional-code":{"insertions":47,"deletions":34}}}]},{"date":"2024-03-16","commitResults":[{"hash":"b4d85908ab56d98e0e152c7f53c60ea3b15fcc3c","isMergeCommit":true,"messageTitle":"Merge pull request #53 from marcus-ny/branch-implement-loanview-gui","messageBody":"Implement GUI for viewloan command","tags":["v1.2"],"fileTypesAndContributionMap":{}}]},{"date":"2024-03-20","commitResults":[{"hash":"4ea9d2060964cd663b6953d93bd2ca392b120a82","isMergeCommit":true,"messageTitle":"Merge pull request #64 from Joseph31416/update_storage_uml","messageBody":"update storage class UML diagram","fileTypesAndContributionMap":{}}]},{"date":"2024-03-21","commitResults":[{"hash":"ccaafe9b2738d7425574e83eff1ba5a582d067ca","isMergeCommit":false,"messageTitle":"Create PUML file for LinkLoanSequenceDiagram","messageBody":"","fileTypesAndContributionMap":{"docs":{"insertions":83,"deletions":0}}},{"hash":"cbbf0dfe9484546d2c957007c4fcd1607042d359","isMergeCommit":false,"messageTitle":"Fix methods for ParserUtil","messageBody":"","fileTypesAndContributionMap":{"docs":{"insertions":2,"deletions":2}}}]},{"date":"2024-03-28","commitResults":[{"hash":"a84d7c749959e259f2869d057328f1b88330515a","isMergeCommit":true,"messageTitle":"Merge pull request #77 from marcus-ny/branch-add-loan-view-gui-details-to-DG","messageBody":"Update DG with implementation details for loan view GUI","fileTypesAndContributionMap":{}},{"hash":"b95a0f22eca65b67370a8939a0bb59acf324fab4","isMergeCommit":true,"messageTitle":"Merge pull request #80 from narwhalsilent/branch-DGupdate","messageBody":"Add content about ViewLoanCommand to DG","fileTypesAndContributionMap":{}}]},{"date":"2024-03-29","commitResults":[{"hash":"1067ca49c20da9de3bfb369e28087fe891cb4e31","isMergeCommit":false,"messageTitle":"Update DeveloperGuide.md","messageBody":"","fileTypesAndContributionMap":{"docs":{"insertions":50,"deletions":0}}}]},{"date":"2024-04-01","commitResults":[{"hash":"4d7a156ee9bf60ef32d6c8552fe422a3ca444a33","isMergeCommit":true,"messageTitle":"Merge pull request #88 from Joseph31416/add_assert","messageBody":"Loan.java: Add assert statements","fileTypesAndContributionMap":{}}]},{"date":"2024-04-02","commitResults":[{"hash":"96c06ab002ef470909c6b57be1b9517c9233c4b1","isMergeCommit":false,"messageTitle":"Implement editloan command","messageBody":"","fileTypesAndContributionMap":{"functional-code":{"insertions":312,"deletions":8},"test-code":{"insertions":1,"deletions":1}}},{"hash":"43cca4b668902d54a6e7f32e4fe16992ea15c320","isMergeCommit":false,"messageTitle":"Update typo in documentation","messageBody":"","fileTypesAndContributionMap":{"functional-code":{"insertions":1,"deletions":1}}},{"hash":"c973157276985ca16b7ded45e2fe594128e78c99","isMergeCommit":true,"messageTitle":"Merge branch \u0027master\u0027 into edit-loan-command","messageBody":"","fileTypesAndContributionMap":{}},{"hash":"9e01d6e1f7026074192bc9af655467ce26e18946","isMergeCommit":true,"messageTitle":"Merge pull request #95 from marcus-ny/branch-add-analytics-gui","messageBody":"Implement Analytics GUI (Tab switching)","fileTypesAndContributionMap":{}}]}],"narwhalsilent":[{"date":"2024-03-06","commitResults":[{"hash":"319b2ff3f2a0368ef1ffc897aaa2972b6392a01a","isMergeCommit":true,"messageTitle":"Merge pull request #14 from Joseph31416/update_joseph_about_us","messageBody":"fixes #5 Tze Tzun\u0027s AboutUs.md update","fileTypesAndContributionMap":{}}]},{"date":"2024-03-07","commitResults":[{"hash":"1decddfade9a6cb0fa0e2eecb4f689dc6c099065","isMergeCommit":true,"messageTitle":"Merge remote-tracking branch \u0027upstream/master\u0027 into branch-ReadMEUi","messageBody":"","fileTypesAndContributionMap":{}},{"hash":"2ab4f18be1b172d61a49af6b26d7d5dba6233630","isMergeCommit":false,"messageTitle":"Update AboutUs to include Junwu","messageBody":"","fileTypesAndContributionMap":{"docs":{"insertions":5,"deletions":5}}}]},{"date":"2024-03-13","commitResults":[{"hash":"d95e37ab0032b219f6664fb336197559c507bea6","isMergeCommit":false,"messageTitle":"Add viewLoan Command","messageBody":"`LoanRecords` pulled in `ViewLoanCommand.execute()` with success message shown, but no UI yet.\nStill need GUI integration possibly with a method similar to `updateFilteredPersonList()`.\n","fileTypesAndContributionMap":{"functional-code":{"insertions":103,"deletions":9}}},{"hash":"3c940ab9efe4ff90153968bcb201e1ad8e26185c","isMergeCommit":false,"messageTitle":"Add LoanCard","messageBody":"LoanCard is similar to PersonCard as a pane for showing a loan.\n","fileTypesAndContributionMap":{"functional-code":{"insertions":80,"deletions":0}}}]},{"date":"2024-03-14","commitResults":[{"hash":"9568dc27cf54dac4fc38355e9468420e7e54a588","isMergeCommit":true,"messageTitle":"Merge remote-tracking branch \u0027upstream/master\u0027 into branch-viewLoanCommand","messageBody":"","fileTypesAndContributionMap":{}},{"hash":"5f9c9d4f1f988f9ff3b530e704c273add5072b32","isMergeCommit":false,"messageTitle":"Minor formatting change","messageBody":"","fileTypesAndContributionMap":{"functional-code":{"insertions":11,"deletions":17}}}]},{"date":"2024-03-15","commitResults":[{"hash":"aa69370f0ae47a1833e271c8b85896d9ade8bb9e","isMergeCommit":false,"messageTitle":"Conform to checkstyle conventions","messageBody":"","fileTypesAndContributionMap":{"functional-code":{"insertions":11,"deletions":1}}},{"hash":"d3e3e982bc9a70bcfaa61ef77d1e593731e0c0ec","isMergeCommit":true,"messageTitle":"Merge remote-tracking branch \u0027upstream/master\u0027 into branch-viewLoanCommand","messageBody":"","fileTypesAndContributionMap":{}}]},{"date":"2024-03-22","commitResults":[{"hash":"971e3232fc33519ed04907872ec0562f811cb952","isMergeCommit":false,"messageTitle":"Add viewloan sequence diagram","messageBody":"Method currently violates Law of Demeter. Revision of the method may be necessary, in which case this diagram will need to be updated.\n\nFixes #69.\n","fileTypesAndContributionMap":{"functional-code":{"insertions":0,"deletions":1},"docs":{"insertions":97,"deletions":0}}},{"hash":"a9c95d2ffdb8047cac11f9479795a7591b67881b","isMergeCommit":false,"messageTitle":"Update ViewLoanSequenceDiagram.puml","messageBody":"Conform to coding standards\n","fileTypesAndContributionMap":{"docs":{"insertions":1,"deletions":1}}}]},{"date":"2024-03-24","commitResults":[{"hash":"ccf4da68511a96f3e05a122e619cde3e4ddaf197","isMergeCommit":true,"messageTitle":"Merge pull request #72 from Joseph31416/implement_analytics","messageBody":"Fixes #71 Implement Analytics class","fileTypesAndContributionMap":{}}]},{"date":"2024-03-28","commitResults":[{"hash":"ed52e92ce3dd5e776fb27dfda4218ac6703a511b","isMergeCommit":false,"messageTitle":"Add content about ViewLoanCommand to DG","messageBody":"","fileTypesAndContributionMap":{"docs":{"insertions":46,"deletions":0}}},{"hash":"188ebeef01dc3d46b1109ca2f0baf070b524ff97","isMergeCommit":false,"messageTitle":"Add navigation of person to loan","messageBody":"Currently results in infinite recursion due to storage.\n","fileTypesAndContributionMap":{"functional-code":{"insertions":42,"deletions":25}}},{"hash":"e29ba038cd1a7945904be9c96cd8fc68eae459db","isMergeCommit":false,"messageTitle":"Refactor LoanRecords to UniqueLoanList","messageBody":"","fileTypesAndContributionMap":{"functional-code":{"insertions":264,"deletions":194},"other":{"insertions":99,"deletions":40},"docs":{"insertions":1,"deletions":1},"test-code":{"insertions":26,"deletions":38}}},{"hash":"2bde2d8c98b1d0ad3e3c6c5194885f29b3ebfb84","isMergeCommit":false,"messageTitle":"Implement the command to view all loans","messageBody":"","fileTypesAndContributionMap":{"functional-code":{"insertions":32,"deletions":14}}},{"hash":"a0962535760643a78cd68be0772faef7c33d1c0b","isMergeCommit":false,"messageTitle":"Implement ordering of loans","messageBody":"Loans are now sorted by return date. Loans with earlier return dates are shown higher.\n","fileTypesAndContributionMap":{"functional-code":{"insertions":9,"deletions":5}}},{"hash":"c291d400d0da61658c63a3182802ee7146426699","isMergeCommit":false,"messageTitle":"Change formats of loan related commands","messageBody":"","fileTypesAndContributionMap":{"functional-code":{"insertions":4,"deletions":10}}},{"hash":"5870c75d0ac730cde1a1ea4a3201721fe2a33609","isMergeCommit":false,"messageTitle":"Add active condition to viewloan","messageBody":"","fileTypesAndContributionMap":{"functional-code":{"insertions":1,"deletions":1}}},{"hash":"33efab7ddbb8cead62dad06eabaf7bdeba18a469","isMergeCommit":false,"messageTitle":"Conform to checkstyle","messageBody":"","fileTypesAndContributionMap":{"functional-code":{"insertions":46,"deletions":45},"test-code":{"insertions":60,"deletions":76}}}]},{"date":"2024-03-29","commitResults":[{"hash":"5d5da3ab2a71585dd938f5f599fd2e27cd4256af","isMergeCommit":false,"messageTitle":"Fix bugs with the view of loans","messageBody":"","fileTypesAndContributionMap":{"functional-code":{"insertions":17,"deletions":3}}},{"hash":"6e17a24cae338aac558a40605831b0d27efab639","isMergeCommit":false,"messageTitle":"Conform to checkstyle","messageBody":"","fileTypesAndContributionMap":{"functional-code":{"insertions":1,"deletions":1}}}]},{"date":"2024-03-31","commitResults":[{"hash":"8c3b0e4fb572df2f18d79d3532b86e1954018255","isMergeCommit":false,"messageTitle":"Fix bugs of delete and edit commands","messageBody":"","fileTypesAndContributionMap":{"functional-code":{"insertions":25,"deletions":0}}},{"hash":"a2dd92a02b6ea123533cee90b2249879c4e9453f","isMergeCommit":false,"messageTitle":"Conform to checkstyle","messageBody":"","fileTypesAndContributionMap":{"functional-code":{"insertions":7,"deletions":1}}}]},{"date":"2024-04-01","commitResults":[{"hash":"9dec72dfe8fc486498dfaae0f27ae57969e51480","isMergeCommit":false,"messageTitle":"Add new flag for viewloan and merge viewloan and viewloans","messageBody":"","fileTypesAndContributionMap":{"functional-code":{"insertions":56,"deletions":15}}},{"hash":"fb7601f6b660c06debbe4c5c4f87d96a353818b2","isMergeCommit":false,"messageTitle":"Conform to checkstyle","messageBody":"","fileTypesAndContributionMap":{"functional-code":{"insertions":15,"deletions":6}}}]}]},"authorFileTypeContributionMap":{"marcus-ny":{"docs":268,"functional-code":514,"test-code":50},"xiaorui-ui":{"docs":224,"functional-code":205,"test-code":111},"Joseph31416":{"docs":67,"functional-code":654,"test-code":9,"other":4},"kjw142857":{"docs":149,"functional-code":651,"test-code":1},"narwhalsilent":{"docs":148,"functional-code":668,"test-code":71,"other":12}},"authorContributionVariance":{"marcus-ny":20250.004,"xiaorui-ui":41778.62,"Joseph31416":29689.291,"kjw142857":6267.5967,"narwhalsilent":29017.615},"authorDisplayNameMap":{"marcus-ny":"CS2103T-W13-1 KYAL..THET","xiaorui-ui":"CS2103T-W13-1 ZHAN..ORUI","Joseph31416":"CS2103T-W13-1 TEOH..TZUN","kjw142857":"CS2103T-W13-1 KHOR.. WEI","narwhalsilent":"CS2103T-W13-1 WANG..UNWU"}}
