{"authorDailyContributionsMap":{"agreatdayy":[{"date":"2024-02-23","commitResults":[{"hash":"9f1a768a9e2e216bf71bac6ebf5cc41dfbd72805","isMergeCommit":false,"messageTitle":"Update README.md","messageBody":"Add codecov badge","fileTypesAndContributionMap":{"docs":{"insertions":2,"deletions":0}}}]},{"date":"2024-03-06","commitResults":[{"hash":"588eaab92d71473568ca6d4101ee3c3f597e5ce6","isMergeCommit":false,"messageTitle":"Update AboutUs.md","messageBody":"Change project member names","fileTypesAndContributionMap":{"docs":{"insertions":4,"deletions":4}}},{"hash":"88b201c384215cb64c537b9054ee6538f29be751","isMergeCommit":false,"messageTitle":"AboutUs.md: Update Xin Yuan\u0027s info","messageBody":"","fileTypesAndContributionMap":{"docs":{"insertions":2,"deletions":12}}},{"hash":"3d40151fde0eb3b09530f20311019f45f2149608","isMergeCommit":false,"messageTitle":"AboutUs.md: Update XY\u0027s github and portfolio","messageBody":"","fileTypesAndContributionMap":{"docs":{"insertions":2,"deletions":2}}},{"hash":"49f14c8c7532937ece212c3b9207654c43d55e66","isMergeCommit":false,"messageTitle":"Add xinyuan.md","messageBody":"","fileTypesAndContributionMap":{"docs":{"insertions":38,"deletions":0}}},{"hash":"f78f26f647c0a7f32e9cd07e8146546784094a91","isMergeCommit":true,"messageTitle":"Merge pull request #8 from agreatdayy/master","messageBody":"Add xinyuan.md","fileTypesAndContributionMap":{}},{"hash":"07e1e135526ef913ebee04a08addc5a191d9538f","isMergeCommit":false,"messageTitle":"AboutUs.md: Update XY\u0027s photo","messageBody":"","fileTypesAndContributionMap":{"docs":{"insertions":1,"deletions":1}}},{"hash":"a538ed2003f6c58d1b191c5f02e612cee6cd036f","isMergeCommit":true,"messageTitle":"Merge pull request #13 from agreatdayy/master","messageBody":"AboutUs.md: Update XY\u0027s photo","fileTypesAndContributionMap":{}},{"hash":"42a1146949f3b56c2dc2543ec2434e08d8a05bf9","isMergeCommit":false,"messageTitle":"Update README.md","messageBody":"","fileTypesAndContributionMap":{"docs":{"insertions":3,"deletions":3}}},{"hash":"7e05304554f51862cb21fb75c5c28535ab377a13","isMergeCommit":false,"messageTitle":"Update README.md","messageBody":"","fileTypesAndContributionMap":{"docs":{"insertions":1,"deletions":1}}},{"hash":"50bdeb3fda5c74d64181044e19752c4a317d04d4","isMergeCommit":false,"messageTitle":"README.md: Fix UI photo","messageBody":"","fileTypesAndContributionMap":{"docs":{"insertions":1,"deletions":1}}},{"hash":"5028c0ce33be4f2c4f2a9e6c2378714c68a168af","isMergeCommit":false,"messageTitle":"README.md: Update link to project website","messageBody":"","fileTypesAndContributionMap":{"docs":{"insertions":1,"deletions":1}}},{"hash":"2a61cde57ea47450174c6b82e5428e762bcd7390","isMergeCommit":true,"messageTitle":"Merge pull request #14 from agreatdayy/master","messageBody":"Update README.md","fileTypesAndContributionMap":{}}]},{"date":"2024-03-07","commitResults":[{"hash":"e43a7e87b27dd3a847fa003563a1be729e50513a","isMergeCommit":false,"messageTitle":"README.md: Acknowledge original source of code","messageBody":"","fileTypesAndContributionMap":{"docs":{"insertions":1,"deletions":1}}},{"hash":"581666a0fcb709919af03df7d42251f8ca4b840f","isMergeCommit":true,"messageTitle":"Merge pull request #15 from agreatdayy/master","messageBody":"Update site-wide settings","fileTypesAndContributionMap":{}},{"hash":"e25f12e9c29105f3d961d34f57ae4d23db5e5391","isMergeCommit":false,"messageTitle":"xinyuan.md: Update contents","messageBody":"","fileTypesAndContributionMap":{"docs":{"insertions":7,"deletions":11}}},{"hash":"c28add549515a8535c060a1b6d91d63fb3ce0bcf","isMergeCommit":false,"messageTitle":"README.md: Update GitHub Actions build status badge","messageBody":"","fileTypesAndContributionMap":{"docs":{"insertions":1,"deletions":1}}},{"hash":"82eee209e3da3103460bcf7216a81bc3af463ec1","isMergeCommit":false,"messageTitle":"Update README.md","messageBody":"","fileTypesAndContributionMap":{"docs":{"insertions":3,"deletions":3}}},{"hash":"7fb75c69d798797ee63c869eeacd2c3419cfe5d5","isMergeCommit":true,"messageTitle":"Merge pull request #16 from agreatdayy/master","messageBody":"Update README.md ","fileTypesAndContributionMap":{}},{"hash":"c58719b023011b56b56d1494ee08ff8afcca45b9","isMergeCommit":false,"messageTitle":"Update index.md","messageBody":"","fileTypesAndContributionMap":{"docs":{"insertions":7,"deletions":6}}},{"hash":"7f7652f7ac9c166fe9fe7e3c23bfa934cd0f177e","isMergeCommit":false,"messageTitle":"Update index.md","messageBody":"","fileTypesAndContributionMap":{"docs":{"insertions":1,"deletions":1}}},{"hash":"4c34c66bd3bbc1ab6fae57e5be84f67241fa40bf","isMergeCommit":false,"messageTitle":"index.md: Fix UI image","messageBody":"","fileTypesAndContributionMap":{"docs":{"insertions":1,"deletions":1}}},{"hash":"8fe54d3a6a584870cb62fc8c3fa48c9f5906d8c9","isMergeCommit":true,"messageTitle":"Merge pull request #17 from agreatdayy/master","messageBody":"Update project website front page","fileTypesAndContributionMap":{}}]},{"date":"2024-03-11","commitResults":[{"hash":"16ff2fe2611a6cfeafa63225052dd38e73199509","isMergeCommit":false,"messageTitle":"Aboutus.md: fix carsten and tarin\u0027s image","messageBody":"","fileTypesAndContributionMap":{"docs":{"insertions":4,"deletions":4}}},{"hash":"1c21284a0903fd4cf873987317e31c7c0fc3b986","isMergeCommit":false,"messageTitle":"Fix code to pass checkstyle","messageBody":"","fileTypesAndContributionMap":{"functional-code":{"insertions":24,"deletions":24},"docs":{"insertions":46,"deletions":0}}},{"hash":"8b687dab64e7b9193c9522c83dedd53efb089b6f","isMergeCommit":true,"messageTitle":"Merge pull request #1 from agreatdayy/master","messageBody":"Fix code to pass checkstyle","fileTypesAndContributionMap":{}},{"hash":"7a4dd02344fe4b8ace8e2f8aab8c6181ae4ed3bc","isMergeCommit":false,"messageTitle":"Fix import order","messageBody":"","fileTypesAndContributionMap":{"functional-code":{"insertions":2,"deletions":2}}},{"hash":"8c87944e102335038fe08db10d0151dfd19affda","isMergeCommit":true,"messageTitle":"Fix import order","messageBody":"","fileTypesAndContributionMap":{}},{"hash":"4fff740c581a464b39118f3436638d92dfe50d7b","isMergeCommit":false,"messageTitle":"Logic.java: fix import error","messageBody":"","fileTypesAndContributionMap":{"functional-code":{"insertions":0,"deletions":4}}},{"hash":"505801ef3ca2a900d07569c698f96e69bd5dea53","isMergeCommit":false,"messageTitle":"Logic.java: fix import error #2","messageBody":"","fileTypesAndContributionMap":{"functional-code":{"insertions":1,"deletions":1}}},{"hash":"08d1edb24ae96bdfbdea20ebc4b82b78d27879bf","isMergeCommit":false,"messageTitle":"Logic.java: fix import error #3","messageBody":"","fileTypesAndContributionMap":{"functional-code":{"insertions":1,"deletions":1}}},{"hash":"482c9a6cc5213338969e1591961f1c0776643c18","isMergeCommit":false,"messageTitle":"Update image names to github username","messageBody":"","fileTypesAndContributionMap":{"other":{"insertions":1,"deletions":1},"docs":{"insertions":4,"deletions":4},"test-code":{"insertions":362,"deletions":204}}},{"hash":"97835525c06bc077fece2cd5cb0018afa6e84f54","isMergeCommit":false,"messageTitle":"UIPartTest.java: Fix refactoring problem","messageBody":"","fileTypesAndContributionMap":{"test-code":{"insertions":1,"deletions":1}}},{"hash":"5c1e911d607d7d3f082e73bbfe301eb9676390f3","isMergeCommit":true,"messageTitle":"Merge pull request #23 from agreatdayy/AboutUs-images","messageBody":"Aboutus.md: fix carsten and tarin\u0027s image","fileTypesAndContributionMap":{}}]},{"date":"2024-03-12","commitResults":[{"hash":"dda668b5498c231fd4f91cc8ed86dbdf19d93f24","isMergeCommit":false,"messageTitle":"Small fix: README layout","messageBody":"","fileTypesAndContributionMap":{"docs":{"insertions":2,"deletions":2}}},{"hash":"f50b8c74545762040cc1a785da31eaf68375b5a4","isMergeCommit":true,"messageTitle":"Merge pull request #24 from agreatdayy/wrap-milestone-v1.1","messageBody":"Wrap milestone v1.1","tags":["v1.1"],"fileTypesAndContributionMap":{}},{"hash":"4976c0ca214f0063d6a65f0d1a02f2a02b9fb68e","isMergeCommit":false,"messageTitle":"Update xinyuan.md","messageBody":"","fileTypesAndContributionMap":{"docs":{"insertions":1,"deletions":1}}},{"hash":"ea340e99ab5202e562b41805a88631f6ba6f6c42","isMergeCommit":true,"messageTitle":"Merge pull request #25 from AY2324S2-CS2103T-F12-3/tutorial-adding-command","messageBody":"Update xinyuan.md","fileTypesAndContributionMap":{}}]}],"Wyrkx":[{"date":"2024-02-24","commitResults":[{"hash":"ee1e19c316aeb35a7fcd63137c65de97f11bcf8b","isMergeCommit":true,"messageTitle":"Merge pull request #1 from agreatdayy/patch-1","messageBody":"Update README.md","fileTypesAndContributionMap":{}}]},{"date":"2024-03-06","commitResults":[{"hash":"f4eb09bc2a70b18464e8b58b541c2cdf130fea7f","isMergeCommit":true,"messageTitle":"Merge pull request #7 from agreatdayy/master","messageBody":"Update AboutUs.md Test","fileTypesAndContributionMap":{}}]},{"date":"2024-03-07","commitResults":[{"hash":"0299eebc67a1ac72a8efdc8ac4d69f3bfff2cd2d","isMergeCommit":false,"messageTitle":"Update AboutUs.md","messageBody":"","fileTypesAndContributionMap":{"docs":{"insertions":37,"deletions":4}}},{"hash":"ce3e63eb43c698b577c0274c95e43b21c46d20af","isMergeCommit":true,"messageTitle":"Merge pull request #20 from Wyrkx/master","messageBody":"Update AboutUs.md","fileTypesAndContributionMap":{}}]},{"date":"2024-03-09","commitResults":[{"hash":"b436614f242e5f63c2e59b71cff201b5ce51dca4","isMergeCommit":false,"messageTitle":"Cleanup docs","messageBody":"","fileTypesAndContributionMap":{"docs":{"insertions":11,"deletions":11}}},{"hash":"e88c4a9102cdfb597c68db210c2b2af29401909e","isMergeCommit":true,"messageTitle":"Merge pull request #21 from Wyrkx/master","messageBody":"Cleanup docs","fileTypesAndContributionMap":{}}]},{"date":"2024-03-11","commitResults":[{"hash":"0f09475fed2d5505740a614df0a0a54be44051ac","isMergeCommit":false,"messageTitle":"Refactored packages","messageBody":"","fileTypesAndContributionMap":{"other":{"insertions":898,"deletions":891},"test-code":{"insertions":644,"deletions":717}}},{"hash":"b517f0dc1f3007967c25a246827b2e7fcb6e44a4","isMergeCommit":true,"messageTitle":"Merge pull request #22 from Wyrkx/master","messageBody":"Refactored packages","fileTypesAndContributionMap":{}}]}],"TarinPairor":[{"date":"2024-03-06","commitResults":[{"hash":"6b52012a39b39e20f52548f887552c4b2ba728af","isMergeCommit":false,"messageTitle":"AboutUs.md Update Tarin\u0027s info","messageBody":"","fileTypesAndContributionMap":{"docs":{"insertions":9,"deletions":11}}}]},{"date":"2024-03-11","commitResults":[{"hash":"ed545568bf8657ef78600adfe47409c5b552afbf","isMergeCommit":false,"messageTitle":"Change Tarin image width","messageBody":"","fileTypesAndContributionMap":{"docs":{"insertions":1,"deletions":1}}}]},{"date":"2024-03-12","commitResults":[{"hash":"86fa211978e00091ea3bc27be7547750ec60efa4","isMergeCommit":false,"messageTitle":"Update tarinpairor.md","messageBody":"","fileTypesAndContributionMap":{"docs":{"insertions":17,"deletions":30}}},{"hash":"94b76c855a670f015f634de05cb13334cd47a80a","isMergeCommit":true,"messageTitle":"Merge pull request #26 from AY2324S2-CS2103T-F12-3/branch-change-tarin.md","messageBody":"Update tarinpairor.md","fileTypesAndContributionMap":{}}]}],"tamagochuuu":[{"date":"2024-03-06","commitResults":[{"hash":"983dad91cc06feb3f47c2466a8c605a924e04ae2","isMergeCommit":true,"messageTitle":"Merge pull request #1 from AY2324S2-CS2103T-F12-3/master","messageBody":"Updating my fork","fileTypesAndContributionMap":{}}]},{"date":"2024-03-07","commitResults":[{"hash":"bad12b2fa08d2ef25015fbbcfc7434503d7a2b40","isMergeCommit":false,"messageTitle":"Update the DG","messageBody":"","fileTypesAndContributionMap":{"docs":{"insertions":225,"deletions":30}}},{"hash":"60f87c37998d924a801b1c959735710fd5fcace7","isMergeCommit":true,"messageTitle":"Merge pull request #2 from tamagochuuu/update-dg","messageBody":"Update the DG","fileTypesAndContributionMap":{}},{"hash":"2ef7fcdabdfe11830181a43cc1fef0e27fc5de5e","isMergeCommit":true,"messageTitle":"Merge pull request #18 from tamagochuuu/master","messageBody":"Update the DG","fileTypesAndContributionMap":{}},{"hash":"2e49212be9583f6a53f9724cd0a9eb44ed91d7e2","isMergeCommit":true,"messageTitle":"Merge pull request #3 from AY2324S2-CS2103T-F12-3/master","messageBody":"Update my fork","fileTypesAndContributionMap":{}},{"hash":"15cafe52bbee868caaebaa8801fd39d781b91f4b","isMergeCommit":false,"messageTitle":"Update AboutUs","messageBody":"","fileTypesAndContributionMap":{"docs":{"insertions":44,"deletions":11}}},{"hash":"41659b97c46e6f6fcbea0492c9ad3e1eafdb07b1","isMergeCommit":true,"messageTitle":"Merge pull request #4 from tamagochuuu/update-aboutUs","messageBody":"Update AboutUs","fileTypesAndContributionMap":{}},{"hash":"a3eaece9950c3fb5ba8b20fc21dddf8dcaaaf684","isMergeCommit":true,"messageTitle":"Merge pull request #19 from tamagochuuu/master","messageBody":"Update AboutUs","fileTypesAndContributionMap":{}}]}]},"authorFileTypeContributionMap":{"agreatdayy":{"docs":72,"functional-code":26,"test-code":352,"other":1},"Wyrkx":{"docs":39,"functional-code":337,"test-code":998},"TarinPairor":{"docs":22,"functional-code":0,"test-code":0},"tamagochuuu":{"docs":258,"functional-code":0,"test-code":0}},"authorContributionVariance":{"agreatdayy":23756.006,"Wyrkx":493754.22,"TarinPairor":124.337944,"tamagochuuu":4791.689},"authorDisplayNameMap":{"agreatdayy":"CS2103T-F12-3 LEE ..YUAN","Wyrkx":"CS2103T-F12-3 CARS..E NG","TarinPairor":"CS2103T-F12-3 PAIR..ARIN","tamagochuuu":"CS2103T-F12-3 TEE .. JIE"}}
