{"authorDailyContributionsMap":{"PyromancerBoom":[{"date":"2024-03-07","commitResults":[{"hash":"19f9e9863144539586056db10a9b2249a48e2270","isMergeCommit":false,"messageTitle":"Add acknowledgment for source code","messageBody":"","fileTypesAndContributionMap":{"docs":{"insertions":13,"deletions":9}}},{"hash":"7b3e29e6ff289ae3ab5d2aba444b6323faaaa1f4","isMergeCommit":true,"messageTitle":"Merge pull request #9 from PyromancerBoom/master","messageBody":"Add acknowledgment for source code","fileTypesAndContributionMap":{}},{"hash":"110c01b5060e26d268ef6cf77aee825522dfba0a","isMergeCommit":false,"messageTitle":"Update CI status","messageBody":"","fileTypesAndContributionMap":{"docs":{"insertions":1,"deletions":1}}},{"hash":"f7c4b8e6498203238ffc82fbc0581b94354adc8b","isMergeCommit":true,"messageTitle":"Merge branch \u0027AY2324S2-CS2103T-T17-2:master\u0027 into master","messageBody":"","fileTypesAndContributionMap":{}},{"hash":"ac89d6728390fb3e5fdfc29e0040dee2637aa15f","isMergeCommit":true,"messageTitle":"Merge pull request #10 from PyromancerBoom/master","messageBody":"Update CI status in the README","fileTypesAndContributionMap":{}},{"hash":"946582bda2ccd0a213dd43147461d8b1f8f3bc45","isMergeCommit":false,"messageTitle":"Fix CI status badge","messageBody":"","fileTypesAndContributionMap":{"docs":{"insertions":1,"deletions":1}}},{"hash":"7dbd4dadb5b49c8eca1f30bdea485d5e9e7f22bb","isMergeCommit":true,"messageTitle":"Merge branch \u0027master\u0027 of https://github.com/PyromancerBoom/tp","messageBody":"","fileTypesAndContributionMap":{}},{"hash":"1489ac8e8ef132e3960a4e1b3e6b953ea75b9f3a","isMergeCommit":true,"messageTitle":"Merge branch \u0027master\u0027 of https://github.com/PyromancerBoom/tp","messageBody":"","fileTypesAndContributionMap":{}},{"hash":"f4f41301a4fb2455358af84b105671e70025db88","isMergeCommit":true,"messageTitle":"Merge pull request #11 from PyromancerBoom/master","messageBody":"Fix status badge in readme","fileTypesAndContributionMap":{}},{"hash":"c7bdfbbdfb96ef786c95fd7d6339aeb9d590d5b0","isMergeCommit":false,"messageTitle":"update readme","messageBody":"","fileTypesAndContributionMap":{"docs":{"insertions":29,"deletions":10}}},{"hash":"3c48d5cba27b83c4a274e4d4fb1a3ec5d4b753a7","isMergeCommit":true,"messageTitle":"Merge pull request #15 from shayaansultan/branch-developer-guide-glossary","messageBody":"Update glossary in developer guide with important terms and definitions","fileTypesAndContributionMap":{}},{"hash":"a3093265c08df7dbcedaf11b04ee0d6e11e98144","isMergeCommit":false,"messageTitle":"Add developer info","messageBody":"","fileTypesAndContributionMap":{"docs":{"insertions":36,"deletions":37}}},{"hash":"d90f8f3a36f8d2b7b777eb073dcbdcb64aade46d","isMergeCommit":false,"messageTitle":"Add non-functional requirements","messageBody":"","fileTypesAndContributionMap":{"docs":{"insertions":100,"deletions":83}}},{"hash":"c862790fb021c004b92a484110572469a0c0e5b3","isMergeCommit":true,"messageTitle":"Merge branch \u0027nonfuncreq\u0027 of https://github.com/PyromancerBoom/tp into nonfuncreq","messageBody":"","fileTypesAndContributionMap":{}}]},{"date":"2024-03-08","commitResults":[{"hash":"e01451b3375bc218d5bcc9934cba289282e127dd","isMergeCommit":false,"messageTitle":"Update username in documentation","messageBody":"","fileTypesAndContributionMap":{"docs":{"insertions":2,"deletions":3}}},{"hash":"5e16c9ba3b0a8921265a9e72b4dc40aa6e119bf8","isMergeCommit":true,"messageTitle":"Merge pull request #27 from PyromancerBoom/master","messageBody":"Update username in documentation","fileTypesAndContributionMap":{}}]},{"date":"2024-03-18","commitResults":[{"hash":"179adda21aee7e9eff18df4332599695074735e9","isMergeCommit":false,"messageTitle":"Implement Unique ID feature","messageBody":"","fileTypesAndContributionMap":{"functional-code":{"insertions":205,"deletions":42}}},{"hash":"f53f51d14d7b5499018f31c8837a3df23dffa9ff","isMergeCommit":false,"messageTitle":"Rewrite UniqueId Obj","messageBody":"","fileTypesAndContributionMap":{"functional-code":{"insertions":85,"deletions":30}}},{"hash":"cecfe87565313410cab07ee7a9ba9ad7d54520c5","isMergeCommit":false,"messageTitle":"Fix UniqueID","messageBody":"","fileTypesAndContributionMap":{"functional-code":{"insertions":45,"deletions":6},"test-code":{"insertions":28,"deletions":26}}}]},{"date":"2024-03-19","commitResults":[{"hash":"6e96af8371b43a406bca2cec95dbc611a193d0db","isMergeCommit":false,"messageTitle":"Working Code","messageBody":"","fileTypesAndContributionMap":{"functional-code":{"insertions":128,"deletions":68}}},{"hash":"64c417f8749108f460d91919529349ee7752dcc0","isMergeCommit":false,"messageTitle":"Refactor and clean up code","messageBody":"","fileTypesAndContributionMap":{"functional-code":{"insertions":16,"deletions":123}}},{"hash":"9891a04a91fdd5881655222f53d7f6de2535c35c","isMergeCommit":false,"messageTitle":"Add uniqueID validation  and fix checkstyle issues","messageBody":"","fileTypesAndContributionMap":{"functional-code":{"insertions":73,"deletions":35},"test-code":{"insertions":29,"deletions":7}}},{"hash":"2f722c1a342c6f2ad182c14092910844cc70793a","isMergeCommit":false,"messageTitle":"Fix Serialisation Bug","messageBody":"","fileTypesAndContributionMap":{"functional-code":{"insertions":1,"deletions":2}}}]},{"date":"2024-03-20","commitResults":[{"hash":"1575aa40eeb9197c72b15a3b82c2a865545e0cc9","isMergeCommit":false,"messageTitle":"Resolve Json adapted employee testcase","messageBody":"","fileTypesAndContributionMap":{"functional-code":{"insertions":7,"deletions":6},"test-code":{"insertions":75,"deletions":62}}},{"hash":"cc9e65154be0f9c4869a9c32f8e682cb32fd4160","isMergeCommit":false,"messageTitle":"Update Json serialisation testcase","messageBody":"","fileTypesAndContributionMap":{"functional-code":{"insertions":1,"deletions":1}}},{"hash":"9f7755ce73526f1546058ddf5dc79f03f5a5a310","isMergeCommit":false,"messageTitle":"Update Uid toString format","messageBody":"","fileTypesAndContributionMap":{"functional-code":{"insertions":8,"deletions":5},"test-code":{"insertions":2,"deletions":2}}}]},{"date":"2024-03-21","commitResults":[{"hash":"98c7038f5ffc9115c8fa3fa9240f916733d62ff9","isMergeCommit":true,"messageTitle":"Merge pull request #43 from hjungwoo01/fix-tests-uuid","messageBody":"Fix failing test classes.","fileTypesAndContributionMap":{}},{"hash":"b3c2dfa8163b8f32bc79d189441a994e70fdd429","isMergeCommit":false,"messageTitle":"Update LogicManager Testcase","messageBody":"","fileTypesAndContributionMap":{"test-code":{"insertions":67,"deletions":15}}},{"hash":"8f45ceca2680ace3364ed6ec32ca5bb0742b858f","isMergeCommit":false,"messageTitle":"Update javadoc for testcase","messageBody":"","fileTypesAndContributionMap":{"test-code":{"insertions":2,"deletions":1}}},{"hash":"0778116f9c3a684edaeb6e7747aa4e32cf5c0969","isMergeCommit":true,"messageTitle":"Merge pull request #1 from PyromancerBoom/branch-uniqueid","messageBody":"Branch uniqueid","fileTypesAndContributionMap":{}},{"hash":"1f5ecef4ed75789ba15c3fd10081045d7651d710","isMergeCommit":false,"messageTitle":"Update checkstyle","messageBody":"","fileTypesAndContributionMap":{"functional-code":{"insertions":5,"deletions":5}}}]},{"date":"2024-03-23","commitResults":[{"hash":"ea30bb18d7aa43b2a97217e8b102d42b45cb5176","isMergeCommit":true,"messageTitle":"Merge pull request #52 from hjungwoo01/add-filter-feature","messageBody":"Implement Filter and ShowAll Commands","fileTypesAndContributionMap":{}}]},{"date":"2024-03-27","commitResults":[{"hash":"a9b99848ef7cf8efcda423c4155572480fc2fbb3","isMergeCommit":true,"messageTitle":"Merge pull request #60 from hjungwoo01/add-addsequence-uml","messageBody":"Add sequence diagram for AddCommand flow","fileTypesAndContributionMap":{}},{"hash":"73b535a1481f237a557c370c9520aeff80b615d9","isMergeCommit":true,"messageTitle":"Merge pull request #62 from quelinxiao/update-UG","messageBody":"Update user guide","fileTypesAndContributionMap":{}},{"hash":"2adf627c6cd8916c046f51f600a858811cc96900","isMergeCommit":false,"messageTitle":"Update User guide","messageBody":"","fileTypesAndContributionMap":{"other":{"insertions":1,"deletions":1},"docs":{"insertions":53,"deletions":50}}},{"hash":"fb3adf3d95f0f9e5628d749fc289a178cbc8db9d","isMergeCommit":true,"messageTitle":"Merge pull request #63 from PyromancerBoom/master","messageBody":"Update User guide","fileTypesAndContributionMap":{}}]},{"date":"2024-03-29","commitResults":[{"hash":"306a6c63909c67af1129fe606261c5c398e19b24","isMergeCommit":true,"messageTitle":"Merge pull request #66 from shayaansultan/update-dg-delete","messageBody":"Update Developer Guide with delete command details","fileTypesAndContributionMap":{}},{"hash":"4093463b9ce650eac8b1c39c3520d1a88fcb05b9","isMergeCommit":false,"messageTitle":"Update Developer Guide with UID info","messageBody":"","fileTypesAndContributionMap":{"docs":{"insertions":19,"deletions":3}}},{"hash":"2502918e4f46c52851a21b0dc3b5cdc341110e24","isMergeCommit":true,"messageTitle":"Merge pull request #65 from quelinxiao/update-developerGuide","messageBody":"update DG to include AddCommand implementation","fileTypesAndContributionMap":{}}]},{"date":"2024-04-03","commitResults":[{"hash":"8a8343e03d89a5e57784670fc83e9f187338ab85","isMergeCommit":false,"messageTitle":"Add completition rate to taskList","messageBody":"Main updates are that each tasklist now has a size function, allows us to query the number of\ncompleted tasks and uncompleted task as well.\nUsing these metrics, we also have completition rate - the total tasks completed / total tasks.\n","fileTypesAndContributionMap":{"functional-code":{"insertions":31,"deletions":0}}},{"hash":"a984cd48af1a483ccfcf45de7a580ae708f737c0","isMergeCommit":false,"messageTitle":"Update completition rate for employee","messageBody":"Main change here is that completition rate is displayed on the employee\u0027s card.\n\nBut still needs update on the data model and null exception handling.\n","fileTypesAndContributionMap":{"functional-code":{"insertions":40,"deletions":0}}},{"hash":"14f60721f71cbbe3560c3e2e60797c0a9d750f61","isMergeCommit":false,"messageTitle":"Update Employee and TaskList models","messageBody":"Modified Employee.java to include new methods for task completion rate and attribute\n\nUpdated TaskList.java to reflect changes in completion rate\n\nUpdated EmployeeCard.java and EmployeeListCard.fxml to display task completion related information in the UI\n","fileTypesAndContributionMap":{"functional-code":{"insertions":20,"deletions":11}}},{"hash":"af49fd2166a5d6b1fda3da52cfe13e9ff6dc3d62","isMergeCommit":false,"messageTitle":"Fix  the calculation of the completion rate","messageBody":"This commit fixes a bug in the calculation of the completion rate in the TaskList class. Previously, the division of getCompletedTasks by size was being treated as an integer, which could lead to incorrect results due to integer division.\n\nThe division has been cast to double to ensure that it is treated as a floating-point division. This provides a more accurate completion rate.\n\nAdditionally, the completion rate is now rounded to the nearest two decimal places to provide a more readable output. It is also converted to a percentage for better understanding.\n\nThe changes were made in the getCompletionRate method of the TaskList class and employee class\u0027s getCompletionRate method.\n","fileTypesAndContributionMap":{"functional-code":{"insertions":10,"deletions":6}}}]},{"date":"2024-04-04","commitResults":[{"hash":"956354d6a5b3f5771b65dd6a59fee838502999e0","isMergeCommit":false,"messageTitle":"Fix all test cases","messageBody":"Previously, the test cases were taking completion rate as a parameter in the JsonAdaptedEmployee constructor.\nThis is no longer needed as the entire calculation for completion rate is now done in the frontend.\n\nUpdate the Employee toString method to include tasks and added a TaskList getter method.\n","fileTypesAndContributionMap":{"functional-code":{"insertions":6,"deletions":10},"test-code":{"insertions":2,"deletions":1}}},{"hash":"c652fbc0db5cea39d636b41549225c302c0c7531","isMergeCommit":false,"messageTitle":"Add unit tests for TaskList methods","messageBody":"This commit adds unit tests for the size(), getCompletedTasks(), getPendingTasks(), and getCompletionRate() methods in the TaskList class.\nThese tests ensure that the methods correctly calculate the number of tasks, completed tasks, pending tasks, and the completion rate respectively.\n","fileTypesAndContributionMap":{"test-code":{"insertions":60,"deletions":1}}},{"hash":"6e6686f56ce218b6ac0829e142fb88d979c03529","isMergeCommit":false,"messageTitle":"Update checkStyle in toString test method","messageBody":"","fileTypesAndContributionMap":{"test-code":{"insertions":1,"deletions":1}}},{"hash":"03b5eb1a29d6960d57385e315fd007e7af8c1e68","isMergeCommit":false,"messageTitle":"Add task creation to EmployeeBuilder","messageBody":"The EmployeeBuilder class now supports adding tasks to an Employee during its creation.\nThis is done using the withTask method, which takes a task description as a parameter\nand adds a new Task to the Employee\u0027s task list.\n","fileTypesAndContributionMap":{"test-code":{"insertions":46,"deletions":1}}},{"hash":"ab9367c1423cbb458eb8435dfbf8098a7bec6638","isMergeCommit":false,"messageTitle":"Add null check testcases for Employee constructor","messageBody":"This commit does the following:\n\n- Adds null checks to the Employee constructor for all parameters.\n- Adds test cases to EmployeeTest to verify that the constructor throws a NullPointerException when any of its parameters are null.\n- The only exception is UID which is handled differently.\n","fileTypesAndContributionMap":{"test-code":{"insertions":64,"deletions":0}}},{"hash":"f8ac286494179139d9170fc2ca92fa02e9f36003","isMergeCommit":false,"messageTitle":"Add test cases for EmployeeCard UI","messageBody":"This commit introduces new test cases for the EmployeeCard UI component. The tests are designed to verify the correct behavior of the updateTaskList method.\nIn particular, the tests ensure that:\n- The updateTaskList method correctly updates the task list of an EmployeeCard instance.\n- The task list of an EmployeeCard instance reflects the tasks associated with the corresponding Employee instance.\n\nThe tests are implemented in the EmployeeCardTest class, which extends ApplicationTest to provide a JavaFX testing environment.\n","fileTypesAndContributionMap":{"functional-code":{"insertions":4,"deletions":0},"other":{"insertions":2,"deletions":0},"test-code":{"insertions":39,"deletions":0}}},{"hash":"1c2bb5dd5ae8550f8efe4196e3bb7afee838921b","isMergeCommit":true,"messageTitle":"Merge pull request #77 from hjungwoo01/76-update-ug","messageBody":"Add comprehensive filtering options to user guide","fileTypesAndContributionMap":{}},{"hash":"ea39675ba28b8081b208730f30e4ecc490271b33","isMergeCommit":false,"messageTitle":"Add missing package name","messageBody":"","fileTypesAndContributionMap":{"test-code":{"insertions":2,"deletions":0}}},{"hash":"04639329d0140491adc6b91784aac9f3d380acb0","isMergeCommit":false,"messageTitle":"Fix redundant imports","messageBody":"","fileTypesAndContributionMap":{"test-code":{"insertions":0,"deletions":1}}},{"hash":"97b5da2fbe8750889eea9fcd6dcbdf606b6fa0c5","isMergeCommit":false,"messageTitle":"Remove stage code,","messageBody":"","fileTypesAndContributionMap":{"test-code":{"insertions":1,"deletions":8}}},{"hash":"c4a21ea32b290f5913cf9b1aea806ec921dc2213","isMergeCommit":true,"messageTitle":"Merge pull request #79 from hjungwoo01/78-remove-duplicate-feature","messageBody":"Remove redundant ShowAllCommand","fileTypesAndContributionMap":{}},{"hash":"f562ba7b0eeebba805bb42ff0c4fc26708f2d1a0","isMergeCommit":true,"messageTitle":"Merge pull request #80 from shayaansultan/user-guide-update-addTask-mark","messageBody":"Add documentation for addTask, mark and unmark in user guide","fileTypesAndContributionMap":{}},{"hash":"22922013322e954c3dba59e32d5bb7c1b77bfe2e","isMergeCommit":false,"messageTitle":"Remove EmployeeCard Test Cases","messageBody":"This commit removes the test cases for the EmployeeCard class. These tests have been causing continuous integration failures on GitHub Actions, specifically on the Ubuntu runner.\n\nThe issue appears to be that these tests enter an infinite loop when run on Ubuntu, causing the CI process to hang indefinitely. This behavior is not observed when the tests are run locally or on other operating systems.\n\nGiven the persistent nature of this issue and the impact it has on the overall CI process, the decision has been made to remove these test cases. Future work will need to investigate the root cause of this issue and reimplement the tests in a way that is compatible with all testing environments.\n","fileTypesAndContributionMap":{"functional-code":{"insertions":0,"deletions":4},"other":{"insertions":0,"deletions":2},"test-code":{"insertions":0,"deletions":33}}},{"hash":"0fdc67b96144f40b953af9e7b3127c6033dab8cd","isMergeCommit":false,"messageTitle":"Add Null Tasks Test Case to EmployeeTest","messageBody":"This commit introduces a new test case to the EmployeeTest class. The test, constructor_nullTasks_throwsNullPointerException, verifies that the constructor of the Employee class throws a NullPointerException when it is provided with a null \tasks argument.\n\nThis test is important to ensure the robustness of the Employee class. It confirms that the class behaves as expected when it encounters invalid input, in this case, a null \tasks argument. This helps to prevent potential issues that could arise from null pointer exceptions in other parts of the codebase.\n","fileTypesAndContributionMap":{"test-code":{"insertions":8,"deletions":0}}},{"hash":"0d91a5648a070dd37d5015b011c69aec0b5819f7","isMergeCommit":false,"messageTitle":"Add thorough test cases for Employee constructors","messageBody":"This commit adds comprehensive test cases for both constructors in the Employee class. The first constructor takes a list of tasks as an additional parameter, while the second does not.\n\nThe tests ensure that all fields must be present and not null, as per the requirements of the constructors. This helps to maintain the integrity of the Employee objects created and ensures that they are always in a valid state.\n","fileTypesAndContributionMap":{"test-code":{"insertions":68,"deletions":0}}},{"hash":"058f7d070b5883322afee7f71000bfe123e350ec","isMergeCommit":false,"messageTitle":"Add test for Employee constructor","messageBody":"This commit adds a new test method in EmployeeTest.java that tests the Employee constructor.\n\nThe test verifies that all fields are correctly initialized when an Employee object is created using the constructor.\n","fileTypesAndContributionMap":{"test-code":{"insertions":27,"deletions":0}}},{"hash":"b64ea52f657ee10b77376a99a2e69f59be93d915","isMergeCommit":false,"messageTitle":"Fix checkstyle issues","messageBody":"","fileTypesAndContributionMap":{"test-code":{"insertions":1,"deletions":0}}},{"hash":"947e6aff7cc225344a6ff5f731f53987d6166231","isMergeCommit":true,"messageTitle":"Merge pull request #81 from quelinxiao/update-UG-v1.3","messageBody":"update ug and ui","fileTypesAndContributionMap":{}},{"hash":"9d9f0a2f311d748ec090a2668785e415cb2fe0ec","isMergeCommit":false,"messageTitle":"Remove redundant testing code","messageBody":"This commit removes unnecessary testing code that was causing confusion and clutter in the codebase. The tests removed were either duplicates, outdated, or not providing significant coverage. This cleanup should make the test suite easier to maintain and understand.\n","fileTypesAndContributionMap":{"test-code":{"insertions":0,"deletions":65}}},{"hash":"c190c52343a761981e83ec518506149fae8268f9","isMergeCommit":false,"messageTitle":"Update User Guide with v1.3 features","messageBody":"This commit overhauls sections of the User Guide to incorporate the newly introduced Completion Rate Statistics feature, along with detailed instructions on task management enhancements such as \u0007ddTask, mark, unmark, and deleteTask. Changes include:\n\n- Detailed explanation of the Completion Rate Statistics feature, highlighting its integration into ContactSwift for monitoring employee productivity through task completion rates.\n- Added sections for \u0007ddTask, mark, unmark, and deleteTask commands, complete with examples and tips for effective use.\n- Revised the guide\u0027s tone to be more friendly yet slightly more formal, balancing professionalism with approachability.\n- Enhanced user experience with more illustrations!\n\nThese updates aim to provide users with comprehensive insights into utilizing the latest features for optimal contact management and productivity tracking in ContactSwift.\n","fileTypesAndContributionMap":{"docs":{"insertions":68,"deletions":0}}},{"hash":"4de4289e4b808c87e572b861d2a3d96163eb3b4b","isMergeCommit":true,"messageTitle":"Merge pull request #83 from quelinxiao/update-index.md","messageBody":"update ui.png and index.md","tags":["v1.3"],"fileTypesAndContributionMap":{}}]},{"date":"2024-04-05","commitResults":[{"hash":"ee9fd669aa780cb56f58d00f9f3b2f8d6a7c4828","isMergeCommit":false,"messageTitle":"Fix hyplerlinks to images","messageBody":"","fileTypesAndContributionMap":{"docs":{"insertions":3,"deletions":5}}},{"hash":"674d77a638b000bf4151296f91f198d639398c1e","isMergeCommit":false,"messageTitle":"Fix hyperlink in UG","messageBody":"","fileTypesAndContributionMap":{"docs":{"insertions":3,"deletions":3}}},{"hash":"cadb28265117e41c9ef1097b186c134b23cb455b","isMergeCommit":false,"messageTitle":"Update user guide for v1.3","messageBody":"- Mark, AddTask, Unmark Task were redundant.\n- Updated the structure of the commands and features as well\n- This structure should be more intuitive to the user.\n- Removed redundant information in the ug\n","fileTypesAndContributionMap":{"docs":{"insertions":14,"deletions":51}}},{"hash":"6589cad985bef56746dd71e5797764097dce142d","isMergeCommit":true,"messageTitle":"Merge pull request #86 from PyromancerBoom/master","messageBody":"Update User Guide","fileTypesAndContributionMap":{}},{"hash":"01123372052a6ac33f3a1a044319c5f6303d0d24","isMergeCommit":true,"messageTitle":"Merge branch \u0027master\u0027 into 72-delete-task","messageBody":"","fileTypesAndContributionMap":{}},{"hash":"f4dea4ed264b4668dc4bb4bc2a4d2af5096b1869","isMergeCommit":true,"messageTitle":"Merge pull request #84 from shayaansultan/72-delete-task","messageBody":"72-delete-task","fileTypesAndContributionMap":{}}]},{"date":"2024-04-06","commitResults":[{"hash":"b89d44a7df12e68ef6593c8caba6cb505fcfdd29","isMergeCommit":true,"messageTitle":"Merge pull request #123 from hjungwoo01/87-fix-ug-incorrect-filename","messageBody":"Fix UG documentation bug","fileTypesAndContributionMap":{}}]},{"date":"2024-04-07","commitResults":[{"hash":"fed2cb651ffacd4e8c95d88aa517327f70e10e05","isMergeCommit":true,"messageTitle":"Merge pull request #129 from hjungwoo01/128-improve-ug","messageBody":"Update user guide with command format","fileTypesAndContributionMap":{}}]},{"date":"2024-04-08","commitResults":[{"hash":"34fb25e403cd8ab076d09b4bdf32599991dbdc8e","isMergeCommit":true,"messageTitle":"Merge pull request #133 from hjungwoo01/132-credit-model-stubs","messageBody":"Credit Use of Model Stubs","fileTypesAndContributionMap":{}}]}],"quelinxiao":[{"date":"2024-03-07","commitResults":[{"hash":"052393a8a309750183c382f997ad065faa3a5293","isMergeCommit":false,"messageTitle":"update target user profile and value proposition in DG","messageBody":"","fileTypesAndContributionMap":{"docs":{"insertions":5,"deletions":5}}},{"hash":"0297562fa3623b71bbe64b88d57f157727e3f923","isMergeCommit":false,"messageTitle":"Add info of member quelinxiao","messageBody":"","fileTypesAndContributionMap":{"docs":{"insertions":54,"deletions":9}}},{"hash":"9621160059f9370d5abc5334fbef472d327cfb26","isMergeCommit":true,"messageTitle":"Merge pull request #26 from PyromancerBoom/nonfuncreq","messageBody":"Nonfuncreq","fileTypesAndContributionMap":{}}]},{"date":"2024-03-14","commitResults":[{"hash":"96161c0aad04da23a93629f513ffcc2838e22f68","isMergeCommit":true,"messageTitle":"Merge pull request #35 from hjungwoo01/refactor-employee","messageBody":"Refactor person to employee","fileTypesAndContributionMap":{}},{"hash":"cdb8c191103e7527139e1b3c63ff5021e55bcf8c","isMergeCommit":false,"messageTitle":"Add prefixes \u0027team\u0027 and \u0027role\u0027 to employee","messageBody":"","fileTypesAndContributionMap":{"functional-code":{"insertions":4,"deletions":0}}},{"hash":"498c14a9e12090cdf73a6454dfb0578855d1a5ea","isMergeCommit":false,"messageTitle":"Implement \u0027team\u0027 and \u0027role\u0027 logic","messageBody":"","fileTypesAndContributionMap":{"functional-code":{"insertions":240,"deletions":18}}},{"hash":"70be348639a17eb7a985eb3c13d527ec686c8547","isMergeCommit":false,"messageTitle":"Tweak test cases to accomodate for \u0027team\u0027 and \u0027role\u0027","messageBody":"","fileTypesAndContributionMap":{"functional-code":{"insertions":31,"deletions":7},"test-code":{"insertions":102,"deletions":20}}}]},{"date":"2024-03-15","commitResults":[{"hash":"54aed5d31f7163580aa885a52e261d57ddf0d430","isMergeCommit":false,"messageTitle":"Tweak javafx files to display \u0027team\u0027 and \u0027role\u0027","messageBody":"","fileTypesAndContributionMap":{"functional-code":{"insertions":13,"deletions":5}}}]},{"date":"2024-03-16","commitResults":[{"hash":"b1052bb44a28634b815ccb2a404e240a48f4cacd","isMergeCommit":false,"messageTitle":"fix all checkstyle and test case errors","messageBody":"","fileTypesAndContributionMap":{"functional-code":{"insertions":57,"deletions":23},"test-code":{"insertions":203,"deletions":52}}}]},{"date":"2024-03-25","commitResults":[{"hash":"91005e2d0fc5d07263f740c60d28578bccc2b80f","isMergeCommit":true,"messageTitle":"Merge pull request #56 from quelinxiao/add-release-screenshot","messageBody":"add image of v1.2","fileTypesAndContributionMap":{}}]},{"date":"2024-03-27","commitResults":[{"hash":"4a37870beba30a9c6e967d5058c6852baed601f0","isMergeCommit":false,"messageTitle":"update user guide","messageBody":"","fileTypesAndContributionMap":{"docs":{"insertions":22,"deletions":23}}}]},{"date":"2024-03-29","commitResults":[{"hash":"dadb54e64fff051c83cf4224487d484bf7d54dcf","isMergeCommit":false,"messageTitle":"update DG to include AddCommand implementation and refactor \u0027Person\u0027 to \u0027Employee\u0027 in UML diagrams","messageBody":"","fileTypesAndContributionMap":{"docs":{"insertions":82,"deletions":55}}}]},{"date":"2024-03-31","commitResults":[{"hash":"1f6117ed6cfbc7022bdc2434d410656b9a295706","isMergeCommit":false,"messageTitle":"improve ui aesthetics","messageBody":"","fileTypesAndContributionMap":{"functional-code":{"insertions":23,"deletions":25}}}]},{"date":"2024-04-04","commitResults":[{"hash":"ea74bb8576245d97f20ff2d96989617c0d76fac3","isMergeCommit":false,"messageTitle":"update ug and ui","messageBody":"","fileTypesAndContributionMap":{"functional-code":{"insertions":2,"deletions":2},"docs":{"insertions":9,"deletions":5}}},{"hash":"b52a308de908fa3ed1ab0b47ed0567e008922fd3","isMergeCommit":false,"messageTitle":"update ui.png and index.md","messageBody":"","fileTypesAndContributionMap":{"docs":{"insertions":2,"deletions":5}}}]},{"date":"2024-04-05","commitResults":[{"hash":"9539141dcabe3172be5aa6b8cc2818b9c05ac57a","isMergeCommit":true,"messageTitle":"Merge pull request #85 from PyromancerBoom/update-User-Guide","messageBody":"Update User Guide with v1.3 features","fileTypesAndContributionMap":{}}]}],"hjungwoo01":[{"date":"2024-03-07","commitResults":[{"hash":"20913c7a4cea361642c3b33ea7869b3547fe74b1","isMergeCommit":false,"messageTitle":"Add User Stories to Developer Guide","messageBody":"","fileTypesAndContributionMap":{"docs":{"insertions":7,"deletions":8}}},{"hash":"4b8a9145a984bb07c96ef6a9f03542f3f2b3ae32","isMergeCommit":true,"messageTitle":"Merge pull request #12 from hjungwoo01/add-HongJungWoo-info","messageBody":"Add User Stories to Developer Guide","fileTypesAndContributionMap":{}},{"hash":"96875775a8c329f69ce24369bec1c904b45ac972","isMergeCommit":true,"messageTitle":"Merge pull request #13 from shayaansultan/branch-shayaan-about-us","messageBody":"Update AboutUs documentation - Shayaan","fileTypesAndContributionMap":{}},{"hash":"a4d00629451bf2f62531a8f4c55da4b006bf2099","isMergeCommit":true,"messageTitle":"Merge pull request #14 from PyromancerBoom/product-readme","messageBody":"Update readme","fileTypesAndContributionMap":{}},{"hash":"4a7155f46813770d7cd550831a4a508ddce0174a","isMergeCommit":false,"messageTitle":"Implement RemarkCommand functionality","messageBody":"","fileTypesAndContributionMap":{"functional-code":{"insertions":176,"deletions":34}}},{"hash":"e45015d43946a77c25eba360372a956bf7a50e3d","isMergeCommit":true,"messageTitle":"Merge pull request #16 from quelinxiao/branch-updateUserProfile_and_valueProposition","messageBody":"update target user profile and value proposition in DG","fileTypesAndContributionMap":{}},{"hash":"24d5f7381ef1cdcb941b2860e9d341711a27f602","isMergeCommit":false,"messageTitle":"Add info","messageBody":"","fileTypesAndContributionMap":{"docs":{"insertions":26,"deletions":0}}},{"hash":"e167ac9bb4f937e1c5e5f14d5dc44950fc7d3b65","isMergeCommit":true,"messageTitle":"Merge pull request #1 from hjungwoo01/tutorial-adding-command","messageBody":"Implement RemarkCommand functionality","fileTypesAndContributionMap":{}},{"hash":"67a9d870f686a7729417020fd605284262c740da","isMergeCommit":true,"messageTitle":"Merge pull request #22 from shayaansultan/branch-use-cases-developer-guide","messageBody":"Update Use Cases in Developer Guide","fileTypesAndContributionMap":{}},{"hash":"f173d8255fddc1e9acdec3c55eba2022628ad395","isMergeCommit":true,"messageTitle":"Merge branch \u0027master\u0027 into add-queLinxiao-info","messageBody":"","fileTypesAndContributionMap":{}},{"hash":"17027191b30f5c5d2bb07e701e32bd4bfa439fa7","isMergeCommit":true,"messageTitle":"Merge pull request #25 from quelinxiao/add-queLinxiao-info","messageBody":"Add info of member quelinxiao","fileTypesAndContributionMap":{}}]},{"date":"2024-03-12","commitResults":[{"hash":"f7da83f7768e4a76f49bdee155c78d0a9fc39c05","isMergeCommit":true,"messageTitle":"Merge branch \u0027AY2324S2-CS2103T-T17-2:master\u0027 into master","messageBody":"","fileTypesAndContributionMap":{}},{"hash":"03b56816ea782f4e694a18599e06b50af09c290b","isMergeCommit":false,"messageTitle":"Restore Original Address Book","messageBody":"","fileTypesAndContributionMap":{"functional-code":{"insertions":10,"deletions":171}}},{"hash":"dddc71b1a37f7b63b081a8644e513ab0d832dcea","isMergeCommit":false,"messageTitle":"Add delete by name functionality to DeleteCommand","messageBody":"Enhance the DeleteCommand class to allow users to delete contacts\nby specifying their name, in addition to the existing index-based\ndeletion. This improvement includes updates to the DeleteCommandParser\nto handle string inputs, representing names, and parse them\nappropriately for command execution. This change makes the\napplication more flexible and user-friendly, as it provides an\nalternative method for users to manage their contacts.\n","fileTypesAndContributionMap":{"functional-code":{"insertions":40,"deletions":3}}},{"hash":"52dcd2aaf8dfb5f98da1751d52155ec16082633b","isMergeCommit":false,"messageTitle":"Update CliSyntax.java","messageBody":"","fileTypesAndContributionMap":{"functional-code":{"insertions":0,"deletions":1}}},{"hash":"5de8bbe45e85af73e160b78c1dbbbe17bf752359","isMergeCommit":false,"messageTitle":"Update SampleDataUtil.java","messageBody":"","fileTypesAndContributionMap":{"functional-code":{"insertions":5,"deletions":1}}},{"hash":"bc4abd7769d2f009eb0858d66dd6aba6094b09fb","isMergeCommit":false,"messageTitle":"Update JsonAdaptedPerson.java","messageBody":"","fileTypesAndContributionMap":{"functional-code":{"insertions":5,"deletions":1}}},{"hash":"8c9413ae328f06149e1b63598f599f69f411622c","isMergeCommit":false,"messageTitle":"Update AddressBookParser.java","messageBody":"","fileTypesAndContributionMap":{"functional-code":{"insertions":9,"deletions":1}}},{"hash":"c4e24b8aa97d09f31f1774e3c977774c98577ae2","isMergeCommit":false,"messageTitle":"Update EditCommand.java","messageBody":"","fileTypesAndContributionMap":{"functional-code":{"insertions":5,"deletions":1}}},{"hash":"8ebd7e9dcd4a27365b236292f74c27447b794552","isMergeCommit":false,"messageTitle":"Update DeleteCommand.java","messageBody":"","fileTypesAndContributionMap":{"functional-code":{"insertions":10,"deletions":1}}},{"hash":"94aab00a795bb00d0aec4b68b2df8f07b1942bdf","isMergeCommit":false,"messageTitle":"Update DeleteCommand.java","messageBody":"","fileTypesAndContributionMap":{"functional-code":{"insertions":14,"deletions":0}}},{"hash":"979c181eff57de0b071302124dcc319869e78ea4","isMergeCommit":false,"messageTitle":"Update DeleteCommand.java","messageBody":"","fileTypesAndContributionMap":{"functional-code":{"insertions":3,"deletions":3}}},{"hash":"5a213f86de3e0623893f456128c4efb48cabb706","isMergeCommit":false,"messageTitle":"Update DeleteCommand.java","messageBody":"","fileTypesAndContributionMap":{"functional-code":{"insertions":2,"deletions":2}}},{"hash":"91b029fe5de65819d6840ad96fd40fb8f547095f","isMergeCommit":false,"messageTitle":"Update DeleteCommandParserTest.java","messageBody":"","fileTypesAndContributionMap":{"test-code":{"insertions":0,"deletions":5}}},{"hash":"29f89dd36526157ca015fc88daf9458649aca5de","isMergeCommit":false,"messageTitle":"Update DeleteCommandParserTest.java","messageBody":"","fileTypesAndContributionMap":{"test-code":{"insertions":0,"deletions":2}}},{"hash":"83ef518b92a756e9e246aa56443fee84047bed9b","isMergeCommit":true,"messageTitle":"Merge branch \u0027AY2324S2-CS2103T-T17-2:master\u0027 into add-delete-functionality","messageBody":"","fileTypesAndContributionMap":{}},{"hash":"ae3d58c66c5434d1ea9c389d43f78e2dab6adbdc","isMergeCommit":true,"messageTitle":"Merge pull request #30 from hjungwoo01/add-delete-functionality","messageBody":"Add delete by name functionality to DeleteCommand","fileTypesAndContributionMap":{}}]},{"date":"2024-03-14","commitResults":[{"hash":"8daeab67895ede767fe8ff67eacf0a6f4ac540ca","isMergeCommit":false,"messageTitle":"Refactor Person to Employee","messageBody":"","fileTypesAndContributionMap":{"functional-code":{"insertions":432,"deletions":498},"other":{"insertions":100,"deletions":104},"docs":{"insertions":64,"deletions":64},"test-code":{"insertions":394,"deletions":403}}},{"hash":"273e64c5a643cec9f29e59f2adc2b1fdeb3721c0","isMergeCommit":false,"messageTitle":"Refactor Person to Employee","messageBody":"","fileTypesAndContributionMap":{"functional-code":{"insertions":57,"deletions":2},"other":{"insertions":40,"deletions":40},"test-code":{"insertions":324,"deletions":324}}},{"hash":"0ade37ae41f0c6a5e06320d182d4afc58d60cf63","isMergeCommit":true,"messageTitle":"Merge branch \u0027refactor-employee\u0027","messageBody":"","fileTypesAndContributionMap":{}},{"hash":"7613993de9c79fd79addb2f0022a88b412604850","isMergeCommit":false,"messageTitle":"Update DeleteCommand.java","messageBody":"","fileTypesAndContributionMap":{"functional-code":{"insertions":1,"deletions":1}}}]},{"date":"2024-03-15","commitResults":[{"hash":"8d5f518e5c62e209ff93fe30eda24206aefb76b4","isMergeCommit":true,"messageTitle":"Merge pull request #36 from quelinxiao/add-prefixes-contacts","messageBody":"Add prefixes contacts","fileTypesAndContributionMap":{}},{"hash":"a39ce58d27819efed333cc126b08f741e3deee74","isMergeCommit":true,"messageTitle":"Merge branch \u0027AY2324S2-CS2103T-T17-2:master\u0027 into master","messageBody":"","fileTypesAndContributionMap":{}},{"hash":"0399703dac73a1eb8c3e4a8236ce1888f25ea99f","isMergeCommit":false,"messageTitle":"Fix Checkstyle","messageBody":"","fileTypesAndContributionMap":{"functional-code":{"insertions":44,"deletions":19}}},{"hash":"0de80319d51ee459ed03ec149a27d4c2f019907b","isMergeCommit":true,"messageTitle":"Merge pull request #37 from hjungwoo01/checkstyle-1","messageBody":"Fix checkstyle","fileTypesAndContributionMap":{}},{"hash":"12eafaa80b83d35adfec97a08988770e6e894510","isMergeCommit":false,"messageTitle":"Fix checkstyle for test classes","messageBody":"","fileTypesAndContributionMap":{"test-code":{"insertions":35,"deletions":16}}}]},{"date":"2024-03-16","commitResults":[{"hash":"e4a1b84f0bd1f9ecd599658a3f42c69fd992490b","isMergeCommit":true,"messageTitle":"Merge pull request #38 from hjungwoo01/checkstyle-1","messageBody":"Fix checkstyle for test classes","fileTypesAndContributionMap":{}},{"hash":"90576126b69db41ccbdba27c6f8082b82602055a","isMergeCommit":true,"messageTitle":"Merge branch \u0027master\u0027 into fix-test-and-style-errors","messageBody":"","fileTypesAndContributionMap":{}},{"hash":"c59d813f6366c9f598d26a8bdf4e5bf4c72754f2","isMergeCommit":true,"messageTitle":"Merge pull request #39 from quelinxiao/fix-test-and-style-errors","messageBody":"fix all checkstyle and test case errors","fileTypesAndContributionMap":{}}]},{"date":"2024-03-20","commitResults":[{"hash":"94ba52dc7c3dc3c4621a7dda19365f9d8c81bb26","isMergeCommit":true,"messageTitle":"Merge pull request #41 from PyromancerBoom/branch-uniqueid","messageBody":"Branch uniqueid","fileTypesAndContributionMap":{}}]},{"date":"2024-03-21","commitResults":[{"hash":"fabc6e73c0827429ced62dc72904122630477405","isMergeCommit":false,"messageTitle":"Fix failing test classes","messageBody":"","fileTypesAndContributionMap":{"functional-code":{"insertions":9,"deletions":3},"test-code":{"insertions":76,"deletions":71}}},{"hash":"aa591634454a427fae4c6b730e6a0c12941c6b2d","isMergeCommit":true,"messageTitle":"Merge branch \u0027fix-tests-uuid\u0027","messageBody":"","fileTypesAndContributionMap":{}},{"hash":"cd57cbe4efcd38c527cb3db5ffdeb0ab892a106c","isMergeCommit":true,"messageTitle":"Merge pull request #45 from shayaansultan/branch-delete-by-uid","messageBody":"Branch delete by uid","fileTypesAndContributionMap":{}},{"hash":"635c6eb5852359cfc130e0e157a97605c2d3e702","isMergeCommit":true,"messageTitle":"Merge pull request #50 from PyromancerBoom/master","messageBody":"UniqueID and testcases ","fileTypesAndContributionMap":{}},{"hash":"f8afd8807f04d430c9d4437d74584efa19729daa","isMergeCommit":true,"messageTitle":"Merge branch \u0027AY2324S2-CS2103T-T17-2:master\u0027 into master","messageBody":"","fileTypesAndContributionMap":{}},{"hash":"40c8b12a801f515f19e465bf793caa79ea4f3820","isMergeCommit":false,"messageTitle":"Increase test coverage","messageBody":"","fileTypesAndContributionMap":{"test-code":{"insertions":54,"deletions":1}}},{"hash":"0bc19f1f9ff8040a54779532c8acbf61d347d454","isMergeCommit":true,"messageTitle":"Merge branch \u0027add-tests\u0027","messageBody":"","fileTypesAndContributionMap":{}}]},{"date":"2024-03-23","commitResults":[{"hash":"0f800ee5d555387ab3a39487b5090e8512527071","isMergeCommit":false,"messageTitle":"Implement Filter and ShowAll Commands","messageBody":"The application lacked the ability to filter employees\nbased on attributes like name, team, tag, and role,\nand there was no command to revert to the unfiltered\nlist of employees.\n\nFiltering is essential for users to efficiently locate\nspecific groups of employees without having to manually\nsearch through the entire list.\n\nImplemented the FilterCommand and ShowAllCommand to\nallow users to filter the employee list by name, team,\ntag, and role, and to revert to the original unfiltered\nlist respectively.\n\nThe filtering logic ignores case and allows spaces in\nnames and teams to improve user experience and match\ncommon user expectations.\n\nLet\u0027s add the FilterCommandParser to parse user inputs\nfor filtering, enhance the FilterCommand to handle\nmultiple criteria and ignore case, create the\nShowAllCommand to reset the filter and show all\nemployees.\n\nThis approach improves the application\u0027s usability by\nproviding more flexible search capabilities and making\nit easier for users to manage and view the employee data.\n","fileTypesAndContributionMap":{"functional-code":{"insertions":108,"deletions":0}}},{"hash":"5436a8f807f6e638f9b1c0f611431724f9426b5c","isMergeCommit":true,"messageTitle":"Merge branch \u0027add-filter-feature\u0027","messageBody":"","fileTypesAndContributionMap":{}}]},{"date":"2024-03-24","commitResults":[{"hash":"531832ab6ae22bdbf3221932853f8442fd0b0991","isMergeCommit":false,"messageTitle":"Enhance FilterCommand to Validate Empty Results","messageBody":"Previously, the FilterCommand did not validate the\nresult of the applied filter, potentially leading\nto an empty result set without notifying the user.\n\nTo improve user feedback and command robustness,\nthe FilterCommand now throws a CommandException if\nthe filter criteria result in an empty list of\nemployees. This change ensures that users are\nexplicitly informed when no employees match the\nspecified filter criteria, enhancing the command\u0027s\nusability and user experience.\n\nAdditionally, updated the FilterCommandParserTest\nto handle scenarios where invalid arguments are\nprovided. This ensures that the command parser\ncorrectly throws ParseExceptions when expected,\nenhancing the reliability of the command parsing\nprocess.\n\nThese changes enhance the application\u0027s feedback\nmechanism and ensure consistent behavior across\ncommand executions, improving the overall user\nexperience.\n","fileTypesAndContributionMap":{"functional-code":{"insertions":34,"deletions":9},"test-code":{"insertions":303,"deletions":0}}},{"hash":"91c50d571bbe9e66016cabbbb677888b6e31ec7d","isMergeCommit":false,"messageTitle":"Enhance FilterCommand with comprehensive attributes check","messageBody":"Implemented multi-attribute filtering in FilterCommand to\nallow users to filter employees based on name, role, team,\nand tags. The enhancement addresses the need for a more\nflexible and powerful search mechanism, enabling users to\nnarrow down employee lists with precision.\n\n- Updated EmployeePredicate to support filtering by multiple\nattributes.\n- Modified FilterCommand to throw CommandException when no\nemployees match the filter criteria, improving user feedback\non unsuccessful searches.\n- Extended AddressBookParserTest to include tests for\nFilterCommand, ensuring it properly parses and creates\ncommands with the correct predicates.\n- Added null check in FilterCommandParser to enforce argument\npresence, preventing NullPointerExceptions and ensuring\nrobustness.\n- Implemented behavior-driven testing for predicates to\nverify thefunctionality of FilterCommand\u0027s filtering logic.\n\nThis change improves the application\u0027s usability by providing\nusers with a more versatile and intuitive filtering feature.\n","fileTypesAndContributionMap":{"functional-code":{"insertions":8,"deletions":0},"test-code":{"insertions":41,"deletions":3}}},{"hash":"d13f11c2a662f3330abdb0757450c12af3d47d28","isMergeCommit":true,"messageTitle":"Merge pull request #54 from hjungwoo01/add-filter-command-tests","messageBody":"Enhance FilterCommand to Validate Empty Results","fileTypesAndContributionMap":{}},{"hash":"22c6383e14026929817907510ed17166d3edc9d1","isMergeCommit":false,"messageTitle":"Improve DeleteCommandParser code quality","messageBody":"Removed non-exception handling code from the catch block\nin DeleteCommandParser to adhere to best coding practices.\nThis change improves the code quality by ensuring that the\ncatch block is used solely for handling parsing exceptions\nand not for processing business logic. This refactor\nenhances the maintainability and readability of the code,\nmaking it easier to understand and manage.\n","fileTypesAndContributionMap":{"functional-code":{"insertions":31,"deletions":19},"test-code":{"insertions":34,"deletions":1}}},{"hash":"79984b34ce2130c692a2486e3cc5c4b09ff7c1d6","isMergeCommit":false,"messageTitle":"Increase test coverage for DeleteCommandParser","messageBody":"Enhanced the test suite for DeleteCommandParser to\nimprove overall test coverage. New tests have been\nadded to verify the correct parsing of both\nindex-based and unique identifier (UID)-based delete\ncommands. These tests ensure that the parser accurately\nhandles valid inputs and throws ParseExceptions for\nvarious invalid or malformed scenarios. The update\nstrengthens the robustness of the parsing logic and\nconfirms that all code paths are correctly managed,\nreducing the potential for errors in command processing.\n","fileTypesAndContributionMap":{"functional-code":{"insertions":14,"deletions":4},"test-code":{"insertions":38,"deletions":2}}}]},{"date":"2024-03-27","commitResults":[{"hash":"485c91e2f5d64432849f0d0c05454df041372467","isMergeCommit":true,"messageTitle":"Merge pull request #3 from hjungwoo01/improve-code-quality","messageBody":"Improve code quality","fileTypesAndContributionMap":{}},{"hash":"e7e51ff2aff936ba2fb4211274afb34a0aca1d0a","isMergeCommit":false,"messageTitle":"Enable assertions to gradle file","messageBody":"","fileTypesAndContributionMap":{"other":{"insertions":4,"deletions":0}}},{"hash":"032bb309b2ba1dadda949e6b8d892fafed497cd4","isMergeCommit":true,"messageTitle":"Merge pull request #4 from hjungwoo01/enable-gradle-assertion","messageBody":"Enable assertions to gradle file","fileTypesAndContributionMap":{}},{"hash":"8d841bea2d3ddd5e521d88284dcf39f332e2a35d","isMergeCommit":true,"messageTitle":"Merge pull request #55 from hjungwoo01/improve-code-quality","messageBody":"Improve DeleteCommandParser code quality","fileTypesAndContributionMap":{}},{"hash":"ca187ecf10f5b0d72b14743b07490375c61987d5","isMergeCommit":true,"messageTitle":"Merge branch \u0027AY2324S2-CS2103T-T17-2:master\u0027 into master","messageBody":"","fileTypesAndContributionMap":{}},{"hash":"e1ed13bac4dcd84764f9cbd9230928e8027200f6","isMergeCommit":true,"messageTitle":"Merge pull request #57 from hjungwoo01/enable-gradle-assertion","messageBody":"Enable gradle assertion","fileTypesAndContributionMap":{}},{"hash":"30f16e00055c88efdda70040d595339adff9b2f9","isMergeCommit":false,"messageTitle":"Add sequence diagram for AddCommand flow","messageBody":"Include a detailed PlantUML sequence diagram illustrating\nthe process flow of the AddCommand in the application.\nThis diagram captures the interactions between LogicManager,\nAddressBookParser, AddCommandParser, AddCommand, Employee,\nModel, and Storage classes, aligning with the current class\nstructure and method calls.\n","fileTypesAndContributionMap":{"docs":{"insertions":95,"deletions":0}}},{"hash":"6988d9387055b709cd801f0a7044f87d353d621f","isMergeCommit":false,"messageTitle":"Fix bug regarding name-based deletion","messageBody":"Adjust parse method to check for name input\nafter UID and index parsing\n","fileTypesAndContributionMap":{"functional-code":{"insertions":16,"deletions":2},"test-code":{"insertions":2,"deletions":2}}},{"hash":"b13271085d174a7a15e3ae82e7127ca176ea66a9","isMergeCommit":false,"messageTitle":"Increase test coverage","messageBody":"Previous commit added a few lines of code\nthat was not tested. This commit adds tests\nfor that code.\n","fileTypesAndContributionMap":{"functional-code":{"insertions":6,"deletions":2},"test-code":{"insertions":12,"deletions":0}}}]},{"date":"2024-03-28","commitResults":[{"hash":"27bfdb0751812108fb7fe38787753ad4df87276e","isMergeCommit":false,"messageTitle":"Increase test coverage","messageBody":"Previous commit added a few lines of code\nthat was not tested. This commit adds tests\nfor that code.\n","fileTypesAndContributionMap":{"functional-code":{"insertions":11,"deletions":1},"test-code":{"insertions":59,"deletions":6}}},{"hash":"cab98e74a74ca234baebdf4f7510143633473216","isMergeCommit":false,"messageTitle":"Fix checkstyle","messageBody":"","fileTypesAndContributionMap":{"test-code":{"insertions":13,"deletions":6}}},{"hash":"9a152e756fd3f3d539ea11d47f7eddb54417b5c4","isMergeCommit":false,"messageTitle":"Fix partial coverage issue","messageBody":"Previously there were a few lines that were partially\ncovered by tests. This commit fixes that by adding tests\nfor those lines.\n","fileTypesAndContributionMap":{"functional-code":{"insertions":1,"deletions":1},"test-code":{"insertions":80,"deletions":0}}},{"hash":"49dbdbd914133827a46e2d973a899e267a5436fe","isMergeCommit":true,"messageTitle":"Merge pull request #61 from hjungwoo01/fix-delete-bug","messageBody":"Fix bug regarding name-based deletion","tags":["v1.2.1"],"fileTypesAndContributionMap":{}},{"hash":"ba213680ac8eb95dad706a922781f443bd9366fd","isMergeCommit":true,"messageTitle":"Merge branch \u0027AY2324S2-CS2103T-T17-2:master\u0027 into master","messageBody":"","fileTypesAndContributionMap":{}},{"hash":"829403f0e06d559cb5ae3c1e941d11d5f5c6c2c6","isMergeCommit":false,"messageTitle":"Document Filter and ShowAll Commands in Dev Guide","messageBody":"Updated the Developer Guide to include comprehensive documentation for the\nFilter and ShowAll commands. This enhancement outlines the implementation\ndetails, rationale, and design considerations for these features.\n\n- The Filter Command section explains its parsing and execution process,\n  highlighting the use of predicates for dynamic employee filtering based on\n  specified criteria like name, role, team, and tags.\n- The ShowAll Command section describes its functionality to reset and display\n  the complete list of employees, detailing its integration with the model to\n  clear any active filters.\n\nThis documentation provides clarity on the features\u0027 workings, assisting\ndevelopers in understanding and maintaining the codebase. The choice of\nimplementation for each command is justified with a focus on flexibility,\nuser experience, and adherence to the application\u0027s architectural standards.\n\nThe detailed documentation ensures that future enhancements or modifications\nto these features can be made efficiently and with a thorough understanding\nof their initial design and purpose.\n","fileTypesAndContributionMap":{"docs":{"insertions":39,"deletions":0}}},{"hash":"6728ec647aabe7c43d75cb4d3f0395142eac7a59","isMergeCommit":false,"messageTitle":"Document Filter and ShowAll Commands in Dev Guide","messageBody":"Updated the Developer Guide to include comprehensive documentation for the\nFilter and ShowAll commands. This enhancement outlines the implementation\ndetails, rationale, and design considerations for these features.\n\n- The Filter Command section explains its parsing and execution process,\n  highlighting the use of predicates for dynamic employee filtering based on\n  specified criteria like name, role, team, and tags.\n- The ShowAll Command section describes its functionality to reset and display\n  the complete list of employees, detailing its integration with the model to\n  clear any active filters.\n\nThis documentation provides clarity on the features\u0027 workings, assisting\ndevelopers in understanding and maintaining the codebase. The choice of\nimplementation for each command is justified with a focus on flexibility,\nuser experience, and adherence to the application\u0027s architectural standards.\n\nThe detailed documentation ensures that future enhancements or modifications\nto these features can be made efficiently and with a thorough understanding\nof their initial design and purpose.\n","fileTypesAndContributionMap":{"docs":{"insertions":3,"deletions":3}}},{"hash":"f84bcf06e50e1a98dbced82ecf45ce4837baad95","isMergeCommit":true,"messageTitle":"Merge pull request #64 from hjungwoo01/update-developer-guide","messageBody":"Update developer guide","fileTypesAndContributionMap":{}},{"hash":"63170b8d637e287a8b17318e9e3bb10ed0ff09d0","isMergeCommit":true,"messageTitle":"Merge branch \u0027AY2324S2-CS2103T-T17-2:master\u0027 into master","messageBody":"","fileTypesAndContributionMap":{}}]},{"date":"2024-03-31","commitResults":[{"hash":"d371e97ffae602f4979247a772c93b18298199d6","isMergeCommit":true,"messageTitle":"Merge pull request #70 from quelinxiao/68-improve-UI","messageBody":"Improve UI aesthetics","fileTypesAndContributionMap":{}}]},{"date":"2024-04-01","commitResults":[{"hash":"8ee2f9241dad6e48f7d874f635238f1a47f545f3","isMergeCommit":true,"messageTitle":"Merge pull request #71 from shayaansultan/44-todo-list","messageBody":"Merge 44-todo-list","fileTypesAndContributionMap":{}},{"hash":"266ac7999ec067aef262900eee07aefc50d6efb4","isMergeCommit":true,"messageTitle":"Merge branch \u0027AY2324S2-CS2103T-T17-2:master\u0027 into master","messageBody":"","fileTypesAndContributionMap":{}}]},{"date":"2024-04-03","commitResults":[{"hash":"bdde297b0737ae14844a858bb484865819edaded","isMergeCommit":false,"messageTitle":"Implement mark and unmark commands and parsers","messageBody":"The application lacked the ability to mark tasks\nas completed or revert them to incomplete, which\nlimited the user interaction and task management\ncapabilities.\n\nTo enhance the functionality and usability of the\ntask management feature, the following changes\nhave been implemented:\n\n* Added `MarkTaskCommand` and `UnmarkTaskCommand`\nclasses to handle the marking and unmarking of\ntasks.\n* Created `MarkTaskCommandParser` and\n`UnmarkTaskCommandParser` classes to parse the\nuser input into respective commands.\n\nThis approach allows users to easily manage\nthe completion status of tasks, improving the\noverall user experience and making the task\nmanagement feature more robust.\n\nThe chosen design pattern aligns with the\nexisting command and parser structure,\nensuring consistency and maintainability\nof the codebase.\n","fileTypesAndContributionMap":{"functional-code":{"insertions":277,"deletions":8},"other":{"insertions":6,"deletions":7},"test-code":{"insertions":275,"deletions":26}}},{"hash":"d8d32b256a23734662b6e8b84f48f911ccaada99","isMergeCommit":false,"messageTitle":"Fix checkstyle","messageBody":"","fileTypesAndContributionMap":{"functional-code":{"insertions":0,"deletions":2}}},{"hash":"4f717f0a7e24826ee4702ffb2367b6007a06ef65","isMergeCommit":false,"messageTitle":"Fix failing tests","messageBody":"","fileTypesAndContributionMap":{"test-code":{"insertions":6,"deletions":2}}}]},{"date":"2024-04-04","commitResults":[{"hash":"a283e17308c49722adec2e4cc1047e96729246d5","isMergeCommit":false,"messageTitle":"Add comprehensive filtering options to user guide","messageBody":"The user guide previously did not detail the extensive\nfiltering capabilities of the application, specifically\nomitting the ability to filter employees by name, tags,\nrole, and team in the filter feature section. This\nomission limited the guide\u0027s usefulness and completeness.\n\nTo rectify this and provide a thorough understanding of\nthe filter command, the following enhancements have\nbeen made:\n\n* Updated the `filter` section to encompass filtering by\n  name, tags, role, and team, reflecting the full\n  functionality of the command.\n* Revised examples to showcase the versatility of\n  filtering by different criteria, both individually and\n  in combination.\n\nThese updates ensure the user guide accurately mirrors the\napplication\u0027s features, empowering users to leverage the\nfilter command to its full potential.\n\nBy documenting all filtering options, the guide now\nserves as a complete reference, enhancing user\ncomprehension and effectiveness in employing the\napplication’s filtering capabilities.\n","fileTypesAndContributionMap":{"docs":{"insertions":19,"deletions":0}}},{"hash":"37d115b7066845c45acc7c6e39d50f3e3bfc6360","isMergeCommit":false,"messageTitle":"Remove redundant ShowAllCommand","messageBody":"Previously, `ShowAllCommand` and `ListCommand`\nduplicated functionality, leading to confusion.\nTo improve user experience, `ShowAllCommand` was\nremoved, ensuring `ListCommand` suffices for\nlisting all entities.\n\nChanges made:\n- Removed `ShowAllCommand` to prevent function\n  overlap with `ListCommand`.\n- Tested `ListCommand` to confirm it meets all\n  listing needs.\n\nThis simplification enhances usability, making the\napplication more intuitive and efficient. Now,\n`ListCommand` alone offers a complete listing\nsolution, streamlining the command suite.\n","fileTypesAndContributionMap":{"functional-code":{"insertions":0,"deletions":20},"docs":{"insertions":0,"deletions":18},"test-code":{"insertions":14,"deletions":34}}},{"hash":"f718c88fa9f5787b905c3d250131b61d6aa96ac3","isMergeCommit":false,"messageTitle":"Increase code coverage","messageBody":"","fileTypesAndContributionMap":{"test-code":{"insertions":99,"deletions":2}}},{"hash":"b7fc10db6315c6e2c420f09a58257fddf5dcbabe","isMergeCommit":false,"messageTitle":"Fix checkstyle","messageBody":"","fileTypesAndContributionMap":{"test-code":{"insertions":16,"deletions":7}}}]},{"date":"2024-04-06","commitResults":[{"hash":"0b75924f867e1cc7f1fcaac1c9f22418a7cae07e","isMergeCommit":false,"messageTitle":"Fix UG documentation bug","messageBody":"","fileTypesAndContributionMap":{"docs":{"insertions":1,"deletions":1}}},{"hash":"541eace4cb6f97949371d2245ecdcac0f9888d7d","isMergeCommit":false,"messageTitle":"Improve User Guide","messageBody":"","fileTypesAndContributionMap":{"docs":{"insertions":48,"deletions":33}}},{"hash":"7784ff55957ff32a9a30b69a67b29596817b5c7b","isMergeCommit":false,"messageTitle":"Improve User Guide","messageBody":"","fileTypesAndContributionMap":{"docs":{"insertions":14,"deletions":10}}},{"hash":"0d981b8bce381e3f1eece0d7f8da0610ac8d902c","isMergeCommit":false,"messageTitle":"Improve User Guide","messageBody":"","fileTypesAndContributionMap":{"docs":{"insertions":7,"deletions":6}}}]},{"date":"2024-04-07","commitResults":[{"hash":"874d486542fcf88c2f70da52377065f762a75c55","isMergeCommit":false,"messageTitle":"Update user guide with command format","messageBody":"Revise the Features section of the user\nguide to include detailed command format\nexplanations, adding clarity on command\ninputs in ContactSwift. Enhancements\ninclude instructions, cautionary notes,\nand usage tips to improve understanding\nand usability. Added visual cues and\nhyperlinked terms to the glossary to aid\nnavigation and comprehension. These\nupdates aim to make the guide more user-\nfriendly and informative for effective\nutilization of ContactSwift\u0027s features.\n","fileTypesAndContributionMap":{"docs":{"insertions":68,"deletions":33}}}]},{"date":"2024-04-08","commitResults":[{"hash":"c31807e927dcd47ba32c6f9e42cccc7418b0a08d","isMergeCommit":false,"messageTitle":"Fix FilterCommand functionality in ContactSwift","messageBody":"Refined the FilterCommand parsing logic to correctly\nsupport multiple tags. Updated the parsing mechanism\nto strictly enforce single-value constraints for name,\nrole, and team fields, preventing ambiguity in filter\nconditions. These improvements ensure precise and\ntargeted employee searches, enhancing the usability\nand functionality of ContactSwift\u0027s filtering capabilities.\nThis commit aligns with our goal to provide clear,\neffective, and intuitive features for managing employee\ndata within the application.\n","fileTypesAndContributionMap":{"functional-code":{"insertions":24,"deletions":11},"test-code":{"insertions":22,"deletions":1}}},{"hash":"3d4ba053f257bf54cdbf5aecbdcee955e7aacf5a","isMergeCommit":false,"messageTitle":"Credit use of Model Stubs","messageBody":"","fileTypesAndContributionMap":{"other":{"insertions":4,"deletions":4},"test-code":{"insertions":10,"deletions":97}}}]}],"shayaansultan":[{"date":"2024-02-23","commitResults":[{"hash":"3a95ce0cca3ebb115d15420434391eab177088b7","isMergeCommit":true,"messageTitle":"Merge switch-docs-to-markbind","messageBody":"","fileTypesAndContributionMap":{}}]},{"date":"2024-03-07","commitResults":[{"hash":"cecd61bacd95ff606ad1a1cf4f1cbc85d6dbcc55","isMergeCommit":false,"messageTitle":"Update docs for markbind","messageBody":"","fileTypesAndContributionMap":{"docs":{"insertions":1,"deletions":1}}},{"hash":"bc80753b9a2ec9f2c482c57682bd573ba3adb46e","isMergeCommit":false,"messageTitle":"Update AboutUs documentation","messageBody":"","fileTypesAndContributionMap":{"docs":{"insertions":30,"deletions":4}}},{"hash":"8efbbaab1b4b7d6e7721ba76adc8e34ed00bdab5","isMergeCommit":false,"messageTitle":"Update glossary in developer guide with important terms and definitions","messageBody":"","fileTypesAndContributionMap":{"docs":{"insertions":26,"deletions":0}}},{"hash":"159d44a3d0cd4620f9fe8d8ba012fad43f3b11ea","isMergeCommit":false,"messageTitle":"Update Use Cases in Developer Guide","messageBody":"","fileTypesAndContributionMap":{"docs":{"insertions":58,"deletions":14}}},{"hash":"96a3d80cf0a2f430a3fd87fd2e898989b4d997a9","isMergeCommit":true,"messageTitle":"Merge pull request #21 from PyromancerBoom/add-priyanshbimbisariye-info","messageBody":"Add developer info","fileTypesAndContributionMap":{}},{"hash":"cdbb10e165cf9e39f6ae6daaca7b84e8a3c6089f","isMergeCommit":true,"messageTitle":"Merge pull request #23 from hjungwoo01/add-HongJungWoo-info","messageBody":"Add info","fileTypesAndContributionMap":{}}]},{"date":"2024-03-21","commitResults":[{"hash":"57a04f0210ebcdd7cae766c8cea7b606336f7376","isMergeCommit":false,"messageTitle":"Modify deleteByName method to handle multiple employees with same name","messageBody":"The deleteByName method in DeleteCommand.java previously deleted an\nemployee based on the name without checking if there were multiple\nemployees with the same name. This could lead to unintended deletions\nif multiple employees shared a name.\n\nThis commit modifies the deleteByName method to first check if there\nare multiple employees with the same name. If there are, it throws a\nCommandException with a message asking the user to delete by uid. If\nthere is only one employee with the name, it deletes the employee.\n\nThis change improves the robustness of the delete command and prevents\nunintended deletions.\n","fileTypesAndContributionMap":{"functional-code":{"insertions":16,"deletions":3}}},{"hash":"380aebf331d8ff04aefa17fc6bfdd15040979880","isMergeCommit":false,"messageTitle":"Implement deleteByUid feature in DeleteCommand and DeleteCommandParser","messageBody":"The DeleteCommand previously only supported deletion of employees by\nindex or name. However, this could lead to unintended deletions if\nmultiple employees shared a name.\n\nThis commit adds a new feature to the DeleteCommand that allows\nusers to delete employees by their unique id (uid). This is done\nby adding a new constructor to the DeleteCommand that takes a uid,\nand modifying the execute method to handle the case where a uid\nis provided.\n\nThe DeleteCommandParser is also updated to parse the uid input\nfrom the user. This involves checking if the input contains\n\"uid\", and if so, creating a new DeleteCommand with the uid.\n\nThis change provides users with a more precise way to\ndelete employees, especially in cases where multiple\nemployees share a name.\n","fileTypesAndContributionMap":{"functional-code":{"insertions":28,"deletions":1}}},{"hash":"41d5e2e137f355b318172af849a5b9feeb4cac59","isMergeCommit":true,"messageTitle":"Merge pull request #51 from hjungwoo01/add-tests","messageBody":"Add tests","tags":["MVP"],"fileTypesAndContributionMap":{}}]},{"date":"2024-03-29","commitResults":[{"hash":"0ac7b36a0f2c1f671cda28a37fc3222cebfa0076","isMergeCommit":false,"messageTitle":"Update Developer Guide with delete command details","messageBody":"The Developer Guide has been updated to include details about the\nimplementation of the delete command. This includes the handling of\ndeletion by name in case of duplicate names and deletion by unique id.\nThis information provides clarity on how these features are implemented\nand can assist other developers in understanding the codebase.\n","fileTypesAndContributionMap":{"docs":{"insertions":37,"deletions":0}}},{"hash":"0ae567ded23f2e937618330e284267e9259715c6","isMergeCommit":true,"messageTitle":"Merge pull request #67 from PyromancerBoom/update-developer-guide","messageBody":"Update Developer Guide with UID info","fileTypesAndContributionMap":{}},{"hash":"c2665468a0f60184cfb2e7a3a323088ad5903bdd","isMergeCommit":false,"messageTitle":"Update UpdatedEmployeeClassDiagram.puml to resolve checkstyle issues","messageBody":"","fileTypesAndContributionMap":{"docs":{"insertions":2,"deletions":1}}},{"hash":"2acb41120201255adfb2da3c2a1c998da0dd8c6e","isMergeCommit":false,"messageTitle":"Update quelinxiao.md to resolve checkstyle issues","messageBody":"","fileTypesAndContributionMap":{"docs":{"insertions":2,"deletions":1}}},{"hash":"32d17b54eb049bd2edf61f7c4f9e691e12e88135","isMergeCommit":false,"messageTitle":"Create Description class for Task","messageBody":"This commit introduces a new Description class in the task package.\nThe Description class represents a Task\u0027s description in the address\nbook. It includes validation checks to ensure that the description\nis not blank.\n\nThe class includes methods for constructing a Description object,\nvalidating a description string, and overriding the toString, equals,\nand hashCode methods.\n\nThis new class provides a structured way to handle task descriptions,\nimproving code readability and maintainability.\n","fileTypesAndContributionMap":{"functional-code":{"insertions":61,"deletions":0}}},{"hash":"1319c1b75ed66b364caceebf0bad42c6a276eb61","isMergeCommit":false,"messageTitle":"Create Task class with Description and status","messageBody":"This commit introduces a new Task class in the task package. The Task\nclass represents a task with a Description and a boolean status\nindicating if the task is done.\n\nThe class includes methods for constructing a Task object, marking\nand unmarking a task as done, and overriding the toString, equals,\nand hashCode methods.\n\nThis new class provides a structured way to handle tasks, improving\ncode readability and maintainability.\n","fileTypesAndContributionMap":{"functional-code":{"insertions":91,"deletions":0}}}]},{"date":"2024-03-30","commitResults":[{"hash":"92bbcd8e91624fcb48f2c7eb549dea1576a7d611","isMergeCommit":false,"messageTitle":"Create TodoList class to manage tasks","messageBody":"This commit introduces a new TodoList class in the todoList package.\nThe TodoList class represents a list of tasks for each employee.\n\nThe class includes methods for adding, removing, marking, and\nunmarking tasks, and overriding the toString method.\n\nThis new class provides a structured way to manage tasks, improving\ncode readability and maintainability.\n","fileTypesAndContributionMap":{"functional-code":{"insertions":66,"deletions":0}}}]},{"date":"2024-03-31","commitResults":[{"hash":"b4f42a1c2726b7aa94951a2fc77ef28d9b084b2f","isMergeCommit":false,"messageTitle":"Add tests for Description, Task, and TodoList classes","messageBody":"This commit adds unit tests for the Description, Task, and TodoList\nclasses in the task and todoList packages.\n\nThe tests cover the main functionalities of these classes, including\nvalidating descriptions, checking task equality, and managing tasks\nin a todo list.\n\nThese tests help ensure the correctness of the code and facilitate\nfuture refactoring and enhancement.\n","fileTypesAndContributionMap":{"test-code":{"insertions":93,"deletions":0}}},{"hash":"2f7e788f2b403359feaa707a38c3810f77106720","isMergeCommit":false,"messageTitle":"Add TodoList to Employee model","messageBody":"","fileTypesAndContributionMap":{"functional-code":{"insertions":7,"deletions":0}}},{"hash":"a5b867118300c4bb83d80a4d3354fccd5a0d95d2","isMergeCommit":false,"messageTitle":"Refactor TodoList to TaskList to align with other classes","messageBody":"","fileTypesAndContributionMap":{"other":{"insertions":8,"deletions":7}}},{"hash":"cca766a9eb47183bd904a22bd955d26712162a06","isMergeCommit":false,"messageTitle":"Resolve checkstyle issues in newly added classes","messageBody":"","fileTypesAndContributionMap":{"functional-code":{"insertions":21,"deletions":12},"other":{"insertions":6,"deletions":7},"test-code":{"insertions":6,"deletions":6}}},{"hash":"8e7f5545e1f4a2ffbc8566b3a18f484db4de579e","isMergeCommit":false,"messageTitle":"Add AddTaskCommand class for task management","messageBody":"The application currently lacks a way to add tasks to an employee\u0027s\ntodo list. This is a crucial feature for task management in a team.\n\nTo address this, the AddTaskCommand class was added. This class extends\nthe Command class and implements the functionality to add a task to an\nemployee\u0027s todo list. The command takes a unique employee id and a task\ndescription as input, and adds a new task with the given description to\nthe todo list of the corresponding employee.\n\nThis addition improves the application\u0027s task management capabilities\nand allows users to assign tasks to employees.\n","fileTypesAndContributionMap":{"functional-code":{"insertions":92,"deletions":0}}},{"hash":"1000e8ef926edd901e59cd91234c9bc6ee199dff","isMergeCommit":false,"messageTitle":"Enforce alphanumeric and non-blank constraints on Description","messageBody":"The Description class previously allowed any string to be used as a\ntask description. This could lead to undesired behavior, such as\ndescriptions with special characters or blank descriptions.\n\nTo improve data integrity, the Description class has been modified to\nonly allow alphanumeric characters and spaces in descriptions. In\naddition, descriptions cannot be blank, null, or consist only of\nwhitespace.\n\nThis change ensures that all task descriptions adhere to the defined\nformat and improves the robustness of the application.\n","fileTypesAndContributionMap":{"functional-code":{"insertions":3,"deletions":3}}},{"hash":"5df2544da05fbeb568327327c730fab8c8e2eb08","isMergeCommit":false,"messageTitle":"Modify success message string","messageBody":"","fileTypesAndContributionMap":{"functional-code":{"insertions":1,"deletions":1}}},{"hash":"74ff06f369ca8ddc1f01ccc452777675a67488b2","isMergeCommit":false,"messageTitle":"Add AddTaskCommandParser and update AddressBookParser","messageBody":"The application currently lacks a way to parse user input for the\naddTask command. This is a crucial feature for task management in a team.\n\nTo address this, the AddTaskCommandParser class was added. This class\nimplements the Parser interface and provides a parse method that creates\nan instance of the AddTaskCommand class from a given user input string.\n\nIn addition, the AddressBookParser class was updated to handle the\naddTask command. The parseCommand method of this class was modified to\nrecognize the addTask command word and call the AddTaskCommandParser.\n\nThese changes improve the application\u0027s task management capabilities\nand allow users to assign tasks to employees using the addTask command.\n","fileTypesAndContributionMap":{"functional-code":{"insertions":48,"deletions":0}}},{"hash":"912e3d6f2600d00d9e06f79d80c2bc5265c2cedc","isMergeCommit":false,"messageTitle":"Update toString for Task","messageBody":"","fileTypesAndContributionMap":{"functional-code":{"insertions":1,"deletions":1}}}]},{"date":"2024-04-01","commitResults":[{"hash":"be0ab1f425b3760fbccfd9cf572c8b2474600899","isMergeCommit":false,"messageTitle":"Update EditCommand to align with new employee model","messageBody":"","fileTypesAndContributionMap":{"functional-code":{"insertions":3,"deletions":1}}},{"hash":"7ba35da8c0ac2252c7c476201acabe82a4646b69","isMergeCommit":false,"messageTitle":"Update message success string to resolve bug","messageBody":"","fileTypesAndContributionMap":{"functional-code":{"insertions":1,"deletions":1}}},{"hash":"c8cb9d509f2e955fa96d54ba34dc1d458c175b92","isMergeCommit":false,"messageTitle":"Edit AddCommandParser to align with new Employee constructor","messageBody":"","fileTypesAndContributionMap":{"functional-code":{"insertions":5,"deletions":1}}},{"hash":"80ba40a4f3a9ef69464259bb621eb34d5dfd9e18","isMergeCommit":false,"messageTitle":"Add a new constructor for creating employee with existing tasks","messageBody":"","fileTypesAndContributionMap":{"functional-code":{"insertions":26,"deletions":4}}},{"hash":"a371f8e769a84e15b92fc0e839ece0c8a148dd29","isMergeCommit":false,"messageTitle":"Ensure sample data has empty list of tasks","messageBody":"","fileTypesAndContributionMap":{"functional-code":{"insertions":11,"deletions":6}}},{"hash":"7f73fc7aaed2c5984708865edd46e0cb397cc277","isMergeCommit":false,"messageTitle":"Edit string to resolve checkstyle issues","messageBody":"","fileTypesAndContributionMap":{"functional-code":{"insertions":4,"deletions":2}}},{"hash":"5450ae2ae6256ac1e87c76dd8864e54b1f251f1f","isMergeCommit":false,"messageTitle":"Add methods to validate and parse task strings in Task class","messageBody":"The Task class now includes two new methods: isValidTaskString and\nparseTaskString. The isValidTaskString method checks if a given string\nis a valid representation of a task, while the parseTaskString method\nconverts a valid task string into a Task object.\n\nThese methods are necessary for the storage of tasks. When tasks are\nstored as strings in a JSON file, these methods will be used to validate\nthe task strings and convert them back into Task objects when the data\nis loaded. This ensures that the tasks are stored and loaded correctly,\nand any invalid task strings are detected and handled appropriately.\n","fileTypesAndContributionMap":{"functional-code":{"insertions":30,"deletions":1}}},{"hash":"74f6ae539c76cac26036585142e81fd8cce4684d","isMergeCommit":false,"messageTitle":"Add task handling to JsonAdaptedEmployee and create JsonAdaptedTask","messageBody":"The JsonAdaptedEmployee class has been updated to handle tasks. It now\nincludes a list of JsonAdaptedTask objects, which represent the tasks\nof each employee in a format suitable for JSON storage. The constructor\nand toModelType method have been updated to convert between Task and\nJsonAdaptedTask objects.\n\nA new JsonAdaptedTask class has been created to handle the conversion\nbetween Task and JsonAdaptedTask objects. This class includes a\nconstructor that takes a Task object, a getTaskString method that\nreturns the task string, and a toModelType method that converts the\nJsonAdaptedTask back into a Task.\n\nThese changes are necessary for the storage of tasks. When tasks are\nstored as strings in a JSON file, these classes will be used to validate\nthe task strings and convert them back into Task objects when the data\nis loaded. This ensures that the tasks are stored and loaded correctly,\nand any invalid task strings are detected and handled appropriately.\n","fileTypesAndContributionMap":{"functional-code":{"insertions":75,"deletions":2}}},{"hash":"bfe343ecf4b6a1c77c5763346e563688da2a3390","isMergeCommit":false,"messageTitle":"Add tasks functionality to EmployeeBuilder","messageBody":"","fileTypesAndContributionMap":{"test-code":{"insertions":6,"deletions":0}}},{"hash":"f095b6bd8deaf385706f76a9989c4e9a2aab8c76","isMergeCommit":false,"messageTitle":"Edit test cases to align with current functionality","messageBody":"","fileTypesAndContributionMap":{"test-code":{"insertions":24,"deletions":17}}},{"hash":"bac1be4222917375279dbddf247e5d42510f7952","isMergeCommit":false,"messageTitle":"Add UI for Tasks","messageBody":"","fileTypesAndContributionMap":{"functional-code":{"insertions":9,"deletions":0}}},{"hash":"6e6b7bcb38c755c9174b60a8a5f88380ff03d706","isMergeCommit":false,"messageTitle":"Update TaskTest class for better code coverage","messageBody":"","fileTypesAndContributionMap":{"test-code":{"insertions":31,"deletions":1}}},{"hash":"321d503794c74d46e4b5344c51be40daacac4392","isMergeCommit":false,"messageTitle":"Update DescriptionTest and TaskListTest for better code coverage","messageBody":"","fileTypesAndContributionMap":{"test-code":{"insertions":76,"deletions":15}}},{"hash":"e985d7b0f55948f144dc163d26fd9aeb3cf1a67f","isMergeCommit":false,"messageTitle":"Create AddTaskCommandParserTest for testing relevant class","messageBody":"","fileTypesAndContributionMap":{"test-code":{"insertions":29,"deletions":0}}},{"hash":"73715b3477783e0bb2c42c3c48902074f05d35a4","isMergeCommit":false,"messageTitle":"Create AddTaskCommandTest to test relevant class","messageBody":"","fileTypesAndContributionMap":{"test-code":{"insertions":56,"deletions":0}}},{"hash":"a3f921d8fb6211570923eec95534482b904c1b87","isMergeCommit":false,"messageTitle":"Modify AddressBookParserTest for better code coverage","messageBody":"","fileTypesAndContributionMap":{"test-code":{"insertions":8,"deletions":1}}},{"hash":"a6845610bde6968f3b32c21f9429fb64b4f08fba","isMergeCommit":false,"messageTitle":"Modify tasklist in EmployeeBuilder","messageBody":"","fileTypesAndContributionMap":{"test-code":{"insertions":3,"deletions":0}}},{"hash":"32764a4b6ad4f62652028d35605cd0130ea0afc1","isMergeCommit":false,"messageTitle":"Create JsonAdaptedTaskTest for testing relevant class","messageBody":"","fileTypesAndContributionMap":{"test-code":{"insertions":30,"deletions":0}}},{"hash":"f69a32cdbebb9948fc1cd24f785546a7a23f5368","isMergeCommit":false,"messageTitle":"Create SampleDataUtilTest.java for testing relevant file","messageBody":"","fileTypesAndContributionMap":{"test-code":{"insertions":39,"deletions":0}}}]},{"date":"2024-04-03","commitResults":[{"hash":"8c2a82834d960e271fbe952fbfccced8e5e23ec6","isMergeCommit":true,"messageTitle":"Merge pull request #74 from hjungwoo01/73-add-mark-unmark-command","messageBody":"73 add mark unmark command","fileTypesAndContributionMap":{}}]},{"date":"2024-04-04","commitResults":[{"hash":"dcbc19bc5440218512d156a134819ac7503686ed","isMergeCommit":false,"messageTitle":"Add documentation for addTask, mark and unmark in user guide","messageBody":"","fileTypesAndContributionMap":{"docs":{"insertions":50,"deletions":0}}},{"hash":"3d58dfb9992879d6136a7cd262461b7ea2928091","isMergeCommit":true,"messageTitle":"Merge pull request #75 from PyromancerBoom/branch-statistics","messageBody":"Branch statistics","fileTypesAndContributionMap":{}},{"hash":"862d6d345be17a592feab596590f945ec49d86d3","isMergeCommit":false,"messageTitle":"Add deleteTask method in Employee class","messageBody":"","fileTypesAndContributionMap":{"functional-code":{"insertions":7,"deletions":0}}},{"hash":"7701cfe9cda6f4ad39026069c097b4e967b4ab51","isMergeCommit":false,"messageTitle":"Modify usage message to align with current functionality","messageBody":"","fileTypesAndContributionMap":{"functional-code":{"insertions":1,"deletions":1}}},{"hash":"5a369dbd52db4103ed3f0d74778cb12358b08416","isMergeCommit":false,"messageTitle":"Create a class for DeleteTaskCommand for deleting task from employee\u0027s tasklist","messageBody":"","fileTypesAndContributionMap":{"functional-code":{"insertions":98,"deletions":0}}},{"hash":"80928483e10faf747becdfc6a9508b3bd1140bac","isMergeCommit":false,"messageTitle":"Added and modified parsers to incorporate DeleteTask functionality","messageBody":"","fileTypesAndContributionMap":{"functional-code":{"insertions":44,"deletions":0}}},{"hash":"ffb032d8634becdbfb86fc2a9e3207f06c67c664","isMergeCommit":false,"messageTitle":"Add tests for DeleteCommandTest","messageBody":"","fileTypesAndContributionMap":{"test-code":{"insertions":73,"deletions":0}}},{"hash":"b8b8766bdeb6f34a04ec8dd63d7150fa15e8fca3","isMergeCommit":false,"messageTitle":"Add tests for DeleteTaskCommandParser","messageBody":"","fileTypesAndContributionMap":{"test-code":{"insertions":27,"deletions":0}}},{"hash":"22d3eb3c93b97b671aa558631f03bd0c934ea355","isMergeCommit":false,"messageTitle":"Update testcases for DeleteTaskCommandParser","messageBody":"","fileTypesAndContributionMap":{"test-code":{"insertions":3,"deletions":2}}},{"hash":"35e0c8f7c278a761d6be067a441bcf381cbee4a3","isMergeCommit":false,"messageTitle":"Remove extra test case","messageBody":"","fileTypesAndContributionMap":{"test-code":{"insertions":0,"deletions":10}}}]},{"date":"2024-04-05","commitResults":[{"hash":"71bf122426196fda501fbf8cee3c6631e903caf5","isMergeCommit":false,"messageTitle":"Fix testcases","messageBody":"","fileTypesAndContributionMap":{"test-code":{"insertions":11,"deletions":25}}},{"hash":"d4b0fa0876eaa00275d012a0a64d8b608fa541b3","isMergeCommit":false,"messageTitle":"Add DeleteTask test in AddressBookParserTest","messageBody":"","fileTypesAndContributionMap":{"test-code":{"insertions":9,"deletions":2}}},{"hash":"78c597de661706669eeb4f71c068a4855e4d1aa7","isMergeCommit":false,"messageTitle":"Fix checkstyle","messageBody":"","fileTypesAndContributionMap":{"test-code":{"insertions":2,"deletions":2}}},{"hash":"61552076b6fd3aaccb43510953f5e1fc3982ae74","isMergeCommit":false,"messageTitle":"Update UG for deleteTask","messageBody":"","fileTypesAndContributionMap":{"docs":{"insertions":15,"deletions":0}}}]},{"date":"2024-04-07","commitResults":[{"hash":"7db6ad3ce0e18fc2187b2f49d7dde1219744450c","isMergeCommit":true,"messageTitle":"Merge pull request #126 from hjungwoo01/125-improve-ug","messageBody":"Improve User Guide","fileTypesAndContributionMap":{}}]}]},"authorFileTypeContributionMap":{"PyromancerBoom":{"docs":225,"functional-code":369,"test-code":335,"other":1},"quelinxiao":{"docs":118,"functional-code":310,"test-code":226},"hjungwoo01":{"docs":319,"functional-code":1041,"test-code":1693,"other":4},"shayaansultan":{"docs":189,"functional-code":690,"test-code":441}},"authorContributionVariance":{"PyromancerBoom":16855.281,"quelinxiao":6374.72,"hjungwoo01":182558.78,"shayaansultan":10416.689},"authorDisplayNameMap":{"PyromancerBoom":"CS2103T-T17-2 BIMB..ANSH","quelinxiao":"CS2103T-T17-2 QUE ..XIAO","hjungwoo01":"CS2103T-T17-2 HONG.. WOO","shayaansultan":"CS2103T-T17-2 SULT..YAAN"}}
