[{"path":"docs/AboutUs.md","fileType":"docs","lines":[{"lineNumber":1,"author":{"gitId":"-"},"content":"---","lastModifiedDate":"2020-05-23"},{"lineNumber":2,"author":{"gitId":"-"},"content":"  layout: default.md","lastModifiedDate":"2023-09-12"},{"lineNumber":3,"author":{"gitId":"-"},"content":"  title: \"About Us\"","lastModifiedDate":"2023-09-12"},{"lineNumber":4,"author":{"gitId":"-"},"content":"---","lastModifiedDate":"2020-05-23"},{"lineNumber":5,"author":{"gitId":"-"},"content":"","lastModifiedDate":"2020-05-23"},{"lineNumber":6,"author":{"gitId":"-"},"content":"# About Us","lastModifiedDate":"2023-09-12"},{"lineNumber":7,"author":{"gitId":"-"},"content":"","lastModifiedDate":"2023-09-12"},{"lineNumber":8,"author":{"gitId":"-"},"content":"We are a team based in the [School of Computing, National University of Singapore](http://www.comp.nus.edu.sg).","lastModifiedDate":"2020-05-23"},{"lineNumber":9,"author":{"gitId":"-"},"content":"","lastModifiedDate":"2020-05-23"},{"lineNumber":10,"author":{"gitId":"-"},"content":"You can reach us at the email `seer[at]comp.nus.edu.sg`","lastModifiedDate":"2020-06-17"},{"lineNumber":11,"author":{"gitId":"-"},"content":"","lastModifiedDate":"2020-06-17"},{"lineNumber":12,"author":{"gitId":"-"},"content":"## Project team","lastModifiedDate":"2020-06-07"},{"lineNumber":13,"author":{"gitId":"-"},"content":"","lastModifiedDate":"2020-05-23"},{"lineNumber":14,"author":{"gitId":"g-tejas"},"content":"### Tejas Garrepally","lastModifiedDate":"2024-02-24"},{"lineNumber":15,"author":{"gitId":"-"},"content":"","lastModifiedDate":"2020-05-23"},{"lineNumber":16,"author":{"gitId":"g-tejas"},"content":"\u003cimg src\u003d\"images/tejas.png\" width\u003d\"200px\"\u003e","lastModifiedDate":"2024-02-24"},{"lineNumber":17,"author":{"gitId":"-"},"content":"","lastModifiedDate":"2020-05-23"},{"lineNumber":18,"author":{"gitId":"g-tejas"},"content":"[[homepage](http://www.gtejas.com)]","lastModifiedDate":"2024-02-24"},{"lineNumber":19,"author":{"gitId":"g-tejas"},"content":"[[github](https://github.com/g-tejas)]","lastModifiedDate":"2024-02-24"},{"lineNumber":20,"author":{"gitId":"-"},"content":"[[portfolio](team/johndoe.md)]","lastModifiedDate":"2020-05-23"},{"lineNumber":21,"author":{"gitId":"-"},"content":"","lastModifiedDate":"2020-05-23"},{"lineNumber":22,"author":{"gitId":"g-tejas"},"content":"* Role:","lastModifiedDate":"2024-02-24"},{"lineNumber":23,"author":{"gitId":"-"},"content":"","lastModifiedDate":"2020-05-23"},{"lineNumber":24,"author":{"gitId":"kailashgautham"},"content":"### Gautham Kailash","lastModifiedDate":"2024-02-24"},{"lineNumber":25,"author":{"gitId":"-"},"content":"","lastModifiedDate":"2020-05-23"},{"lineNumber":26,"author":{"gitId":"kailashgautham"},"content":"\u003cimg src\u003d\"images/kailashgautham.png\" width\u003d\"200px\"\u003e","lastModifiedDate":"2024-02-24"},{"lineNumber":27,"author":{"gitId":"-"},"content":"","lastModifiedDate":"2020-05-23"},{"lineNumber":28,"author":{"gitId":"kailashgautham"},"content":"[[homepage](https://www.kailashgautham.com)]","lastModifiedDate":"2024-02-24"},{"lineNumber":29,"author":{"gitId":"kailashgautham"},"content":"[[github](http://github.com/kailashgautham)]","lastModifiedDate":"2024-02-24"},{"lineNumber":30,"author":{"gitId":"kailashgautham"},"content":"[[portfolio](team/kailashgautham.md)]","lastModifiedDate":"2024-02-24"},{"lineNumber":31,"author":{"gitId":"-"},"content":"","lastModifiedDate":"2020-05-23"},{"lineNumber":32,"author":{"gitId":"kailashgautham"},"content":"* Role: TBC","lastModifiedDate":"2024-02-24"},{"lineNumber":33,"author":{"gitId":"kailashgautham"},"content":"* Responsibilities: TBC","lastModifiedDate":"2024-02-24"},{"lineNumber":34,"author":{"gitId":"-"},"content":"","lastModifiedDate":"2020-05-23"},{"lineNumber":35,"author":{"gitId":"-"},"content":"### Johnny Doe","lastModifiedDate":"2020-05-23"},{"lineNumber":36,"author":{"gitId":"-"},"content":"","lastModifiedDate":"2020-05-23"},{"lineNumber":37,"author":{"gitId":"-"},"content":"\u003cimg src\u003d\"images/johndoe.png\" width\u003d\"200px\"\u003e","lastModifiedDate":"2020-06-17"},{"lineNumber":38,"author":{"gitId":"-"},"content":"","lastModifiedDate":"2020-05-23"},{"lineNumber":39,"author":{"gitId":"-"},"content":"[[github](http://github.com/johndoe)] [[portfolio](team/johndoe.md)]","lastModifiedDate":"2020-06-17"},{"lineNumber":40,"author":{"gitId":"-"},"content":"","lastModifiedDate":"2020-05-23"},{"lineNumber":41,"author":{"gitId":"-"},"content":"* Role: Developer","lastModifiedDate":"2020-05-23"},{"lineNumber":42,"author":{"gitId":"-"},"content":"* Responsibilities: Data","lastModifiedDate":"2020-05-23"},{"lineNumber":43,"author":{"gitId":"-"},"content":"","lastModifiedDate":"2020-05-23"},{"lineNumber":44,"author":{"gitId":"-"},"content":"### Jean Doe","lastModifiedDate":"2020-06-17"},{"lineNumber":45,"author":{"gitId":"-"},"content":"","lastModifiedDate":"2020-05-23"},{"lineNumber":46,"author":{"gitId":"-"},"content":"\u003cimg src\u003d\"images/johndoe.png\" width\u003d\"200px\"\u003e","lastModifiedDate":"2020-06-17"},{"lineNumber":47,"author":{"gitId":"-"},"content":"","lastModifiedDate":"2020-05-23"},{"lineNumber":48,"author":{"gitId":"-"},"content":"[[github](http://github.com/johndoe)]","lastModifiedDate":"2020-06-17"},{"lineNumber":49,"author":{"gitId":"-"},"content":"[[portfolio](team/johndoe.md)]","lastModifiedDate":"2020-05-23"},{"lineNumber":50,"author":{"gitId":"-"},"content":"","lastModifiedDate":"2020-05-23"},{"lineNumber":51,"author":{"gitId":"-"},"content":"* Role: Developer","lastModifiedDate":"2020-05-23"},{"lineNumber":52,"author":{"gitId":"-"},"content":"* Responsibilities: Dev Ops + Threading","lastModifiedDate":"2020-05-23"},{"lineNumber":53,"author":{"gitId":"-"},"content":"","lastModifiedDate":"2020-05-23"},{"lineNumber":54,"author":{"gitId":"-"},"content":"### James Doe","lastModifiedDate":"2020-06-17"},{"lineNumber":55,"author":{"gitId":"-"},"content":"","lastModifiedDate":"2020-05-23"},{"lineNumber":56,"author":{"gitId":"-"},"content":"\u003cimg src\u003d\"images/johndoe.png\" width\u003d\"200px\"\u003e","lastModifiedDate":"2020-06-17"},{"lineNumber":57,"author":{"gitId":"-"},"content":"","lastModifiedDate":"2020-05-23"},{"lineNumber":58,"author":{"gitId":"-"},"content":"[[github](http://github.com/johndoe)]","lastModifiedDate":"2020-06-17"},{"lineNumber":59,"author":{"gitId":"-"},"content":"[[portfolio](team/johndoe.md)]","lastModifiedDate":"2020-05-23"},{"lineNumber":60,"author":{"gitId":"-"},"content":"","lastModifiedDate":"2020-05-23"},{"lineNumber":61,"author":{"gitId":"-"},"content":"* Role: Developer","lastModifiedDate":"2020-05-23"},{"lineNumber":62,"author":{"gitId":"-"},"content":"* Responsibilities: UI","lastModifiedDate":"2020-05-23"}],"authorContributionMap":{"kailashgautham":7,"g-tejas":5,"-":50}},{"path":"docs/team/kailashgautham.md","fileType":"docs","lines":[{"lineNumber":1,"author":{"gitId":"kailashgautham"},"content":"---","lastModifiedDate":"2024-02-24"},{"lineNumber":2,"author":{"gitId":"kailashgautham"},"content":"  layout: default.md","lastModifiedDate":"2024-02-24"},{"lineNumber":3,"author":{"gitId":"kailashgautham"},"content":"  title: \"Kailash Gautham\u0027s Project Portfolio Page\"","lastModifiedDate":"2024-02-24"},{"lineNumber":4,"author":{"gitId":"kailashgautham"},"content":"---","lastModifiedDate":"2024-02-24"},{"lineNumber":5,"author":{"gitId":"kailashgautham"},"content":"","lastModifiedDate":"2024-02-24"},{"lineNumber":6,"author":{"gitId":"kailashgautham"},"content":"### Project: AddressBook Level 3","lastModifiedDate":"2024-02-24"},{"lineNumber":7,"author":{"gitId":"kailashgautham"},"content":"","lastModifiedDate":"2024-02-24"},{"lineNumber":8,"author":{"gitId":"kailashgautham"},"content":"AddressBook - Level 3 is a desktop address book application used for teaching Software Engineering principles. The user interacts with it using a CLI, and it has a GUI created with JavaFX. It is written in Java, and has about 10 kLoC.","lastModifiedDate":"2024-02-24"},{"lineNumber":9,"author":{"gitId":"kailashgautham"},"content":"","lastModifiedDate":"2024-02-24"},{"lineNumber":10,"author":{"gitId":"kailashgautham"},"content":"Given below are my contributions to the project.","lastModifiedDate":"2024-02-24"},{"lineNumber":11,"author":{"gitId":"kailashgautham"},"content":"","lastModifiedDate":"2024-02-24"},{"lineNumber":12,"author":{"gitId":"kailashgautham"},"content":"* **New Feature**: Added the ability to undo/redo previous commands.","lastModifiedDate":"2024-02-24"},{"lineNumber":13,"author":{"gitId":"kailashgautham"},"content":"  * What it does: allows the user to undo all previous commands one at a time. Preceding undo commands can be reversed by using the redo command.","lastModifiedDate":"2024-02-24"},{"lineNumber":14,"author":{"gitId":"kailashgautham"},"content":"  * Justification: This feature improves the product significantly because a user can make mistakes in commands and the app should provide a convenient way to rectify them.","lastModifiedDate":"2024-02-24"},{"lineNumber":15,"author":{"gitId":"kailashgautham"},"content":"  * Highlights: This enhancement affects existing commands and commands to be added in future. It required an in-depth analysis of design alternatives. The implementation too was challenging as it required changes to existing commands.","lastModifiedDate":"2024-02-24"},{"lineNumber":16,"author":{"gitId":"kailashgautham"},"content":"  * Credits: *{mention here if you reused any code/ideas from elsewhere or if a third-party library is heavily used in the feature so that a reader can make a more accurate judgement of how much effort went into the feature}*","lastModifiedDate":"2024-02-24"},{"lineNumber":17,"author":{"gitId":"kailashgautham"},"content":"","lastModifiedDate":"2024-02-24"},{"lineNumber":18,"author":{"gitId":"kailashgautham"},"content":"* **New Feature**: Added a history command that allows the user to navigate to previous commands using up/down keys.","lastModifiedDate":"2024-02-24"},{"lineNumber":19,"author":{"gitId":"kailashgautham"},"content":"","lastModifiedDate":"2024-02-24"},{"lineNumber":20,"author":{"gitId":"kailashgautham"},"content":"* **Code contributed**: [RepoSense link]()","lastModifiedDate":"2024-02-24"},{"lineNumber":21,"author":{"gitId":"kailashgautham"},"content":"","lastModifiedDate":"2024-02-24"},{"lineNumber":22,"author":{"gitId":"kailashgautham"},"content":"* **Project management**:","lastModifiedDate":"2024-02-24"},{"lineNumber":23,"author":{"gitId":"kailashgautham"},"content":"  * Managed releases `v1.3` - `v1.5rc` (3 releases) on GitHub","lastModifiedDate":"2024-02-24"},{"lineNumber":24,"author":{"gitId":"kailashgautham"},"content":"","lastModifiedDate":"2024-02-24"},{"lineNumber":25,"author":{"gitId":"kailashgautham"},"content":"* **Enhancements to existing features**:","lastModifiedDate":"2024-02-24"},{"lineNumber":26,"author":{"gitId":"kailashgautham"},"content":"  * Updated the GUI color scheme (Pull requests [\\#33](), [\\#34]())","lastModifiedDate":"2024-02-24"},{"lineNumber":27,"author":{"gitId":"kailashgautham"},"content":"  * Wrote additional tests for existing features to increase coverage from 88% to 92% (Pull requests [\\#36](), [\\#38]())","lastModifiedDate":"2024-02-24"},{"lineNumber":28,"author":{"gitId":"kailashgautham"},"content":"","lastModifiedDate":"2024-02-24"},{"lineNumber":29,"author":{"gitId":"kailashgautham"},"content":"* **Documentation**:","lastModifiedDate":"2024-02-24"},{"lineNumber":30,"author":{"gitId":"kailashgautham"},"content":"  * User Guide:","lastModifiedDate":"2024-02-24"},{"lineNumber":31,"author":{"gitId":"kailashgautham"},"content":"    * Added documentation for the features `delete` and `find` [\\#72]()","lastModifiedDate":"2024-02-24"},{"lineNumber":32,"author":{"gitId":"kailashgautham"},"content":"    * Did cosmetic tweaks to existing documentation of features `clear`, `exit`: [\\#74]()","lastModifiedDate":"2024-02-24"},{"lineNumber":33,"author":{"gitId":"kailashgautham"},"content":"  * Developer Guide:","lastModifiedDate":"2024-02-24"},{"lineNumber":34,"author":{"gitId":"kailashgautham"},"content":"    * Added implementation details of the `delete` feature.","lastModifiedDate":"2024-02-24"},{"lineNumber":35,"author":{"gitId":"kailashgautham"},"content":"","lastModifiedDate":"2024-02-24"},{"lineNumber":36,"author":{"gitId":"kailashgautham"},"content":"* **Community**:","lastModifiedDate":"2024-02-24"},{"lineNumber":37,"author":{"gitId":"kailashgautham"},"content":"  * PRs reviewed (with non-trivial review comments): [\\#12](), [\\#32](), [\\#19](), [\\#42]()","lastModifiedDate":"2024-02-24"},{"lineNumber":38,"author":{"gitId":"kailashgautham"},"content":"  * Contributed to forum discussions (examples: [1](), [2](), [3](), [4]())","lastModifiedDate":"2024-02-24"},{"lineNumber":39,"author":{"gitId":"kailashgautham"},"content":"  * Reported bugs and suggestions for other teams in the class (examples: [1](), [2](), [3]())","lastModifiedDate":"2024-02-24"},{"lineNumber":40,"author":{"gitId":"kailashgautham"},"content":"  * Some parts of the history feature I added was adopted by several other class mates ([1](), [2]())","lastModifiedDate":"2024-02-24"},{"lineNumber":41,"author":{"gitId":"kailashgautham"},"content":"","lastModifiedDate":"2024-02-24"},{"lineNumber":42,"author":{"gitId":"kailashgautham"},"content":"* **Tools**:","lastModifiedDate":"2024-02-24"},{"lineNumber":43,"author":{"gitId":"kailashgautham"},"content":"  * Integrated a third party library (Natty) to the project ([\\#42]())","lastModifiedDate":"2024-02-24"},{"lineNumber":44,"author":{"gitId":"kailashgautham"},"content":"  * Integrated a new Github plugin (CircleCI) to the team repo","lastModifiedDate":"2024-02-24"},{"lineNumber":45,"author":{"gitId":"kailashgautham"},"content":"","lastModifiedDate":"2024-02-24"},{"lineNumber":46,"author":{"gitId":"kailashgautham"},"content":"* _{you can add/remove categories in the list above}_","lastModifiedDate":"2024-02-24"}],"authorContributionMap":{"kailashgautham":46}},{"path":"docs/team/tejasgarrepally.md","fileType":"docs","lines":[{"lineNumber":1,"author":{"gitId":"g-tejas"},"content":"---","lastModifiedDate":"2024-02-27"},{"lineNumber":2,"author":{"gitId":"g-tejas"},"content":"  layout: default.md","lastModifiedDate":"2024-02-27"},{"lineNumber":3,"author":{"gitId":"g-tejas"},"content":"  title: \"Tejas Garrepally\u0027s Project Portfolio Page\"","lastModifiedDate":"2024-02-27"},{"lineNumber":4,"author":{"gitId":"g-tejas"},"content":"---","lastModifiedDate":"2024-02-27"},{"lineNumber":5,"author":{"gitId":"g-tejas"},"content":"","lastModifiedDate":"2024-02-27"},{"lineNumber":6,"author":{"gitId":"g-tejas"},"content":"### Project: AddressBook Level 3","lastModifiedDate":"2024-02-27"},{"lineNumber":7,"author":{"gitId":"g-tejas"},"content":"","lastModifiedDate":"2024-02-27"},{"lineNumber":8,"author":{"gitId":"g-tejas"},"content":"AddressBook - Level 3 is a desktop address book application used for teaching Software Engineering principles. The user interacts with it using a CLI, and it has a GUI created with JavaFX. It is written in Java, and has about 10 kLoC.","lastModifiedDate":"2024-02-27"},{"lineNumber":9,"author":{"gitId":"g-tejas"},"content":"","lastModifiedDate":"2024-02-27"},{"lineNumber":10,"author":{"gitId":"g-tejas"},"content":"Given below are my contributions to the project.","lastModifiedDate":"2024-02-27"},{"lineNumber":11,"author":{"gitId":"g-tejas"},"content":"","lastModifiedDate":"2024-02-27"},{"lineNumber":12,"author":{"gitId":"g-tejas"},"content":"* **New Feature**: Added the ability to undo/redo previous commands.","lastModifiedDate":"2024-02-27"},{"lineNumber":13,"author":{"gitId":"g-tejas"},"content":"  * What it does: allows the user to undo all previous commands one at a time. Preceding undo commands can be reversed by using the redo command.","lastModifiedDate":"2024-02-27"},{"lineNumber":14,"author":{"gitId":"g-tejas"},"content":"  * Justification: This feature improves the product significantly because a user can make mistakes in commands and the app should provide a convenient way to rectify them.","lastModifiedDate":"2024-02-27"},{"lineNumber":15,"author":{"gitId":"g-tejas"},"content":"  * Highlights: This enhancement affects existing commands and commands to be added in future. It required an in-depth analysis of design alternatives. The implementation too was challenging as it required changes to existing commands.","lastModifiedDate":"2024-02-27"},{"lineNumber":16,"author":{"gitId":"g-tejas"},"content":"  * Credits: *{mention here if you reused any code/ideas from elsewhere or if a third-party library is heavily used in the feature so that a reader can make a more accurate judgement of how much effort went into the feature}*","lastModifiedDate":"2024-02-27"},{"lineNumber":17,"author":{"gitId":"g-tejas"},"content":"","lastModifiedDate":"2024-02-27"},{"lineNumber":18,"author":{"gitId":"g-tejas"},"content":"* **New Feature**: Added a history command that allows the user to navigate to previous commands using up/down keys.","lastModifiedDate":"2024-02-27"},{"lineNumber":19,"author":{"gitId":"g-tejas"},"content":"","lastModifiedDate":"2024-02-27"},{"lineNumber":20,"author":{"gitId":"g-tejas"},"content":"* **Code contributed**: [RepoSense link]()","lastModifiedDate":"2024-02-27"},{"lineNumber":21,"author":{"gitId":"g-tejas"},"content":"","lastModifiedDate":"2024-02-27"},{"lineNumber":22,"author":{"gitId":"g-tejas"},"content":"* **Project management**:","lastModifiedDate":"2024-02-27"},{"lineNumber":23,"author":{"gitId":"g-tejas"},"content":"  * Managed releases `v1.3` - `v1.5rc` (3 releases) on GitHub","lastModifiedDate":"2024-02-27"},{"lineNumber":24,"author":{"gitId":"g-tejas"},"content":"","lastModifiedDate":"2024-02-27"},{"lineNumber":25,"author":{"gitId":"g-tejas"},"content":"* **Enhancements to existing features**:","lastModifiedDate":"2024-02-27"},{"lineNumber":26,"author":{"gitId":"g-tejas"},"content":"  * Updated the GUI color scheme (Pull requests [\\#33](), [\\#34]())","lastModifiedDate":"2024-02-27"},{"lineNumber":27,"author":{"gitId":"g-tejas"},"content":"  * Wrote additional tests for existing features to increase coverage from 88% to 92% (Pull requests [\\#36](), [\\#38]())","lastModifiedDate":"2024-02-27"},{"lineNumber":28,"author":{"gitId":"g-tejas"},"content":"","lastModifiedDate":"2024-02-27"},{"lineNumber":29,"author":{"gitId":"g-tejas"},"content":"* **Documentation**:","lastModifiedDate":"2024-02-27"},{"lineNumber":30,"author":{"gitId":"g-tejas"},"content":"  * User Guide:","lastModifiedDate":"2024-02-27"},{"lineNumber":31,"author":{"gitId":"g-tejas"},"content":"    * Added documentation for the features `delete` and `find` [\\#72]()","lastModifiedDate":"2024-02-27"},{"lineNumber":32,"author":{"gitId":"g-tejas"},"content":"    * Did cosmetic tweaks to existing documentation of features `clear`, `exit`: [\\#74]()","lastModifiedDate":"2024-02-27"},{"lineNumber":33,"author":{"gitId":"g-tejas"},"content":"  * Developer Guide:","lastModifiedDate":"2024-02-27"},{"lineNumber":34,"author":{"gitId":"g-tejas"},"content":"    * Added implementation details of the `delete` feature.","lastModifiedDate":"2024-02-27"},{"lineNumber":35,"author":{"gitId":"g-tejas"},"content":"","lastModifiedDate":"2024-02-27"},{"lineNumber":36,"author":{"gitId":"g-tejas"},"content":"* **Community**:","lastModifiedDate":"2024-02-27"},{"lineNumber":37,"author":{"gitId":"g-tejas"},"content":"  * PRs reviewed (with non-trivial review comments): [\\#12](), [\\#32](), [\\#19](), [\\#42]()","lastModifiedDate":"2024-02-27"},{"lineNumber":38,"author":{"gitId":"g-tejas"},"content":"  * Contributed to forum discussions (examples: [1](), [2](), [3](), [4]())","lastModifiedDate":"2024-02-27"},{"lineNumber":39,"author":{"gitId":"g-tejas"},"content":"  * Reported bugs and suggestions for other teams in the class (examples: [1](), [2](), [3]())","lastModifiedDate":"2024-02-27"},{"lineNumber":40,"author":{"gitId":"g-tejas"},"content":"  * Some parts of the history feature I added was adopted by several other class mates ([1](), [2]())","lastModifiedDate":"2024-02-27"},{"lineNumber":41,"author":{"gitId":"g-tejas"},"content":"","lastModifiedDate":"2024-02-27"},{"lineNumber":42,"author":{"gitId":"g-tejas"},"content":"* **Tools**:","lastModifiedDate":"2024-02-27"},{"lineNumber":43,"author":{"gitId":"g-tejas"},"content":"  * Integrated a third party library (Natty) to the project ([\\#42]())","lastModifiedDate":"2024-02-27"},{"lineNumber":44,"author":{"gitId":"g-tejas"},"content":"  * Integrated a new Github plugin (CircleCI) to the team repo","lastModifiedDate":"2024-02-27"},{"lineNumber":45,"author":{"gitId":"g-tejas"},"content":"","lastModifiedDate":"2024-02-27"},{"lineNumber":46,"author":{"gitId":"g-tejas"},"content":"* _{you can add/remove categories in the list above}_","lastModifiedDate":"2024-02-27"}],"authorContributionMap":{"g-tejas":46}}]
