{"authorDailyContributionsMap":{"TheodoreKooo":[{"date":"2024-03-08","commitResults":[{"hash":"132d7e369934c4e97b99f05624804a8510cea4fb","isMergeCommit":false,"messageTitle":"Added in user stories","messageBody":"","fileTypesAndContributionMap":{"docs":{"insertions":23,"deletions":8}}}]},{"date":"2024-03-09","commitResults":[{"hash":"72df52096f3e1f2ad5119770b2908e78b4c00d9c","isMergeCommit":true,"messageTitle":"Merge pull request #9 from GiselleTan/update-DG","messageBody":"Update developer guide","fileTypesAndContributionMap":{}},{"hash":"dda1f449d4bf58dd6fa236c91e83e329a567ff20","isMergeCommit":false,"messageTitle":"changed \"with the clients\" to \"with my clients\" and \"need\" to \"work with\"","messageBody":"","fileTypesAndContributionMap":{"docs":{"insertions":23,"deletions":23}}}]},{"date":"2024-03-10","commitResults":[{"hash":"c777c04cad0be20996c28f460619a2782a759883","isMergeCommit":false,"messageTitle":"Added in the use cases UC01 - UC04","messageBody":"","fileTypesAndContributionMap":{"docs":{"insertions":44,"deletions":8}}}]},{"date":"2024-03-19","commitResults":[{"hash":"d7e1cb80cdbf6296d7d8fa2bd401c16e6e71b5ab","isMergeCommit":false,"messageTitle":"no message","messageBody":"","fileTypesAndContributionMap":{"docs":{"insertions":1,"deletions":1}}},{"hash":"9451309929be50e392a24e315d9f3b64515da57b","isMergeCommit":false,"messageTitle":"Updated the developer guide use cases","messageBody":"","fileTypesAndContributionMap":{"docs":{"insertions":6,"deletions":5}}}]},{"date":"2024-03-22","commitResults":[{"hash":"5231dba68211b8bc065f0586f6f49d0de7123e2c","isMergeCommit":false,"messageTitle":"Added in the UML Diagrams for the View command. This includes Object, Sequence and Acitivity UML Diagrams. The code-wise execution of the command is also detailed below.","messageBody":"","fileTypesAndContributionMap":{"functional-code":{"insertions":1,"deletions":1},"docs":{"insertions":32,"deletions":1}}},{"hash":"c0260b1b5603c0fbe740e902c7a5b226c16a3710","isMergeCommit":false,"messageTitle":"Tried to resolve some of the issues with trailing whitespaces.","messageBody":"","fileTypesAndContributionMap":{"functional-code":{"insertions":1,"deletions":1},"docs":{"insertions":4,"deletions":4}}}]},{"date":"2024-03-26","commitResults":[{"hash":"0180d5d66f5c42134477989fcc43242f2ec518d8","isMergeCommit":false,"messageTitle":"Implemented the FindTag Command","messageBody":"","fileTypesAndContributionMap":{"functional-code":{"insertions":116,"deletions":11}}},{"hash":"72d63e7c11ef411d8517a2a4e8900ef7945f1c55","isMergeCommit":false,"messageTitle":"Added new line at end of file","messageBody":"","fileTypesAndContributionMap":{"functional-code":{"insertions":1,"deletions":1}}},{"hash":"0692d0d716582538f303e4bdc926bd1c7b868fca","isMergeCommit":false,"messageTitle":"Changed some code to match the styling.","messageBody":"","fileTypesAndContributionMap":{"functional-code":{"insertions":16,"deletions":9}}},{"hash":"04179620b68249281abad73381f3227035f29a6e","isMergeCommit":false,"messageTitle":"no message","messageBody":"","fileTypesAndContributionMap":{"functional-code":{"insertions":13,"deletions":2}}},{"hash":"f3d5613dba2e767750428f14e6bdc9fdc6a6f0d4","isMergeCommit":false,"messageTitle":"Changed the imports of AddressBookParser to lexicographical order","messageBody":"","fileTypesAndContributionMap":{"functional-code":{"insertions":5,"deletions":5}}},{"hash":"b0bc803bc5e1e2dd595eb746662c2b87b3aec427","isMergeCommit":false,"messageTitle":"no message","messageBody":"","fileTypesAndContributionMap":{"functional-code":{"insertions":0,"deletions":1}}}]},{"date":"2024-03-27","commitResults":[{"hash":"6559c995068a9c0e74f3730677195a9157c70e8d","isMergeCommit":true,"messageTitle":"Merge pull request #43 from GiselleTan/update-deleteCommand-DG","messageBody":"Update delete command in developer guide","fileTypesAndContributionMap":{}},{"hash":"6cd9140214097e8500be016996533acccff066a7","isMergeCommit":true,"messageTitle":"Merge pull request #45 from GiselleTan/update-delete-empty-list","messageBody":"Update DeleteCommand to account for empty list","fileTypesAndContributionMap":{}},{"hash":"6404bd8ee20cd4df33a5d8106901c248f8749ea4","isMergeCommit":false,"messageTitle":"Added in the basic information about the find-tag feature in the DG. This includes the implementation and supporting diagrams.","messageBody":"","fileTypesAndContributionMap":{"docs":{"insertions":27,"deletions":5}}}]},{"date":"2024-03-28","commitResults":[{"hash":"c851d399667b69632c3965c98ab860bf62097867","isMergeCommit":false,"messageTitle":"Added in the puml for the FindTag diagrams.","messageBody":"","fileTypesAndContributionMap":{"docs":{"insertions":73,"deletions":0}}},{"hash":"648c98491112eccfdfa8b1573d0fcb58bf75ae86","isMergeCommit":true,"messageTitle":"Merge branch \u0027master\u0027 into Find-by-tags-Function","messageBody":"","fileTypesAndContributionMap":{}},{"hash":"f9b6657b6f7d2f89ba17e95d8a82de659c1043f7","isMergeCommit":false,"messageTitle":"Added the View Command Class diagram and puml.","messageBody":"","fileTypesAndContributionMap":{"docs":{"insertions":47,"deletions":0}}},{"hash":"721f15e7035e0704467585f18be1669dfb3919f5","isMergeCommit":true,"messageTitle":"Merge branch \u0027master\u0027 into Find-by-tags-Function","messageBody":"","fileTypesAndContributionMap":{}},{"hash":"b6c42e48de7f95a7ec590532fdb6ce41502881e9","isMergeCommit":false,"messageTitle":"Created class diagram for FindTag. Also Created Object diagrams detailing the state of the program at various steps of the execution of FindTag.","messageBody":"","fileTypesAndContributionMap":{"docs":{"insertions":128,"deletions":6}}},{"hash":"78d7fc72695988692d5d522fa768c86141bea68e","isMergeCommit":false,"messageTitle":"Changed the message to specify that the user needs to search for the entire tag, not just partially.","messageBody":"","fileTypesAndContributionMap":{"functional-code":{"insertions":3,"deletions":1}}}]},{"date":"2024-03-29","commitResults":[{"hash":"7686aa60978cbcf323bfef2f94f9949da2311cd4","isMergeCommit":true,"messageTitle":"Merge pull request #49 from camille-readbean/add-appointments","messageBody":"Add basic model and test for appointments","fileTypesAndContributionMap":{}},{"hash":"e077b190374498b4cebb93cca17b1a130e5dbc4d","isMergeCommit":true,"messageTitle":"Merge pull request #51 from VatsalVitosh/ui","messageBody":"Update UI","fileTypesAndContributionMap":{}}]},{"date":"2024-03-31","commitResults":[{"hash":"30b379ab909186819a79e45ca41ad5984f1f1bb3","isMergeCommit":false,"messageTitle":"Update User Guide with Find-Tag Command","messageBody":"","fileTypesAndContributionMap":{"docs":{"insertions":25,"deletions":0}}},{"hash":"9af70556a04e205b775b9f7405e5425e379740fb","isMergeCommit":false,"messageTitle":"Update the User Guide with the View Command","messageBody":"","fileTypesAndContributionMap":{"docs":{"insertions":12,"deletions":1}}},{"hash":"3458e89ca0c517d25b82f3207c6551b85ea8fd9a","isMergeCommit":false,"messageTitle":"Fix typo in User Guide","messageBody":"","fileTypesAndContributionMap":{"docs":{"insertions":1,"deletions":1}}},{"hash":"0d5296fad086f14f990d1406df63c0f36079bda8","isMergeCommit":false,"messageTitle":"Update `find` to `find-name` in User Guide","messageBody":"","fileTypesAndContributionMap":{"docs":{"insertions":1,"deletions":1}}},{"hash":"b89453e98a61810881969af6202d87078abfb199","isMergeCommit":false,"messageTitle":"UserGuide.md: Update FindTag command example","messageBody":"","fileTypesAndContributionMap":{"docs":{"insertions":7,"deletions":6}}},{"hash":"1efdcdceacb419a0c42a15a53846e6365eb537bb","isMergeCommit":false,"messageTitle":"UserGuide.md: Update FindTag command information","messageBody":"","fileTypesAndContributionMap":{"docs":{"insertions":3,"deletions":3}}},{"hash":"b1d0f830acf00fec78ff39176c0066411c4c75f8","isMergeCommit":false,"messageTitle":"no message","messageBody":"","fileTypesAndContributionMap":{"functional-code":{"insertions":0,"deletions":2}}},{"hash":"eb22bad2463d09164ea2372c77baddf403b3c81c","isMergeCommit":false,"messageTitle":"Update find-tag and view class diagrams","messageBody":"","fileTypesAndContributionMap":{"docs":{"insertions":51,"deletions":46}}},{"hash":"cc90fcbdd4b107c6051be050c08844d63f651be1","isMergeCommit":false,"messageTitle":"DeveloperGuide.md: Remov Object Diagram for view and find-tag","messageBody":"","fileTypesAndContributionMap":{"docs":{"insertions":0,"deletions":78}}}]},{"date":"2024-04-01","commitResults":[{"hash":"cd414a1b0e4afb7edfa8ba4429e3e28a907e492a","isMergeCommit":false,"messageTitle":"Add FindTagCommandTest.java and other relevant helper methods","messageBody":"","fileTypesAndContributionMap":{"functional-code":{"insertions":23,"deletions":0},"test-code":{"insertions":103,"deletions":0}}},{"hash":"c85830ded0d972e718160d701e3e109f5ebd7a7f","isMergeCommit":false,"messageTitle":"FindTagCommandTest.java: Remove star imports","messageBody":"","fileTypesAndContributionMap":{"test-code":{"insertions":4,"deletions":1}}}]},{"date":"2024-04-03","commitResults":[{"hash":"026f862b0b75321fe633bb711564d1ac80357cb8","isMergeCommit":true,"messageTitle":"Merge pull request #71 from VatsalVitosh/UG-unschedule","messageBody":"Update UG with Unschedule feature","fileTypesAndContributionMap":{}},{"hash":"cb472f54ae25f1f7581488a17c31a8df3851b408","isMergeCommit":false,"messageTitle":"DeveloperGuide.md: Add use case 5, 6","messageBody":"","fileTypesAndContributionMap":{"docs":{"insertions":70,"deletions":22}}},{"hash":"2e3210f23745f295b54490b472281d47051c4589","isMergeCommit":false,"messageTitle":"DeveloperGuide.md: add Use case 7, 8","messageBody":"","fileTypesAndContributionMap":{"docs":{"insertions":56,"deletions":7}}},{"hash":"f4e74a78dc4eef1897ec42eb0f65830f573d49a3","isMergeCommit":false,"messageTitle":"DeveloperGuide.md: fix typo","messageBody":"","fileTypesAndContributionMap":{"docs":{"insertions":1,"deletions":1}}},{"hash":"0e0253c3da55831c5a010b808e448980e4aad08b","isMergeCommit":false,"messageTitle":"DeveloperGuide.md: Update Extensions for some use cases","messageBody":"","fileTypesAndContributionMap":{"docs":{"insertions":14,"deletions":11}}},{"hash":"d78f2a0f401c24d4564200e2ba723e02799cf1bd","isMergeCommit":true,"messageTitle":"Merge branch \u0027master\u0027 into DG-UG-Standardisation","messageBody":"","fileTypesAndContributionMap":{}},{"hash":"fee1c2787bd2a46a1f92cf4a5a5df29681a32321","isMergeCommit":false,"messageTitle":"UserGuide.md: Rearranged the commands to match the DG","messageBody":"","fileTypesAndContributionMap":{"docs":{"insertions":76,"deletions":57}}},{"hash":"bb5c5a0d1cdda666d1f35aa5f752daa4286d1cdf","isMergeCommit":false,"messageTitle":"UserGuide.md: Revert changes done from previous commit","messageBody":"","fileTypesAndContributionMap":{"docs":{"insertions":68,"deletions":72}}},{"hash":"0fb8439fddb8ccc382c4e9077c45075f696e64ef","isMergeCommit":false,"messageTitle":"DeveloperGuide.md: Fix typos","messageBody":"","fileTypesAndContributionMap":{"docs":{"insertions":12,"deletions":12}}}]},{"date":"2024-04-04","commitResults":[{"hash":"cb32cf07bf011d658f17a292c0aa4cdf06497c7e","isMergeCommit":false,"messageTitle":"DeveloperGuide.md: Update Extension for Delete UserGuide.md: Fix Typo for View","messageBody":"","fileTypesAndContributionMap":{"docs":{"insertions":2,"deletions":1}}}]},{"date":"2024-04-08","commitResults":[{"hash":"18542bdcb26ef3a3d92cfba7913092cb5e8beb78","isMergeCommit":true,"messageTitle":"Merge pull request #120 from vannykin/branch-fix-PED-bugs","messageBody":"Fix PED Bugs","fileTypesAndContributionMap":{}}]}],"vannykin":[{"date":"2024-03-17","commitResults":[{"hash":"dcfdb533dbeb12d0bd21d88844e8b9c20b5b8ec7","isMergeCommit":false,"messageTitle":"Add ViewCommand","messageBody":"","fileTypesAndContributionMap":{"functional-code":{"insertions":132,"deletions":24},"other":{"insertions":580,"deletions":0},"test-code":{"insertions":124,"deletions":4}}},{"hash":"47f4e0af563773694cc249333b3d785d647c0666","isMergeCommit":false,"messageTitle":"Solve style issues","messageBody":"","fileTypesAndContributionMap":{"functional-code":{"insertions":1,"deletions":2},"docs":{"insertions":7,"deletions":7}}},{"hash":"a9c34347c5017714691ecf090b21389c787df069","isMergeCommit":false,"messageTitle":"Solve indentation issues","messageBody":"","fileTypesAndContributionMap":{"functional-code":{"insertions":21,"deletions":21}}},{"hash":"637a61e1276a0a1e85d1d0a38749a8d29f3f3418","isMergeCommit":false,"messageTitle":"Solve line length issue","messageBody":"","fileTypesAndContributionMap":{"test-code":{"insertions":2,"deletions":2}}}]},{"date":"2024-03-23","commitResults":[{"hash":"6ee900ed6feef1cd3f97e23aa3cb01e054505083","isMergeCommit":true,"messageTitle":"Merge pull request #32 from TheodoreKooo/View-Cmd-Object-Diagram","messageBody":"Added in the UML Diagrams and execution details for the View command.","fileTypesAndContributionMap":{}}]},{"date":"2024-03-28","commitResults":[{"hash":"15b9e538b23d1c1f3aa87e1ba3d303745a11b534","isMergeCommit":false,"messageTitle":"Add puml files and images of view command diagrams","messageBody":"","fileTypesAndContributionMap":{"docs":{"insertions":102,"deletions":0}}},{"hash":"e18a5a2fd558ff120331d3a79f958dcb35b6c093","isMergeCommit":false,"messageTitle":"Add newlines at EOF of viewsequencediagram and viewobjectdiagram","messageBody":"","fileTypesAndContributionMap":{"docs":{"insertions":2,"deletions":2}}},{"hash":"b601109078731356c3f588fb1e4ea7904e59144e","isMergeCommit":true,"messageTitle":"Merge pull request #47 from TheodoreKooo/Find-by-tags-Function","messageBody":"FindTag and View commands DG updates","fileTypesAndContributionMap":{}}]},{"date":"2024-04-01","commitResults":[{"hash":"63e8773248c7388f13c7e66abadf98017567a92a","isMergeCommit":false,"messageTitle":"Add Note Field","messageBody":"","fileTypesAndContributionMap":{"functional-code":{"insertions":65,"deletions":0}}},{"hash":"596b764ca0c51a7c1ba594f353565ae0b1e3f5de","isMergeCommit":false,"messageTitle":"Uploading all modified files for note field","messageBody":"","fileTypesAndContributionMap":{"functional-code":{"insertions":115,"deletions":30},"test-code":{"insertions":139,"deletions":50}}},{"hash":"5b2280e85fe5866047fb4791b69bf7d34263b2ec","isMergeCommit":false,"messageTitle":"Updated FXML file for note field","messageBody":"","fileTypesAndContributionMap":{"functional-code":{"insertions":9,"deletions":8},"test-code":{"insertions":5,"deletions":2}}}]},{"date":"2024-04-03","commitResults":[{"hash":"06547373f376aedc6e157ef018457d4da67c4787","isMergeCommit":true,"messageTitle":"Merge pull request #70 from VatsalVitosh/UG-schedule","messageBody":"Update UG with Schedule feature","fileTypesAndContributionMap":{}},{"hash":"b50e4b7990554930bd25ce81bc9433376aa8cac0","isMergeCommit":false,"messageTitle":"Update UG, DG with new Note field","messageBody":"","fileTypesAndContributionMap":{"docs":{"insertions":14,"deletions":12}}},{"hash":"fffe237e055e3823038db35cece79274a12d5159","isMergeCommit":false,"messageTitle":"Update UG, DG with new Note field","messageBody":"","fileTypesAndContributionMap":{"docs":{"insertions":10,"deletions":10}}},{"hash":"9a0243b6e55dc47491e1356a642612a061a08a71","isMergeCommit":false,"messageTitle":"Correct typos","messageBody":"","fileTypesAndContributionMap":{"docs":{"insertions":5,"deletions":5}}}]},{"date":"2024-04-08","commitResults":[{"hash":"8dbd4abae8aab0d51c338b2e2d368009b9686522","isMergeCommit":false,"messageTitle":"Fix PED Bugs","messageBody":"","fileTypesAndContributionMap":{"functional-code":{"insertions":2,"deletions":2},"docs":{"insertions":16,"deletions":26}}},{"hash":"a51a219e15dc2eca75dbb940ada7a41c5881d7cc","isMergeCommit":false,"messageTitle":"Fix UG bugs","messageBody":"","fileTypesAndContributionMap":{"docs":{"insertions":3,"deletions":1}}}]}],"VatsalVitosh":[{"date":"2024-03-28","commitResults":[{"hash":"a5aa94e2a178093cd2cea746d1119a6a61457ed5","isMergeCommit":false,"messageTitle":"Update UI","messageBody":"","fileTypesAndContributionMap":{"functional-code":{"insertions":53,"deletions":39}}}]},{"date":"2024-03-29","commitResults":[{"hash":"d7f69622587886e69a3de001314e71bae616cd11","isMergeCommit":false,"messageTitle":"Update help message ui","messageBody":"","fileTypesAndContributionMap":{"functional-code":{"insertions":29,"deletions":20}}},{"hash":"ccf9ffc94c13839d9d042ddf163f73c086a6b604","isMergeCommit":false,"messageTitle":"Update HelpWindow.css","messageBody":"","fileTypesAndContributionMap":{"functional-code":{"insertions":1,"deletions":3}}},{"hash":"90d3154c0963a1d41fb74af0b2b68dc0d98b6bc0","isMergeCommit":false,"messageTitle":"Update HelpWindow.fxml","messageBody":"","fileTypesAndContributionMap":{"functional-code":{"insertions":0,"deletions":1}}},{"hash":"f1f5d82fa191eb5bc0215fd70f80fb4ff644f4a0","isMergeCommit":true,"messageTitle":"Merge branch \u0027master\u0027 into ui","messageBody":"","fileTypesAndContributionMap":{}},{"hash":"3a9085c84b3295f7ca8f73bd821146b411d0e4aa","isMergeCommit":false,"messageTitle":"Fix HelpWindow.css","messageBody":"","fileTypesAndContributionMap":{"functional-code":{"insertions":0,"deletions":4}}},{"hash":"0d8355d049d8f597722e7270c9779cfb51b08fd4","isMergeCommit":false,"messageTitle":"Add newline at eof","messageBody":"","fileTypesAndContributionMap":{"functional-code":{"insertions":1,"deletions":1}}}]},{"date":"2024-03-30","commitResults":[{"hash":"e79a87e6351e369c4f42b7cdcb66e81a714b947a","isMergeCommit":true,"messageTitle":"Merge pull request #52 from camille-readbean/fix-page-breaks","messageBody":"Fix page breaks","fileTypesAndContributionMap":{}}]},{"date":"2024-04-03","commitResults":[{"hash":"6f464e487716830e9a51d9ba27867f74dae589eb","isMergeCommit":false,"messageTitle":"Update UG with Schedule feature","messageBody":"","fileTypesAndContributionMap":{"docs":{"insertions":19,"deletions":0}}},{"hash":"8ef24e3926db42e175b7c4c0c76bc5e68419eb95","isMergeCommit":false,"messageTitle":"Fix spelling errors in UG","messageBody":"","fileTypesAndContributionMap":{"docs":{"insertions":5,"deletions":5}}},{"hash":"b0edb7b75628a326b7cba746da52afd136bd3173","isMergeCommit":true,"messageTitle":"Merge branch \u0027master\u0027 into UG-unschedule","messageBody":"","fileTypesAndContributionMap":{}},{"hash":"50849fa500d05800f87027fb68de18ba00263a3d","isMergeCommit":false,"messageTitle":"Update UG with Unschedule feature","messageBody":"","fileTypesAndContributionMap":{"docs":{"insertions":17,"deletions":0}}},{"hash":"8306b4682feff417e93c58907097a15bab0ae3dc","isMergeCommit":false,"messageTitle":"Fix spelling errors in UG","messageBody":"","fileTypesAndContributionMap":{"docs":{"insertions":5,"deletions":5}}},{"hash":"40f795a38e9c8a4d7084cbdd5537da4acd9f9cd2","isMergeCommit":true,"messageTitle":"Merge pull request #74 from vannykin/branch-update-UG-DG","messageBody":"Branch update ug dg","fileTypesAndContributionMap":{}}]},{"date":"2024-04-05","commitResults":[{"hash":"fbb73ec9360136fe1340f3d683512a7952c26e37","isMergeCommit":true,"messageTitle":"Merge pull request #78 from GiselleTan/update-help","messageBody":"Update help command to include schedule and unschedule","fileTypesAndContributionMap":{}}]}],"GiselleTan":[{"date":"2024-03-07","commitResults":[{"hash":"2c88da3a0553d3421095f4599036b7a76576cbb5","isMergeCommit":false,"messageTitle":"Update target user profile","messageBody":"","fileTypesAndContributionMap":{"docs":{"insertions":1,"deletions":0}}},{"hash":"a035cb718f8a89ffeb34900c456455bc9593803a","isMergeCommit":false,"messageTitle":"Update value proposition","messageBody":"","fileTypesAndContributionMap":{"docs":{"insertions":3,"deletions":1}}},{"hash":"ddf93d04fcf0b0745512dcd6df639134e5edddbb","isMergeCommit":false,"messageTitle":"Update non-functional requirements","messageBody":"","fileTypesAndContributionMap":{"docs":{"insertions":4,"deletions":0}}},{"hash":"f6c6581280f0283e3806d636c63282d33a28d66d","isMergeCommit":false,"messageTitle":"Update glossary","messageBody":"","fileTypesAndContributionMap":{"docs":{"insertions":2,"deletions":0}}}]},{"date":"2024-03-08","commitResults":[{"hash":"65a8ac5e938f4aa69e999df37cff5a5d1752f381","isMergeCommit":false,"messageTitle":"Add appointment to glossary","messageBody":"","fileTypesAndContributionMap":{"docs":{"insertions":2,"deletions":1}}},{"hash":"32583acdbf74b1742e0955b83bcda70f7391501e","isMergeCommit":false,"messageTitle":"Correct typo for non-functional requirement","messageBody":"","fileTypesAndContributionMap":{"docs":{"insertions":1,"deletions":1}}},{"hash":"9fdf3939640f56d91a1d17e7309c387ec2c377f2","isMergeCommit":false,"messageTitle":"Update existing use case","messageBody":"","fileTypesAndContributionMap":{"docs":{"insertions":5,"deletions":5}}}]},{"date":"2024-03-09","commitResults":[{"hash":"9ccd500d56fa2aad4fbf74cb3cf778c7e9a370cb","isMergeCommit":true,"messageTitle":"Merge pull request #10 from TheodoreKooo/DG-User-Stories","messageBody":"Added in user stories","fileTypesAndContributionMap":{}}]},{"date":"2024-03-17","commitResults":[{"hash":"c3b52915898c00e26227d5e27a1b1a915b333656","isMergeCommit":false,"messageTitle":"Update command word and sucess message","messageBody":"","fileTypesAndContributionMap":{"functional-code":{"insertions":3,"deletions":3}}},{"hash":"bc2666e427889a0a6c2d718394a3048c8ff2238a","isMergeCommit":false,"messageTitle":"Update success message test","messageBody":"","fileTypesAndContributionMap":{"test-code":{"insertions":2,"deletions":2}}},{"hash":"4f40b30315aaddeecea79ad7ec73c71bc40164b7","isMergeCommit":false,"messageTitle":"Update testcase","messageBody":"","fileTypesAndContributionMap":{"test-code":{"insertions":1,"deletions":1}}},{"hash":"4f0c8f292c7ed70cd61ddccc7794e24e45976fd2","isMergeCommit":false,"messageTitle":"Update failure message and testcases","messageBody":"","fileTypesAndContributionMap":{"functional-code":{"insertions":6,"deletions":2},"test-code":{"insertions":10,"deletions":4}}},{"hash":"0753951517f93da9888b9f84116c021b98f5b6d0","isMergeCommit":false,"messageTitle":"Update delete command user guide","messageBody":"","fileTypesAndContributionMap":{"docs":{"insertions":4,"deletions":4}}},{"hash":"578fb5b063e318ca2a3eed4797fcbb6f01dc00ae","isMergeCommit":false,"messageTitle":"Update more delete to del","messageBody":"","fileTypesAndContributionMap":{"docs":{"insertions":2,"deletions":2}}}]},{"date":"2024-03-18","commitResults":[{"hash":"68163d87adca1640c6bfcd2c45ab3cba064ab412","isMergeCommit":true,"messageTitle":"Merge pull request #27 from GiselleTan/update-deleteCommand","messageBody":"Update Delete Command","fileTypesAndContributionMap":{}},{"hash":"45b9cefe91a04f8e0626b517b68b5bdb81bae139","isMergeCommit":true,"messageTitle":"Merge pull request #28 from GiselleTan/update-deleteCommand-UG","messageBody":"Update delete command user guide","fileTypesAndContributionMap":{}}]},{"date":"2024-03-20","commitResults":[{"hash":"5541a5b92a3c9ba0421f84692e0428b49d9e27c0","isMergeCommit":true,"messageTitle":"Merge pull request #30 from TheodoreKooo/DG-UpdateUserGuide-UseCases","messageBody":"Update DG use cases","fileTypesAndContributionMap":{}}]},{"date":"2024-03-23","commitResults":[{"hash":"7036f09a258ae8aea6147c5aa0cd8a8138682f6b","isMergeCommit":false,"messageTitle":"Update UniquePersonList to UniqueClientList","messageBody":"","fileTypesAndContributionMap":{"functional-code":{"insertions":3,"deletions":3},"other":{"insertions":5,"deletions":5},"docs":{"insertions":9,"deletions":9},"test-code":{"insertions":47,"deletions":47}}},{"hash":"09e0838377f1b049e95011768aa7070b6c81048f","isMergeCommit":false,"messageTitle":"Change file name from person to client","messageBody":"","fileTypesAndContributionMap":{"functional-code":{"insertions":40,"deletions":40},"other":{"insertions":20,"deletions":20},"docs":{"insertions":2,"deletions":2},"test-code":{"insertions":45,"deletions":45}}},{"hash":"abb146f824e8eb069b0913376daa2ee8bb630bea","isMergeCommit":false,"messageTitle":"Change DuplicatePersonException to DuplicateClientException","messageBody":"","fileTypesAndContributionMap":{"functional-code":{"insertions":4,"deletions":4},"other":{"insertions":2,"deletions":2},"test-code":{"insertions":15,"deletions":15}}},{"hash":"07c34e8bff95634b057e958d5b1bdbe3fe0cac8c","isMergeCommit":false,"messageTitle":"Change PersonNotFoundException to ClientNotFoundException","messageBody":"","fileTypesAndContributionMap":{"functional-code":{"insertions":3,"deletions":3},"other":{"insertions":1,"deletions":1},"test-code":{"insertions":5,"deletions":5}}},{"hash":"da0e889111039b84e28cb53d623ea4bca106d36b","isMergeCommit":false,"messageTitle":"Change isSamePerson() to isSameClient()","messageBody":"","fileTypesAndContributionMap":{"functional-code":{"insertions":9,"deletions":9},"docs":{"insertions":1,"deletions":1},"test-code":{"insertions":9,"deletions":9}}},{"hash":"4c448593ffddeead7ea2721b64e15b3bcfceb72d","isMergeCommit":false,"messageTitle":"Change UniqueClientList:setPerson to :setClient","messageBody":"","fileTypesAndContributionMap":{"functional-code":{"insertions":7,"deletions":7},"docs":{"insertions":4,"deletions":4},"test-code":{"insertions":11,"deletions":11}}},{"hash":"24822518147728aba20d22b5fe5e68c7b5ac5b34","isMergeCommit":false,"messageTitle":"Change UniqueClientList:setPersons to :setClients","messageBody":"","fileTypesAndContributionMap":{"functional-code":{"insertions":5,"deletions":5},"test-code":{"insertions":5,"deletions":5}}},{"hash":"da9280fd8a1434600e9545cdcb8f6fa885072c61","isMergeCommit":false,"messageTitle":"Change UniqueClientList:personsAreUnique to :clientsAreUnique","messageBody":"","fileTypesAndContributionMap":{"functional-code":{"insertions":4,"deletions":4}}},{"hash":"0fdd20d6fa782a6a5ac32547f0ee587b3f733552","isMergeCommit":false,"messageTitle":"Change all instaces of persons to clients","messageBody":"","fileTypesAndContributionMap":{"functional-code":{"insertions":32,"deletions":32},"docs":{"insertions":7,"deletions":7},"test-code":{"insertions":2,"deletions":2}}},{"hash":"68b184ed6fc58413420275b0888660bbd8b5dbd4","isMergeCommit":false,"messageTitle":"Change all instaces of person to client","messageBody":"","fileTypesAndContributionMap":{"docs":{"insertions":24,"deletions":24},"test-code":{"insertions":20,"deletions":20}}},{"hash":"9cfb3b82562ed5cc6de3ed5583b3238bdf5823a4","isMergeCommit":false,"messageTitle":"Change AddressBook:hasPerson to :hasClient","messageBody":"","fileTypesAndContributionMap":{"functional-code":{"insertions":7,"deletions":7},"test-code":{"insertions":10,"deletions":10}}},{"hash":"47498075b90803c653ce80b6c3a5b616066f0472","isMergeCommit":false,"messageTitle":"Change AddressBook:addPerson to :addClient","messageBody":"","fileTypesAndContributionMap":{"functional-code":{"insertions":7,"deletions":7},"docs":{"insertions":1,"deletions":1},"test-code":{"insertions":11,"deletions":11}}},{"hash":"c55936e808a7221de52741896de00e59a4042d14","isMergeCommit":false,"messageTitle":"Change AddressBook:removePerson to :removeClient","messageBody":"","fileTypesAndContributionMap":{"functional-code":{"insertions":2,"deletions":2},"test-code":{"insertions":1,"deletions":1}}},{"hash":"19dffa4efb4c3d0c116b22e339b1ab4e42bf25e2","isMergeCommit":false,"messageTitle":"Change AddressBook:getPersonList to :getClientList","messageBody":"","fileTypesAndContributionMap":{"functional-code":{"insertions":5,"deletions":5},"test-code":{"insertions":9,"deletions":9}}},{"hash":"20e202d9a9d9aa8798507c0581962ad86e4217f8","isMergeCommit":false,"messageTitle":"Change Model:PREDICATE_SHOW_ALL_PERSONS to PREDICATE_SHOW_ALL_CLIENTS","messageBody":"","fileTypesAndContributionMap":{"functional-code":{"insertions":6,"deletions":6},"test-code":{"insertions":2,"deletions":2}}},{"hash":"8c46d64814f9010932f8d606f25f50971159e32c","isMergeCommit":false,"messageTitle":"Change Model:deletePerson to :deleteClient","messageBody":"","fileTypesAndContributionMap":{"functional-code":{"insertions":3,"deletions":3},"docs":{"insertions":2,"deletions":2},"test-code":{"insertions":3,"deletions":3}}},{"hash":"f94fb5582febf44f3da7bedc21982694e2083f8d","isMergeCommit":false,"messageTitle":"Change Model:getFilteredPersonList to :getFilteredClientList","messageBody":"","fileTypesAndContributionMap":{"functional-code":{"insertions":10,"deletions":10},"test-code":{"insertions":26,"deletions":26}}},{"hash":"b6a1b52f601d83a799258411b1a05469434d7302","isMergeCommit":false,"messageTitle":"Change Model:updateFilteredPersonList to :updateFilteredClientList","messageBody":"","fileTypesAndContributionMap":{"functional-code":{"insertions":6,"deletions":6},"test-code":{"insertions":7,"deletions":7}}},{"hash":"091d0a2ca18bbde2be86d67b6ae9ed0989291cca","isMergeCommit":false,"messageTitle":"Change SampleDataUtil:getSamplePersons to :getSampleClients","messageBody":"","fileTypesAndContributionMap":{"functional-code":{"insertions":2,"deletions":2}}},{"hash":"0613b6253473bb276598df58b11978371d0d30a9","isMergeCommit":false,"messageTitle":"Change MESSAGE_DUPLICATE_PERSON to MESSAGE_DUPLICATE_CLIENT","messageBody":"","fileTypesAndContributionMap":{"functional-code":{"insertions":6,"deletions":6},"test-code":{"insertions":5,"deletions":5}}},{"hash":"d5af3fb3be2df4147bcbd90015ab4bcf4068658e","isMergeCommit":false,"messageTitle":"Change DeleteCommand:MESSAGE_DELETE_PERSON_SUCCESS to MESSAGE_DELETE_CLIENT_SUCCESS","messageBody":"","fileTypesAndContributionMap":{"functional-code":{"insertions":2,"deletions":2},"test-code":{"insertions":2,"deletions":2}}},{"hash":"223bce161c03d31032a88db6104fbec1f10a23ef","isMergeCommit":false,"messageTitle":"Change DeleteCommand:MESSAGE_DELETE_PERSON_FAIL to MESSAGE_DELETE_CLIENT_FAIL","messageBody":"","fileTypesAndContributionMap":{"functional-code":{"insertions":3,"deletions":3},"test-code":{"insertions":4,"deletions":4}}},{"hash":"0fa14c6d72a45c5763bb0fa88c8ba63a34e06490","isMergeCommit":false,"messageTitle":"Change EditCommand:MESSAGE_EDIT_PERSON_SUCCESS to MESSAGE_EDIT_CLIENT_SUCCESS","messageBody":"","fileTypesAndContributionMap":{"functional-code":{"insertions":2,"deletions":2},"test-code":{"insertions":4,"deletions":4}}},{"hash":"1dc392224d4feaaf2ced43bab4fd69e462d6ff54","isMergeCommit":false,"messageTitle":"Change EditCommand:EditPersonDescriptor to :EditClientDescriptor","messageBody":"","fileTypesAndContributionMap":{"functional-code":{"insertions":29,"deletions":29},"docs":{"insertions":1,"deletions":1},"test-code":{"insertions":48,"deletions":48}}},{"hash":"a5048aa8fab6203ba6d416bd0ecf271e35a6b3f9","isMergeCommit":false,"messageTitle":"Change EditCommand:createEditedPerson to :CreateEditedClient","messageBody":"","fileTypesAndContributionMap":{"functional-code":{"insertions":2,"deletions":2}}},{"hash":"fc6b648f19ae3274716a19aa39ebdd7b8558a9fb","isMergeCommit":false,"messageTitle":"Change EditCommand:otherEditPersonDescriptor to otherEditClientDescriptor","messageBody":"","fileTypesAndContributionMap":{"functional-code":{"insertions":6,"deletions":6}}},{"hash":"2aad73996aa522ba0297de511d803176dd74025a","isMergeCommit":false,"messageTitle":"Change ViewCommand:MESSAGE_VIEW_PERSON_SUCCESS to MESSAGE_VIEW_CLIENT_SUCCESS","messageBody":"","fileTypesAndContributionMap":{"functional-code":{"insertions":2,"deletions":2}}},{"hash":"424b0a24058231bdd107a17e2ac96242d78813e8","isMergeCommit":false,"messageTitle":"Change Messages.MESSAGE_INVALID_PERSON_DISPLAYED_INDEX to MESSAGE_INVALID_CLIENT_DISPLAYED_INDEX","messageBody":"","fileTypesAndContributionMap":{"functional-code":{"insertions":4,"deletions":4},"test-code":{"insertions":8,"deletions":8}}},{"hash":"0c03e9776736775ecde7d3a96e900b2dc9fa4eb2","isMergeCommit":false,"messageTitle":"Change Messages.MESSAGE_PERSONS_LISTED_OVERVIEW to MESSAGE_CLIENTS_LISTED_OVERVIEW","messageBody":"","fileTypesAndContributionMap":{"functional-code":{"insertions":2,"deletions":2},"test-code":{"insertions":3,"deletions":3}}},{"hash":"e04cacd1ee7d81a3b5b34b404b47c58687ce98a1","isMergeCommit":false,"messageTitle":"Change JsonAdaptedPerson to JsonAdaptedClient","messageBody":"","fileTypesAndContributionMap":{"other":{"insertions":0,"deletions":0}}},{"hash":"4ba26fb6b6e45e49ce4a5946d7fc3a5a38f58666","isMergeCommit":false,"messageTitle":"Change JsonAdaptedPerson to JsonAdaptedClient","messageBody":"","fileTypesAndContributionMap":{"functional-code":{"insertions":8,"deletions":8},"docs":{"insertions":3,"deletions":3},"test-code":{"insertions":16,"deletions":16}}},{"hash":"9681f579aa449a345fd51f2687eac7bf6455ef6d","isMergeCommit":false,"messageTitle":"Change JsonAdaptedClient:personTags to :clientTags","messageBody":"","fileTypesAndContributionMap":{"functional-code":{"insertions":3,"deletions":3}}},{"hash":"7599cfcae669fd2f2ec751fd34fcb40903b58d44","isMergeCommit":false,"messageTitle":"Change MainWindow:personListPanelPlaceholder to clientListPanelPlaceholder","messageBody":"","fileTypesAndContributionMap":{"functional-code":{"insertions":3,"deletions":3}}},{"hash":"d19811db7ff6a2605715ed1ce5b13c3a32580628","isMergeCommit":false,"messageTitle":"Change MainWindow:personListPanel to clientListPanel","messageBody":"","fileTypesAndContributionMap":{"functional-code":{"insertions":5,"deletions":5}}},{"hash":"a6145f56ff917bd18d3863f981620e189ad59042","isMergeCommit":false,"messageTitle":"Change MainWindow:getPersonListPanel to getClientListPanel","messageBody":"","fileTypesAndContributionMap":{"functional-code":{"insertions":1,"deletions":1}}},{"hash":"5c30eedc40337713e1f03503b7d898ae95aedb89","isMergeCommit":false,"messageTitle":"Change PersonCard to ClientCard","messageBody":"","fileTypesAndContributionMap":{"functional-code":{"insertions":2,"deletions":2},"other":{"insertions":2,"deletions":2},"docs":{"insertions":4,"deletions":4}}},{"hash":"a1e585995574e2688d5602622b5cca70a1617504","isMergeCommit":false,"messageTitle":"Change PersonListPanel to ClientListPanel","messageBody":"","fileTypesAndContributionMap":{"functional-code":{"insertions":3,"deletions":3},"other":{"insertions":5,"deletions":5},"docs":{"insertions":6,"deletions":6}}},{"hash":"eaecbf1b84680e51757d13e27500c3d3b061dda4","isMergeCommit":false,"messageTitle":"Change ClientListPanel:personListView to clientListView","messageBody":"","fileTypesAndContributionMap":{"functional-code":{"insertions":3,"deletions":3},"other":{"insertions":1,"deletions":1}}},{"hash":"071a64f35a6c3a9c04a508975146b242a3ee163c","isMergeCommit":false,"messageTitle":"Change invalidAndValidPersonAddressBook to invalidAndValidClientAddressBook","messageBody":"","fileTypesAndContributionMap":{"test-code":{"insertions":2,"deletions":2}}},{"hash":"c03e8d5bf3e4c3d0dd3832012c462c908d389fb8","isMergeCommit":false,"messageTitle":"Change duplicatePersonAddressBook to duplicateClientAddressBook","messageBody":"","fileTypesAndContributionMap":{"test-code":{"insertions":1,"deletions":1}}},{"hash":"794ad57e1dbcc0fd2f7e7fddfd4c6b130f1517c9","isMergeCommit":false,"messageTitle":"Change typicalPersonsAddressBook to typicalClientsAddressBook","messageBody":"","fileTypesAndContributionMap":{"test-code":{"insertions":3,"deletions":3}}},{"hash":"f92300123dad381721a2bdf886a963642759c4b0","isMergeCommit":false,"messageTitle":"Change IndexTest:fifthPersonIndex to :fifthClientIndex","messageBody":"","fileTypesAndContributionMap":{"test-code":{"insertions":7,"deletions":7}}},{"hash":"33e2f4df5e71baa85f64b02fba16de076990cee2","isMergeCommit":false,"messageTitle":"Change person to client in JsonSerializableAddressBookTest","messageBody":"","fileTypesAndContributionMap":{"test-code":{"insertions":8,"deletions":8}}},{"hash":"09b296baba5a84b65ee7a26a9ea6bd5da35aca79","isMergeCommit":false,"messageTitle":"Change AddressBookBuilder:withPerson to :withClient","messageBody":"","fileTypesAndContributionMap":{"test-code":{"insertions":6,"deletions":6}}},{"hash":"0202e574d66dbd668325d368bc3a5707166aa61e","isMergeCommit":false,"messageTitle":"Change person to client in AddCommandTest","messageBody":"","fileTypesAndContributionMap":{"test-code":{"insertions":8,"deletions":8}}},{"hash":"5c3a0ef0c76cbb3e07cdda73e6ab01abc69aea58","isMergeCommit":false,"messageTitle":"Change showPersonAtIndex to showClientAtIndex","messageBody":"","fileTypesAndContributionMap":{"test-code":{"insertions":12,"deletions":12}}},{"hash":"732f23a9898d4510128320320895621f978a1e2b","isMergeCommit":false,"messageTitle":"Change person to client in TypicalIndexes","messageBody":"","fileTypesAndContributionMap":{"test-code":{"insertions":65,"deletions":65}}},{"hash":"30e29feedcde2f50ae51aeeb3c1f5f2b558c1761","isMergeCommit":false,"messageTitle":"Change DeleteCommandTest:showNoPerson to :showNoClient","messageBody":"","fileTypesAndContributionMap":{"test-code":{"insertions":2,"deletions":2}}},{"hash":"1b147d18d9d175fddcfd30916ac074e651030d17","isMergeCommit":false,"messageTitle":"Change person to client in EditCommandTest","messageBody":"","fileTypesAndContributionMap":{"test-code":{"insertions":8,"deletions":8}}},{"hash":"81e78cbd98d239eca9dc0cefc3931db62e8e44ce","isMergeCommit":false,"messageTitle":"Change person to client in AddCommandParserTest","messageBody":"","fileTypesAndContributionMap":{"test-code":{"insertions":17,"deletions":17}}},{"hash":"5d9cc8486a50cdce159370aadf6f3810f406470c","isMergeCommit":false,"messageTitle":"Change person to client in LogicManagerTest","messageBody":"","fileTypesAndContributionMap":{"test-code":{"insertions":1,"deletions":1}}},{"hash":"cd548b774d4149ab4ebd61d36b3db2efa2155b2e","isMergeCommit":false,"messageTitle":"Change person to client in UniqueClientListTest","messageBody":"","fileTypesAndContributionMap":{"test-code":{"insertions":37,"deletions":37}}},{"hash":"0748600f1f0c97b5d3553eb874f43e7eb222b0df","isMergeCommit":false,"messageTitle":"Change person to client in AddressBookTest","messageBody":"","fileTypesAndContributionMap":{"docs":{"insertions":1,"deletions":1},"test-code":{"insertions":8,"deletions":8}}},{"hash":"40ac0623533a29ddcc49fdf0144fdc3a8e94ad9e","isMergeCommit":false,"messageTitle":"Change person to client in ModelManagerTest","messageBody":"","fileTypesAndContributionMap":{"test-code":{"insertions":4,"deletions":4}}},{"hash":"bbd36731445ab9eaac482ba5eba521b7e1daeccd","isMergeCommit":false,"messageTitle":"Change person to client in JsonAdaptedClientTest","messageBody":"","fileTypesAndContributionMap":{"test-code":{"insertions":1,"deletions":1}}},{"hash":"329bb271f8f658c3109e0fc2b3ceeefc5bc166b0","isMergeCommit":false,"messageTitle":"Change person to client in JsonAddressBookStorageTest","messageBody":"","fileTypesAndContributionMap":{"test-code":{"insertions":1,"deletions":1}}},{"hash":"5dca8aae76840758b3b2fd2088166be1ae603333","isMergeCommit":false,"messageTitle":"Change EditPersonDescriptorBuilder to EditClientDescriptorBuilder","messageBody":"","fileTypesAndContributionMap":{"other":{"insertions":9,"deletions":9},"test-code":{"insertions":28,"deletions":28}}},{"hash":"388de703c6487714890c7b7746be1e15399316d4","isMergeCommit":false,"messageTitle":"Change EditPersonDescriptorBuilder to EditClientDescriptorBuilder","messageBody":"","fileTypesAndContributionMap":{"other":{"insertions":8,"deletions":8},"test-code":{"insertions":58,"deletions":58}}},{"hash":"e7d31feee19af96c68d66e0f0d5e4636cd60fbb7","isMergeCommit":false,"messageTitle":"Change PersonUtil to ClientUtil","messageBody":"","fileTypesAndContributionMap":{"other":{"insertions":4,"deletions":4},"test-code":{"insertions":3,"deletions":3}}},{"hash":"57b3f311cb3ee13c52aa106d7d16249164368eac","isMergeCommit":false,"messageTitle":"Change person to client in TestUtil","messageBody":"","fileTypesAndContributionMap":{"test-code":{"insertions":1,"deletions":1}}},{"hash":"65484f88c46d677e754a0e3819b1e0afcdf652e7","isMergeCommit":false,"messageTitle":"Change TypicalPersons to TypicalClients","messageBody":"","fileTypesAndContributionMap":{"other":{"insertions":4,"deletions":4},"test-code":{"insertions":30,"deletions":30}}},{"hash":"5d195a91a57a4bb3f42a4a7181da19e7914db6c5","isMergeCommit":false,"messageTitle":"Change remaining person to client","messageBody":"","fileTypesAndContributionMap":{"functional-code":{"insertions":10,"deletions":10},"docs":{"insertions":34,"deletions":34},"test-code":{"insertions":10,"deletions":10}}},{"hash":"f1a29e81cf788e5d6cb5b4915ed6ef8ce05ed039","isMergeCommit":true,"messageTitle":"Merge pull request #34 from GiselleTan/update-person-to-client","messageBody":"Update person to client","fileTypesAndContributionMap":{}}]},{"date":"2024-03-26","commitResults":[{"hash":"dde30d11139138a887b9da7fd7df6242aa9299e6","isMergeCommit":true,"messageTitle":"Merge pull request #36 from camille-readbean/Update-UG-Link","messageBody":"Update user guide link in help command","fileTypesAndContributionMap":{}},{"hash":"491bd61188507ccbc57cb451a9b3429834a94d6a","isMergeCommit":false,"messageTitle":"Update user stories","messageBody":"","fileTypesAndContributionMap":{"docs":{"insertions":1,"deletions":0}}}]},{"date":"2024-03-27","commitResults":[{"hash":"5e5673598ee56d5e4ff1e79713c6ce79121296c1","isMergeCommit":false,"messageTitle":"Add Delete command implementation details to DG","messageBody":"","fileTypesAndContributionMap":{"docs":{"insertions":28,"deletions":0}}},{"hash":"0724428a47cf0632cf0ea1fc9cd8b86515c8943e","isMergeCommit":false,"messageTitle":"Update delete to del","messageBody":"","fileTypesAndContributionMap":{"docs":{"insertions":3,"deletions":3}}},{"hash":"6b528dcb29869faf031eafbe701efc11f50ca04f","isMergeCommit":false,"messageTitle":"Update delete to account for empty list","messageBody":"","fileTypesAndContributionMap":{"functional-code":{"insertions":5,"deletions":1},"test-code":{"insertions":20,"deletions":2}}},{"hash":"2699732fbcb190d5253b55687465530837d89896","isMergeCommit":false,"messageTitle":"Update DG","messageBody":"","fileTypesAndContributionMap":{"docs":{"insertions":2,"deletions":0}}}]},{"date":"2024-03-28","commitResults":[{"hash":"59e3b7f2d9dd73ecbc8a710d39ec69bff9857b1b","isMergeCommit":true,"messageTitle":"Merge branch \u0027AY2324S2-CS2103T-T17-1:master\u0027 into update-helpCommand","messageBody":"","fileTypesAndContributionMap":{}},{"hash":"00609669de5fb1f97516496470f906291aef5f10","isMergeCommit":false,"messageTitle":"Add message usage to commands","messageBody":"","fileTypesAndContributionMap":{"functional-code":{"insertions":2,"deletions":1}}},{"hash":"ae5b221d93ebc4e1e003acdd98dba90651395d54","isMergeCommit":false,"messageTitle":"Update help message","messageBody":"","fileTypesAndContributionMap":{"functional-code":{"insertions":51,"deletions":21}}},{"hash":"f1258dda635b2ecd8770ea4df5b44a5c479f498e","isMergeCommit":false,"messageTitle":"Update user guide","messageBody":"","fileTypesAndContributionMap":{"docs":{"insertions":1,"deletions":1}}},{"hash":"20167219fe6ea36c2bd6bfa031d931a29bc000ec","isMergeCommit":true,"messageTitle":"Merge branch \u0027AY2324S2-CS2103T-T17-1:master\u0027 into update-helpCommand","messageBody":"","fileTypesAndContributionMap":{}}]},{"date":"2024-04-01","commitResults":[{"hash":"9d7abeefd87f2884639ed9014b17fca0b03730c4","isMergeCommit":true,"messageTitle":"Merge pull request #55 from TheodoreKooo/DG-Find-Tag-and-View-Class-Diagram-Update","messageBody":"Dg find-tag and view class diagram update","fileTypesAndContributionMap":{}}]},{"date":"2024-04-02","commitResults":[{"hash":"83aad35a082548f996fdebd1caf1c9a962e5718a","isMergeCommit":true,"messageTitle":"Merge pull request #61 from camille-readbean/UG-improvements","messageBody":"Bump MainApp verison number to v1.3","tags":["v1.3"],"fileTypesAndContributionMap":{}}]},{"date":"2024-04-04","commitResults":[{"hash":"7b979ae63971978a4a34de4a36714e1e9f9024fa","isMergeCommit":true,"messageTitle":"Merge pull request #76 from TheodoreKooo/DG-UG-Standardisation","messageBody":"DG standardization","fileTypesAndContributionMap":{}}]},{"date":"2024-04-05","commitResults":[{"hash":"314eef484f9795405f5c89966a3368887784275b","isMergeCommit":false,"messageTitle":"Include Schedule and Unschedule","messageBody":"","fileTypesAndContributionMap":{"functional-code":{"insertions":4,"deletions":0}}},{"hash":"3998d35a468bf839b5755bfaf5f02edbf6ed4b50","isMergeCommit":true,"messageTitle":"Merge branch \u0027AY2324S2-CS2103T-T17-1:master\u0027 into update-help","messageBody":"","fileTypesAndContributionMap":{}}]}],"camille-readbean":[{"date":"2024-03-05","commitResults":[{"hash":"6f598774137466a8868e41bbff837bb93eff4918","isMergeCommit":false,"messageTitle":"Update README.md and website for v1.1","messageBody":"Add photos of team members.\nRemove mentions of AB3 from navbar.\nChange CI badge to the proper repo\u0027s.\n","fileTypesAndContributionMap":{"docs":{"insertions":48,"deletions":45}}},{"hash":"6fa0526301b22b238fb5b0aa47fddf93690e5ab6","isMergeCommit":true,"messageTitle":"Merge pull request #6 from camille-readbean/v1.1-update-site","messageBody":"v1.1 update site","fileTypesAndContributionMap":{}}]},{"date":"2024-03-12","commitResults":[{"hash":"2e6c52ba5534603aa3ad4d38851db0e118f3f9e0","isMergeCommit":true,"messageTitle":"Merge pull request #12 from TheodoreKooo/DG-Use-Cases","messageBody":"Added in the use cases UC01 - UC04.","fileTypesAndContributionMap":{}}]},{"date":"2024-03-17","commitResults":[{"hash":"fd570551588e8c9cf372ca6bc87d3c3e5e01b40a","isMergeCommit":true,"messageTitle":"Merge pull request #25 from vannykin/branch-add-view-command","messageBody":"Add view command  \r\n  \r\nWill add `bin/` to gitignore in the future. ","fileTypesAndContributionMap":{}},{"hash":"db3a2f56b46af3334dfa1db019f3dfe501bd8c94","isMergeCommit":false,"messageTitle":"Update Add command","messageBody":"Add command now tells you what field you were missing\nRenamed People model to Client.\nChanged _base.scss to say \"SWEE\" in print\nUpdated .gitignore to ignore /bin\n","fileTypesAndContributionMap":{"functional-code":{"insertions":257,"deletions":264},"other":{"insertions":34,"deletions":615},"test-code":{"insertions":171,"deletions":174}}},{"hash":"f2fe93a79a8be28424bba6e81d43815d4d1a28f6","isMergeCommit":false,"messageTitle":"Fix test and update edit as well","messageBody":"Fix tests to pass.\nNote bug in edit: new tag command format does not\nallow empty Strings\nReady to merge\n","fileTypesAndContributionMap":{"functional-code":{"insertions":49,"deletions":27},"test-code":{"insertions":51,"deletions":32}}}]},{"date":"2024-03-19","commitResults":[{"hash":"6e9efe2e5bae29db17a0ef3c1abbd37ce2976114","isMergeCommit":false,"messageTitle":"Remove trailing space in command prefix","messageBody":"This seems to fix the weird issue with being unable to enter empty tags\nto remove them in edit command.\n\nPasses the current tests as well so should not have regression.\n\nThe current parsing library already seems to strip whitespaces so it\nworks like existing behaviour.\n","fileTypesAndContributionMap":{"functional-code":{"insertions":5,"deletions":5}}},{"hash":"14e0cc94336b09bee7518451e76849e1b8938e71","isMergeCommit":true,"messageTitle":"Update branch with merge from #28, #27","messageBody":"","fileTypesAndContributionMap":{}},{"hash":"f4bda967f79a3ff6a6181812670a304e10669093","isMergeCommit":false,"messageTitle":"Add puml and replace trailing space with \u0027\u003d\u0027 signs","messageBody":"Add PlantUML for AddCommand sequence diagram.\nStill need to update user guide and developer guide.\nReplace command format with \u0027\u003d\u0027 for better UX.\n","fileTypesAndContributionMap":{"functional-code":{"insertions":5,"deletions":6},"docs":{"insertions":78,"deletions":0}}},{"hash":"9587e63ed37fe61f74fef3cacf494f0e34b1ab0b","isMergeCommit":false,"messageTitle":"Add AddCommand sequence diagram, update UG, DG.","messageBody":"Update UG and DG with new prefix, added caveat on empty `--tags\u003d`\nin add command.\n\nUpdated AddSequenceDiagram.puml to be more clear.\nAdd AddSequenceDiagram.png to git and website.\nAdd `add` command implementation section to DeveloperGuide.md\n","fileTypesAndContributionMap":{"docs":{"insertions":65,"deletions":15}}},{"hash":"ffad8dafdc8057135bdfbe55bc1881ee4ef717a4","isMergeCommit":false,"messageTitle":"Fix grammar in Add command section of the DG","messageBody":"","fileTypesAndContributionMap":{"docs":{"insertions":6,"deletions":6}}},{"hash":"006ddd6e226f6bb61df1cd31f6ceb8cc8d265c08","isMergeCommit":false,"messageTitle":"Fix user guide typo","messageBody":"","fileTypesAndContributionMap":{"functional-code":{"insertions":1,"deletions":1},"docs":{"insertions":1,"deletions":1}}},{"hash":"092d15eb214e2be493e3dba2071c80b0e3ca4dc3","isMergeCommit":false,"messageTitle":"Fix user guide typo","messageBody":"","fileTypesAndContributionMap":{"docs":{"insertions":1,"deletions":1}}},{"hash":"8a5e5dd413fbc3afb00a0086091df755ac19dd98","isMergeCommit":true,"messageTitle":"Merge pull request #26 from camille-readbean/add-delete-list","messageBody":"[v1.2] Update add, delete, list command","tags":["v1.2"],"fileTypesAndContributionMap":{}}]},{"date":"2024-03-25","commitResults":[{"hash":"29181cf043ec2ed29a82d1688ef582d538463746","isMergeCommit":false,"messageTitle":"Update user guide link in help command","messageBody":"","fileTypesAndContributionMap":{"functional-code":{"insertions":1,"deletions":1}}}]},{"date":"2024-03-26","commitResults":[{"hash":"e04131a3d65f3579ae88961fba7163c771d254ce","isMergeCommit":false,"messageTitle":"Update UG and DG","messageBody":"Add view to list of commands in UG.\nUpdate references to AB3 to be SWEE specific in UG.\nAdd acknowledgements to AB3 in DG.\n","fileTypesAndContributionMap":{"docs":{"insertions":13,"deletions":9}}},{"hash":"4a5ef62e1a3ee852c947101f698dbce6cc1cd2dc","isMergeCommit":true,"messageTitle":"Merge pull request #41 from TheodoreKooo/Find-by-tags-Function","messageBody":"Adds the FindTag Command","fileTypesAndContributionMap":{}}]},{"date":"2024-03-28","commitResults":[{"hash":"a258fd5aaa0e4ec3e68cd5e9fe5ac16ce540f5c4","isMergeCommit":true,"messageTitle":"Merge pull request #46 from vannykin/branch-add-view-diagrams-puml","messageBody":"Add puml files and images of view command diagrams","fileTypesAndContributionMap":{}}]},{"date":"2024-03-29","commitResults":[{"hash":"44274084c2cb0cfed7f1ebedf161a6e50d97455d","isMergeCommit":true,"messageTitle":"Merge pull request #48 from GiselleTan/update-helpCommand","messageBody":"Update help command","tags":["v1.3rc1"],"fileTypesAndContributionMap":{}},{"hash":"ff4ec8e0f0a5180b70543242593636d1d62b755a","isMergeCommit":false,"messageTitle":"Add basic model and test for appointments","messageBody":"Add the basic model and test for appointments\nIn the process of finishing the schedule command\n","fileTypesAndContributionMap":{"functional-code":{"insertions":201,"deletions":1},"docs":{"insertions":16,"deletions":0},"test-code":{"insertions":56,"deletions":1}}},{"hash":"ee8737b451486c0af7a9500f1706f14bb53363d1","isMergeCommit":true,"messageTitle":"Merge branch \u0027master\u0027 into add-appointments","messageBody":"","fileTypesAndContributionMap":{}},{"hash":"78d12954bff6535d1bc59ae816765ae218349dec","isMergeCommit":false,"messageTitle":"Enable assertions in build.gradle","messageBody":"","fileTypesAndContributionMap":{"other":{"insertions":4,"deletions":0}}},{"hash":"3ba1d933a9defee1544eb1d4ebc7a4e424d78fcc","isMergeCommit":false,"messageTitle":"Fix headings","messageBody":"","fileTypesAndContributionMap":{"docs":{"insertions":3,"deletions":3}}},{"hash":"e240fa82f714dada40237de0744c1e5dff5280f7","isMergeCommit":false,"messageTitle":"Fix EOF newline","messageBody":"","fileTypesAndContributionMap":{"other":{"insertions":1,"deletions":1}}},{"hash":"9cfac8c1acd185029d59c758fa5fa59ecbd73d02","isMergeCommit":false,"messageTitle":"Fix page breaks in UG","messageBody":"","fileTypesAndContributionMap":{"docs":{"insertions":33,"deletions":7}}},{"hash":"e6604aabdd358afa0a640666ebbdd27620233e09","isMergeCommit":true,"messageTitle":"Merge branch \u0027master\u0027 into fix-page-breaks","messageBody":"","fileTypesAndContributionMap":{}},{"hash":"a92d63581b68ad4fb51c3de5b9bdbbab826eab6e","isMergeCommit":false,"messageTitle":"Updates edit behaviour clarity in UG","messageBody":"","fileTypesAndContributionMap":{"docs":{"insertions":6,"deletions":4}}}]},{"date":"2024-03-31","commitResults":[{"hash":"18b817c2a98a8c1d511bbc6692beae4c39c31819","isMergeCommit":true,"messageTitle":"Merge pull request #54 from TheodoreKooo/UG-Find-Tag-and-View","messageBody":"Ug find tag and view","fileTypesAndContributionMap":{}},{"hash":"ae02611a730f1bbb3541bbbaf3f8f9aaee9572b0","isMergeCommit":false,"messageTitle":"Adds schedule command","messageBody":"Adds ScheduleCommand, `sched`\nUpdate Client to\nAdd ScheduleCommandParser\n\ntodo: Update UI/UX to show appointments\n","fileTypesAndContributionMap":{"functional-code":{"insertions":202,"deletions":14}}},{"hash":"db703075dbe78022bcbfbfe131cd4d82114c3dc3","isMergeCommit":true,"messageTitle":"Merge branch \u0027master\u0027 into schedule-command","messageBody":"","fileTypesAndContributionMap":{}},{"hash":"6495aba34d42933db24e5b31c7b3f45732889948","isMergeCommit":false,"messageTitle":"Update UI","messageBody":"Updates UI to show number of appointments and\n next upcoming appointment\n","fileTypesAndContributionMap":{"functional-code":{"insertions":58,"deletions":7}}},{"hash":"9127af16cf97cd8d7a273572f0327a5a43e6f218","isMergeCommit":false,"messageTitle":"Update image size DeveloperGuide.md for AddSequenceDiagram","messageBody":"Changed form using html tags to markdown.\nSeems to resolve the issue with the image not fitting the full width.\n","fileTypesAndContributionMap":{"docs":{"insertions":2,"deletions":1}}},{"hash":"ce63188957ba30adaa7c213dc0d925666c1fcfc0","isMergeCommit":false,"messageTitle":"Update appointments to always be sorted","messageBody":"Better prepare us for deleting appointments.\n","fileTypesAndContributionMap":{"functional-code":{"insertions":33,"deletions":6}}},{"hash":"871f88e1bf861a6b6ae52a693e2cb8073da97bd4","isMergeCommit":false,"messageTitle":"Add unsched command","messageBody":"Add unsched, a command to unschedule (delete) an Appointment from a client\nAdd method for getting appointment by Index in Client\nCliSyntax updated to have a new prefix for appointment index, ``--index\u003d`\n","fileTypesAndContributionMap":{"functional-code":{"insertions":160,"deletions":7}}},{"hash":"5485c161efb48ad2eaf445f9f1e36fad068bc57c","isMergeCommit":false,"messageTitle":"Update unschedule command related stuff","messageBody":"Edit toString of Appointment.\n    Added emoji to make it less bland and help delimit fields.\nUpdate getAppointment in Client to return different\n  error message if appointments was empty.\nUpdate Messages to print index of appointment so view command.\n  can show the relevant index for appointments.\n","fileTypesAndContributionMap":{"functional-code":{"insertions":29,"deletions":7}}}]},{"date":"2024-04-01","commitResults":[{"hash":"08c03d0315ee5e23fe97644da21193474cee975a","isMergeCommit":false,"messageTitle":"Update Storage to store appointments","messageBody":"Storage now stores appointments.\nNo tweaks were necessary to update the sample data although subject to\n  change.\nUpdated JSON tests, have not tested yet.\nAdded test strings in CommandTestUtil for Appointment.\n","fileTypesAndContributionMap":{"functional-code":{"insertions":66,"deletions":2},"test-code":{"insertions":72,"deletions":10}}},{"hash":"eadbd3929ca37bb4ff953608f1eabd172e3b32e0","isMergeCommit":false,"messageTitle":"Fix unhelpful error message for ScheduleCommand","messageBody":"Previously it was caught by an assertion and there was no specific\n  message.\n  Now it will say that to is before from.\n","fileTypesAndContributionMap":{"functional-code":{"insertions":10,"deletions":1}}},{"hash":"ab7cf88a4dfa2c9360847597ae96543d77ba7bdf","isMergeCommit":false,"messageTitle":"Update sample data and fix checkstyle","messageBody":"Update sample data to different names and social work related themes.\n  Add in sample data for appointments as well.\nMinor cosmetic changes due to checkstyle.\n","fileTypesAndContributionMap":{"functional-code":{"insertions":74,"deletions":40},"test-code":{"insertions":17,"deletions":15}}},{"hash":"b45da5c58e1adb9ac36b21f96083f430937345a5","isMergeCommit":true,"messageTitle":"Merge branch \u0027master\u0027 into schedule-command","messageBody":"","fileTypesAndContributionMap":{}},{"hash":"5349e17da58f05deaeb89e03de48778db059bd92","isMergeCommit":false,"messageTitle":"Update images","messageBody":"Update images for Ui and helpWindow.\nCheckstyle for CommandTestUtil.\n","fileTypesAndContributionMap":{"other":{"insertions":1,"deletions":1},"docs":{"insertions":9,"deletions":10},"test-code":{"insertions":4,"deletions":4}}},{"hash":"bea7549a662719267904fa820cdd00dee1bd2541","isMergeCommit":false,"messageTitle":"Update small amendments to guides","messageBody":"","fileTypesAndContributionMap":{"docs":{"insertions":6,"deletions":4}}},{"hash":"62f9da81c068eb94e69917027a4a089b3ee4061b","isMergeCommit":true,"messageTitle":"Merge pull request #56 from camille-readbean/schedule-command","messageBody":"Schedule and Unschedule command","fileTypesAndContributionMap":{}},{"hash":"ca4e1602e384bcce6bfc72a0c5d737fd88b782ce","isMergeCommit":true,"messageTitle":"Merge pull request #58 from vannykin/branch-add-note-field","messageBody":"Branch add note field","fileTypesAndContributionMap":{}},{"hash":"eb52e9898021d0a6d5ea55aee49dfcc68271c842","isMergeCommit":true,"messageTitle":"Merge pull request #57 from TheodoreKooo/Find-Tag-Tests","messageBody":"Added tests for the find-tag command.","fileTypesAndContributionMap":{}},{"hash":"f8cd977627546925cde07e316ee8fa601c26e30b","isMergeCommit":false,"messageTitle":"Update userguide with tutorial","messageBody":"","fileTypesAndContributionMap":{"functional-code":{"insertions":3,"deletions":3},"docs":{"insertions":254,"deletions":31}}},{"hash":"6f1ac1d001b7f54234009c15da3d62bd9db81c62","isMergeCommit":false,"messageTitle":"Add instructions if double clicking jar fails","messageBody":"","fileTypesAndContributionMap":{"docs":{"insertions":3,"deletions":1}}}]},{"date":"2024-04-02","commitResults":[{"hash":"e0a9d835acfdfe20c537c2f118d10027edf615a7","isMergeCommit":false,"messageTitle":"Update Userguide and fix type","messageBody":"Add CLI meaning to Glossary\nFix typos\nBreak up add tutorial command as its too long.\n  Replaces ``` with \u003ccode\u003e\n","fileTypesAndContributionMap":{"docs":{"insertions":7,"deletions":6}}},{"hash":"ae85ee5e581f388cd86ddf57ede77091ec15aa8a","isMergeCommit":false,"messageTitle":"Amend Userguide according to pr review","messageBody":"","fileTypesAndContributionMap":{"docs":{"insertions":22,"deletions":20}}},{"hash":"7b89cbedf937365db50743aefb0f63853f6a560d","isMergeCommit":false,"messageTitle":"Fix numbering in list in UG","messageBody":"","fileTypesAndContributionMap":{"docs":{"insertions":2,"deletions":2}}},{"hash":"86d53dfb6360c0cc235ec630416e0956a031b5a4","isMergeCommit":true,"messageTitle":"Merge pull request #60 from camille-readbean/UG-improvements","messageBody":"Update userguide with tutorial","fileTypesAndContributionMap":{}},{"hash":"d9b02e1ba102993877c92db2c0cba3f8a6248038","isMergeCommit":false,"messageTitle":"Update version number of app","messageBody":"","fileTypesAndContributionMap":{"functional-code":{"insertions":1,"deletions":1}}},{"hash":"731da0a73d4850a010d73429f36afae7f3b5eb52","isMergeCommit":true,"messageTitle":"Merge branch \u0027master\u0027 into UG-improvements","messageBody":"","fileTypesAndContributionMap":{}}]}]},"authorFileTypeContributionMap":{"TheodoreKooo":{"docs":468,"functional-code":148,"test-code":106},"vannykin":{"docs":108,"functional-code":284,"test-code":242},"VatsalVitosh":{"docs":34,"functional-code":62,"test-code":0},"GiselleTan":{"docs":115,"functional-code":279,"test-code":593},"camille-readbean":{"docs":462,"functional-code":899,"test-code":224,"other":12}},"authorContributionVariance":{"TheodoreKooo":7864.822,"vannykin":21784.568,"VatsalVitosh":309.9887,"GiselleTan":93602.15,"camille-readbean":73492.17},"authorDisplayNameMap":{"TheodoreKooo":"CS2103T-T17-1 KOO ..DORE","vannykin":"CS2103T-T17-1 KIN ..ESSA","VatsalVitosh":"CS2103T-T17-1 VATS..TOSH","GiselleTan":"CS2103T-T17-1 GISE..I XI","camille-readbean":"CS2103T-T17-1 CHIN.. BIN"}}
