{"authorDailyContributionsMap":{"getsquared":[{"date":"2024-03-05","commitResults":[{"hash":"39ea1f1fa1afce0456ff0b1288151b2aa0449569","isMergeCommit":false,"messageTitle":"Add info to AboutUs.md","messageBody":"","fileTypesAndContributionMap":{"docs":{"insertions":0,"deletions":0}}},{"hash":"3a3e3f5c068f6a3534397c6af710f823b850e8ed","isMergeCommit":false,"messageTitle":"Update info in AboutUs.md","messageBody":"","fileTypesAndContributionMap":{"docs":{"insertions":51,"deletions":5}}},{"hash":"8a0f965fcf9f26b526ed4efbe62b47b3d0163cfc","isMergeCommit":false,"messageTitle":"Update Website Navbar Github Link","messageBody":"","fileTypesAndContributionMap":{"docs":{"insertions":1,"deletions":1}}},{"hash":"69226491532efdc47d888697436b1ed041a072bf","isMergeCommit":false,"messageTitle":"Update DG Requirements","messageBody":"","fileTypesAndContributionMap":{"docs":{"insertions":44,"deletions":18}}}]},{"date":"2024-03-06","commitResults":[{"hash":"528d5a48633411699f7afc3bb920778872fc5299","isMergeCommit":false,"messageTitle":"Finalise AboutUs.md","messageBody":"","fileTypesAndContributionMap":{"docs":{"insertions":8,"deletions":27}}},{"hash":"c3d9c8a2600ef2f9b18ee82da733cd630892774e","isMergeCommit":false,"messageTitle":"Delete johndoe.md","messageBody":"","fileTypesAndContributionMap":{"docs":{"insertions":0,"deletions":46}}},{"hash":"5f93ec6c3780aaad719946a22830b2dcbcac62b2","isMergeCommit":true,"messageTitle":"Merge pull request #53 from solomonng2001/update-developer-guide-requirements","messageBody":"Update developer guide requirements","fileTypesAndContributionMap":{}},{"hash":"9ae39b592b3f8c7ca348237b115ca08a6d8d5cde","isMergeCommit":true,"messageTitle":"Merge pull request #50 from solomonng2001/update-readme-and-contextualise-to-clientcare","messageBody":"Update readme and contextualise to clientcare","fileTypesAndContributionMap":{}},{"hash":"32a37d24e9e3a0a59038e6f55a372ffcef4b3cdd","isMergeCommit":true,"messageTitle":"Merge remote-tracking branch \u0027origin\u0027 into update-aboutus","messageBody":"","fileTypesAndContributionMap":{}},{"hash":"2a31a4e7d3ab3bf98974ac270554d309b658ae75","isMergeCommit":false,"messageTitle":"Rename member image in AboutUs","messageBody":"","fileTypesAndContributionMap":{"docs":{"insertions":1,"deletions":1}}},{"hash":"4417c8b0c77f33bfa89bf389b7a66d3cdc13856d","isMergeCommit":true,"messageTitle":"Merge pull request #59 from ReganChoy/branch-DG_NameFix","messageBody":"Fix product name in DG","fileTypesAndContributionMap":{}}]},{"date":"2024-03-07","commitResults":[{"hash":"8d656d72cefb36925d6c265ae672f96e7c5e4034","isMergeCommit":false,"messageTitle":"Update DG Use Cases","messageBody":"","fileTypesAndContributionMap":{"docs":{"insertions":49,"deletions":64}}},{"hash":"bc79cee499a7d03ce5dba9e68e0ed9bc40892feb","isMergeCommit":false,"messageTitle":"Fix DG Use Cases Style","messageBody":"","fileTypesAndContributionMap":{"docs":{"insertions":13,"deletions":13}}},{"hash":"a7fe200422eb67d278d3b5f36ad02de33f02cfa1","isMergeCommit":true,"messageTitle":"Merge pull request #62 from solomonng2001/update-developer-guide-requirements-fledge-out-extensions","messageBody":"Fledge out extensions for developer guide requirements","fileTypesAndContributionMap":{}}]},{"date":"2024-03-12","commitResults":[{"hash":"7a7d41639de3ad5d053aa9d698396a66777b1843","isMergeCommit":true,"messageTitle":"Merge pull request #63 from solomonng2001/add-birthday","messageBody":"Add Birthday","fileTypesAndContributionMap":{}}]},{"date":"2024-03-16","commitResults":[{"hash":"5f69ab970d6368f3703c0ff346bff6b1f237e597","isMergeCommit":false,"messageTitle":"Rename files and add new UI components","messageBody":"","fileTypesAndContributionMap":{"functional-code":{"insertions":64,"deletions":0},"other":{"insertions":2,"deletions":2}}},{"hash":"03cd1134d86e5e430d519196f2dbcaa08a80cf24","isMergeCommit":false,"messageTitle":"Edit MainWindow GUI","messageBody":"","fileTypesAndContributionMap":{"functional-code":{"insertions":37,"deletions":21}}},{"hash":"2bf3b819dd536c49330b9d6f1ae2fd656f69fdc7","isMergeCommit":true,"messageTitle":"Merge branch \u0027master\u0027 into improve-gui","messageBody":"","fileTypesAndContributionMap":{}},{"hash":"83436e3f04eae42b8b249d4e96ffff0b15f049be","isMergeCommit":false,"messageTitle":"Add Client View Panel","messageBody":"","fileTypesAndContributionMap":{"functional-code":{"insertions":385,"deletions":86},"other":{"insertions":3,"deletions":15}}},{"hash":"005a6c57fdf9f122f555029626f70df12de999b7","isMergeCommit":false,"messageTitle":"Integrate Client View with Commands","messageBody":"","fileTypesAndContributionMap":{"functional-code":{"insertions":9,"deletions":0}}}]},{"date":"2024-03-17","commitResults":[{"hash":"d64c0c2d62774ebe847f5238de018942f81f68d3","isMergeCommit":false,"messageTitle":"Rename personListView to clientListView","messageBody":"","fileTypesAndContributionMap":{"functional-code":{"insertions":5,"deletions":5}}},{"hash":"af8d3ee9ba048d10c68c37b8c632cbaba1ae5603","isMergeCommit":false,"messageTitle":"Fix checkstyle errors","messageBody":"","fileTypesAndContributionMap":{"functional-code":{"insertions":4,"deletions":2}}},{"hash":"6743acbb0693ab902578aff09e449d253dc70cc0","isMergeCommit":false,"messageTitle":"Fix bugs, add and update tests","messageBody":"","fileTypesAndContributionMap":{"functional-code":{"insertions":120,"deletions":7},"docs":{"insertions":1,"deletions":1},"test-code":{"insertions":172,"deletions":0}}},{"hash":"a116d4548e719bfb3142a57b52c29703f2383775","isMergeCommit":false,"messageTitle":"Fix NullPointerException bug","messageBody":"","fileTypesAndContributionMap":{"functional-code":{"insertions":34,"deletions":9}}},{"hash":"26b970e022280dfd8aee4c610f59df5761cf5315","isMergeCommit":false,"messageTitle":"Remove unused methods","messageBody":"","fileTypesAndContributionMap":{"functional-code":{"insertions":0,"deletions":20}}}]},{"date":"2024-03-18","commitResults":[{"hash":"6d644ff969f027b34c60386ac338f2f6b6a0224d","isMergeCommit":true,"messageTitle":"Merge branch \u0027master\u0027 of https://github.com/AY2324S2-CS2103T-W12-1/tp into improve-gui","messageBody":"","fileTypesAndContributionMap":{}},{"hash":"c893a2ac600f2737bd4bcd916e8f98f2de42079e","isMergeCommit":false,"messageTitle":"Fix checkstyle errors","messageBody":"","fileTypesAndContributionMap":{"docs":{"insertions":1,"deletions":1}}},{"hash":"85686a54c0389df28564c015f4748de9f02d2027","isMergeCommit":true,"messageTitle":"Merge branch \u0027master\u0027 into disable-codecov-fail-ci","messageBody":"","fileTypesAndContributionMap":{}},{"hash":"89e613296dbfe3e797fbaf7469b46b260dd702fb","isMergeCommit":false,"messageTitle":"Add policy command views client","messageBody":"","fileTypesAndContributionMap":{"functional-code":{"insertions":1,"deletions":0}}}]},{"date":"2024-03-19","commitResults":[{"hash":"c8b17dc74a72d87da159bce422ada51dd59b40d0","isMergeCommit":false,"messageTitle":"Update UG and UI UML","messageBody":"","fileTypesAndContributionMap":{"functional-code":{"insertions":1,"deletions":1},"docs":{"insertions":78,"deletions":54}}},{"hash":"581bfb11b20ba82ae2d2143bb6abe47cd14f1730","isMergeCommit":false,"messageTitle":"Update DisplayClient and tests","messageBody":"","fileTypesAndContributionMap":{"functional-code":{"insertions":18,"deletions":0},"test-code":{"insertions":50,"deletions":0}}},{"hash":"c5ac71d8080e9b6e5ba4819bbbef05869a6b5125","isMergeCommit":true,"messageTitle":"Merge pull request #77 from ReganChoy/branch-DG_v1.2","messageBody":"Update DG class diagrams and user stories","fileTypesAndContributionMap":{}},{"hash":"330ec88be3bcf4c8b0caf1d87a6b9a593f854c04","isMergeCommit":true,"messageTitle":"Merge pull request #76 from ReganChoy/branch-UG_v1.2","messageBody":"Add LastMet and Schedule into the User Guide","fileTypesAndContributionMap":{}},{"hash":"3f9735f55e7a423696b48219e88d80b032b700fb","isMergeCommit":true,"messageTitle":"Merge pull request #78 from yorklim/DeletePolicy","messageBody":"Add deletePolicy command and change PolicyList to use ObservableList","fileTypesAndContributionMap":{}}]}],"ReganChoy":[{"date":"2024-02-25","commitResults":[{"hash":"3a7ec979d8f15325c7f31b1f51946536fae91b31","isMergeCommit":false,"messageTitle":"Add new MetCommand class","messageBody":"","fileTypesAndContributionMap":{"functional-code":{"insertions":86,"deletions":0}}},{"hash":"1910c330493fb2d66724749ae4650a6620903b7a","isMergeCommit":false,"messageTitle":"Add new MetCommand class","messageBody":"","fileTypesAndContributionMap":{"functional-code":{"insertions":148,"deletions":46}}}]},{"date":"2024-03-05","commitResults":[{"hash":"bb196b2ea48c3731d2c9a1488986a7b56bb99fca","isMergeCommit":true,"messageTitle":"Merge pull request #25 from getsquared/add-getsquared-info","messageBody":"Add Shuqing AboutUs Info","fileTypesAndContributionMap":{}},{"hash":"082c80138aee6a0d3502c740f66e1149243df4f2","isMergeCommit":true,"messageTitle":"Merge pull request #35 from getsquared/update-docs-settings","messageBody":"Update Website Navbar Github Link","fileTypesAndContributionMap":{}},{"hash":"0c737d7b30e0a18c54fe2e92ac075384da7f9266","isMergeCommit":true,"messageTitle":"Merge pull request #36 from getsquared/add-dg-requirements","messageBody":"Update DG Requirements","fileTypesAndContributionMap":{}},{"hash":"0a2ab9906b6efcc28bd28d1b4ae79d363c21fa73","isMergeCommit":false,"messageTitle":"Reset master branch back to origin state","messageBody":"Copy origin src folder back into the branch\n","fileTypesAndContributionMap":{"functional-code":{"insertions":11,"deletions":48}}},{"hash":"1fea686b0b0fdf00852a3f757d5fcd9f06e9d197","isMergeCommit":false,"messageTitle":"Remove MetCommand class file","messageBody":"","fileTypesAndContributionMap":{"functional-code":{"insertions":0,"deletions":91}}},{"hash":"972427777c85a30d40d854d851bb01e288eabde8","isMergeCommit":true,"messageTitle":"Merge branch \u0027master\u0027 of https://github.com/AY2324S2-CS2103T-W12-1/tp","messageBody":"","fileTypesAndContributionMap":{}},{"hash":"3f8649316089211b45b834035c45817648d078d4","isMergeCommit":false,"messageTitle":"Add ReganChoy AboutUs info","messageBody":"","fileTypesAndContributionMap":{"docs":{"insertions":58,"deletions":0}}},{"hash":"dfe3a7435b5f895b1dcfa0bd766f33c5abfb9161","isMergeCommit":false,"messageTitle":"Fix naming error in aboutMe","messageBody":"","fileTypesAndContributionMap":{"docs":{"insertions":1,"deletions":1}}},{"hash":"9385de5870c9d8724b5b5c1574f93ae70954a1d9","isMergeCommit":false,"messageTitle":"Fix check errors","messageBody":"","fileTypesAndContributionMap":{"functional-code":{"insertions":0,"deletions":60},"docs":{"insertions":46,"deletions":46}}},{"hash":"92ec9e71b08cf1fc39b353a29400805a944ed1a0","isMergeCommit":false,"messageTitle":"Remove MetCommandParser class","messageBody":"","fileTypesAndContributionMap":{"functional-code":{"insertions":0,"deletions":60}}},{"hash":"f9d3c07ac18070cb6ac3fa31c6cd819362b5dca2","isMergeCommit":false,"messageTitle":"Update developer guide","messageBody":"New user stories and use cases added\n","fileTypesAndContributionMap":{"docs":{"insertions":78,"deletions":13}}},{"hash":"2f69924289af36f3d350f163ae5f18ed63aad7b7","isMergeCommit":true,"messageTitle":"Merge branch \u0027master\u0027 of https://github.com/AY2324S2-CS2103T-W12-1/tp","messageBody":"","fileTypesAndContributionMap":{}},{"hash":"d6a4f7f233bf78904313f82f3db2955cf6874a8e","isMergeCommit":true,"messageTitle":"Merge branch \u0027master\u0027 into branch-developer_guide","messageBody":"","fileTypesAndContributionMap":{}},{"hash":"88d563da18e03f80b44eba74cab1ab0d0e4f8324","isMergeCommit":false,"messageTitle":"Fix name change","messageBody":"","fileTypesAndContributionMap":{"docs":{"insertions":1,"deletions":1}}},{"hash":"6b3ef448f2734b8901ff003427acade2fb442c89","isMergeCommit":false,"messageTitle":"Fix name change","messageBody":"","fileTypesAndContributionMap":{"docs":{"insertions":1,"deletions":1}}},{"hash":"398a53ad1f4f809ddd95f3c26658422e5cc5b06d","isMergeCommit":false,"messageTitle":"Fix name change","messageBody":"","fileTypesAndContributionMap":{"docs":{"insertions":1,"deletions":1}}},{"hash":"d1426d76a8b3246f89ea96ee2813864d20df9ef4","isMergeCommit":false,"messageTitle":"Fix check error","messageBody":"","fileTypesAndContributionMap":{"docs":{"insertions":46,"deletions":46}}},{"hash":"e8b970379ab2f138cacf921042797847023c5037","isMergeCommit":false,"messageTitle":"Test commit changes","messageBody":"","fileTypesAndContributionMap":{"docs":{"insertions":1,"deletions":1}}},{"hash":"5eecc4e946a3596f4de07c8b2b339b2555aa5d8a","isMergeCommit":false,"messageTitle":"Remove test text","messageBody":"","fileTypesAndContributionMap":{"docs":{"insertions":1,"deletions":1}}},{"hash":"4998ec9ad409b80a075c16dd15f3821306e6fb43","isMergeCommit":true,"messageTitle":"Merge branch \u0027master\u0027 of https://github.com/AY2324S2-CS2103T-W12-1/tp","messageBody":"","fileTypesAndContributionMap":{}},{"hash":"6cad6e952437b63036deca6232d38fdd3e784761","isMergeCommit":true,"messageTitle":"Merge branch \u0027master\u0027 into branch-developer_guide","messageBody":"","fileTypesAndContributionMap":{}}]},{"date":"2024-03-06","commitResults":[{"hash":"a1c6afe1e2c42a54d614902371612f1f7c309f7c","isMergeCommit":true,"messageTitle":"Merge pull request #58 from yorklim/Index","messageBody":"Update index.md","fileTypesAndContributionMap":{}},{"hash":"a444c88a76650b4100b8d7bbbdeafa68667e2ea2","isMergeCommit":false,"messageTitle":"Fix product name in DG","messageBody":"","fileTypesAndContributionMap":{"docs":{"insertions":1,"deletions":1}}}]},{"date":"2024-03-12","commitResults":[{"hash":"3e7cf13c2fd8a458516f1fb9e41d45015115403f","isMergeCommit":false,"messageTitle":"Add functionality of LastMet and Schedule","messageBody":"","fileTypesAndContributionMap":{"functional-code":{"insertions":718,"deletions":15},"test-code":{"insertions":145,"deletions":11}}},{"hash":"d43d7237dc4594fc1f8fd896c71146b9b671de54","isMergeCommit":false,"messageTitle":"Fix test case and checkstyle errors","messageBody":"","fileTypesAndContributionMap":{"functional-code":{"insertions":52,"deletions":31},"test-code":{"insertions":2,"deletions":0}}}]},{"date":"2024-03-13","commitResults":[{"hash":"95cbdf3c7b313bbfd384f49066e39fddf46930a8","isMergeCommit":false,"messageTitle":"Add Mark Schedule functionality","messageBody":"","fileTypesAndContributionMap":{"functional-code":{"insertions":184,"deletions":13}}},{"hash":"5e1609621c6e89440f87e44b833f26bba4172dbd","isMergeCommit":false,"messageTitle":"Fix \\r\\n attempt","messageBody":"","fileTypesAndContributionMap":{"functional-code":{"insertions":1,"deletions":0}}},{"hash":"8c5fc982c0d98fbbb3c3bf08e17af62a21f5b49e","isMergeCommit":false,"messageTitle":"Fix newline format","messageBody":"","fileTypesAndContributionMap":{"functional-code":{"insertions":819,"deletions":820},"test-code":{"insertions":132,"deletions":132}}},{"hash":"09b5c773723c2b9b3bbe5df969b68b354e62b4cb","isMergeCommit":false,"messageTitle":"Fix checkstyle import statements","messageBody":"","fileTypesAndContributionMap":{"functional-code":{"insertions":28,"deletions":3},"test-code":{"insertions":16,"deletions":9}}},{"hash":"299bfa9a121bfae212d312f3cc988afaae35d49a","isMergeCommit":false,"messageTitle":"Add more testcases","messageBody":"","fileTypesAndContributionMap":{"test-code":{"insertions":229,"deletions":0}}},{"hash":"7a34c4c88d9aa2f39cfa9e88dfce21b73d13ac96","isMergeCommit":false,"messageTitle":"Fix newline error for testcases","messageBody":"","fileTypesAndContributionMap":{"test-code":{"insertions":148,"deletions":148}}},{"hash":"8b069498a25c24bd2a6da232322b4bdddab94af1","isMergeCommit":false,"messageTitle":"Add new test cases for all Parsers and Commands","messageBody":"","fileTypesAndContributionMap":{"functional-code":{"insertions":0,"deletions":1},"test-code":{"insertions":234,"deletions":0}}},{"hash":"ab131b6ff693fabac4fc85710dbc98923410f9c1","isMergeCommit":false,"messageTitle":"Add new functions to support reminders","messageBody":"","fileTypesAndContributionMap":{"functional-code":{"insertions":11,"deletions":1},"test-code":{"insertions":38,"deletions":0}}},{"hash":"d5bb29efc3d4431993b35da4af10fdc195fd992a","isMergeCommit":false,"messageTitle":"Remove commented code","messageBody":"","fileTypesAndContributionMap":{"functional-code":{"insertions":2,"deletions":2}}}]},{"date":"2024-03-18","commitResults":[{"hash":"8c2d381275a03a78c86e1b8dce414481dc5501c2","isMergeCommit":true,"messageTitle":"Merge pull request #69 from getsquared/disable-codecov-fail-ci","messageBody":"Disable CI fail due to CodeCov","fileTypesAndContributionMap":{}}]},{"date":"2024-03-19","commitResults":[{"hash":"b6c7d8824e6c6ea4f07181d95db533af209e32fe","isMergeCommit":false,"messageTitle":"Add LastMet and Schedule into the user guide","messageBody":"","fileTypesAndContributionMap":{"docs":{"insertions":48,"deletions":10}}},{"hash":"3f2fc1821a8fa1457b796d7a1e340dc704117f75","isMergeCommit":false,"messageTitle":"Update DG model class diagrams and user stories","messageBody":"","fileTypesAndContributionMap":{"docs":{"insertions":17,"deletions":1}}},{"hash":"93233502088b671629a98346cb0d59bb8349d409","isMergeCommit":false,"messageTitle":"Fix view command summary by including index","messageBody":"","fileTypesAndContributionMap":{"docs":{"insertions":1,"deletions":1}}}]}],"solomonng2001":[{"date":"2024-03-05","commitResults":[{"hash":"735042ec98fecd4dcfbb1dc9a63885e98103cfa1","isMergeCommit":false,"messageTitle":"Add solomonng info in aboutus","messageBody":"","fileTypesAndContributionMap":{"docs":{"insertions":51,"deletions":5}}},{"hash":"9373c40d227a562e98f1957a46fb86ad97e12767","isMergeCommit":false,"messageTitle":"Refactor solomonng2001 photo link in aboutus","messageBody":"","fileTypesAndContributionMap":{"docs":{"insertions":1,"deletions":1}}},{"hash":"7609ad60931949f6f6a8e02bfd363e0736272924","isMergeCommit":true,"messageTitle":"Merge pull request #47 from ReganChoy/branch_aboutus","messageBody":"Add ReganChoy AboutUs Info","fileTypesAndContributionMap":{}},{"hash":"c748877d95521b29e25a4a13ed3209caeaf68e92","isMergeCommit":false,"messageTitle":"Update readme and contextualise to clientcare","messageBody":"Readme contains information about addressbook3.\n\nUpdating the information in readme to reflect ClientCare will provide\nproper information about our evolved product.\n\nLet\u0027s\n* Update the UI image.\n* Update project overview information.\n* Add link to our ClientCare website.\n* Add acknowledgements to creators of addressbook3.\n","fileTypesAndContributionMap":{"docs":{"insertions":12,"deletions":11}}},{"hash":"5285950245ad9624602d5954e2bb16ac335fb1bb","isMergeCommit":true,"messageTitle":"Merge fix for met class errors Merge branch \u0027master\u0027 into add-solomonng-aboutus","messageBody":"","fileTypesAndContributionMap":{}},{"hash":"763edff42dcd4d6e339a6155e786836a2a51609e","isMergeCommit":false,"messageTitle":"Fix checkstyle error","messageBody":"","fileTypesAndContributionMap":{"docs":{"insertions":1,"deletions":1}}}]},{"date":"2024-03-06","commitResults":[{"hash":"b4e7f75bfee88b409b7925b144d9813f7c269407","isMergeCommit":false,"messageTitle":"Update developer guide requirements","messageBody":"Limited use cases, glossary and non-functional requirements.\n\nExtending on requirements documentation will ease future references.\n\nLet\u0027s\n* Add use cases for add client, view a client and list all clients.\n* Expand the glossary to include important nouns in main features.\n* Expand non-functional requirements to include characteristics of our\ncode base and user interface.\n","fileTypesAndContributionMap":{"docs":{"insertions":69,"deletions":18}}},{"hash":"9ab6a92f4726fed2053b25944e1f9cf547130e92","isMergeCommit":true,"messageTitle":"Merge pull request #51 from yorklim/AboutUs","messageBody":"Add Yorklim AboutUs Info","fileTypesAndContributionMap":{}},{"hash":"65469a634a0560f30f22a1b551bd0a52721a934e","isMergeCommit":true,"messageTitle":"Handle merge conflicts in DeveloperGuide.md","messageBody":"","fileTypesAndContributionMap":{}},{"hash":"be503811835a7dbb7bbdc6f13822cf068826293b","isMergeCommit":true,"messageTitle":"Merge pull request #52 from yorklim/DevGuide","messageBody":"Add User stories to DevGuide","fileTypesAndContributionMap":{}},{"hash":"399ec277523f489960daea72f4a348c137475f71","isMergeCommit":false,"messageTitle":"Raise priority of view client info to high","messageBody":"","fileTypesAndContributionMap":{"docs":{"insertions":1,"deletions":1}}},{"hash":"08f6f4c703679a7ed80a73f80b313b2df5506c5a","isMergeCommit":true,"messageTitle":"Fix merge conflicts in user stories","messageBody":"","fileTypesAndContributionMap":{}},{"hash":"d3f4cdbbcc64bb793383300136e3db18bc4d1bf9","isMergeCommit":false,"messageTitle":"make-corrections-to-use-cases","messageBody":"","fileTypesAndContributionMap":{"docs":{"insertions":1,"deletions":1}}},{"hash":"24a03ff3eba155f85de144e23d8995364892540f","isMergeCommit":false,"messageTitle":"Undo deleted items in use cases","messageBody":"","fileTypesAndContributionMap":{"docs":{"insertions":30,"deletions":21}}},{"hash":"9899d5ec8e95e4cf9fa5673f8449531ac7e1329a","isMergeCommit":true,"messageTitle":"Merge branch \u0027master\u0027 into update-developer-guide-requirements","messageBody":"","fileTypesAndContributionMap":{}},{"hash":"274f2ff2ec4960cb2eb6d2b056202541dfcdefc5","isMergeCommit":true,"messageTitle":"Merge branch \u0027master\u0027 into update-readme-and-contextualise-to-clientcare","messageBody":"","fileTypesAndContributionMap":{}},{"hash":"1abbb1fc64ee763eafa270a4242c2f9d7e598ee6","isMergeCommit":true,"messageTitle":"Merge pull request #54 from getsquared/update-aboutus","messageBody":"Finalise About Us","fileTypesAndContributionMap":{}},{"hash":"83a3ef9c79718e084052627a2cc0336ee8a1bc08","isMergeCommit":true,"messageTitle":"Merge branch \u0027master\u0027 into update-developer-guide-requirements","messageBody":"","fileTypesAndContributionMap":{}},{"hash":"accf7a96b7e4e9e43f9cf005cb4a5d74060563df","isMergeCommit":true,"messageTitle":"Merge branch \u0027master\u0027 into update-readme-and-contextualise-to-clientcare","messageBody":"","fileTypesAndContributionMap":{}},{"hash":"89ed112f7fcae2090db60df3697028df7bc4ca1f","isMergeCommit":true,"messageTitle":"Merge branch \u0027master\u0027 into update-developer-guide-requirements","messageBody":"","fileTypesAndContributionMap":{}},{"hash":"5423a51a98b9be348d4891f83fac1161770ba2d9","isMergeCommit":true,"messageTitle":"Merge pull request #56 from getsquared/update-aboutus","messageBody":"Update About Us Image Name","fileTypesAndContributionMap":{}},{"hash":"aa062bdf8bd36d032cd8170436fa533f615a22c2","isMergeCommit":true,"messageTitle":"Merge branch \u0027master\u0027 into update-developer-guide-requirements","messageBody":"","fileTypesAndContributionMap":{}},{"hash":"908092ca4ef622fbf6eb7c435dad2c1c82430fa7","isMergeCommit":true,"messageTitle":"Merge pull request #55 from solomonng2001/update-developer-guide-requirements","messageBody":"Update developer guide requirements","fileTypesAndContributionMap":{}}]},{"date":"2024-03-07","commitResults":[{"hash":"2628eeb9d29aa899bc88469067a4f9fba863e651","isMergeCommit":true,"messageTitle":"Merge pull request #61 from getsquared/update-dg-requirements","messageBody":"Update DG Use Cases","fileTypesAndContributionMap":{}},{"hash":"03c161b8929572863317a33d2e89ad262b7f690f","isMergeCommit":false,"messageTitle":"Fledge out extensions for developer guide requirements","messageBody":"","fileTypesAndContributionMap":{"docs":{"insertions":94,"deletions":15}}}]},{"date":"2024-03-11","commitResults":[{"hash":"805d08b7bad006ae0a72f1c618b9d49e4c3b7774","isMergeCommit":false,"messageTitle":"Add Birthday","messageBody":"Client\u0027s birthday is not tracked.\n\nTracking client\u0027s birthday will allow automated greeting when it is\nclient\u0027s birthday.\n\nLet\u0027s\n* Add date utility class for common use.\n* Add birthday to model.\n* Enable storage to handle birthday.\n* Add client command and edit client command should handle birthdays.\n* Update UI to show birthday.\n* Update all data for testing and sample data.\n* Update all test cases for existing files and update for new classes.\n","fileTypesAndContributionMap":{"functional-code":{"insertions":253,"deletions":20},"test-code":{"insertions":475,"deletions":52}}},{"hash":"da4063ca777c31ca5c1f209f2b36150190555c51","isMergeCommit":false,"messageTitle":"Add tests for DateUtil.isParsableDateString()","messageBody":"","fileTypesAndContributionMap":{"test-code":{"insertions":35,"deletions":35}}},{"hash":"a422cb83a47476a4e4a8b19b2d4d6be286e4f85f","isMergeCommit":false,"messageTitle":"Fix error in DateUtil","messageBody":"","fileTypesAndContributionMap":{"functional-code":{"insertions":7,"deletions":0}}}]},{"date":"2024-03-17","commitResults":[{"hash":"aa944fe00d402e58b653462c7acd70068b36be53","isMergeCommit":true,"messageTitle":"Merge pull request #68 from yorklim/AddPolicy","messageBody":"Add addPolicy command","fileTypesAndContributionMap":{}}]},{"date":"2024-03-18","commitResults":[{"hash":"4be0fcc5f71349dc04886def322b93bdefdf3772","isMergeCommit":false,"messageTitle":"Add priority","messageBody":"Lack use case to optimise workflow based on client\u0027s importance.\n\nAllows user to optimise workflow based on client\u0027s importance.\n\nLet\u0027s\n* Add priority to model.\n* Enable storage to handle priority.\n* Add client command and edit client command should handle priority.\n* Add client parser and edit client parser should handle priority.\n* Update UI to show priority.\n* Update all data for testing and sample data.\n* Update all test cases for existing files and update for new classes.\n","fileTypesAndContributionMap":{"functional-code":{"insertions":251,"deletions":44},"test-code":{"insertions":369,"deletions":67}}},{"hash":"153a72eb0db9323a163508aa6445bcf91b394d47","isMergeCommit":true,"messageTitle":"Resolve merge conflicts with addition of policy","messageBody":"","fileTypesAndContributionMap":{}},{"hash":"6cc30adfe17e3a899f55dabd7987a68513f2d43e","isMergeCommit":false,"messageTitle":"Rename global rename name from PREFIX_CONTACT_NUMBER to PREFIX_PHONE","messageBody":"","fileTypesAndContributionMap":{"functional-code":{"insertions":17,"deletions":17},"test-code":{"insertions":17,"deletions":17}}},{"hash":"a509e4923765635ec46e37ac56f3cd3a4df79956","isMergeCommit":true,"messageTitle":"Merge pull request #66 from getsquared/improve-gui","messageBody":"Add Client View Panel GUI and View Client Command","fileTypesAndContributionMap":{}},{"hash":"4d69dd745dd8c0717affac40cf9adbaa5d7e230b","isMergeCommit":true,"messageTitle":"Merge addtion of gui for client details and policy, and view command","messageBody":"","fileTypesAndContributionMap":{}},{"hash":"70a4c1217288e8fdf47672d84243e50195c84f0d","isMergeCommit":false,"messageTitle":"add priority gui","messageBody":"","fileTypesAndContributionMap":{"functional-code":{"insertions":4,"deletions":0}}},{"hash":"7cc677d5be0d9b54a53e36d7a78ba97d49104479","isMergeCommit":true,"messageTitle":"Merge pull request #70 from solomonng2001/add-priority","messageBody":"Add priority","fileTypesAndContributionMap":{}}]}],"yorklim":[{"date":"2024-03-06","commitResults":[{"hash":"1b0f8c9f7d675c1a147026367750ba7fc20541f9","isMergeCommit":true,"messageTitle":"Merge pull request #49 from solomonng2001/add-solomonng-aboutus","messageBody":"Add solomonng aboutus info","fileTypesAndContributionMap":{}},{"hash":"feb839f4769b31f88f94e01e1a74693e6788bd56","isMergeCommit":false,"messageTitle":"Add Yorklim AboutUs Info","messageBody":"","fileTypesAndContributionMap":{"docs":{"insertions":52,"deletions":6}}},{"hash":"ec659f4ce686e625757d679cf00d2d318376abb0","isMergeCommit":true,"messageTitle":"Merge pull request #48 from ReganChoy/branch-developer_guide","messageBody":"Update DG Requirements","fileTypesAndContributionMap":{}},{"hash":"b29f82bd28e53da5e51aa4ce907c8d814544dd46","isMergeCommit":false,"messageTitle":"Add User stories to DevGuide","messageBody":"","fileTypesAndContributionMap":{"docs":{"insertions":29,"deletions":20}}},{"hash":"4aca1622ac38a22517c8ab9ea40064bd1877360a","isMergeCommit":false,"messageTitle":"Update index.md","messageBody":"","fileTypesAndContributionMap":{"docs":{"insertions":4,"deletions":4}}},{"hash":"7041a28b921f4a46e5fe362e1f8ca0bbcb6d5dcd","isMergeCommit":false,"messageTitle":"Update links in index.md","messageBody":"","fileTypesAndContributionMap":{"docs":{"insertions":2,"deletions":2}}}]},{"date":"2024-03-15","commitResults":[{"hash":"6f361d13ac29a0ddf5b6b0510a7fe0bed41b353e","isMergeCommit":true,"messageTitle":"Merge pull request #64 from ReganChoy/branch-LastMet_Schedule","messageBody":"Add LastMet, Schedule, Mark Functionality","fileTypesAndContributionMap":{}}]},{"date":"2024-03-17","commitResults":[{"hash":"d7c0d96e6f6e5ac023864b360b37e10fe745d987","isMergeCommit":false,"messageTitle":"Add addPolicy command","messageBody":"","fileTypesAndContributionMap":{"functional-code":{"insertions":589,"deletions":12},"test-code":{"insertions":452,"deletions":14}}}]},{"date":"2024-03-19","commitResults":[{"hash":"d5ddec7c105ade5f63f305b6df74ddc98951a8c5","isMergeCommit":true,"messageTitle":"Merge pull request #72 from getsquared/update-ug","messageBody":"Update UG and UI UML in DG","fileTypesAndContributionMap":{}},{"hash":"e18da6dc3e6526e68d73033beb7379d0da8c4dd9","isMergeCommit":true,"messageTitle":"Merge pull request #74 from getsquared/disable-codecov-fail-ci","messageBody":"Fix gradle.yml ignore for CodeCov","fileTypesAndContributionMap":{}},{"hash":"ed91a42214ab1a12b4852f30a533b3d7f531ab33","isMergeCommit":true,"messageTitle":"Merge pull request #73 from getsquared/improve-gui","messageBody":"Update DisplayClient and tests","fileTypesAndContributionMap":{}},{"hash":"3538cc22211d14bff8d1ab3181abe9321f36cbc9","isMergeCommit":false,"messageTitle":"Add deletePolicy command and change PolicyList to use ObservableList","messageBody":"","fileTypesAndContributionMap":{"functional-code":{"insertions":241,"deletions":39},"test-code":{"insertions":329,"deletions":73}}}]}]},"authorFileTypeContributionMap":{"getsquared":{"docs":187,"functional-code":514,"test-code":222},"ReganChoy":{"docs":144,"functional-code":914,"test-code":644},"solomonng2001":{"docs":161,"functional-code":479,"test-code":784},"yorklim":{"docs":52,"functional-code":786,"test-code":692}},"authorContributionVariance":{"getsquared":20102.918,"ReganChoy":357969.72,"solomonng2001":49879.402,"yorklim":57060.21},"authorDisplayNameMap":{"getsquared":"CS2103T-W12-1 GE S..QING","ReganChoy":"CS2103T-W12-1 REGA..N FU","solomonng2001":"CS2103T-W12-1 NG R..OMON","yorklim":"CS2103T-W12-1 CHIA.. LIM"}}
