{"authorDailyContributionsMap":{"getsquared":[{"date":"2024-03-05","commitResults":[{"hash":"39ea1f1fa1afce0456ff0b1288151b2aa0449569","isMergeCommit":false,"messageTitle":"Add info to AboutUs.md","messageBody":"","fileTypesAndContributionMap":{"docs":{"insertions":0,"deletions":0}}},{"hash":"3a3e3f5c068f6a3534397c6af710f823b850e8ed","isMergeCommit":false,"messageTitle":"Update info in AboutUs.md","messageBody":"","fileTypesAndContributionMap":{"docs":{"insertions":51,"deletions":5}}},{"hash":"8a0f965fcf9f26b526ed4efbe62b47b3d0163cfc","isMergeCommit":false,"messageTitle":"Update Website Navbar Github Link","messageBody":"","fileTypesAndContributionMap":{"docs":{"insertions":1,"deletions":1}}},{"hash":"69226491532efdc47d888697436b1ed041a072bf","isMergeCommit":false,"messageTitle":"Update DG Requirements","messageBody":"","fileTypesAndContributionMap":{"docs":{"insertions":44,"deletions":18}}}]},{"date":"2024-03-06","commitResults":[{"hash":"528d5a48633411699f7afc3bb920778872fc5299","isMergeCommit":false,"messageTitle":"Finalise AboutUs.md","messageBody":"","fileTypesAndContributionMap":{"docs":{"insertions":8,"deletions":27}}},{"hash":"c3d9c8a2600ef2f9b18ee82da733cd630892774e","isMergeCommit":false,"messageTitle":"Delete johndoe.md","messageBody":"","fileTypesAndContributionMap":{"docs":{"insertions":0,"deletions":46}}},{"hash":"5f93ec6c3780aaad719946a22830b2dcbcac62b2","isMergeCommit":true,"messageTitle":"Merge pull request #53 from solomonng2001/update-developer-guide-requirements","messageBody":"Update developer guide requirements","fileTypesAndContributionMap":{}},{"hash":"9ae39b592b3f8c7ca348237b115ca08a6d8d5cde","isMergeCommit":true,"messageTitle":"Merge pull request #50 from solomonng2001/update-readme-and-contextualise-to-clientcare","messageBody":"Update readme and contextualise to clientcare","fileTypesAndContributionMap":{}},{"hash":"32a37d24e9e3a0a59038e6f55a372ffcef4b3cdd","isMergeCommit":true,"messageTitle":"Merge remote-tracking branch \u0027origin\u0027 into update-aboutus","messageBody":"","fileTypesAndContributionMap":{}},{"hash":"2a31a4e7d3ab3bf98974ac270554d309b658ae75","isMergeCommit":false,"messageTitle":"Rename member image in AboutUs","messageBody":"","fileTypesAndContributionMap":{"docs":{"insertions":1,"deletions":1}}},{"hash":"4417c8b0c77f33bfa89bf389b7a66d3cdc13856d","isMergeCommit":true,"messageTitle":"Merge pull request #59 from ReganChoy/branch-DG_NameFix","messageBody":"Fix product name in DG","fileTypesAndContributionMap":{}}]}],"ReganChoy":[{"date":"2024-02-25","commitResults":[{"hash":"3a7ec979d8f15325c7f31b1f51946536fae91b31","isMergeCommit":false,"messageTitle":"Add new MetCommand class","messageBody":"","fileTypesAndContributionMap":{"functional-code":{"insertions":86,"deletions":0}}},{"hash":"1910c330493fb2d66724749ae4650a6620903b7a","isMergeCommit":false,"messageTitle":"Add new MetCommand class","messageBody":"","fileTypesAndContributionMap":{"functional-code":{"insertions":148,"deletions":46}}}]},{"date":"2024-03-05","commitResults":[{"hash":"bb196b2ea48c3731d2c9a1488986a7b56bb99fca","isMergeCommit":true,"messageTitle":"Merge pull request #25 from getsquared/add-getsquared-info","messageBody":"Add Shuqing AboutUs Info","fileTypesAndContributionMap":{}},{"hash":"082c80138aee6a0d3502c740f66e1149243df4f2","isMergeCommit":true,"messageTitle":"Merge pull request #35 from getsquared/update-docs-settings","messageBody":"Update Website Navbar Github Link","fileTypesAndContributionMap":{}},{"hash":"0c737d7b30e0a18c54fe2e92ac075384da7f9266","isMergeCommit":true,"messageTitle":"Merge pull request #36 from getsquared/add-dg-requirements","messageBody":"Update DG Requirements","fileTypesAndContributionMap":{}},{"hash":"0a2ab9906b6efcc28bd28d1b4ae79d363c21fa73","isMergeCommit":false,"messageTitle":"Reset master branch back to origin state","messageBody":"Copy origin src folder back into the branch\n","fileTypesAndContributionMap":{"functional-code":{"insertions":11,"deletions":48}}},{"hash":"1fea686b0b0fdf00852a3f757d5fcd9f06e9d197","isMergeCommit":false,"messageTitle":"Remove MetCommand class file","messageBody":"","fileTypesAndContributionMap":{"functional-code":{"insertions":0,"deletions":91}}},{"hash":"972427777c85a30d40d854d851bb01e288eabde8","isMergeCommit":true,"messageTitle":"Merge branch \u0027master\u0027 of https://github.com/AY2324S2-CS2103T-W12-1/tp","messageBody":"","fileTypesAndContributionMap":{}},{"hash":"3f8649316089211b45b834035c45817648d078d4","isMergeCommit":false,"messageTitle":"Add ReganChoy AboutUs info","messageBody":"","fileTypesAndContributionMap":{"docs":{"insertions":58,"deletions":0}}},{"hash":"dfe3a7435b5f895b1dcfa0bd766f33c5abfb9161","isMergeCommit":false,"messageTitle":"Fix naming error in aboutMe","messageBody":"","fileTypesAndContributionMap":{"docs":{"insertions":1,"deletions":1}}},{"hash":"9385de5870c9d8724b5b5c1574f93ae70954a1d9","isMergeCommit":false,"messageTitle":"Fix check errors","messageBody":"","fileTypesAndContributionMap":{"functional-code":{"insertions":0,"deletions":60},"docs":{"insertions":46,"deletions":46}}},{"hash":"92ec9e71b08cf1fc39b353a29400805a944ed1a0","isMergeCommit":false,"messageTitle":"Remove MetCommandParser class","messageBody":"","fileTypesAndContributionMap":{"functional-code":{"insertions":0,"deletions":60}}},{"hash":"f9d3c07ac18070cb6ac3fa31c6cd819362b5dca2","isMergeCommit":false,"messageTitle":"Update developer guide","messageBody":"New user stories and use cases added\n","fileTypesAndContributionMap":{"docs":{"insertions":78,"deletions":13}}},{"hash":"2f69924289af36f3d350f163ae5f18ed63aad7b7","isMergeCommit":true,"messageTitle":"Merge branch \u0027master\u0027 of https://github.com/AY2324S2-CS2103T-W12-1/tp","messageBody":"","fileTypesAndContributionMap":{}},{"hash":"d6a4f7f233bf78904313f82f3db2955cf6874a8e","isMergeCommit":true,"messageTitle":"Merge branch \u0027master\u0027 into branch-developer_guide","messageBody":"","fileTypesAndContributionMap":{}},{"hash":"88d563da18e03f80b44eba74cab1ab0d0e4f8324","isMergeCommit":false,"messageTitle":"Fix name change","messageBody":"","fileTypesAndContributionMap":{"docs":{"insertions":1,"deletions":1}}},{"hash":"6b3ef448f2734b8901ff003427acade2fb442c89","isMergeCommit":false,"messageTitle":"Fix name change","messageBody":"","fileTypesAndContributionMap":{"docs":{"insertions":1,"deletions":1}}},{"hash":"398a53ad1f4f809ddd95f3c26658422e5cc5b06d","isMergeCommit":false,"messageTitle":"Fix name change","messageBody":"","fileTypesAndContributionMap":{"docs":{"insertions":1,"deletions":1}}},{"hash":"d1426d76a8b3246f89ea96ee2813864d20df9ef4","isMergeCommit":false,"messageTitle":"Fix check error","messageBody":"","fileTypesAndContributionMap":{"docs":{"insertions":46,"deletions":46}}},{"hash":"e8b970379ab2f138cacf921042797847023c5037","isMergeCommit":false,"messageTitle":"Test commit changes","messageBody":"","fileTypesAndContributionMap":{"docs":{"insertions":1,"deletions":1}}},{"hash":"5eecc4e946a3596f4de07c8b2b339b2555aa5d8a","isMergeCommit":false,"messageTitle":"Remove test text","messageBody":"","fileTypesAndContributionMap":{"docs":{"insertions":1,"deletions":1}}},{"hash":"4998ec9ad409b80a075c16dd15f3821306e6fb43","isMergeCommit":true,"messageTitle":"Merge branch \u0027master\u0027 of https://github.com/AY2324S2-CS2103T-W12-1/tp","messageBody":"","fileTypesAndContributionMap":{}},{"hash":"6cad6e952437b63036deca6232d38fdd3e784761","isMergeCommit":true,"messageTitle":"Merge branch \u0027master\u0027 into branch-developer_guide","messageBody":"","fileTypesAndContributionMap":{}}]},{"date":"2024-03-06","commitResults":[{"hash":"a1c6afe1e2c42a54d614902371612f1f7c309f7c","isMergeCommit":true,"messageTitle":"Merge pull request #58 from yorklim/Index","messageBody":"Update index.md","fileTypesAndContributionMap":{}},{"hash":"a444c88a76650b4100b8d7bbbdeafa68667e2ea2","isMergeCommit":false,"messageTitle":"Fix product name in DG","messageBody":"","fileTypesAndContributionMap":{"docs":{"insertions":1,"deletions":1}}}]}],"solomonng2001":[{"date":"2024-03-05","commitResults":[{"hash":"735042ec98fecd4dcfbb1dc9a63885e98103cfa1","isMergeCommit":false,"messageTitle":"Add solomonng info in aboutus","messageBody":"","fileTypesAndContributionMap":{"docs":{"insertions":51,"deletions":5}}},{"hash":"9373c40d227a562e98f1957a46fb86ad97e12767","isMergeCommit":false,"messageTitle":"Refactor solomonng2001 photo link in aboutus","messageBody":"","fileTypesAndContributionMap":{"docs":{"insertions":1,"deletions":1}}},{"hash":"7609ad60931949f6f6a8e02bfd363e0736272924","isMergeCommit":true,"messageTitle":"Merge pull request #47 from ReganChoy/branch_aboutus","messageBody":"Add ReganChoy AboutUs Info","fileTypesAndContributionMap":{}},{"hash":"c748877d95521b29e25a4a13ed3209caeaf68e92","isMergeCommit":false,"messageTitle":"Update readme and contextualise to clientcare","messageBody":"Readme contains information about addressbook3.\n\nUpdating the information in readme to reflect ClientCare will provide\nproper information about our evolved product.\n\nLet\u0027s\n* Update the UI image.\n* Update project overview information.\n* Add link to our ClientCare website.\n* Add acknowledgements to creators of addressbook3.\n","fileTypesAndContributionMap":{"docs":{"insertions":12,"deletions":11}}},{"hash":"5285950245ad9624602d5954e2bb16ac335fb1bb","isMergeCommit":true,"messageTitle":"Merge fix for met class errors Merge branch \u0027master\u0027 into add-solomonng-aboutus","messageBody":"","fileTypesAndContributionMap":{}},{"hash":"763edff42dcd4d6e339a6155e786836a2a51609e","isMergeCommit":false,"messageTitle":"Fix checkstyle error","messageBody":"","fileTypesAndContributionMap":{"docs":{"insertions":1,"deletions":1}}}]},{"date":"2024-03-06","commitResults":[{"hash":"b4e7f75bfee88b409b7925b144d9813f7c269407","isMergeCommit":false,"messageTitle":"Update developer guide requirements","messageBody":"Limited use cases, glossary and non-functional requirements.\n\nExtending on requirements documentation will ease future references.\n\nLet\u0027s\n* Add use cases for add client, view a client and list all clients.\n* Expand the glossary to include important nouns in main features.\n* Expand non-functional requirements to include characteristics of our\ncode base and user interface.\n","fileTypesAndContributionMap":{"docs":{"insertions":69,"deletions":18}}},{"hash":"9ab6a92f4726fed2053b25944e1f9cf547130e92","isMergeCommit":true,"messageTitle":"Merge pull request #51 from yorklim/AboutUs","messageBody":"Add Yorklim AboutUs Info","fileTypesAndContributionMap":{}},{"hash":"65469a634a0560f30f22a1b551bd0a52721a934e","isMergeCommit":true,"messageTitle":"Handle merge conflicts in DeveloperGuide.md","messageBody":"","fileTypesAndContributionMap":{}},{"hash":"be503811835a7dbb7bbdc6f13822cf068826293b","isMergeCommit":true,"messageTitle":"Merge pull request #52 from yorklim/DevGuide","messageBody":"Add User stories to DevGuide","fileTypesAndContributionMap":{}},{"hash":"399ec277523f489960daea72f4a348c137475f71","isMergeCommit":false,"messageTitle":"Raise priority of view client info to high","messageBody":"","fileTypesAndContributionMap":{"docs":{"insertions":1,"deletions":1}}},{"hash":"08f6f4c703679a7ed80a73f80b313b2df5506c5a","isMergeCommit":true,"messageTitle":"Fix merge conflicts in user stories","messageBody":"","fileTypesAndContributionMap":{}},{"hash":"d3f4cdbbcc64bb793383300136e3db18bc4d1bf9","isMergeCommit":false,"messageTitle":"make-corrections-to-use-cases","messageBody":"","fileTypesAndContributionMap":{"docs":{"insertions":1,"deletions":1}}},{"hash":"24a03ff3eba155f85de144e23d8995364892540f","isMergeCommit":false,"messageTitle":"Undo deleted items in use cases","messageBody":"","fileTypesAndContributionMap":{"docs":{"insertions":30,"deletions":21}}},{"hash":"9899d5ec8e95e4cf9fa5673f8449531ac7e1329a","isMergeCommit":true,"messageTitle":"Merge branch \u0027master\u0027 into update-developer-guide-requirements","messageBody":"","fileTypesAndContributionMap":{}},{"hash":"274f2ff2ec4960cb2eb6d2b056202541dfcdefc5","isMergeCommit":true,"messageTitle":"Merge branch \u0027master\u0027 into update-readme-and-contextualise-to-clientcare","messageBody":"","fileTypesAndContributionMap":{}},{"hash":"1abbb1fc64ee763eafa270a4242c2f9d7e598ee6","isMergeCommit":true,"messageTitle":"Merge pull request #54 from getsquared/update-aboutus","messageBody":"Finalise About Us","fileTypesAndContributionMap":{}},{"hash":"83a3ef9c79718e084052627a2cc0336ee8a1bc08","isMergeCommit":true,"messageTitle":"Merge branch \u0027master\u0027 into update-developer-guide-requirements","messageBody":"","fileTypesAndContributionMap":{}},{"hash":"accf7a96b7e4e9e43f9cf005cb4a5d74060563df","isMergeCommit":true,"messageTitle":"Merge branch \u0027master\u0027 into update-readme-and-contextualise-to-clientcare","messageBody":"","fileTypesAndContributionMap":{}},{"hash":"89ed112f7fcae2090db60df3697028df7bc4ca1f","isMergeCommit":true,"messageTitle":"Merge branch \u0027master\u0027 into update-developer-guide-requirements","messageBody":"","fileTypesAndContributionMap":{}},{"hash":"5423a51a98b9be348d4891f83fac1161770ba2d9","isMergeCommit":true,"messageTitle":"Merge pull request #56 from getsquared/update-aboutus","messageBody":"Update About Us Image Name","fileTypesAndContributionMap":{}},{"hash":"aa062bdf8bd36d032cd8170436fa533f615a22c2","isMergeCommit":true,"messageTitle":"Merge branch \u0027master\u0027 into update-developer-guide-requirements","messageBody":"","fileTypesAndContributionMap":{}},{"hash":"908092ca4ef622fbf6eb7c435dad2c1c82430fa7","isMergeCommit":true,"messageTitle":"Merge pull request #55 from solomonng2001/update-developer-guide-requirements","messageBody":"Update developer guide requirements","fileTypesAndContributionMap":{}}]}],"yorklim":[{"date":"2024-03-06","commitResults":[{"hash":"1b0f8c9f7d675c1a147026367750ba7fc20541f9","isMergeCommit":true,"messageTitle":"Merge pull request #49 from solomonng2001/add-solomonng-aboutus","messageBody":"Add solomonng aboutus info","fileTypesAndContributionMap":{}},{"hash":"feb839f4769b31f88f94e01e1a74693e6788bd56","isMergeCommit":false,"messageTitle":"Add Yorklim AboutUs Info","messageBody":"","fileTypesAndContributionMap":{"docs":{"insertions":52,"deletions":6}}},{"hash":"ec659f4ce686e625757d679cf00d2d318376abb0","isMergeCommit":true,"messageTitle":"Merge pull request #48 from ReganChoy/branch-developer_guide","messageBody":"Update DG Requirements","fileTypesAndContributionMap":{}},{"hash":"b29f82bd28e53da5e51aa4ce907c8d814544dd46","isMergeCommit":false,"messageTitle":"Add User stories to DevGuide","messageBody":"","fileTypesAndContributionMap":{"docs":{"insertions":29,"deletions":20}}},{"hash":"4aca1622ac38a22517c8ab9ea40064bd1877360a","isMergeCommit":false,"messageTitle":"Update index.md","messageBody":"","fileTypesAndContributionMap":{"docs":{"insertions":4,"deletions":4}}},{"hash":"7041a28b921f4a46e5fe362e1f8ca0bbcb6d5dcd","isMergeCommit":false,"messageTitle":"Update links in index.md","messageBody":"","fileTypesAndContributionMap":{"docs":{"insertions":2,"deletions":2}}}]}]},"authorFileTypeContributionMap":{"getsquared":{"docs":88,"functional-code":0,"test-code":0},"ReganChoy":{"docs":119,"functional-code":0,"test-code":0},"solomonng2001":{"docs":88,"functional-code":0,"test-code":0},"yorklim":{"docs":52,"functional-code":0,"test-code":0}},"authorContributionVariance":{"getsquared":1393.7751,"ReganChoy":30364.309,"solomonng2001":1781.4436,"yorklim":1005.5148},"authorDisplayNameMap":{"getsquared":"CS2103T-W12-1 GE S..QING","ReganChoy":"CS2103T-W12-1 REGA..N FU","solomonng2001":"CS2103T-W12-1 NG R..OMON","yorklim":"CS2103T-W12-1 CHIA.. LIM"}}
