{"authorDailyContributionsMap":{"ashleyy2444":[],"ZHANGTIANYAO1":[{"date":"2024-03-06","commitResults":[{"hash":"295120da196bbe5379d0c70f80fa8af3afd2c7cf","isMergeCommit":false,"messageTitle":"Update AboutUs.md","messageBody":"","fileTypesAndContributionMap":{"docs":{"insertions":2,"deletions":2}}},{"hash":"05151230009c43b638afe7b3182051dd8eb71ac4","isMergeCommit":false,"messageTitle":"Update AboutUs.md","messageBody":"","fileTypesAndContributionMap":{"docs":{"insertions":3,"deletions":3}}},{"hash":"2cf4c130f72f3d590b00e232a497511502343e9c","isMergeCommit":false,"messageTitle":"Create zhangtianyao.md","messageBody":"","fileTypesAndContributionMap":{"docs":{"insertions":7,"deletions":0}}},{"hash":"e900d5dbc2d861fe5271e34cae83b17f0b116485","isMergeCommit":true,"messageTitle":"Merge pull request #1 from ZHANGTIANYAO1/Update-AboutUS","messageBody":"Add personal picture","fileTypesAndContributionMap":{}}]},{"date":"2024-03-07","commitResults":[{"hash":"ef77bc29e4846d2a0a26c4eb7d28011dbb39fe06","isMergeCommit":false,"messageTitle":"Update README.md","messageBody":"","fileTypesAndContributionMap":{"docs":{"insertions":5,"deletions":5}}},{"hash":"069204c19d96ecb2f2ba7d3e3ea509ed18fb5009","isMergeCommit":false,"messageTitle":"Update README.md","messageBody":"","fileTypesAndContributionMap":{"docs":{"insertions":1,"deletions":1}}},{"hash":"e7dda709ce0be666792eef5de28150c1cee4778b","isMergeCommit":false,"messageTitle":"Update README.md","messageBody":"","fileTypesAndContributionMap":{"docs":{"insertions":1,"deletions":1}}},{"hash":"b2fbf41718f013605088a15754c27b9582228ffd","isMergeCommit":false,"messageTitle":"Delete docs/team/zhangtianyao.md","messageBody":"","fileTypesAndContributionMap":{"docs":{"insertions":0,"deletions":7}}},{"hash":"4706b8c32e71d8a70557e55aaadb495f45a86757","isMergeCommit":false,"messageTitle":"Delete docs/AboutUs.md","messageBody":"","fileTypesAndContributionMap":{"docs":{"insertions":0,"deletions":59}}},{"hash":"1f384844312b659758d20d831deed4fce5b0fc93","isMergeCommit":false,"messageTitle":"Create AboutUs.md","messageBody":"","fileTypesAndContributionMap":{"docs":{"insertions":59,"deletions":0}}},{"hash":"0e9e70842512853df00e55f50167748f715ca3f3","isMergeCommit":true,"messageTitle":"Merge pull request #4 from ZHANGTIANYAO1/Update-README","messageBody":"Update readme","fileTypesAndContributionMap":{}},{"hash":"9a944b36aacfc19e2afc23831161532d78b5f836","isMergeCommit":true,"messageTitle":"Merge pull request #5 from dabzpengu/AboutUS","messageBody":"update issue #1","fileTypesAndContributionMap":{}},{"hash":"bc6528d57d550164316ed83df5ba608b44762b76","isMergeCommit":true,"messageTitle":"Merge pull request #6 from Lalelulilulela/branch-updateAboutUs","messageBody":"Update AboutUs.md and create yj.md","fileTypesAndContributionMap":{}},{"hash":"7d43e67f0da1eb15b2868cf9b11e7662db5c78fe","isMergeCommit":true,"messageTitle":"Merge pull request #13 from Dexter-Wong/v1.1","messageBody":"Update the AboutUs.md file and include new images","fileTypesAndContributionMap":{}}]}],"Lalelulilulela":[{"date":"2024-03-07","commitResults":[{"hash":"99756d0e6caba81b51e4d3b22bf0e6d907f68b1f","isMergeCommit":false,"messageTitle":"Update AboutUs.md and create yj.md","messageBody":"","fileTypesAndContributionMap":{"docs":{"insertions":3,"deletions":3}}},{"hash":"8a39da76061a46a912f188c63684ee485c3052a4","isMergeCommit":false,"messageTitle":"Update AboutUs.md","messageBody":"","fileTypesAndContributionMap":{"docs":{"insertions":2,"deletions":2}}},{"hash":"6e78db8b9046c709ff04b1a9caa2428480ffbd10","isMergeCommit":false,"messageTitle":"update target user profile in DeveloperGuide.md","messageBody":"","fileTypesAndContributionMap":{"docs":{"insertions":2,"deletions":1}}},{"hash":"0eb8be4b097877bc356e8cc59eb71d6ccf53d0cc","isMergeCommit":false,"messageTitle":"Revert \"update target user profile in DeveloperGuide.md\"","messageBody":"This reverts commit 6e78db8b9046c709ff04b1a9caa2428480ffbd10.\n","fileTypesAndContributionMap":{"docs":{"insertions":1,"deletions":2}}},{"hash":"a1c368d6ee9a3a371e00adc96dcc650aa1cfd765","isMergeCommit":false,"messageTitle":"Update target user profile in DeveloperGuide.md","messageBody":"","fileTypesAndContributionMap":{"docs":{"insertions":2,"deletions":1}}}]}],"dabzpengu":[{"date":"2024-03-07","commitResults":[{"hash":"3774ffd1bfdb594e3ecdfb78eac63ee708c53440","isMergeCommit":false,"messageTitle":"update issue #1","messageBody":"added role\n","fileTypesAndContributionMap":{"docs":{"insertions":4,"deletions":5}}}]},{"date":"2024-03-08","commitResults":[{"hash":"33c4523a74000f11f1e72630b5908de2caae1ed2","isMergeCommit":true,"messageTitle":"Merge pull request #16 from Lalelulilulela/branch-DG-target-user-profile","messageBody":"Update Target User Profile in DG","fileTypesAndContributionMap":{}}]}],"Dexter-Wong":[{"date":"2024-03-07","commitResults":[{"hash":"d0f941156237f13bb99ba5e0577c2b34ae29d3a9","isMergeCommit":false,"messageTitle":"Update the AboutUs.md file and include new images","messageBody":"The AboutUs.md file allows users to find out more\nabout the developers.\n\nUpdating the AboutUs.md file allows us to delegate\ngroup work more efficiently.\n","fileTypesAndContributionMap":{"docs":{"insertions":50,"deletions":4}}}]}]},"authorFileTypeContributionMap":{"ashleyy2444":{"docs":0,"functional-code":0,"test-code":0},"ZHANGTIANYAO1":{"docs":7,"functional-code":0,"test-code":0},"Lalelulilulela":{"docs":5,"functional-code":0,"test-code":0},"dabzpengu":{"docs":4,"functional-code":0,"test-code":0},"Dexter-Wong":{"docs":50,"functional-code":0,"test-code":0}},"authorContributionVariance":{"ashleyy2444":0.0,"ZHANGTIANYAO1":1199.1735,"Lalelulilulela":22.462221,"dabzpengu":5.04,"Dexter-Wong":181.44},"authorDisplayNameMap":{"ashleyy2444":"CS2103T-T08-3 CHUA..HLEY","ZHANGTIANYAO1":"CS2103T-T08-3 ZHAN..NYAO","Lalelulilulela":"CS2103T-T08-3 TAN ..JING","dabzpengu":"CS2103T-T08-3 MUHA..AHIM","Dexter-Wong":"CS2103T-T08-3 DEXT.. YOU"}}
