{"authorDailyContributionsMap":{"Alteqa":[{"date":"2024-03-05","commitResults":[{"hash":"f3a22a71b09ec1851a4a6bed96d3e3ef2d344de5","isMergeCommit":false,"messageTitle":"Update aboutus page","messageBody":"","fileTypesAndContributionMap":{"docs":{"insertions":7,"deletions":6}}},{"hash":"af990f6864612ba6553dc906d77db4201b7cbfae","isMergeCommit":true,"messageTitle":"Merge pull request #37 from ararchch/branch-Readme","messageBody":"Update readme","fileTypesAndContributionMap":{}}]},{"date":"2024-03-12","commitResults":[{"hash":"7bdbdb32a73ed7ab91d953ee9a8c3fb3da09b7a8","isMergeCommit":false,"messageTitle":"partial addition of query doctor","messageBody":"","fileTypesAndContributionMap":{"functional-code":{"insertions":154,"deletions":0}}},{"hash":"dd1567c1f0c68cbb1cbb61db457d67cca181efe3","isMergeCommit":false,"messageTitle":"Revert \"partial addition of query doctor\"","messageBody":"This reverts commit 7bdbdb32a73ed7ab91d953ee9a8c3fb3da09b7a8.\n","fileTypesAndContributionMap":{"functional-code":{"insertions":0,"deletions":154}}},{"hash":"4bfcd334c9e93accd1321869f9ed28402faaf6ae","isMergeCommit":false,"messageTitle":"Revert \"Revert \"partial addition of query doctor\"\"","messageBody":"This reverts commit dd1567c1f0c68cbb1cbb61db457d67cca181efe3.\n","fileTypesAndContributionMap":{"functional-code":{"insertions":154,"deletions":0}}}]},{"date":"2024-03-13","commitResults":[{"hash":"d0be49f7d78a9833e523ecb2e24df10650b953ba","isMergeCommit":false,"messageTitle":"Query Doctor fully added without test","messageBody":"","fileTypesAndContributionMap":{"functional-code":{"insertions":30,"deletions":40},"other":{"insertions":5,"deletions":5}}}]},{"date":"2024-03-14","commitResults":[{"hash":"c987c46b6675514748534099a494fdae59391cab","isMergeCommit":false,"messageTitle":"Add tests for query doctor","messageBody":"","fileTypesAndContributionMap":{"test-code":{"insertions":39,"deletions":0}}}]},{"date":"2024-03-17","commitResults":[{"hash":"6dbc9fe29ff7b249c2c1321e4b419948867c3fbb","isMergeCommit":false,"messageTitle":"Add query doctor tests","messageBody":"","fileTypesAndContributionMap":{"test-code":{"insertions":248,"deletions":15}}}]},{"date":"2024-03-18","commitResults":[{"hash":"aedcdd4a664fe5a9f38d73298d3484f95591d22a","isMergeCommit":false,"messageTitle":"Update tests","messageBody":"","fileTypesAndContributionMap":{"test-code":{"insertions":1,"deletions":1}}},{"hash":"dff9ef93d20aa15a166f5fe0788c99258e9c4367","isMergeCommit":true,"messageTitle":"Merge branch \u0027master\u0027 of https://github.com/AY2324S2-CS2103T-T15-1/tp into branch-querydoctor","messageBody":"# Conflicts:\n#\tsrc/main/java/seedu/address/logic/parser/AddressBookParser.java\n#\tsrc/test/java/seedu/address/logic/parser/AddressBookParserTest.java\n#\tsrc/test/java/seedu/address/testutil/TypicalPersons.java\n","fileTypesAndContributionMap":{}},{"hash":"26c18a7ceddc1a5f0e0c61342f0b3ee5ef036b9e","isMergeCommit":false,"messageTitle":"Add newline","messageBody":"","fileTypesAndContributionMap":{"functional-code":{"insertions":1,"deletions":0},"test-code":{"insertions":2,"deletions":0}}},{"hash":"7fc2d664903e5af37af7ddc87a19a0516cf8056b","isMergeCommit":false,"messageTitle":"Update checkstyle","messageBody":"","fileTypesAndContributionMap":{"functional-code":{"insertions":2,"deletions":2},"test-code":{"insertions":5,"deletions":7}}},{"hash":"6f44403615877eb5f52a3d8aa60485057bb4536b","isMergeCommit":false,"messageTitle":"Change names to alphabetical order","messageBody":"","fileTypesAndContributionMap":{"test-code":{"insertions":49,"deletions":49}}},{"hash":"52d695a7260e04de7cb9ea784d873953fc829417","isMergeCommit":false,"messageTitle":"Resolve review comments","messageBody":"","fileTypesAndContributionMap":{"test-code":{"insertions":2,"deletions":1}}},{"hash":"e367ebdeb6797811440d159e97da62de1f462a3d","isMergeCommit":true,"messageTitle":"Merge branch \u0027master\u0027 of https://github.com/AY2324S2-CS2103T-T15-1/tp into branch-resolvereviews","messageBody":"# Conflicts:\n#\tsrc/test/java/seedu/address/logic/parser/AddressBookParserTest.java\n","fileTypesAndContributionMap":{}}]},{"date":"2024-03-21","commitResults":[{"hash":"2c272e9dcb593df8b1ebd745e814a3f2d82f2be0","isMergeCommit":false,"messageTitle":"Change sequence diagram to addpatient","messageBody":"","fileTypesAndContributionMap":{"docs":{"insertions":3,"deletions":3}}},{"hash":"01ae26e4f7d037e02dfcc69fb06ee6171918ffad","isMergeCommit":false,"messageTitle":"Fix typo","messageBody":"","fileTypesAndContributionMap":{"docs":{"insertions":2,"deletions":2}}},{"hash":"2881179f8009e4d9a08849d80dc4ce76105b5413","isMergeCommit":true,"messageTitle":"Resolve merge conflicts","messageBody":"","fileTypesAndContributionMap":{}}]},{"date":"2024-03-25","commitResults":[{"hash":"4f8afd5d59c22c4813752f08565cc22f1d3cfb22","isMergeCommit":false,"messageTitle":"Implement edit patient command partially","messageBody":"","fileTypesAndContributionMap":{"functional-code":{"insertions":247,"deletions":0}}}]},{"date":"2024-03-26","commitResults":[{"hash":"f4014dd7eb992463861fb7bba5a995e2c4be3256","isMergeCommit":false,"messageTitle":"Add edit patient functionality","messageBody":"","fileTypesAndContributionMap":{"functional-code":{"insertions":142,"deletions":72},"test-code":{"insertions":313,"deletions":0}}}]},{"date":"2024-03-28","commitResults":[{"hash":"65dcef70c8746697959bdd1b3de1c58ac0358031","isMergeCommit":false,"messageTitle":"Implement editpatient partially","messageBody":"","fileTypesAndContributionMap":{"functional-code":{"insertions":2,"deletions":2},"test-code":{"insertions":279,"deletions":147}}},{"hash":"b859cc7dd136cdad104c324c93f583d0e73e9494","isMergeCommit":false,"messageTitle":"Update DG","messageBody":"","fileTypesAndContributionMap":{"docs":{"insertions":48,"deletions":1}}},{"hash":"e7a675c62967171c797ce056cd1d50b9fb9fc6e1","isMergeCommit":true,"messageTitle":"Merge branch \u0027master\u0027 of https://github.com/AY2324S2-CS2103T-T15-1/tp into branch-updatedg","messageBody":"","fileTypesAndContributionMap":{}},{"hash":"2a3977e7a5ba58d20dc5f373694b0eefef03a410","isMergeCommit":false,"messageTitle":"Fix diagram","messageBody":"","fileTypesAndContributionMap":{"docs":{"insertions":2,"deletions":2}}}]},{"date":"2024-03-29","commitResults":[{"hash":"c6ca06c53fa8256a90cdda371627ace78aaff9de","isMergeCommit":true,"messageTitle":"Resolve merge conflicts","messageBody":"","fileTypesAndContributionMap":{}}]},{"date":"2024-03-31","commitResults":[{"hash":"dc4800aba0b4cbf79a706df511fb6584de9b7610","isMergeCommit":false,"messageTitle":"Implement edit patient checkpoint 1","messageBody":"","fileTypesAndContributionMap":{"test-code":{"insertions":6,"deletions":6}}},{"hash":"569a93a7e479eb0955054616ebe4f9c03b8cbbdf","isMergeCommit":false,"messageTitle":"Implement edit person","messageBody":"","fileTypesAndContributionMap":{"functional-code":{"insertions":57,"deletions":390},"test-code":{"insertions":0,"deletions":15}}},{"hash":"2b9cf8a04a53f81d64f89281ec4577012d7f2830","isMergeCommit":false,"messageTitle":"Remove AB add command","messageBody":"","fileTypesAndContributionMap":{"functional-code":{"insertions":148,"deletions":148},"test-code":{"insertions":759,"deletions":1152}}}]},{"date":"2024-04-01","commitResults":[{"hash":"1502e55f458e3815ea8309d037cdaf4c2c7e2d60","isMergeCommit":true,"messageTitle":"Merge branch \u0027master\u0027 of https://github.com/AY2324S2-CS2103T-T15-1/tp into branch-editpatientresolveconflicts","messageBody":"","fileTypesAndContributionMap":{}},{"hash":"2d56e33bce63f3f143035c473da577ee3bb4203f","isMergeCommit":false,"messageTitle":"Implement edit command partially","messageBody":"","fileTypesAndContributionMap":{"test-code":{"insertions":73,"deletions":92}}},{"hash":"c15045a51d76747b52866407fa49388358f2b4ea","isMergeCommit":false,"messageTitle":"Implement edit patient doctor","messageBody":"","fileTypesAndContributionMap":{"test-code":{"insertions":37,"deletions":51}}},{"hash":"52e34f102968969488825ed1aa26f0414a1315bf","isMergeCommit":false,"messageTitle":"Fix checkstyle","messageBody":"","fileTypesAndContributionMap":{"test-code":{"insertions":43,"deletions":514}}},{"hash":"ed5b48536505c743f0c5cccd39acb6888d536548","isMergeCommit":false,"messageTitle":"Update checkstyle","messageBody":"","fileTypesAndContributionMap":{"functional-code":{"insertions":16,"deletions":39},"test-code":{"insertions":0,"deletions":12}}},{"hash":"2c1024130aaf37e847f7968059009eeb7244e11f","isMergeCommit":false,"messageTitle":"Fix checkstyle","messageBody":"","fileTypesAndContributionMap":{"functional-code":{"insertions":6,"deletions":4}}},{"hash":"32d44b7319741482c6fee331b9ce24f739f865d4","isMergeCommit":false,"messageTitle":"Fix checkstyle","messageBody":"","fileTypesAndContributionMap":{"functional-code":{"insertions":1,"deletions":1}}},{"hash":"0495c9f732e097008f758ad147ea684dad0f7b2e","isMergeCommit":false,"messageTitle":"Update Junit tests","messageBody":"","fileTypesAndContributionMap":{"functional-code":{"insertions":0,"deletions":16},"test-code":{"insertions":10,"deletions":13}}},{"hash":"d22f994f89dc4e4bdfc6313b9a6144083bd0767f","isMergeCommit":false,"messageTitle":"Fix checkstyle","messageBody":"","fileTypesAndContributionMap":{"functional-code":{"insertions":0,"deletions":1},"test-code":{"insertions":6,"deletions":1}}},{"hash":"7e64d118dcf4b3006065c630aa7c71a8fd6ddbf7","isMergeCommit":false,"messageTitle":"Remove unused imports","messageBody":"","fileTypesAndContributionMap":{"functional-code":{"insertions":0,"deletions":6}}},{"hash":"50a5405db8b9ccdc3c01dd5d80e99ec920ef3e5b","isMergeCommit":true,"messageTitle":"Merge branch \u0027master\u0027 of https://github.com/AY2324S2-CS2103T-T15-1/tp","messageBody":"","fileTypesAndContributionMap":{}}]},{"date":"2024-04-02","commitResults":[{"hash":"4eeb5c2944f54399ed6f77491f0cf900501ac51f","isMergeCommit":false,"messageTitle":"Fix patient return","messageBody":"","fileTypesAndContributionMap":{"functional-code":{"insertions":9,"deletions":8},"test-code":{"insertions":21,"deletions":21}}},{"hash":"94badfe96afd999677ba6756eb311ae5074de817","isMergeCommit":true,"messageTitle":"Resolve merge conflicts","messageBody":"","fileTypesAndContributionMap":{}},{"hash":"1175cf25c989a31ec0e643d5054752a943d192dd","isMergeCommit":false,"messageTitle":"Resolve checkstyle","messageBody":"","fileTypesAndContributionMap":{"functional-code":{"insertions":11,"deletions":2}}},{"hash":"7a5e6d52b93a6ed802aa4a9e2ff04d7e0c045c1a","isMergeCommit":false,"messageTitle":"Resolve CI","messageBody":"","fileTypesAndContributionMap":{"test-code":{"insertions":1,"deletions":24}}},{"hash":"68dc9c9fa142c8e8b04213dbaa0cb471c74b8938","isMergeCommit":false,"messageTitle":"Fix trailing whitespace","messageBody":"","fileTypesAndContributionMap":{"test-code":{"insertions":1,"deletions":2}}}]},{"date":"2024-04-03","commitResults":[{"hash":"3063c8fb2dad077b7540b1335b3e3d499a7aeae7","isMergeCommit":false,"messageTitle":"Resolve comments","messageBody":"","fileTypesAndContributionMap":{"functional-code":{"insertions":2,"deletions":0},"test-code":{"insertions":71,"deletions":266}}},{"hash":"5af78cf3011a73ad85f96ea7718116bd731b332b","isMergeCommit":false,"messageTitle":"Resolve ci checks","messageBody":"","fileTypesAndContributionMap":{"functional-code":{"insertions":0,"deletions":2}}},{"hash":"658636021323fadb3caf8d60da97a348f4b50dfe","isMergeCommit":false,"messageTitle":"Resolve CI","messageBody":"","fileTypesAndContributionMap":{"test-code":{"insertions":4,"deletions":2}}},{"hash":"0c104c9601c25b54b510ea931aa6173860f717a9","isMergeCommit":false,"messageTitle":"Remove personbuilder","messageBody":"","fileTypesAndContributionMap":{"test-code":{"insertions":0,"deletions":81}}},{"hash":"4d2ed92c4e1882a339829afcfb9d0306f11c83e5","isMergeCommit":true,"messageTitle":"Merge branch \u0027master\u0027 of https://github.com/AY2324S2-CS2103T-T15-1/tp","messageBody":"","fileTypesAndContributionMap":{}},{"hash":"ad1a395bf0f365689b3f501328b9e7bea52e7160","isMergeCommit":false,"messageTitle":"Fix appointment creation ug when date is before today","messageBody":"","fileTypesAndContributionMap":{"functional-code":{"insertions":34,"deletions":5}}},{"hash":"fcc7842441cfd51a1dfc46903927b5e5836078d9","isMergeCommit":false,"messageTitle":"Fix ci checks","messageBody":"","fileTypesAndContributionMap":{"functional-code":{"insertions":1,"deletions":2}}},{"hash":"74f967cbcd34d39d2c8013d8813c7c11f134e762","isMergeCommit":true,"messageTitle":"Merge branch \u0027master\u0027 of https://github.com/AY2324S2-CS2103T-T15-1/tp","messageBody":"","fileTypesAndContributionMap":{}},{"hash":"2b0a84ef00473738fe8f84baf83b5b3f142b3d29","isMergeCommit":false,"messageTitle":"Add appointment time","messageBody":"","fileTypesAndContributionMap":{"functional-code":{"insertions":64,"deletions":65},"other":{"insertions":24,"deletions":21}}}]},{"date":"2024-04-04","commitResults":[{"hash":"0e696dab73d1bf1606ad9686351f0b67ae027c7d","isMergeCommit":false,"messageTitle":"Add time","messageBody":"","fileTypesAndContributionMap":{"functional-code":{"insertions":5,"deletions":4}}},{"hash":"adf2168bc61400fc369d5f5e01566d6018f5667c","isMergeCommit":false,"messageTitle":"Add time to appointments","messageBody":"","fileTypesAndContributionMap":{"functional-code":{"insertions":1,"deletions":2},"test-code":{"insertions":124,"deletions":110}}},{"hash":"8145a85018963196577314bc353abe6b31061e66","isMergeCommit":false,"messageTitle":"Fix CI","messageBody":"","fileTypesAndContributionMap":{"functional-code":{"insertions":2,"deletions":3}}},{"hash":"90ac6a990118ac4d001332499e400f4c10687986","isMergeCommit":false,"messageTitle":"Fix formatting","messageBody":"","fileTypesAndContributionMap":{"functional-code":{"insertions":20,"deletions":17}}},{"hash":"a6d805fe8fd8c37aac21c010a1c33baf1c6bdaaf","isMergeCommit":true,"messageTitle":"Merge branch \u0027master\u0027 of https://github.com/AY2324S2-CS2103T-T15-1/tp","messageBody":"","fileTypesAndContributionMap":{}},{"hash":"fb0bea1be74c37a0efbc402c6368225615db5e42","isMergeCommit":false,"messageTitle":"FIx whitespace","messageBody":"","fileTypesAndContributionMap":{"functional-code":{"insertions":3,"deletions":3}}},{"hash":"c5c6f2272b18eb05987ab56697a88e434026a55b","isMergeCommit":false,"messageTitle":"Fix CI","messageBody":"","fileTypesAndContributionMap":{"functional-code":{"insertions":1,"deletions":1}}},{"hash":"c3aebaf367ece8321c2f019ca1f5346cf1400770","isMergeCommit":true,"messageTitle":"Merge pull request #123 from Kappaccinoh/updateUGquery","messageBody":"add query commands to UG","fileTypesAndContributionMap":{}},{"hash":"a2e9f6af9bb3d8a72ec41a14edbcce25f2b37385","isMergeCommit":false,"messageTitle":"Fix json error when altered","messageBody":"","fileTypesAndContributionMap":{"functional-code":{"insertions":10,"deletions":8},"test-code":{"insertions":45,"deletions":0}}},{"hash":"8377e104cb32c2909b69442df33e502a5121e4c2","isMergeCommit":true,"messageTitle":"Merge branch \u0027master\u0027 of https://github.com/AY2324S2-CS2103T-T15-1/tp","messageBody":"","fileTypesAndContributionMap":{}},{"hash":"58376ecd5bdd63089570152fa25be8126ce218a3","isMergeCommit":true,"messageTitle":"Fix appointment bug","messageBody":"","fileTypesAndContributionMap":{}},{"hash":"c9458c4a0ba83dad3c5af21aa2bd834d20d77151","isMergeCommit":false,"messageTitle":"Fix CI","messageBody":"","fileTypesAndContributionMap":{"functional-code":{"insertions":2,"deletions":2}}}]},{"date":"2024-04-05","commitResults":[{"hash":"4461f4528484cb4acdfa8e92e0e1adfffbae51b5","isMergeCommit":true,"messageTitle":"Merge pull request #132 from alfaloo/debug","messageBody":"Bug fix","tags":["v1.3.1"],"fileTypesAndContributionMap":{}},{"hash":"d6fea134baef4019fd3ebaee8063174d52b97e42","isMergeCommit":true,"messageTitle":"Merge branch \u0027master\u0027 of https://github.com/AY2324S2-CS2103T-T15-1/tp into branch-fixxappointmentcreationbug","messageBody":"","fileTypesAndContributionMap":{}},{"hash":"1a1020f1800f1853252b206c74b90da4043bcb70","isMergeCommit":false,"messageTitle":"Fix appointment not starting","messageBody":"","fileTypesAndContributionMap":{"functional-code":{"insertions":2,"deletions":1}}},{"hash":"9cfe1147b35cf6e4dfcebed8711a5ff2ceb8b9bb","isMergeCommit":true,"messageTitle":"Merge pull request #133 from alfaloo/debug","messageBody":"UG fix","fileTypesAndContributionMap":{}},{"hash":"ea05ef25ee536972a6e63957938c140d765cfc44","isMergeCommit":false,"messageTitle":"Add tests","messageBody":"","fileTypesAndContributionMap":{"test-code":{"insertions":14,"deletions":13}}},{"hash":"1405aff89b598b7284c3d51eb861cd1b3bfd3337","isMergeCommit":false,"messageTitle":"Add newline","messageBody":"","fileTypesAndContributionMap":{"functional-code":{"insertions":1,"deletions":2}}},{"hash":"b14818e15ad011b542595d216c4fea839ef78561","isMergeCommit":false,"messageTitle":"Fix CI","messageBody":"","fileTypesAndContributionMap":{"functional-code":{"insertions":0,"deletions":1}}},{"hash":"332f8afb68cc5586038b72fe9432dc17d7fbb981","isMergeCommit":false,"messageTitle":"Update user guide and message","messageBody":"","fileTypesAndContributionMap":{"functional-code":{"insertions":1,"deletions":1},"docs":{"insertions":22,"deletions":6},"test-code":{"insertions":0,"deletions":4}}},{"hash":"68c71f27ed189b708e4a55d5f1c181fa35a1c47a","isMergeCommit":true,"messageTitle":"Merge pull request #111 from Alteqa/branch-fixxappointmentcreationbug","messageBody":"Fix app not starting on early appointment","fileTypesAndContributionMap":{}},{"hash":"47500f0ca6d489bf076faf34512f12723ed16cc9","isMergeCommit":true,"messageTitle":"Merge branch \u0027master\u0027 of https://github.com/AY2324S2-CS2103T-T15-1/tp","messageBody":"","fileTypesAndContributionMap":{}}]}],"alfaloo":[{"date":"2024-03-03","commitResults":[{"hash":"67b95db78d73eb8635635ca4c5415b5438516e99","isMergeCommit":false,"messageTitle":"Update AboutUs documentation","messageBody":"","fileTypesAndContributionMap":{"docs":{"insertions":7,"deletions":6}}}]},{"date":"2024-03-05","commitResults":[{"hash":"15b0836221d5cd1b2f0614a68c5d81d799313ab3","isMergeCommit":true,"messageTitle":"Merge pull request #34 from ararchch/branch-AboutUs","messageBody":"Update AboutUs","fileTypesAndContributionMap":{}},{"hash":"dc4191e7a68ba6a6642962d792c02675d9b628c5","isMergeCommit":false,"messageTitle":"Update developer guide to include relevant user stories","messageBody":"","fileTypesAndContributionMap":{"docs":{"insertions":14,"deletions":8}}},{"hash":"6f1721ae252b0664ac762c147271b4f8c70c3e04","isMergeCommit":true,"messageTitle":"Merge pull request #39 from Alteqa/master","messageBody":"Update aboutus page","fileTypesAndContributionMap":{}}]},{"date":"2024-03-11","commitResults":[{"hash":"dbe18d082de313370a7701f345a5c07bb77d04bb","isMergeCommit":false,"messageTitle":"Implement add patient command","messageBody":"","fileTypesAndContributionMap":{"functional-code":{"insertions":492,"deletions":132},"test-code":{"insertions":1538,"deletions":1361}}},{"hash":"f27ffd6827b5dfdd9faeec5d5074a43e546e8563","isMergeCommit":false,"messageTitle":"Fix checkstyle errors","messageBody":"","fileTypesAndContributionMap":{"functional-code":{"insertions":115,"deletions":77},"other":{"insertions":7,"deletions":7},"test-code":{"insertions":9,"deletions":16}}},{"hash":"56b3abb353063547ef7092ecde582a2bad62c386","isMergeCommit":false,"messageTitle":"Fix checkstyle issues","messageBody":"","fileTypesAndContributionMap":{"test-code":{"insertions":76,"deletions":56}}},{"hash":"629054e8d3496f057a6b48f2318d955675a66d39","isMergeCommit":false,"messageTitle":"Remove test cases that are failing CI","messageBody":"","fileTypesAndContributionMap":{"test-code":{"insertions":45,"deletions":48}}},{"hash":"c1cd45dd476cc726bea9e83b4d662cd071c86542","isMergeCommit":false,"messageTitle":"Implement delete people command","messageBody":"","fileTypesAndContributionMap":{"functional-code":{"insertions":7,"deletions":2}}},{"hash":"4623dabdf60f2aba0cc61ffcbf5f52bcd29d6bf5","isMergeCommit":false,"messageTitle":"Implement delete persons command","messageBody":"","fileTypesAndContributionMap":{"test-code":{"insertions":9,"deletions":4}}},{"hash":"a87ae017fba10f48cbf3d0457d067d2aaee44fb2","isMergeCommit":false,"messageTitle":"Write JUnit test for add patient command","messageBody":"","fileTypesAndContributionMap":{"functional-code":{"insertions":1,"deletions":1},"test-code":{"insertions":402,"deletions":0}}},{"hash":"7411addee1acdaf9f3ff74e8ec1248ac15ca8590","isMergeCommit":false,"messageTitle":"Add more JUnit tests for patient field classes","messageBody":"","fileTypesAndContributionMap":{"functional-code":{"insertions":2,"deletions":2},"test-code":{"insertions":117,"deletions":0}}},{"hash":"f46c8cd585f9d7b4165970468b92199381dba1b0","isMergeCommit":false,"messageTitle":"Add more JUnit tests for new patient class","messageBody":"","fileTypesAndContributionMap":{"functional-code":{"insertions":1,"deletions":2},"test-code":{"insertions":87,"deletions":16}}},{"hash":"b0f305c73a539bcf912a77308bbddaa3bf7b91bf","isMergeCommit":false,"messageTitle":"Fix checkstyle error","messageBody":"","fileTypesAndContributionMap":{"test-code":{"insertions":0,"deletions":1}}},{"hash":"f982a392c6ba0fe194f1b21142223edb7aa88ca6","isMergeCommit":false,"messageTitle":"Add JUnit tests for edit and find commands","messageBody":"","fileTypesAndContributionMap":{"test-code":{"insertions":237,"deletions":42}}},{"hash":"ef5d56f5f0dc854c49577ea52b971e0ca7d2175a","isMergeCommit":false,"messageTitle":"Add more JUnit tests","messageBody":"","fileTypesAndContributionMap":{"test-code":{"insertions":733,"deletions":0}}}]},{"date":"2024-03-12","commitResults":[{"hash":"41b86c4f50d1893c204a78f5664c13f9d834b293","isMergeCommit":false,"messageTitle":"Add more JUnit tests","messageBody":"","fileTypesAndContributionMap":{"test-code":{"insertions":49,"deletions":3}}},{"hash":"60c1cec0f73d9cd4ed5c3286d6d4b3007cd7d8e4","isMergeCommit":false,"messageTitle":"Add more JUnit tests","messageBody":"","fileTypesAndContributionMap":{"test-code":{"insertions":67,"deletions":3}}},{"hash":"502e81c7cbc1e5dd744eb6c93a63c9a4380c942d","isMergeCommit":false,"messageTitle":"Add more JUnit tests","messageBody":"","fileTypesAndContributionMap":{"functional-code":{"insertions":4,"deletions":51},"test-code":{"insertions":4,"deletions":4}}},{"hash":"cb533af584347da5e17690670003235f2eec4039","isMergeCommit":true,"messageTitle":"Merge pull request #47 from officialchengyud/branch-add-doctor","messageBody":"Branch add doctor","fileTypesAndContributionMap":{}}]},{"date":"2024-03-14","commitResults":[{"hash":"cc4f6c588d41e9c0c896701fc50d6448fdd3379e","isMergeCommit":true,"messageTitle":"Merge pull request #51 from ararchch/branch-InternalFindByNric","messageBody":"[Internal Feat] Find person by nric","fileTypesAndContributionMap":{}}]},{"date":"2024-03-18","commitResults":[{"hash":"1a4da0656e9f03c6b7bf7294ee307d3a9822c46e","isMergeCommit":true,"messageTitle":"Merge pull request #50 from ararchch/branch-ManipulateAppointment","messageBody":"Add appointment to MediCLI","fileTypesAndContributionMap":{}}]},{"date":"2024-03-19","commitResults":[{"hash":"5845bdc7009580c30d7562d140c5448a9fa230a4","isMergeCommit":true,"messageTitle":"Merge pull request #59 from officialchengyud/branch-delete-appointment","messageBody":"Add delete appointment","fileTypesAndContributionMap":{}}]},{"date":"2024-03-21","commitResults":[{"hash":"064d58d11f3b6b0bab3d458a4a66b5b6ec079bbb","isMergeCommit":false,"messageTitle":"Update promosed undo/redo feature UML diagrams and DG","messageBody":"","fileTypesAndContributionMap":{"docs":{"insertions":20,"deletions":20}}},{"hash":"8927119d70a458a9728f89beca8777d72d1cb989","isMergeCommit":false,"messageTitle":"Update DG description for proposed undo/redo feature","messageBody":"","fileTypesAndContributionMap":{"docs":{"insertions":16,"deletions":16}}},{"hash":"9f6493da60d19e5a86e52b33009e7ef516bfca5f","isMergeCommit":true,"messageTitle":"Merge pull request #61 from Kappaccinoh/query-appointment","messageBody":"Query appointment","fileTypesAndContributionMap":{}},{"hash":"b341be74ea076581f6064d93e8153d5d7c295b03","isMergeCommit":false,"messageTitle":"Update main window title","messageBody":"","fileTypesAndContributionMap":{"functional-code":{"insertions":1,"deletions":1}}},{"hash":"7d1ab21b305e785d3f04aad6c4d9d4e0d1bd083e","isMergeCommit":false,"messageTitle":"Update query appointment keyword","messageBody":"","fileTypesAndContributionMap":{"functional-code":{"insertions":1,"deletions":1}}},{"hash":"7df946ea64784cb4cf4c1551388b2f2eaf9b62e7","isMergeCommit":false,"messageTitle":"Update testcase","messageBody":"","fileTypesAndContributionMap":{"test-code":{"insertions":3,"deletions":4}}},{"hash":"876a61b1d0c2679ca136ceaeb424c27304d079b0","isMergeCommit":false,"messageTitle":"Fix checkstyle issue","messageBody":"","fileTypesAndContributionMap":{"test-code":{"insertions":4,"deletions":2}}},{"hash":"fa539db9f12b67067005de6eb111867fd5c5ca46","isMergeCommit":false,"messageTitle":"Update sequence diagram GUI","messageBody":"","fileTypesAndContributionMap":{"docs":{"insertions":3,"deletions":3}}},{"hash":"e728fdf5d3a9e80321956170f6ae64394c2b94a2","isMergeCommit":false,"messageTitle":"Undo sequence uml diagram updates","messageBody":"","fileTypesAndContributionMap":{"docs":{"insertions":3,"deletions":3}}},{"hash":"3addef6b6b4cafad6fe310fe5e91fbf3c08c9084","isMergeCommit":true,"messageTitle":"Merge pull request #76 from Alteqa/branch-changeuml","messageBody":"Change UML diagram","fileTypesAndContributionMap":{}}]},{"date":"2024-03-24","commitResults":[{"hash":"9013e2c6712da5adcaa11590ffcf1d98324b8df8","isMergeCommit":false,"messageTitle":"Update colours of fxml mainwindow","messageBody":"","fileTypesAndContributionMap":{"functional-code":{"insertions":353,"deletions":1}}},{"hash":"85c730e2b46ed5fda9bb53dbffe18ca81492bb0c","isMergeCommit":false,"messageTitle":"Update colours of fxml mainwindow","messageBody":"","fileTypesAndContributionMap":{"functional-code":{"insertions":5,"deletions":9}}}]},{"date":"2024-03-25","commitResults":[{"hash":"53717d4791a2aac18931e37b19e6bc167b7d1261","isMergeCommit":false,"messageTitle":"Update frontend ui","messageBody":"","fileTypesAndContributionMap":{"functional-code":{"insertions":26,"deletions":14}}},{"hash":"e5e41c728538c308107091fb7157a8f605c38449","isMergeCommit":false,"messageTitle":"Update gui frontend","messageBody":"","fileTypesAndContributionMap":{"functional-code":{"insertions":5,"deletions":6}}},{"hash":"5c8a2a6d1f984980d0ed9103952aa861631f2a03","isMergeCommit":false,"messageTitle":"Update checkstyle error","messageBody":"","fileTypesAndContributionMap":{"functional-code":{"insertions":1,"deletions":2}}}]},{"date":"2024-03-26","commitResults":[{"hash":"552466ac0ccdc9628bd969b5df5b0bc27e5a52ff","isMergeCommit":true,"messageTitle":"Merge pull request #81 from Kappaccinoh/query-appointment","messageBody":"Query appointment by doctor","fileTypesAndContributionMap":{}},{"hash":"a126972aa8b34df83ec8706e11cb55b0c734a690","isMergeCommit":true,"messageTitle":"Merge pull request #83 from Kappaccinoh/query-person-by-other-fields","messageBody":"add query person by expanded fields","fileTypesAndContributionMap":{}},{"hash":"4095c4df1054b1a4e759b7d1d4a3a005b9bcc028","isMergeCommit":false,"messageTitle":"Implement editappt","messageBody":"","fileTypesAndContributionMap":{"functional-code":{"insertions":250,"deletions":3},"test-code":{"insertions":15,"deletions":0}}}]},{"date":"2024-03-27","commitResults":[{"hash":"9fdd07e96ae939cc5d55aee72a03426462d98aeb","isMergeCommit":false,"messageTitle":"Update editappt tests","messageBody":"","fileTypesAndContributionMap":{"functional-code":{"insertions":4,"deletions":2},"test-code":{"insertions":28,"deletions":11}}},{"hash":"4822ba46cc340b25eda3fef07cfd743a4d5da29b","isMergeCommit":false,"messageTitle":"Add tests for EditAppointmentCommand","messageBody":"","fileTypesAndContributionMap":{"functional-code":{"insertions":24,"deletions":4},"test-code":{"insertions":249,"deletions":5}}}]},{"date":"2024-03-28","commitResults":[{"hash":"8f730e087fa4e1075764c8c23a3c1106926f9ad5","isMergeCommit":false,"messageTitle":"Update DG with implementation of addPatient","messageBody":"","fileTypesAndContributionMap":{"docs":{"insertions":132,"deletions":0}}},{"hash":"f69e6e4453f8b85e016a496e585f7147dd2d7cc2","isMergeCommit":false,"messageTitle":"Fix checkstyle errors","messageBody":"","fileTypesAndContributionMap":{"docs":{"insertions":2,"deletions":2}}},{"hash":"32a2c6d1873a1c44c21b5e493708e7f0ef443f9e","isMergeCommit":false,"messageTitle":"Fix DG typo","messageBody":"","fileTypesAndContributionMap":{"docs":{"insertions":1,"deletions":1}}},{"hash":"451797a06a752f79515400e39f18567987d1b782","isMergeCommit":true,"messageTitle":"Merge pull request #89 from officialchengyud/branch-update-DG","messageBody":"Update DG with adddoctor and delete commands","fileTypesAndContributionMap":{}},{"hash":"5cb34ac6597f4d7e1069b6a5d71240619f5615ef","isMergeCommit":true,"messageTitle":"Merge pull request #91 from ararchch/branch-ImproveCards","messageBody":"Improve appointment card","fileTypesAndContributionMap":{}},{"hash":"52ee29bd7d4c2c71e8cc805a322c2968791cecae","isMergeCommit":true,"messageTitle":"Merge pull request #92 from ararchch/branch-UpdateDg","messageBody":"Update developer guide","fileTypesAndContributionMap":{}}]},{"date":"2024-03-29","commitResults":[{"hash":"858d7553698afcd1008b3e8ec9c4dda7e41cdadc","isMergeCommit":false,"messageTitle":"Fix patient/doctor field constraint issues","messageBody":"","fileTypesAndContributionMap":{"functional-code":{"insertions":9,"deletions":6}}},{"hash":"096073a9a19fbf2865ddd236c1ffecd124d57557","isMergeCommit":false,"messageTitle":"Fix tests that have been broken","messageBody":"","fileTypesAndContributionMap":{"test-code":{"insertions":6,"deletions":6}}},{"hash":"92ef03d941a4fbc2a0a196a6d2ace308da1dad0e","isMergeCommit":true,"messageTitle":"Merge pull request #99 from Kappaccinoh/edit-command-names","messageBody":"change command names","fileTypesAndContributionMap":{}},{"hash":"9d358373644ab6ef63b915bdee2217dfb551015d","isMergeCommit":false,"messageTitle":"Add assertions","messageBody":"","fileTypesAndContributionMap":{"other":{"insertions":4,"deletions":0}}},{"hash":"ceb738eb0a02c2c57db7fd3e0611da20a4134780","isMergeCommit":true,"messageTitle":"Merge pull request #101 from officialchengyud/branch-ui","messageBody":"Update UI with different colour scheme","fileTypesAndContributionMap":{}}]},{"date":"2024-03-31","commitResults":[{"hash":"cf0b289ac3d7fe3c8acec14543fe24c8e87d0e97","isMergeCommit":true,"messageTitle":"Merge pull request #104 from officialchengyud/branch-ui","messageBody":"Improve javafx UI","fileTypesAndContributionMap":{}},{"hash":"d5da79ed401282a9cae0fda7b188b862f517bab0","isMergeCommit":true,"messageTitle":"Merge pull request #105 from officialchengyud/branch-ui","messageBody":"Add region between appointment cards in JavaFx","fileTypesAndContributionMap":{}}]},{"date":"2024-04-01","commitResults":[{"hash":"85055001f24a48404c820a042c3a2475c2e1e630","isMergeCommit":true,"messageTitle":"Merge pull request #106 from Kappaccinoh/standardise-error-messages","messageBody":"standardise error messages","fileTypesAndContributionMap":{}}]},{"date":"2024-04-03","commitResults":[{"hash":"a5e099569b655e4633ac1c9ad6fe607c363016b2","isMergeCommit":true,"messageTitle":"Merge pull request #107 from Alteqa/branch-editpatientresolveconflicts","messageBody":"Implement edit patient doctor functionality","fileTypesAndContributionMap":{}},{"hash":"107a1a5391b4698f1099ce773564b645609d073b","isMergeCommit":true,"messageTitle":"Merge pull request #109 from ararchch/branch-CatchAppointmentErrors","messageBody":"Branch catch appointment errors","fileTypesAndContributionMap":{}},{"hash":"bb9268fb8439335ba048715a564965415edea8e3","isMergeCommit":false,"messageTitle":"Fix appointment bug","messageBody":"","fileTypesAndContributionMap":{"functional-code":{"insertions":12,"deletions":7}}},{"hash":"b8de4a7efd480e4ca593e0e8cf896f430ffb0c43","isMergeCommit":false,"messageTitle":"Add additional test cases","messageBody":"","fileTypesAndContributionMap":{"test-code":{"insertions":7,"deletions":0}}}]},{"date":"2024-04-04","commitResults":[{"hash":"c3d04b238fce7f8f83b486da9c5e8dd615c2bc10","isMergeCommit":false,"messageTitle":"Fix name constraints","messageBody":"","fileTypesAndContributionMap":{"functional-code":{"insertions":4,"deletions":3},"test-code":{"insertions":3,"deletions":3}}},{"hash":"301494f748dd046c952e92ec772a61b1a86a9bfa","isMergeCommit":false,"messageTitle":"Update user guide for addpatient and adddoctor","messageBody":"","fileTypesAndContributionMap":{"functional-code":{"insertions":2,"deletions":2},"docs":{"insertions":38,"deletions":11}}},{"hash":"c956c44a713f8cce01cc071797b0febaf8ea717e","isMergeCommit":false,"messageTitle":"Update brackets","messageBody":"","fileTypesAndContributionMap":{"docs":{"insertions":10,"deletions":10}}},{"hash":"07dd9252268e8b5501bf0bbf42b56da42e7cd5bf","isMergeCommit":true,"messageTitle":"Merge pull request #124 from officialchengyud/branch-update-addressbookname","messageBody":"Update Storage to use medicli.json filename","fileTypesAndContributionMap":{}},{"hash":"f5389da74c372fc41739c49c37846e056547366a","isMergeCommit":false,"messageTitle":"Fix cascading edit nric","messageBody":"","fileTypesAndContributionMap":{"functional-code":{"insertions":36,"deletions":3}}},{"hash":"f3efcd83c8f96fc97ef687461ab353c7a5092aa6","isMergeCommit":false,"messageTitle":"Fix checkstyle","messageBody":"","fileTypesAndContributionMap":{"functional-code":{"insertions":4,"deletions":2}}}]},{"date":"2024-04-05","commitResults":[{"hash":"a0de5a26fa99200af06ef1db3eea58005e4172bc","isMergeCommit":false,"messageTitle":"Bug fix","messageBody":"","fileTypesAndContributionMap":{"functional-code":{"insertions":34,"deletions":4},"test-code":{"insertions":2,"deletions":2}}},{"hash":"10b2b4ecb553aa052039cb973a12420b97f70bb4","isMergeCommit":false,"messageTitle":"Remove test file","messageBody":"","fileTypesAndContributionMap":{"functional-code":{"insertions":0,"deletions":29}}},{"hash":"7cb43ce3042da4a85628fbdb7ace0ad8b4f85ae9","isMergeCommit":false,"messageTitle":"Fix test case","messageBody":"","fileTypesAndContributionMap":{"test-code":{"insertions":1,"deletions":1}}},{"hash":"682d9557aece326054e8026a29983101e3bf0802","isMergeCommit":false,"messageTitle":"UG fix","messageBody":"","fileTypesAndContributionMap":{"other":{"insertions":1,"deletions":1},"docs":{"insertions":1,"deletions":1}}},{"hash":"f43ec8e093707a3652489ccbf903aecffae1cf1f","isMergeCommit":true,"messageTitle":"Merge branch \u0027master\u0027 into debug","messageBody":"","fileTypesAndContributionMap":{}},{"hash":"353811966a14e86bb21655d829d253bed975d256","isMergeCommit":true,"messageTitle":"Merge pull request #137 from officialchengyud/branch-user-guide","messageBody":"Update UG","tags":["v1.3.2"],"fileTypesAndContributionMap":{}}]}],"officialchengyud":[{"date":"2024-03-05","commitResults":[{"hash":"5e92fb214c54e73b8d07aadb638f01ebecb60ae4","isMergeCommit":true,"messageTitle":"Merge pull request #7 from alfaloo/documentation","messageBody":"Update AboutUs documentation","fileTypesAndContributionMap":{}},{"hash":"9cead3d4996ecdeeb1936418d00555e658f03d62","isMergeCommit":false,"messageTitle":"Add About Us","messageBody":"","fileTypesAndContributionMap":{"docs":{"insertions":9,"deletions":8}}},{"hash":"a1cb74ea322fb115fcf8aab068623f37f1e78782","isMergeCommit":false,"messageTitle":"Update DG Use Cases","messageBody":"","fileTypesAndContributionMap":{"docs":{"insertions":31,"deletions":6}}},{"hash":"2e763e9695a1f0a62afd50f19c1fa5b4ff8cddd2","isMergeCommit":true,"messageTitle":"Merge branch \u0027master\u0027 of https://github.com/AY2324S2-CS2103T-T15-1/tp into branch-update-DG","messageBody":"","fileTypesAndContributionMap":{}},{"hash":"1ccbfeea2bfdd2eb7ed2a3293e6c4c1a85b28964","isMergeCommit":false,"messageTitle":"Update DG for Use Cases, NFR and Glossary","messageBody":"","fileTypesAndContributionMap":{"docs":{"insertions":91,"deletions":23}}}]},{"date":"2024-03-06","commitResults":[{"hash":"8193fc1d8fcf76773547e0b7a67cc4e411e217b7","isMergeCommit":true,"messageTitle":"Merge pull request #41 from Kappaccinoh/updateProductScope","messageBody":"updated DG product scope","fileTypesAndContributionMap":{}}]},{"date":"2024-03-12","commitResults":[{"hash":"e8ad8361b28c0c51de0b29e15659821427d72b95","isMergeCommit":true,"messageTitle":"Merge pull request #46 from alfaloo/add-patient","messageBody":"Implement add and delete patient command","fileTypesAndContributionMap":{}},{"hash":"dbd634c2d3e44f723f68466514ee180c69bf98a1","isMergeCommit":false,"messageTitle":"Add doctor","messageBody":"","fileTypesAndContributionMap":{"functional-code":{"insertions":370,"deletions":3}}},{"hash":"2f4cb75702a394ff1d04fc4ba92962c2a5519893","isMergeCommit":true,"messageTitle":"Merge branch \u0027master\u0027 of https://github.com/AY2324S2-CS2103T-T15-1/tp into branch-add-doctor","messageBody":"# Conflicts:\n#\tsrc/main/java/seedu/address/logic/parser/AddressBookParser.java\n#\tsrc/main/java/seedu/address/logic/parser/CliSyntax.java\n#\tsrc/main/java/seedu/address/logic/parser/ParserUtil.java\n","fileTypesAndContributionMap":{}},{"hash":"de37cc649591da329440f30ee4eb418731f83d41","isMergeCommit":false,"messageTitle":"Fix checkStyle issues","messageBody":"","fileTypesAndContributionMap":{"functional-code":{"insertions":5,"deletions":1},"test-code":{"insertions":15,"deletions":7}}},{"hash":"05d599bb93ad8ab327f04912312d50456aed9398","isMergeCommit":false,"messageTitle":"Fix nullPointerException on running Main","messageBody":"","fileTypesAndContributionMap":{"functional-code":{"insertions":5,"deletions":2}}}]},{"date":"2024-03-13","commitResults":[{"hash":"ad43bd1e363d8356c5b010468182e5b6296ff200","isMergeCommit":true,"messageTitle":"Merge pull request #49 from Kappaccinoh/query-patient","messageBody":"Add Query Patient Functionality","fileTypesAndContributionMap":{}}]},{"date":"2024-03-19","commitResults":[{"hash":"5dcd9a6ea9d869b0bda5a809c2a0d157a0a94407","isMergeCommit":false,"messageTitle":"Add delete appointment","messageBody":"","fileTypesAndContributionMap":{"functional-code":{"insertions":119,"deletions":0},"test-code":{"insertions":123,"deletions":0}}},{"hash":"631f8ece3a913aa34d4c036a21d713bef135be11","isMergeCommit":false,"messageTitle":"Added extra test cases","messageBody":"","fileTypesAndContributionMap":{"test-code":{"insertions":44,"deletions":3}}},{"hash":"38b95b63601727cda0d03ba77d6eef47b688341d","isMergeCommit":false,"messageTitle":"Update comments and refactor code","messageBody":"","fileTypesAndContributionMap":{"functional-code":{"insertions":1,"deletions":1},"test-code":{"insertions":3,"deletions":3}}}]},{"date":"2024-03-20","commitResults":[{"hash":"a7d4ebfe079b5cba983191fb5e91d012059c1473","isMergeCommit":false,"messageTitle":"Update DG and LogicClassDiagram","messageBody":"","fileTypesAndContributionMap":{"docs":{"insertions":7,"deletions":7}}},{"hash":"a410f7c78d6f4d74b2e33904766a2592a310f939","isMergeCommit":false,"messageTitle":"Fix TypicalAppointment date issue","messageBody":"","fileTypesAndContributionMap":{"test-code":{"insertions":3,"deletions":3}}},{"hash":"8382de27e79b6a4f2af1530d2a8611505ae6a4d7","isMergeCommit":true,"messageTitle":"Merge pull request #62 from ararchch/branch-editUiUml","messageBody":"Update Ui Uml","fileTypesAndContributionMap":{}}]},{"date":"2024-03-21","commitResults":[{"hash":"2e447b0e254ec1d30676de3152c46647e4e67498","isMergeCommit":false,"messageTitle":"Update Logic Diagram","messageBody":"","fileTypesAndContributionMap":{"docs":{"insertions":4,"deletions":2}}}]},{"date":"2024-03-24","commitResults":[{"hash":"59358ca81d86384f09aa1aad8882463c68084a1f","isMergeCommit":false,"messageTitle":"Add storage for appointment","messageBody":"Currently storage only stores patients and doctors\n\nAdd JsonAdaptedAppointment and store appointments in the json file\n\nFollows the storage logic that we currently have in the app\n","fileTypesAndContributionMap":{"functional-code":{"insertions":142,"deletions":4}}},{"hash":"bf6498a8ae7c6e93d21e86b4231cfb529521fc6d","isMergeCommit":false,"messageTitle":"Fix checkstyle issues","messageBody":"","fileTypesAndContributionMap":{"functional-code":{"insertions":18,"deletions":17}}},{"hash":"4f624ad5ab0fbf12e089148a8326a1c3ba160a3b","isMergeCommit":false,"messageTitle":"Add tests for JsonAdaptedAppointmentTest","messageBody":"Tests are needed to ensure the written code for storage works accurately\n\nAdd JUnits test into JsonAdaptedAppointmentTest\n\nJunit tests are good ways to test the behaviour of the code\n","fileTypesAndContributionMap":{"functional-code":{"insertions":53,"deletions":7},"test-code":{"insertions":210,"deletions":0}}},{"hash":"6dc59865d7b0540775b477efa3560d0d24d61ef8","isMergeCommit":false,"messageTitle":"Add extra tests for JsonSerializableAddressBookTest","messageBody":"","fileTypesAndContributionMap":{"test-code":{"insertions":62,"deletions":18}}}]},{"date":"2024-03-28","commitResults":[{"hash":"558f91d9c2df270c077bf619de8ff820b669f27f","isMergeCommit":false,"messageTitle":"Add adddoctor and delete command into Developer Guide","messageBody":"","fileTypesAndContributionMap":{"docs":{"insertions":104,"deletions":0}}},{"hash":"efcbcbd6d3f1da798daa2d59c55b4ecc79e34862","isMergeCommit":true,"messageTitle":"Merge pull request #87 from alfaloo/documentation","messageBody":"Update DG with implementation of addPatient","fileTypesAndContributionMap":{}},{"hash":"0648453a4a1094b58642a2f9d5f26d372030a143","isMergeCommit":true,"messageTitle":"Merge branch \u0027master\u0027 of https://github.com/AY2324S2-CS2103T-T15-1/tp into branch-update-DG","messageBody":"# Conflicts:\n#\tdocs/DeveloperGuide.md\n","fileTypesAndContributionMap":{}},{"hash":"cc638175338059f801e35205ea9639da128f8c1b","isMergeCommit":false,"messageTitle":"Fix checkstyle for puml diagrams","messageBody":"","fileTypesAndContributionMap":{"docs":{"insertions":2,"deletions":2}}}]},{"date":"2024-03-29","commitResults":[{"hash":"e7b532e6d67a61d4ede5ae9d7dc0b49882bb9902","isMergeCommit":false,"messageTitle":"Update UI with different colour scheme","messageBody":"","fileTypesAndContributionMap":{"functional-code":{"insertions":152,"deletions":57}}},{"hash":"7e8d011b19c3640fceaeb575f76783fdc62d3ee2","isMergeCommit":false,"messageTitle":"Fix run-check error","messageBody":"","fileTypesAndContributionMap":{"functional-code":{"insertions":1,"deletions":1}}}]},{"date":"2024-03-30","commitResults":[{"hash":"95670948ef675712e41ec7b3abfd81fcb3f1e1bf","isMergeCommit":false,"messageTitle":"Improve javafx UI","messageBody":"","fileTypesAndContributionMap":{"functional-code":{"insertions":21,"deletions":12}}}]},{"date":"2024-03-31","commitResults":[{"hash":"b54d4fc4c6bd5b9a5cc3cd17150f6d66f7e865fb","isMergeCommit":false,"messageTitle":"Add region between appointment cards in JavaFx","messageBody":"","fileTypesAndContributionMap":{"functional-code":{"insertions":78,"deletions":73}}},{"hash":"9a4b8e1b9f11d6b97bf83be0cda1c77188866e66","isMergeCommit":false,"messageTitle":"Enable assertions in gradle build","messageBody":"","fileTypesAndContributionMap":{"other":{"insertions":4,"deletions":0}}},{"hash":"f30ff502e9f0dc1fc7319757d030bb7aa81fb410","isMergeCommit":true,"messageTitle":"Merge pull request #100 from alfaloo/debug","messageBody":"Fix patient/doctor field constraint issues","fileTypesAndContributionMap":{}}]},{"date":"2024-04-03","commitResults":[{"hash":"f9f82043796948dbb269b73dd4bb7a5ba40e89dc","isMergeCommit":true,"messageTitle":"Merge pull request #110 from alfaloo/debug","messageBody":"Fix appointment bug","fileTypesAndContributionMap":{}}]},{"date":"2024-04-04","commitResults":[{"hash":"72b39465bc83275154deeab3c57419fef64832ff","isMergeCommit":false,"messageTitle":"Update Storage to use medicli.json filename","messageBody":"","fileTypesAndContributionMap":{"functional-code":{"insertions":1,"deletions":1},"test-code":{"insertions":2,"deletions":2}}},{"hash":"e36b1eedc41110306b7607335f213abbecd9003a","isMergeCommit":false,"messageTitle":"Update doctor command usage","messageBody":"","fileTypesAndContributionMap":{"functional-code":{"insertions":1,"deletions":1}}},{"hash":"6b4c10c0f028fcc1c728e216f1f5e49b189aeff7","isMergeCommit":false,"messageTitle":"Add delete command into UG","messageBody":"","fileTypesAndContributionMap":{"docs":{"insertions":11,"deletions":14}}},{"hash":"4021a46aa61ca2b6500a387fa571471118a2b029","isMergeCommit":false,"messageTitle":"Add deleteappt to UG","messageBody":"","fileTypesAndContributionMap":{"docs":{"insertions":16,"deletions":0}}},{"hash":"67291c9989772b5d4e3ab6e1a5a0f9451766862e","isMergeCommit":false,"messageTitle":"Fix squashed text in appointment list card","messageBody":"","fileTypesAndContributionMap":{"functional-code":{"insertions":18,"deletions":15}}},{"hash":"1bcc3c00f5fb2a6741ae60f3b74d9134c4faccdd","isMergeCommit":false,"messageTitle":"Update command usage for doctor","messageBody":"","fileTypesAndContributionMap":{"functional-code":{"insertions":1,"deletions":1}}},{"hash":"4980abaf1874fbe029944308576db6c789437555","isMergeCommit":false,"messageTitle":"Fix checkstyle","messageBody":"","fileTypesAndContributionMap":{"functional-code":{"insertions":2,"deletions":1}}}]},{"date":"2024-04-05","commitResults":[{"hash":"76b6c2ae5f64609051a3454f2519697f91146ed5","isMergeCommit":false,"messageTitle":"Update UG","messageBody":"","fileTypesAndContributionMap":{"docs":{"insertions":8,"deletions":15}}}]}],"Kappaccinoh":[{"date":"2024-03-05","commitResults":[{"hash":"0db7a7f7a321e984b9e99152a7cdfd2974b47bee","isMergeCommit":true,"messageTitle":"Merge pull request #26 from officialchengyud/about-us","messageBody":"Add About Us","fileTypesAndContributionMap":{}},{"hash":"4f2a67784cede5e06c110b64a665cdf519448a92","isMergeCommit":false,"messageTitle":"update about us","messageBody":"","fileTypesAndContributionMap":{"docs":{"insertions":5,"deletions":5}}}]},{"date":"2024-03-06","commitResults":[{"hash":"01023585ef00089711c1ffc6f1f5439d328fdc16","isMergeCommit":true,"messageTitle":"Merge pull request #38 from officialchengyud/branch-update-DG","messageBody":"Update DG for Use Cases, NFR and Glossary","fileTypesAndContributionMap":{}},{"hash":"d9a9311e1644af06d0d4f5a2121c3c538d6e48f2","isMergeCommit":false,"messageTitle":"updated UG","messageBody":"","fileTypesAndContributionMap":{"docs":{"insertions":5,"deletions":3}}}]},{"date":"2024-03-12","commitResults":[{"hash":"759210a7acdc6731754d05a41d99cdc3255402bd","isMergeCommit":true,"messageTitle":"Merge pull request #48 from officialchengyud/branch-fix-add-doctor-nullpointerexception","messageBody":"Fix nullPointerException on running Main","fileTypesAndContributionMap":{}},{"hash":"60771ff83cc54bd77c4a5f6991251871c9fbaa5b","isMergeCommit":false,"messageTitle":"Add QueryPatient functionality and JUnit tests","messageBody":"","fileTypesAndContributionMap":{"functional-code":{"insertions":146,"deletions":11},"test-code":{"insertions":305,"deletions":7}}},{"hash":"1cc9063af7130841c428de5d75a8c9a7837bc881","isMergeCommit":false,"messageTitle":"Fix checkstyle error","messageBody":"","fileTypesAndContributionMap":{"functional-code":{"insertions":13,"deletions":3}}},{"hash":"4fc194fb8ab2ae60b5b8d802f5914887929a1ebe","isMergeCommit":false,"messageTitle":"Fix checkstyle error","messageBody":"","fileTypesAndContributionMap":{"functional-code":{"insertions":0,"deletions":1}}},{"hash":"9b92b716c2b8fcd7df63e898d5ed874f0c82e306","isMergeCommit":false,"messageTitle":"Fix checkstyle errors","messageBody":"","fileTypesAndContributionMap":{"test-code":{"insertions":28,"deletions":11}}},{"hash":"49ede8adf7405100349da433e8d2673475c1309e","isMergeCommit":false,"messageTitle":"Fix checkstyle issues","messageBody":"","fileTypesAndContributionMap":{"test-code":{"insertions":34,"deletions":9}}}]},{"date":"2024-03-13","commitResults":[{"hash":"536be995a45a5bb75778dc3ba17bfbc859081e64","isMergeCommit":false,"messageTitle":"Add JUnit Tests","messageBody":"","fileTypesAndContributionMap":{"test-code":{"insertions":73,"deletions":197}}},{"hash":"35adcb72899fbaf3581593c291a2f1ac171c2647","isMergeCommit":false,"messageTitle":"Fix checkstyle errors","messageBody":"","fileTypesAndContributionMap":{"test-code":{"insertions":12,"deletions":5}}},{"hash":"e06a80093a370b9ca082a8d791fe68a2a157d18e","isMergeCommit":false,"messageTitle":"Add more JUnit tests","messageBody":"","fileTypesAndContributionMap":{"test-code":{"insertions":19,"deletions":4}}},{"hash":"0909d1115021d26c5e67353c1ad818bee1b168a7","isMergeCommit":false,"messageTitle":"Update javadocs","messageBody":"","fileTypesAndContributionMap":{"functional-code":{"insertions":3,"deletions":3}}}]},{"date":"2024-03-20","commitResults":[{"hash":"c5c8d317eec755588a1998b1b1819a28cb42f267","isMergeCommit":false,"messageTitle":"rename docto method to doctor","messageBody":"","fileTypesAndContributionMap":{"functional-code":{"insertions":48,"deletions":4},"test-code":{"insertions":6,"deletions":6}}},{"hash":"f8ce6e9619e2e142fcd496f39d95e345407a91ea","isMergeCommit":false,"messageTitle":"rename docto to doctor","messageBody":"","fileTypesAndContributionMap":{"functional-code":{"insertions":5,"deletions":5}}},{"hash":"a58180d0e5807a5cea35ab95f48386ed0aec9e00","isMergeCommit":false,"messageTitle":"add querypatientapp classes and logic","messageBody":"","fileTypesAndContributionMap":{"functional-code":{"insertions":110,"deletions":19},"test-code":{"insertions":5,"deletions":5}}},{"hash":"8dfbe3aa07fb50ecf16f646919ae877f53b20fe9","isMergeCommit":false,"messageTitle":"implement query appointment","messageBody":"","fileTypesAndContributionMap":{"functional-code":{"insertions":6,"deletions":7},"test-code":{"insertions":4,"deletions":4}}},{"hash":"21ed07db543e87369a5a81172e4715ab24f5aca0","isMergeCommit":false,"messageTitle":"fix ui query bug","messageBody":"","fileTypesAndContributionMap":{"functional-code":{"insertions":5,"deletions":1}}},{"hash":"2bea995f4dfee567250ee3bc2839add1dcdb4c83","isMergeCommit":false,"messageTitle":"add junit tests","messageBody":"","fileTypesAndContributionMap":{"functional-code":{"insertions":3,"deletions":20},"test-code":{"insertions":144,"deletions":1}}},{"hash":"a00c4f8506bea2fc23b374373c908de1682d7bae","isMergeCommit":false,"messageTitle":"add junit tests","messageBody":"","fileTypesAndContributionMap":{"test-code":{"insertions":154,"deletions":24}}}]},{"date":"2024-03-21","commitResults":[{"hash":"091ae990f48c9d786babcdf599f3d9a38ce4a72c","isMergeCommit":false,"messageTitle":"fix checkstyle errors","messageBody":"","fileTypesAndContributionMap":{"functional-code":{"insertions":31,"deletions":9},"test-code":{"insertions":46,"deletions":34}}},{"hash":"0be68bf15fb32236a5b008cdcb8b3516edb97f3c","isMergeCommit":false,"messageTitle":"add junit test","messageBody":"","fileTypesAndContributionMap":{"test-code":{"insertions":3,"deletions":3}}},{"hash":"51641637da36fd6d2e374bd9632dee8d171836db","isMergeCommit":false,"messageTitle":"fix checkstyle","messageBody":"","fileTypesAndContributionMap":{"test-code":{"insertions":2,"deletions":2}}},{"hash":"db477d973676149efcbc491033498c3863578427","isMergeCommit":false,"messageTitle":"Update DG description and class diagrams","messageBody":"","fileTypesAndContributionMap":{"docs":{"insertions":34,"deletions":20}}},{"hash":"d41d8fcb0b71cac821649921710d061a8b759202","isMergeCommit":true,"messageTitle":"Merge pull request #63 from alfaloo/uml-diagrams","messageBody":"Update promosed undo/redo feature UML diagrams and DG","fileTypesAndContributionMap":{}}]},{"date":"2024-03-25","commitResults":[{"hash":"b78fda76ca41eacd900b8e98cf4d408ea15c88e4","isMergeCommit":true,"messageTitle":"Merge pull request #77 from officialchengyud/branch-appointment-storage","messageBody":"Branch appointment storage","fileTypesAndContributionMap":{}},{"hash":"70d66f8309b8548d93603746fb78b0adc706b0b3","isMergeCommit":true,"messageTitle":"Merge pull request #80 from alfaloo/fxml-mainwindow","messageBody":"Fxml mainwindow","fileTypesAndContributionMap":{}},{"hash":"6c48128575a0ae7c0e5500b520c365df853c847d","isMergeCommit":false,"messageTitle":"add query by doctor functionality","messageBody":"","fileTypesAndContributionMap":{"functional-code":{"insertions":141,"deletions":1}}},{"hash":"20e0e7bfc13d433a0aaa87459670243df26dd4e9","isMergeCommit":false,"messageTitle":"add junit tests for query by doctor","messageBody":"","fileTypesAndContributionMap":{"test-code":{"insertions":237,"deletions":1}}},{"hash":"8c3f20cd54d5b07daca52b0c47c4acdadbfbde15","isMergeCommit":false,"messageTitle":"fix checkstyle errors","messageBody":"","fileTypesAndContributionMap":{"functional-code":{"insertions":2,"deletions":3},"test-code":{"insertions":1,"deletions":1}}},{"hash":"215b562c7ecadcb5f9fa1cd75af11e23e0739aea","isMergeCommit":false,"messageTitle":"add logger to files","messageBody":"","fileTypesAndContributionMap":{"functional-code":{"insertions":21,"deletions":3}}},{"hash":"5decfce64edba64b88c4fdfa40a534b952b78fa0","isMergeCommit":false,"messageTitle":"fix checkstyle error","messageBody":"","fileTypesAndContributionMap":{"functional-code":{"insertions":1,"deletions":1}}}]},{"date":"2024-03-26","commitResults":[{"hash":"8572cbf096f43d10b74b2ec89a2b5ddb33918d5b","isMergeCommit":false,"messageTitle":"add query person by expanded fields","messageBody":"","fileTypesAndContributionMap":{"functional-code":{"insertions":32,"deletions":10},"other":{"insertions":58,"deletions":50},"test-code":{"insertions":34,"deletions":34}}},{"hash":"53174daf3d45c09f63812b6a6e661f8f6d3a377d","isMergeCommit":false,"messageTitle":"add junit test to increase codecov","messageBody":"","fileTypesAndContributionMap":{"test-code":{"insertions":217,"deletions":8}}},{"hash":"a8e358b1a65a4e24ff676a271b96ff9a5d06f4dd","isMergeCommit":false,"messageTitle":"add junit test","messageBody":"","fileTypesAndContributionMap":{"test-code":{"insertions":9,"deletions":2}}},{"hash":"30bd59ba59d2b52ed5f31dfe279bcbc686e68e5b","isMergeCommit":false,"messageTitle":"fix checkstyle error","messageBody":"","fileTypesAndContributionMap":{"test-code":{"insertions":2,"deletions":1}}},{"hash":"f24e6fe6466e21af0c1ee251c1799b516ca477bd","isMergeCommit":false,"messageTitle":"add recursive delete of appointments functionality","messageBody":"","fileTypesAndContributionMap":{"functional-code":{"insertions":42,"deletions":12},"test-code":{"insertions":1,"deletions":1}}},{"hash":"d58a7c9939d88e806ab0241091bb0deb6e370525","isMergeCommit":false,"messageTitle":"fix checkstyle errors","messageBody":"","fileTypesAndContributionMap":{"functional-code":{"insertions":7,"deletions":1}}},{"hash":"e2a66804a604f72c5c5445384fb96b749fdaa686","isMergeCommit":false,"messageTitle":"add junit tests","messageBody":"","fileTypesAndContributionMap":{"test-code":{"insertions":63,"deletions":1}}}]},{"date":"2024-03-27","commitResults":[{"hash":"a23fa0695619714200cb4820ce1e1a4e3eed2e2d","isMergeCommit":false,"messageTitle":"add junit tests","messageBody":"","fileTypesAndContributionMap":{"functional-code":{"insertions":1,"deletions":1},"test-code":{"insertions":18,"deletions":0}}},{"hash":"9b37f6583721b36366f55cad946f0cd6076856ce","isMergeCommit":false,"messageTitle":"add junit test","messageBody":"","fileTypesAndContributionMap":{"test-code":{"insertions":8,"deletions":0}}}]},{"date":"2024-03-28","commitResults":[{"hash":"da795c23c31c15605d2965a6d833e2666e4c1c4b","isMergeCommit":false,"messageTitle":"update dg for delete appointments recursively","messageBody":"","fileTypesAndContributionMap":{"docs":{"insertions":8,"deletions":5}}},{"hash":"c0e7493c7aa0f4c8b390a294cb71f68353de3ba8","isMergeCommit":true,"messageTitle":"resolve merge conflicts","messageBody":"","fileTypesAndContributionMap":{}},{"hash":"165bab7f0d3d94650ca1ee1660bdef98e4575d50","isMergeCommit":false,"messageTitle":"fix checkstyle errer","messageBody":"","fileTypesAndContributionMap":{"functional-code":{"insertions":1,"deletions":1}}}]},{"date":"2024-03-29","commitResults":[{"hash":"00d366995aa52d30b8deccc81e8104b45be3104f","isMergeCommit":false,"messageTitle":"update dg for delete appointment page","messageBody":"","fileTypesAndContributionMap":{"functional-code":{"insertions":1,"deletions":1},"docs":{"insertions":56,"deletions":1}}},{"hash":"16e2ec6b3bcda34b6b2fd6304f64bc6146968cca","isMergeCommit":false,"messageTitle":"fix numbering error","messageBody":"","fileTypesAndContributionMap":{"docs":{"insertions":1,"deletions":1}}},{"hash":"7933650c6c83d349eb3492c5bf6739048934dd9a","isMergeCommit":false,"messageTitle":"add junit test","messageBody":"","fileTypesAndContributionMap":{"test-code":{"insertions":28,"deletions":0}}},{"hash":"1167d2bb688f064448230f79675981b080bf3c57","isMergeCommit":false,"messageTitle":"fix checkstyle","messageBody":"","fileTypesAndContributionMap":{"test-code":{"insertions":0,"deletions":2}}},{"hash":"221d6af3b22f2895029612363cea7fc9bc4fce74","isMergeCommit":false,"messageTitle":"remove junit tests","messageBody":"","fileTypesAndContributionMap":{"test-code":{"insertions":0,"deletions":2}}},{"hash":"014a9c29f2549f7be01af85ffa46a4131d570054","isMergeCommit":false,"messageTitle":"change command names","messageBody":"","fileTypesAndContributionMap":{"functional-code":{"insertions":3,"deletions":3}}}]},{"date":"2024-03-31","commitResults":[{"hash":"b492fbfaa2a2e8210be09f695677d0303b1b1f71","isMergeCommit":false,"messageTitle":"standardise error messages","messageBody":"","fileTypesAndContributionMap":{"functional-code":{"insertions":10,"deletions":10}}}]},{"date":"2024-04-04","commitResults":[{"hash":"e9a1f0fcc93d9affbc42705d12161c4830d54afb","isMergeCommit":false,"messageTitle":"add query commands to UG","messageBody":"","fileTypesAndContributionMap":{"docs":{"insertions":37,"deletions":8}}},{"hash":"4888fda87f6b97d11211bf1cb712b30a06de3088","isMergeCommit":false,"messageTitle":"separate commands in ug","messageBody":"","fileTypesAndContributionMap":{"docs":{"insertions":89,"deletions":46}}},{"hash":"5f9dfdc2bb3d6930eab83996a3104d52408eb2a5","isMergeCommit":true,"messageTitle":"Merge pull request #126 from officialchengyud/branch-user-guide","messageBody":"Add delete command into UG","fileTypesAndContributionMap":{}},{"hash":"06efbfe1a761cda3e1d28f53c82a7c63e3086b15","isMergeCommit":true,"messageTitle":"Merge pull request #121 from alfaloo/ug","messageBody":"Update user guide for addpatient and adddoctor","fileTypesAndContributionMap":{}},{"hash":"38de6a3db22e31296e1a0143b48bc747f05d288c","isMergeCommit":true,"messageTitle":"resolving merge conflicts","messageBody":"","fileTypesAndContributionMap":{}},{"hash":"75967a41a9f3124b7b7915071bdc16fe7fc9c0a6","isMergeCommit":true,"messageTitle":"Merge branch \u0027master\u0027 into branch-UpdateUg","messageBody":"","fileTypesAndContributionMap":{}},{"hash":"5af1402470408f40f7344d662128b01cdaef0654","isMergeCommit":true,"messageTitle":"Merge pull request #129 from ararchch/branch-UpdateUg","messageBody":"Update ug and logo","fileTypesAndContributionMap":{}},{"hash":"1b4297d7a28c33ad4856d963275727e61448774d","isMergeCommit":true,"messageTitle":"Merge branch \u0027master\u0027 into branch-addtimeappointments","messageBody":"","fileTypesAndContributionMap":{}},{"hash":"6d4d38e04072601b76b4e96ee6203e3a8a9fe411","isMergeCommit":true,"messageTitle":"Merge pull request #130 from alfaloo/debug","messageBody":"Fix cascading edit nric","fileTypesAndContributionMap":{}},{"hash":"48c12d91fb0933d3fc8931909e42803b644b1bfa","isMergeCommit":false,"messageTitle":"update UG","messageBody":"","fileTypesAndContributionMap":{"docs":{"insertions":32,"deletions":34}}},{"hash":"1783f0d68736bdad6f110a102394d1fe0a942f7a","isMergeCommit":true,"messageTitle":"Merge pull request #113 from Alteqa/branch-addtimeappointments","messageBody":"Add time to appointments besides date","fileTypesAndContributionMap":{}},{"hash":"a186228cef308301c071de1ca82d26c06f660b81","isMergeCommit":false,"messageTitle":"update ug","messageBody":"","fileTypesAndContributionMap":{"docs":{"insertions":2,"deletions":2}}},{"hash":"77b1708fdefaa696792008ef2a013117e0513db7","isMergeCommit":false,"messageTitle":"update UG","messageBody":"","fileTypesAndContributionMap":{"functional-code":{"insertions":5,"deletions":5},"docs":{"insertions":15,"deletions":5}}},{"hash":"8ccf30de05e906cf17682365793c27030966fc9b","isMergeCommit":false,"messageTitle":"fix error message","messageBody":"","fileTypesAndContributionMap":{"functional-code":{"insertions":2,"deletions":2}}},{"hash":"6043932f9c6ddfe705b7580333992f0e1e6c5ce6","isMergeCommit":false,"messageTitle":"update UG","messageBody":"","fileTypesAndContributionMap":{"functional-code":{"insertions":1,"deletions":1},"docs":{"insertions":31,"deletions":24}}},{"hash":"2d86f951814886ab2b11d60d4a8662121296b4ab","isMergeCommit":false,"messageTitle":"fix checkstyle error","messageBody":"","fileTypesAndContributionMap":{"functional-code":{"insertions":0,"deletions":1}}},{"hash":"0cbe212588b15be6423b3502153264a99f52a5b8","isMergeCommit":true,"messageTitle":"Merge pull request #131 from Kappaccinoh/finalUGedits","messageBody":"update UG","tags":["v1.3"],"fileTypesAndContributionMap":{}}]}],"ararchch":[{"date":"2024-02-26","commitResults":[{"hash":"4815323a42e4bcdb030bfb7a0081fa34b1c4bcae","isMergeCommit":false,"messageTitle":"Update README.md","messageBody":"Include codecov badge","fileTypesAndContributionMap":{"docs":{"insertions":2,"deletions":0}}}]},{"date":"2024-03-05","commitResults":[{"hash":"e2e7a4e1b616a7178867dcf6e961be95e8e0a374","isMergeCommit":true,"messageTitle":"Merge pull request #28 from Kappaccinoh/branch-update-documentation","messageBody":"update about us","fileTypesAndContributionMap":{}},{"hash":"868c7c546955b704f7809899cfd9d8d688807c8e","isMergeCommit":false,"messageTitle":"Update AboutUs","messageBody":"","fileTypesAndContributionMap":{"docs":{"insertions":6,"deletions":6}}},{"hash":"97666b31c575f594a6d4b1fdb9d81a99ded1b9bb","isMergeCommit":true,"messageTitle":"Merge pull request #30 from Kappaccinoh/updateReadMe","messageBody":"added updated UI","fileTypesAndContributionMap":{}},{"hash":"397f9e5471058db0f2be88a4c1ddcda7125903e5","isMergeCommit":true,"messageTitle":"Merge pull request #35 from alfaloo/documentation","messageBody":"Update developer guide to include relevant user stories","fileTypesAndContributionMap":{}},{"hash":"e3c1b682dccab422e90d69e6a3b08e75c88391d7","isMergeCommit":false,"messageTitle":"Update readme","messageBody":"","fileTypesAndContributionMap":{"docs":{"insertions":16,"deletions":10}}}]},{"date":"2024-03-13","commitResults":[{"hash":"b6a05231669d41171b92bed77de9654deb92f87a","isMergeCommit":false,"messageTitle":"Create IdUtil","messageBody":"IdUtil enables generation of unique IDs for\ndoctor, patient, and appointments\n","fileTypesAndContributionMap":{"functional-code":{"insertions":94,"deletions":0}}},{"hash":"9184e2233e251207dcc2de885142d2d283eb1496","isMergeCommit":false,"messageTitle":"Create appointment attributes","messageBody":"Create attribute classes for Appointment\n","fileTypesAndContributionMap":{"functional-code":{"insertions":177,"deletions":0}}},{"hash":"b1cd1b6c10baf6edfd625f94b8a191723705fe4e","isMergeCommit":false,"messageTitle":"Create appointment class","messageBody":"Create new appointment class which encapsulates\na doctor and a patient\n","fileTypesAndContributionMap":{"functional-code":{"insertions":102,"deletions":7}}}]},{"date":"2024-03-14","commitResults":[{"hash":"601dfada0e06041d596f1e53a01c06bb2321dd04","isMergeCommit":false,"messageTitle":"Find person by nric","messageBody":"Create internal feature to get person by nric\n","fileTypesAndContributionMap":{"functional-code":{"insertions":20,"deletions":0}}},{"hash":"5e89619017b7c3b65bf4263b6c2e62b724196c4f","isMergeCommit":false,"messageTitle":"Fix checkstyle","messageBody":"","fileTypesAndContributionMap":{"functional-code":{"insertions":1,"deletions":1}}},{"hash":"03198942802dc815ed8fd6d272b30fd944557553","isMergeCommit":false,"messageTitle":"Update test cases","messageBody":"Update test cases for new methods added\n","fileTypesAndContributionMap":{"test-code":{"insertions":44,"deletions":0}}},{"hash":"630d9122572ba26461443a17635eb057928d0072","isMergeCommit":false,"messageTitle":"Create framework for Add Appointment","messageBody":"Create a number of changes to support adding\nof appointments to MediCLI\n\n A typical patient management system would want\nto track the appointments that the patients have.\n\nThe appointment class establishes an appointment\nin a very basic sense which is between a doctor and\na patient at a particular date.\n\nThis allows for the very basic tracking of appointments.\n","fileTypesAndContributionMap":{"functional-code":{"insertions":408,"deletions":9}}},{"hash":"6ba3a54bb3b2e7240189d9d063191e294774d85c","isMergeCommit":true,"messageTitle":"Merge branch \u0027master\u0027 into branch-ManipulateAppointment","messageBody":"# Conflicts:\n#\tsrc/main/java/seedu/address/model/AddressBook.java\n#\tsrc/main/java/seedu/address/model/person/UniquePersonList.java\n","fileTypesAndContributionMap":{}}]},{"date":"2024-03-15","commitResults":[{"hash":"fa8fe4d54fbfd705ab012bce1ad5572a75f4e39a","isMergeCommit":false,"messageTitle":"Complete add appt implementation","messageBody":"Implement add appointment backend\nfunctionality\n","fileTypesAndContributionMap":{"functional-code":{"insertions":71,"deletions":51}}}]},{"date":"2024-03-16","commitResults":[{"hash":"06a628b3f313acfb24b5dbbb37d3f5d83ce82877","isMergeCommit":false,"messageTitle":"Add appointment ui","messageBody":"Add UI to manage appointments\n\nMediCLI needs to be able to display appointments\nas they are added. Presently there is no way to do so.\n\nThis commit adds a UI that displays appointments  in a\nlist beside the person cards. This allows the user to see\nall appointments and persons in one go, making it\nconvenient.\n","fileTypesAndContributionMap":{"functional-code":{"insertions":194,"deletions":6}}},{"hash":"c0d7250eb8aed9cc317473a7a206b77e8212828f","isMergeCommit":false,"messageTitle":"Fix checkstyle issues","messageBody":"","fileTypesAndContributionMap":{"functional-code":{"insertions":102,"deletions":57}}},{"hash":"8725ed02dba07ea1482e1f482f0b99795cf9ebea","isMergeCommit":false,"messageTitle":"Fix duplicate variable error","messageBody":"","fileTypesAndContributionMap":{"functional-code":{"insertions":0,"deletions":3}}},{"hash":"1b15a2545b821102c5c1c9a1b244fa8814c4dfa8","isMergeCommit":false,"messageTitle":"Fix checkstyle issues #2","messageBody":"","fileTypesAndContributionMap":{"functional-code":{"insertions":76,"deletions":58}}},{"hash":"bf6aa000307ee6910396f51e7be91cfc59353b4f","isMergeCommit":false,"messageTitle":"Fix test case interface issues","messageBody":"","fileTypesAndContributionMap":{"test-code":{"insertions":106,"deletions":3}}},{"hash":"6f45b7692d88f9e10de0d5591972985dd4fce8a3","isMergeCommit":false,"messageTitle":"Fix test checkstyle issues #1","messageBody":"","fileTypesAndContributionMap":{"test-code":{"insertions":0,"deletions":2}}}]},{"date":"2024-03-17","commitResults":[{"hash":"188b589e4d6182209464b688ebdc511a6c7003fb","isMergeCommit":false,"messageTitle":"Update logic manager tests","messageBody":"","fileTypesAndContributionMap":{"test-code":{"insertions":199,"deletions":15}}},{"hash":"63c2672ab9b0536955ff840e97e78bbc7a594b71","isMergeCommit":false,"messageTitle":"Fix CI issues","messageBody":"","fileTypesAndContributionMap":{"test-code":{"insertions":16,"deletions":29}}},{"hash":"751288fd745b369aa271efe2292b06f5ac19af45","isMergeCommit":false,"messageTitle":"Create tests for appt exceptions","messageBody":"","fileTypesAndContributionMap":{"functional-code":{"insertions":5,"deletions":1},"test-code":{"insertions":42,"deletions":0}}}]},{"date":"2024-03-18","commitResults":[{"hash":"396da518fe58dfbbada6a13cb5d0da12a7f4df81","isMergeCommit":false,"messageTitle":"Update addressBookParserTest","messageBody":"","fileTypesAndContributionMap":{"functional-code":{"insertions":4,"deletions":5},"test-code":{"insertions":132,"deletions":0}}},{"hash":"d30b11101c2493634217abbfc25f0fa0181f5cac","isMergeCommit":false,"messageTitle":"Update ParserUtilTest","messageBody":"","fileTypesAndContributionMap":{"test-code":{"insertions":24,"deletions":0}}},{"hash":"e1afc1b7e89a4b931cc81b3fe8a2ba25de7a7835","isMergeCommit":false,"messageTitle":"Update ParserUtilTest","messageBody":"","fileTypesAndContributionMap":{"test-code":{"insertions":8,"deletions":3}}},{"hash":"5250bfa12069efcbc0c1d359abb5ed004c100f5d","isMergeCommit":false,"messageTitle":"Create messages test","messageBody":"","fileTypesAndContributionMap":{"test-code":{"insertions":26,"deletions":0}}},{"hash":"1e0752e611df25cb5e42acceeb6cb6fb210dc0f5","isMergeCommit":false,"messageTitle":"Fix checkstyle issues","messageBody":"","fileTypesAndContributionMap":{"test-code":{"insertions":1,"deletions":3}}},{"hash":"6729468b5c0a893350c1b98790692effee678f79","isMergeCommit":false,"messageTitle":"Add whitespace at EOL","messageBody":"","fileTypesAndContributionMap":{"test-code":{"insertions":1,"deletions":1}}},{"hash":"85d477ceded9c87bcca5b715c8fbd1cab10c36cf","isMergeCommit":false,"messageTitle":"Create test for AddApptCommand","messageBody":"","fileTypesAndContributionMap":{"test-code":{"insertions":24,"deletions":0}}},{"hash":"38ec6285b2267071e01443e8ce9c63cae305d5a2","isMergeCommit":false,"messageTitle":"Fix minor bug","messageBody":"","fileTypesAndContributionMap":{"functional-code":{"insertions":0,"deletions":1},"test-code":{"insertions":2,"deletions":2}}},{"hash":"d9a1c900c7e28d994cb7896a594edcf80f40a4dc","isMergeCommit":false,"messageTitle":"Update ModelManager test","messageBody":"","fileTypesAndContributionMap":{"functional-code":{"insertions":2,"deletions":2},"test-code":{"insertions":53,"deletions":0}}},{"hash":"f82f1afb4f40e3063ce71d042f16ba6877a901fb","isMergeCommit":false,"messageTitle":"Update UniqueAppointmentListTest.java","messageBody":"","fileTypesAndContributionMap":{"test-code":{"insertions":169,"deletions":12}}},{"hash":"33129e3075e603e2e2908521a412c2d3d535b2c1","isMergeCommit":false,"messageTitle":"Fix checkstyle UniqueApptListTest","messageBody":"","fileTypesAndContributionMap":{"test-code":{"insertions":5,"deletions":6}}},{"hash":"35c118a29c4da585b2bc2b0c3ec74b71f651acd3","isMergeCommit":false,"messageTitle":"Update UniquePersonListTest.java","messageBody":"","fileTypesAndContributionMap":{"test-code":{"insertions":37,"deletions":0}}},{"hash":"ccded54ae30247ff3113a1180e70c7600afe3dc8","isMergeCommit":false,"messageTitle":"Test add appt command","messageBody":"","fileTypesAndContributionMap":{"test-code":{"insertions":90,"deletions":1}}},{"hash":"a40760731e3e5a006ac3073486d24594799da397","isMergeCommit":false,"messageTitle":"Create IdUtil Tests","messageBody":"","fileTypesAndContributionMap":{"functional-code":{"insertions":1,"deletions":0},"test-code":{"insertions":28,"deletions":0}}},{"hash":"6d670027e31f9d72ff47cd30a79d83a338b4437b","isMergeCommit":false,"messageTitle":"Update IdUtil tests","messageBody":"","fileTypesAndContributionMap":{"functional-code":{"insertions":14,"deletions":8},"test-code":{"insertions":44,"deletions":7}}},{"hash":"2037b5141fe7975011ee2bd91fa2f7c3761eea2b","isMergeCommit":true,"messageTitle":"Merge pull request #58 from Alteqa/master","messageBody":"Add querydoctor functionality","fileTypesAndContributionMap":{}}]},{"date":"2024-03-20","commitResults":[{"hash":"adf756f3c0b710a2e7b6e8799dfad24fe127127f","isMergeCommit":false,"messageTitle":"Update Ui Uml","messageBody":"Update Ui Uml diagram to include\nappointment related ui changes\n","fileTypesAndContributionMap":{"docs":{"insertions":9,"deletions":0}}},{"hash":"9f8715e37ca5e5db854ca5c7c5ae0735a370c6d2","isMergeCommit":true,"messageTitle":"Merge pull request #60 from officialchengyud/branch-dg-uml","messageBody":"Update DG and LogicClassDiagram","fileTypesAndContributionMap":{}},{"hash":"dfd6963eced5edeba3c5ad04a9462abdaa54c07f","isMergeCommit":true,"messageTitle":"Merge branch \u0027master\u0027 into branch-editUiUml","messageBody":"","fileTypesAndContributionMap":{}},{"hash":"ccc8a6831c68c76a57b54b9a40eb045d4e868578","isMergeCommit":false,"messageTitle":"Update DeveloperGuide.md","messageBody":"","fileTypesAndContributionMap":{"docs":{"insertions":3,"deletions":3}}}]},{"date":"2024-03-21","commitResults":[{"hash":"5d0292e6911bc3d26efa992d62dcfcb528161883","isMergeCommit":true,"messageTitle":"Merge pull request #64 from Kappaccinoh/update-uml-model","messageBody":"Update DG description and class diagrams","fileTypesAndContributionMap":{}},{"hash":"9c720eca15a1ff7f8fcb3072325759d0cb90e583","isMergeCommit":true,"messageTitle":"Merge pull request #69 from alfaloo/gui","messageBody":"Update main window title","fileTypesAndContributionMap":{}},{"hash":"d8da2e6851e5e3bbff900c36ec22f329a5491e6d","isMergeCommit":true,"messageTitle":"Merge pull request #70 from officialchengyud/branch-dg-uml","messageBody":"Update Logic Diagram","tags":["v1.2"],"fileTypesAndContributionMap":{}},{"hash":"bc513f4c23920a87bf515ff8452e576114a80e44","isMergeCommit":true,"messageTitle":"Merge pull request #74 from alfaloo/gui","messageBody":"Update query appointment keyword","fileTypesAndContributionMap":{}}]},{"date":"2024-03-28","commitResults":[{"hash":"65a9c98771f060162a9ddae82f0ce189b8feb64e","isMergeCommit":true,"messageTitle":"Merge pull request #86 from alfaloo/editappt","messageBody":"Implement editappt","fileTypesAndContributionMap":{}},{"hash":"e20a1568ee2d1821bd6c451f1e9989cb53511a95","isMergeCommit":false,"messageTitle":"Improve appointment card","messageBody":"Minimal improvements to appointment card\nusing icons and improving layout\n","fileTypesAndContributionMap":{"functional-code":{"insertions":72,"deletions":13}}},{"hash":"7029d72982fa045e12e74f6256a91e05fb312e13","isMergeCommit":false,"messageTitle":"Fix checkstyle","messageBody":"","fileTypesAndContributionMap":{"functional-code":{"insertions":1,"deletions":1}}},{"hash":"29a38a55ba15a9b67dbc119e240a088afc45e85d","isMergeCommit":false,"messageTitle":"Update developer guide","messageBody":"","fileTypesAndContributionMap":{"docs":{"insertions":156,"deletions":0}}},{"hash":"2fba31416616469cf4784f62364410d598355c7a","isMergeCommit":true,"messageTitle":"Merge pull request #93 from Kappaccinoh/updateDGquery","messageBody":"update dg for delete appointments recursively","fileTypesAndContributionMap":{}},{"hash":"b8cc855e35aae82fbbc1db89bbc1c71be11f586d","isMergeCommit":true,"messageTitle":"Merge pull request #85 from Kappaccinoh/delete-appointment-recursively","messageBody":"Delete appointment recursively","fileTypesAndContributionMap":{}},{"hash":"22e80461e4c3832a92573747fbf86a0b0f0d8af9","isMergeCommit":true,"messageTitle":"Merge pull request #94 from Alteqa/branch-updatedg","messageBody":"Update DG queryPatient and queryDoctor","tags":["v1.2.1"],"fileTypesAndContributionMap":{}}]},{"date":"2024-03-29","commitResults":[{"hash":"369cdae6cbb211ca7fca4ab7e4225425718805f2","isMergeCommit":true,"messageTitle":"Merge pull request #96 from Kappaccinoh/updateDGdeleteAppointment","messageBody":"update dg for delete appointment page","fileTypesAndContributionMap":{}}]},{"date":"2024-04-02","commitResults":[{"hash":"6b7b839343c8c3a934715252cc6056cd7bee12a3","isMergeCommit":false,"messageTitle":"Catch appointment exceptions","messageBody":"","fileTypesAndContributionMap":{"functional-code":{"insertions":61,"deletions":26}}},{"hash":"5fdfe6ddd712f5cb57bc5e143c0b48aa2b850fa9","isMergeCommit":true,"messageTitle":"Merge branch \u0027master\u0027 into branch-CatchAppointmentErrors","messageBody":"","fileTypesAndContributionMap":{}}]},{"date":"2024-04-03","commitResults":[{"hash":"ac6e5fff2ed469333457520cd458053b958eb00c","isMergeCommit":false,"messageTitle":"Fix some appointment issues","messageBody":"","fileTypesAndContributionMap":{"functional-code":{"insertions":5,"deletions":12},"test-code":{"insertions":66,"deletions":49}}},{"hash":"817975a03b8e0eec8f28da1e37dcdad65d92d02f","isMergeCommit":false,"messageTitle":"Comment out faulty tests","messageBody":"","fileTypesAndContributionMap":{"test-code":{"insertions":37,"deletions":37}}},{"hash":"0280c70b834c9cd17d232336341bf721cecb9d1d","isMergeCommit":false,"messageTitle":"Delete untestable code","messageBody":"","fileTypesAndContributionMap":{"functional-code":{"insertions":0,"deletions":4},"test-code":{"insertions":1,"deletions":0}}},{"hash":"3d4d6e4d1dc3543cbb2d843c974207dd5bf439d4","isMergeCommit":false,"messageTitle":"Fix imports","messageBody":"","fileTypesAndContributionMap":{"functional-code":{"insertions":0,"deletions":1},"test-code":{"insertions":0,"deletions":1}}},{"hash":"ede9311ac281edc22f239b29948ec5aae8882fb9","isMergeCommit":false,"messageTitle":"Update tests","messageBody":"","fileTypesAndContributionMap":{"test-code":{"insertions":13,"deletions":0}}},{"hash":"246e4e969a007346d3a8b6a1b3ff7c910a09bd92","isMergeCommit":false,"messageTitle":"Add more tests","messageBody":"","fileTypesAndContributionMap":{"test-code":{"insertions":34,"deletions":0}}}]},{"date":"2024-04-04","commitResults":[{"hash":"9c22537dff338a3953c9e3a977341f76661e6d5e","isMergeCommit":true,"messageTitle":"Merge pull request #118 from alfaloo/debug","messageBody":"Fix name constraints","fileTypesAndContributionMap":{}},{"hash":"86263ad4ffa15db185dd43fd142bc08b55e6a3aa","isMergeCommit":false,"messageTitle":"Update ug and logo","messageBody":"","fileTypesAndContributionMap":{"functional-code":{"insertions":2,"deletions":2},"docs":{"insertions":20,"deletions":0},"test-code":{"insertions":1,"deletions":1}}},{"hash":"54255aa461207d62777f0882136f3421c7a05770","isMergeCommit":true,"messageTitle":"Merge pull request #128 from officialchengyud/branch-ui","messageBody":"Fix squashed text in appointment list card","fileTypesAndContributionMap":{}},{"hash":"1ab63346ab0ef7febcc82ee3a5b5789b43e3fe5d","isMergeCommit":true,"messageTitle":"Merge pull request #125 from officialchengyud/branch-doctor-command-usage","messageBody":"Update doctor command usage","fileTypesAndContributionMap":{}}]}]},"authorFileTypeContributionMap":{"Alteqa":{"docs":75,"functional-code":370,"test-code":784},"alfaloo":{"docs":223,"functional-code":1166,"test-code":1665,"other":1},"officialchengyud":{"docs":246,"functional-code":575,"test-code":912,"other":2},"Kappaccinoh":{"docs":205,"functional-code":587,"test-code":1216},"ararchch":{"docs":209,"functional-code":1049,"test-code":930}},"authorContributionVariance":{"Alteqa":194420.05,"alfaloo":721006.8,"officialchengyud":12959.167,"Kappaccinoh":28059.965,"ararchch":29148.412},"authorDisplayNameMap":{"Alteqa":"CS2103T-T15-1 EUGE.. JIN","alfaloo":"CS2103T-T15-1 LU Z..YANG","officialchengyud":"CS2103T-T15-1 DONG..G-YU","Kappaccinoh":"CS2103T-T15-1 LIM .. WEI","ararchch":"CS2103T-T15-1 ARCH..WAMI"}}
