{"authorDailyContributionsMap":{"ChenXy128":[{"date":"2024-03-05","commitResults":[{"hash":"f64f033ce1d14a964d0893660572453085338956","isMergeCommit":false,"messageTitle":"Updates the UFR of DG","messageBody":"","fileTypesAndContributionMap":{"docs":{"insertions":5,"deletions":0}}},{"hash":"9cdae2465e4f80a615ef0e48602418efe2ee10a7","isMergeCommit":false,"messageTitle":"Adds Xiaoyang.md","messageBody":"","fileTypesAndContributionMap":{"docs":{"insertions":0,"deletions":0}}},{"hash":"ced41adcc920ff00527dcfc1c65456a5603aed6a","isMergeCommit":false,"messageTitle":"Adds Xiaoyang.md","messageBody":"","fileTypesAndContributionMap":{"docs":{"insertions":0,"deletions":0}}},{"hash":"b9dbfcb6defd121cbd84cfe0bbaa2297884c549d","isMergeCommit":false,"messageTitle":"Adds Xiaoyang.md","messageBody":"","fileTypesAndContributionMap":{"docs":{"insertions":0,"deletions":0}}}]},{"date":"2024-03-06","commitResults":[{"hash":"211e608ba488deb419ff5c6f8d0f591f3f51070b","isMergeCommit":true,"messageTitle":"Merge branch \u0027master\u0027 into DGUFR","messageBody":"","fileTypesAndContributionMap":{}},{"hash":"e8b58c7245e325212688bb57b37ab86b7259d511","isMergeCommit":false,"messageTitle":"Updates DG UFR","messageBody":"","fileTypesAndContributionMap":{"docs":{"insertions":2,"deletions":1}}}]},{"date":"2024-03-07","commitResults":[{"hash":"50d572411587d895814421073352d79d722b78f4","isMergeCommit":false,"messageTitle":"Updates UFR further","messageBody":"","fileTypesAndContributionMap":{"docs":{"insertions":7,"deletions":6}}}]},{"date":"2024-03-15","commitResults":[{"hash":"bff3d5ff0159ff51b86f988fee4046f75376fac0","isMergeCommit":false,"messageTitle":"Modifies find command to allow more flexible find.","messageBody":"n/ \u003ckeyword\u003e finds name\np/ \u003ckeyword\u003e finds phone\netc\n","fileTypesAndContributionMap":{"functional-code":{"insertions":79,"deletions":58}}}]},{"date":"2024-03-18","commitResults":[{"hash":"6d3b83563d74d32a9ce2e31425e9c2ce00fbe602","isMergeCommit":false,"messageTitle":"Modifies find command and the predicate it contains such that find command enables category and description","messageBody":"","fileTypesAndContributionMap":{"functional-code":{"insertions":99,"deletions":77}}}]},{"date":"2024-03-19","commitResults":[{"hash":"696223fb74367623b9764b1f5c8dc350a88e23d1","isMergeCommit":false,"messageTitle":"Fixes checkstyle warnings and adds javaDoc to the classes","messageBody":"","fileTypesAndContributionMap":{"functional-code":{"insertions":124,"deletions":61}}}]},{"date":"2024-03-21","commitResults":[{"hash":"2b732611753472e08c45cff5174e7964bd38b095","isMergeCommit":false,"messageTitle":"Updates UML for find command sequence diagram","messageBody":"","fileTypesAndContributionMap":{"docs":{"insertions":70,"deletions":0}}}]},{"date":"2024-03-24","commitResults":[{"hash":"d316924a135ea7f20a40f12341e9ed47bd772f9e","isMergeCommit":false,"messageTitle":"Updates the user guide for find.","messageBody":"","fileTypesAndContributionMap":{"docs":{"insertions":6,"deletions":14}}}]},{"date":"2024-03-26","commitResults":[{"hash":"073ab9d2d46e996429b11a2cf9c2e894c11c5736","isMergeCommit":false,"messageTitle":"Updates the DG for Find function.","messageBody":"","fileTypesAndContributionMap":{"docs":{"insertions":40,"deletions":0}}},{"hash":"c6a47b251e05015177b3ac554f7c6279d81614d8","isMergeCommit":false,"messageTitle":"Updates the DG for Find function.","messageBody":"","fileTypesAndContributionMap":{"docs":{"insertions":39,"deletions":0}}},{"hash":"3533edb48f27551fd616ec1658b8b6c1cc5222b1","isMergeCommit":true,"messageTitle":"Updates the DG for Find function.","messageBody":"","fileTypesAndContributionMap":{}}]},{"date":"2024-03-30","commitResults":[{"hash":"46c04d967196674d173334413c3058e6d09be352","isMergeCommit":false,"messageTitle":"Writes testcases for find function.","messageBody":"","fileTypesAndContributionMap":{"test-code":{"insertions":4,"deletions":0}}},{"hash":"29c04a3d1e4a87ac32750defbdc7d46f84b744ed","isMergeCommit":false,"messageTitle":"Hovering","messageBody":"","fileTypesAndContributionMap":{"test-code":{"insertions":145,"deletions":0}}}]},{"date":"2024-03-31","commitResults":[{"hash":"7f750e491c61b3eee9a80c6993f1dfdca565d740","isMergeCommit":false,"messageTitle":"Fix the bugs in FindCommand and updates FindCommandTest.","messageBody":"","fileTypesAndContributionMap":{"functional-code":{"insertions":34,"deletions":27},"test-code":{"insertions":37,"deletions":18}}},{"hash":"a69b6ceae48382400e10b4ced9a188fea9fc0cd9","isMergeCommit":false,"messageTitle":"Fix style","messageBody":"","fileTypesAndContributionMap":{"docs":{"insertions":4,"deletions":4}}},{"hash":"0131ab07a6de1b258ed62d5c8660ca9e4ba4fdef","isMergeCommit":false,"messageTitle":"Fix Xuyan.md","messageBody":"","fileTypesAndContributionMap":{"docs":{"insertions":1,"deletions":0}}},{"hash":"3e86b0c1216ef268cb6d5631aad6625f8a4ae6fc","isMergeCommit":true,"messageTitle":"Merge branch \u0027master\u0027 into FixFind","messageBody":"","fileTypesAndContributionMap":{}}]},{"date":"2024-04-03","commitResults":[{"hash":"f4b9dff4e5c5ed9d7207c12329197ef0282f649c","isMergeCommit":true,"messageTitle":"Merge pull request #117 from HongRay/branch-Group","messageBody":"Branch group","fileTypesAndContributionMap":{}},{"hash":"a8dea23cad0946195239fcd2a770cda79e0bba8a","isMergeCommit":false,"messageTitle":"Undo command","messageBody":"","fileTypesAndContributionMap":{"functional-code":{"insertions":95,"deletions":13}}},{"hash":"bdb8a9229b04729bc26030f77536e9233cf4064a","isMergeCommit":true,"messageTitle":"Merge branch \u0027master\u0027 into Undo","messageBody":"","fileTypesAndContributionMap":{}},{"hash":"0852dcb67bdc59e40cd8b4b0b88050b7d0934bda","isMergeCommit":false,"messageTitle":"Undo command finished.","messageBody":"","fileTypesAndContributionMap":{"functional-code":{"insertions":148,"deletions":32}}},{"hash":"23ef938011c340cb94d3e665255651f8e73a2522","isMergeCommit":false,"messageTitle":"Undo updated","messageBody":"","fileTypesAndContributionMap":{"functional-code":{"insertions":0,"deletions":23}}},{"hash":"cca4aa5321c880368cd3faac21d43a908ac584e3","isMergeCommit":false,"messageTitle":"Fixed check style.","messageBody":"","fileTypesAndContributionMap":{"functional-code":{"insertions":13,"deletions":2},"docs":{"insertions":3,"deletions":3}}},{"hash":"59edf874f363fa8eac85e93ee537c2fde5aebdee","isMergeCommit":false,"messageTitle":"Removed ModelStub","messageBody":"","fileTypesAndContributionMap":{"test-code":{"insertions":0,"deletions":150}}},{"hash":"86c4c9e9d0e710ed7a677828eb071b241abd6841","isMergeCommit":true,"messageTitle":"Merge pull request #121 from ChenXy128/Undo","messageBody":"Undo command ","fileTypesAndContributionMap":{}}]},{"date":"2024-04-04","commitResults":[{"hash":"4ed71270f8f665476479a6a83080fc76823fa61f","isMergeCommit":false,"messageTitle":"Fixed undo.","messageBody":"","fileTypesAndContributionMap":{"functional-code":{"insertions":85,"deletions":45}}},{"hash":"e217aaa425e6dc5f65d192442f233de0fc3d3010","isMergeCommit":false,"messageTitle":"Fixed style.","messageBody":"","fileTypesAndContributionMap":{"functional-code":{"insertions":2,"deletions":13},"docs":{"insertions":0,"deletions":1}}},{"hash":"c13041b55186e94595201c9e29fc9445fdea7d08","isMergeCommit":true,"messageTitle":"Resolved conflicts","messageBody":"","fileTypesAndContributionMap":{}},{"hash":"930c4dbe17ba72e6506f6604ba72c1ce1e3357e5","isMergeCommit":false,"messageTitle":"Removed unused import","messageBody":"","fileTypesAndContributionMap":{"functional-code":{"insertions":0,"deletions":1}}}]}],"HongRay":[{"date":"2024-02-23","commitResults":[{"hash":"5cb5fb2f021702e67ed979849d0260edf5d40e3e","isMergeCommit":true,"messageTitle":"Merge remote-tracking branch \u0027origin/switch-docs-to-markbind\u0027","messageBody":"","fileTypesAndContributionMap":{}},{"hash":"8aa20a20638241550b26b946f95396caa93462c5","isMergeCommit":false,"messageTitle":"Update default.md","messageBody":"changed name as instructed","fileTypesAndContributionMap":{"docs":{"insertions":1,"deletions":1}}}]},{"date":"2024-03-05","commitResults":[{"hash":"d222d5a78b1f54f40d7c08b05d08c888db67b1d4","isMergeCommit":false,"messageTitle":"Add file and directory","messageBody":"Added file and directory as instructed\n","fileTypesAndContributionMap":{"docs":{"insertions":0,"deletions":0}}},{"hash":"ab256704770f2944a8c727cbf1afdbf2c1f1002d","isMergeCommit":true,"messageTitle":"Merge pull request #9 from HongRay/add-{Hong-Ray}-info","messageBody":"Add file and directory","fileTypesAndContributionMap":{}},{"hash":"22d7bffc46ff1f8253fbb53fe6ca57916e25a33a","isMergeCommit":false,"messageTitle":"Update About Us","messageBody":"Added photos of each team member\nUpdated About Us details\n\nNeeds work:\nReplace portfolio with proper link.\n","fileTypesAndContributionMap":{"docs":{"insertions":24,"deletions":22}}},{"hash":"794cf01372093125bf1ffa451da16016da619dfa","isMergeCommit":true,"messageTitle":"Merge branch \u0027AY2324S2-CS2103T-W13-3:master\u0027 into branch-AboutUs","messageBody":"","fileTypesAndContributionMap":{}},{"hash":"13f40af21fd70ef99445ec5a96bb72bb48190b95","isMergeCommit":false,"messageTitle":"Update About Us","messageBody":"Added photos of each team member\nUpdated About Us details\n\nNeeds work:\nReplace portfolio with proper link.\n","fileTypesAndContributionMap":{"docs":{"insertions":5,"deletions":5}}},{"hash":"50624eacc1a5196866c9fcf3fd942cfb340454db","isMergeCommit":true,"messageTitle":"Merge remote-tracking branch \u0027origin/branch-AboutUs\u0027 into branch-AboutUs","messageBody":"","fileTypesAndContributionMap":{}},{"hash":"3dcc30e3f73c2ea967c4390fed5f23023ba10632","isMergeCommit":true,"messageTitle":"Merge pull request #19 from ChenXy128/XiaoyangMd","messageBody":"Adds Xiaoyang.md","fileTypesAndContributionMap":{}},{"hash":"cc8f9f3874934289f827d29f87aa5959b1b4634d","isMergeCommit":true,"messageTitle":"Merge pull request #20 from Xuyan0518/add-xuyan-info","messageBody":"Add xuyan.md","fileTypesAndContributionMap":{}},{"hash":"f2286f6541a198b2fbb6fd980e0ad911f899f2c0","isMergeCommit":true,"messageTitle":"Merge branch \u0027AY2324S2-CS2103T-W13-3:master\u0027 into branch-AboutUs","messageBody":"","fileTypesAndContributionMap":{}},{"hash":"462601e46ff1df99e0251bc502e0773bfa744779","isMergeCommit":false,"messageTitle":"Update About Us","messageBody":"Added photos of each team member\nUpdated About Us details\n\nNeeds work:\nReplace portfolio with proper link.\n","fileTypesAndContributionMap":{"docs":{"insertions":1,"deletions":1}}},{"hash":"64e6ebc033c15cdb2ad982cdb6fd63d8bbdd0122","isMergeCommit":true,"messageTitle":"Merge branch \u0027branch-AboutUs\u0027 of https://github.com/HongRay/tp into branch-AboutUs","messageBody":"","fileTypesAndContributionMap":{}},{"hash":"c1a8b13829a7de805377986415a5eac007831231","isMergeCommit":false,"messageTitle":"Update Portfolio link","messageBody":"Updated portfolio link of all members to the appropriate links.\n","fileTypesAndContributionMap":{"docs":{"insertions":7,"deletions":7}}}]},{"date":"2024-03-07","commitResults":[{"hash":"5653a5176b954f74e28f8d97fd7f1397602c84f7","isMergeCommit":true,"messageTitle":"Merge pull request #17 from ChenXy128/DGUFR","messageBody":"Updates the UFR of DG","fileTypesAndContributionMap":{}},{"hash":"1af244502ee5bcac21ea51815b82d7103b2ff708","isMergeCommit":true,"messageTitle":"Merge pull request #21 from HongRay/branch-AboutUs","messageBody":"Update AboutUs file","fileTypesAndContributionMap":{}},{"hash":"d0f9addc7164862a1b3d5f0301a4b5e38930c6b9","isMergeCommit":true,"messageTitle":"Merge pull request #22 from Xuyan0518/add-xuyan-info","messageBody":"Update User Stories and Glossary sections in DG","fileTypesAndContributionMap":{}},{"hash":"a928b95639e478db697b04c087033bfeee702e32","isMergeCommit":true,"messageTitle":"Merge pull request #23 from NusMinato/add-LiChengzhen-info","messageBody":"Update Use cases in DG","fileTypesAndContributionMap":{}},{"hash":"ce222970be80742d42639a6281c6e0e48bec37a0","isMergeCommit":true,"messageTitle":"Merge pull request #26 from Cedricaca/README","messageBody":"Readme","fileTypesAndContributionMap":{}}]},{"date":"2024-03-14","commitResults":[{"hash":"ffe9ed2203537f82003613d3d30eb081bbb52eae","isMergeCommit":false,"messageTitle":"Added instructions","messageBody":"Added instructions to explain how the code works.\n","fileTypesAndContributionMap":{"functional-code":{"insertions":19,"deletions":11},"other":{"insertions":1,"deletions":1}}},{"hash":"e2739b54e6b1aa80d2e265d7939f8ed810717736","isMergeCommit":false,"messageTitle":"Added instructions","messageBody":"Added instructions to explain how the code works.\n","fileTypesAndContributionMap":{"functional-code":{"insertions":1,"deletions":0}}},{"hash":"e478a7b759dd5fb7a15e221ca468b9237ab43166","isMergeCommit":false,"messageTitle":"Edit edit command","messageBody":"Incomplete, edit 1 did not even work.\n","fileTypesAndContributionMap":{"functional-code":{"insertions":58,"deletions":45},"other":{"insertions":1,"deletions":1}}},{"hash":"ff2816b0784cbe0f8b16aed0aeb544e7432c05cf","isMergeCommit":false,"messageTitle":"Edit edit command","messageBody":"Incomplete, edit 1 did not even work.\n","fileTypesAndContributionMap":{"functional-code":{"insertions":16,"deletions":9}}},{"hash":"af81e40fb7b64b479ad60e8c57068408b00e55eb","isMergeCommit":false,"messageTitle":"Implement edit command","messageBody":"Partial incompletion of command\n1. does not detect whether category exist\n2. when description is not provided, returns null.\n\n3. when tag not provided, deletes tag\n","fileTypesAndContributionMap":{"functional-code":{"insertions":27,"deletions":31}}},{"hash":"9b7a4d0aa5dcc866ab09dd33a2a39c837b935574","isMergeCommit":false,"messageTitle":"Implement edit command","messageBody":"Partial completion of command\n1. does not detect whether category exist\n2. when description is not provided, returns null.\n\n3. when tag not provided, deletes tag\n\n4. tag can only edit 1 tag. if person got more than 1 tag,\nthe subsequent tags will be deleted.\n","fileTypesAndContributionMap":{"functional-code":{"insertions":3,"deletions":4}}}]},{"date":"2024-03-15","commitResults":[{"hash":"81671fdf7eb57f87d47c634f84ba06385d6ff864","isMergeCommit":false,"messageTitle":"Partial fix edit command","messageBody":"Partial completion of command\n1. does not detect whether category exist (FIX)\n2. when description is not provided, returns null.\n\n3. when tag not provided, deletes tag\n\n4. tag can only edit 1 tag. if person got more than 1 tag,\nthe subsequent tags will be deleted.\n","fileTypesAndContributionMap":{"functional-code":{"insertions":7,"deletions":6}}},{"hash":"906cb43abe9b201426ffed290be4a0463027b346","isMergeCommit":false,"messageTitle":"Partial fix edit command","messageBody":"Partial completion of command\n1. Does not detect whether category exist: (FIX) Throws exception if does not exist.\n2. when description is not provided, returns null (FIX) Throws exception if description not provided.\n\n3. when tag not provided, deletes tag\n\n4. tag can only edit 1 tag. if person got more than 1 tag,\nthe subsequent tags will be deleted.\n","fileTypesAndContributionMap":{"functional-code":{"insertions":5,"deletions":0}}},{"hash":"f907aec4085a87592d1628cc54fa7acf365f4143","isMergeCommit":false,"messageTitle":"Partial fix edit command","messageBody":"Partial completion of command\n1. Does not detect whether category exist: (FIX) Throws exception if does not exist.\n2. when description is not provided, returns null (FIX) Throws exception if description not provided.\n\n3. when tag not provided, deletes tag\n\n4. tag can only edit 1 tag. if person got more than 1 tag,\nthe subsequent tags will be deleted.\n","fileTypesAndContributionMap":{"functional-code":{"insertions":5,"deletions":5}}},{"hash":"90a87a23de448ca814495ab71262857a394d4d28","isMergeCommit":false,"messageTitle":"Partial fix edit command","messageBody":"Partial completion of command\n1. Does not detect whether category exist: (FIX) Throws exception if does not exist.\n2. when description is not provided, returns null (FIX) Throws exception if description not provided.\n\n3. when tag not provided, deletes tag (FIX) Finds tag size and if tag size \u003d 0, throws an error\n\n4. tag can only edit 1 tag. if person got more than 1 tag,\nthe subsequent tags will be deleted.\n","fileTypesAndContributionMap":{"functional-code":{"insertions":9,"deletions":4}}},{"hash":"e87edaec0dd89a13485235920fefa49723047b57","isMergeCommit":false,"messageTitle":"Partial fix edit command","messageBody":"Partial completion of command\n1. Does not detect whether category exist: (FIX) Throws exception if does not exist.\n2. when description is not provided, returns null (FIX) Throws exception if description not provided.\n\n3. when tag not provided, deletes tag (FIX) Finds if tag present and if tag size \u003d 0, throws an error.\n\n4. tag can only edit 1 tag. if person got more than 1 tag,\nthe subsequent tags will be deleted. (this is another function)\n\n5. Cannot change category name\n","fileTypesAndContributionMap":{"functional-code":{"insertions":1,"deletions":1}}}]},{"date":"2024-03-16","commitResults":[{"hash":"6c93a84837ae59cb7f95bc8d3c1dd590300971a5","isMergeCommit":false,"messageTitle":"Partial fix edit command","messageBody":"Partial completion of command\n1. Does not detect whether category exist: (FIX) Throws exception if does not exist.\n2. when description is not provided, returns null (FIX) Throws exception if description not provided.\n\n3. when tag not provided, deletes tag (FIX) Finds if tag present and if tag size \u003d 0, throws an error.\n\n4. tag can only edit 1 tag. if person got more than 1 tag,\nthe subsequent tags will be deleted. (If want more than 1 tags, concatenate tags prefix)\n\n5. Cannot change category name\n","fileTypesAndContributionMap":{"functional-code":{"insertions":10,"deletions":10}}}]},{"date":"2024-03-17","commitResults":[{"hash":"aea0fc7991c6bde49e726001aa3c6723ef4beb53","isMergeCommit":true,"messageTitle":"Merge pull request #54 from NusMinato/master","messageBody":"Added a new command \"deleteCategory\"","fileTypesAndContributionMap":{}}]},{"date":"2024-03-18","commitResults":[{"hash":"6f9415780fffc54233f4c9db3c62d735b2af7fe2","isMergeCommit":true,"messageTitle":"Merge pull request #52 from HongRay/branch-edit-command","messageBody":"Fix edit command","fileTypesAndContributionMap":{}},{"hash":"de4b1f2e7f4602769eabc0f781d357813f1fed5a","isMergeCommit":true,"messageTitle":"Merge pull request #57 from Cedricaca/messages_fix","messageBody":"Messages fix","fileTypesAndContributionMap":{}}]},{"date":"2024-03-19","commitResults":[{"hash":"9b5ba75e82363aee8d43b7027ffd96ac25652378","isMergeCommit":true,"messageTitle":"Merge pull request #58 from Xuyan0518/branch-addCommand","messageBody":"Branch add command","fileTypesAndContributionMap":{}},{"hash":"1be62dfceb1d358e5157511d9790aa1328bb88df","isMergeCommit":true,"messageTitle":"Merge pull request #59 from Cedricaca/Success_message_fix","messageBody":"Fixed addCategoryCommand success message","fileTypesAndContributionMap":{}},{"hash":"7fab018122b732db4e2aedd0eb29f5dd8394b4b3","isMergeCommit":true,"messageTitle":"Merge pull request #60 from ChenXy128/Flexible-Find","messageBody":"Flexible find","tags":["v1.2"],"fileTypesAndContributionMap":{}}]},{"date":"2024-03-20","commitResults":[{"hash":"09415ed17cdddc5c171e3db9b02a8890f21facc9","isMergeCommit":false,"messageTitle":"Update UG","messageBody":"Updated UG on my part only.\nOther changes made\n1. Changed picture of help message\n2. Changed link to help message\n","fileTypesAndContributionMap":{"functional-code":{"insertions":1,"deletions":1},"other":{"insertions":1,"deletions":1},"docs":{"insertions":17,"deletions":21}}},{"hash":"04e18f4ce99afedf09cb4e7528e829c36e19a5ec","isMergeCommit":false,"messageTitle":"Update UG","messageBody":"Updated UG on my part only.\nOther changes made\n1. Changed picture of help message\n2. Changed link to help message\n","fileTypesAndContributionMap":{"docs":{"insertions":1,"deletions":1}}}]},{"date":"2024-03-21","commitResults":[{"hash":"2b26eefd43312719f65f360637b8bc698f04b0ea","isMergeCommit":true,"messageTitle":"Merge pull request #60 from ChenXy128/Flexible-Find","messageBody":"Flexible find\n","fileTypesAndContributionMap":{}},{"hash":"db01e9bbff47cf7685c43b5172cf22d80cfbf44a","isMergeCommit":true,"messageTitle":"Merge branch \u0027AY2324S2-CS2103T-W13-3:master\u0027 into branch-UML","messageBody":"","fileTypesAndContributionMap":{}},{"hash":"02ae6f51ea4d9d806cd641bb91c05e4402c2df75","isMergeCommit":false,"messageTitle":"Add javadocs","messageBody":"Edit to string method for logging.\n- supports custom category now.\n","fileTypesAndContributionMap":{"functional-code":{"insertions":10,"deletions":0}}},{"hash":"1a0488abb73fae281ef398a9909ccefba0c3e064","isMergeCommit":true,"messageTitle":"Merge pull request #65 from HongRay/branch-UG","messageBody":"Update UG","fileTypesAndContributionMap":{}},{"hash":"da329e12f663d36259ae4a1418d0349dbb4b0230","isMergeCommit":false,"messageTitle":"Update UML","messageBody":"Updated UML for EditCommand\n- Added edit command seq diagram in DG\n","fileTypesAndContributionMap":{"docs":{"insertions":17,"deletions":2}}},{"hash":"ba80bddad6fc2de83fbe2589845b7e6d499061aa","isMergeCommit":true,"messageTitle":"Merge pull request #69 from Cedricaca/master","messageBody":"Changed storageclassdiagram.puml","fileTypesAndContributionMap":{}},{"hash":"2a52ecdd258798ab35bec761ae5061e1ff571132","isMergeCommit":true,"messageTitle":"Merge pull request #67 from HongRay/branch-UML","messageBody":"HR: Update UML","fileTypesAndContributionMap":{}},{"hash":"b8571d0d349577b6da28fb0c52925aba9b525a50","isMergeCommit":true,"messageTitle":"Merge pull request #68 from Xuyan0518/xuyan-version1.2","messageBody":"Add Sequence Diagram for AddCommand and update User Guide for AddCommand","fileTypesAndContributionMap":{}},{"hash":"3e2a1adf515b18a7d64d516475b87f36963e8497","isMergeCommit":true,"messageTitle":"Merge pull request #66 from ChenXy128/UML-Updated","messageBody":"Updates UML for find command sequence diagram","fileTypesAndContributionMap":{}}]},{"date":"2024-03-24","commitResults":[{"hash":"b95104ff98381a867dc76b1542e6cb10a511b9c5","isMergeCommit":true,"messageTitle":"Merge pull request #71 from Cedricaca/junit_test","messageBody":"Junit test","fileTypesAndContributionMap":{}},{"hash":"40ab3b4a14ab17e4a9d81a3045c52b09d2af0a6c","isMergeCommit":true,"messageTitle":"Merge pull request #72 from Xuyan0518/xuyan-batch","messageBody":"AddCommand update","fileTypesAndContributionMap":{}},{"hash":"ce8454ff116174d6ac388256950b913aca6e8a4e","isMergeCommit":true,"messageTitle":"Merge pull request #73 from Cedricaca/UserGuidee","messageBody":"updated userguide","fileTypesAndContributionMap":{}},{"hash":"3a441a6ff89ad647e3d1d9829bcfec7309b6e66c","isMergeCommit":true,"messageTitle":"Merge pull request #74 from ChenXy128/UserGuide","messageBody":"Updates the user guide for find.","fileTypesAndContributionMap":{}}]},{"date":"2024-03-25","commitResults":[{"hash":"e115b2976264a761d4c9ab3b6fcab050964e91fd","isMergeCommit":false,"messageTitle":"Test UI","messageBody":"Edited color and anchorpane to understand UI code\n","fileTypesAndContributionMap":{"functional-code":{"insertions":123,"deletions":273}}},{"hash":"231ca8c325b728719a76251f44c5206ef241f937","isMergeCommit":false,"messageTitle":"Test UI","messageBody":"Edited color and anchorpane to understand UI code\n","fileTypesAndContributionMap":{"test-code":{"insertions":1,"deletions":1}}},{"hash":"d285e45dadccb00438fa5bd9a6b99edd578e3f40","isMergeCommit":true,"messageTitle":"Merge pull request #82 from HongRay/branch-UI","messageBody":"Branch UI","fileTypesAndContributionMap":{}},{"hash":"c7fb2dec615b9e6882077f1bb2548fc3fa60af5f","isMergeCommit":false,"messageTitle":"Multiple Update","messageBody":"Moved members file into correct location.\nAdded Command list to Help menu\nEdited FXML of Help\n","fileTypesAndContributionMap":{"functional-code":{"insertions":69,"deletions":38},"docs":{"insertions":5,"deletions":5}}}]},{"date":"2024-03-26","commitResults":[{"hash":"9651a4a7e04250781c86c340eae6f0d625cef3b0","isMergeCommit":true,"messageTitle":"Merge branch \u0027master\u0027 into branch-UI","messageBody":"# Conflicts:\n#\tsrc/main/resources/view/MainWindow.fxml\n","fileTypesAndContributionMap":{}},{"hash":"19923b4f3cd2091e9d3e69b4cda341217fc703b9","isMergeCommit":false,"messageTitle":"Update DeveloperGuide.md","messageBody":"Updated DeveloperGuide.md as instructed in week 10 schedule.\n\nUpdated Postmortem in docs\\teams folder.\n","fileTypesAndContributionMap":{"docs":{"insertions":53,"deletions":3}}},{"hash":"39ebc42761b6c883fb001df0eb6676868040bfa4","isMergeCommit":false,"messageTitle":"Update DeveloperGuide.md","messageBody":"Updated DeveloperGuide.md as instructed in week 10 schedule.\n\nUpdated Postmortem in docs\\teams folder.\n","fileTypesAndContributionMap":{"docs":{"insertions":1,"deletions":1}}},{"hash":"5b46d03aca671c3a52994c68cd75fd2170044f09","isMergeCommit":false,"messageTitle":"Update UserGuid.md","messageBody":"Added accurate picture of our current UI\n","fileTypesAndContributionMap":{"functional-code":{"insertions":3,"deletions":3},"other":{"insertions":4,"deletions":0},"test-code":{"insertions":1,"deletions":1}}},{"hash":"5dab1f8c5401396f0ca6f1f21a1c9e86ff67230f","isMergeCommit":true,"messageTitle":"Merge pull request #86 from HongRay/branch-UI","messageBody":"Branch UI","fileTypesAndContributionMap":{}},{"hash":"e2991cd0a45f3a29ba5ae8964787bb23dd7b114d","isMergeCommit":true,"messageTitle":"Merge pull request #87 from HongRay/branch-DG-Postmortem","messageBody":"DG and postmortem","fileTypesAndContributionMap":{}},{"hash":"284e9d7c8f36784942fde5bfc3499ebf40892e9f","isMergeCommit":true,"messageTitle":"Merge pull request #84 from Cedricaca/Developer_guide_update","messageBody":"Developer guide update","fileTypesAndContributionMap":{}},{"hash":"0b7bc0a9ee00094f65bdd3d97e486a95b174f9e1","isMergeCommit":true,"messageTitle":"Merge pull request #90 from Xuyan0518/branch_xuyan_v1.3","messageBody":"Update DG and Postmortem","fileTypesAndContributionMap":{}},{"hash":"4097e6f13752bee578460e8506d9c7ec6e7af5d1","isMergeCommit":false,"messageTitle":"Update DeveloperGuide.md","messageBody":"Added my part in the DG\n","fileTypesAndContributionMap":{"docs":{"insertions":39,"deletions":1}}},{"hash":"f35b735d68af24881c0d22687648a97d7842164a","isMergeCommit":true,"messageTitle":"Merge pull request #93 from HongRay/branch-DG-Postmortem","messageBody":"Update DeveloperGuide.md","fileTypesAndContributionMap":{}}]},{"date":"2024-03-27","commitResults":[{"hash":"693a64c8fe92f1269354ce3ae3ca4e6406547a3b","isMergeCommit":true,"messageTitle":"Merge branch \u0027master\u0027 into UpdatesDG","messageBody":"","fileTypesAndContributionMap":{}},{"hash":"6a5c7b8c55fadc1d169cb1242d88a09a953045c5","isMergeCommit":true,"messageTitle":"Merge pull request #92 from ChenXy128/UpdatesDG","messageBody":"Updates the DG for Find function.","fileTypesAndContributionMap":{}},{"hash":"13c1c441dabaabc41e175b132dfbd7b4349f5607","isMergeCommit":true,"messageTitle":"Merge pull request #89 from Cedricaca/batch_processingg","messageBody":"Batch processingg","fileTypesAndContributionMap":{}},{"hash":"54be33817da2204884aa5a8ee878400caa41a39d","isMergeCommit":true,"messageTitle":"Merge pull request #94 from Cedricaca/DG","messageBody":"Added puml giagram + updated dg","fileTypesAndContributionMap":{}},{"hash":"0a18b7d189d275969d9d3b841bde9484a5558c26","isMergeCommit":false,"messageTitle":"Update UI picture and index","messageBody":"","fileTypesAndContributionMap":{"docs":{"insertions":6,"deletions":4}}},{"hash":"a7f2c9a06d883e6dedf3d9c1f169e1d984772db8","isMergeCommit":true,"messageTitle":"Merge pull request #95 from HongRay/branch-DG-Postmortem","messageBody":"Update UI picture and index","tags":["v1.3.trial"],"fileTypesAndContributionMap":{}},{"hash":"2e32333530f1a705482d90f33e2925c37182109c","isMergeCommit":false,"messageTitle":"Custom font in progress","messageBody":"","fileTypesAndContributionMap":{"functional-code":{"insertions":14,"deletions":4},"other":{"insertions":1,"deletions":1}}},{"hash":"9a551761985ffbefa2a154eccfbe2baade10a5c7","isMergeCommit":true,"messageTitle":"Merge pull request #96 from HongRay/branch-UI","messageBody":"Custom font in progress","fileTypesAndContributionMap":{}},{"hash":"b9f34ac75698dadce37f2b08c42847f8a425f904","isMergeCommit":false,"messageTitle":"Added background","messageBody":"","fileTypesAndContributionMap":{"functional-code":{"insertions":5,"deletions":5}}},{"hash":"3eb20e9a8ce684c29232f8839463128a87e566ad","isMergeCommit":true,"messageTitle":"Merge pull request #97 from HongRay/branch-UI","messageBody":"Added background","fileTypesAndContributionMap":{}}]},{"date":"2024-03-30","commitResults":[{"hash":"38ef06cffa5756f2e928b9791e1e427c1b101eef","isMergeCommit":false,"messageTitle":"Batch Processing","messageBody":"Did batch processing for edit command.\nFixed all bugs too.\n","fileTypesAndContributionMap":{"functional-code":{"insertions":61,"deletions":34}}},{"hash":"97869e944c20eb132f4900b89d302da70bd284e8","isMergeCommit":false,"messageTitle":"Create TypicalPersons.java and PersonBuilder.java","messageBody":"Edited TypicalPersons and PersonBuilder so we can use it for other test.\n","fileTypesAndContributionMap":{"functional-code":{"insertions":8,"deletions":0},"test-code":{"insertions":119,"deletions":5}}},{"hash":"469f6f6c385fb02dc835a1d1c47294fc25ed15cc","isMergeCommit":true,"messageTitle":"Merge pull request #105 from HongRay/branch-test","messageBody":"Branch test","fileTypesAndContributionMap":{}},{"hash":"899aa765649ce7d2f756e953ac70316085c9c982","isMergeCommit":false,"messageTitle":"Test for editCommand","messageBody":"First test written for EditCommand. Will think of what other test to write in the future.\n","fileTypesAndContributionMap":{"functional-code":{"insertions":16,"deletions":1},"test-code":{"insertions":194,"deletions":3}}},{"hash":"d8735dc8264cd4aa4f6c92f32281c87053caef57","isMergeCommit":false,"messageTitle":"Test for editCommand","messageBody":"First test written for EditCommand. Will think of what other test to write in the future.\n","fileTypesAndContributionMap":{"test-code":{"insertions":1,"deletions":0}}}]},{"date":"2024-03-31","commitResults":[{"hash":"06e748e78d2099f9238559435fad9033cedbaaf3","isMergeCommit":true,"messageTitle":"Merge pull request #103 from Xuyan0518/master","messageBody":"Update addCommand function","fileTypesAndContributionMap":{}},{"hash":"430e0e1825e0348b2a8fc2a7cfc8733c78f65bf9","isMergeCommit":true,"messageTitle":"Merge pull request #106 from HongRay/branch-test","messageBody":"Test for editCommand","fileTypesAndContributionMap":{}},{"hash":"63c01f252d797a8be9f63a3a21e6f93c462a3c27","isMergeCommit":true,"messageTitle":"Merge pull request #107 from ChenXy128/FixFind","messageBody":"Fix find and add find test","fileTypesAndContributionMap":{}}]},{"date":"2024-04-01","commitResults":[{"hash":"48f8160d8fc170ad0722e8a2f61befe042dc016c","isMergeCommit":true,"messageTitle":"Merge pull request #112 from Cedricaca/group2","messageBody":"griyo","fileTypesAndContributionMap":{}},{"hash":"2f97bfbdb674ebda3e6e032ac6e9c95b72b44974","isMergeCommit":false,"messageTitle":"Test for editCommand","messageBody":"First test written for EditCommand. Will think of what other test to write in the future.\n","fileTypesAndContributionMap":{"functional-code":{"insertions":7,"deletions":3}}}]},{"date":"2024-04-02","commitResults":[{"hash":"f6c339be379b83fa04879f84408bd377db670e4b","isMergeCommit":false,"messageTitle":"In Progress","messageBody":"Group command in progress. Trying to fit to specifications.\n","fileTypesAndContributionMap":{"functional-code":{"insertions":10,"deletions":4}}},{"hash":"9c53f952fbee7fac06c5d02a1ac28d4acbac5170","isMergeCommit":false,"messageTitle":"Fix help window","messageBody":"Made help window more readable\nAdded appropriate text to help window.\n","fileTypesAndContributionMap":{"functional-code":{"insertions":30,"deletions":23}}},{"hash":"7feefe29b48334fb3b2a25330c5580356c545cc9","isMergeCommit":false,"messageTitle":"created Group","messageBody":"Tried to create new group\n","fileTypesAndContributionMap":{"functional-code":{"insertions":97,"deletions":0}}},{"hash":"05b30b42e0471c768420173329425f90a1a96fb7","isMergeCommit":true,"messageTitle":"Merge branch \u0027master\u0027 into branch-Group","messageBody":"","fileTypesAndContributionMap":{}},{"hash":"e905ff63e9ec7a49cb7ffcd853f2e7056a860b1a","isMergeCommit":false,"messageTitle":"Update Group UI + group logic","messageBody":"Created Group class\nCreated Group card\nNow user is able to view groups at the right side.\n\nBugs that needs to be fixed:\n1. Group with no name is not created.\n- people without groups is being added into the last group and creating another group called no group.\n\n2. When 1 group contains more people, it will cause a UI bug as each group is a different size.\n","fileTypesAndContributionMap":{"functional-code":{"insertions":89,"deletions":32}}}]},{"date":"2024-04-03","commitResults":[{"hash":"eca460826081d2cdce6a73ccb730060fadd1ae70","isMergeCommit":false,"messageTitle":"Retry codecov","messageBody":"Retrying codecov behaviour after CI error.\n","fileTypesAndContributionMap":{"functional-code":{"insertions":1,"deletions":1}}},{"hash":"5621091e5e46325e933a9c2159fbfdfadd7b6ac7","isMergeCommit":false,"messageTitle":"Fix no group bug","messageBody":"If the person does not have a book, it will successfully create a new group called no group.\n","fileTypesAndContributionMap":{"functional-code":{"insertions":14,"deletions":10}}},{"hash":"67d19aa30908ab9fbcbcdcaf7e38de88d74f67b8","isMergeCommit":true,"messageTitle":"Merge pull request #122 from HongRay/branch-fix-group","messageBody":"Fix no group bug","fileTypesAndContributionMap":{}},{"hash":"2c88a44f1bee413519a20c490bf614af1ee669fe","isMergeCommit":false,"messageTitle":"Fix group bug","messageBody":"Previous:\n1. other commands stop working if called group\n2. Right side UI will show people.\n\nFix:\nCreate a new observable list for the UI to referenced group from.\n","fileTypesAndContributionMap":{"functional-code":{"insertions":18,"deletions":3}}},{"hash":"1b583218a60b6fc5b39d5edaac5cf34905d1985d","isMergeCommit":true,"messageTitle":"Merge branch \u0027master\u0027 into branch-fix-group","messageBody":"# Conflicts:\n#\tsrc/main/java/seedu/address/model/ModelManager.java\n","fileTypesAndContributionMap":{}},{"hash":"40a55e74c783b2733e7ead531cb7dd859d9067b7","isMergeCommit":false,"messageTitle":"Fix group bug","messageBody":"Previous:\n1. other commands stop working if called group\n2. Right side UI will show people.\n\nFix:\nCreate a new observable list for the UI to referenced group from.\n","fileTypesAndContributionMap":{"functional-code":{"insertions":1,"deletions":1}}},{"hash":"ce83553eb09eb2bb99bea47248f3f1dc56c980cd","isMergeCommit":false,"messageTitle":"Fix undo","messageBody":"1. Allows multiple group undo\n2. Allows undo to transit from groupAddressBook to addressBook\n","fileTypesAndContributionMap":{"functional-code":{"insertions":31,"deletions":9}}},{"hash":"58161eed924fbe2cc69b02ff724e358fb5dd9936","isMergeCommit":true,"messageTitle":"Merge pull request #126 from HongRay/branch-fix-group","messageBody":"Fix undo","fileTypesAndContributionMap":{}}]},{"date":"2024-04-04","commitResults":[{"hash":"e2c09b3efdf7df0380e9abe9de8f0da641cf4718","isMergeCommit":false,"messageTitle":"Improved UI","messageBody":"Improve help Ui\n- Added commands\n\nImprove Group UI\n- Made it looks presentable\n","fileTypesAndContributionMap":{"functional-code":{"insertions":21,"deletions":10}}},{"hash":"15c62e47ebfe6c50c1255819fb8dab5911e30530","isMergeCommit":false,"messageTitle":"Fix edit command","messageBody":"fix bug for editing name and case sensitivity.\n","fileTypesAndContributionMap":{"functional-code":{"insertions":4,"deletions":8}}},{"hash":"e7d808921e13fcdf69ecde9b06e3ea77383a2c91","isMergeCommit":false,"messageTitle":"Fix edit command","messageBody":"fix bug for editing name and case sensitivity.\n","fileTypesAndContributionMap":{"functional-code":{"insertions":1,"deletions":0}}},{"hash":"a2d88f3755a32fdcdf715377495daa3ae8bec641","isMergeCommit":true,"messageTitle":"Merge pull request #131 from HongRay/branch-GroupUI","messageBody":"Improved UI","fileTypesAndContributionMap":{}},{"hash":"cc488cbb728becf3933f372a5cf09b1c71a830bf","isMergeCommit":false,"messageTitle":"Fix anchor jump","messageBody":"fix jumps for each section\n","fileTypesAndContributionMap":{"docs":{"insertions":11,"deletions":11}}},{"hash":"b745b9959115bc7f854cfef4548160678e78f197","isMergeCommit":true,"messageTitle":"Merge pull request #134 from HongRay/branch-UG","messageBody":"Fix anchor jump","fileTypesAndContributionMap":{}},{"hash":"409919f3693ae23ed2cd828726a02d14e01e9599","isMergeCommit":false,"messageTitle":"Fixed Group command","messageBody":"Bug where if 1 entry is wrong\n","fileTypesAndContributionMap":{"functional-code":{"insertions":12,"deletions":25}}},{"hash":"5bfe0596af516f824aab653b7718020e2e28d10c","isMergeCommit":false,"messageTitle":"Edited UG","messageBody":"","fileTypesAndContributionMap":{"functional-code":{"insertions":1,"deletions":1},"docs":{"insertions":76,"deletions":38}}}]}],"Cedricaca":[{"date":"2024-03-05","commitResults":[{"hash":"02c4c145b6d0093392ac59f7518d5255ffcc2c1d","isMergeCommit":false,"messageTitle":"added Cedricaca.md","messageBody":"","fileTypesAndContributionMap":{"docs":{"insertions":1,"deletions":0}}},{"hash":"f91d437165e6bec5614c30bf9c86e3e7e11fabff","isMergeCommit":true,"messageTitle":"Merge pull request #1 from Cedricaca/add-Cedricaca-info","messageBody":"added Cedricaca.md","fileTypesAndContributionMap":{}}]},{"date":"2024-03-06","commitResults":[{"hash":"fc34e6132cdfa817a74582b11f359be0dfc84222","isMergeCommit":false,"messageTitle":"Updated README and Ui.png","messageBody":"","fileTypesAndContributionMap":{"docs":{"insertions":2,"deletions":11}}},{"hash":"61653a5621747a1b7ad0bcff82bfbb2a1381d5b1","isMergeCommit":false,"messageTitle":"Updated README and Ui.png","messageBody":"","fileTypesAndContributionMap":{"docs":{"insertions":2,"deletions":1}}},{"hash":"f90cdcd14a0838d8c7fb61eb25982b5a455ac848","isMergeCommit":false,"messageTitle":"Updated README and Ui.png","messageBody":"","fileTypesAndContributionMap":{"docs":{"insertions":0,"deletions":1}}}]},{"date":"2024-03-11","commitResults":[{"hash":"ed3051c632d4661a7898d008f24335ab8f0a80fc","isMergeCommit":false,"messageTitle":"Added a new parent class: Entry","messageBody":"Program works\n","fileTypesAndContributionMap":{"functional-code":{"insertions":62,"deletions":54}}},{"hash":"d3aa1acf7cebc01aa54901be0d29d5d44bc86e01","isMergeCommit":false,"messageTitle":"Added EntryList class.","messageBody":"","fileTypesAndContributionMap":{"functional-code":{"insertions":47,"deletions":18}}},{"hash":"f9ffe9d275d8342d15d6edec626c0d90c93508d5","isMergeCommit":false,"messageTitle":"Changed some commands to work with the new arraylist of entries","messageBody":"","fileTypesAndContributionMap":{"functional-code":{"insertions":50,"deletions":26}}},{"hash":"c1e36488d3ec4e0ef5dac624da44291cfb060f9d","isMergeCommit":false,"messageTitle":"Changed all hardcoded lines to Entry to prep the deletion of hardcoded classes like Phone","messageBody":"","fileTypesAndContributionMap":{"functional-code":{"insertions":35,"deletions":50}}},{"hash":"757e5a46751e03559279c6642335e376947d47b9","isMergeCommit":false,"messageTitle":"Change Entry to prep deletion of hardcoded classes","messageBody":"","fileTypesAndContributionMap":{"functional-code":{"insertions":32,"deletions":0}}},{"hash":"000add2c1edffcc4d84020be6345734ffdd2543b","isMergeCommit":false,"messageTitle":"Changed a bunch of stuff to accommodate deleting Phone, Address, Name and Email","messageBody":"","fileTypesAndContributionMap":{"functional-code":{"insertions":96,"deletions":438}}}]},{"date":"2024-03-13","commitResults":[{"hash":"f802dc2f8bd7866a3558bc755ae789f40cc107ef","isMergeCommit":false,"messageTitle":"Added size() and getList()","messageBody":"","fileTypesAndContributionMap":{"functional-code":{"insertions":8,"deletions":0}}},{"hash":"e3bc2fddc234cb61db92c7ead6f2e5b94969b2aa","isMergeCommit":false,"messageTitle":"added prefix_category and prefix_description","messageBody":"","fileTypesAndContributionMap":{"functional-code":{"insertions":2,"deletions":0}}},{"hash":"5c2237069ba0f4961de71f5030ed5305803af020","isMergeCommit":false,"messageTitle":"Simplified personcard to just only 1 field which is result, which will extend all strings with a newline to display all entries","messageBody":"","fileTypesAndContributionMap":{"functional-code":{"insertions":13,"deletions":11}}},{"hash":"f3113409ec7a54758a4cf90c7920f079421335e2","isMergeCommit":false,"messageTitle":"Added a AddCategory Command","messageBody":"","fileTypesAndContributionMap":{"functional-code":{"insertions":173,"deletions":0}}},{"hash":"899e0c98a05062a4dd8229cdf19b632ebea9669f","isMergeCommit":false,"messageTitle":"Checkstyle","messageBody":"","fileTypesAndContributionMap":{"functional-code":{"insertions":18,"deletions":13}}},{"hash":"f546243d487bdc34739b64c6eb036426913eb7f6","isMergeCommit":false,"messageTitle":"Checkstyle","messageBody":"","fileTypesAndContributionMap":{"functional-code":{"insertions":15,"deletions":11}}},{"hash":"50f988f4d1d44b4becca93fd2ddedacf1dbfc68b","isMergeCommit":false,"messageTitle":"Checkstyle","messageBody":"","fileTypesAndContributionMap":{"functional-code":{"insertions":15,"deletions":5}}},{"hash":"a2a8eaa9f3c6ddd79d85690094dd384cc88ae494","isMergeCommit":false,"messageTitle":"Checkstyle","messageBody":"","fileTypesAndContributionMap":{"functional-code":{"insertions":5,"deletions":5}}},{"hash":"e31134bd6a822a6c646f4e0fa07a4bc8932fedcd","isMergeCommit":false,"messageTitle":"Checkstyle","messageBody":"","fileTypesAndContributionMap":{"functional-code":{"insertions":5,"deletions":3}}},{"hash":"10ad0b5dcf5f4ad42a1e90c5708c6aab7adfce74","isMergeCommit":false,"messageTitle":"Checkstyle","messageBody":"","fileTypesAndContributionMap":{"functional-code":{"insertions":2,"deletions":2}}},{"hash":"cdcea836e7d1180da26612b729d496b7cf366899","isMergeCommit":false,"messageTitle":"Checkstyle","messageBody":"","fileTypesAndContributionMap":{"functional-code":{"insertions":0,"deletions":1}}},{"hash":"b5a1896dc8b84576f0428e482f5fc40fcb36d280","isMergeCommit":false,"messageTitle":"Checkstyle","messageBody":"","fileTypesAndContributionMap":{"functional-code":{"insertions":0,"deletions":1}}},{"hash":"f3c6ac85bdbc06dc7702ff9e5546f684f5465689","isMergeCommit":false,"messageTitle":"Checkstyle","messageBody":"","fileTypesAndContributionMap":{"functional-code":{"insertions":1,"deletions":1}}},{"hash":"e03913bf0cd45f02ca183bdd3189fe4626333c66","isMergeCommit":false,"messageTitle":"Checkstyle","messageBody":"","fileTypesAndContributionMap":{"functional-code":{"insertions":22,"deletions":22}}},{"hash":"e7aea8c49c1df50f0585800ead715b0d36756edb","isMergeCommit":false,"messageTitle":"Checkstyle","messageBody":"","fileTypesAndContributionMap":{"functional-code":{"insertions":21,"deletions":21}}},{"hash":"7aaaa2593fbe9b59afba9096d024215c914b52a9","isMergeCommit":false,"messageTitle":"Checkstyle","messageBody":"","fileTypesAndContributionMap":{"functional-code":{"insertions":2,"deletions":1}}},{"hash":"57f09a89a2d6ca920bede5ec240da7344a707dc3","isMergeCommit":false,"messageTitle":"Checkstyle","messageBody":"","fileTypesAndContributionMap":{"functional-code":{"insertions":5,"deletions":1}}},{"hash":"e52c5d515c9223a382da0c243650e9e68ed0cd39","isMergeCommit":false,"messageTitle":"Checkstyle","messageBody":"","fileTypesAndContributionMap":{"functional-code":{"insertions":1,"deletions":3}}},{"hash":"1d08ac2d9d7bb3f7b1b6e0e6c16a65b0a550503f","isMergeCommit":false,"messageTitle":"Checkstyle","messageBody":"","fileTypesAndContributionMap":{"functional-code":{"insertions":1,"deletions":2}}},{"hash":"d3466d30ad9a736fc1c0c36dfda90e575e1fbb0d","isMergeCommit":false,"messageTitle":"Checkstyle","messageBody":"","fileTypesAndContributionMap":{"test-code":{"insertions":0,"deletions":5022}}},{"hash":"518a274b24bc45a7bd37b269966555c0c1c46765","isMergeCommit":true,"messageTitle":"Merge pull request #42 from Cedricaca/commit","messageBody":"Commit","fileTypesAndContributionMap":{}},{"hash":"80cc6527c87971711a3efaf7cc6d3b1d219e3109","isMergeCommit":false,"messageTitle":"Checkstyle","messageBody":"","fileTypesAndContributionMap":{"functional-code":{"insertions":1,"deletions":1}}},{"hash":"71aa12e8d87889df547a7fa0f3cc71868689cc38","isMergeCommit":false,"messageTitle":"Checkstyle","messageBody":"","fileTypesAndContributionMap":{"functional-code":{"insertions":0,"deletions":1}}},{"hash":"d31913ec2a9850d09663fbae210531d4d17abb0a","isMergeCommit":false,"messageTitle":"Checkstyle","messageBody":"","fileTypesAndContributionMap":{"functional-code":{"insertions":2,"deletions":1}}},{"hash":"3eefad2d10e318bc2e46cd47fdf075bae3d9b315","isMergeCommit":true,"messageTitle":"Merge pull request #45 from Cedricaca/commit","messageBody":"Commit","fileTypesAndContributionMap":{}},{"hash":"b309bd31eea09152d409b01de8549aaade21160b","isMergeCommit":false,"messageTitle":"Checkstyle","messageBody":"","fileTypesAndContributionMap":{"functional-code":{"insertions":1,"deletions":1}}}]},{"date":"2024-03-14","commitResults":[{"hash":"0d99a503de21d882b80d1f195480c75bd00f58ab","isMergeCommit":false,"messageTitle":"Fix bug related to empty field in command","messageBody":"","fileTypesAndContributionMap":{"functional-code":{"insertions":5,"deletions":2}}},{"hash":"72792dd423dd88f958c2b10ac91ecc446768de46","isMergeCommit":false,"messageTitle":"Fix the storage","messageBody":"","fileTypesAndContributionMap":{"functional-code":{"insertions":63,"deletions":55}}},{"hash":"0955689aa3d4645c8190a8f8e4af37abb1280ec8","isMergeCommit":false,"messageTitle":"Command fix and checkstyle edit","messageBody":"","fileTypesAndContributionMap":{"functional-code":{"insertions":15,"deletions":1}}}]},{"date":"2024-03-15","commitResults":[{"hash":"77656becc8155e5d993b6685f1144f2eae2a6533","isMergeCommit":true,"messageTitle":"Merge pull request #49 from HongRay/branch-edit-command","messageBody":"Implement edit command","fileTypesAndContributionMap":{}}]},{"date":"2024-03-17","commitResults":[{"hash":"d651a036a9f5495f43b0267acfd65d19665bdf40","isMergeCommit":false,"messageTitle":"Fixed messages","messageBody":"","fileTypesAndContributionMap":{"functional-code":{"insertions":9,"deletions":13}}},{"hash":"6f396a120521068359ec2d822a07a2e270a25bfc","isMergeCommit":false,"messageTitle":"Fixed messages","messageBody":"","fileTypesAndContributionMap":{"functional-code":{"insertions":2,"deletions":2}}},{"hash":"5403ea468127d9951d940fe2518cbd88e5c932da","isMergeCommit":false,"messageTitle":"Fixed messages","messageBody":"","fileTypesAndContributionMap":{"functional-code":{"insertions":1,"deletions":1}}}]},{"date":"2024-03-18","commitResults":[{"hash":"6abe7a7595fcd8d8a53707b1304c9542f646f732","isMergeCommit":false,"messageTitle":"Fixed addCategoryCommand success message","messageBody":"","fileTypesAndContributionMap":{"functional-code":{"insertions":4,"deletions":25}}}]},{"date":"2024-03-21","commitResults":[{"hash":"7f9dc9386ab4ec8dba8fe019f530c254d419ce8d","isMergeCommit":false,"messageTitle":"Changed storageclassdiagram.puml","messageBody":"","fileTypesAndContributionMap":{"docs":{"insertions":2,"deletions":0}}},{"hash":"c3898276074d9f6fa884f7d830f51e9768b1234f","isMergeCommit":false,"messageTitle":"retained tests that do not contain errors, and pass","messageBody":"","fileTypesAndContributionMap":{"test-code":{"insertions":2854,"deletions":0}}}]},{"date":"2024-03-23","commitResults":[{"hash":"3257d67d4b9a5c526f3f8551d755b02b848b705d","isMergeCommit":false,"messageTitle":"updated userguide","messageBody":"","fileTypesAndContributionMap":{"docs":{"insertions":21,"deletions":4}}}]},{"date":"2024-03-25","commitResults":[{"hash":"c3dfecd40638b9c23aba2499376494760958d883","isMergeCommit":false,"messageTitle":"fixed the addcommandtest","messageBody":"entry now implements comparable\n\nadded a sort function\n\nadding a category now automatically sorts the entrylist\n\ntag now allows for alphanumeric characters\n","fileTypesAndContributionMap":{"functional-code":{"insertions":11,"deletions":2},"test-code":{"insertions":0,"deletions":6}}},{"hash":"0791448923212de982595dcf1ea7d850cfcb0710","isMergeCommit":false,"messageTitle":"fixed the addcommandtest","messageBody":"entry now implements comparable\n\nadded a sort function\n\nadding a category now automatically sorts the entrylist\n\ntag now allows for alphanumeric characters\n","fileTypesAndContributionMap":{"functional-code":{"insertions":5,"deletions":1},"test-code":{"insertions":0,"deletions":3}}},{"hash":"d2486697fe0c5f710d6bb257e93188a4d967f630","isMergeCommit":false,"messageTitle":"fixed some failing tests","messageBody":"","fileTypesAndContributionMap":{"test-code":{"insertions":0,"deletions":24}}},{"hash":"df579cba8e097263cfc9af553637a222a6b14c35","isMergeCommit":false,"messageTitle":"Updated Developer guide with implementation details","messageBody":"","fileTypesAndContributionMap":{"docs":{"insertions":21,"deletions":1}}},{"hash":"9e314192148d1ea49b455924d50492ff99e4c4c7","isMergeCommit":false,"messageTitle":"deleted unnecessary functions in addcommandtest","messageBody":"tag can be alphanumeric\n\nsorted categories\n","fileTypesAndContributionMap":{"test-code":{"insertions":0,"deletions":132}}},{"hash":"2e38f2669800a20341a90d2a5d456659bbf7808d","isMergeCommit":true,"messageTitle":"Merge branch \u0027master\u0027 into Developer_guide_update","messageBody":"","fileTypesAndContributionMap":{}}]},{"date":"2024-03-26","commitResults":[{"hash":"4ce7c11ae0c7b7b5fe5cdf931d1dd646923be4ac","isMergeCommit":false,"messageTitle":"Added batch processing to addCategory","messageBody":"","fileTypesAndContributionMap":{"functional-code":{"insertions":49,"deletions":31}}},{"hash":"22f6cea2f8c2561ae3443a40922a77f955c91758","isMergeCommit":false,"messageTitle":"Added batch processing to addCategory","messageBody":"","fileTypesAndContributionMap":{"functional-code":{"insertions":11,"deletions":4},"test-code":{"insertions":0,"deletions":8}}},{"hash":"3624761c5b87525639a32795be53d17b96569ded","isMergeCommit":true,"messageTitle":"Merge branch \u0027master\u0027 into batch_processingg","messageBody":"","fileTypesAndContributionMap":{}},{"hash":"0515bc14140a9564c3667d7d34873bfbadb100c9","isMergeCommit":true,"messageTitle":"Merge branch \u0027master\u0027 into batch_processingg","messageBody":"","fileTypesAndContributionMap":{}},{"hash":"09208071b8e6b0f8b6e3a410da9ee729c7326c47","isMergeCommit":false,"messageTitle":"Added puml giagram + updated dg deleted cedric.md","messageBody":"updated postmortem\n","fileTypesAndContributionMap":{"docs":{"insertions":95,"deletions":21}}}]},{"date":"2024-03-29","commitResults":[{"hash":"be8bba4b875f6da57a835e0a41ba078a3770d0de","isMergeCommit":false,"messageTitle":"fixed bug related to duplicate categories","messageBody":"","fileTypesAndContributionMap":{"functional-code":{"insertions":15,"deletions":8}}},{"hash":"cd34b9bf37d1c3e18b776f833e1d0239fdd6dd3f","isMergeCommit":false,"messageTitle":"fixed bug related to duplicate categories","messageBody":"","fileTypesAndContributionMap":{"docs":{"insertions":1,"deletions":3}}}]},{"date":"2024-03-31","commitResults":[{"hash":"ee3ac069de3a1eda126850904725e6ab48f64a42","isMergeCommit":false,"messageTitle":"added some tests","messageBody":"","fileTypesAndContributionMap":{"test-code":{"insertions":407,"deletions":0}}},{"hash":"c79dad34ec2091719a77d28c5f2a65d9a9f0cd66","isMergeCommit":true,"messageTitle":"Merge branch \u0027master\u0027 into duplicate_fix","messageBody":"","fileTypesAndContributionMap":{}},{"hash":"acb51399fb7e397a90a3ff91bcced0bb470f9026","isMergeCommit":true,"messageTitle":"Merge pull request #102 from Cedricaca/duplicate_fix","messageBody":"Duplicate fix","fileTypesAndContributionMap":{}}]},{"date":"2024-04-01","commitResults":[{"hash":"e17ba58771ba0b35b40713408456022a37b0a8a4","isMergeCommit":false,"messageTitle":"griyo","messageBody":"","fileTypesAndContributionMap":{"functional-code":{"insertions":128,"deletions":2}}},{"hash":"aeb24b2bae762f9133464c0176ff19a20a1d4632","isMergeCommit":true,"messageTitle":"Merge branch \u0027master\u0027 into group2","messageBody":"","fileTypesAndContributionMap":{}},{"hash":"c272bf670f611dd2e9f79aefc3c3ef2d1b967b74","isMergeCommit":false,"messageTitle":"griyo","messageBody":"","fileTypesAndContributionMap":{"test-code":{"insertions":2,"deletions":0}}}]},{"date":"2024-04-03","commitResults":[{"hash":"76094fb711565a820a6dd7ee91a0129301725a67","isMergeCommit":true,"messageTitle":"Merge pull request #124 from HongRay/branch-fix-group","messageBody":"Branch fix group","fileTypesAndContributionMap":{}},{"hash":"7dbb238e812b90b60106470ff669b302d753c17d","isMergeCommit":false,"messageTitle":"remove index","messageBody":"","fileTypesAndContributionMap":{"functional-code":{"insertions":3,"deletions":2}}},{"hash":"f9c83ffe37045adac237937c698bfbc62a2012d3","isMergeCommit":true,"messageTitle":"Merge pull request #125 from Cedricaca/No_index","messageBody":"remove index","fileTypesAndContributionMap":{}}]},{"date":"2024-04-04","commitResults":[{"hash":"aa36fe21e33bdc697be750aa9df9874aafa71682","isMergeCommit":false,"messageTitle":"added links back to UG","messageBody":"","fileTypesAndContributionMap":{"docs":{"insertions":35,"deletions":1}}},{"hash":"1816ea76a3285ef2669e652336e40cf9884289c8","isMergeCommit":true,"messageTitle":"Merge pull request #130 from Cedricaca/bugfix","messageBody":"added links back to UG","fileTypesAndContributionMap":{}},{"hash":"ff5005d27ace1ae0664506a4d358f637b9cd6b1e","isMergeCommit":false,"messageTitle":"added links back to UG","messageBody":"","fileTypesAndContributionMap":{"docs":{"insertions":38,"deletions":13}}},{"hash":"e6b6edf16e9f9a8ead5c6276c1778b69e40b647a","isMergeCommit":true,"messageTitle":"Merge pull request #132 from Cedricaca/ug","messageBody":"added links back to UG","fileTypesAndContributionMap":{}},{"hash":"079bf2f8cc67771c598f1597a75d700b1c4c4d41","isMergeCommit":false,"messageTitle":"changed addCommandParser to not allow duplicate categories when case sensitive","messageBody":"","fileTypesAndContributionMap":{"functional-code":{"insertions":9,"deletions":1}}},{"hash":"540e15c8f98b99d3d82880033d3d0a667a3068c9","isMergeCommit":true,"messageTitle":"Merge pull request #140 from HongRay/branch-UG","messageBody":"Edited UG","fileTypesAndContributionMap":{}},{"hash":"eb526953457f07a30056493af09c3fd7384cbb60","isMergeCommit":false,"messageTitle":"added group to ug","messageBody":"","fileTypesAndContributionMap":{"docs":{"insertions":20,"deletions":3}}},{"hash":"89a1f20727d065dafeb54c8914dbfb8328404098","isMergeCommit":false,"messageTitle":"added group to ug","messageBody":"","fileTypesAndContributionMap":{"docs":{"insertions":14,"deletions":4}}},{"hash":"ce36fb51a798f678b9d72940486f49298b50ee02","isMergeCommit":false,"messageTitle":"added group to ug","messageBody":"","fileTypesAndContributionMap":{"docs":{"insertions":0,"deletions":6}}},{"hash":"909e29dc51932a832cb01f3ac771a40cbeba1ec6","isMergeCommit":true,"messageTitle":"Merge pull request #141 from Cedricaca/ug","messageBody":"Ug","fileTypesAndContributionMap":{}},{"hash":"1e52344af27bdf88948db4f2e89ad148a8e213cf","isMergeCommit":false,"messageTitle":"added group to ug","messageBody":"","fileTypesAndContributionMap":{"docs":{"insertions":2,"deletions":2}}},{"hash":"0c7285029f4de22eb305fa3de1f4605a00ba6276","isMergeCommit":true,"messageTitle":"Merge pull request #143 from Cedricaca/ug-fix","messageBody":"added group to ug","fileTypesAndContributionMap":{}},{"hash":"3dbb9bbb0286c8503afc638e5e3b3d1fe6e734fa","isMergeCommit":false,"messageTitle":"added group to ug","messageBody":"","fileTypesAndContributionMap":{"docs":{"insertions":1,"deletions":1}}},{"hash":"e1ef0ea63be9f4b3494084110b78f8bc99706f5b","isMergeCommit":true,"messageTitle":"Merge pull request #144 from Cedricaca/ug-fix","messageBody":"added group to ug","fileTypesAndContributionMap":{}},{"hash":"92d074b01b586a6335a28bd0eee0857001f2efd7","isMergeCommit":false,"messageTitle":"added group to ug","messageBody":"","fileTypesAndContributionMap":{"docs":{"insertions":7,"deletions":9}}},{"hash":"5d66a9b659ca6aa94867dc73f55cc526ac89a6fe","isMergeCommit":false,"messageTitle":"added group to ug","messageBody":"","fileTypesAndContributionMap":{"docs":{"insertions":1,"deletions":0}}},{"hash":"221754aacbcfe783a64df0150fe83d2bdcbabc57","isMergeCommit":true,"messageTitle":"Merge pull request #145 from Cedricaca/ug-fix","messageBody":"Ug fix","fileTypesAndContributionMap":{}},{"hash":"093e487272d688a034cd6f9b5e869dad2198eec8","isMergeCommit":false,"messageTitle":"added group to ug","messageBody":"","fileTypesAndContributionMap":{"docs":{"insertions":1,"deletions":0}}},{"hash":"b77609e935a8e6e05616678ba68d27d1685ec538","isMergeCommit":true,"messageTitle":"Merge pull request #146 from Cedricaca/ug-fix","messageBody":"added group to ug","tags":["v1.3"],"fileTypesAndContributionMap":{}}]}],"Xuyan0518":[{"date":"2024-03-05","commitResults":[{"hash":"4706acec585f0c2ef225a373b892e396e850de0e","isMergeCommit":false,"messageTitle":"Add Xuyan.md","messageBody":"Xuyan.md contains some info about me.\n","fileTypesAndContributionMap":{"docs":{"insertions":1,"deletions":0}}},{"hash":"8e3b91ad6cbe7f841088d84c96834db3aff20f96","isMergeCommit":false,"messageTitle":"Add Xuyan.md","messageBody":"Xuyan.md contains some info about me.\n","fileTypesAndContributionMap":{"docs":{"insertions":1,"deletions":1}}},{"hash":"431230b78209461b1ff05e5c9f0f930f60b88fc6","isMergeCommit":false,"messageTitle":"Add Xuyan.md","messageBody":"Xuyan.md contains some info about me.\n","fileTypesAndContributionMap":{"docs":{"insertions":1,"deletions":1}}}]},{"date":"2024-03-06","commitResults":[{"hash":"58d60b64ee185e7db5a46bea225f5cb9e43b1653","isMergeCommit":false,"messageTitle":"Update User Stories and Glossary sections in DG","messageBody":"Add in user stories and more details in the glossary section of the DeveloperGuide.md.\n","fileTypesAndContributionMap":{"docs":{"insertions":22,"deletions":8}}}]},{"date":"2024-03-18","commitResults":[{"hash":"bfd1aaa8b263eab41dcf629b274878071a8554c2","isMergeCommit":false,"messageTitle":"Update AddCommand to add new person","messageBody":"The addCommand now adds a person based on the person\u0027s name and tags.\n","fileTypesAndContributionMap":{"functional-code":{"insertions":18,"deletions":27}}},{"hash":"89c9605efadfad230307aa88e2c7d1eb8f2301a1","isMergeCommit":true,"messageTitle":"Merge branch \u0027master\u0027 into branch-addCommand","messageBody":"# Conflicts:\n#\tsrc/main/java/seedu/address/logic/Messages.java\n#\tsrc/main/java/seedu/address/model/person/Person.java\n","fileTypesAndContributionMap":{}},{"hash":"7e854eff4600ea262479d23c4f1a588746011cdd","isMergeCommit":false,"messageTitle":"Update AddCommand to add new person","messageBody":"The addCommand now adds a person based on the person\u0027s name and tags.\n","fileTypesAndContributionMap":{"functional-code":{"insertions":4,"deletions":7}}},{"hash":"61a9df8355a939c0edd65b5e746d8659f79f5bc5","isMergeCommit":false,"messageTitle":"Remove unused imports in the addCommand class","messageBody":"To pass the check style test.\n","fileTypesAndContributionMap":{"functional-code":{"insertions":0,"deletions":3}}}]},{"date":"2024-03-21","commitResults":[{"hash":"ce2cb2acdbbc74e864aa006ddbe9daeffc53c2f1","isMergeCommit":false,"messageTitle":"Add Sequence Diagram for AddCommand and update User Guide for AddCommand","messageBody":"The sequence diagram helps to understand how addCommand works and the user guide also helps to guide users on how to use addCommand\n","fileTypesAndContributionMap":{"docs":{"insertions":73,"deletions":3}}},{"hash":"6e0d5645af4874479d56d5eaaa957a00c4e413fd","isMergeCommit":false,"messageTitle":"Add Sequence Diagram for AddCommand and update User Guide for AddCommand","messageBody":"The sequence diagram helps to understand how addCommand works and the user guide also helps to guide users on how to use addCommand\n","fileTypesAndContributionMap":{"docs":{"insertions":1,"deletions":1}}}]},{"date":"2024-03-22","commitResults":[{"hash":"21b9d04cdce55e02932c7db8eafe3f188aebe794","isMergeCommit":false,"messageTitle":"Update addCommand feature to include adding category and description for new person added.","messageBody":"New user now can be added to the address book together with his/her specific category and description.\n","fileTypesAndContributionMap":{"functional-code":{"insertions":57,"deletions":12}}}]},{"date":"2024-03-23","commitResults":[{"hash":"6fc2cbb73ae886c8a3552175b9362e9a62ae7fed","isMergeCommit":false,"messageTitle":"Update addCommand feature to include adding category and description for new person added.","messageBody":"New user now can be added to the address book together with his/her specific category and description.\n","fileTypesAndContributionMap":{"functional-code":{"insertions":10,"deletions":5}}}]},{"date":"2024-03-25","commitResults":[{"hash":"e3952b4c09dfaa2af10ca6b80c2587ddef01bd64","isMergeCommit":false,"messageTitle":"Add a vbox on the right side of the main window","messageBody":"It aligns with our UI design.\n","fileTypesAndContributionMap":{"functional-code":{"insertions":54,"deletions":47}}},{"hash":"65e2363c6b95878ee97919c69967771445fc0349","isMergeCommit":true,"messageTitle":"Merge branch \u0027master\u0027 into branch_xuyan_v1.3","messageBody":"# Conflicts:\n#\tsrc/main/resources/view/MainWindow.fxml\n#\tsrc/main/resources/view/PersonListPanel.fxml\n#\tsrc/main/resources/view/ResultDisplay.fxml\n","fileTypesAndContributionMap":{}},{"hash":"2f72219903b333963ebbab321cfca4aad81d489e","isMergeCommit":true,"messageTitle":"Merge pull request #83 from Xuyan0518/branch_xuyan_v1.3","messageBody":"Update UI design ","fileTypesAndContributionMap":{}},{"hash":"48df30ad5148f95473c44d513ce2d8be340a3704","isMergeCommit":false,"messageTitle":"Update batch processing for addCommand","messageBody":"Now the addCommand can take in multiple categories and descriptions.\n","fileTypesAndContributionMap":{"functional-code":{"insertions":105,"deletions":80}}},{"hash":"05fec7e861196712b11ed7786ffb175ef363d629","isMergeCommit":false,"messageTitle":"Update batch processing for addCommand","messageBody":"Now the addCommand can take in multiple categories and descriptions.\n\nUpdate checkstyle errors.\n","fileTypesAndContributionMap":{"functional-code":{"insertions":4,"deletions":6}}},{"hash":"5ad7050e3b7cdc0d5afd5db0ceeb1b5bf037c386","isMergeCommit":true,"messageTitle":"Merge pull request #85 from Xuyan0518/branch_xuyan_v1.3","messageBody":"Update addCommand feature to support batch processing","fileTypesAndContributionMap":{}}]},{"date":"2024-03-26","commitResults":[{"hash":"44bf498c29b5a8a7e37dc73ff3c0ab09f1bc5319","isMergeCommit":false,"messageTitle":"Update DG","messageBody":"Include the description of the updated addCommand function.\n","fileTypesAndContributionMap":{"functional-code":{"insertions":7,"deletions":1},"other":{"insertions":4,"deletions":0},"docs":{"insertions":18,"deletions":96}}},{"hash":"d6abae74e5d2a9b70217d5b9011e3f53fd148572","isMergeCommit":true,"messageTitle":"Merge branch \u0027master\u0027 into branch_xuyan_v1.3","messageBody":"# Conflicts:\n#\tdocs/DeveloperGuide.md\n#\tsrc/main/resources/view/MainWindow.fxml\n","fileTypesAndContributionMap":{}},{"hash":"31e44e0c4563ab1b96c978b0e54b74b8687d69d5","isMergeCommit":false,"messageTitle":"Update DG and Postmortem for Xuyan, Hong Ray, Xiaoyang and Chengzhen","messageBody":"Include the description of the updated addCommand function.\n\nPostmortem is our team\u0027s reflection about our previous iteration of product.\n","fileTypesAndContributionMap":{"docs":{"insertions":43,"deletions":19}}},{"hash":"878c6c21f511f1b1d08ce2152711598fd40e8a97","isMergeCommit":false,"messageTitle":"Update checkstyle error","messageBody":"Rectify checkstyle errors so that the project can be merged.\n","fileTypesAndContributionMap":{"docs":{"insertions":3,"deletions":1}}}]},{"date":"2024-03-27","commitResults":[{"hash":"3b96d28dc50e2b652d21938746280053ed9655f6","isMergeCommit":false,"messageTitle":"update path of the logo","messageBody":"To make the logo appear.\n","fileTypesAndContributionMap":{"functional-code":{"insertions":1,"deletions":1}}},{"hash":"1a77f2d62eca99d1860169320980d19862c6cb90","isMergeCommit":true,"messageTitle":"Merge branch \u0027master\u0027 of https://github.com/Xuyan0518/tp","messageBody":"# Conflicts:\n#\tsrc/main/resources/view/MainWindow.fxml\n","fileTypesAndContributionMap":{}}]},{"date":"2024-03-29","commitResults":[{"hash":"06ae4cfa2ca052200ca6e363f72f4b12476b12dd","isMergeCommit":false,"messageTitle":"Update the introduction of the user guide","messageBody":"Add in the welcome message and specified target users.\n","fileTypesAndContributionMap":{"docs":{"insertions":9,"deletions":2}}}]},{"date":"2024-03-30","commitResults":[{"hash":"9ad0c190d98ed2b996b01218fe92fbe35da93222","isMergeCommit":false,"messageTitle":"Update addCommand function to support having \",\" in the category and description fields.","messageBody":"This version of addCommand supports adding batches of categories and descriptions at each time by having multiple \"c/\"s and \"d/\"s. Each \"c/\" will correspond to each \"d/\".\n","fileTypesAndContributionMap":{"functional-code":{"insertions":15,"deletions":40}}}]},{"date":"2024-04-01","commitResults":[{"hash":"141a5e409bbca6e662c1453056d7c7a1371da111","isMergeCommit":false,"messageTitle":"Update assertions and tests for AddCommand and AddCommandParser","messageBody":"To ensure that the code works with minimal bugs.\n","fileTypesAndContributionMap":{"functional-code":{"insertions":34,"deletions":4},"test-code":{"insertions":101,"deletions":31}}},{"hash":"ab30e80bf5b3c9cfe214b5f5f7c70201cc2af636","isMergeCommit":true,"messageTitle":"Merge pull request #109 from Xuyan0518/master","messageBody":"Update assertions and tests for AddCommand and AddCommandParser","fileTypesAndContributionMap":{}},{"hash":"a84388d43bf8783a15480fa11d97cb0283c42ddb","isMergeCommit":false,"messageTitle":"Update ClearCommand and DeleteCommand to allow pop-up warnings","messageBody":"This feature allows users to cancel the action if they accidentally typed in \"delete\" or \"clear\".\n","fileTypesAndContributionMap":{"functional-code":{"insertions":54,"deletions":4},"test-code":{"insertions":26,"deletions":14}}},{"hash":"29658fac7deb1d8bbaf98e4d71517247c5cc1ea0","isMergeCommit":false,"messageTitle":"Update ClearCommand and DeleteCommand to allow pop-up warnings","messageBody":"This feature allows users to cancel the action if they accidentally typed in \"delete\" or \"clear\".\n","fileTypesAndContributionMap":{"functional-code":{"insertions":5,"deletions":11},"test-code":{"insertions":3,"deletions":42}}},{"hash":"f42f4bccdfcc7e7aa9f994caf5b2768f6356ba98","isMergeCommit":true,"messageTitle":"Merge branch \u0027master\u0027 into branch_xuyan_v1.3","messageBody":"","fileTypesAndContributionMap":{}},{"hash":"88d60d96616076ab8e8dd1ba4e2f5c11dd2e4486","isMergeCommit":false,"messageTitle":"Update ClearCommand and DeleteCommand to allow pop-up warnings","messageBody":"This feature allows users to cancel the action if they accidentally typed in \"delete\" or \"clear\".\n","fileTypesAndContributionMap":{"functional-code":{"insertions":1,"deletions":0},"other":{"insertions":0,"deletions":1},"test-code":{"insertions":1,"deletions":25}}}]},{"date":"2024-04-02","commitResults":[{"hash":"87f1ae38a5ba1726b888d7a3368edd2772f82fff","isMergeCommit":true,"messageTitle":"Merge pull request #113 from Xuyan0518/branch_xuyan_v1.3","messageBody":"Update ClearCommand and DeleteCommand to allow pop-up warnings","fileTypesAndContributionMap":{}},{"hash":"5300f7e78099304b4b3e69ae1cb9b16012f42d98","isMergeCommit":false,"messageTitle":"Update GroupCommand and GroupCommandParser to incorporate more checks","messageBody":"To ensure the basic functionality of the groupCommand. Although it still does not work as expected.\n","fileTypesAndContributionMap":{"functional-code":{"insertions":37,"deletions":6},"test-code":{"insertions":34,"deletions":0}}},{"hash":"0c035c4589bfa10abfcd6410e51c57337248b835","isMergeCommit":true,"messageTitle":"Merge pull request #114 from Xuyan0518/branch_xuyan_v1.3","messageBody":"Update GroupCommand and GroupCommandParser to incorporate more checks","fileTypesAndContributionMap":{}},{"hash":"112ebe32254631a146b06e8e4522753a37ef05e8","isMergeCommit":false,"messageTitle":"Update the right panel of the main window","messageBody":"Now it finally has some information on the right panel of the main window.\n","fileTypesAndContributionMap":{"functional-code":{"insertions":37,"deletions":3}}},{"hash":"e800d45fd47382a3a70426c8fe4efa6091ec3d06","isMergeCommit":false,"messageTitle":"Update gridpanes into the right panel","messageBody":"So the group can appear as separate groups.\n","fileTypesAndContributionMap":{"functional-code":{"insertions":53,"deletions":6}}},{"hash":"4ef782c6fe8440e741c877705e3613519beabb8e","isMergeCommit":true,"messageTitle":"Merge pull request #116 from Xuyan0518/branch_xuyan_v1.3","messageBody":"Update the right panel of the main window","fileTypesAndContributionMap":{}}]},{"date":"2024-04-03","commitResults":[{"hash":"206ca57cdb8a4f9e1f39bc077af5b974648d3ca5","isMergeCommit":false,"messageTitle":"Fix bugs for addCommand","messageBody":"Now the addCommand detects duplicate categories entered and detects if the name of the person being added already exists in the address book.\n","fileTypesAndContributionMap":{"functional-code":{"insertions":52,"deletions":7}}},{"hash":"d518a9aa629ba4dbc2e1429ab20d6a2eb9788383","isMergeCommit":true,"messageTitle":"Merge branch \u0027master\u0027 into branch_xuyan_v1.3","messageBody":"","fileTypesAndContributionMap":{}},{"hash":"04aa598b8dc07dfe15946b8f03b92c8396443bee","isMergeCommit":true,"messageTitle":"Merge pull request #118 from Xuyan0518/branch_xuyan_v1.3","messageBody":"Fix bugs for addCommand","fileTypesAndContributionMap":{}},{"hash":"e014c3dfe14f39d6f36195477d9613aa0fb6b667","isMergeCommit":false,"messageTitle":"Update GroupCommandParserTest","messageBody":"To check the basic functions of the GroupCommand and GroupCommandParser.\n","fileTypesAndContributionMap":{"test-code":{"insertions":32,"deletions":0}}},{"hash":"2f8270aa67015bb38d9ef42f8aeb3eba40f1bcb6","isMergeCommit":true,"messageTitle":"Merge pull request #119 from Xuyan0518/branch_xuyan_v1.3","messageBody":"Update GroupCommandParserTest","fileTypesAndContributionMap":{}},{"hash":"d7e9c2cd1f8b8348f6cd3b036d2179249a4f9428","isMergeCommit":true,"messageTitle":"Merge pull request #115 from HongRay/branch-HelpUI","messageBody":"Branch help UI","fileTypesAndContributionMap":{}},{"hash":"eb0b1aba57d2b8cde5c112f0c3617615a0662971","isMergeCommit":false,"messageTitle":"Update addCommand to fix bugs","messageBody":"Now addCommand disallows adding 2 names for one person.\n","fileTypesAndContributionMap":{"functional-code":{"insertions":15,"deletions":4}}},{"hash":"5c76838b92195c8f7e06ff9b0d10aa7885eff48f","isMergeCommit":false,"messageTitle":"Update addCommand to fix bugs","messageBody":"Now addCommand disallows adding 2 names for one person.\n","fileTypesAndContributionMap":{"functional-code":{"insertions":0,"deletions":6}}},{"hash":"0f5433f340b75f05d12f5d6ae7627cb76eca2d58","isMergeCommit":true,"messageTitle":"Merge pull request #120 from Xuyan0518/master","messageBody":"Update addCommand to fix bugs ","fileTypesAndContributionMap":{}},{"hash":"a6e19cb49a402027503e29182406a8675eda554e","isMergeCommit":false,"messageTitle":"Update the UI of the GroupCard","messageBody":"","fileTypesAndContributionMap":{"functional-code":{"insertions":37,"deletions":7}}},{"hash":"d225b562c9b22defb38136fde869f36afd3e35d7","isMergeCommit":true,"messageTitle":"Merge pull request #127 from Xuyan0518/branch_xuyan_v1.3","messageBody":"Update the UI of the GroupCard","fileTypesAndContributionMap":{}}]},{"date":"2024-04-04","commitResults":[{"hash":"1d8df3ce36a75e15e0ada134122e5e9e708ce3e1","isMergeCommit":true,"messageTitle":"Merge pull request #135 from HongRay/branch-UG","messageBody":"Fixed Group command","fileTypesAndContributionMap":{}},{"hash":"46987267abaa6159eca62c15d79d764e1426e1bb","isMergeCommit":false,"messageTitle":"Fix bugs for groupCommand","messageBody":"When the addressbook is empty, an exception will be thrown.\n","fileTypesAndContributionMap":{"functional-code":{"insertions":18,"deletions":8},"docs":{"insertions":3,"deletions":2}}},{"hash":"b2b9985720cb22fb024bf1296e0507a455218fd7","isMergeCommit":true,"messageTitle":"Merge branch \u0027master\u0027 into branch_xuyan_v1.3","messageBody":"","fileTypesAndContributionMap":{}},{"hash":"3ab44fe5b304e3cebbd69b40291a6dde7264753d","isMergeCommit":true,"messageTitle":"Merge pull request #138 from Xuyan0518/branch_xuyan_v1.3","messageBody":"Fix bugs for groupCommand","fileTypesAndContributionMap":{}},{"hash":"fb6b85c70831271e59e0ce6d8d766941b9df72e1","isMergeCommit":true,"messageTitle":"Merge pull request #133 from Cedricaca/ug","messageBody":"changed addCommandParser to not allow duplicate categories when case …","fileTypesAndContributionMap":{}},{"hash":"802b294204a1a77e743b6df78f156b225ba3a262","isMergeCommit":false,"messageTitle":"Update User Guide","messageBody":"Add in more details about all the features of the application.\n","fileTypesAndContributionMap":{"functional-code":{"insertions":1,"deletions":1},"docs":{"insertions":69,"deletions":38}}},{"hash":"202f41203216f076384eae0d7cb0b8f9e3ce4fb7","isMergeCommit":true,"messageTitle":"Merge branch \u0027master\u0027 into branch_xuyan_v1.3","messageBody":"","fileTypesAndContributionMap":{}},{"hash":"83669ca284643b294e31c4a280d0dc5cf6d954a6","isMergeCommit":true,"messageTitle":"Merge pull request #142 from Xuyan0518/branch_xuyan_v1.3","messageBody":"Update User Guide","fileTypesAndContributionMap":{}}]},{"date":"2024-04-10","commitResults":[{"hash":"5f0d6124ed746209abbcb9488998d0ea9cc70087","isMergeCommit":false,"messageTitle":"Bug fixes","messageBody":"- Now the status bar displays \"rainbow_dragon.json\".\n- Correct format for add command on user guide as well as in the help message.\n","fileTypesAndContributionMap":{"functional-code":{"insertions":7,"deletions":8},"docs":{"insertions":1,"deletions":1}}},{"hash":"74f53e885a8f6f572fb24d822f9e2017f36b3b14","isMergeCommit":false,"messageTitle":"Bug fixes","messageBody":"- Now the status bar displays \"rainbow_dragon.json\".\n- Correct format for add command on user guide as well as in the help message.\n","fileTypesAndContributionMap":{"functional-code":{"insertions":1,"deletions":1}}},{"hash":"b6ef268aa661ab70f60308af1631f86db386a403","isMergeCommit":true,"messageTitle":"Merge pull request #208 from Xuyan0518/branch_xuyan_v1.4","messageBody":"Bug fixes","fileTypesAndContributionMap":{}}]}],"NusMinato":[{"date":"2024-03-05","commitResults":[{"hash":"59731184317b43e1dba4ed38d563e3e3f94aa0e2","isMergeCommit":false,"messageTitle":"Add Chengzhen.md","messageBody":"","fileTypesAndContributionMap":{"docs":{"insertions":0,"deletions":0}}},{"hash":"c6e9dce85a8b3662b7ff1615aee4ad230a17dd36","isMergeCommit":true,"messageTitle":"Merge branch \u0027AY2324S2-CS2103T-W13-3:master\u0027 into add-LiChengzhen-info","messageBody":"","fileTypesAndContributionMap":{}},{"hash":"f98dbe670e6d4b3e2ba166b4a88b6e4ba79b7703","isMergeCommit":true,"messageTitle":"Merge pull request #16 from NusMinato/add-LiChengzhen-info","messageBody":"Add Chengzhen.md","fileTypesAndContributionMap":{}}]},{"date":"2024-03-06","commitResults":[{"hash":"5c15299ff46f053d8e3b2daa831d0944742d042f","isMergeCommit":false,"messageTitle":"Update Use cases in DG","messageBody":"","fileTypesAndContributionMap":{"docs":{"insertions":93,"deletions":5}}},{"hash":"465bb74c137760fd2a07ff570447b62d92eb73ea","isMergeCommit":true,"messageTitle":"Merge remote-tracking branch \u0027origin/add-LiChengzhen-info\u0027 into add-LiChengzhen-info","messageBody":"","fileTypesAndContributionMap":{}}]},{"date":"2024-03-08","commitResults":[{"hash":"361ec439b378634ec59b7d01ebeccd47dbd5572c","isMergeCommit":false,"messageTitle":"Updated Product scope in DG","messageBody":"","fileTypesAndContributionMap":{"docs":{"insertions":1,"deletions":0}}},{"hash":"0027bb98bc69dbf270761f42ad04814acdac7a23","isMergeCommit":false,"messageTitle":"Updated Product scope in DG","messageBody":"","fileTypesAndContributionMap":{"docs":{"insertions":1,"deletions":1}}},{"hash":"b7a4e1f967e8b5b826c683473a85054d7f88d1e4","isMergeCommit":true,"messageTitle":"Merge pull request #34 from NusMinato/master","messageBody":"Updated Product scope in DG","fileTypesAndContributionMap":{}}]},{"date":"2024-03-15","commitResults":[{"hash":"ae93768712dfdbf39579e648362de8b0c889ffa4","isMergeCommit":true,"messageTitle":"Merge branch \u0027master\u0027 into commit","messageBody":"","fileTypesAndContributionMap":{}},{"hash":"f65a0ddd86ce42072f0f329630bae6c959d0b702","isMergeCommit":true,"messageTitle":"Merge pull request #48 from Cedricaca/commit","messageBody":"Fix bug related to empty fields in addCategory, fixed Storage","fileTypesAndContributionMap":{}}]},{"date":"2024-03-17","commitResults":[{"hash":"6ec3aca038b1a8057204b44d381682d8499ae906","isMergeCommit":false,"messageTitle":"Added a new command \"deleteCategory\", allowing the user to delete a category of recorded person. Example:deleteCategory 1 c/Email","messageBody":"","fileTypesAndContributionMap":{"functional-code":{"insertions":125,"deletions":10}}},{"hash":"44981c14d094638fd939cc0d466bbf28c76b68bc","isMergeCommit":false,"messageTitle":"Fixed checkStyle","messageBody":"","fileTypesAndContributionMap":{"functional-code":{"insertions":37,"deletions":15}}},{"hash":"231b784e7058cd42c1d91795805c24661b8fcf80","isMergeCommit":false,"messageTitle":"Fixed checkStyle","messageBody":"","fileTypesAndContributionMap":{"functional-code":{"insertions":3,"deletions":2}}},{"hash":"faabc4a1de2dc3220304ed0c5a6989cf8cea0dfa","isMergeCommit":false,"messageTitle":"Fixed checkStyle","messageBody":"","fileTypesAndContributionMap":{"functional-code":{"insertions":3,"deletions":3}}},{"hash":"7b9e83cc6076883dc985b4a8f5e3e2f14a4667d3","isMergeCommit":false,"messageTitle":"Fixed checkStyle","messageBody":"","fileTypesAndContributionMap":{"functional-code":{"insertions":4,"deletions":4}}},{"hash":"6e79605a8f8589a1ad350eac9ac58b3578da6d2f","isMergeCommit":false,"messageTitle":"Fixed checkStyle","messageBody":"","fileTypesAndContributionMap":{"functional-code":{"insertions":1,"deletions":1}}}]},{"date":"2024-03-21","commitResults":[{"hash":"261b554b61007488cff9f621622a6fedab9dfff4","isMergeCommit":false,"messageTitle":"Added a diagram \"DeleteCategorySequenceDiagram.puml\" and updated the function of \"deleteCategory\" in UserGuide.","messageBody":"","fileTypesAndContributionMap":{"docs":{"insertions":89,"deletions":4}}},{"hash":"35386c57f5ef013b1a9cb8faf6540a616c6a555a","isMergeCommit":true,"messageTitle":"Merge pull request #70 from NusMinato/v1.2-deleteCategory","messageBody":"Updated UML and UserGuide","fileTypesAndContributionMap":{}}]},{"date":"2024-03-26","commitResults":[{"hash":"3a8cdefe8f88b78a4e2e4f970730034b25dcf23e","isMergeCommit":false,"messageTitle":"Updated DG and Postmortem","messageBody":"","fileTypesAndContributionMap":{"docs":{"insertions":35,"deletions":1}}},{"hash":"9bb68e32e073ee78c47b05d0a047b90ea564521c","isMergeCommit":true,"messageTitle":"Merge branch \u0027master\u0027 into v1.3-batch-processing","messageBody":"","fileTypesAndContributionMap":{}},{"hash":"1fcb9b4d4abc3aea4fbf1f0697ce3f8021c3a4a5","isMergeCommit":true,"messageTitle":"Merge pull request #91 from NusMinato/v1.3-batch-processing","messageBody":"Updated DG and Postmortem","fileTypesAndContributionMap":{}}]},{"date":"2024-03-27","commitResults":[{"hash":"b7d986cca3bf55f1d3510e8c7903efc630185d50","isMergeCommit":false,"messageTitle":"Batch processing of command \"deleteCategory\"","messageBody":"","fileTypesAndContributionMap":{"functional-code":{"insertions":31,"deletions":26},"other":{"insertions":1,"deletions":1}}}]},{"date":"2024-03-28","commitResults":[{"hash":"71d5060b0a739ef42cde9c4c39b508d2bcb9dbfe","isMergeCommit":false,"messageTitle":"Fixed coding style","messageBody":"","fileTypesAndContributionMap":{"docs":{"insertions":19,"deletions":24}}},{"hash":"47b3720edd83d056ff8320f8ae6e1c8e369ac46d","isMergeCommit":false,"messageTitle":"Fixed coding style","messageBody":"","fileTypesAndContributionMap":{"functional-code":{"insertions":2,"deletions":2}}}]},{"date":"2024-03-29","commitResults":[{"hash":"6081326d3d8573f98232d188641f29e1f6232583","isMergeCommit":true,"messageTitle":"Merge pull request #98 from NusMinato/v1.3-batch-processing","messageBody":"Batch processing of command \"deleteCategory\"","fileTypesAndContributionMap":{}}]},{"date":"2024-04-03","commitResults":[{"hash":"02c2eb65be1bd9baef300611963be9afb14a3bfa","isMergeCommit":false,"messageTitle":"Added test cases of deleteCategoryCommand and deleteCategoryCommandParser","messageBody":"","fileTypesAndContributionMap":{"functional-code":{"insertions":9,"deletions":3},"test-code":{"insertions":110,"deletions":4}}},{"hash":"21a5ab11ab796a473e2ce37d7e748335796308a2","isMergeCommit":false,"messageTitle":"Added test cases of deleteCategoryCommand and deleteCategoryCommandParser","messageBody":"","fileTypesAndContributionMap":{"functional-code":{"insertions":7,"deletions":0},"other":{"insertions":2,"deletions":2},"test-code":{"insertions":3,"deletions":4}}},{"hash":"620beb70454de71ad131ab3767bbf550edf35671","isMergeCommit":false,"messageTitle":"Added test cases of deleteCategoryCommand and deleteCategoryCommandParser","messageBody":"","fileTypesAndContributionMap":{"test-code":{"insertions":1,"deletions":0}}},{"hash":"3e03159c8473f690201d22fb62322476f1d3164a","isMergeCommit":false,"messageTitle":"Added test cases of deleteCategoryCommand and deleteCategoryCommandParser","messageBody":"","fileTypesAndContributionMap":{"test-code":{"insertions":2,"deletions":2}}},{"hash":"2ef60b6de6cadbff2350ede7a7e03ea02de35db1","isMergeCommit":true,"messageTitle":"Merge pull request #123 from NusMinato/v1.3-batch-processing","messageBody":"Added test cases of deleteCategoryCommand and deleteCategoryCommandPa…","fileTypesAndContributionMap":{}}]},{"date":"2024-04-04","commitResults":[{"hash":"acc92111f8646de6cb4cc18b009ee6aafced4edf","isMergeCommit":false,"messageTitle":"Redo command","messageBody":"","fileTypesAndContributionMap":{"functional-code":{"insertions":165,"deletions":2}}},{"hash":"7ad9de6824f684e7f6f83f92008996d2eacb5732","isMergeCommit":false,"messageTitle":"coding style","messageBody":"","fileTypesAndContributionMap":{"functional-code":{"insertions":3,"deletions":3}}},{"hash":"66e3ce727ce00c7d6db6efe6e8cf15c0d7e09564","isMergeCommit":true,"messageTitle":"Merge pull request #129 from NusMinato/v1.3-batch-processing","messageBody":"Redo command","fileTypesAndContributionMap":{}},{"hash":"56fb940ade8c8b91c24aa440011d293fea3875f9","isMergeCommit":true,"messageTitle":"Merge pull request #136 from ChenXy128/TouchOnUndoRedo","messageBody":"Fixed undo.","fileTypesAndContributionMap":{}},{"hash":"57a024ec0f20e47fb247b90faf0302c7e1542fc9","isMergeCommit":false,"messageTitle":"Fixed redo","messageBody":"","fileTypesAndContributionMap":{"functional-code":{"insertions":40,"deletions":40}}},{"hash":"3b76a9fa013850638769cd5e9c6ef66a49dfa85c","isMergeCommit":false,"messageTitle":"Check style","messageBody":"","fileTypesAndContributionMap":{"functional-code":{"insertions":2,"deletions":2}}},{"hash":"007a594ebd2096b137786c7535541a696bd7a557","isMergeCommit":true,"messageTitle":"Merge branch \u0027master\u0027 into v1.3-batch-processing","messageBody":"","fileTypesAndContributionMap":{}},{"hash":"9576d1a6b74d9106a26c78e39f1a18fedd3c5651","isMergeCommit":true,"messageTitle":"Merge pull request #137 from NusMinato/v1.3-batch-processing","messageBody":"Fixed redo","fileTypesAndContributionMap":{}}]}]},"authorFileTypeContributionMap":{"ChenXy128":{"docs":103,"functional-code":431,"test-code":118},"HongRay":{"docs":212,"functional-code":536,"test-code":143,"other":3},"Cedricaca":{"docs":175,"functional-code":589,"test-code":265},"Xuyan0518":{"docs":212,"functional-code":380,"test-code":109,"other":4},"NusMinato":{"docs":200,"functional-code":316,"test-code":110,"other":1}},"authorContributionVariance":{"ChenXy128":6973.7095,"HongRay":12032.7295,"Cedricaca":761994.3,"Xuyan0518":6029.306,"NusMinato":2874.164},"authorDisplayNameMap":{"ChenXy128":"CS2103T-W13-3 CHEN..YANG","HongRay":"CS2103T-W13-3 NG H.. RAY","Cedricaca":"CS2103T-W13-3 TAN ..DRIC","Xuyan0518":"CS2103T-W13-3 ZHOU..UYAN","NusMinato":"CS2103T-W13-3 LI C..ZHEN"}}
