{"authorDailyContributionsMap":{"cheahTJ":[{"date":"2024-03-05","commitResults":[{"hash":"6aa8e4b987ee24b281f6b775c458cde82c6c9e7b","isMergeCommit":false,"messageTitle":"Edit READMe and AboutUs md files","messageBody":"","fileTypesAndContributionMap":{"docs":{"insertions":304,"deletions":38}}},{"hash":"b3d896e6a963cfb67ad9a6455474e0f49c5fa482","isMergeCommit":false,"messageTitle":"Fix CI issue","messageBody":"","fileTypesAndContributionMap":{"docs":{"insertions":2,"deletions":2}}}]},{"date":"2024-03-06","commitResults":[{"hash":"1b032295a55797d4f976ec6f69d8ac7ca6c6aa2f","isMergeCommit":false,"messageTitle":"Edit README","messageBody":"","fileTypesAndContributionMap":{"docs":{"insertions":8,"deletions":5}}},{"hash":"173b7df17e870e38ed0e91f86eb761dd6583554a","isMergeCommit":false,"messageTitle":"Create Nusid class to standardise its usage","messageBody":"","fileTypesAndContributionMap":{"functional-code":{"insertions":58,"deletions":0}}},{"hash":"be55639426b66a66398cb451156497c61075652e","isMergeCommit":false,"messageTitle":"Fix CI issue for Nusid class","messageBody":"","fileTypesAndContributionMap":{"functional-code":{"insertions":6,"deletions":2}}},{"hash":"bc93ebfa00c365269e6b8576c5ed6b51328ae651","isMergeCommit":false,"messageTitle":"Rename Nusid class to NusId class","messageBody":"","fileTypesAndContributionMap":{"functional-code":{"insertions":4,"deletions":4}}},{"hash":"5042b0450aac5a92996b7f4221d2973d9db93eb5","isMergeCommit":false,"messageTitle":"Rename NusId.class file","messageBody":"","fileTypesAndContributionMap":{"other":{"insertions":0,"deletions":0}}}]},{"date":"2024-03-07","commitResults":[{"hash":"6db48455016f0c2ab57f350f8ee8333cac44a8ee","isMergeCommit":false,"messageTitle":"Edit README.md file","messageBody":"","fileTypesAndContributionMap":{"docs":{"insertions":9,"deletions":0}}}]},{"date":"2024-03-12","commitResults":[{"hash":"87968ee5b1af4d7a92f77f5839d4683b2d4965c9","isMergeCommit":true,"messageTitle":"Merge pull request #32 from hjuntan/edit-person","messageBody":"Edit person fields","fileTypesAndContributionMap":{}}]},{"date":"2024-03-13","commitResults":[{"hash":"b9183bd6cf4c9361431212299d70d884733d4123","isMergeCommit":false,"messageTitle":"Edit delete feature to delete by NusId instead of index","messageBody":"","fileTypesAndContributionMap":{"functional-code":{"insertions":35,"deletions":13},"test-code":{"insertions":28,"deletions":28}}},{"hash":"d7437a378ef1d94b6bdb4973ac498d0d75aa36b9","isMergeCommit":false,"messageTitle":"Fix checkstyle","messageBody":"","fileTypesAndContributionMap":{"functional-code":{"insertions":7,"deletions":3}}},{"hash":"c62c04973584509efdf846e39ab99a261909a607","isMergeCommit":false,"messageTitle":"Fix more checkstyle","messageBody":"","fileTypesAndContributionMap":{"functional-code":{"insertions":1,"deletions":1}}}]},{"date":"2024-03-16","commitResults":[{"hash":"dae52352463204029c72b56fec2712fb67dc4213","isMergeCommit":true,"messageTitle":"Merge branch \u0027AY2324S2-CS2103T-T15-2:master\u0027 into delete-feature","messageBody":"","fileTypesAndContributionMap":{}},{"hash":"7f43a05e40a155e6e409ddb1029f14f62aeca1e4","isMergeCommit":false,"messageTitle":"Fix DeleteCommandTest.java file","messageBody":"","fileTypesAndContributionMap":{"functional-code":{"insertions":5,"deletions":13},"test-code":{"insertions":6,"deletions":7}}},{"hash":"9efddf4056d00dc3fd65aafd78c5f14454a9a897","isMergeCommit":false,"messageTitle":"Fix commandExecutionError test in LogicManagerTest.java","messageBody":"","fileTypesAndContributionMap":{"test-code":{"insertions":3,"deletions":4}}},{"hash":"e2690a3dcb3cad1c93b8c8f272b02d964d7cd4a2","isMergeCommit":false,"messageTitle":"Fix checkstyle","messageBody":"","fileTypesAndContributionMap":{"test-code":{"insertions":2,"deletions":1}}},{"hash":"d00acc5deeb52e52f86cca2a012c5c6cb395c703","isMergeCommit":true,"messageTitle":"Merge pull request #61 from AY2324S2-CS2103T-T15-2/change-add-command","messageBody":"Change add command","fileTypesAndContributionMap":{}},{"hash":"a51804fca28ed949f5436c74e2a75557df085456","isMergeCommit":true,"messageTitle":"Merge branch \u0027master\u0027 into delete-feature","messageBody":"* master:\n  Add more test cases\n  More checkstyle fix\n  Fix checkstyle\n  Add NusId unique constraint\n  More checkstyle fix\n  Fix checkstyle error\n  Replace dummy NusId with user inputted NusId\n","fileTypesAndContributionMap":{}},{"hash":"b109628a1de6e9a8305e46cdb698ad6ed34d8019","isMergeCommit":false,"messageTitle":"Resolve duplicated parseNusId() method","messageBody":"","fileTypesAndContributionMap":{"functional-code":{"insertions":0,"deletions":15}}},{"hash":"e57a96a83a2275a83a54d7d6bde9eeceb8382e28","isMergeCommit":false,"messageTitle":"Fix test case in DeleteCommandTest.java","messageBody":"","fileTypesAndContributionMap":{"test-code":{"insertions":2,"deletions":2}}}]},{"date":"2024-03-19","commitResults":[{"hash":"565d98e725521f9a8a901e1c59b163e651e53bf3","isMergeCommit":true,"messageTitle":"Merge pull request #64 from Rikko1204/add-schedule","messageBody":"Add schedule command","fileTypesAndContributionMap":{}},{"hash":"a8690974bfe7db10030edd0a4651188865be1472","isMergeCommit":true,"messageTitle":"Merge pull request #69 from AY2324S2-CS2103T-T15-2/sample-addressbook-bug-fix","messageBody":"Fix unique nusid constraint bug","fileTypesAndContributionMap":{}},{"hash":"a54a64eccc93e283ad02d880fcd58fd9ca97ccb2","isMergeCommit":false,"messageTitle":"Change edit command and edit command test","messageBody":"","fileTypesAndContributionMap":{"functional-code":{"insertions":52,"deletions":17},"test-code":{"insertions":111,"deletions":73}}},{"hash":"5d4f0640adabb740276b077bf1a880a0d458c9a4","isMergeCommit":true,"messageTitle":"Merge branch \u0027master\u0027 into edit-feature","messageBody":"* master:\n  Fix sample addressbook uniqueness bug\n","fileTypesAndContributionMap":{}},{"hash":"faf0f0c702eeea35b477e64feb2ed05706c41ae2","isMergeCommit":true,"messageTitle":"Merge pull request #71 from hjuntan/sample-addressbook-bug-fix","messageBody":"Fix issue of loading data from local file","fileTypesAndContributionMap":{}},{"hash":"3f62fe66ce739a8a5bb508dae7fa211fda509136","isMergeCommit":false,"messageTitle":"Fix EditCommandParserTest class","messageBody":"","fileTypesAndContributionMap":{"functional-code":{"insertions":1,"deletions":20},"test-code":{"insertions":13,"deletions":59}}},{"hash":"b300744923b09f58e1526f45f41b8a1e6f501f82","isMergeCommit":false,"messageTitle":"Fix Checkstyle issue","messageBody":"","fileTypesAndContributionMap":{"functional-code":{"insertions":4,"deletions":2}}},{"hash":"c4c4135fb57d975eb0d77a20d86693a3a8e9984a","isMergeCommit":false,"messageTitle":"Fix more checkstyle","messageBody":"","fileTypesAndContributionMap":{"test-code":{"insertions":25,"deletions":7}}}]},{"date":"2024-03-20","commitResults":[{"hash":"8fffb63e009dd0aa4052eb42c0b78a06f0120905","isMergeCommit":true,"messageTitle":"Merge pull request #75 from AY2324S2-CS2103T-T15-2/change-edit-command","messageBody":"Change edit command","fileTypesAndContributionMap":{}}]},{"date":"2024-03-21","commitResults":[{"hash":"cc7205c9e43d47017038c383d04a427280d20335","isMergeCommit":true,"messageTitle":"Merge pull request #81 from RingoftheKing/edit-find-command","messageBody":"Edit find command","fileTypesAndContributionMap":{}},{"hash":"93b1391d661b056aaadbb0f15dd86d6d61a5bac0","isMergeCommit":false,"messageTitle":"Add UML sequence diagrams for Edit, Delete features and UserGuide.md","messageBody":"","fileTypesAndContributionMap":{"docs":{"insertions":155,"deletions":28}}},{"hash":"88fa5a9f077a9f3266495584e18fbc9eb6aaf0c2","isMergeCommit":true,"messageTitle":"Merge branch \u0027master\u0027 into documentation","messageBody":"* master: (52 commits)\n  Change list command to view command\n  Update GroupCommand.java\n  Update GroupCommand.java\n  checkingstyle\n  Update GroupCommand.java\n  Update GroupCommand.java\n  Update GroupCommandTest.java\n  Update GroupCommandTest.java\n  Update GroupCommandParserTest.java\n  Update GroupCommandParserTest.java\n  Update GroupCommandParserTest.java\n  Update GroupCommandParserTest.java\n  Update GroupCommandParserTest.java\n  Update GroupCommandParserTest.java\n  Update GroupCommandParserTest.java\n  Update GroupCommandParserTest.java\n  Update GroupCommandParserTest.java\n  Update CommandParserTestUtil.java\n  Update CommandParserTestUtil.java\n  Update GroupCommandParserTest.java\n  ...\n","fileTypesAndContributionMap":{}},{"hash":"1077b52894d3e8268eeaa042322dd512d297c533","isMergeCommit":true,"messageTitle":"Merge pull request #85 from AY2324S2-CS2103T-T15-2/change-find-command","messageBody":"Change find command","tags":["v1.2"],"fileTypesAndContributionMap":{}},{"hash":"d7f137d6b153f12b4bca9b0bbbc9cb93953d4c8c","isMergeCommit":true,"messageTitle":"Merge pull request #84 from Rikko1204/add-uml","messageBody":"Add UML for schedule command","fileTypesAndContributionMap":{}}]}],"Rikko1204":[{"date":"2024-02-28","commitResults":[{"hash":"9c0f64872538fe837c0ea08b11c2e5d910257d6c","isMergeCommit":true,"messageTitle":"Merge pull request #2 from AY2324S2-CS2103T-T15-2/switch-docs-to-markbind","messageBody":"Switch docs to markbind","fileTypesAndContributionMap":{}},{"hash":"2f9d1510235b6e6a081ac022d3e186c38096ad60","isMergeCommit":false,"messageTitle":"Add MarkBind config","messageBody":"","fileTypesAndContributionMap":{"docs":{"insertions":1,"deletions":1}}},{"hash":"40f51af29c3bc5b49329f4959d7f83db4347c2fc","isMergeCommit":true,"messageTitle":"Merge pull request #3 from Rikko1204/master","messageBody":"Add MarkBind config","fileTypesAndContributionMap":{}}]},{"date":"2024-03-06","commitResults":[{"hash":"d29bb35976aeeccff228a14ebc18ec7edea2334e","isMergeCommit":true,"messageTitle":"Merge pull request #13 from hjuntan/edit-Dev-Guide","messageBody":"Update Non-Functional Requirements in DeveloperGuide.md","fileTypesAndContributionMap":{}},{"hash":"18f87bd8fe98aa8640117e03a1210609c315df62","isMergeCommit":false,"messageTitle":"Update Glossary in DeveloperGuide.md","messageBody":"","fileTypesAndContributionMap":{"docs":{"insertions":5,"deletions":6}}},{"hash":"72e837bfc57da46d8fee8a03f651ac3c7369e6e7","isMergeCommit":true,"messageTitle":"Merge pull request #17 from cheahTJ/delete-feature","messageBody":"Create NusId class","fileTypesAndContributionMap":{}}]},{"date":"2024-03-07","commitResults":[{"hash":"7a95f1351b3141fe8b146b702e0334e986ac2798","isMergeCommit":true,"messageTitle":"Merge pull request #19 from AY2324S2-CS2103T-T15-2/documentation_1.1","messageBody":"Added NUSID class","fileTypesAndContributionMap":{}}]},{"date":"2024-03-12","commitResults":[{"hash":"9e3d152628ee9ea89ed89097b660c8c5af4abd78","isMergeCommit":false,"messageTitle":"Replace dummy NusId with user inputted NusId","messageBody":"","fileTypesAndContributionMap":{"functional-code":{"insertions":26,"deletions":5}}},{"hash":"3bde05d3d086d24c77150f441d084a79f199f236","isMergeCommit":false,"messageTitle":"Fix checkstyle error","messageBody":"","fileTypesAndContributionMap":{"functional-code":{"insertions":4,"deletions":3}}},{"hash":"6448db9592b16800bf420c10398299f3760fb1b0","isMergeCommit":false,"messageTitle":"More checkstyle fix","messageBody":"","fileTypesAndContributionMap":{"functional-code":{"insertions":2,"deletions":2}}},{"hash":"56de76815dcc906c7cd3f12990bf1b3e26b3a1b8","isMergeCommit":false,"messageTitle":"Add NusId unique constraint","messageBody":"","fileTypesAndContributionMap":{"functional-code":{"insertions":4,"deletions":3},"test-code":{"insertions":129,"deletions":71}}},{"hash":"c0db8b89dd844f08ac373d84ae7a6398b7adfce1","isMergeCommit":false,"messageTitle":"Fix checkstyle","messageBody":"","fileTypesAndContributionMap":{"docs":{"insertions":3,"deletions":3},"test-code":{"insertions":12,"deletions":10}}},{"hash":"bde660265c61e1bb2893067a74e05a6d2764c306","isMergeCommit":false,"messageTitle":"More checkstyle fix","messageBody":"","fileTypesAndContributionMap":{"test-code":{"insertions":39,"deletions":3}}}]},{"date":"2024-03-13","commitResults":[{"hash":"d5dbdf9c93b68ca8ffb511fdae7963b212c0367f","isMergeCommit":false,"messageTitle":"Add more test cases","messageBody":"","fileTypesAndContributionMap":{"test-code":{"insertions":37,"deletions":0}}}]},{"date":"2024-03-16","commitResults":[{"hash":"8b62104eed8162cbc4dee492472f64dd7528655a","isMergeCommit":true,"messageTitle":"Merge pull request #62 from cheahTJ/delete-feature","messageBody":"Fix test cases in DeleteCommandTest.java file","fileTypesAndContributionMap":{}},{"hash":"ac26fe22f0cbf2227643d1ebcea41830436cd536","isMergeCommit":true,"messageTitle":"Merge pull request #63 from AY2324S2-CS2103T-T15-2/delete_feature","messageBody":"Modify delete feature","fileTypesAndContributionMap":{}},{"hash":"8c32db809767687f13c3b8b9fa0b02f460df1649","isMergeCommit":false,"messageTitle":"Functional schedule command","messageBody":"","fileTypesAndContributionMap":{"functional-code":{"insertions":358,"deletions":13},"test-code":{"insertions":26,"deletions":11}}}]},{"date":"2024-03-17","commitResults":[{"hash":"8465fecd24a0c63b0b787d807f52bea1ecc50dd7","isMergeCommit":false,"messageTitle":"Add and update existing test cases","messageBody":"","fileTypesAndContributionMap":{"functional-code":{"insertions":32,"deletions":17},"test-code":{"insertions":290,"deletions":15}}}]},{"date":"2024-03-18","commitResults":[{"hash":"ec03a7edadc4e561ec53270b3b0cc56abbbebd9a","isMergeCommit":true,"messageTitle":"Fix merge conflicts","messageBody":"","fileTypesAndContributionMap":{}}]},{"date":"2024-03-20","commitResults":[{"hash":"5171d363669b88e55e22db33e312de2e183e66d3","isMergeCommit":true,"messageTitle":"Merge pull request #79 from AY2324S2-CS2103T-T15-2/add-view-command","messageBody":"Add view command","fileTypesAndContributionMap":{}}]},{"date":"2024-03-21","commitResults":[{"hash":"49c34d1ff56ca674c95174fee9019f639f0faece","isMergeCommit":true,"messageTitle":"Merge pull request #82 from cheahTJ/documentation","messageBody":"Add UML sequence diagrams for Delete, Edit feature","fileTypesAndContributionMap":{}},{"hash":"6c61a73226fafd2ca1aa2f332411f447a6fccb5c","isMergeCommit":true,"messageTitle":"Merge pull request #83 from AY2324S2-CS2103T-T15-2/documentation_1.2","messageBody":"Documentation 1.2","fileTypesAndContributionMap":{}},{"hash":"d65a8b0967a41bcdb98a7e25f3a39bf853a22b2c","isMergeCommit":false,"messageTitle":"add UML diagram for schedule command","messageBody":"","fileTypesAndContributionMap":{"docs":{"insertions":88,"deletions":0}}},{"hash":"31c8bf82f8531b59bbea09342d4e21580259963a","isMergeCommit":true,"messageTitle":"Merge pull request #87 from hjuntan/uml-change","messageBody":"Update person uml class diagram","fileTypesAndContributionMap":{}}]}],"RingoftheKing":[{"date":"2024-03-04","commitResults":[{"hash":"55c3ceb840b378f9e719ec8e18f2fa7f475abd41","isMergeCommit":false,"messageTitle":"Update User Stories in DeveloperGuide.md","messageBody":"","fileTypesAndContributionMap":{"docs":{"insertions":21,"deletions":9}}}]},{"date":"2024-03-10","commitResults":[{"hash":"d2fe3bd428982db7d12f473759a40db79285204a","isMergeCommit":false,"messageTitle":"Edit Find feature of UserGuide.md","messageBody":"","fileTypesAndContributionMap":{"docs":{"insertions":9,"deletions":8}}},{"hash":"038b40eab8d05158722192c6bf42156158241fe2","isMergeCommit":true,"messageTitle":"Merge pull request #1 from RingoftheKing/edit-find-in-user-guide","messageBody":"Edit Find feature of UserGuide.md","fileTypesAndContributionMap":{}}]},{"date":"2024-03-11","commitResults":[{"hash":"5e8200d60daf22ef4cacfcc73aacdd86540d34e5","isMergeCommit":true,"messageTitle":"Merge branch \u0027AY2324S2-CS2103T-T15-2:master\u0027 into master","messageBody":"","fileTypesAndContributionMap":{}},{"hash":"fba56d31b7e1c3488b067d4dc47990bce7dd29d7","isMergeCommit":false,"messageTitle":"Add required Predicates for FindCommand","messageBody":"FindCommand now requires up to 5 predicates\nto be matched. Added the skeleton of these and\nedit FindCommand to include these predicates\n\nLet\u0027s add correct logic to the test function\nof these skeletons.\n","fileTypesAndContributionMap":{"functional-code":{"insertions":113,"deletions":0}}},{"hash":"8eec29e9c53204d95a29d4275b457ec45edf7b0e","isMergeCommit":true,"messageTitle":"Merge pull request #2 from RingoftheKing/edit-find-command","messageBody":"Add required Predicates for FindCommand","fileTypesAndContributionMap":{}}]},{"date":"2024-03-12","commitResults":[{"hash":"2d5992d1ee026b0581352f7c147a8bae74e7007a","isMergeCommit":false,"messageTitle":"Add JavaDoc to Predicates","messageBody":"Add simple description to each Predicate.\nDescribe what each tests for.\n","fileTypesAndContributionMap":{"functional-code":{"insertions":16,"deletions":2}}},{"hash":"fa64c2a6d09302b498605c90e9ef5cf962a7a8a1","isMergeCommit":true,"messageTitle":"Merge pull request #3 from RingoftheKing/edit-find-command","messageBody":"Add JavaDoc to Predicates","fileTypesAndContributionMap":{}},{"hash":"75f34ae9e326db79140a6c2a18a65d795458a216","isMergeCommit":false,"messageTitle":"Fix import order of Tag Predicate","messageBody":"","fileTypesAndContributionMap":{"functional-code":{"insertions":2,"deletions":1}}},{"hash":"b3b650d7807d405035992abb218a466d62be0651","isMergeCommit":true,"messageTitle":"Merge pull request #4 from RingoftheKing/edit-find-command","messageBody":"Fix import order of Tag Predicate","fileTypesAndContributionMap":{}},{"hash":"8117cb953f50f6a865066a5428677c18f1ba3f00","isMergeCommit":true,"messageTitle":"Merge branch \u0027AY2324S2-CS2103T-T15-2:master\u0027 into master","messageBody":"","fileTypesAndContributionMap":{}}]},{"date":"2024-03-15","commitResults":[{"hash":"a4136b43811d5a9fe8e7aa8cbf8d2faddf14e151","isMergeCommit":true,"messageTitle":"Merge remote-tracking branch \u0027origin/edit-find-command\u0027 into edit-find-command","messageBody":"","fileTypesAndContributionMap":{}},{"hash":"3380e06568b05684ef515add26c53b1ed31918e0","isMergeCommit":false,"messageTitle":"Change signature of FindCommandParser","messageBody":"Change to match the 5 optional tags needed.\n","fileTypesAndContributionMap":{"functional-code":{"insertions":62,"deletions":24},"other":{"insertions":6,"deletions":1}}}]},{"date":"2024-03-17","commitResults":[{"hash":"4a954fdf8e89e736f1c40f9a7b2c224fc1147be8","isMergeCommit":false,"messageTitle":"Implement GroupMatchesPredicate and testcases","messageBody":"Add required test method to\nGroupMatchesPredicate.\n\nAdd Unit Tests for GroupMatchesPredicate\ntest different relationships.\n(e.g Many to One, One to One)\n","fileTypesAndContributionMap":{"functional-code":{"insertions":28,"deletions":1},"test-code":{"insertions":31,"deletions":0}}},{"hash":"a4f1447e8223dc6e7d5ba6e6faeaf46eab826254","isMergeCommit":false,"messageTitle":"Implement Email and Edit Predicates","messageBody":"Add required test method to\nEmailMatchesPredicate.\n\nAdd testcases in EmailMatchesPredicateTest.\nThese test partial, full matches\nand some other irregular inputs\n\nEdit NameContainsKeywordsPredicate\nto skip checks when required to.\n\nDue to the introduction of\noptional parameters in FindCommand,\nan optional symbol is used to \"skip\"\na Predicate check.\n","fileTypesAndContributionMap":{"functional-code":{"insertions":7,"deletions":1},"test-code":{"insertions":42,"deletions":0}}},{"hash":"2cdc865ee19cc27ba47a4e2eb6aca5b761ba3749","isMergeCommit":false,"messageTitle":"Implement TagMatchesPredicate and testcases","messageBody":"","fileTypesAndContributionMap":{"functional-code":{"insertions":8,"deletions":2},"test-code":{"insertions":28,"deletions":0}}},{"hash":"57cffb05ec74792b4a445738a65b05e6de56a087","isMergeCommit":false,"messageTitle":"Implement PhoneMatchesPredicate and testcases","messageBody":"Edit user guide to accurately reflect\nexpected behaviour of the FindCommand.\nThis also reflects how Predicates are\nimplemented.\n","fileTypesAndContributionMap":{"functional-code":{"insertions":14,"deletions":1},"docs":{"insertions":14,"deletions":11},"test-code":{"insertions":30,"deletions":0}}}]},{"date":"2024-03-18","commitResults":[{"hash":"141e8b48b7862b885b09fe5ce8e71b28c658b3f6","isMergeCommit":false,"messageTitle":"Create FindCommandBuilder","messageBody":"For testing FindCommandParser\n","fileTypesAndContributionMap":{"test-code":{"insertions":98,"deletions":16}}},{"hash":"001d6b627e61de618f6a87df0f2d10a3b6677948","isMergeCommit":false,"messageTitle":"Fix Preliminary syntax errors in testcases","messageBody":"Provide a quick-fix to all test classes\nto allow compilation of main program\n\nThe testing is not fully complete\nLets\n* make sure all testcases pass\n* Give all new classes useful toString methods\n","fileTypesAndContributionMap":{"functional-code":{"insertions":17,"deletions":8},"test-code":{"insertions":80,"deletions":14}}}]},{"date":"2024-03-19","commitResults":[{"hash":"6c7216cdadf13d8bdacc9fb8abe0f19da0dee02c","isMergeCommit":false,"messageTitle":"Add toString methods and check testcases","messageBody":"Ensure toString method is correct for\nall predicates\n","fileTypesAndContributionMap":{"functional-code":{"insertions":32,"deletions":1},"test-code":{"insertions":108,"deletions":10}}},{"hash":"93be3f34e8084728d3dcab851d58bbdb78e0b3be","isMergeCommit":false,"messageTitle":"Create preliminary working find command","messageBody":"Basic functionalities established\nMore testing is needed for\n* FindCommandParser\n* AddressBookParser\n","fileTypesAndContributionMap":{"functional-code":{"insertions":16,"deletions":2}}},{"hash":"0edbdde8f9faa72acbecbe7c2950eb966f5b48cb","isMergeCommit":true,"messageTitle":"Merge pull request #66 from AY2324S2-CS2103T-T15-2/add-schedule-command","messageBody":"","fileTypesAndContributionMap":{}}]},{"date":"2024-03-20","commitResults":[{"hash":"72450ce8afe1fe5ec36ccbc7ed28d847926a37b3","isMergeCommit":false,"messageTitle":"Check all provided testcases","messageBody":"Ensure that all prior testcases passes.\n\nLet\u0027s add more testcases to detect\nmore minute variations to FindCommand\n","fileTypesAndContributionMap":{"functional-code":{"insertions":48,"deletions":15},"test-code":{"insertions":7,"deletions":8}}},{"hash":"befd70f43e4615de73b46851291fc81703078925","isMergeCommit":true,"messageTitle":"Merge pull request #74 from AY2324S2-CS2103T-T15-2/add-group-command","messageBody":"","fileTypesAndContributionMap":{}}]},{"date":"2024-03-21","commitResults":[{"hash":"3be3faae457b94aaf1a9937b098febb1224f940f","isMergeCommit":false,"messageTitle":"Fix Checkstyle errors","messageBody":"","fileTypesAndContributionMap":{"functional-code":{"insertions":13,"deletions":12},"test-code":{"insertions":66,"deletions":19}}},{"hash":"30784aef9f6596564799d75f8b0cc42821cab18b","isMergeCommit":true,"messageTitle":"Merge pull request #80 from AY2324S2-CS2103T-T15-2/master","messageBody":"Update find command branch","fileTypesAndContributionMap":{}},{"hash":"72675e80f66a8e99ab4a5c6e83bfc0720a9865d6","isMergeCommit":true,"messageTitle":"Fix Checkstyle errors","messageBody":"","fileTypesAndContributionMap":{}},{"hash":"3e94a195cf7a1a6e55f7d657d3f72d3a5afff74e","isMergeCommit":true,"messageTitle":"Merge remote-tracking branch \u0027origin/master\u0027","messageBody":"","fileTypesAndContributionMap":{}}]},{"date":"2024-03-22","commitResults":[{"hash":"f9c972fbe3fac2cbcc2e752983cb658ef7fd5c62","isMergeCommit":false,"messageTitle":"Create FindCommand sequence diagram","messageBody":"","fileTypesAndContributionMap":{"docs":{"insertions":107,"deletions":0}}},{"hash":"0b3ce793aee944f8149a7048dc3e7b2b71bbedbf","isMergeCommit":false,"messageTitle":"Fix CheckStyle errors","messageBody":"","fileTypesAndContributionMap":{"docs":{"insertions":1,"deletions":2}}}]}],"Ragnapop":[{"date":"2024-03-04","commitResults":[{"hash":"3e48f01e00da32e22c95310d2dc3fc53e449fe64","isMergeCommit":false,"messageTitle":"Update DeveloperGuide.md","messageBody":"","fileTypesAndContributionMap":{"docs":{"insertions":162,"deletions":10}}},{"hash":"3440741dc3e1fe4b6efbadb0157c4075a97c8dbd","isMergeCommit":true,"messageTitle":"Merge branch \u0027AY2324S2-CS2103T-T15-2:master\u0027 into master","messageBody":"","fileTypesAndContributionMap":{}}]},{"date":"2024-03-06","commitResults":[{"hash":"d665df3b29b4eb95d61fdec4d1c69d6d59dcfb36","isMergeCommit":false,"messageTitle":"Update DeveloperGuide.md","messageBody":"","fileTypesAndContributionMap":{"docs":{"insertions":28,"deletions":0}}}]},{"date":"2024-03-07","commitResults":[{"hash":"07843c84f88c4e09f58e24c5556d5cc8c7258c08","isMergeCommit":true,"messageTitle":"Merge branch \u0027master\u0027 into edit-Dev-Guide","messageBody":"","fileTypesAndContributionMap":{}},{"hash":"e7c5e4c792eb671ebb5ef0f7b4e267a6a502fd25","isMergeCommit":true,"messageTitle":"Merge pull request #1 from Ragnapop/edit-Dev-Guide","messageBody":"Edit dev guide","fileTypesAndContributionMap":{}},{"hash":"e5cece402a2ce2534b5d7dfd73368021db38eac1","isMergeCommit":true,"messageTitle":"Merge branch \u0027AY2324S2-CS2103T-T15-2:master\u0027 into master","messageBody":"","fileTypesAndContributionMap":{}}]},{"date":"2024-03-11","commitResults":[{"hash":"801c7bc191027a66268834a2bf7ae30d2d5f7813","isMergeCommit":true,"messageTitle":"Merge branch \u0027AY2324S2-CS2103T-T15-2:master\u0027 into master","messageBody":"","fileTypesAndContributionMap":{}}]},{"date":"2024-03-12","commitResults":[{"hash":"3fea3604c454dd8dab70631b45a521c4ce15aacf","isMergeCommit":true,"messageTitle":"Merge branch \u0027AY2324S2-CS2103T-T15-2:master\u0027 into master","messageBody":"","fileTypesAndContributionMap":{}}]},{"date":"2024-03-13","commitResults":[{"hash":"dfc09ff2e39fa328e41d4157d4bbeb8f68fb0c9e","isMergeCommit":false,"messageTitle":"Added group command functionality","messageBody":"added a command that allows users to assign groups to individuals so they are more easily identifiable\n","fileTypesAndContributionMap":{"functional-code":{"insertions":281,"deletions":9}}},{"hash":"86ca8adc20195b0905351663d3faaaae103b6158","isMergeCommit":false,"messageTitle":"Minor changes to groupcommand logic","messageBody":"","fileTypesAndContributionMap":{"functional-code":{"insertions":4,"deletions":3}}},{"hash":"73f2bbf325d2bee6cbf90a130c13095142ca8336","isMergeCommit":false,"messageTitle":"minor changes","messageBody":"","fileTypesAndContributionMap":{"functional-code":{"insertions":1,"deletions":24},"test-code":{"insertions":27,"deletions":0}}},{"hash":"d7a476a9b27c3a591dcac28d18df2ec1b8dfc41a","isMergeCommit":false,"messageTitle":"remove testcases temporarily","messageBody":"","fileTypesAndContributionMap":{"test-code":{"insertions":0,"deletions":27}}},{"hash":"1b8d6302f7d33f6ebf6a9ec37aead8c7d939b672","isMergeCommit":false,"messageTitle":"resolve checkstyle errors","messageBody":"","fileTypesAndContributionMap":{"functional-code":{"insertions":59,"deletions":25}}},{"hash":"e96679b45754b109d9ff9d52f19aa6b8be3a7085","isMergeCommit":false,"messageTitle":"resolve checkstyle errors","messageBody":"","fileTypesAndContributionMap":{"functional-code":{"insertions":0,"deletions":1}}},{"hash":"3560647243019024cd854061ad844a4083488d39","isMergeCommit":false,"messageTitle":"resolve checkstyle errors","messageBody":"","fileTypesAndContributionMap":{"functional-code":{"insertions":16,"deletions":12}}},{"hash":"2a4e0434f00e2081dd31b7d9ba37c4b2454b801e","isMergeCommit":false,"messageTitle":"Resolve checkstyle errors","messageBody":"","fileTypesAndContributionMap":{"functional-code":{"insertions":8,"deletions":7}}},{"hash":"432c89fa5618b108a9cb14b84068bf2506339194","isMergeCommit":false,"messageTitle":"resolve checkstyle errors","messageBody":"","fileTypesAndContributionMap":{"functional-code":{"insertions":2,"deletions":2}}}]},{"date":"2024-03-14","commitResults":[{"hash":"6e405d9bd6fa4ae9d172c1007719703d400f103d","isMergeCommit":false,"messageTitle":"added testcase functionality","messageBody":"","fileTypesAndContributionMap":{"functional-code":{"insertions":4,"deletions":1},"test-code":{"insertions":151,"deletions":0}}},{"hash":"78ab8e79a75ce63a349f7779d20b03a39dd6c9bf","isMergeCommit":false,"messageTitle":"validate checkstyle","messageBody":"","fileTypesAndContributionMap":{"test-code":{"insertions":39,"deletions":3}}},{"hash":"d7f98528b6690b364e82f58bf8f2a34277f1098a","isMergeCommit":false,"messageTitle":"validate checkstyle","messageBody":"","fileTypesAndContributionMap":{"test-code":{"insertions":1,"deletions":0}}},{"hash":"15b6093b3cc9e6709f56566ce070e75455f9ed98","isMergeCommit":false,"messageTitle":"Update GroupCommandParserTest.java","messageBody":"","fileTypesAndContributionMap":{"test-code":{"insertions":1,"deletions":0}}},{"hash":"3dc502f3c4ef8f09458f02253bab03def58b9bac","isMergeCommit":false,"messageTitle":"update","messageBody":"","fileTypesAndContributionMap":{"test-code":{"insertions":2,"deletions":0}}},{"hash":"fdb91ab09b3a4d27c191c23a876f0ad9a586b3d0","isMergeCommit":false,"messageTitle":"update","messageBody":"","fileTypesAndContributionMap":{"test-code":{"insertions":2,"deletions":6}}},{"hash":"f615197589fe161a92d07a133e84431081a86438","isMergeCommit":false,"messageTitle":"Update GroupCommand.java","messageBody":"","fileTypesAndContributionMap":{"functional-code":{"insertions":0,"deletions":1}}},{"hash":"b02d6ee6673ed00abba2b4d10d2504e1fa1226de","isMergeCommit":false,"messageTitle":"update","messageBody":"","fileTypesAndContributionMap":{"test-code":{"insertions":29,"deletions":16}}},{"hash":"19a1f8c390d8b4ebe71f82aedeb9533b5e3faf63","isMergeCommit":false,"messageTitle":"resolve checkstyle errors","messageBody":"","fileTypesAndContributionMap":{"test-code":{"insertions":13,"deletions":9}}},{"hash":"cb2044f01cc57c3cc93af18d487684f59c362d77","isMergeCommit":false,"messageTitle":"Update DeveloperGuide.md","messageBody":"","fileTypesAndContributionMap":{"docs":{"insertions":2,"deletions":0}}},{"hash":"b2525d1f82633faa4a7cc9d900c903ba85058b1c","isMergeCommit":false,"messageTitle":"Update DeveloperGuide.md","messageBody":"","fileTypesAndContributionMap":{"docs":{"insertions":1,"deletions":1}}}]},{"date":"2024-03-15","commitResults":[{"hash":"e3294cb4a1b4e79e9669c11467749c3a01cdb470","isMergeCommit":true,"messageTitle":"Merge pull request #54 from cheahTJ/delete-feature","messageBody":"Delete feature implementation","fileTypesAndContributionMap":{}}]},{"date":"2024-03-18","commitResults":[{"hash":"1c41b664c274b3712efb292d5799ce1693ce0550","isMergeCommit":false,"messageTitle":"Update CliSyntax.java","messageBody":"","fileTypesAndContributionMap":{"functional-code":{"insertions":1,"deletions":1}}},{"hash":"641ec111a94e787dce44da65383de254ddf85c88","isMergeCommit":false,"messageTitle":"Update CliSyntax.java","messageBody":"","fileTypesAndContributionMap":{"functional-code":{"insertions":1,"deletions":1}}}]},{"date":"2024-03-19","commitResults":[{"hash":"1d84b103c02a730b318900412ee82537a1664ea8","isMergeCommit":true,"messageTitle":"Merge branch \u0027AY2324S2-CS2103T-T15-2:master\u0027 into master","messageBody":"","fileTypesAndContributionMap":{}},{"hash":"e3cf607bd3e79ae97aafc2b052aeb15c6206075d","isMergeCommit":true,"messageTitle":"Merge pull request #2 from AY2324S2-CS2103T-T15-2/add-group-command","messageBody":"Add group command","fileTypesAndContributionMap":{}},{"hash":"f264e2175f9eb70169e14985fc6c4f81a0c9b74c","isMergeCommit":false,"messageTitle":"Fix merge conflict","messageBody":"","fileTypesAndContributionMap":{"functional-code":{"insertions":2,"deletions":14}}},{"hash":"427ae5cd865094c175d86801f06c0ce9b8245bbc","isMergeCommit":false,"messageTitle":"Update ParserUtil.java","messageBody":"","fileTypesAndContributionMap":{"functional-code":{"insertions":0,"deletions":2}}},{"hash":"039dd99ec84f1b4645cf1f58d2624cffa952aaf9","isMergeCommit":false,"messageTitle":"resolve checkstyle errors","messageBody":"","fileTypesAndContributionMap":{"test-code":{"insertions":4,"deletions":4}}},{"hash":"9fd8b0a5833b88be55701c6e3f30313d76051db7","isMergeCommit":false,"messageTitle":"Update GroupCommandParserTest.java","messageBody":"","fileTypesAndContributionMap":{"test-code":{"insertions":1,"deletions":1}}}]},{"date":"2024-03-20","commitResults":[{"hash":"1e44192ef1ed3baf9b250a8983f1efe7e9ab5102","isMergeCommit":false,"messageTitle":"update testcases","messageBody":"","fileTypesAndContributionMap":{"functional-code":{"insertions":17,"deletions":6},"test-code":{"insertions":52,"deletions":25}}},{"hash":"9b13a9e8e5cfd4588b6434b7bd814ec029b5051e","isMergeCommit":false,"messageTitle":"Update Group.java","messageBody":"","fileTypesAndContributionMap":{"functional-code":{"insertions":2,"deletions":2}}},{"hash":"18969a676a0f9e670047659f90cb64d662ef9151","isMergeCommit":false,"messageTitle":"CHECKSTYLE","messageBody":"","fileTypesAndContributionMap":{"test-code":{"insertions":15,"deletions":6}}},{"hash":"240e09462b8521f8f0a1a14568cd0313c4131ac1","isMergeCommit":false,"messageTitle":"Update GroupCommandTest.java","messageBody":"","fileTypesAndContributionMap":{"test-code":{"insertions":4,"deletions":3}}},{"hash":"553b1c9ca3dee9922915894e7ea2ae7f1320fe17","isMergeCommit":false,"messageTitle":"update  checkstyle","messageBody":"","fileTypesAndContributionMap":{"test-code":{"insertions":3,"deletions":3}}},{"hash":"e42628e71c903be7d68e3efc8aa7f3254854e12a","isMergeCommit":false,"messageTitle":"Update GroupCommandTest.java","messageBody":"","fileTypesAndContributionMap":{"test-code":{"insertions":0,"deletions":1}}},{"hash":"255a309aee15310d03397bb0eb84959cc1b6e3b9","isMergeCommit":false,"messageTitle":"Update GroupCommandParserTest.java","messageBody":"","fileTypesAndContributionMap":{"test-code":{"insertions":1,"deletions":2}}},{"hash":"f542a99d89d826a26052a1da073a96dff6b70941","isMergeCommit":false,"messageTitle":"Update CommandParserTestUtil.java","messageBody":"","fileTypesAndContributionMap":{"test-code":{"insertions":5,"deletions":1}}},{"hash":"138a0484a10899ccdda6d1700d09bfdb25cca15f","isMergeCommit":false,"messageTitle":"Update CommandParserTestUtil.java","messageBody":"","fileTypesAndContributionMap":{"test-code":{"insertions":0,"deletions":1}}},{"hash":"ee068be7736668b8eafff73138f33e85ae4182f6","isMergeCommit":false,"messageTitle":"Update GroupCommandParserTest.java","messageBody":"","fileTypesAndContributionMap":{"test-code":{"insertions":13,"deletions":0}}},{"hash":"b8680b587349659a7a218d0bbc292f6949916034","isMergeCommit":false,"messageTitle":"Update GroupCommandParserTest.java","messageBody":"","fileTypesAndContributionMap":{"test-code":{"insertions":11,"deletions":1}}},{"hash":"2ea30766c827b25c90d3a70e53cd22746717e721","isMergeCommit":false,"messageTitle":"Update GroupCommandParserTest.java","messageBody":"","fileTypesAndContributionMap":{"test-code":{"insertions":1,"deletions":1}}},{"hash":"7e4c4beeca2e21437a6f21ca67ca0d5ca3854583","isMergeCommit":false,"messageTitle":"Update GroupCommandParserTest.java","messageBody":"","fileTypesAndContributionMap":{"test-code":{"insertions":17,"deletions":0}}},{"hash":"2255d6946b79abab0f716757bf444b30569d8d34","isMergeCommit":false,"messageTitle":"Update GroupCommandParserTest.java","messageBody":"","fileTypesAndContributionMap":{"test-code":{"insertions":0,"deletions":1}}},{"hash":"f090e8958630c4671bfd0c6da819bd2e1d9e2483","isMergeCommit":false,"messageTitle":"Update GroupCommandParserTest.java","messageBody":"","fileTypesAndContributionMap":{"test-code":{"insertions":1,"deletions":3}}},{"hash":"8ed7b4d11c0b85609405702e3da5ea039f3eacf9","isMergeCommit":false,"messageTitle":"Update GroupCommandParserTest.java","messageBody":"","fileTypesAndContributionMap":{"test-code":{"insertions":1,"deletions":1}}},{"hash":"5cfe086d8aee0749e442d22bf4e199fb39930a84","isMergeCommit":false,"messageTitle":"Update GroupCommandParserTest.java","messageBody":"","fileTypesAndContributionMap":{"test-code":{"insertions":9,"deletions":0}}},{"hash":"36f8ed206848c4072ece4b65bbfb41f61ebe93d9","isMergeCommit":false,"messageTitle":"Update GroupCommandParserTest.java","messageBody":"","fileTypesAndContributionMap":{"test-code":{"insertions":1,"deletions":1}}},{"hash":"a2ad01a7fbd14c67aa35651c92e73aebdea5da8e","isMergeCommit":false,"messageTitle":"Update GroupCommandTest.java","messageBody":"","fileTypesAndContributionMap":{"test-code":{"insertions":10,"deletions":0}}},{"hash":"bb613f76dcedf69cc7845760d9d9430c7d5bdbf1","isMergeCommit":false,"messageTitle":"Update GroupCommandTest.java","messageBody":"","fileTypesAndContributionMap":{"test-code":{"insertions":2,"deletions":1}}},{"hash":"a4695f2b2808b9ae5ce76f721f4533bdb02d54cc","isMergeCommit":false,"messageTitle":"Update GroupCommand.java","messageBody":"","fileTypesAndContributionMap":{"functional-code":{"insertions":1,"deletions":3}}},{"hash":"1b0424dfdb6e5edfe275c5bf2a0dd8dfef9b5b7b","isMergeCommit":false,"messageTitle":"Update GroupCommand.java","messageBody":"","fileTypesAndContributionMap":{"functional-code":{"insertions":0,"deletions":1}}},{"hash":"7095b7bdb51ebf29847bceaf0c9994b294785fb8","isMergeCommit":false,"messageTitle":"checkingstyle","messageBody":"","fileTypesAndContributionMap":{"functional-code":{"insertions":2,"deletions":3},"test-code":{"insertions":0,"deletions":2}}},{"hash":"6ecfdd40578a7ea0fdb0478ec9400baea4e48f31","isMergeCommit":true,"messageTitle":"Merge branch \u0027AY2324S2-CS2103T-T15-2:master\u0027 into master","messageBody":"","fileTypesAndContributionMap":{}},{"hash":"ab83a72d163c6aba76f63f8ab5d63dcbd1e203bc","isMergeCommit":true,"messageTitle":"Merge branch \u0027add-group-command\u0027 into master","messageBody":"","fileTypesAndContributionMap":{}},{"hash":"f85ed0d58684f3bf1439dfab17286bc318f5d186","isMergeCommit":true,"messageTitle":"Merge pull request #76 from Ragnapop/master","messageBody":"merge to resolve schedule conflict","fileTypesAndContributionMap":{}},{"hash":"34f859fe077e8e6fc4e85725a63a547373941463","isMergeCommit":false,"messageTitle":"Update GroupCommand.java","messageBody":"","fileTypesAndContributionMap":{"functional-code":{"insertions":4,"deletions":9}}},{"hash":"1cde18a75eeec5c2258e3f5236cbd328437f968c","isMergeCommit":false,"messageTitle":"Update GroupCommand.java","messageBody":"","fileTypesAndContributionMap":{"functional-code":{"insertions":10,"deletions":1}}}]},{"date":"2024-03-21","commitResults":[{"hash":"d3eafcb680a74457a790ddbb2c65446dc18499c2","isMergeCommit":false,"messageTitle":"uml diagram updates","messageBody":"","fileTypesAndContributionMap":{"docs":{"insertions":150,"deletions":22}}}]}],"hjuntan":[{"date":"2024-03-05","commitResults":[{"hash":"3468524824ca48effada3aec0c987ba152171707","isMergeCommit":true,"messageTitle":"Merge pull request #11 from RingoftheKing/edit-Dev-Guide","messageBody":"Update User Stories in DeveloperGuide.md","fileTypesAndContributionMap":{}},{"hash":"d9e95a54d7c9c37572a9181cc5c5bd2cadaaaffa","isMergeCommit":false,"messageTitle":"Update Non-Functional Requirements in DeveloperGuide.md","messageBody":"","fileTypesAndContributionMap":{"docs":{"insertions":6,"deletions":2}}}]},{"date":"2024-03-06","commitResults":[{"hash":"5f6c18e9882d345d15ea92f821fd49d92c0fb1b8","isMergeCommit":true,"messageTitle":"Merge pull request #12 from cheahTJ/master","messageBody":"Edit READMe and AboutUs md files","fileTypesAndContributionMap":{}}]},{"date":"2024-03-07","commitResults":[{"hash":"a7f51093098a05846101b378a2412b3220e6807f","isMergeCommit":true,"messageTitle":"Merge pull request #16 from Rikko1204/edit-DG","messageBody":"Update Glossary in DeveloperGuide.md","fileTypesAndContributionMap":{}},{"hash":"196e271d363cea2299c43f697230b9e92c0c2d25","isMergeCommit":true,"messageTitle":"Merge pull request #10 from Ragnapop/edit-Dev-Guide","messageBody":"Update DeveloperGuide.md","fileTypesAndContributionMap":{}},{"hash":"44375cad6b242709e068f7781ca6637e17a99c18","isMergeCommit":true,"messageTitle":"Merge pull request #22 from cheahTJ/documentation","messageBody":"Finetune README","fileTypesAndContributionMap":{}},{"hash":"52c6f2f8039e9cca676814d0ff6ed13349059566","isMergeCommit":true,"messageTitle":"Merge pull request #23 from AY2324S2-CS2103T-T15-2/documentation_1.1","messageBody":"Documentation 1.1","fileTypesAndContributionMap":{}},{"hash":"39085e81b04b1da380b83e0549e8fbdd752bbbe2","isMergeCommit":false,"messageTitle":"Tweak missing criterias","messageBody":"Group images, CI status are updated to the correct format.\nProject scope is updated to fit the tp project.\n","fileTypesAndContributionMap":{"docs":{"insertions":7,"deletions":5}}},{"hash":"a34d65e8fd5b8f90822147e0926e6a0e21534258","isMergeCommit":true,"messageTitle":"Merge pull request #25 from hjuntan/documentation","messageBody":"Documentation","fileTypesAndContributionMap":{}},{"hash":"a71646d2d34723d2343cb794b25c003c8ba0295a","isMergeCommit":true,"messageTitle":"Merge pull request #26 from AY2324S2-CS2103T-T15-2/documentation_1.1","messageBody":"Documentation 1.1","fileTypesAndContributionMap":{}}]},{"date":"2024-03-11","commitResults":[{"hash":"69b799bcde5f1ede5bf0ce10d585f2ebeafa4391","isMergeCommit":false,"messageTitle":"Change tags to groups","messageBody":"Tags are now represented as groups, tutorial groups\nA person can be assigned for multilple groups.\n","fileTypesAndContributionMap":{"functional-code":{"insertions":207,"deletions":207},"test-code":{"insertions":175,"deletions":175}}},{"hash":"456e8e744f68d783858a118761afa48044cbc22e","isMergeCommit":false,"messageTitle":"Add tags and remove address","messageBody":"Tags are the following value: Student, TA, Professor, None.\nTags are case-sensitive. (Top be improved on)\nAble to easily distinguish between the people in the address book.\n\nAddresses are removed as we deemed it as unnecessary information\nfor our target user.\n","fileTypesAndContributionMap":{"functional-code":{"insertions":178,"deletions":136},"test-code":{"insertions":203,"deletions":203}}},{"hash":"e267bf3b3d86cd0de42b98060ea07ac99120058d","isMergeCommit":false,"messageTitle":"Add new field: NUSID","messageBody":"Each person has an NUSID field which is uniquely identifies the person.\n","fileTypesAndContributionMap":{"functional-code":{"insertions":45,"deletions":14},"test-code":{"insertions":46,"deletions":24}}},{"hash":"1dcb59af4e036f80aa2d6a7a60e9ea2474ffa3ef","isMergeCommit":false,"messageTitle":"Fix checkstyle errors","messageBody":"","fileTypesAndContributionMap":{"functional-code":{"insertions":41,"deletions":21}}},{"hash":"f658135cdd2e75039ba69ec9dbcc1aa0c7e6e0ee","isMergeCommit":false,"messageTitle":"More fixes to checkstyle error","messageBody":"","fileTypesAndContributionMap":{"functional-code":{"insertions":8,"deletions":8}}},{"hash":"a54ae5be60faaaa64961890077346e51a76e8882","isMergeCommit":false,"messageTitle":"Fix checkstyle error for test files","messageBody":"","fileTypesAndContributionMap":{"test-code":{"insertions":73,"deletions":62}}},{"hash":"61a6347088c1e9ec43b3bf2a308d19549f84d658","isMergeCommit":false,"messageTitle":"More fixes to checkstyle error for test files","messageBody":"","fileTypesAndContributionMap":{"test-code":{"insertions":20,"deletions":20}}}]},{"date":"2024-03-12","commitResults":[{"hash":"d3ed7cddc1fdf3c4b19b72400b5736f522bc3412","isMergeCommit":false,"messageTitle":"Fix json formatting","messageBody":"","fileTypesAndContributionMap":{"test-code":{"insertions":4,"deletions":2}}},{"hash":"328ee51f9758948f6ddd34e53c64663c906508af","isMergeCommit":true,"messageTitle":"Merge pull request #44 from AY2324S2-CS2103T-T15-2/edit-person-class","messageBody":"Edit person class","fileTypesAndContributionMap":{}}]},{"date":"2024-03-15","commitResults":[{"hash":"02a0b14b53ae22a9b3ccb2226f655992f190c977","isMergeCommit":true,"messageTitle":"Merge pull request #30 from RingoftheKing/master","messageBody":"Add Predicates required for FindCommand","fileTypesAndContributionMap":{}},{"hash":"c91976411cfdd1bf456a0a17cf57defca93eb8b3","isMergeCommit":true,"messageTitle":"Merge pull request #59 from AY2324S2-CS2103T-T15-2/change-find-command","messageBody":"Change find command","fileTypesAndContributionMap":{}},{"hash":"648f50b0711c250f19d567af9a32e69ffceeb196","isMergeCommit":false,"messageTitle":"Revert \"Change find command\"","messageBody":"","fileTypesAndContributionMap":{"functional-code":{"insertions":0,"deletions":128},"docs":{"insertions":8,"deletions":9}}},{"hash":"c9e1f17c5b2117eae2f1d0fe8ad512e115a5f007","isMergeCommit":true,"messageTitle":"Merge pull request #60 from AY2324S2-CS2103T-T15-2/revert-59-change-find-command","messageBody":"Revert \"Change find command\"","fileTypesAndContributionMap":{}},{"hash":"0f91e97eeae0d02a78444bff535ba715bf8328ff","isMergeCommit":true,"messageTitle":"Merge pull request #46 from Rikko1204/edit-add-command","messageBody":"Replace dummy NusId with user inputted NusId","fileTypesAndContributionMap":{}}]},{"date":"2024-03-19","commitResults":[{"hash":"5f428a908707e3e6c76daab786a226cb9b2f75d9","isMergeCommit":false,"messageTitle":"Fix sample addressbook uniqueness bug","messageBody":"If the given sample addressbook is used,\nthe program will throw a runtime exception,\nDuplicatePersonException, where the nusid\nfound in sample addressbook are duplicates.\n\nRemoves all sample nusid and make each person\nhave a unique nusid. Sample schedule is also removed.\n","fileTypesAndContributionMap":{"functional-code":{"insertions":7,"deletions":9}}},{"hash":"dad684fb4b7daf9b4973c4e350cdac4537ff8720","isMergeCommit":true,"messageTitle":"Merge pull request #68 from hjuntan/sample-addressbook-bug-fix","messageBody":"Fix sample addressbook uniqueness bug","fileTypesAndContributionMap":{}},{"hash":"0ef8e20e39f595829d126a94b03cee5228fcb24f","isMergeCommit":false,"messageTitle":"Fix issue of loading data from local file","messageBody":"Schedule can be stored with or without data. When loading from the json file,\nthe schedule might be empty and validation regex will not matched.\n\nAnother validation regex: VALIDATION_REGEX_WITHOUT_DATA, is added\nwhich additionally allow schedule to have no data:\"\".\n","fileTypesAndContributionMap":{"functional-code":{"insertions":4,"deletions":2}}},{"hash":"7b8bd98dc4757369a92c12b331acd530e06cf762","isMergeCommit":false,"messageTitle":"Update schedule test cases","messageBody":"","fileTypesAndContributionMap":{"test-code":{"insertions":2,"deletions":1}}},{"hash":"a8562fcca349cabb014373e3f1bacdfc24248327","isMergeCommit":true,"messageTitle":"Merge pull request #72 from AY2324S2-CS2103T-T15-2/sample-addressbook-bug-fix","messageBody":"Sample addressbook bug fix","fileTypesAndContributionMap":{}}]},{"date":"2024-03-20","commitResults":[{"hash":"62099f1e9e38163a83ea1efbdab25113aa2ab30b","isMergeCommit":true,"messageTitle":"Merge pull request #65 from Ragnapop/add-group-command","messageBody":"Add group command","fileTypesAndContributionMap":{}},{"hash":"c68580e14fbeadbe8feec7a4ec414112ed347a62","isMergeCommit":true,"messageTitle":"Merge pull request #73 from cheahTJ/edit-feature","messageBody":"Create edit feature and fix edit feature test classes","fileTypesAndContributionMap":{}},{"hash":"bb87959c693b4cb0bd603a8fdee8ed0c04a48923","isMergeCommit":true,"messageTitle":"Merge pull request #77 from Ragnapop/add-group-command","messageBody":"Update GroupCommand.java","fileTypesAndContributionMap":{}},{"hash":"e76725620bda2805f9d6d9782d3582be4e5d713c","isMergeCommit":false,"messageTitle":"Change list command to view command","messageBody":"A refactoring to allow user to easily remember the commands\n","fileTypesAndContributionMap":{"functional-code":{"insertions":3,"deletions":3},"other":{"insertions":7,"deletions":7},"test-code":{"insertions":6,"deletions":6}}},{"hash":"3fecc44296b8a1e50bebdc084f65823a7e233bc0","isMergeCommit":false,"messageTitle":"Update person uml class diagram","messageBody":"The tag is now an enum. The address attribute is removed\nand group attribute is added.\n","fileTypesAndContributionMap":{"docs":{"insertions":9,"deletions":8}}},{"hash":"e90c445bf5fb8cd5c3c614a3bd6dcb85151aa50a","isMergeCommit":true,"messageTitle":"Merge pull request #78 from hjuntan/add-view-command","messageBody":"Add view command","fileTypesAndContributionMap":{}},{"hash":"685664f6f47391e843f1a163fa2eab4179fe3551","isMergeCommit":true,"messageTitle":"Merge branch \u0027master\u0027 into add-view-command","messageBody":"","fileTypesAndContributionMap":{}}]},{"date":"2024-03-21","commitResults":[{"hash":"d8ae94e892017e1da9ae68be416e80cf85c34ff5","isMergeCommit":true,"messageTitle":"Merge pull request #88 from Ragnapop/uml","messageBody":"Uml","fileTypesAndContributionMap":{}}]},{"date":"2024-03-22","commitResults":[{"hash":"7a8423fdccb3941b38cc9af005c4a2c7bd68e396","isMergeCommit":true,"messageTitle":"Merge pull request #90 from RingoftheKing/master","messageBody":"Create Find UML sequence diagram","fileTypesAndContributionMap":{}}]},{"date":"2024-03-24","commitResults":[{"hash":"02d35e7a52b677da0114ccb478433e3582d1fe9c","isMergeCommit":true,"messageTitle":"Merge pull request #91 from AY2324S2-CS2103T-T15-2/documentation_1.2","messageBody":"Documentation 1.2","fileTypesAndContributionMap":{}}]}]},"authorFileTypeContributionMap":{"cheahTJ":{"docs":443,"functional-code":124,"test-code":146},"Rikko1204":{"docs":94,"functional-code":390,"test-code":480},"RingoftheKing":{"docs":141,"functional-code":327,"test-code":445},"Ragnapop":{"docs":322,"functional-code":286,"test-code":294},"hjuntan":{"docs":22,"functional-code":420,"test-code":335}},"authorContributionVariance":{"cheahTJ":9034.499,"Rikko1204":11446.604,"RingoftheKing":4447.4736,"Ragnapop":12830.408,"hjuntan":108467.72},"authorDisplayNameMap":{"cheahTJ":"CS2103T-T15-2 CHEA..JUEN","Rikko1204":"CS2103T-T15-2 CHEN.. MIN","RingoftheKing":"CS2103T-T15-2 GUO ..UHAO","Ragnapop":"CS2103T-T15-2 LOH .. HUN","hjuntan":"CS2103T-T15-2 TAN .. JUN"}}
