{"authorDailyContributionsMap":{"ReflectiveObsidian":[{"date":"2024-02-28","commitResults":[{"hash":"f848e2e72db7f7c40c8490afa656f3380c0a9404","isMergeCommit":false,"messageTitle":"Update README.md","messageBody":"(cherry picked from commit 558ff38a7c87123d43b3ea9c33d3c691416842aa)\n","fileTypesAndContributionMap":{"docs":{"insertions":11,"deletions":2}}},{"hash":"0deac2b9aa7ab51525495650971fafbac02251ec","isMergeCommit":false,"messageTitle":"Update README.md to include library use","messageBody":"","fileTypesAndContributionMap":{"docs":{"insertions":3,"deletions":1}}},{"hash":"35746df42787d8e1fa35ffc3a55e04c247d3417f","isMergeCommit":false,"messageTitle":"Update index.md","messageBody":"","fileTypesAndContributionMap":{"docs":{"insertions":10,"deletions":5}}}]},{"date":"2024-03-01","commitResults":[{"hash":"a097ae443dbd65c6b15c87a09e63509b270c0c90","isMergeCommit":false,"messageTitle":"Add info about ReflectiveObsidian to AboutUs","messageBody":"","fileTypesAndContributionMap":{"docs":{"insertions":4,"deletions":6}}}]},{"date":"2024-03-03","commitResults":[{"hash":"986755d73745d96abecdc182099b0354e3ddccc1","isMergeCommit":false,"messageTitle":"Update info about ReflectiveObsidian","messageBody":"","fileTypesAndContributionMap":{"docs":{"insertions":2,"deletions":1}}},{"hash":"424674ad27467de436758ea5e477db766330659e","isMergeCommit":true,"messageTitle":"Merge pull request #16 from ReflectiveObsidian/about-us","messageBody":"Add profile photo and info about ReflectiveObsidian to AboutUs","fileTypesAndContributionMap":{}}]},{"date":"2024-03-07","commitResults":[{"hash":"5dd9e7f2d0c73d5ff034780179de2c0407dedd4c","isMergeCommit":false,"messageTitle":"Fix wrong photo name of ReflectiveObsidian","messageBody":"","fileTypesAndContributionMap":{"docs":{"insertions":1,"deletions":1}}}]},{"date":"2024-03-08","commitResults":[{"hash":"c46800dd2775c17b012ae451ab7ea812853b4ad1","isMergeCommit":true,"messageTitle":"Merge branch \u0027master\u0027 into about-us","messageBody":"","fileTypesAndContributionMap":{}},{"hash":"7d82a6d7bcdc307d279ba01a99b538b6b8037557","isMergeCommit":true,"messageTitle":"Merge pull request #26 from ReflectiveObsidian/about-us","messageBody":"Fix wrong photo name of ReflectiveObsidian","fileTypesAndContributionMap":{}}]},{"date":"2024-03-10","commitResults":[{"hash":"b3e0ff819b57643cca2a47993152ee1596656770","isMergeCommit":true,"messageTitle":"Merge pull request #29 from Bandov/Developer-Guide-User-Stories","messageBody":"Add attribute relationship","fileTypesAndContributionMap":{}}]},{"date":"2024-03-11","commitResults":[{"hash":"e1f5c43935847ac762fffb43cf9515104cab3d06","isMergeCommit":false,"messageTitle":"Refactor Attribute into a package","messageBody":"","fileTypesAndContributionMap":{"other":{"insertions":0,"deletions":0}}},{"hash":"25e2aa7a228c46f3ab060b1a8f150acfd641d330","isMergeCommit":false,"messageTitle":"Update imports after attribute refactor","messageBody":"","fileTypesAndContributionMap":{"functional-code":{"insertions":8,"deletions":8},"test-code":{"insertions":16,"deletions":8}}},{"hash":"8b9c9ba1444c3aecae948320701fe2ff307fd2b0","isMergeCommit":false,"messageTitle":"Add UUID to person","messageBody":"","fileTypesAndContributionMap":{"functional-code":{"insertions":31,"deletions":1},"test-code":{"insertions":17,"deletions":2}}},{"hash":"4f5ba7a3e09dca9b98dfb80f416d538ae8b407dd","isMergeCommit":false,"messageTitle":"Fix style in Person and PersonTest","messageBody":"","fileTypesAndContributionMap":{"functional-code":{"insertions":2,"deletions":1},"test-code":{"insertions":6,"deletions":2}}},{"hash":"2e73c5cc630d486980f12e52b0cb23dbc660ec1e","isMergeCommit":false,"messageTitle":"Fix import style for attribtes","messageBody":"","fileTypesAndContributionMap":{"test-code":{"insertions":0,"deletions":8}}},{"hash":"2fac3bc9c0fe2652f8e8e414886b9496e9f0c713","isMergeCommit":false,"messageTitle":"Add missing testcases to person","messageBody":"","fileTypesAndContributionMap":{"test-code":{"insertions":17,"deletions":0}}},{"hash":"e517c27b6f9246ce053f6c722f00bb375ffbb4ba","isMergeCommit":false,"messageTitle":"Add missing testcases to person","messageBody":"","fileTypesAndContributionMap":{"test-code":{"insertions":17,"deletions":0}}},{"hash":"5b19048f62801e872aaae90578340a137cf6ba1a","isMergeCommit":false,"messageTitle":"Revert \"Add missing testcases to person\"","messageBody":"This reverts commit 2fac3bc9c0fe2652f8e8e414886b9496e9f0c713.\n","fileTypesAndContributionMap":{"test-code":{"insertions":0,"deletions":17}}},{"hash":"ccba3c339fa6d3ede264219ec18ded08bd315d7f","isMergeCommit":false,"messageTitle":"Add UUID getter Required for relation class","messageBody":"","fileTypesAndContributionMap":{"functional-code":{"insertions":8,"deletions":0},"test-code":{"insertions":5,"deletions":0}}},{"hash":"01f5c6191bd151cbde7bf336719fab130e1a4ef3","isMergeCommit":false,"messageTitle":"Add test cases for equalsUuid","messageBody":"","fileTypesAndContributionMap":{"test-code":{"insertions":10,"deletions":0}}},{"hash":"acdf9e1aaab601a0c109e7c611502c8c317db91e","isMergeCommit":false,"messageTitle":"Fix UUID testcase method name in PersonTest","messageBody":"","fileTypesAndContributionMap":{"test-code":{"insertions":2,"deletions":2}}},{"hash":"6844ee9468a02fae2a4f80aba8b45a87ed774ab3","isMergeCommit":false,"messageTitle":"Add test for equalsUuid where a non-person is passed","messageBody":"","fileTypesAndContributionMap":{"test-code":{"insertions":4,"deletions":0}}}]},{"date":"2024-03-12","commitResults":[{"hash":"9a5636425a85cdbd063b97a72ef13ffe12b621af","isMergeCommit":true,"messageTitle":"Merge branch \u0027master\u0027 into person-testcases","messageBody":"","fileTypesAndContributionMap":{}},{"hash":"e936246df1ee588406f0be200a7c9cfc209859c9","isMergeCommit":true,"messageTitle":"Merge pull request #32 from ReflectiveObsidian/person-testcases","messageBody":"Add missing testcases to person","fileTypesAndContributionMap":{}}]},{"date":"2024-03-13","commitResults":[{"hash":"f33c2a72f4f4fa3bbb4594d4a1568ec91558c968","isMergeCommit":false,"messageTitle":"Update Attributes access modifiers and resulting documentation","messageBody":"","fileTypesAndContributionMap":{"functional-code":{"insertions":47,"deletions":9}}},{"hash":"2cfc229d1296370bb93af039f75483bade4d49ae","isMergeCommit":false,"messageTitle":"Add essential methods for interacting with Person attributes","messageBody":"","fileTypesAndContributionMap":{"functional-code":{"insertions":54,"deletions":0}}},{"hash":"0887af2abbf93652cd3fcc6922ce959b6bd58dfc","isMergeCommit":false,"messageTitle":"Update person imports","messageBody":"","fileTypesAndContributionMap":{"functional-code":{"insertions":3,"deletions":6}}},{"hash":"da3a937081f667d64d42e270b4472b3e648049b2","isMergeCommit":false,"messageTitle":"Integrate attributes into Person Fields","messageBody":"","fileTypesAndContributionMap":{"functional-code":{"insertions":42,"deletions":33}}},{"hash":"223510834b0c0c5c1bc659e1056245dc1b83b803","isMergeCommit":false,"messageTitle":"Update imports","messageBody":"","fileTypesAndContributionMap":{"functional-code":{"insertions":7,"deletions":1}}},{"hash":"f0da63b70fb2a97847ca0c91534cc1a30ac47ec0","isMergeCommit":false,"messageTitle":"Fix trivial style issue","messageBody":"","fileTypesAndContributionMap":{"functional-code":{"insertions":1,"deletions":1}}},{"hash":"9d1e8589ede6ff8f6fbb6c5c64c831d44c534b4f","isMergeCommit":false,"messageTitle":"Fix import style issue","messageBody":"","fileTypesAndContributionMap":{"functional-code":{"insertions":7,"deletions":7}}},{"hash":"1d7861fd0b6d95a714d3847c0de2a581075787cf","isMergeCommit":false,"messageTitle":"Add test cases for person attribute-related methods","messageBody":"","fileTypesAndContributionMap":{"test-code":{"insertions":80,"deletions":0}}}]},{"date":"2024-03-14","commitResults":[{"hash":"0b84841b02c58f86d9ea8e72de2689a784cc66a3","isMergeCommit":false,"messageTitle":"Add attributes constructor for Person","messageBody":"","fileTypesAndContributionMap":{"functional-code":{"insertions":22,"deletions":0}}},{"hash":"48b3695aca57897b233c44d35204766fd1fdc564","isMergeCommit":false,"messageTitle":"Add test cases for person attributes constructor","messageBody":"","fileTypesAndContributionMap":{"test-code":{"insertions":17,"deletions":0}}},{"hash":"802c23fcdda282ac558c48d8c5b544d8c1d4681c","isMergeCommit":false,"messageTitle":"Add error handling in getAttribute","messageBody":"","fileTypesAndContributionMap":{"functional-code":{"insertions":1,"deletions":0}}},{"hash":"7420d9ca4e9efba0a443ad62883512806a8c336b","isMergeCommit":false,"messageTitle":"Make all non-attribute fields other than UUID optional","messageBody":"","fileTypesAndContributionMap":{"functional-code":{"insertions":20,"deletions":5}}},{"hash":"9b0d8e0aaef7c82562141cd0fd4cdf1c56a03338","isMergeCommit":false,"messageTitle":"Implement allAttributesAsString in Person","messageBody":"","fileTypesAndContributionMap":{"functional-code":{"insertions":23,"deletions":0},"test-code":{"insertions":13,"deletions":1}}},{"hash":"1595845d6b6c8b18ecbc9f3b737655138fc3cf1b","isMergeCommit":false,"messageTitle":"Fix checkstyle errors","messageBody":"","fileTypesAndContributionMap":{"functional-code":{"insertions":7,"deletions":4},"test-code":{"insertions":3,"deletions":3}}}]}],"DingBao-sys":[{"date":"2024-03-07","commitResults":[{"hash":"494d682b342e404129f491b9ba80bda29a0f6cf0","isMergeCommit":true,"messageTitle":"Merge pull request #22 from Tsenrae/branch-About-Us","messageBody":"Add profile photo and info about Tsenrae to about us","fileTypesAndContributionMap":{}},{"hash":"2c9e39fdc419b4605d9a67816deb3b22019f5e6e","isMergeCommit":false,"messageTitle":"Correct invalid image names, slightly format markdown files","messageBody":"","fileTypesAndContributionMap":{"docs":{"insertions":14,"deletions":15}}},{"hash":"94bcb62f1a733717ea503b72a4579565efe381ef","isMergeCommit":false,"messageTitle":"correct png names, edited AboutUs.md to include correct information","messageBody":"","fileTypesAndContributionMap":{"docs":{"insertions":7,"deletions":44}}}]},{"date":"2024-03-12","commitResults":[{"hash":"d1d215c608f1a8266296309815a99f4707b099a7","isMergeCommit":true,"messageTitle":"Merge pull request #30 from ReflectiveObsidian/attribute-package","messageBody":"Refactor Attribute into a package","fileTypesAndContributionMap":{}}]}],"Bandov":[{"date":"2024-02-23","commitResults":[{"hash":"509e431bbd2fd88f49132a2bd3da184592c165d3","isMergeCommit":false,"messageTitle":"Update README.md","messageBody":"","fileTypesAndContributionMap":{"docs":{"insertions":4,"deletions":11}}}]},{"date":"2024-02-27","commitResults":[{"hash":"f353e86b35dfb793d05dd2a064751caf54e24f01","isMergeCommit":false,"messageTitle":"Add template code for Relationship and Attribute","messageBody":"","fileTypesAndContributionMap":{"functional-code":{"insertions":60,"deletions":0}}},{"hash":"b35d03a07be1dbaa30a3adf3716775de6d99efba","isMergeCommit":false,"messageTitle":"fixed import and checkstyle issues for skeleton code","messageBody":"","fileTypesAndContributionMap":{"functional-code":{"insertions":1,"deletions":8}}}]},{"date":"2024-02-28","commitResults":[{"hash":"828f5095b1a2dc6fede75cc3cf68c4821524d386","isMergeCommit":false,"messageTitle":"Removed Relationship and added unit tests","messageBody":"","fileTypesAndContributionMap":{"functional-code":{"insertions":156,"deletions":38},"test-code":{"insertions":322,"deletions":0}}}]},{"date":"2024-02-29","commitResults":[{"hash":"3ddfb54929e4cea17b04b3c2069ef8bb0d21340c","isMergeCommit":false,"messageTitle":"added to developer guide","messageBody":"","fileTypesAndContributionMap":{"docs":{"insertions":14,"deletions":14}}},{"hash":"ae5b18ab82cdba446802eab909bc35e0814dbce3","isMergeCommit":false,"messageTitle":"added user stories","messageBody":"","fileTypesAndContributionMap":{"docs":{"insertions":14,"deletions":14}}}]},{"date":"2024-03-01","commitResults":[{"hash":"bc9522d2182e4e9bd4f797215ce4ebd2ef9096df","isMergeCommit":false,"messageTitle":"Adding AboutUs information about Bandov","messageBody":"","fileTypesAndContributionMap":{"docs":{"insertions":4,"deletions":5}}}]},{"date":"2024-03-04","commitResults":[{"hash":"0792c0cd0846b348cacf0ed9ea1d35864edbefc1","isMergeCommit":true,"messageTitle":"Merge pull request #17 from Bandov/Add-profile-photo-and-info-about-Bandov-to-AboutUs","messageBody":"Add profile photo and info about bandov to about us","fileTypesAndContributionMap":{}},{"hash":"d2a04da86f1c1547b53d3095b9a5b4b1c5b4d5de","isMergeCommit":true,"messageTitle":"Merge pull request #19 from Emberlynn-Loo/Branch-Use-Cases","messageBody":"Add Use Cases","fileTypesAndContributionMap":{}},{"hash":"210134820370bd6cea94660b4e1b874cc13ec710","isMergeCommit":true,"messageTitle":"Merge pull request #20 from Tsenrae/branch-NFRs","messageBody":"Add Non-Functional Requirements","fileTypesAndContributionMap":{}},{"hash":"8431d16fe2b2966d94e42034df37fe865fe37250","isMergeCommit":true,"messageTitle":"Merge pull request #12 from ReflectiveObsidian/branch-ReadmeJekyll","messageBody":"Update Readme and Project Page","fileTypesAndContributionMap":{}}]},{"date":"2024-03-07","commitResults":[{"hash":"f22b1059196046b762d87194f15109955e860828","isMergeCommit":true,"messageTitle":"Merge branch \u0027master\u0027 into branch-AboutUs","messageBody":"","fileTypesAndContributionMap":{}},{"hash":"bb068f52107f62d212bde55a446457db668c2fe4","isMergeCommit":true,"messageTitle":"Merge pull request #27 from DingBao-sys/branch-AboutUs","messageBody":"Finalise AboutUs.md","fileTypesAndContributionMap":{}}]},{"date":"2024-03-10","commitResults":[{"hash":"45386dd509d09e0d311b18a76ecd1345ed343e2b","isMergeCommit":false,"messageTitle":"changed genderAttribute to sexAttribute, removed birthday attribute","messageBody":"","fileTypesAndContributionMap":{"functional-code":{"insertions":0,"deletions":11},"other":{"insertions":2,"deletions":2},"test-code":{"insertions":39,"deletions":76}}},{"hash":"c1e502856894fc923fc1958d372627dcae1299b2","isMergeCommit":true,"messageTitle":"Merge branch \u0027master\u0027 into Developer-Guide-User-Stories","messageBody":"","fileTypesAndContributionMap":{}}]},{"date":"2024-03-12","commitResults":[{"hash":"08c6ce0b385f22ee5c0ded1f22d3434da28daf50","isMergeCommit":true,"messageTitle":"Merge pull request #31 from ReflectiveObsidian/person-uuid","messageBody":"Add UUID to person","fileTypesAndContributionMap":{}}]},{"date":"2024-03-13","commitResults":[{"hash":"dd9847a3e65d87fb3c3c0f04e964f767e74cfc2f","isMergeCommit":false,"messageTitle":"parser for attributes","messageBody":"","fileTypesAndContributionMap":{"functional-code":{"insertions":359,"deletions":4},"test-code":{"insertions":165,"deletions":0}}}]},{"date":"2024-03-14","commitResults":[{"hash":"1d004a27d5376b94fa56d340ee35d312e058f1a6","isMergeCommit":false,"messageTitle":"changed the access modifier for createEditedAttributePerson","messageBody":"","fileTypesAndContributionMap":{"functional-code":{"insertions":3,"deletions":1}}},{"hash":"56cbcdf88ad6a4b04dcc7db98b9419b94daaa235","isMergeCommit":true,"messageTitle":"Merge branch \u0027master\u0027 into parser-attribute-update","messageBody":"* master: (34 commits)\n  fix checkstyle error\n  change file as per reviews\n  Fix checkstyle errors\n  Implement allAttributesAsString in Person\n  Make all non-attribute fields other than UUID optional\n  Add error handling in getAttribute\n  Add test cases for person attributes constructor\n  Add attributes constructor for Person\n  Add import statement\n  Update RoleBasedRelationshipTest.java\n  Update RoleBasedRelationshipTest.java\n  Fix Checkstyle Errors\n  Update FriendsRelationship.java\n  Update BioParentsRelationship.java\n  Add predefined relationships\n  Fix Checkstyle Errors\n  Update RolelessRelationshipTest.java\n  Update RoleBasedRelationshipTest.java\n  Update RelationshipTest.java\n  Update RelationshipManagerTest.java\n  ...\n\n# Conflicts:\n#\tsrc/main/java/seedu/address/model/person/Person.java\n#\tsrc/main/java/seedu/address/model/person/attribute/Attribute.java\n#\tsrc/main/java/seedu/address/model/person/attribute/DateAttribute.java\n#\tsrc/main/java/seedu/address/model/person/attribute/StringAttribute.java\n","fileTypesAndContributionMap":{}},{"hash":"6653feaf7dd89f4cbc8e19e9b4e451e449cd94ab","isMergeCommit":false,"messageTitle":"implemented parser for Person to interact with attributes","messageBody":"","fileTypesAndContributionMap":{"functional-code":{"insertions":168,"deletions":277},"test-code":{"insertions":171,"deletions":49}}}]}],"Tsenrae":[{"date":"2024-03-03","commitResults":[{"hash":"9c8857c8363e64c9b4abe7d7288021f9c3dd46ce","isMergeCommit":false,"messageTitle":"Add Non-Functional Requirements","messageBody":"","fileTypesAndContributionMap":{"docs":{"insertions":9,"deletions":3}}}]},{"date":"2024-03-05","commitResults":[{"hash":"97969179b57dbbdbaae54cb0b3a82092b67ffeb3","isMergeCommit":false,"messageTitle":"Add profile photo and info about Tsenrae to about us","messageBody":"","fileTypesAndContributionMap":{"docs":{"insertions":3,"deletions":3}}}]},{"date":"2024-03-14","commitResults":[{"hash":"358bdd9fbf76d0290f93f69136d8574faa4b43e0","isMergeCommit":true,"messageTitle":"Merge pull request #34 from ReflectiveObsidian/person-Attributes-Integration","messageBody":"Person attributes integration","fileTypesAndContributionMap":{}}]},{"date":"2024-03-15","commitResults":[{"hash":"3bf6bc02e2a3739b9b37f0614121eae4cc314bf0","isMergeCommit":false,"messageTitle":"Add parser for AddRelationshipCommand","messageBody":"","fileTypesAndContributionMap":{"functional-code":{"insertions":185,"deletions":2},"test-code":{"insertions":153,"deletions":0}}}]},{"date":"2024-03-16","commitResults":[{"hash":"af3fe51f1883cda839150ad5ac9c7de8e0fd70dc","isMergeCommit":false,"messageTitle":"Update missing test cases for AddRelationshipCommand","messageBody":"","fileTypesAndContributionMap":{"functional-code":{"insertions":4,"deletions":0},"test-code":{"insertions":32,"deletions":4}}},{"hash":"0fd5772d4e80241dd313118071324bf8295344b2","isMergeCommit":false,"messageTitle":"Update methods in relationshipManager","messageBody":"","fileTypesAndContributionMap":{"functional-code":{"insertions":0,"deletions":4}}},{"hash":"16e90bbe9fc8cbbb27b568ca3137f8432c66783e","isMergeCommit":false,"messageTitle":"Update methods in relationshipManager and addRelationshipCommand","messageBody":"","fileTypesAndContributionMap":{"functional-code":{"insertions":7,"deletions":0}}},{"hash":"90f9581163dea605d766f7d52d89b493e12294c1","isMergeCommit":false,"messageTitle":"Remove redundant test case and method","messageBody":"","fileTypesAndContributionMap":{"functional-code":{"insertions":0,"deletions":7}}},{"hash":"e77ce41dad96d2e315d654c8bf618f84e4f68f53","isMergeCommit":true,"messageTitle":"Merge pull request #33 from Bandov/parser-attribute-update","messageBody":"parser for attributes","fileTypesAndContributionMap":{}}]}],"Emberlynn-Loo":[{"date":"2024-03-03","commitResults":[{"hash":"86829fbd9fa4d44c1d0be846d1e3177e5d4448b7","isMergeCommit":false,"messageTitle":"Add Use Cases","messageBody":"","fileTypesAndContributionMap":{"docs":{"insertions":354,"deletions":8}}}]},{"date":"2024-03-07","commitResults":[{"hash":"b84a26fb13bdf494d2b121c19406f0530176cf76","isMergeCommit":false,"messageTitle":"Update profile picture and information about Emberlynn","messageBody":"","fileTypesAndContributionMap":{"docs":{"insertions":4,"deletions":5}}},{"hash":"f550b96ebfe53f735209389c6e42506c00293d12","isMergeCommit":true,"messageTitle":"Merge pull request #25 from Emberlynn-Loo/Branch-AboutUs","messageBody":"Update profile picture and information about Emberlynn","fileTypesAndContributionMap":{}}]},{"date":"2024-03-14","commitResults":[{"hash":"bad78554d771ebf413fe0655b876f0f43a7d112c","isMergeCommit":false,"messageTitle":"Add a relationship package containing relationship classes","messageBody":"","fileTypesAndContributionMap":{"functional-code":{"insertions":80,"deletions":0}}},{"hash":"8adb2be5c712141d88396d6970a77cb8b864d3e4","isMergeCommit":false,"messageTitle":"Update RelationshipManager.java","messageBody":"","fileTypesAndContributionMap":{"functional-code":{"insertions":3,"deletions":0}}},{"hash":"1dbf9224d7a7d7252f84cead2e2b352c04926857","isMergeCommit":false,"messageTitle":"Update RoleBasedRelationship.java","messageBody":"","fileTypesAndContributionMap":{"functional-code":{"insertions":2,"deletions":2}}},{"hash":"7f45a4c0dba0e1cf975f3439d0dde737c7e7101a","isMergeCommit":false,"messageTitle":"Update RoleBasedRelationship.java","messageBody":"","fileTypesAndContributionMap":{"functional-code":{"insertions":2,"deletions":2}}},{"hash":"fa697be4cecf9bd2184a41d1ec8d81f37dbf192b","isMergeCommit":false,"messageTitle":"Add Tests for Relationship","messageBody":"","fileTypesAndContributionMap":{"test-code":{"insertions":97,"deletions":0}}},{"hash":"5451c70e6d66a3c7351b93a95f9aaad862615f5e","isMergeCommit":true,"messageTitle":"Merge branch \u0027Branch-Relationship-Package\u0027 of https://github.com/Emberlynn-Loo/tp into Branch-Relationship-Package","messageBody":"","fileTypesAndContributionMap":{}},{"hash":"31e4f454f095a0fe546f05d79cddb233cd454557","isMergeCommit":false,"messageTitle":"Update RelationshipManagerTest.java","messageBody":"","fileTypesAndContributionMap":{"test-code":{"insertions":1,"deletions":1}}},{"hash":"185b7b90a9642c21af7cb759e7757e77902b725e","isMergeCommit":false,"messageTitle":"Update RelationshipTest.java","messageBody":"","fileTypesAndContributionMap":{"test-code":{"insertions":0,"deletions":1}}},{"hash":"9a960c620d31a129151d304d1b9a702f2ae3b293","isMergeCommit":false,"messageTitle":"Update RoleBasedRelationshipTest.java","messageBody":"","fileTypesAndContributionMap":{"test-code":{"insertions":1,"deletions":1}}},{"hash":"fcaf2f0e7fc11d57aef874fce69e8ed4ee9a4739","isMergeCommit":false,"messageTitle":"Update RolelessRelationshipTest.java","messageBody":"","fileTypesAndContributionMap":{"test-code":{"insertions":1,"deletions":1}}},{"hash":"6acbac44f6178f70e71705f01b4c0b4446f7b98c","isMergeCommit":false,"messageTitle":"Fix Checkstyle Errors","messageBody":"","fileTypesAndContributionMap":{"test-code":{"insertions":12,"deletions":12}}},{"hash":"14e73accd163920b812e0689a3b15a9f96fbb75c","isMergeCommit":false,"messageTitle":"Add predefined relationships","messageBody":"","fileTypesAndContributionMap":{"functional-code":{"insertions":43,"deletions":1},"test-code":{"insertions":95,"deletions":5}}},{"hash":"e1fee6b285af7a6d8f6115613c370a45b97746fb","isMergeCommit":false,"messageTitle":"Update BioParentsRelationship.java","messageBody":"","fileTypesAndContributionMap":{"functional-code":{"insertions":1,"deletions":1}}},{"hash":"96542a197795565fd6d9564ff024f17a647028c0","isMergeCommit":false,"messageTitle":"Update FriendsRelationship.java","messageBody":"","fileTypesAndContributionMap":{"functional-code":{"insertions":1,"deletions":1}}},{"hash":"d0b86fd56b4d7000f60d887f84d0a400dc0d7ee8","isMergeCommit":false,"messageTitle":"Fix Checkstyle Errors","messageBody":"","fileTypesAndContributionMap":{"functional-code":{"insertions":16,"deletions":4}}},{"hash":"97f6a2beeb7f304470ccd84f3ce4af359cb6f05c","isMergeCommit":true,"messageTitle":"Merge branch \u0027Branch-Relationship-Package\u0027 of https://github.com/Emberlynn-Loo/tp into Branch-Relationship-Package","messageBody":"","fileTypesAndContributionMap":{}},{"hash":"9094d5b92a731ae2da52c4c9944fc1ab124fb150","isMergeCommit":false,"messageTitle":"Update RoleBasedRelationshipTest.java","messageBody":"","fileTypesAndContributionMap":{"test-code":{"insertions":18,"deletions":0}}},{"hash":"a261d616d076b831b5dc0f1d93710d45cd81dd84","isMergeCommit":false,"messageTitle":"Update RoleBasedRelationshipTest.java","messageBody":"","fileTypesAndContributionMap":{"test-code":{"insertions":1,"deletions":1}}},{"hash":"a7cfc577b6c049d4cb5632f424ee5483b53cd985","isMergeCommit":false,"messageTitle":"Add import statement","messageBody":"","fileTypesAndContributionMap":{"test-code":{"insertions":1,"deletions":0}}},{"hash":"0ce5dc7696f49b907935db4d8f70c33b7467bb05","isMergeCommit":false,"messageTitle":"change file as per reviews","messageBody":"","fileTypesAndContributionMap":{"functional-code":{"insertions":9,"deletions":7}}},{"hash":"b32ca8fd364dc6d94613d14cd78c1588b9b79d36","isMergeCommit":false,"messageTitle":"fix checkstyle error","messageBody":"","fileTypesAndContributionMap":{"test-code":{"insertions":0,"deletions":7}}},{"hash":"f9c5eda3fe241d5ef1e4d028a45a6b28240863c6","isMergeCommit":true,"messageTitle":"Merge pull request #35 from Emberlynn-Loo/Branch-Relationship-Package","messageBody":"Add a relationship package containing relationship classes","fileTypesAndContributionMap":{}}]},{"date":"2024-03-16","commitResults":[{"hash":"c80c93727621b3dac912088cbb3e79c3c47fb77a","isMergeCommit":true,"messageTitle":"Merge pull request #36 from Tsenrae/branch-AddRelationship-Command","messageBody":"Add parser for AddRelationshipCommand","fileTypesAndContributionMap":{}}]}]},"authorFileTypeContributionMap":{"ReflectiveObsidian":{"docs":24,"functional-code":229,"test-code":174,"other":1},"DingBao-sys":{"docs":12,"functional-code":0,"test-code":0},"Bandov":{"docs":15,"functional-code":434,"test-code":564},"Tsenrae":{"docs":9,"functional-code":185,"test-code":181},"Emberlynn-Loo":{"docs":350,"functional-code":137,"test-code":198}},"authorContributionVariance":{"ReflectiveObsidian":5315.4673,"DingBao-sys":266.1625,"Bandov":36746.934,"Tsenrae":4853.036,"Emberlynn-Loo":12561.763},"authorDisplayNameMap":{"ReflectiveObsidian":"CS2103T-T11-1 NG W..MING","DingBao-sys":"CS2103T-T11-1 SIM .. HAO","Bandov":"CS2103T-T11-1 SONG..INIC","Tsenrae":"CS2103T-T11-1 EARN..APMO","Emberlynn-Loo":"CS2103T-T11-1 EMBE..UI-E"}}
