{"authorDailyContributionsMap":{"darkvoid32":[{"date":"2024-02-27","commitResults":[{"hash":"dfb1e3d9d11c8ec57f1e75b774696544e9b2405e","isMergeCommit":true,"messageTitle":"Merge pull request #7 from aureliony/refactor","messageBody":"Refactor existing JSON serialization and deserialization code to our current uses.","fileTypesAndContributionMap":{}}]},{"date":"2024-03-02","commitResults":[{"hash":"67d9d583455f4ce2db3235341841ea1ec9abe957","isMergeCommit":false,"messageTitle":"Update AboutUs page for Yetong","messageBody":"","fileTypesAndContributionMap":{"docs":{"insertions":42,"deletions":6}}},{"hash":"bf7a5eefde3db6e23c9809a814cd95305b0ab69b","isMergeCommit":true,"messageTitle":"Merge branch \u0027master\u0027 into branch-AboutUs-Yetong","messageBody":"","fileTypesAndContributionMap":{}},{"hash":"1d0a526712f87e29e4dd6028d6bccbb540515178","isMergeCommit":true,"messageTitle":"Merge pull request #9 from darkvoid32/branch-AboutUs-Yetong","messageBody":"Update AboutUs page for Yetong","fileTypesAndContributionMap":{}}]},{"date":"2024-03-04","commitResults":[{"hash":"374dacd516ecffee8ee77a039385493d75f281d6","isMergeCommit":false,"messageTitle":"Update README.md","messageBody":"Replaced Ui.png with our new Ui mockup.\nUpdated description to what our application does\n\nMore details can be added later when UG and / or DG is created\n","fileTypesAndContributionMap":{"docs":{"insertions":8,"deletions":11}}},{"hash":"e4bb811ff5d15001c99c5d251642eeb7cb06b75a","isMergeCommit":false,"messageTitle":"Fixed Yetong\u0027s AboutUs page and added Rizki\u0027s","messageBody":"Changed jpg file to png to fix Yetong\u0027s AboutUs page.\nChanged Yetong\u0027s page to match other team members.\nAdded Rizki\u0027s page and AboutUs section.\n","fileTypesAndContributionMap":{"docs":{"insertions":85,"deletions":44}}}]}],"yisiox":[{"date":"2024-03-04","commitResults":[{"hash":"ecb74c12be5dc1d8dde290c0bf5882de2d49e6c0","isMergeCommit":false,"messageTitle":"Update AboutUs for yisiox","messageBody":"","fileTypesAndContributionMap":{"docs":{"insertions":49,"deletions":18}}},{"hash":"a730973d1d28ec36f459da79b1fc12f6329f3038","isMergeCommit":false,"messageTitle":"Fix portfolio link and grammar","messageBody":"","fileTypesAndContributionMap":{"docs":{"insertions":3,"deletions":2}}}]},{"date":"2024-03-06","commitResults":[{"hash":"de187c86656098c6213300b40c58b96a916e8955","isMergeCommit":false,"messageTitle":"Update AboutUs roles and responsibilities","messageBody":"","fileTypesAndContributionMap":{"docs":{"insertions":15,"deletions":12}}},{"hash":"6d33263afa49412aebff9d20d807a4dce7684fce","isMergeCommit":true,"messageTitle":"Merge branch \u0027master\u0027 into update-dg-nfr","messageBody":"","fileTypesAndContributionMap":{}},{"hash":"2aa36decec551360661bf32a12b10b46116b94e9","isMergeCommit":true,"messageTitle":"Merge pull request #45 from aureliony/update-dg-nfr","messageBody":"Fix DG NFR formatting and remove old team members","fileTypesAndContributionMap":{}},{"hash":"2e5d70d2916dd1617913cd077d793535aafe82be","isMergeCommit":false,"messageTitle":"Update the glossary","messageBody":"","fileTypesAndContributionMap":{"docs":{"insertions":30,"deletions":24}}},{"hash":"c9786094509cae88592f178afff36b17929b6a81","isMergeCommit":false,"messageTitle":"Fix wrongful change to target user profile","messageBody":"","fileTypesAndContributionMap":{"docs":{"insertions":1,"deletions":0}}},{"hash":"967a5e1e041ad1205868e4efa5503ff2ba96ae96","isMergeCommit":false,"messageTitle":"Fix confusing phrasing","messageBody":"","fileTypesAndContributionMap":{"docs":{"insertions":1,"deletions":1}}},{"hash":"ffbddb21baefb39d37657506b2eb9381b95e7249","isMergeCommit":true,"messageTitle":"Merge branch \u0027master\u0027 into update-readme-roles","messageBody":"","fileTypesAndContributionMap":{}}]},{"date":"2024-03-10","commitResults":[{"hash":"bf5cf6f237e9ee30e3898c99b8c015cde77ed5da","isMergeCommit":true,"messageTitle":"Merge pull request #71 from aureliony/70-refactor-parserutil","messageBody":"Refactor ParserUtil.java and Field classes\r\n\r\nMoved dispatching functionality of ParserUtil to factory methods in Field \r\nclasses to improve abstraction. Sets up for upcoming refactor of the \r\nLogic component.","fileTypesAndContributionMap":{}}]}],"rizkidelta":[{"date":"2024-03-04","commitResults":[{"hash":"1d4aeaba064ee4bc01ddcafb8959365f7354a6ff","isMergeCommit":true,"messageTitle":"Merge pull request #41 from darkvoid32/branch-Update-README","messageBody":"Updated README.md","fileTypesAndContributionMap":{}},{"hash":"a4a550ff291ae27ed793e405731c985f418491f9","isMergeCommit":true,"messageTitle":"Merge pull request #43 from darkvoid32/branch-Update-README-Rizki","messageBody":"Fixed Yetong\u0027s AboutUs page and added Rizki\u0027s","fileTypesAndContributionMap":{}}]}],"aureliony":[{"date":"2024-02-26","commitResults":[{"hash":"f50f8265764a4237a560cd39841cbc0d1a6a2ad2","isMergeCommit":false,"messageTitle":"Remove JsonAdaptedPerson and JsonAdaptedTag","messageBody":"","fileTypesAndContributionMap":{"functional-code":{"insertions":8,"deletions":169},"test-code":{"insertions":0,"deletions":110}}},{"hash":"5cf15e318fbc4f8362dfd4d0305070c082e59f9d","isMergeCommit":false,"messageTitle":"Move Json annotations into Person and Tag","messageBody":"","fileTypesAndContributionMap":{"functional-code":{"insertions":27,"deletions":22}}},{"hash":"2eeeb964416924bf0f9a7df3216bc6140f2b9cf9","isMergeCommit":false,"messageTitle":"Revert ObjectMapper changes","messageBody":"","fileTypesAndContributionMap":{"functional-code":{"insertions":24,"deletions":1}}},{"hash":"cd6d7fa261ad6227f6f67a612d77290f442ea665","isMergeCommit":false,"messageTitle":"Fix JsonSerializableAddressBookTest","messageBody":"","fileTypesAndContributionMap":{"test-code":{"insertions":4,"deletions":4}}},{"hash":"a6de5b5404adc81bb9300dd5bc483fce6b4b9774","isMergeCommit":false,"messageTitle":"Make AddressBook serializable","messageBody":"","fileTypesAndContributionMap":{"functional-code":{"insertions":15,"deletions":12}}},{"hash":"a69b4621c80562939abf380a5b899d028a44668c","isMergeCommit":false,"messageTitle":"Add JsonValue notations","messageBody":"","fileTypesAndContributionMap":{"functional-code":{"insertions":49,"deletions":20}}},{"hash":"3670249bee606c37c8a150ed8c5095a46300548d","isMergeCommit":false,"messageTitle":"Remove JsonSerializableAddressBook","messageBody":"","fileTypesAndContributionMap":{"functional-code":{"insertions":0,"deletions":58},"test-code":{"insertions":0,"deletions":47}}},{"hash":"1da3353380d9649b2d00f714e7482dffe45ed587","isMergeCommit":false,"messageTitle":"Remove unnecessary annotations","messageBody":"","fileTypesAndContributionMap":{"functional-code":{"insertions":4,"deletions":17}}}]},{"date":"2024-02-27","commitResults":[{"hash":"711f3460ddcf56d80ab5a29a49cc6be300d46c24","isMergeCommit":false,"messageTitle":"Add custom deserializer for UniquePersonList","messageBody":"","fileTypesAndContributionMap":{"functional-code":{"insertions":58,"deletions":3}}},{"hash":"39665b57f1a551d894a56dcf246187d1785ba208","isMergeCommit":false,"messageTitle":"Cleanup and fix checkstyle","messageBody":"","fileTypesAndContributionMap":{"functional-code":{"insertions":5,"deletions":3}}},{"hash":"ffc7ed0bd22ec4499e48bfcb88e2a831aa50d412","isMergeCommit":false,"messageTitle":"Refactor variable names","messageBody":"","fileTypesAndContributionMap":{"functional-code":{"insertions":35,"deletions":44},"test-code":{"insertions":10,"deletions":10}}},{"hash":"33f7ebb6299e173dadc059430fc68fd2ed24bcea","isMergeCommit":false,"messageTitle":"Cleanup Phone.java","messageBody":"","fileTypesAndContributionMap":{"functional-code":{"insertions":1,"deletions":5}}},{"hash":"583b7311eb215fd73f9c91f63f692748c2ba59f0","isMergeCommit":false,"messageTitle":"Remove unnecessary getters","messageBody":"","fileTypesAndContributionMap":{"functional-code":{"insertions":4,"deletions":21}}},{"hash":"7ba691f1ef9f60ea3175a0f8ada5da2195b2351e","isMergeCommit":false,"messageTitle":"Remove unnecessary annotation","messageBody":"","fileTypesAndContributionMap":{"functional-code":{"insertions":0,"deletions":2}}},{"hash":"e2e21bf40d7cc7b11a40c54edccc0d9bc93b5243","isMergeCommit":false,"messageTitle":"Add null check for tagNames","messageBody":"","fileTypesAndContributionMap":{"functional-code":{"insertions":4,"deletions":2}}},{"hash":"10d3015ffc6c5c59058652b212327aa5bda33807","isMergeCommit":false,"messageTitle":"Remove non-null requirement for tagNames","messageBody":"","fileTypesAndContributionMap":{"functional-code":{"insertions":0,"deletions":1}}},{"hash":"db5664d596daf515c62e23232a749d738619a7e6","isMergeCommit":false,"messageTitle":"Move Person fields into separate packages","messageBody":"","fileTypesAndContributionMap":{"functional-code":{"insertions":8,"deletions":0},"other":{"insertions":0,"deletions":0}}}]},{"date":"2024-02-28","commitResults":[{"hash":"94f582cc03a50ccca03e16f05648c833d47eb5b4","isMergeCommit":false,"messageTitle":"Abstract out Set\u003cTag\u003e into new Tags class","messageBody":"","fileTypesAndContributionMap":{"functional-code":{"insertions":155,"deletions":105},"test-code":{"insertions":52,"deletions":71}}},{"hash":"64030dda160eb7d9d8d25d23bc22589d492b7560","isMergeCommit":false,"messageTitle":"Fix passing null into Person.java constructor","messageBody":"","fileTypesAndContributionMap":{"functional-code":{"insertions":10,"deletions":18},"test-code":{"insertions":23,"deletions":23}}},{"hash":"977232187a797112e4c9e9b99222b5018265c917","isMergeCommit":false,"messageTitle":"Fix remaining testcases","messageBody":"","fileTypesAndContributionMap":{"functional-code":{"insertions":27,"deletions":15},"test-code":{"insertions":11,"deletions":7}}},{"hash":"f0db2f933ede34567c506c7530b5d00b2334c380","isMergeCommit":false,"messageTitle":"Fix checkstyle","messageBody":"","fileTypesAndContributionMap":{"functional-code":{"insertions":0,"deletions":7},"test-code":{"insertions":1,"deletions":1}}},{"hash":"203ad1f68a26f417863ae4632e2a84ecbd92f76f","isMergeCommit":false,"messageTitle":"Add TagTest","messageBody":"","fileTypesAndContributionMap":{"other":{"insertions":4,"deletions":12},"test-code":{"insertions":26,"deletions":0}}}]},{"date":"2024-02-29","commitResults":[{"hash":"804bd736b2d34b9b13ac2b67ea821c1037afa2db","isMergeCommit":false,"messageTitle":"Remove Optional and Mandatory packages","messageBody":"","fileTypesAndContributionMap":{"functional-code":{"insertions":26,"deletions":43},"other":{"insertions":15,"deletions":15},"test-code":{"insertions":30,"deletions":30}}}]},{"date":"2024-03-01","commitResults":[{"hash":"a7510bc445736eea88bfa52a26ac2729fb87c5c8","isMergeCommit":true,"messageTitle":"Merge pull request #28 from bryanyee33/project-website-init","messageBody":"Initialize project website with MarkBind","fileTypesAndContributionMap":{}}]},{"date":"2024-03-02","commitResults":[{"hash":"cd56f158d4e686119810a45a4050003f0cafc211","isMergeCommit":false,"messageTitle":"Make fields in Name private","messageBody":"","fileTypesAndContributionMap":{"functional-code":{"insertions":8,"deletions":7},"test-code":{"insertions":14,"deletions":20}}},{"hash":"02dd981ed4dedde7789d6f58a2e2c868b1fd663c","isMergeCommit":false,"messageTitle":"Privatize more attributes and methods","messageBody":"","fileTypesAndContributionMap":{"functional-code":{"insertions":20,"deletions":17},"test-code":{"insertions":74,"deletions":74}}},{"hash":"2b6c4aa20ea4904fad6c70cec11ecc3d47e94801","isMergeCommit":false,"messageTitle":"Privatize fields in Tag","messageBody":"","fileTypesAndContributionMap":{"functional-code":{"insertions":6,"deletions":4},"test-code":{"insertions":13,"deletions":6}}},{"hash":"74b0eb1a39f8cb73c686f9d054bf4a6a0938a31c","isMergeCommit":false,"messageTitle":"Privatize all MESSAGE_CONSTRAINTS","messageBody":"","fileTypesAndContributionMap":{"functional-code":{"insertions":6,"deletions":7},"test-code":{"insertions":25,"deletions":28}}},{"hash":"a005006269b72b3cc6273640410a08349bcb6997","isMergeCommit":false,"messageTitle":"Rename methods to isValid","messageBody":"","fileTypesAndContributionMap":{"functional-code":{"insertions":10,"deletions":10}}},{"hash":"56635cb8dbfd4621faa14584de48627956a4e3a3","isMergeCommit":false,"messageTitle":"Update AboutUs.md and add portfolio page","messageBody":"","fileTypesAndContributionMap":{"docs":{"insertions":8,"deletions":7}}},{"hash":"89d47b8c755f81aca2d03394af593d169534f3de","isMergeCommit":false,"messageTitle":"Add profile picture and portfolio page","messageBody":"","fileTypesAndContributionMap":{"docs":{"insertions":42,"deletions":0}}},{"hash":"9cdd2decabc7eed61aca479406f7fe4e60b89868","isMergeCommit":true,"messageTitle":"Merge pull request #35 from bryanyee33/project-website-aboutus","messageBody":"Update initial AboutUs page for Bryan","fileTypesAndContributionMap":{}},{"hash":"f88b055af2cecebf954b59ddd3a78cea84805af2","isMergeCommit":true,"messageTitle":"Resolve merge conflicts","messageBody":"","fileTypesAndContributionMap":{}},{"hash":"21fd842c2af95ce637df502f45465247e9124dac","isMergeCommit":false,"messageTitle":"Update portfolio page","messageBody":"","fileTypesAndContributionMap":{"docs":{"insertions":1,"deletions":5}}},{"hash":"39d4b23cda85b2b3bc442f2408b2cd9c85e6aee4","isMergeCommit":false,"messageTitle":"Remove \u003d\u003d\u003d\u003d from AboutUs.md","messageBody":"","fileTypesAndContributionMap":{"docs":{"insertions":0,"deletions":1}}},{"hash":"650f5fee9976390f2ad7dfca6146e9743932461f","isMergeCommit":true,"messageTitle":"Merge remote-tracking branch \u0027upstream/master\u0027 into update-aboutus","messageBody":"","fileTypesAndContributionMap":{}}]},{"date":"2024-03-03","commitResults":[{"hash":"27f364855ec1d112e11f819d8e69b64cffb34a09","isMergeCommit":true,"messageTitle":"Merge branch \u0027master\u0027 into refactor-models","messageBody":"","fileTypesAndContributionMap":{}},{"hash":"f9deea34e99d3efa34f711ebfa7d916630419da8","isMergeCommit":true,"messageTitle":"Merge branch \u0027master\u0027 into project-website-init","messageBody":"","fileTypesAndContributionMap":{}},{"hash":"3cfea6f4de92fbab7711fec3a4b06bd87a22f35b","isMergeCommit":true,"messageTitle":"Merge pull request #36 from bryanyee33/project-website-init","messageBody":"Update description of AssetBook-3","fileTypesAndContributionMap":{}},{"hash":"0225279c119bc6e336bcec56e6687142d51a8fa0","isMergeCommit":false,"messageTitle":"Add non-functional requirements to DeveloperGuide.md","messageBody":"","fileTypesAndContributionMap":{"docs":{"insertions":44,"deletions":5}}},{"hash":"032357edec6e697b14ea53acf4198aacaa13aa4c","isMergeCommit":true,"messageTitle":"Merge branch \u0027master\u0027 into update-aboutus","messageBody":"","fileTypesAndContributionMap":{}},{"hash":"274d2a560db350139f8280309ab756859a77af77","isMergeCommit":true,"messageTitle":"Merge pull request #38 from aureliony/update-aboutus","messageBody":"Update AboutUs.md","fileTypesAndContributionMap":{}},{"hash":"ddba7ae0c2d49b3df0aaf4caf7de3ea3ff0b2e6c","isMergeCommit":true,"messageTitle":"Merge branch \u0027master\u0027 into update-dg-nfr","messageBody":"","fileTypesAndContributionMap":{}},{"hash":"35c601881c0316786968e10068740c55a0f1bd1d","isMergeCommit":true,"messageTitle":"Merge pull request #39 from aureliony/update-dg-nfr","messageBody":"Add non-functional requirements to DeveloperGuide.md","fileTypesAndContributionMap":{}},{"hash":"8966c813d77d678b4d565374cf731662559b385b","isMergeCommit":true,"messageTitle":"Merge branch \u0027master\u0027 into refactor-models","messageBody":"","fileTypesAndContributionMap":{}},{"hash":"32215b98e9b9b20da0076ad5e953501700d096c7","isMergeCommit":true,"messageTitle":"Merge pull request #32 from aureliony/refactor-models","messageBody":"Refactor models: privatize attributes and methods in Person fields","fileTypesAndContributionMap":{}}]},{"date":"2024-03-05","commitResults":[{"hash":"52e700575c3b491e32273781d8120fd62acadaff","isMergeCommit":false,"messageTitle":"Fix DG NFR formatting","messageBody":"","fileTypesAndContributionMap":{"docs":{"insertions":35,"deletions":35}}},{"hash":"706d80cc8a626842035fa9dcf113e203ea8c8261","isMergeCommit":false,"messageTitle":"Remove old team members","messageBody":"","fileTypesAndContributionMap":{"docs":{"insertions":0,"deletions":46}}}]},{"date":"2024-03-06","commitResults":[{"hash":"45daf3182dfb100542206d762b8533d08488b6f9","isMergeCommit":true,"messageTitle":"Merge PR #53 from bryanyee33/48-dev-guide-user-stories-use-cases","messageBody":"Add target user profile, value proposition, user stories, user cases","fileTypesAndContributionMap":{}},{"hash":"486c3c07aaaf9554d32facd67ba2daa63cc832c4","isMergeCommit":true,"messageTitle":"Merge branch \u0027master\u0027 into update-readme-roles","messageBody":"","fileTypesAndContributionMap":{}},{"hash":"3d205a1225d2370f664e52f4075a641b691378b6","isMergeCommit":true,"messageTitle":"Merge pull request #56 from yisiox/49-update-dg-glossary","messageBody":"Update the glossary","fileTypesAndContributionMap":{}},{"hash":"29793ea1355087a14e6c4a0ca912ec31b5341d57","isMergeCommit":false,"messageTitle":"Update all UG sections","messageBody":"","fileTypesAndContributionMap":{"docs":{"insertions":73,"deletions":76}}},{"hash":"ca6138107b166beb786be333d4b1c749b10d4a52","isMergeCommit":false,"messageTitle":"Remove errors","messageBody":"","fileTypesAndContributionMap":{"docs":{"insertions":9,"deletions":30}}},{"hash":"b8abed2b7eee8e3e8768be02dc986f3f7383d5de","isMergeCommit":false,"messageTitle":"Remove quotation mark requirement","messageBody":"","fileTypesAndContributionMap":{"docs":{"insertions":3,"deletions":6}}},{"hash":"64aba3ed85a341bf1ed0918062c1ee808c2d4922","isMergeCommit":false,"messageTitle":"Fix formatting and cleanup","messageBody":"","fileTypesAndContributionMap":{"docs":{"insertions":36,"deletions":16}}},{"hash":"183826dedde26b8fe6232fd2fe6bc72e1935d907","isMergeCommit":false,"messageTitle":"Remove traces of AB3","messageBody":"","fileTypesAndContributionMap":{"docs":{"insertions":1,"deletions":1}}},{"hash":"c60de60d55b45d0abbe84f8317a8e2ed5706fce6","isMergeCommit":true,"messageTitle":"Merge pull request #52 from yisiox/update-readme-roles","messageBody":"Update AboutUs roles and responsibilities","fileTypesAndContributionMap":{}},{"hash":"1c4ab4823bc0dd5f0adeb3beab449c9632dc9e94","isMergeCommit":true,"messageTitle":"Merge branch \u0027master\u0027 into 30-update-ug","messageBody":"","fileTypesAndContributionMap":{}}]},{"date":"2024-03-07","commitResults":[{"hash":"3b04b2119ab4c38c763d62d8dc0db8021e4a79f6","isMergeCommit":true,"messageTitle":"Merge pull request #59 from aureliony/30-update-ug","messageBody":"Update all UG sections","fileTypesAndContributionMap":{}}]},{"date":"2024-03-08","commitResults":[{"hash":"4d0d4af14304509fc5fbbcf145f3774fd2471bca","isMergeCommit":true,"messageTitle":"Merge branch \u0027master\u0027 into 54-refactor-logic","messageBody":"","fileTypesAndContributionMap":{}},{"hash":"fb033717ed3361e6ce296072d131527595910c4f","isMergeCommit":true,"messageTitle":"Merge pull request #55 from bryanyee33/6-refactor-storage","messageBody":"Refactor Storage components","fileTypesAndContributionMap":{}}]},{"date":"2024-03-10","commitResults":[{"hash":"fc1739bbc244bb4893452f1d5373c890350208a7","isMergeCommit":false,"messageTitle":"Move factory constructors into their respective model class","messageBody":"","fileTypesAndContributionMap":{"functional-code":{"insertions":102,"deletions":95},"test-code":{"insertions":20,"deletions":20}}},{"hash":"813cfd662493b09b04daa74fef6e2b498c1bdeb7","isMergeCommit":false,"messageTitle":"Move ParserUtil tests into respective model tests","messageBody":"","fileTypesAndContributionMap":{"test-code":{"insertions":152,"deletions":137}}},{"hash":"53158185adc405e1dbdf6b2da7157877c358f2c4","isMergeCommit":false,"messageTitle":"Rename factory constructors to of()","messageBody":"","fileTypesAndContributionMap":{"functional-code":{"insertions":15,"deletions":15},"test-code":{"insertions":20,"deletions":20}}}]}],"bryanyee33":[{"date":"2024-02-29","commitResults":[{"hash":"8f4d0aff142753d3ad90523464cfac615c1935fb","isMergeCommit":true,"messageTitle":"Merge pull request #8 from aureliony/refactor-models","messageBody":"Refactor models component","fileTypesAndContributionMap":{}},{"hash":"e51ece70e015f27ffb3af901fa2132ab2a5bd3fa","isMergeCommit":false,"messageTitle":"Update default page","messageBody":"","fileTypesAndContributionMap":{"docs":{"insertions":9,"deletions":8}}}]},{"date":"2024-03-02","commitResults":[{"hash":"c335bd088f4224dfa0b052a414031cf0050f9053","isMergeCommit":false,"messageTitle":"Add initial about page","messageBody":"","fileTypesAndContributionMap":{"docs":{"insertions":44,"deletions":6}}},{"hash":"d353872a522ed43c983663407f39a75c53d8687b","isMergeCommit":false,"messageTitle":"Update description of AssetBook-3","messageBody":"","fileTypesAndContributionMap":{"docs":{"insertions":3,"deletions":3}}},{"hash":"692a531510343aa9b2fafb783549930fa218e90c","isMergeCommit":true,"messageTitle":"Merge pull request #33 from aureliony/update-aboutus","messageBody":"Update AboutUs.md and add portfolio page for aureliony","fileTypesAndContributionMap":{}}]},{"date":"2024-03-05","commitResults":[{"hash":"7469a1c237dc636ce41647b13c5eec51535ad8cc","isMergeCommit":true,"messageTitle":"Merge pull request #44 from yisiox/branch-update-readme","messageBody":"Update AboutUs for yisiox","fileTypesAndContributionMap":{}},{"hash":"5fa478cbeb617548383c49bdd08a004ed9848f70","isMergeCommit":false,"messageTitle":"Update product scope and user stories","messageBody":"","fileTypesAndContributionMap":{"docs":{"insertions":27,"deletions":11}}}]},{"date":"2024-03-06","commitResults":[{"hash":"68fa075373d0349e191aa008afc65bb1fc0da14a","isMergeCommit":false,"messageTitle":"Add use cases","messageBody":"","fileTypesAndContributionMap":{"docs":{"insertions":29,"deletions":15}}},{"hash":"fa76ae48e482979d5bb60fcff015faa93eec5165","isMergeCommit":false,"messageTitle":"Move readInitialAddressBook() into StorageManager","messageBody":"","fileTypesAndContributionMap":{"functional-code":{"insertions":35,"deletions":37}}},{"hash":"ea68c6726dac25685d851929e311b61186b3454d","isMergeCommit":true,"messageTitle":"Merge branch \u0027master\u0027 into 6-refactor-storage","messageBody":"","fileTypesAndContributionMap":{}},{"hash":"803b17abfd47daf5168610b238ccd5ad0c925c4f","isMergeCommit":false,"messageTitle":"Move saveAddressBook exception handling to Storage components","messageBody":"","fileTypesAndContributionMap":{"functional-code":{"insertions":55,"deletions":33},"test-code":{"insertions":5,"deletions":62}}},{"hash":"39ca9728592f2f45e80e23589fc092479e412114","isMergeCommit":false,"messageTitle":"Add test cases for readInitialAddressBook()","messageBody":"","fileTypesAndContributionMap":{"functional-code":{"insertions":0,"deletions":3},"test-code":{"insertions":20,"deletions":0}}},{"hash":"2a4200ba442fc0e3078e00511648b81ce9447211","isMergeCommit":false,"messageTitle":"Refine test cases","messageBody":"","fileTypesAndContributionMap":{"functional-code":{"insertions":0,"deletions":14},"test-code":{"insertions":19,"deletions":7}}},{"hash":"27b53d29bac624f3be257a334c1eb315f74f811d","isMergeCommit":false,"messageTitle":"AddressBookParser.java::parseCommand() change to static","messageBody":"","fileTypesAndContributionMap":{"functional-code":{"insertions":2,"deletions":4}}},{"hash":"5e02faf6beb24e6cc28cb5a9fe905a8478fc6c50","isMergeCommit":false,"messageTitle":"Remove commandResult initialization","messageBody":"","fileTypesAndContributionMap":{"functional-code":{"insertions":2,"deletions":3}}}]},{"date":"2024-03-07","commitResults":[{"hash":"97b9b3ca65ce7b569f12ce91ddc8c4f58d298274","isMergeCommit":false,"messageTitle":"Remove CommandResult.java","messageBody":"","fileTypesAndContributionMap":{"functional-code":{"insertions":42,"deletions":127},"test-code":{"insertions":11,"deletions":87}}},{"hash":"28b856db4c25fdd9342e31f45f37c8b037796c60","isMergeCommit":true,"messageTitle":"Merge branch \u0027master\u0027 into 6-refactor-storage","messageBody":"","fileTypesAndContributionMap":{}}]},{"date":"2024-03-08","commitResults":[{"hash":"31ebb757135c2c284ffb8cde9e5c162531d98ff9","isMergeCommit":true,"messageTitle":"Merge pull request #60 from bryanyee33/54-refactor-logic","messageBody":"Refactor logic components","fileTypesAndContributionMap":{}},{"hash":"5b9a802d37eede58ae4ed05564dd65e093ba489c","isMergeCommit":true,"messageTitle":"Merge branch \u0027master\u0027 into 6-refactor-storage","messageBody":"","fileTypesAndContributionMap":{}}]}]},"authorFileTypeContributionMap":{"darkvoid32":{"docs":93,"functional-code":0,"test-code":0},"yisiox":{"docs":71,"functional-code":0,"test-code":0},"rizkidelta":{"docs":0,"functional-code":0,"test-code":0},"aureliony":{"docs":173,"functional-code":366,"test-code":360},"bryanyee33":{"docs":99,"functional-code":117,"test-code":50}},"authorContributionVariance":{"darkvoid32":1291.0728,"yisiox":635.7925,"rizkidelta":0.0,"aureliony":49026.176,"bryanyee33":9672.602},"authorDisplayNameMap":{"darkvoid32":"CS2103T-W12-3 TANG..TONG","yisiox":"CS2103T-W12-3 GUK ..IONG","rizkidelta":"CS2103T-W12-3 MUHA..UAJI","aureliony":"CS2103T-W12-3 LEON.. YEW","bryanyee33":"CS2103T-W12-3 YEE ..RYAN"}}
