{"authorDailyContributionsMap":{"darkvoid32":[{"date":"2024-02-27","commitResults":[{"hash":"dfb1e3d9d11c8ec57f1e75b774696544e9b2405e","isMergeCommit":true,"messageTitle":"Merge pull request #7 from aureliony/refactor","messageBody":"Refactor existing JSON serialization and deserialization code to our current uses.","fileTypesAndContributionMap":{}}]},{"date":"2024-03-02","commitResults":[{"hash":"67d9d583455f4ce2db3235341841ea1ec9abe957","isMergeCommit":false,"messageTitle":"Update AboutUs page for Yetong","messageBody":"","fileTypesAndContributionMap":{"docs":{"insertions":42,"deletions":6}}},{"hash":"bf7a5eefde3db6e23c9809a814cd95305b0ab69b","isMergeCommit":true,"messageTitle":"Merge branch \u0027master\u0027 into branch-AboutUs-Yetong","messageBody":"","fileTypesAndContributionMap":{}},{"hash":"1d0a526712f87e29e4dd6028d6bccbb540515178","isMergeCommit":true,"messageTitle":"Merge pull request #9 from darkvoid32/branch-AboutUs-Yetong","messageBody":"Update AboutUs page for Yetong","fileTypesAndContributionMap":{}}]},{"date":"2024-03-04","commitResults":[{"hash":"374dacd516ecffee8ee77a039385493d75f281d6","isMergeCommit":false,"messageTitle":"Update README.md","messageBody":"Replaced Ui.png with our new Ui mockup.\nUpdated description to what our application does\n\nMore details can be added later when UG and / or DG is created\n","fileTypesAndContributionMap":{"docs":{"insertions":8,"deletions":11}}},{"hash":"e4bb811ff5d15001c99c5d251642eeb7cb06b75a","isMergeCommit":false,"messageTitle":"Fixed Yetong\u0027s AboutUs page and added Rizki\u0027s","messageBody":"Changed jpg file to png to fix Yetong\u0027s AboutUs page.\nChanged Yetong\u0027s page to match other team members.\nAdded Rizki\u0027s page and AboutUs section.\n","fileTypesAndContributionMap":{"docs":{"insertions":85,"deletions":44}}}]},{"date":"2024-03-19","commitResults":[{"hash":"e6551efe790634380c2d8ec87ce0ef1f31e31f80","isMergeCommit":false,"messageTitle":"Update Edit and Add command tests","messageBody":"Currently Edit and Add commands do not have tests directly to new assets object\n\nEdit and Add command tests are updated to cover new logic added for assets\n","fileTypesAndContributionMap":{"test-code":{"insertions":124,"deletions":35}}},{"hash":"15c80a4140134e932e87f760c234fe2614af0d26","isMergeCommit":false,"messageTitle":"Fix TypicalPersons data","messageBody":"Originally Bob\u0027s VALID tags were removed for ease of testing\n\nRelevant tags have been added back to ensure comprehensive testing\n\nUpdate Edit and Add command tests\n\nCurrently Edit and Add commands do not have tests directly to new assets object\n\nEdit and Add command tests are updated to cover new logic added for assets\n","fileTypesAndContributionMap":{"other":{"insertions":595,"deletions":0},"test-code":{"insertions":6,"deletions":7}}},{"hash":"e81bb7ad6de2b9d77181217b2c10c4fef0e31c2c","isMergeCommit":false,"messageTitle":"Update tests to reflect new changes to assets","messageBody":"Regex for assets was modified, hence the tests for edit and add failed for the new asset logic\n\nUpdate tests to reflect new logic required for assets\n","fileTypesAndContributionMap":{"test-code":{"insertions":2,"deletions":4}}},{"hash":"493f691c408d724b9963f651c5aacfaed73f96d3","isMergeCommit":false,"messageTitle":"Remove bin files","messageBody":"Bin files added by mistake\n\nRemove all bin files and add to gitignore\n","fileTypesAndContributionMap":{"other":{"insertions":0,"deletions":595}}},{"hash":"a45193fe9928e95f3c632a1558a46c4fef7cdcbe","isMergeCommit":true,"messageTitle":"Merge branch \u0027master\u0027 into add-assets-tests","messageBody":"","fileTypesAndContributionMap":{}}]},{"date":"2024-03-20","commitResults":[{"hash":"7b573ee571d8bce8144fefd490187ddd73712a5e","isMergeCommit":false,"messageTitle":"Add EditAssetCommand","messageBody":"Add skeleton code for EditAccessCommand\n\nContinue with tests\n","fileTypesAndContributionMap":{"functional-code":{"insertions":296,"deletions":0},"test-code":{"insertions":335,"deletions":0}}},{"hash":"9e2dce7bdf884c2dad705aa08908a293a06801ee","isMergeCommit":false,"messageTitle":"Add edita command","messageBody":"Assets could not be edited\n\nAssets can now be edited and relevant people holding the assets will get updated accordingly\n","fileTypesAndContributionMap":{"functional-code":{"insertions":19,"deletions":6},"test-code":{"insertions":365,"deletions":301}}},{"hash":"4066e2aaf32eb658a33e115f98338c9497f3d19d","isMergeCommit":true,"messageTitle":"Merge master and edit asset branch","messageBody":"","fileTypesAndContributionMap":{}},{"hash":"826eaaf18a9b7588ff5b61daa4f0f8925c9e01a7","isMergeCommit":false,"messageTitle":"Adhere to checkstyle requirements","messageBody":"Checkstyle errors for new edita command\n","fileTypesAndContributionMap":{"functional-code":{"insertions":26,"deletions":16},"test-code":{"insertions":19,"deletions":300}}},{"hash":"ea2c23df6aadd634797d191bb70a9f6207eddde2","isMergeCommit":false,"messageTitle":"Add tests for EditAssetCommand","messageBody":"EditAssetCommand did not have any tests\n\nTwo tests were added to check simple usage\n","fileTypesAndContributionMap":{"functional-code":{"insertions":5,"deletions":9},"test-code":{"insertions":21,"deletions":10}}},{"hash":"f1a893271bafbdd243ff6718bdbceb487fddaccb","isMergeCommit":false,"messageTitle":"Add more tests to EditAssetCommand","messageBody":"Add more coverage for EditAssetCommand\n","fileTypesAndContributionMap":{"functional-code":{"insertions":1,"deletions":1},"test-code":{"insertions":53,"deletions":9}}},{"hash":"0681fa6138399e83d891591259d3425b64d7b11a","isMergeCommit":true,"messageTitle":"Merge branch \u0027add-edit-asset\u0027 of https://github.com/darkvoid32/tp into add-edit-asset","messageBody":"","fileTypesAndContributionMap":{}},{"hash":"db1c9996078c33079bb8293bfc9ff078fb8fb3f0","isMergeCommit":false,"messageTitle":"Add more tests for EditAssetCommand","messageBody":"Code coverage insufficient for tests\n\nAdd more tests for EditAssetCommand\n","fileTypesAndContributionMap":{"functional-code":{"insertions":6,"deletions":1},"test-code":{"insertions":73,"deletions":30}}},{"hash":"3da9ad9e6f4abaf65019da578196a6aa15b03372","isMergeCommit":true,"messageTitle":"Merge pull request #1 from bryanyee33/edit-asset-fix","messageBody":"Fix EditAssetCommand","fileTypesAndContributionMap":{}}]},{"date":"2024-03-26","commitResults":[{"hash":"d86026caf62a30f19e5b0e8bc789a292b7402884","isMergeCommit":false,"messageTitle":"Add EditAssetCommand PlantUML","messageBody":"EditAssetCommand does not have a sequence diagram right now\n\nSequence diagram added for EditAssetCommand\n","fileTypesAndContributionMap":{"docs":{"insertions":74,"deletions":0}}}]}],"yisiox":[{"date":"2024-03-04","commitResults":[{"hash":"ecb74c12be5dc1d8dde290c0bf5882de2d49e6c0","isMergeCommit":false,"messageTitle":"Update AboutUs for yisiox","messageBody":"","fileTypesAndContributionMap":{"docs":{"insertions":49,"deletions":18}}},{"hash":"a730973d1d28ec36f459da79b1fc12f6329f3038","isMergeCommit":false,"messageTitle":"Fix portfolio link and grammar","messageBody":"","fileTypesAndContributionMap":{"docs":{"insertions":3,"deletions":2}}}]},{"date":"2024-03-06","commitResults":[{"hash":"de187c86656098c6213300b40c58b96a916e8955","isMergeCommit":false,"messageTitle":"Update AboutUs roles and responsibilities","messageBody":"","fileTypesAndContributionMap":{"docs":{"insertions":15,"deletions":12}}},{"hash":"6d33263afa49412aebff9d20d807a4dce7684fce","isMergeCommit":true,"messageTitle":"Merge branch \u0027master\u0027 into update-dg-nfr","messageBody":"","fileTypesAndContributionMap":{}},{"hash":"2aa36decec551360661bf32a12b10b46116b94e9","isMergeCommit":true,"messageTitle":"Merge pull request #45 from aureliony/update-dg-nfr","messageBody":"Fix DG NFR formatting and remove old team members","fileTypesAndContributionMap":{}},{"hash":"2e5d70d2916dd1617913cd077d793535aafe82be","isMergeCommit":false,"messageTitle":"Update the glossary","messageBody":"","fileTypesAndContributionMap":{"docs":{"insertions":30,"deletions":24}}},{"hash":"c9786094509cae88592f178afff36b17929b6a81","isMergeCommit":false,"messageTitle":"Fix wrongful change to target user profile","messageBody":"","fileTypesAndContributionMap":{"docs":{"insertions":1,"deletions":0}}},{"hash":"967a5e1e041ad1205868e4efa5503ff2ba96ae96","isMergeCommit":false,"messageTitle":"Fix confusing phrasing","messageBody":"","fileTypesAndContributionMap":{"docs":{"insertions":1,"deletions":1}}},{"hash":"ffbddb21baefb39d37657506b2eb9381b95e7249","isMergeCommit":true,"messageTitle":"Merge branch \u0027master\u0027 into update-readme-roles","messageBody":"","fileTypesAndContributionMap":{}}]},{"date":"2024-03-08","commitResults":[{"hash":"c9e335bc97c414a5ceb307f41034676bd3e852b9","isMergeCommit":false,"messageTitle":"Update target user and value proposition","messageBody":"","fileTypesAndContributionMap":{"docs":{"insertions":22,"deletions":11}}},{"hash":"a05b15fad8bc925a9172fd568ac53d0c46a9aa16","isMergeCommit":false,"messageTitle":"Add clipboard shortcut to user stories","messageBody":"","fileTypesAndContributionMap":{"docs":{"insertions":23,"deletions":22}}}]},{"date":"2024-03-09","commitResults":[{"hash":"575aa469d8a4919d7686786b94aa4cf82c547f73","isMergeCommit":false,"messageTitle":"Update use cases","messageBody":"","fileTypesAndContributionMap":{"docs":{"insertions":76,"deletions":40}}},{"hash":"e7bd1f4f3bbf401f5667bead4efd9a420645f1c5","isMergeCommit":false,"messageTitle":"Add dividers for readability","messageBody":"","fileTypesAndContributionMap":{"docs":{"insertions":12,"deletions":0}}},{"hash":"21160566e8d8c4a198f53ec93817c3c0cf66c7da","isMergeCommit":true,"messageTitle":"Merge branch \u0027master\u0027 into better-dg-requirements","messageBody":"","fileTypesAndContributionMap":{}}]},{"date":"2024-03-10","commitResults":[{"hash":"06548d69db7c3c302472d0a16e45768ed5376097","isMergeCommit":false,"messageTitle":"Add command enum","messageBody":"","fileTypesAndContributionMap":{"functional-code":{"insertions":59,"deletions":0}}},{"hash":"bf5cf6f237e9ee30e3898c99b8c015cde77ed5da","isMergeCommit":true,"messageTitle":"Merge pull request #71 from aureliony/70-refactor-parserutil","messageBody":"Refactor ParserUtil.java and Field classes\r\n\r\nMoved dispatching functionality of ParserUtil to factory methods in Field \r\nclasses to improve abstraction. Sets up for upcoming refactor of the \r\nLogic component.","fileTypesAndContributionMap":{}},{"hash":"72e2aae02487022140a5a27e1bc43faad9624e6b","isMergeCommit":true,"messageTitle":"Merge branch \u0027master\u0027 into 63-refactor-parser-enum","messageBody":"","fileTypesAndContributionMap":{}},{"hash":"50e8f5f151fbf5729f121b461d1d66a52d98b792","isMergeCommit":false,"messageTitle":"Add enum factory pattern to commands","messageBody":"","fileTypesAndContributionMap":{"functional-code":{"insertions":168,"deletions":48}}},{"hash":"fa0ff530d4e3b747899de9d6af546e6daf8560ee","isMergeCommit":false,"messageTitle":"Rename parsers as util","messageBody":"","fileTypesAndContributionMap":{"functional-code":{"insertions":34,"deletions":34},"other":{"insertions":58,"deletions":58},"docs":{"insertions":1,"deletions":1},"test-code":{"insertions":16,"deletions":16}}}]},{"date":"2024-03-11","commitResults":[{"hash":"b60efa4d7c246b65933e478e8c649a2a7f24c2e0","isMergeCommit":false,"messageTitle":"Change fields to use IllegalArgumentException","messageBody":"All exceptions within CommandType::createCommand are changed to a lower\nlevel IllegalArgumentException while the entry point rethrows a higher\nlevel ParseException.\n\nDelete all command parser tests\n\nRemoved all command parser tests pending new tests written for command\nclasses which encapsulate the parsing functionality.\n","fileTypesAndContributionMap":{"functional-code":{"insertions":54,"deletions":281},"test-code":{"insertions":14,"deletions":484}}},{"hash":"718df4660a49a8e9bac219eaeb72e8669c3c9d6b","isMergeCommit":false,"messageTitle":"Fix code style","messageBody":"","fileTypesAndContributionMap":{"functional-code":{"insertions":1,"deletions":15},"test-code":{"insertions":1,"deletions":0}}},{"hash":"bc861b173523127f8d673d114dff842105fea5f5","isMergeCommit":false,"messageTitle":"Delete dead parser code","messageBody":"","fileTypesAndContributionMap":{"functional-code":{"insertions":1,"deletions":17},"test-code":{"insertions":0,"deletions":48}}},{"hash":"bae9499fea11ee3d871ab43d8c27acd0bb35a79f","isMergeCommit":false,"messageTitle":"Move prefixes to fields","messageBody":"","fileTypesAndContributionMap":{"functional-code":{"insertions":15,"deletions":12},"other":{"insertions":2,"deletions":2},"test-code":{"insertions":11,"deletions":10}}},{"hash":"712ce0d53641a6f8ec9019388aab49b54c887bbb","isMergeCommit":false,"messageTitle":"Fix code style","messageBody":"","fileTypesAndContributionMap":{"functional-code":{"insertions":3,"deletions":3},"test-code":{"insertions":1,"deletions":0}}},{"hash":"7447fee805bad9d709203eec7c62bfa0233ff8f5","isMergeCommit":false,"messageTitle":"Add unit tests for command factories","messageBody":"","fileTypesAndContributionMap":{"functional-code":{"insertions":8,"deletions":1},"test-code":{"insertions":437,"deletions":0}}},{"hash":"bcb8b432880e80f8ef1e4667c90c0eecc71303ef","isMergeCommit":false,"messageTitle":"Fix coding style","messageBody":"","fileTypesAndContributionMap":{"test-code":{"insertions":6,"deletions":3}}},{"hash":"495223c66224966f05c51df835649bde790bd07c","isMergeCommit":false,"messageTitle":"Fix test coverage and typos","messageBody":"","fileTypesAndContributionMap":{"test-code":{"insertions":11,"deletions":4}}},{"hash":"f0eb5da7e05db119a07823302626e54d6f43ede0","isMergeCommit":false,"messageTitle":"Fix code style","messageBody":"","fileTypesAndContributionMap":{"test-code":{"insertions":2,"deletions":2}}},{"hash":"750994ded0d0b46acc7297882134149e9614e5ad","isMergeCommit":false,"messageTitle":"Encapsulate prefixes as members of fields","messageBody":"","fileTypesAndContributionMap":{"functional-code":{"insertions":20,"deletions":30},"other":{"insertions":1,"deletions":1},"test-code":{"insertions":19,"deletions":19}}},{"hash":"584c77d6cc834e11dd1a5c7dae30cc5369a8adc9","isMergeCommit":true,"messageTitle":"Merge branch \u0027master\u0027 into better-dg-requirements","messageBody":"","fileTypesAndContributionMap":{}},{"hash":"3674f9f8655f0bcc4a0d5e01d30540bc347a2618","isMergeCommit":true,"messageTitle":"Merge pull request #61 from yisiox/better-dg-requirements","messageBody":"Update DG requirements","fileTypesAndContributionMap":{}}]},{"date":"2024-03-16","commitResults":[{"hash":"5e71838bd8db0586069a449aac0bb1fef99206fc","isMergeCommit":false,"messageTitle":"Fix code style","messageBody":"","fileTypesAndContributionMap":{"functional-code":{"insertions":1,"deletions":0}}},{"hash":"e02ac5adcedb52784a1832527552c7abb303b733","isMergeCommit":true,"messageTitle":"Merge branch \u0027master\u0027 into 64-update-ug","messageBody":"","fileTypesAndContributionMap":{}},{"hash":"8a1d523887b948d2253f9f7022700864d728e1d6","isMergeCommit":true,"messageTitle":"Merge pull request #65 from aureliony/64-update-ug","messageBody":"Update the user guide based on new feature specification","fileTypesAndContributionMap":{}}]},{"date":"2024-03-17","commitResults":[{"hash":"bfa22a9a6cdfe58d5e5aaa4632cffa6044da6250","isMergeCommit":false,"messageTitle":"Add asset field","messageBody":"","fileTypesAndContributionMap":{"functional-code":{"insertions":96,"deletions":1}}},{"hash":"386701ac2f3f655d2bf54e0e95b28621030e63dd","isMergeCommit":false,"messageTitle":"Split Asset and Assets","messageBody":"","fileTypesAndContributionMap":{"functional-code":{"insertions":173,"deletions":95}}},{"hash":"9a2c9427975a8444482fcc26fd49cea17491881c","isMergeCommit":false,"messageTitle":"Update AddCommand and EditCommand for assets","messageBody":"","fileTypesAndContributionMap":{"functional-code":{"insertions":65,"deletions":19}}},{"hash":"f668a1b3b805554047199254b4f60729c9d90a05","isMergeCommit":true,"messageTitle":"Merge pull request #78 from aureliony/76-update-dg-storage","messageBody":"Update DG for storage component and delete unused test data","fileTypesAndContributionMap":{}}]},{"date":"2024-03-18","commitResults":[{"hash":"7b73379223b5fe6422eb14ee0508dd47c7e4cab1","isMergeCommit":false,"messageTitle":"Fix GUI response message","messageBody":"","fileTypesAndContributionMap":{"functional-code":{"insertions":4,"deletions":3}}},{"hash":"644eabb9d6b50a34ecd21d9c133ae2d052bde48e","isMergeCommit":false,"messageTitle":"Update GUI to include assets","messageBody":"","fileTypesAndContributionMap":{"functional-code":{"insertions":7,"deletions":0}}},{"hash":"cd96bbd706af50ef189249305f2c1d0db69dcd1c","isMergeCommit":false,"messageTitle":"Update asset GUI appearance","messageBody":"","fileTypesAndContributionMap":{"functional-code":{"insertions":14,"deletions":0}}},{"hash":"1e04e768c382a0bd38551a62e0339d36b228bae3","isMergeCommit":false,"messageTitle":"Fix tests broken by asset","messageBody":"","fileTypesAndContributionMap":{"test-code":{"insertions":20,"deletions":3}}},{"hash":"b1cfa42bfc704507749effd98fdb2152df9e180d","isMergeCommit":false,"messageTitle":"Add tests for assets","messageBody":"","fileTypesAndContributionMap":{"test-code":{"insertions":89,"deletions":0}}},{"hash":"8023c2043605089bb07f64333f21cdb6d60de990","isMergeCommit":false,"messageTitle":"Fix code style","messageBody":"","fileTypesAndContributionMap":{"test-code":{"insertions":3,"deletions":3}}},{"hash":"5b2f0a97dcdf674863ce9d2a1473d06d1edd96d3","isMergeCommit":false,"messageTitle":"Improve test coverage","messageBody":"","fileTypesAndContributionMap":{"test-code":{"insertions":6,"deletions":0}}},{"hash":"202aac052066f323de25b6d3f7efda550c24b383","isMergeCommit":true,"messageTitle":"Merge branch \u0027master\u0027 into 10-add-assets","messageBody":"","fileTypesAndContributionMap":{}}]},{"date":"2024-03-19","commitResults":[{"hash":"48e9c1f28c0545a16e1dd633b37e737f1be7b9aa","isMergeCommit":false,"messageTitle":"Change asset to allow any non empty name","messageBody":"","fileTypesAndContributionMap":{"functional-code":{"insertions":2,"deletions":2},"test-code":{"insertions":2,"deletions":4}}},{"hash":"209dd387fd41d90cbd6707c74063395b50e5e81f","isMergeCommit":true,"messageTitle":"Merge branch \u002710-add-assets\u0027 of github.com:yisiox/tp into 10-add-assets","messageBody":"","fileTypesAndContributionMap":{}}]},{"date":"2024-03-20","commitResults":[{"hash":"18d9e1ddaafb3034e3dbf24c63f1a7d49e19d4c2","isMergeCommit":true,"messageTitle":"Merge pull request #90 from aureliony/89-update-app-title","messageBody":"Change app title to AssetBook-3","fileTypesAndContributionMap":{}},{"hash":"756a6a256a03a7d187820dfb4a94a43fb0358282","isMergeCommit":true,"messageTitle":"Merge branch \u0027master\u0027 into 86-undo-command","messageBody":"","fileTypesAndContributionMap":{}},{"hash":"3e89032f4fbdf9d7f041d96a6ac41a0fa5c12ddc","isMergeCommit":true,"messageTitle":"Merge pull request #88 from aureliony/87-update-dg-model","messageBody":"Update DG for changes to model component","fileTypesAndContributionMap":{}},{"hash":"91596571157c2c4efc70fdad591de05c65d66689","isMergeCommit":true,"messageTitle":"Merge branch \u0027master\u0027 into 86-undo-command","messageBody":"","fileTypesAndContributionMap":{}},{"hash":"a05827d9269ad2fe1aa88fa0734977de7d191a4e","isMergeCommit":true,"messageTitle":"Merge branch \u0027master\u0027 into 83-refactor-addressbookparsertest","messageBody":"","fileTypesAndContributionMap":{}},{"hash":"babe006185b555b0b132cdf5d1546e5aa6cdd311","isMergeCommit":true,"messageTitle":"Merge pull request #93 from bryanyee33/86-undo-command","messageBody":"Add Undo command","fileTypesAndContributionMap":{}},{"hash":"cb90dc2d8f6967b41e30b2ecac8f32e2fa0d71a9","isMergeCommit":true,"messageTitle":"Merge branch \u0027master\u0027 into 83-refactor-addressbookparsertest","messageBody":"","fileTypesAndContributionMap":{}},{"hash":"770b42f340659da857d58e9fe75316ffe9fc4751","isMergeCommit":true,"messageTitle":"Merge branch \u0027master\u0027 into 96-add-delete-command-tests","messageBody":"","fileTypesAndContributionMap":{}},{"hash":"291845e5790677f13e21e03a66be89377d8c4bcb","isMergeCommit":true,"messageTitle":"Merge pull request #97 from rizkidelta/96-add-delete-command-tests","messageBody":"Update delete command tests","fileTypesAndContributionMap":{}},{"hash":"6538abd55796c4bcb5d4381387de11bfd28c9bb9","isMergeCommit":true,"messageTitle":"Merge branch \u0027master\u0027 into add-edit-asset","messageBody":"","fileTypesAndContributionMap":{}},{"hash":"7bbf7fe8347e81b6ff86a99929522a2270b3e13b","isMergeCommit":false,"messageTitle":"Update puml for Logic","messageBody":"","fileTypesAndContributionMap":{"docs":{"insertions":14,"deletions":6}}},{"hash":"b598104151ad0f0537abb152b65b58e7d6a98a99","isMergeCommit":false,"messageTitle":"Update sequence diagram for Logic","messageBody":"","fileTypesAndContributionMap":{"docs":{"insertions":9,"deletions":18}}},{"hash":"640a4f587298193b4af2ff5d695ffd5513b00f47","isMergeCommit":false,"messageTitle":"Update sequence diagram for Logic","messageBody":"","fileTypesAndContributionMap":{"docs":{"insertions":0,"deletions":1}}},{"hash":"50125d08a9fafb575d1ddb714951699c8152586b","isMergeCommit":false,"messageTitle":"Update delete sequence diagram","messageBody":"","fileTypesAndContributionMap":{"docs":{"insertions":26,"deletions":4}}},{"hash":"1a7eb22ffb72e6b744ecd05c67b583231855d449","isMergeCommit":false,"messageTitle":"Update description of parsing in Logic","messageBody":"","fileTypesAndContributionMap":{"docs":{"insertions":15,"deletions":19}}},{"hash":"9b2f75b6b17156621768967bf31a6bc0c8c2c827","isMergeCommit":true,"messageTitle":"Merge branch \u0027master\u0027 into 74-update-dg-logic","messageBody":"","fileTypesAndContributionMap":{}},{"hash":"b829521340f2adb0f69b6101ba88ccffd69a5230","isMergeCommit":false,"messageTitle":"Fix unintended change to ParserClasses uml","messageBody":"","fileTypesAndContributionMap":{"docs":{"insertions":1,"deletions":1}}},{"hash":"caa5e525a5198892394495dcd50c59dd5d29aad9","isMergeCommit":true,"messageTitle":"Merge branch \u002774-update-dg-logic\u0027 of github.com:yisiox/tp into 74-update-dg-logic","messageBody":"","fileTypesAndContributionMap":{}},{"hash":"630a40ea62438be574ddd75388cf1d51c1197cc5","isMergeCommit":true,"messageTitle":"Merge branch \u0027master\u0027 into 16-search","messageBody":"","fileTypesAndContributionMap":{}}]},{"date":"2024-03-21","commitResults":[{"hash":"30a1d9e914011aebf604e38c01da16b26c8dc634","isMergeCommit":true,"messageTitle":"Merge pull request #95 from darkvoid32/add-edit-asset","messageBody":"Add functionality to edit contacts and assets","fileTypesAndContributionMap":{}},{"hash":"d0c9dde548a7da141e4c0431d7ff95f963116a2c","isMergeCommit":true,"messageTitle":"Merge pull request #102 from aureliony/101-update-ug","messageBody":"Revert UG to original command format","fileTypesAndContributionMap":{}},{"hash":"d5e1e526e84097a4118f41b93cb8ab52e9bfa119","isMergeCommit":true,"messageTitle":"Merge pull request #104 from rizkidelta/94-update-command-test","messageBody":"Improve test coverage and bugfix error message","fileTypesAndContributionMap":{}},{"hash":"0043f26fd9fa7b68130e3f601598a9d581bd07a4","isMergeCommit":true,"messageTitle":"Merge pull request #105 from bryanyee33/87-dg-model","messageBody":"Add Assets to DG model","fileTypesAndContributionMap":{}},{"hash":"ec460cb31cf267790b35ca5ac8859dcfe6eb7f6e","isMergeCommit":false,"messageTitle":"Fix add example","messageBody":"","fileTypesAndContributionMap":{"docs":{"insertions":1,"deletions":1}}},{"hash":"2124484d24adf9bc8495341d7484c5194c7c498d","isMergeCommit":false,"messageTitle":"Add undo and fix errors in quick start","messageBody":"","fileTypesAndContributionMap":{"docs":{"insertions":11,"deletions":3}}},{"hash":"8184671a2fe37779606b9ebe3900828eb7f844af","isMergeCommit":false,"messageTitle":"Update application description","messageBody":"","fileTypesAndContributionMap":{"docs":{"insertions":9,"deletions":4}}},{"hash":"f009a3901669d0996e14a94a131a8532a9db7875","isMergeCommit":false,"messageTitle":"Fix quick start formatting","messageBody":"","fileTypesAndContributionMap":{"docs":{"insertions":1,"deletions":1}}}]},{"date":"2024-03-23","commitResults":[{"hash":"4c83deb9d97b481e782b2073bd2d1c99e60e8eec","isMergeCommit":true,"messageTitle":"Merge branch \u0027master\u0027 into 119-enable-assertions","messageBody":"","fileTypesAndContributionMap":{}},{"hash":"4b8a40283a0256ecae70be74c557dbb9ef7311af","isMergeCommit":true,"messageTitle":"Merge pull request #120 from AY2324S2-CS2103T-W12-3/119-enable-assertions","messageBody":"Enable assertions in gradle build file","fileTypesAndContributionMap":{}}]},{"date":"2024-03-24","commitResults":[{"hash":"e7614386fa6d7fe71d4da2702eb69dffcf0321b2","isMergeCommit":false,"messageTitle":"Update the UG","messageBody":"","fileTypesAndContributionMap":{"docs":{"insertions":69,"deletions":15}}},{"hash":"d2697c0cf72a4ac982130b4b67eb0166ff7a2ebd","isMergeCommit":false,"messageTitle":"Improve using this guide section","messageBody":"","fileTypesAndContributionMap":{"docs":{"insertions":29,"deletions":11}}}]},{"date":"2024-03-25","commitResults":[{"hash":"f67d94daaa2e572e76a2f2eedcdc5b624dff2ce2","isMergeCommit":false,"messageTitle":"Fix minor inconsistencies","messageBody":"","fileTypesAndContributionMap":{"docs":{"insertions":26,"deletions":20}}},{"hash":"33757e3b93b0a8a835815c68d8fc9c725dfb27ed","isMergeCommit":false,"messageTitle":"Fix mistake under edit","messageBody":"","fileTypesAndContributionMap":{"docs":{"insertions":1,"deletions":1}}},{"hash":"48bf19d056667f3a9b4aa38cc3bd2aac68fae2e3","isMergeCommit":false,"messageTitle":"Make UG more fancy and fix contents","messageBody":"","fileTypesAndContributionMap":{"other":{"insertions":16,"deletions":3},"docs":{"insertions":93,"deletions":62}}},{"hash":"466236e8314bedf77bfb660d865e943f04e0c7bb","isMergeCommit":false,"messageTitle":"Add newline to end of stylesheet","messageBody":"","fileTypesAndContributionMap":{"other":{"insertions":1,"deletions":1}}}]},{"date":"2024-03-27","commitResults":[{"hash":"3c16401009f5626582f8820fe9dbeeac3323354a","isMergeCommit":true,"messageTitle":"Merge branch \u0027master\u0027 into 109-update-app-name","messageBody":"","fileTypesAndContributionMap":{}},{"hash":"8ac2af8f792267399b5208e941fa2ce61f77da1a","isMergeCommit":true,"messageTitle":"Merge pull request #144 from AY2324S2-CS2103T-W12-3/109-update-app-name","messageBody":"Update jar file name in build file","fileTypesAndContributionMap":{}}]}],"rizkidelta":[{"date":"2024-03-04","commitResults":[{"hash":"1d4aeaba064ee4bc01ddcafb8959365f7354a6ff","isMergeCommit":true,"messageTitle":"Merge pull request #41 from darkvoid32/branch-Update-README","messageBody":"Updated README.md","fileTypesAndContributionMap":{}},{"hash":"a4a550ff291ae27ed793e405731c985f418491f9","isMergeCommit":true,"messageTitle":"Merge pull request #43 from darkvoid32/branch-Update-README-Rizki","messageBody":"Fixed Yetong\u0027s AboutUs page and added Rizki\u0027s","fileTypesAndContributionMap":{}}]},{"date":"2024-03-20","commitResults":[{"hash":"daaa6ab3aa7d4ccbb7c4667d3dc8121bb305355b","isMergeCommit":false,"messageTitle":"Update DeleteCommand Tests for Edge Cases and Validations Expanded test coverage to include boundary conditions and invalid scenarios.","messageBody":"","fileTypesAndContributionMap":{"test-code":{"insertions":31,"deletions":0}}},{"hash":"0f29ca0019a68a768d9f7a951c385393b8748eb9","isMergeCommit":false,"messageTitle":"Fixed new line Line was added between tests","messageBody":"","fileTypesAndContributionMap":{"test-code":{"insertions":1,"deletions":0}}},{"hash":"faf913db7473cafccab6447121279e83a6d2a32b","isMergeCommit":false,"messageTitle":"Update DeleteCommand Tests for Edge Cases and Validations Expanded test coverage to include boundary conditions and invalid scenarios.","messageBody":"","fileTypesAndContributionMap":{"test-code":{"insertions":31,"deletions":0}}},{"hash":"6d334729a91c73d47b6b29a05f9d58a680ca4011","isMergeCommit":false,"messageTitle":"Fixed new line Line was added between tests","messageBody":"","fileTypesAndContributionMap":{"test-code":{"insertions":1,"deletions":0}}}]},{"date":"2024-03-21","commitResults":[{"hash":"3ac24208f4d797469ac80fbee16162531c5b5121","isMergeCommit":false,"messageTitle":"Improve AddCommandTest","messageBody":"Enhance AddCommandTest coverage by adding scenarios for empty\nstring parameters and order-independent parameter tests,\nensuring robust error handling and accurate processing of user\ninputs in varying formats\n\nFix whitespace in Add command error message\n\nMissing whitespace in error message fixed\n","fileTypesAndContributionMap":{"functional-code":{"insertions":1,"deletions":1},"test-code":{"insertions":28,"deletions":0}}}]}],"aureliony":[{"date":"2024-02-26","commitResults":[{"hash":"f50f8265764a4237a560cd39841cbc0d1a6a2ad2","isMergeCommit":false,"messageTitle":"Remove JsonAdaptedPerson and JsonAdaptedTag","messageBody":"","fileTypesAndContributionMap":{"functional-code":{"insertions":8,"deletions":169},"test-code":{"insertions":0,"deletions":110}}},{"hash":"5cf15e318fbc4f8362dfd4d0305070c082e59f9d","isMergeCommit":false,"messageTitle":"Move Json annotations into Person and Tag","messageBody":"","fileTypesAndContributionMap":{"functional-code":{"insertions":27,"deletions":22}}},{"hash":"2eeeb964416924bf0f9a7df3216bc6140f2b9cf9","isMergeCommit":false,"messageTitle":"Revert ObjectMapper changes","messageBody":"","fileTypesAndContributionMap":{"functional-code":{"insertions":24,"deletions":1}}},{"hash":"cd6d7fa261ad6227f6f67a612d77290f442ea665","isMergeCommit":false,"messageTitle":"Fix JsonSerializableAddressBookTest","messageBody":"","fileTypesAndContributionMap":{"test-code":{"insertions":4,"deletions":4}}},{"hash":"a6de5b5404adc81bb9300dd5bc483fce6b4b9774","isMergeCommit":false,"messageTitle":"Make AddressBook serializable","messageBody":"","fileTypesAndContributionMap":{"functional-code":{"insertions":15,"deletions":12}}},{"hash":"a69b4621c80562939abf380a5b899d028a44668c","isMergeCommit":false,"messageTitle":"Add JsonValue notations","messageBody":"","fileTypesAndContributionMap":{"functional-code":{"insertions":49,"deletions":20}}},{"hash":"3670249bee606c37c8a150ed8c5095a46300548d","isMergeCommit":false,"messageTitle":"Remove JsonSerializableAddressBook","messageBody":"","fileTypesAndContributionMap":{"functional-code":{"insertions":0,"deletions":58},"test-code":{"insertions":0,"deletions":47}}},{"hash":"1da3353380d9649b2d00f714e7482dffe45ed587","isMergeCommit":false,"messageTitle":"Remove unnecessary annotations","messageBody":"","fileTypesAndContributionMap":{"functional-code":{"insertions":4,"deletions":17}}}]},{"date":"2024-02-27","commitResults":[{"hash":"711f3460ddcf56d80ab5a29a49cc6be300d46c24","isMergeCommit":false,"messageTitle":"Add custom deserializer for UniquePersonList","messageBody":"","fileTypesAndContributionMap":{"functional-code":{"insertions":58,"deletions":3}}},{"hash":"39665b57f1a551d894a56dcf246187d1785ba208","isMergeCommit":false,"messageTitle":"Cleanup and fix checkstyle","messageBody":"","fileTypesAndContributionMap":{"functional-code":{"insertions":5,"deletions":3}}},{"hash":"ffc7ed0bd22ec4499e48bfcb88e2a831aa50d412","isMergeCommit":false,"messageTitle":"Refactor variable names","messageBody":"","fileTypesAndContributionMap":{"functional-code":{"insertions":35,"deletions":44},"test-code":{"insertions":10,"deletions":10}}},{"hash":"33f7ebb6299e173dadc059430fc68fd2ed24bcea","isMergeCommit":false,"messageTitle":"Cleanup Phone.java","messageBody":"","fileTypesAndContributionMap":{"functional-code":{"insertions":1,"deletions":5}}},{"hash":"583b7311eb215fd73f9c91f63f692748c2ba59f0","isMergeCommit":false,"messageTitle":"Remove unnecessary getters","messageBody":"","fileTypesAndContributionMap":{"functional-code":{"insertions":4,"deletions":21}}},{"hash":"7ba691f1ef9f60ea3175a0f8ada5da2195b2351e","isMergeCommit":false,"messageTitle":"Remove unnecessary annotation","messageBody":"","fileTypesAndContributionMap":{"functional-code":{"insertions":0,"deletions":2}}},{"hash":"e2e21bf40d7cc7b11a40c54edccc0d9bc93b5243","isMergeCommit":false,"messageTitle":"Add null check for tagNames","messageBody":"","fileTypesAndContributionMap":{"functional-code":{"insertions":4,"deletions":2}}},{"hash":"10d3015ffc6c5c59058652b212327aa5bda33807","isMergeCommit":false,"messageTitle":"Remove non-null requirement for tagNames","messageBody":"","fileTypesAndContributionMap":{"functional-code":{"insertions":0,"deletions":1}}},{"hash":"db5664d596daf515c62e23232a749d738619a7e6","isMergeCommit":false,"messageTitle":"Move Person fields into separate packages","messageBody":"","fileTypesAndContributionMap":{"functional-code":{"insertions":8,"deletions":0},"other":{"insertions":0,"deletions":0}}}]},{"date":"2024-02-28","commitResults":[{"hash":"94f582cc03a50ccca03e16f05648c833d47eb5b4","isMergeCommit":false,"messageTitle":"Abstract out Set\u003cTag\u003e into new Tags class","messageBody":"","fileTypesAndContributionMap":{"functional-code":{"insertions":155,"deletions":105},"test-code":{"insertions":52,"deletions":71}}},{"hash":"64030dda160eb7d9d8d25d23bc22589d492b7560","isMergeCommit":false,"messageTitle":"Fix passing null into Person.java constructor","messageBody":"","fileTypesAndContributionMap":{"functional-code":{"insertions":10,"deletions":18},"test-code":{"insertions":23,"deletions":23}}},{"hash":"977232187a797112e4c9e9b99222b5018265c917","isMergeCommit":false,"messageTitle":"Fix remaining testcases","messageBody":"","fileTypesAndContributionMap":{"functional-code":{"insertions":27,"deletions":15},"test-code":{"insertions":11,"deletions":7}}},{"hash":"f0db2f933ede34567c506c7530b5d00b2334c380","isMergeCommit":false,"messageTitle":"Fix checkstyle","messageBody":"","fileTypesAndContributionMap":{"functional-code":{"insertions":0,"deletions":7},"test-code":{"insertions":1,"deletions":1}}},{"hash":"203ad1f68a26f417863ae4632e2a84ecbd92f76f","isMergeCommit":false,"messageTitle":"Add TagTest","messageBody":"","fileTypesAndContributionMap":{"other":{"insertions":4,"deletions":12},"test-code":{"insertions":26,"deletions":0}}}]},{"date":"2024-02-29","commitResults":[{"hash":"804bd736b2d34b9b13ac2b67ea821c1037afa2db","isMergeCommit":false,"messageTitle":"Remove Optional and Mandatory packages","messageBody":"","fileTypesAndContributionMap":{"functional-code":{"insertions":26,"deletions":43},"other":{"insertions":15,"deletions":15},"test-code":{"insertions":30,"deletions":30}}}]},{"date":"2024-03-01","commitResults":[{"hash":"a7510bc445736eea88bfa52a26ac2729fb87c5c8","isMergeCommit":true,"messageTitle":"Merge pull request #28 from bryanyee33/project-website-init","messageBody":"Initialize project website with MarkBind","fileTypesAndContributionMap":{}}]},{"date":"2024-03-02","commitResults":[{"hash":"cd56f158d4e686119810a45a4050003f0cafc211","isMergeCommit":false,"messageTitle":"Make fields in Name private","messageBody":"","fileTypesAndContributionMap":{"functional-code":{"insertions":8,"deletions":7},"test-code":{"insertions":14,"deletions":20}}},{"hash":"02dd981ed4dedde7789d6f58a2e2c868b1fd663c","isMergeCommit":false,"messageTitle":"Privatize more attributes and methods","messageBody":"","fileTypesAndContributionMap":{"functional-code":{"insertions":20,"deletions":17},"test-code":{"insertions":74,"deletions":74}}},{"hash":"2b6c4aa20ea4904fad6c70cec11ecc3d47e94801","isMergeCommit":false,"messageTitle":"Privatize fields in Tag","messageBody":"","fileTypesAndContributionMap":{"functional-code":{"insertions":6,"deletions":4},"test-code":{"insertions":13,"deletions":6}}},{"hash":"74b0eb1a39f8cb73c686f9d054bf4a6a0938a31c","isMergeCommit":false,"messageTitle":"Privatize all MESSAGE_CONSTRAINTS","messageBody":"","fileTypesAndContributionMap":{"functional-code":{"insertions":6,"deletions":7},"test-code":{"insertions":25,"deletions":28}}},{"hash":"a005006269b72b3cc6273640410a08349bcb6997","isMergeCommit":false,"messageTitle":"Rename methods to isValid","messageBody":"","fileTypesAndContributionMap":{"functional-code":{"insertions":10,"deletions":10}}},{"hash":"56635cb8dbfd4621faa14584de48627956a4e3a3","isMergeCommit":false,"messageTitle":"Update AboutUs.md and add portfolio page","messageBody":"","fileTypesAndContributionMap":{"docs":{"insertions":8,"deletions":7}}},{"hash":"89d47b8c755f81aca2d03394af593d169534f3de","isMergeCommit":false,"messageTitle":"Add profile picture and portfolio page","messageBody":"","fileTypesAndContributionMap":{"docs":{"insertions":42,"deletions":0}}},{"hash":"9cdd2decabc7eed61aca479406f7fe4e60b89868","isMergeCommit":true,"messageTitle":"Merge pull request #35 from bryanyee33/project-website-aboutus","messageBody":"Update initial AboutUs page for Bryan","fileTypesAndContributionMap":{}},{"hash":"f88b055af2cecebf954b59ddd3a78cea84805af2","isMergeCommit":true,"messageTitle":"Resolve merge conflicts","messageBody":"","fileTypesAndContributionMap":{}},{"hash":"21fd842c2af95ce637df502f45465247e9124dac","isMergeCommit":false,"messageTitle":"Update portfolio page","messageBody":"","fileTypesAndContributionMap":{"docs":{"insertions":1,"deletions":5}}},{"hash":"39d4b23cda85b2b3bc442f2408b2cd9c85e6aee4","isMergeCommit":false,"messageTitle":"Remove \u003d\u003d\u003d\u003d from AboutUs.md","messageBody":"","fileTypesAndContributionMap":{"docs":{"insertions":0,"deletions":1}}},{"hash":"650f5fee9976390f2ad7dfca6146e9743932461f","isMergeCommit":true,"messageTitle":"Merge remote-tracking branch \u0027upstream/master\u0027 into update-aboutus","messageBody":"","fileTypesAndContributionMap":{}}]},{"date":"2024-03-03","commitResults":[{"hash":"27f364855ec1d112e11f819d8e69b64cffb34a09","isMergeCommit":true,"messageTitle":"Merge branch \u0027master\u0027 into refactor-models","messageBody":"","fileTypesAndContributionMap":{}},{"hash":"f9deea34e99d3efa34f711ebfa7d916630419da8","isMergeCommit":true,"messageTitle":"Merge branch \u0027master\u0027 into project-website-init","messageBody":"","fileTypesAndContributionMap":{}},{"hash":"3cfea6f4de92fbab7711fec3a4b06bd87a22f35b","isMergeCommit":true,"messageTitle":"Merge pull request #36 from bryanyee33/project-website-init","messageBody":"Update description of AssetBook-3","fileTypesAndContributionMap":{}},{"hash":"0225279c119bc6e336bcec56e6687142d51a8fa0","isMergeCommit":false,"messageTitle":"Add non-functional requirements to DeveloperGuide.md","messageBody":"","fileTypesAndContributionMap":{"docs":{"insertions":44,"deletions":5}}},{"hash":"032357edec6e697b14ea53acf4198aacaa13aa4c","isMergeCommit":true,"messageTitle":"Merge branch \u0027master\u0027 into update-aboutus","messageBody":"","fileTypesAndContributionMap":{}},{"hash":"274d2a560db350139f8280309ab756859a77af77","isMergeCommit":true,"messageTitle":"Merge pull request #38 from aureliony/update-aboutus","messageBody":"Update AboutUs.md","fileTypesAndContributionMap":{}},{"hash":"ddba7ae0c2d49b3df0aaf4caf7de3ea3ff0b2e6c","isMergeCommit":true,"messageTitle":"Merge branch \u0027master\u0027 into update-dg-nfr","messageBody":"","fileTypesAndContributionMap":{}},{"hash":"35c601881c0316786968e10068740c55a0f1bd1d","isMergeCommit":true,"messageTitle":"Merge pull request #39 from aureliony/update-dg-nfr","messageBody":"Add non-functional requirements to DeveloperGuide.md","fileTypesAndContributionMap":{}},{"hash":"8966c813d77d678b4d565374cf731662559b385b","isMergeCommit":true,"messageTitle":"Merge branch \u0027master\u0027 into refactor-models","messageBody":"","fileTypesAndContributionMap":{}},{"hash":"32215b98e9b9b20da0076ad5e953501700d096c7","isMergeCommit":true,"messageTitle":"Merge pull request #32 from aureliony/refactor-models","messageBody":"Refactor models: privatize attributes and methods in Person fields","fileTypesAndContributionMap":{}}]},{"date":"2024-03-05","commitResults":[{"hash":"52e700575c3b491e32273781d8120fd62acadaff","isMergeCommit":false,"messageTitle":"Fix DG NFR formatting","messageBody":"","fileTypesAndContributionMap":{"docs":{"insertions":35,"deletions":35}}},{"hash":"706d80cc8a626842035fa9dcf113e203ea8c8261","isMergeCommit":false,"messageTitle":"Remove old team members","messageBody":"","fileTypesAndContributionMap":{"docs":{"insertions":0,"deletions":46}}}]},{"date":"2024-03-06","commitResults":[{"hash":"45daf3182dfb100542206d762b8533d08488b6f9","isMergeCommit":true,"messageTitle":"Merge PR #53 from bryanyee33/48-dev-guide-user-stories-use-cases","messageBody":"Add target user profile, value proposition, user stories, user cases","fileTypesAndContributionMap":{}},{"hash":"486c3c07aaaf9554d32facd67ba2daa63cc832c4","isMergeCommit":true,"messageTitle":"Merge branch \u0027master\u0027 into update-readme-roles","messageBody":"","fileTypesAndContributionMap":{}},{"hash":"3d205a1225d2370f664e52f4075a641b691378b6","isMergeCommit":true,"messageTitle":"Merge pull request #56 from yisiox/49-update-dg-glossary","messageBody":"Update the glossary","fileTypesAndContributionMap":{}},{"hash":"29793ea1355087a14e6c4a0ca912ec31b5341d57","isMergeCommit":false,"messageTitle":"Update all UG sections","messageBody":"","fileTypesAndContributionMap":{"docs":{"insertions":73,"deletions":76}}},{"hash":"ca6138107b166beb786be333d4b1c749b10d4a52","isMergeCommit":false,"messageTitle":"Remove errors","messageBody":"","fileTypesAndContributionMap":{"docs":{"insertions":9,"deletions":30}}},{"hash":"b8abed2b7eee8e3e8768be02dc986f3f7383d5de","isMergeCommit":false,"messageTitle":"Remove quotation mark requirement","messageBody":"","fileTypesAndContributionMap":{"docs":{"insertions":3,"deletions":6}}},{"hash":"64aba3ed85a341bf1ed0918062c1ee808c2d4922","isMergeCommit":false,"messageTitle":"Fix formatting and cleanup","messageBody":"","fileTypesAndContributionMap":{"docs":{"insertions":36,"deletions":16}}},{"hash":"183826dedde26b8fe6232fd2fe6bc72e1935d907","isMergeCommit":false,"messageTitle":"Remove traces of AB3","messageBody":"","fileTypesAndContributionMap":{"docs":{"insertions":1,"deletions":1}}},{"hash":"c60de60d55b45d0abbe84f8317a8e2ed5706fce6","isMergeCommit":true,"messageTitle":"Merge pull request #52 from yisiox/update-readme-roles","messageBody":"Update AboutUs roles and responsibilities","fileTypesAndContributionMap":{}},{"hash":"1c4ab4823bc0dd5f0adeb3beab449c9632dc9e94","isMergeCommit":true,"messageTitle":"Merge branch \u0027master\u0027 into 30-update-ug","messageBody":"","fileTypesAndContributionMap":{}}]},{"date":"2024-03-07","commitResults":[{"hash":"3b04b2119ab4c38c763d62d8dc0db8021e4a79f6","isMergeCommit":true,"messageTitle":"Merge pull request #59 from aureliony/30-update-ug","messageBody":"Update all UG sections","fileTypesAndContributionMap":{}}]},{"date":"2024-03-08","commitResults":[{"hash":"4d0d4af14304509fc5fbbcf145f3774fd2471bca","isMergeCommit":true,"messageTitle":"Merge branch \u0027master\u0027 into 54-refactor-logic","messageBody":"","fileTypesAndContributionMap":{}},{"hash":"fb033717ed3361e6ce296072d131527595910c4f","isMergeCommit":true,"messageTitle":"Merge pull request #55 from bryanyee33/6-refactor-storage","messageBody":"Refactor Storage components","fileTypesAndContributionMap":{}},{"hash":"61275147154222a1587c6d5eb5bc9551741fd26b","isMergeCommit":false,"messageTitle":"Update UG based on new feature specification","messageBody":"","fileTypesAndContributionMap":{"docs":{"insertions":32,"deletions":37}}},{"hash":"e6d5bfe12ed6c62e7832a72ad710139e4206c44c","isMergeCommit":false,"messageTitle":"Remove ASCII requirement for address field","messageBody":"","fileTypesAndContributionMap":{"docs":{"insertions":0,"deletions":1}}},{"hash":"4ac1ba5e7debb868f9ac723c6ab8a4db69e472df","isMergeCommit":false,"messageTitle":"Add edita command to UG","messageBody":"","fileTypesAndContributionMap":{"docs":{"insertions":15,"deletions":4}}}]},{"date":"2024-03-10","commitResults":[{"hash":"fc1739bbc244bb4893452f1d5373c890350208a7","isMergeCommit":false,"messageTitle":"Move factory constructors into their respective model class","messageBody":"","fileTypesAndContributionMap":{"functional-code":{"insertions":102,"deletions":95},"test-code":{"insertions":20,"deletions":20}}},{"hash":"813cfd662493b09b04daa74fef6e2b498c1bdeb7","isMergeCommit":false,"messageTitle":"Move ParserUtil tests into respective model tests","messageBody":"","fileTypesAndContributionMap":{"test-code":{"insertions":152,"deletions":137}}},{"hash":"53158185adc405e1dbdf6b2da7157877c358f2c4","isMergeCommit":false,"messageTitle":"Rename factory constructors to of()","messageBody":"","fileTypesAndContributionMap":{"functional-code":{"insertions":15,"deletions":15},"test-code":{"insertions":20,"deletions":20}}},{"hash":"96d7a9c92e0599c75e550211e9da2dae0070d150","isMergeCommit":true,"messageTitle":"Replace all tags with assets and !\u003d with ≠","messageBody":"","fileTypesAndContributionMap":{}}]},{"date":"2024-03-11","commitResults":[{"hash":"15d9c7f53229f2cba32afb428e8948ce33d2074b","isMergeCommit":false,"messageTitle":"Improve clarity of delete\u003cid\u003e explanation","messageBody":"","fileTypesAndContributionMap":{"docs":{"insertions":1,"deletions":1}}}]},{"date":"2024-03-16","commitResults":[{"hash":"cd46d3d0b99d50d792b9669f1944397a18da6e02","isMergeCommit":true,"messageTitle":"Merge branch \u0027master\u0027 into 63-refactor-parser-enum","messageBody":"","fileTypesAndContributionMap":{}},{"hash":"06250eb5c38d19745f52659331f9bb4068e3e5fc","isMergeCommit":true,"messageTitle":"Merge pull request #72 from yisiox/63-refactor-parser-enum","messageBody":"Refactor Logic component to use enum factory pattern","fileTypesAndContributionMap":{}}]},{"date":"2024-03-17","commitResults":[{"hash":"86b2cbb58af5e12b3490601758684c8bac1f17eb","isMergeCommit":true,"messageTitle":"Merge pull request #73 from bryanyee33/6-refactor-storage","messageBody":"Fix readInitialAddressBook() corrupted file test","fileTypesAndContributionMap":{}},{"hash":"a7de178f900dbe941cce4b77e26ee47ed0acf3a2","isMergeCommit":false,"messageTitle":"Implement tag searching","messageBody":"","fileTypesAndContributionMap":{"functional-code":{"insertions":5,"deletions":4},"other":{"insertions":10,"deletions":6},"test-code":{"insertions":134,"deletions":102}}},{"hash":"e6446c28b8ce4785a33eb3c9275aad208b4d0e1d","isMergeCommit":false,"messageTitle":"Update UG","messageBody":"","fileTypesAndContributionMap":{"docs":{"insertions":8,"deletions":5}}},{"hash":"d86d4b81024ff33b469da03f8b137a6eecb2ab4d","isMergeCommit":false,"messageTitle":"Fix checkstyle","messageBody":"","fileTypesAndContributionMap":{"test-code":{"insertions":2,"deletions":2}}},{"hash":"cebf7cc73ae82b7164799385ea79f1119adc51e5","isMergeCommit":false,"messageTitle":"Update javadocs","messageBody":"","fileTypesAndContributionMap":{"functional-code":{"insertions":1,"deletions":1}}},{"hash":"84d8a9eda8a100a7b9bf178ef77ad2727b227c7f","isMergeCommit":false,"messageTitle":"Add empty line after class declaration","messageBody":"","fileTypesAndContributionMap":{"functional-code":{"insertions":1,"deletions":0}}},{"hash":"7ee2c30855cb26adfd9f71564e5831b604f01fe6","isMergeCommit":false,"messageTitle":"Update DG and delete unused test data","messageBody":"","fileTypesAndContributionMap":{"functional-code":{"insertions":0,"deletions":1},"other":{"insertions":1,"deletions":4},"docs":{"insertions":0,"deletions":6}}},{"hash":"3b75cd0360d0924b414c4b9e941611ce16ecbcb3","isMergeCommit":false,"messageTitle":"Update MESSAGE_USAGE and UG","messageBody":"","fileTypesAndContributionMap":{"functional-code":{"insertions":1,"deletions":1},"docs":{"insertions":3,"deletions":3}}},{"hash":"f6b1bd3ec2666dfaf9ddfca7a63f2244bdc35427","isMergeCommit":false,"messageTitle":"Fix checkstyle again","messageBody":"","fileTypesAndContributionMap":{"functional-code":{"insertions":2,"deletions":1}}}]},{"date":"2024-03-18","commitResults":[{"hash":"1108ffcaa6e2d26aeb570212d99f0c872241d366","isMergeCommit":false,"messageTitle":"Update UG URL and privatize attributes","messageBody":"","fileTypesAndContributionMap":{"functional-code":{"insertions":2,"deletions":2}}}]},{"date":"2024-03-19","commitResults":[{"hash":"72143bc2fabc4e5d320536f12fb1caf7ba0cdf4a","isMergeCommit":true,"messageTitle":"Merge pull request #79 from yisiox/10-add-assets","messageBody":"Update add command to support assets","fileTypesAndContributionMap":{}},{"hash":"57e1a426c2be35d7614433c3847a83cc94f9e4f7","isMergeCommit":false,"messageTitle":"Update model UML diagram","messageBody":"","fileTypesAndContributionMap":{"docs":{"insertions":6,"deletions":2}}},{"hash":"1fca29d9c90c7989c75925e5c5c98573cb13bde3","isMergeCommit":false,"messageTitle":"Improve puml code style","messageBody":"","fileTypesAndContributionMap":{"docs":{"insertions":1,"deletions":1}}},{"hash":"ea35b8b7b86a0e392e9f5302cbf189a9d2245d03","isMergeCommit":false,"messageTitle":"Update DG and delete unused test data","messageBody":"","fileTypesAndContributionMap":{"functional-code":{"insertions":0,"deletions":1},"other":{"insertions":1,"deletions":4},"docs":{"insertions":0,"deletions":6}}}]},{"date":"2024-03-20","commitResults":[{"hash":"8e0c049e7b03427d1704326abfa4769032ac8d21","isMergeCommit":true,"messageTitle":"Merge pull request #81 from darkvoid32/add-assets-tests","messageBody":"Add unit tests for new assets field","fileTypesAndContributionMap":{}},{"hash":"47ba4f8bb1b5794819ba6f28ae6a9d417f86f850","isMergeCommit":false,"messageTitle":"Change app title to AssetBook-3","messageBody":"","fileTypesAndContributionMap":{"functional-code":{"insertions":1,"deletions":1}}},{"hash":"5b7decc564510d3d4c837146bbf4eaa42df69ace","isMergeCommit":true,"messageTitle":"Merge branch \u0027master\u0027 into 16-search","messageBody":"","fileTypesAndContributionMap":{}},{"hash":"cc3130e6ce86951527e88d3511dd3d01605f0561","isMergeCommit":false,"messageTitle":"Implement asset searching","messageBody":"","fileTypesAndContributionMap":{"functional-code":{"insertions":11,"deletions":4}}},{"hash":"0d9a3ee3014497bccf2aab8fbca073365ac15172","isMergeCommit":false,"messageTitle":"Refactor FindCommandTest.java","messageBody":"","fileTypesAndContributionMap":{"test-code":{"insertions":15,"deletions":14}}},{"hash":"9551f445796a7fce6ece5705836a69c6eb7afee6","isMergeCommit":false,"messageTitle":"Add new search predicate tests for asset","messageBody":"","fileTypesAndContributionMap":{"test-code":{"insertions":38,"deletions":2}}},{"hash":"4b96570d6b7d9232c9e95aec5934e2dc14bc9648","isMergeCommit":false,"messageTitle":"Update docs and refactor tests","messageBody":"","fileTypesAndContributionMap":{"functional-code":{"insertions":2,"deletions":2},"docs":{"insertions":2,"deletions":2},"test-code":{"insertions":6,"deletions":5}}},{"hash":"10766ee4aba00ccd43a0629e84ad542697599882","isMergeCommit":false,"messageTitle":"Refactor and improve coverage","messageBody":"","fileTypesAndContributionMap":{"test-code":{"insertions":16,"deletions":17}}},{"hash":"29b7eedf1af632c67f4598acaf6c1627b66f8f91","isMergeCommit":false,"messageTitle":"Improve coverage of FindCommand.java","messageBody":"","fileTypesAndContributionMap":{"test-code":{"insertions":3,"deletions":2}}},{"hash":"57944d02a88034477292f6c41df6c29c099c1a75","isMergeCommit":false,"messageTitle":"Refactor AddressBookParserTest","messageBody":"","fileTypesAndContributionMap":{"test-code":{"insertions":17,"deletions":17}}},{"hash":"3fb87546a8cc9dc20f960f66cf0b1efba1e2ea72","isMergeCommit":true,"messageTitle":"Merge pull request #85 from bryanyee33/74-dg-logic","messageBody":"Update the DG for logic component ","fileTypesAndContributionMap":{}},{"hash":"d64b828e68992b07a9059373374b78a9601a1cfb","isMergeCommit":true,"messageTitle":"Merge pull request #82 from aureliony/80-update-help-command","messageBody":"Update user guide URL and privatize attributes","fileTypesAndContributionMap":{}},{"hash":"9ad3956bbc07b1f10fd8f1818ae6108b5b575cce","isMergeCommit":false,"messageTitle":"Remove deserializer from UML diagram","messageBody":"","fileTypesAndContributionMap":{"docs":{"insertions":0,"deletions":1}}},{"hash":"f5faed3c2986d0c609664d69f188f1dc704d389d","isMergeCommit":false,"messageTitle":"Remove deserializer again","messageBody":"","fileTypesAndContributionMap":{"docs":{"insertions":0,"deletions":1}}},{"hash":"9f4acecd654ceac3a215baa2e3ec86e10e40772a","isMergeCommit":true,"messageTitle":"Merge branch \u0027master\u0027 into 16-search","messageBody":"","fileTypesAndContributionMap":{}},{"hash":"32829420d9b7ae3acf355d3fad042f1d7338c1b1","isMergeCommit":true,"messageTitle":"Merge branch \u0027master\u0027 into 87-update-dg-model","messageBody":"","fileTypesAndContributionMap":{}},{"hash":"7979f1b9aa9ff79f921633874471609b6479b711","isMergeCommit":false,"messageTitle":"Make AddressBookParser.java abstract","messageBody":"Make the class abstract to prevent instantiation as it contains only utility static methods","fileTypesAndContributionMap":{"functional-code":{"insertions":1,"deletions":1}}},{"hash":"d8b9b90daf1282c28831b65da5ea63972f396f7d","isMergeCommit":false,"messageTitle":"Fix whitespace issues","messageBody":"","fileTypesAndContributionMap":{"functional-code":{"insertions":4,"deletions":4}}},{"hash":"b94bd0a1c342ad91a53843b1984111d788a27455","isMergeCommit":true,"messageTitle":"Merge branch \u0027master\u0027 into 83-refactor-addressbookparsertest","messageBody":"","fileTypesAndContributionMap":{}},{"hash":"6d23b4206c7a30ef8406f9df2f31918169ea1cb4","isMergeCommit":true,"messageTitle":"Merge pull request #92 from aureliony/83-refactor-addressbookparsertest","messageBody":"Refactor AddressBookParserTest","fileTypesAndContributionMap":{}},{"hash":"298b5063bb737577a1ffe841d33e0e0f6c8d1f62","isMergeCommit":false,"messageTitle":"Rename PersonSearchPredicate to PersonMatchesKeywordPredicate","messageBody":"","fileTypesAndContributionMap":{"functional-code":{"insertions":4,"deletions":4},"other":{"insertions":32,"deletions":30},"test-code":{"insertions":17,"deletions":17}}},{"hash":"32c2c71875ec657a0162b321990b21a30e7a6f3d","isMergeCommit":false,"messageTitle":"Rename to PersonMatchesKeywordsPredicate","messageBody":"","fileTypesAndContributionMap":{"functional-code":{"insertions":4,"deletions":4},"other":{"insertions":32,"deletions":32},"test-code":{"insertions":17,"deletions":17}}},{"hash":"8678b110d71373b87f7e56a51e04dbd41d584431","isMergeCommit":false,"messageTitle":"Fix checkstyle","messageBody":"","fileTypesAndContributionMap":{"test-code":{"insertions":8,"deletions":4}}},{"hash":"9e81d6c1d16578db35ea3c4398d685bad9ae13fb","isMergeCommit":true,"messageTitle":"Merge branch \u0027master\u0027 into 16-search","messageBody":"","fileTypesAndContributionMap":{}},{"hash":"6d29d4f650bec55dc93af700d759ba36a60d56be","isMergeCommit":true,"messageTitle":"Merge pull request #100 from yisiox/74-update-dg-logic","messageBody":"Update DG for Logic component","fileTypesAndContributionMap":{}},{"hash":"1675f9c72d59718f384af77ce962805eb70da0df","isMergeCommit":true,"messageTitle":"Merge pull request #75 from aureliony/16-search","messageBody":"Find contacts by name, asset or tag","fileTypesAndContributionMap":{}}]},{"date":"2024-03-21","commitResults":[{"hash":"4b13575d463bb45dc03798143c73d8ed1385a73b","isMergeCommit":false,"messageTitle":"Fix failing testcase","messageBody":"","fileTypesAndContributionMap":{"functional-code":{"insertions":3,"deletions":0},"test-code":{"insertions":4,"deletions":6}}},{"hash":"4dbeecc00a8b589a6b192c70a50761c4feec3b3b","isMergeCommit":false,"messageTitle":"Update UG for edita","messageBody":"","fileTypesAndContributionMap":{"functional-code":{"insertions":1,"deletions":0},"docs":{"insertions":3,"deletions":3}}},{"hash":"5e4673ceebedac85b188257723f143f5a46b0223","isMergeCommit":false,"messageTitle":"Update UG","messageBody":"","fileTypesAndContributionMap":{"docs":{"insertions":24,"deletions":23}}}]},{"date":"2024-03-23","commitResults":[{"hash":"e74a32b616e2b7f48e8c6f7c6753c9da60a6cbe1","isMergeCommit":false,"messageTitle":"Enable assertions","messageBody":"","fileTypesAndContributionMap":{"other":{"insertions":8,"deletions":0}}}]},{"date":"2024-03-25","commitResults":[{"hash":"6d60088df511b37505930a3532a0f70516f344c5","isMergeCommit":true,"messageTitle":"Merge pull request #127 from AY2324S2-CS2103T-W12-3/122-improve-ug","messageBody":"Improve the UG","fileTypesAndContributionMap":{}}]},{"date":"2024-03-26","commitResults":[{"hash":"2f7acf258406676b01492bd693fe93d2c609ef7e","isMergeCommit":true,"messageTitle":"Merge pull request #139 from AY2324S2-CS2103T-W12-3/136-fix-ug","messageBody":"Update UG to be more fancy and fix contents","fileTypesAndContributionMap":{}},{"hash":"72647637a55e25a520633be00ca9b8e2085887d5","isMergeCommit":true,"messageTitle":"Merge pull request #135 from AY2324S2-CS2103T-W12-3/tidy-up-code","messageBody":"Tidy up code","fileTypesAndContributionMap":{}},{"hash":"c7eebb83ff4137eae75533ca1cf410bb1f557e2c","isMergeCommit":false,"messageTitle":"Update app name","messageBody":"","fileTypesAndContributionMap":{"other":{"insertions":1,"deletions":1}}},{"hash":"6d8962a5ffdb3ed6acd16f5a9caa9302a1637f24","isMergeCommit":true,"messageTitle":"Merge pull request #145 from AY2324S2-CS2103T-W12-3/114-edita-seq-diagram","messageBody":"Add `EditAssetCommand` PlantUML","fileTypesAndContributionMap":{}}]},{"date":"2024-03-27","commitResults":[{"hash":"30719defd8dc19eb213ea16fa3773613d2c1c955","isMergeCommit":true,"messageTitle":"Merge pull request #142 from AY2324S2-CS2103T-W12-3/113-redo-command","messageBody":"Add redo command","fileTypesAndContributionMap":{}}]}],"bryanyee33":[{"date":"2024-02-29","commitResults":[{"hash":"8f4d0aff142753d3ad90523464cfac615c1935fb","isMergeCommit":true,"messageTitle":"Merge pull request #8 from aureliony/refactor-models","messageBody":"Refactor models component","fileTypesAndContributionMap":{}},{"hash":"e51ece70e015f27ffb3af901fa2132ab2a5bd3fa","isMergeCommit":false,"messageTitle":"Update default page","messageBody":"","fileTypesAndContributionMap":{"docs":{"insertions":9,"deletions":8}}}]},{"date":"2024-03-02","commitResults":[{"hash":"c335bd088f4224dfa0b052a414031cf0050f9053","isMergeCommit":false,"messageTitle":"Add initial about page","messageBody":"","fileTypesAndContributionMap":{"docs":{"insertions":44,"deletions":6}}},{"hash":"d353872a522ed43c983663407f39a75c53d8687b","isMergeCommit":false,"messageTitle":"Update description of AssetBook-3","messageBody":"","fileTypesAndContributionMap":{"docs":{"insertions":3,"deletions":3}}},{"hash":"692a531510343aa9b2fafb783549930fa218e90c","isMergeCommit":true,"messageTitle":"Merge pull request #33 from aureliony/update-aboutus","messageBody":"Update AboutUs.md and add portfolio page for aureliony","fileTypesAndContributionMap":{}}]},{"date":"2024-03-05","commitResults":[{"hash":"7469a1c237dc636ce41647b13c5eec51535ad8cc","isMergeCommit":true,"messageTitle":"Merge pull request #44 from yisiox/branch-update-readme","messageBody":"Update AboutUs for yisiox","fileTypesAndContributionMap":{}},{"hash":"5fa478cbeb617548383c49bdd08a004ed9848f70","isMergeCommit":false,"messageTitle":"Update product scope and user stories","messageBody":"","fileTypesAndContributionMap":{"docs":{"insertions":27,"deletions":11}}}]},{"date":"2024-03-06","commitResults":[{"hash":"68fa075373d0349e191aa008afc65bb1fc0da14a","isMergeCommit":false,"messageTitle":"Add use cases","messageBody":"","fileTypesAndContributionMap":{"docs":{"insertions":29,"deletions":15}}},{"hash":"fa76ae48e482979d5bb60fcff015faa93eec5165","isMergeCommit":false,"messageTitle":"Move readInitialAddressBook() into StorageManager","messageBody":"","fileTypesAndContributionMap":{"functional-code":{"insertions":35,"deletions":37}}},{"hash":"ea68c6726dac25685d851929e311b61186b3454d","isMergeCommit":true,"messageTitle":"Merge branch \u0027master\u0027 into 6-refactor-storage","messageBody":"","fileTypesAndContributionMap":{}},{"hash":"803b17abfd47daf5168610b238ccd5ad0c925c4f","isMergeCommit":false,"messageTitle":"Move saveAddressBook exception handling to Storage components","messageBody":"","fileTypesAndContributionMap":{"functional-code":{"insertions":55,"deletions":33},"test-code":{"insertions":5,"deletions":62}}},{"hash":"39ca9728592f2f45e80e23589fc092479e412114","isMergeCommit":false,"messageTitle":"Add test cases for readInitialAddressBook()","messageBody":"","fileTypesAndContributionMap":{"functional-code":{"insertions":0,"deletions":3},"test-code":{"insertions":20,"deletions":0}}},{"hash":"2a4200ba442fc0e3078e00511648b81ce9447211","isMergeCommit":false,"messageTitle":"Refine test cases","messageBody":"","fileTypesAndContributionMap":{"functional-code":{"insertions":0,"deletions":14},"test-code":{"insertions":19,"deletions":7}}},{"hash":"27b53d29bac624f3be257a334c1eb315f74f811d","isMergeCommit":false,"messageTitle":"AddressBookParser.java::parseCommand() change to static","messageBody":"","fileTypesAndContributionMap":{"functional-code":{"insertions":2,"deletions":4}}},{"hash":"5e02faf6beb24e6cc28cb5a9fe905a8478fc6c50","isMergeCommit":false,"messageTitle":"Remove commandResult initialization","messageBody":"","fileTypesAndContributionMap":{"functional-code":{"insertions":2,"deletions":3}}}]},{"date":"2024-03-07","commitResults":[{"hash":"97b9b3ca65ce7b569f12ce91ddc8c4f58d298274","isMergeCommit":false,"messageTitle":"Remove CommandResult.java","messageBody":"","fileTypesAndContributionMap":{"functional-code":{"insertions":42,"deletions":127},"test-code":{"insertions":11,"deletions":87}}},{"hash":"28b856db4c25fdd9342e31f45f37c8b037796c60","isMergeCommit":true,"messageTitle":"Merge branch \u0027master\u0027 into 6-refactor-storage","messageBody":"","fileTypesAndContributionMap":{}}]},{"date":"2024-03-08","commitResults":[{"hash":"31ebb757135c2c284ffb8cde9e5c162531d98ff9","isMergeCommit":true,"messageTitle":"Merge pull request #60 from bryanyee33/54-refactor-logic","messageBody":"Refactor logic components","fileTypesAndContributionMap":{}},{"hash":"5b9a802d37eede58ae4ed05564dd65e093ba489c","isMergeCommit":true,"messageTitle":"Merge branch \u0027master\u0027 into 6-refactor-storage","messageBody":"","fileTypesAndContributionMap":{}}]},{"date":"2024-03-10","commitResults":[{"hash":"39e645d6e1b38591aa4baa27ee57d1b517d33288","isMergeCommit":false,"messageTitle":"Fix readInitialAddressBook() corrupted file test","messageBody":"","fileTypesAndContributionMap":{"test-code":{"insertions":8,"deletions":4}}},{"hash":"a3d85287585a3e3a503b80a4139acf9a305cc66d","isMergeCommit":true,"messageTitle":"Merge branch \u0027master\u0027 into 6-refactor-storage","messageBody":"","fileTypesAndContributionMap":{}}]},{"date":"2024-03-16","commitResults":[{"hash":"a6df56c22dad8ba9f0ab9cb01359822e789ec685","isMergeCommit":true,"messageTitle":"Merge branch \u0027master\u0027 into 6-refactor-storage","messageBody":"","fileTypesAndContributionMap":{}}]},{"date":"2024-03-19","commitResults":[{"hash":"91c2168c0515ff003679aa9bcd77c683b817cf0e","isMergeCommit":false,"messageTitle":"Remove CommandResult from diagrams","messageBody":"","fileTypesAndContributionMap":{"docs":{"insertions":4,"deletions":16}}},{"hash":"9b2b0bc87a773454e2a33ae24961158c2cd0c510","isMergeCommit":false,"messageTitle":"Remove CommandResult from DG","messageBody":"","fileTypesAndContributionMap":{"docs":{"insertions":1,"deletions":1}}},{"hash":"9d64b57720f1a901c4e3720971cdfe6bf8ee9bd0","isMergeCommit":true,"messageTitle":"Merge branch \u0027master\u0027 into 77-dg-model","messageBody":"","fileTypesAndContributionMap":{}},{"hash":"df809d0b4027d9a6f8d9589233df6a1816739f9b","isMergeCommit":false,"messageTitle":"Add undo command","messageBody":"","fileTypesAndContributionMap":{"functional-code":{"insertions":99,"deletions":23},"test-code":{"insertions":7,"deletions":1}}}]},{"date":"2024-03-20","commitResults":[{"hash":"72fe7fcce97f093d81135804dbb5d0403c8cc238","isMergeCommit":false,"messageTitle":"Add JUnit tests for Undo","messageBody":"","fileTypesAndContributionMap":{"functional-code":{"insertions":41,"deletions":25},"test-code":{"insertions":121,"deletions":3}}},{"hash":"5318345b13e51c72a96840cfe09f47464322a093","isMergeCommit":false,"messageTitle":"Change Undo response messages","messageBody":"","fileTypesAndContributionMap":{"functional-code":{"insertions":4,"deletions":4}}},{"hash":"e276549f28d0cc02fb2d6fba58cb137d5b66e9ab","isMergeCommit":true,"messageTitle":"Merge branch \u0027master\u0027 into 86-undo-command","messageBody":"","fileTypesAndContributionMap":{}},{"hash":"8fd02ef2a90862689984b911aaa6b4612384afb8","isMergeCommit":false,"messageTitle":"ModelManager::filteredPersons: Change to final","messageBody":"","fileTypesAndContributionMap":{"functional-code":{"insertions":1,"deletions":1}}},{"hash":"0981550bbf9bcefcd64149d5b2bd8fd8aa9f9d76","isMergeCommit":false,"messageTitle":"Change String to inline code","messageBody":"","fileTypesAndContributionMap":{"docs":{"insertions":1,"deletions":1}}},{"hash":"fd4776d5b2067167ab74b9dee78669a95f3e9978","isMergeCommit":true,"messageTitle":"Merge branch \u0027master\u0027 into 74-dg-logic","messageBody":"","fileTypesAndContributionMap":{}},{"hash":"a4a641b1661fc586825c2893b580688679df7521","isMergeCommit":true,"messageTitle":"Merge branch \u0027master\u0027 into 80-update-help-command","messageBody":"","fileTypesAndContributionMap":{}},{"hash":"3d6de3e8805783299b73f8af28aa8f2c21464afc","isMergeCommit":false,"messageTitle":"Change undoList to stack","messageBody":"","fileTypesAndContributionMap":{"functional-code":{"insertions":10,"deletions":15}}},{"hash":"c2c036b8edb481b4a2156b2233de926d9e989642","isMergeCommit":false,"messageTitle":"Fix EditAssetCommand","messageBody":"","fileTypesAndContributionMap":{"functional-code":{"insertions":109,"deletions":225},"test-code":{"insertions":39,"deletions":89}}},{"hash":"0e3f7e302b004c86d7a383129d426ac2069bdf78","isMergeCommit":true,"messageTitle":"Merge branch \u0027master\u0027 into add-edit-asset","messageBody":"","fileTypesAndContributionMap":{}}]},{"date":"2024-03-21","commitResults":[{"hash":"df0984a00cc81768f99fe6f67247328751430297","isMergeCommit":false,"messageTitle":"Add Assets to model diagram","messageBody":"","fileTypesAndContributionMap":{"docs":{"insertions":4,"deletions":0}}},{"hash":"96fcfc7ef255c34ad142a4e968cd730f077b944d","isMergeCommit":true,"messageTitle":"Merge pull request #108 from yisiox/106-update-ug-undo","messageBody":"106 update ug undo","tags":["v1.2"],"fileTypesAndContributionMap":{}}]},{"date":"2024-03-25","commitResults":[{"hash":"f2a47dfa3461a90bd4056fa95edadda75a5a4712","isMergeCommit":false,"messageTitle":"Remove unnecessary print statement","messageBody":"","fileTypesAndContributionMap":{"functional-code":{"insertions":0,"deletions":1}}},{"hash":"c76cbd69a7acab319911d1a717c91ec25cf4efe4","isMergeCommit":false,"messageTitle":"Remove unnecessary requireNonNull() checks","messageBody":"Some parameters are checked for non-null multiple times when passed\ninto another method, while some are devoid of them.\n\nThis reduces consistency between methods, and possibly reduces\nperformance.\n\nRemove requireNonNull() for wrapper methods, and only check in\nfinal method where parameter is used.\n","fileTypesAndContributionMap":{"functional-code":{"insertions":2,"deletions":12}}},{"hash":"87ebd702d3b0f97fe5b9e4815a380284380158a9","isMergeCommit":false,"messageTitle":"Change ADDRESS to OFFICE","messageBody":"Change ADDRESS to OFFICE\r\nFix hyperlinks\r\nFix inconsistency in naming","fileTypesAndContributionMap":{"docs":{"insertions":35,"deletions":32}}},{"hash":"7491b1684b4d37ea05ced73d97895a040e6b5021","isMergeCommit":false,"messageTitle":"Fix PHONE term consistency","messageBody":"","fileTypesAndContributionMap":{"docs":{"insertions":1,"deletions":1}}}]},{"date":"2024-03-26","commitResults":[{"hash":"1ee93140f0ac217a4a58925e122885b1ba2616e6","isMergeCommit":false,"messageTitle":"Move more requireNonNull() checks","messageBody":"","fileTypesAndContributionMap":{"functional-code":{"insertions":16,"deletions":9}}},{"hash":"aba9b39d171ea2125f1d50e83b61a97f18010c4d","isMergeCommit":true,"messageTitle":"Merge branch \u0027master\u0027 into tidy-up-code","messageBody":"","fileTypesAndContributionMap":{}},{"hash":"49aa382a457e63efa81d43e37534ed324b23c7a9","isMergeCommit":false,"messageTitle":"Fix invalid comment links","messageBody":"","fileTypesAndContributionMap":{"functional-code":{"insertions":4,"deletions":4}}},{"hash":"4e8f110a71f187cc19bc6e733d39870e4691b298","isMergeCommit":false,"messageTitle":"Add redo functionality","messageBody":"","fileTypesAndContributionMap":{"functional-code":{"insertions":119,"deletions":18},"test-code":{"insertions":132,"deletions":4}}},{"hash":"30c19885874bc7abff7fa45562d8ae1a1ef4bf56","isMergeCommit":false,"messageTitle":"Add AddressBook redo() tests","messageBody":"","fileTypesAndContributionMap":{"functional-code":{"insertions":4,"deletions":3},"test-code":{"insertions":14,"deletions":2}}}]},{"date":"2024-03-27","commitResults":[{"hash":"d094b89c73fef99f133593c4c05b887f451f2def","isMergeCommit":false,"messageTitle":"Rename undoList and redoList to stack","messageBody":"","fileTypesAndContributionMap":{"functional-code":{"insertions":13,"deletions":13}}},{"hash":"a6fc81791cebfa8e7a5233d704ae33baf501c289","isMergeCommit":false,"messageTitle":"Rename emptyRedoList() to clearRedoStack()","messageBody":"","fileTypesAndContributionMap":{"functional-code":{"insertions":2,"deletions":2}}},{"hash":"1a51c8bf9b7924d55eff0c8aa2cb289dd7b478ea","isMergeCommit":false,"messageTitle":"Use clear() for redoStack","messageBody":"","fileTypesAndContributionMap":{"functional-code":{"insertions":1,"deletions":10}}},{"hash":"29980659de94874cd7b85d103ca060157dc7f3b5","isMergeCommit":true,"messageTitle":"Merge branch \u0027master\u0027 into 113-redo-command","messageBody":"","fileTypesAndContributionMap":{}},{"hash":"e25201baf766cc0a4a00c73855a95f381b97b517","isMergeCommit":false,"messageTitle":"Update Javadoc comment","messageBody":"","fileTypesAndContributionMap":{"functional-code":{"insertions":3,"deletions":2}}}]}]},"authorFileTypeContributionMap":{"darkvoid32":{"docs":166,"functional-code":124,"test-code":245},"yisiox":{"docs":341,"functional-code":481,"test-code":568,"other":16},"rizkidelta":{"docs":0,"functional-code":0,"test-code":60},"aureliony":{"docs":132,"functional-code":329,"test-code":516,"other":7},"bryanyee33":{"docs":118,"functional-code":430,"test-code":351}},"authorContributionVariance":{"darkvoid32":151474.58,"yisiox":76191.3,"rizkidelta":139.29758,"aureliony":34787.125,"bryanyee33":20244.148},"authorDisplayNameMap":{"darkvoid32":"CS2103T-W12-3 TANG..TONG","yisiox":"CS2103T-W12-3 GUK ..IONG","rizkidelta":"CS2103T-W12-3 MUHA..UAJI","aureliony":"CS2103T-W12-3 LEON.. YEW","bryanyee33":"CS2103T-W12-3 YEE ..RYAN"}}
