{"authorDailyContributionsMap":{"0liverkong":[{"date":"2024-02-28","commitResults":[{"hash":"3461c488bcd7392a851fc4c3c1b7a7c0f0fca06c","isMergeCommit":false,"messageTitle":"Add Oliver AboutMe","messageBody":"","fileTypesAndContributionMap":{"docs":{"insertions":50,"deletions":4}}}]},{"date":"2024-02-29","commitResults":[{"hash":"bc89b6465a94bc5b9fd5cb7278d81ee5b1f5fcf7","isMergeCommit":false,"messageTitle":"Add User stories","messageBody":"","fileTypesAndContributionMap":{"docs":{"insertions":10,"deletions":8}}},{"hash":"f8a57adcd5231da7e09678297a704fa59da66aae","isMergeCommit":false,"messageTitle":"Add clear command user story","messageBody":"","fileTypesAndContributionMap":{"docs":{"insertions":10,"deletions":9}}},{"hash":"7f96d0a9344b8645a4b42554ac2365f4b3227729","isMergeCommit":false,"messageTitle":"Add clear confirm user story","messageBody":"","fileTypesAndContributionMap":{"docs":{"insertions":12,"deletions":11}}},{"hash":"6656023aee2de9f0c6886414e2c26c22b344bc78","isMergeCommit":false,"messageTitle":"Add more elaboration on benefits for user stories","messageBody":"","fileTypesAndContributionMap":{"docs":{"insertions":11,"deletions":12}}},{"hash":"d523e0f35ee083d5e5e99402694879ab2e6ba8a1","isMergeCommit":false,"messageTitle":"Add user story to search by attributes, and accessing by index","messageBody":"","fileTypesAndContributionMap":{"docs":{"insertions":12,"deletions":11}}},{"hash":"349e56f5d9c0edbeb59a30d5859935df6c1d1b0f","isMergeCommit":false,"messageTitle":"Fix typo in user story","messageBody":"","fileTypesAndContributionMap":{"docs":{"insertions":12,"deletions":12}}},{"hash":"a3f973b0ddb61d0bad50854d8fe44ca06b53a7ae","isMergeCommit":false,"messageTitle":"Split user story on comments into a comment and a interview status","messageBody":"","fileTypesAndContributionMap":{"docs":{"insertions":1,"deletions":0}}},{"hash":"785933f3023726294fcf48f3dbc1d3a52aaebaa6","isMergeCommit":false,"messageTitle":"Fix small typo in user stories","messageBody":"","fileTypesAndContributionMap":{"docs":{"insertions":1,"deletions":1}}},{"hash":"2219a3dc3d4dbd018aab15b7824d824842f6f25b","isMergeCommit":false,"messageTitle":"Add comment and tag section to user guide","messageBody":"","fileTypesAndContributionMap":{"docs":{"insertions":23,"deletions":0}}},{"hash":"25a99fba5229093ee63c9d9a271080f3943c283e","isMergeCommit":false,"messageTitle":"Edit comment section for user guide","messageBody":"","fileTypesAndContributionMap":{"docs":{"insertions":1,"deletions":1}}}]},{"date":"2024-03-02","commitResults":[{"hash":"1ad78cf4ab0920c742738178cdb78214d0643520","isMergeCommit":false,"messageTitle":"Fix image in about us","messageBody":"","fileTypesAndContributionMap":{"docs":{"insertions":1,"deletions":11}}}]},{"date":"2024-03-16","commitResults":[{"hash":"aeb7510d733424a7493f41a93f867007edbb79f0","isMergeCommit":false,"messageTitle":"Add confirmation for clearing with implementation of state inside Logic","messageBody":"","fileTypesAndContributionMap":{"functional-code":{"insertions":144,"deletions":14}}},{"hash":"9a2f8199d941fdc3e75d1aea8de2a52cba8671f0","isMergeCommit":false,"messageTitle":"Add confirmation for deletion","messageBody":"","fileTypesAndContributionMap":{"functional-code":{"insertions":130,"deletions":18},"other":{"insertions":4,"deletions":3},"test-code":{"insertions":1,"deletions":1}}},{"hash":"f3f93a5d9aaa5a6c8c6be14b1a86c46cc529a228","isMergeCommit":false,"messageTitle":"Fix checkstyle","messageBody":"","fileTypesAndContributionMap":{"functional-code":{"insertions":68,"deletions":36},"other":{"insertions":3,"deletions":2},"test-code":{"insertions":22,"deletions":18}}}]},{"date":"2024-03-19","commitResults":[{"hash":"390f59490cafcba15b2a263d5484885c2d78b754","isMergeCommit":false,"messageTitle":"Update JUnit tests","messageBody":"","fileTypesAndContributionMap":{"functional-code":{"insertions":21,"deletions":0},"test-code":{"insertions":112,"deletions":65}}},{"hash":"ba1f869669c428a6a5c0066f734788dde608d2a5","isMergeCommit":false,"messageTitle":"Add message when database is empty","messageBody":"","fileTypesAndContributionMap":{"functional-code":{"insertions":4,"deletions":0}}},{"hash":"750d82539e02ee2d4cdb8c05525662a02fe6418a","isMergeCommit":false,"messageTitle":"Fix checkstyle","messageBody":"","fileTypesAndContributionMap":{"functional-code":{"insertions":1,"deletions":0}}},{"hash":"c93b5a810406a8560eeb7bf0938bba0f5cc4aedc","isMergeCommit":false,"messageTitle":"Fix checkstyle","messageBody":"","fileTypesAndContributionMap":{"test-code":{"insertions":19,"deletions":13}}},{"hash":"70ed8c6320c197dd1b4dbb113961978fae93873e","isMergeCommit":true,"messageTitle":"Merge with master","messageBody":"","fileTypesAndContributionMap":{}}]},{"date":"2024-03-27","commitResults":[{"hash":"127b1fc223d8f389d7b4c4622347bcf2bede25ca","isMergeCommit":false,"messageTitle":"Display jobs in a separate list","messageBody":"","fileTypesAndContributionMap":{"functional-code":{"insertions":32,"deletions":0}}}]},{"date":"2024-03-28","commitResults":[{"hash":"a189365b95165ed547d8b0b233d36ded3e3bf5d0","isMergeCommit":false,"messageTitle":"Make application visual components auto resize","messageBody":"","fileTypesAndContributionMap":{"functional-code":{"insertions":186,"deletions":34}}},{"hash":"ac125fcb5d587c371c9a42869d882918e61038db","isMergeCommit":false,"messageTitle":"Fix checkstyle","messageBody":"","fileTypesAndContributionMap":{"functional-code":{"insertions":0,"deletions":2}}},{"hash":"71cbdd3dac1ab378cb4e4dc458aa4e86fc0e4a07","isMergeCommit":true,"messageTitle":"Merge branch \u0027master\u0027 into ui-job-column","messageBody":"","fileTypesAndContributionMap":{}}]},{"date":"2024-03-29","commitResults":[{"hash":"f8c1c7ed4332106645343837e6a7da7a04fcb593","isMergeCommit":false,"messageTitle":"Fix typo","messageBody":"","fileTypesAndContributionMap":{"functional-code":{"insertions":1,"deletions":1}}},{"hash":"df0f74844677c9a23eb2fe604a8094046647d382","isMergeCommit":true,"messageTitle":"Merge pull request #105 from 0liverkong/ui-job-column","messageBody":"UI job column","fileTypesAndContributionMap":{}}]},{"date":"2024-03-30","commitResults":[{"hash":"3e3227bc5ae32b801ea05f5b16ce6b07e0945955","isMergeCommit":false,"messageTitle":"Update Clear Command UML","messageBody":"","fileTypesAndContributionMap":{"docs":{"insertions":4,"deletions":0}}},{"hash":"2a7a7103b31a80732a75047a16b7605e837d844c","isMergeCommit":false,"messageTitle":"Update DG","messageBody":"","fileTypesAndContributionMap":{"docs":{"insertions":11,"deletions":12}}},{"hash":"72cff5e0af425e59624a4132b7b44f7c6eadc8d7","isMergeCommit":false,"messageTitle":"Update Logic DG","messageBody":"","fileTypesAndContributionMap":{"docs":{"insertions":3,"deletions":1}}},{"hash":"0bb40bdeff95002aa7ddc3ef68f566591d836c30","isMergeCommit":false,"messageTitle":"Add column to display applications","messageBody":"","fileTypesAndContributionMap":{"functional-code":{"insertions":181,"deletions":2}}}]},{"date":"2024-03-31","commitResults":[{"hash":"e9197c82f1b4a4455f31d15de55d53bc3d7b4457","isMergeCommit":false,"messageTitle":"Fix checkstyle","messageBody":"","fileTypesAndContributionMap":{"functional-code":{"insertions":13,"deletions":11}}},{"hash":"8961c29c8c22404f7dd86436a78f3429cd38a1c9","isMergeCommit":true,"messageTitle":"Merge branch \u0027master\u0027 into add-application-ui","messageBody":"","fileTypesAndContributionMap":{}}]},{"date":"2024-04-01","commitResults":[{"hash":"f4c5ed5d4df32f4b09718270e5a75602cf48fc0f","isMergeCommit":false,"messageTitle":"Add column labels","messageBody":"","fileTypesAndContributionMap":{"functional-code":{"insertions":19,"deletions":0}}},{"hash":"14748208c308b5ea2ab19cb51867364057a23789","isMergeCommit":false,"messageTitle":"Add application status to ui","messageBody":"","fileTypesAndContributionMap":{"functional-code":{"insertions":4,"deletions":0}}}]},{"date":"2024-04-02","commitResults":[{"hash":"f29c8697a70028a7d236f6e0cc034dc5dc0c7166","isMergeCommit":false,"messageTitle":"Add Labels for every column","messageBody":"","fileTypesAndContributionMap":{"functional-code":{"insertions":84,"deletions":36}}},{"hash":"960bcd4ad1915d7ed2fc347e998c576758f83ef7","isMergeCommit":false,"messageTitle":"Fix checkstyle","messageBody":"","fileTypesAndContributionMap":{"functional-code":{"insertions":0,"deletions":3}}},{"hash":"b07085caed0e2bd44b507132fa6ab73e2c0157e7","isMergeCommit":true,"messageTitle":"Merge pull request #135 from 0liverkong/add-labels","messageBody":"Add Labels for every attribute in each column","fileTypesAndContributionMap":{}}]}],"acekhoon":[{"date":"2024-02-28","commitResults":[{"hash":"54c603220947f2f0de1d6d073453747401dfeca8","isMergeCommit":false,"messageTitle":"Ikhoon\u0027s about me page updated","messageBody":"","fileTypesAndContributionMap":{"docs":{"insertions":46,"deletions":0}}},{"hash":"1cb4787288f284da65a9d7efb8df8b3d33da55dc","isMergeCommit":false,"messageTitle":"About me page updated","messageBody":"","fileTypesAndContributionMap":{"docs":{"insertions":50,"deletions":4}}},{"hash":"19065d045417bb704b503e1e8f6ad038b8c268b2","isMergeCommit":true,"messageTitle":"Merge pull request #21 from 0liverkong/Add-About-Me-Oliver","messageBody":"Add Oliver AboutMe","fileTypesAndContributionMap":{}}]},{"date":"2024-02-29","commitResults":[{"hash":"e5845ede624d545df1b1c7c39d58729203157f02","isMergeCommit":false,"messageTitle":"User-guide Updated","messageBody":"","fileTypesAndContributionMap":{"docs":{"insertions":47,"deletions":21}}},{"hash":"edb16e2eb0ff27e26ea16830822bd957415d0254","isMergeCommit":true,"messageTitle":"Merge pull request #24 from chiralcentre/update-UserGuide","messageBody":"update User Guide","fileTypesAndContributionMap":{}},{"hash":"f9ff45679b888d2b2da3d546769789e210717227","isMergeCommit":false,"messageTitle":"User guide text style fixed","messageBody":"","fileTypesAndContributionMap":{"docs":{"insertions":6,"deletions":9}}},{"hash":"7f3bbf13edf9658fa9e35033f50c74d2095439b9","isMergeCommit":false,"messageTitle":"User guide format re-updated","messageBody":"","fileTypesAndContributionMap":{"docs":{"insertions":4,"deletions":7}}},{"hash":"4741a8c2062e047a8561edbba3aa86f2ee39b58a","isMergeCommit":false,"messageTitle":"User guide again updated","messageBody":"","fileTypesAndContributionMap":{"docs":{"insertions":9,"deletions":9}}},{"hash":"e3f10bcf9d2d4769d6d771af0d6e0bfdcb93e380","isMergeCommit":false,"messageTitle":"Text fixed","messageBody":"","fileTypesAndContributionMap":{"docs":{"insertions":1,"deletions":1}}},{"hash":"c657f2755ef960127735aef72122031306a68347","isMergeCommit":false,"messageTitle":"User guide updated again","messageBody":"","fileTypesAndContributionMap":{"docs":{"insertions":5,"deletions":5}}},{"hash":"34161802b7c034c6d86abc660793e40909582fdc","isMergeCommit":false,"messageTitle":"User guide finalized","messageBody":"","fileTypesAndContributionMap":{"docs":{"insertions":1,"deletions":1}}},{"hash":"6556ab2194a0cf8597164273af5b68f632527be8","isMergeCommit":true,"messageTitle":"Merge pull request #23 from logical-1985516/branch-userguide","messageBody":"Add search, clear and FAQ in UserGuide","fileTypesAndContributionMap":{}},{"hash":"81fc9e86429bfa06fc0f950819381a9bf58f9c1c","isMergeCommit":true,"messageTitle":"Merge pull request #30 from logical-1985516/branch-userguide","messageBody":"Standardise format and examples","fileTypesAndContributionMap":{}},{"hash":"aa27b7b4e8020bd6d0206061ea422caf5a1971f4","isMergeCommit":false,"messageTitle":"Developer guide updated","messageBody":"","fileTypesAndContributionMap":{"docs":{"insertions":175,"deletions":13}}},{"hash":"d92e35ede1a967d838adb30d8dcb10eb079b215f","isMergeCommit":false,"messageTitle":"Use case updated","messageBody":"","fileTypesAndContributionMap":{"docs":{"insertions":5,"deletions":1}}},{"hash":"34c48bdb84343a45e76f487886092aa8cbc62924","isMergeCommit":true,"messageTitle":"Merge pull request #39 from acekhoon/developer-guide","messageBody":"Developer guide updated","fileTypesAndContributionMap":{}}]},{"date":"2024-03-16","commitResults":[{"hash":"5ee1b066dfa1c1e915bb2f8683bfdc72d38061c5","isMergeCommit":false,"messageTitle":"Status field and method updated","messageBody":"","fileTypesAndContributionMap":{"functional-code":{"insertions":322,"deletions":10},"test-code":{"insertions":61,"deletions":22}}},{"hash":"7aa9410cff15ba46755c8322348d87b905aa756b","isMergeCommit":true,"messageTitle":"Merged command and status commands","messageBody":"","fileTypesAndContributionMap":{}},{"hash":"cd583afdb0f3a22cda32e864ded8f9f3a66cbdc7","isMergeCommit":false,"messageTitle":"Status function finalized","messageBody":"","fileTypesAndContributionMap":{"functional-code":{"insertions":1,"deletions":4}}}]},{"date":"2024-03-17","commitResults":[{"hash":"149042aa2c0b7346e4b80a90230a54b1066399c2","isMergeCommit":true,"messageTitle":"Merge pull request #69 from acekhoon/update-status","messageBody":"Status field and statudcommand updated","fileTypesAndContributionMap":{}},{"hash":"7e34954ebc5327b64e5bb8d977bf0740eb364302","isMergeCommit":false,"messageTitle":"GetCommand by index added","messageBody":"","fileTypesAndContributionMap":{"functional-code":{"insertions":112,"deletions":0},"test-code":{"insertions":82,"deletions":0}}}]},{"date":"2024-03-18","commitResults":[{"hash":"1c3dbb90fa0d96dd2ff2c6cde12ee3bab2324c82","isMergeCommit":true,"messageTitle":"Merge current master","messageBody":"","fileTypesAndContributionMap":{}}]},{"date":"2024-03-19","commitResults":[{"hash":"26f15c6d6468a9623c956aa4be6d823e9065917c","isMergeCommit":false,"messageTitle":"Test case for get command fixed","messageBody":"","fileTypesAndContributionMap":{"test-code":{"insertions":5,"deletions":3}}},{"hash":"5fb8458c4169f01cd8a53f52673b2b0b542de285","isMergeCommit":false,"messageTitle":"addcommand output string bug fixed","messageBody":"","fileTypesAndContributionMap":{"functional-code":{"insertions":0,"deletions":1}}},{"hash":"2b0d51c5b53fd928138965226dc03c3a4ac1c8ad","isMergeCommit":false,"messageTitle":"Prefix-status removed from import","messageBody":"","fileTypesAndContributionMap":{"functional-code":{"insertions":0,"deletions":1}}},{"hash":"425a2238c9ddb6202c59a36d2211203ff16f46bd","isMergeCommit":true,"messageTitle":"Merge pull request #75 from logical-1985516/branch-SearchCommand","messageBody":"Fix minor issues in Search Command","tags":["v1.2"],"fileTypesAndContributionMap":{}},{"hash":"d06e497a1ccceebc8d7e2f1a1a6476ef25686d1b","isMergeCommit":true,"messageTitle":"Merge pull request #76 from logical-1985516/fix/#37-change-help-link","messageBody":"Fix help url in HelpWindow","fileTypesAndContributionMap":{}}]},{"date":"2024-03-24","commitResults":[{"hash":"425fad9c191662f61355b015e3d7819bd7d30453","isMergeCommit":true,"messageTitle":"Merge pull request #83 from AY2324S2-CS2103T-W08-1/fix/release","messageBody":"Fix minor items","tags":["v1.2.1"],"fileTypesAndContributionMap":{}}]},{"date":"2024-03-25","commitResults":[{"hash":"826ebb142a7dddf866d9c84e029e122b5b53aa71","isMergeCommit":false,"messageTitle":"Developer guide updated","messageBody":"","fileTypesAndContributionMap":{"docs":{"insertions":97,"deletions":0}}},{"hash":"3d2b2649479aef1a4bfceba304d4c0d0a84f9cb9","isMergeCommit":false,"messageTitle":"Minor error fixed","messageBody":"","fileTypesAndContributionMap":{"docs":{"insertions":1,"deletions":1}}},{"hash":"60568817807ae6852aadc357e1d8fc3f214a8e63","isMergeCommit":false,"messageTitle":"Minor mistake fixed","messageBody":"","fileTypesAndContributionMap":{"docs":{"insertions":1,"deletions":1}}},{"hash":"f4858e6e40dddeb52257521822a16ba3a740accc","isMergeCommit":false,"messageTitle":"Minor grammar error fixed","messageBody":"","fileTypesAndContributionMap":{"docs":{"insertions":1,"deletions":1}}},{"hash":"e339d049563d0f7540878087f2d2f0e93d66701d","isMergeCommit":true,"messageTitle":"Merge pull request #99 from acekhoon/UML-Updated","messageBody":"Developer guide updated","fileTypesAndContributionMap":{}}]},{"date":"2024-03-27","commitResults":[{"hash":"8f02eacf074a877b8f1d8df2c60ef39bbd81e598","isMergeCommit":false,"messageTitle":"Application class updated","messageBody":"","fileTypesAndContributionMap":{"functional-code":{"insertions":1171,"deletions":141},"other":{"insertions":1,"deletions":1},"test-code":{"insertions":90,"deletions":220}}},{"hash":"0e50c9b93d0457ede17cc07769927d9810f02b50","isMergeCommit":false,"messageTitle":"Delete and list app functions added","messageBody":"","fileTypesAndContributionMap":{"functional-code":{"insertions":141,"deletions":9},"other":{"insertions":31,"deletions":26}}},{"hash":"eef959dcea24d34e160b2cd82fbb6145eacbddce","isMergeCommit":false,"messageTitle":"Some merge conflicts resolved","messageBody":"","fileTypesAndContributionMap":{"functional-code":{"insertions":9,"deletions":9}}}]},{"date":"2024-03-28","commitResults":[{"hash":"e1e5659447cb6a27297490d1fa3aa0feb7481339","isMergeCommit":true,"messageTitle":"More merge conflicts resolved","messageBody":"","fileTypesAndContributionMap":{}},{"hash":"bc9e04c54144eae2bd61eb1470f0e94254577fc0","isMergeCommit":false,"messageTitle":"Confirmation message for delete_app added","messageBody":"","fileTypesAndContributionMap":{"functional-code":{"insertions":218,"deletions":83}}},{"hash":"8a2dc352593405ca3cae4e127ff67194755a46fe","isMergeCommit":false,"messageTitle":"Minor errors fixed","messageBody":"","fileTypesAndContributionMap":{"functional-code":{"insertions":9,"deletions":13},"test-code":{"insertions":8,"deletions":0}}},{"hash":"3b04f96f514fa07c07540da267f6dc4344b21d65","isMergeCommit":false,"messageTitle":"Equals method fixed","messageBody":"","fileTypesAndContributionMap":{"functional-code":{"insertions":1,"deletions":1}}}]},{"date":"2024-03-30","commitResults":[{"hash":"ed19f20cbc3aa5e2e8c074d513ea91cbf7751e22","isMergeCommit":false,"messageTitle":"Slots left method added with vacancy restriction","messageBody":"","fileTypesAndContributionMap":{"functional-code":{"insertions":145,"deletions":6},"test-code":{"insertions":5,"deletions":0}}},{"hash":"e02ead299dec809089ef4a159ebf1604ade410b8","isMergeCommit":true,"messageTitle":"Merge conflict resolved","messageBody":"","fileTypesAndContributionMap":{}},{"hash":"52b7e75a2e33c7792dbabcb64dc4100c702d58b8","isMergeCommit":false,"messageTitle":"Minor error fixed","messageBody":"","fileTypesAndContributionMap":{"functional-code":{"insertions":10,"deletions":13}}},{"hash":"810aeaee3a419c2806f11837d174839d858bc2a2","isMergeCommit":false,"messageTitle":"New function countVacancy addeD","messageBody":"","fileTypesAndContributionMap":{"functional-code":{"insertions":16,"deletions":6}}}]},{"date":"2024-03-31","commitResults":[{"hash":"b3b8b4563a0481c91389b698276709f8d117a9df","isMergeCommit":false,"messageTitle":"Minor error in test cases fixed","messageBody":"","fileTypesAndContributionMap":{"test-code":{"insertions":5,"deletions":0}}},{"hash":"d0ab66ae386264d457bb50febd1a22c4ceceed81","isMergeCommit":true,"messageTitle":"Merge pull request #118 from acekhoon/Vacancy","messageBody":"Slots left method added with vacancy restriction","fileTypesAndContributionMap":{}},{"hash":"10deb63624ff7573f079c197f29cf9af7e467588","isMergeCommit":true,"messageTitle":"Merge pull request #115 from 0liverkong/add-application-ui","messageBody":"Add column to display applications","fileTypesAndContributionMap":{}},{"hash":"4a1acc63ca873c2b82b5fab2a88c3443de1c9e3e","isMergeCommit":false,"messageTitle":"Status changed to index based command","messageBody":"","fileTypesAndContributionMap":{"functional-code":{"insertions":33,"deletions":50}}},{"hash":"5e6391a640882e968ea02ef68687971c5aec6b51","isMergeCommit":false,"messageTitle":"Minor checkstyle error fixed","messageBody":"","fileTypesAndContributionMap":{"functional-code":{"insertions":0,"deletions":1}}},{"hash":"4908e2f202b05d0bc2787681bd57a7e8702b74d8","isMergeCommit":false,"messageTitle":"Fix minor phrasing","messageBody":"","fileTypesAndContributionMap":{"functional-code":{"insertions":5,"deletions":4}}},{"hash":"042cfd4cdcce32f0b9f176d46982d00128f80ffb","isMergeCommit":false,"messageTitle":"Minor whitespace issue addressed","messageBody":"","fileTypesAndContributionMap":{"functional-code":{"insertions":1,"deletions":1}}},{"hash":"55f0fc70f1c5b0420fe24d43b07152d570126fbf","isMergeCommit":true,"messageTitle":"Merge pull request #124 from acekhoon/Status-Command-Update","messageBody":"Status changed to index based command","fileTypesAndContributionMap":{}}]},{"date":"2024-04-01","commitResults":[{"hash":"90dac821bfdccabd0a54395f32959cca51c1bcde","isMergeCommit":false,"messageTitle":"Status accepted updated to offered","messageBody":"","fileTypesAndContributionMap":{"functional-code":{"insertions":10,"deletions":19}}}]},{"date":"2024-04-04","commitResults":[{"hash":"0a9fd001eb5aee6790bc73f579bc421707ae4fb8","isMergeCommit":true,"messageTitle":"Merge pull request #138 from AY2324S2-CS2103T-W08-1/docs/ryan-user-guide","messageBody":"make minor edits to UG","tags":["v1.3"],"fileTypesAndContributionMap":{}},{"hash":"801a1b01c26949bdf1102a9995e97da04d49d46b","isMergeCommit":false,"messageTitle":"Minor UG error fixed","messageBody":"","fileTypesAndContributionMap":{"docs":{"insertions":3,"deletions":2}}},{"hash":"1be51775e4e9c675f09fd7d4031695fab31a2afb","isMergeCommit":false,"messageTitle":"Minor UG errors fixed","messageBody":"","fileTypesAndContributionMap":{"docs":{"insertions":11,"deletions":11}}},{"hash":"4b232cd5b507520635528073727d09283bd8d72a","isMergeCommit":false,"messageTitle":"White space removed","messageBody":"","fileTypesAndContributionMap":{"docs":{"insertions":11,"deletions":11}}},{"hash":"4a5dbc06e75c57821c828c783cf0578c0c0ce329","isMergeCommit":false,"messageTitle":"White space fixed","messageBody":"","fileTypesAndContributionMap":{"docs":{"insertions":9,"deletions":9}}},{"hash":"21dee0e6703e097d6a25ee1768665615becef7f0","isMergeCommit":false,"messageTitle":"Indentation fixed","messageBody":"","fileTypesAndContributionMap":{"docs":{"insertions":13,"deletions":13}}}]}],"leeweiming3":[{"date":"2024-02-28","commitResults":[{"hash":"df6820dfc6fbfee39a49fcc7257eabd91a4fb7be","isMergeCommit":false,"messageTitle":"Update aboutus, include my picture and project contributions","messageBody":"","fileTypesAndContributionMap":{"docs":{"insertions":56,"deletions":0}}}]},{"date":"2024-02-29","commitResults":[{"hash":"99cee5f4e02b0f0e809b0875cb2f7730961191a7","isMergeCommit":false,"messageTitle":"Add target user profile and value proposition to the developer guide","messageBody":"","fileTypesAndContributionMap":{"docs":{"insertions":3,"deletions":2}}},{"hash":"3473b5a9325e6d5c812308032cd035e3cc8da164","isMergeCommit":false,"messageTitle":"Remove messaging capability and improve phrasing","messageBody":"","fileTypesAndContributionMap":{"docs":{"insertions":2,"deletions":2}}},{"hash":"018a7e18e33b20c5004fbe18850c3fb3d415c80e","isMergeCommit":false,"messageTitle":"Add tag and status to user guide","messageBody":"","fileTypesAndContributionMap":{"docs":{"insertions":38,"deletions":0}}},{"hash":"fae3e94bc829aeda71d0de44e83ecb15fa1270b6","isMergeCommit":true,"messageTitle":"Solve merge conflict and add to summary","messageBody":"","fileTypesAndContributionMap":{}},{"hash":"2e6c3bc18ade9787cb59067668ae64253de793d2","isMergeCommit":false,"messageTitle":"Change tag command format and remove some lines","messageBody":"","fileTypesAndContributionMap":{"docs":{"insertions":7,"deletions":10}}}]},{"date":"2024-03-19","commitResults":[{"hash":"babd143c7141cccf2fd1472d976726fb5dc0bd6b","isMergeCommit":false,"messageTitle":"Add dummy Tag command","messageBody":"","fileTypesAndContributionMap":{"functional-code":{"insertions":43,"deletions":17}}},{"hash":"4fe988e73ed1d94fb4666733acc115c105f627fb","isMergeCommit":false,"messageTitle":"Add Tag command functionality and error messages","messageBody":"","fileTypesAndContributionMap":{"functional-code":{"insertions":76,"deletions":2},"test-code":{"insertions":7,"deletions":0}}},{"hash":"089511583e25fd538830216f6baa44775155cc8d","isMergeCommit":false,"messageTitle":"Add TagCommand equals() and unit tests for TagCommand, TagCommandParser","messageBody":"","fileTypesAndContributionMap":{"functional-code":{"insertions":19,"deletions":1},"test-code":{"insertions":205,"deletions":12}}},{"hash":"4b0dd3ff83d8e9aa775e340ad25e398a7c7b0729","isMergeCommit":false,"messageTitle":"Fix formatting (newlines) and cleanup","messageBody":"","fileTypesAndContributionMap":{"test-code":{"insertions":3,"deletions":7}}},{"hash":"2c66bbe904cce990dd181abf58358a70ef6c3234","isMergeCommit":false,"messageTitle":"Fix formatting imports","messageBody":"","fileTypesAndContributionMap":{"functional-code":{"insertions":33,"deletions":20},"test-code":{"insertions":10,"deletions":4}}},{"hash":"332f21529527c2a8c755158137ed90e234d55d62","isMergeCommit":false,"messageTitle":"Fix formatting imports (again)","messageBody":"","fileTypesAndContributionMap":{"test-code":{"insertions":33,"deletions":21}}}]},{"date":"2024-03-20","commitResults":[{"hash":"f968ba4d36d1eeea2e3144c000204eaa9dd8a778","isMergeCommit":true,"messageTitle":"Merge pull request #77 from leeweiming3/branch-TagCommand","messageBody":"Add tag command","fileTypesAndContributionMap":{}}]},{"date":"2024-03-30","commitResults":[{"hash":"b629321f9afb576e60ba2277d2d074194d206848","isMergeCommit":false,"messageTitle":"Add DeleteTagCommand and DeleteTagCommandParser","messageBody":"","fileTypesAndContributionMap":{"functional-code":{"insertions":136,"deletions":0}}},{"hash":"8a61b80193baee6c1ff30cc89a703e2952e5ff3c","isMergeCommit":false,"messageTitle":"Add tests for DeleteTagCommand","messageBody":"","fileTypesAndContributionMap":{"test-code":{"insertions":181,"deletions":1}}},{"hash":"9857f399e9eb8600742443836aefaa6389252709","isMergeCommit":true,"messageTitle":"Merge branch \u0027master\u0027 into feat/delete-tag-command","messageBody":"","fileTypesAndContributionMap":{}},{"hash":"0276ced62908454fbdaae54f6997728e9fcfc108","isMergeCommit":false,"messageTitle":"Fix whitespace","messageBody":"","fileTypesAndContributionMap":{"functional-code":{"insertions":1,"deletions":1},"test-code":{"insertions":7,"deletions":5}}},{"hash":"d0575abcc0c4fc8613037c273a68a0da30222745","isMergeCommit":true,"messageTitle":"Merge branch \u0027feat/delete-tag-command\u0027 of https://github.com/leeweiming3/tp into feat/delete-tag-command","messageBody":"","fileTypesAndContributionMap":{}}]},{"date":"2024-03-31","commitResults":[{"hash":"ce1b2d528d49b012d3fb527a5b0ee88dafcfeda2","isMergeCommit":false,"messageTitle":"Fix nits, shorten some lines","messageBody":"","fileTypesAndContributionMap":{"functional-code":{"insertions":4,"deletions":7},"test-code":{"insertions":2,"deletions":5}}},{"hash":"239568d6ce5fd134ebcb185f011873c9d201549c","isMergeCommit":true,"messageTitle":"Merge branch \u0027master\u0027 into feat/delete-tag-command","messageBody":"","fileTypesAndContributionMap":{}},{"hash":"55c2327cec612f9ca264f6fa01b9f5a1fb3e0d80","isMergeCommit":false,"messageTitle":"Fix merge error","messageBody":"","fileTypesAndContributionMap":{"functional-code":{"insertions":1,"deletions":4}}}]},{"date":"2024-04-01","commitResults":[{"hash":"140cdacd1c6cad33cf8517e820b2702cf51b767d","isMergeCommit":false,"messageTitle":"Standardise equals()","messageBody":"","fileTypesAndContributionMap":{"functional-code":{"insertions":16,"deletions":17}}},{"hash":"5af60319b2cf563547368374e88e85cb7c280f5d","isMergeCommit":true,"messageTitle":"Merge pull request #119 from leeweiming3/feat/delete-tag-command","messageBody":"Add delete_tag command","fileTypesAndContributionMap":{}}]},{"date":"2024-04-02","commitResults":[{"hash":"212eb3c24673ee8c482172d83e746313b6475b23","isMergeCommit":false,"messageTitle":"Add saving and reading of applications (without sample data)","messageBody":"","fileTypesAndContributionMap":{"functional-code":{"insertions":384,"deletions":11}}},{"hash":"7d716cfa024acd4e82e691ac620061fb52a6c934","isMergeCommit":true,"messageTitle":"Merge branch \u0027master\u0027 of https://github.com/AY2324S2-CS2103T-W08-1/tp into feat/saving-applications","messageBody":"","fileTypesAndContributionMap":{}},{"hash":"f237acbc9392f7267ebc972f14e4ed8989348d64","isMergeCommit":false,"messageTitle":"Add sample application list when first opened","messageBody":"","fileTypesAndContributionMap":{"functional-code":{"insertions":26,"deletions":6}}},{"hash":"ebf78a914fc0bd19320882259a75b288b6f2fb42","isMergeCommit":false,"messageTitle":"Fix style","messageBody":"","fileTypesAndContributionMap":{"functional-code":{"insertions":4,"deletions":3}}},{"hash":"b6e4148278fa9cbd3a6224a7a47f5a254c99aec2","isMergeCommit":false,"messageTitle":"Fix style","messageBody":"","fileTypesAndContributionMap":{"functional-code":{"insertions":6,"deletions":4}}},{"hash":"167b49eb05076a18313736706b145fb0ab569456","isMergeCommit":false,"messageTitle":"Fix style","messageBody":"","fileTypesAndContributionMap":{"functional-code":{"insertions":8,"deletions":7}}},{"hash":"bfcebad393bc6e552436f1003d1c236b0cca7840","isMergeCommit":false,"messageTitle":"Fix constructors in tests (no new tests were added)","messageBody":"","fileTypesAndContributionMap":{"test-code":{"insertions":92,"deletions":44}}},{"hash":"875a167676be79b54f1889af7ae0625f08edf5df","isMergeCommit":false,"messageTitle":"Validate if loaded applications exceed vacancy count","messageBody":"","fileTypesAndContributionMap":{"functional-code":{"insertions":16,"deletions":0}}}]},{"date":"2024-04-03","commitResults":[{"hash":"3e292433d9cccb8c8b2764c72113489a265861a0","isMergeCommit":true,"messageTitle":"Merge branch \u0027master\u0027 of https://github.com/AY2324S2-CS2103T-W08-1/tp into feat/saving-applications","messageBody":"# Conflicts:\n#\tsrc/main/java/seedu/hirehub/model/UserPrefs.java\n#\tsrc/test/java/seedu/hirehub/logic/commands/DeleteTagCommandTest.java\n","fileTypesAndContributionMap":{}},{"hash":"bbd1bf5ed2fb3261e841c5d236acd3891c2a4491","isMergeCommit":false,"messageTitle":"Fix style","messageBody":"","fileTypesAndContributionMap":{"functional-code":{"insertions":2,"deletions":2}}}]},{"date":"2024-04-04","commitResults":[{"hash":"32b20fb62077447260b57bbfb5be1246eb3b9fef","isMergeCommit":false,"messageTitle":"Simplify delete command code into NewDelete*Command","messageBody":"","fileTypesAndContributionMap":{"functional-code":{"insertions":445,"deletions":27}}},{"hash":"16b824fcb5be503d257e8f7a93df9633469575ee","isMergeCommit":false,"messageTitle":"Replace old delete command with new delete commands","messageBody":"","fileTypesAndContributionMap":{"functional-code":{"insertions":118,"deletions":836},"other":{"insertions":31,"deletions":33},"test-code":{"insertions":148,"deletions":180}}},{"hash":"41cc101b030358fd8f0baabe156bcf9de728f7ec","isMergeCommit":false,"messageTitle":"Fix style","messageBody":"","fileTypesAndContributionMap":{"functional-code":{"insertions":1,"deletions":1},"test-code":{"insertions":8,"deletions":8}}},{"hash":"77d46e902b37e5d45e19c1093ce4a48e6bbcebb4","isMergeCommit":false,"messageTitle":"Extract some functions, remove typo","messageBody":"","fileTypesAndContributionMap":{"functional-code":{"insertions":51,"deletions":32}}},{"hash":"ec6c2f8a7bbd15d7c378abe4b6f76a0b29e50ae0","isMergeCommit":false,"messageTitle":"Fix copy paste typos","messageBody":"","fileTypesAndContributionMap":{"functional-code":{"insertions":21,"deletions":22}}},{"hash":"aac3e6d50b6f136d0e3504c7897b41d75b2c9b1d","isMergeCommit":false,"messageTitle":"Standardise examples formatting","messageBody":"","fileTypesAndContributionMap":{"docs":{"insertions":14,"deletions":21}}},{"hash":"6ac61953b2fad61c6f5a42c1b750493fed584868","isMergeCommit":false,"messageTitle":"Fix a bullet pt","messageBody":"","fileTypesAndContributionMap":{"docs":{"insertions":2,"deletions":1}}},{"hash":"bcca10c53cc37302b218cfea742f2d70ddb5943a","isMergeCommit":true,"messageTitle":"Merge pull request #141 from leeweiming3/docs/wm-user-guide","messageBody":"Standardise examples formatting in user guide","fileTypesAndContributionMap":{}}]},{"date":"2024-04-10","commitResults":[{"hash":"d2ae9dab3423e96ffd1fb69b08741fcd5766c362","isMergeCommit":false,"messageTitle":"Extract subclass ConfirmableCommand for polymorphism","messageBody":"","fileTypesAndContributionMap":{"functional-code":{"insertions":30,"deletions":19}}},{"hash":"b18a2f32929eabde2557d5d9e32cff5690a6e8a8","isMergeCommit":true,"messageTitle":"Merge remote-tracking branch \u0027origin/master\u0027 into fix/simplify-delete","messageBody":"# Conflicts:\n#\tsrc/test/java/seedu/hirehub/logic/commands/DeleteCommandTest.java\n#\tsrc/test/java/seedu/hirehub/logic/commands/InitDeleteCommandTest.java\n","fileTypesAndContributionMap":{}},{"hash":"84d556c47c1fbc4fefabf7817f2a18caaab100d3","isMergeCommit":false,"messageTitle":"Fix constructors","messageBody":"","fileTypesAndContributionMap":{"test-code":{"insertions":6,"deletions":4}}}]},{"date":"2024-04-12","commitResults":[{"hash":"b9415edfaff36f3490c04b2f662d471f1315c870","isMergeCommit":false,"messageTitle":"Remove extraneous enums","messageBody":"","fileTypesAndContributionMap":{"functional-code":{"insertions":1,"deletions":5}}},{"hash":"3ca257714d41856c2763073efdfef9abf9dfd34d","isMergeCommit":true,"messageTitle":"Merge pull request #137 from leeweiming3/fix/simplify-delete","messageBody":"Simplify initdelete classes","fileTypesAndContributionMap":{}}]}],"logical-1985516":[{"date":"2024-02-28","commitResults":[{"hash":"9e06928f4da0f9fd59ac7d1046f4eccc273a5d2e","isMergeCommit":false,"messageTitle":"Add phone validation - validate by local/overseas","messageBody":"","fileTypesAndContributionMap":{"functional-code":{"insertions":11,"deletions":3}}},{"hash":"5e623bbf4f5b3f6ba3a124a374166c9e666f0a4a","isMergeCommit":false,"messageTitle":"Add search, clear and FAQ","messageBody":"","fileTypesAndContributionMap":{"docs":{"insertions":18,"deletions":0}}},{"hash":"19850b6b2dabfff9fac1bb77f552af59b557af07","isMergeCommit":false,"messageTitle":"Add command in glossary","messageBody":"","fileTypesAndContributionMap":{"docs":{"insertions":1,"deletions":0}}},{"hash":"03ae46d194ca89134fe31c068dee454caf727af3","isMergeCommit":false,"messageTitle":"Update README to match project","messageBody":"","fileTypesAndContributionMap":{"docs":{"insertions":10,"deletions":8}}},{"hash":"1e8d0eaad8caeaf4203bee7dee22482be3e29c32","isMergeCommit":true,"messageTitle":"Merge branch \u0027master\u0027 of https://github.com/logical-1985516/tp into branch-AboutMe","messageBody":"","fileTypesAndContributionMap":{}},{"hash":"48fcdf409d01604b432bd17b4d41651582a95f85","isMergeCommit":true,"messageTitle":"Merge branch \u0027master\u0027 of https://github.com/logical-1985516/tp into branch-AboutMe","messageBody":"","fileTypesAndContributionMap":{}},{"hash":"1142f1081e52119f39fc6d17047d52718525fbc1","isMergeCommit":false,"messageTitle":"Update AboutUs (Yan Jie)","messageBody":"","fileTypesAndContributionMap":{"docs":{"insertions":51,"deletions":5}}},{"hash":"28b5b05070ed87f236ebdefa4082217d726be281","isMergeCommit":false,"messageTitle":"Change link","messageBody":"","fileTypesAndContributionMap":{"docs":{"insertions":1,"deletions":1}}}]},{"date":"2024-02-29","commitResults":[{"hash":"a667ac6f84d5d0372b39cbdb667c1d79a03f7c1a","isMergeCommit":false,"messageTitle":"Add examples and clarify the behaviour of search","messageBody":"","fileTypesAndContributionMap":{"docs":{"insertions":6,"deletions":1}}},{"hash":"d0fa4f0473e0d4d0e059b73e0d23aff1bc993606","isMergeCommit":false,"messageTitle":"Change \"tags\" to \"tag\"","messageBody":"","fileTypesAndContributionMap":{"docs":{"insertions":2,"deletions":2}}},{"hash":"ebecae74f8d94a40c0f357bc4a51917f935f87e4","isMergeCommit":false,"messageTitle":"Update command summary","messageBody":"","fileTypesAndContributionMap":{"docs":{"insertions":2,"deletions":2}}},{"hash":"af9a59356a6fbb4ade547991bd62738144a00fa3","isMergeCommit":false,"messageTitle":"Standardise format and examples","messageBody":"","fileTypesAndContributionMap":{"docs":{"insertions":4,"deletions":4}}},{"hash":"ff7a435d01754e09d23e0b4037675f1ffcf37336","isMergeCommit":false,"messageTitle":"Replace AB3 with HireHub and remove \"find\" feature","messageBody":"","fileTypesAndContributionMap":{"docs":{"insertions":13,"deletions":30}}},{"hash":"8d5209d4d5d1a3f817b9c36aeb01fb7025a4599f","isMergeCommit":false,"messageTitle":"Fix the jar file release link","messageBody":"","fileTypesAndContributionMap":{"docs":{"insertions":1,"deletions":1}}},{"hash":"03769973a3bcab6a61fc2f4b8134158fc23b8908","isMergeCommit":true,"messageTitle":"Merge branch \u0027master\u0027 of https://github.com/logical-1985516/tp into branch-developerguide","messageBody":"","fileTypesAndContributionMap":{}},{"hash":"7825d1778960a1f78af8cb4fa5a68545f92bea84","isMergeCommit":false,"messageTitle":"Update phrasing","messageBody":"","fileTypesAndContributionMap":{"docs":{"insertions":1,"deletions":1}}}]},{"date":"2024-03-02","commitResults":[{"hash":"91cb21496f95ac48e722a69638629c443357f089","isMergeCommit":true,"messageTitle":"Merge pull request #45 from chiralcentre/update-sitewide-settings","messageBody":"update header in _base.scss","fileTypesAndContributionMap":{}},{"hash":"5b4557e2b1bad9a22e8d978f2b75ad8ab9ea2835","isMergeCommit":false,"messageTitle":"Update index.md","messageBody":"","fileTypesAndContributionMap":{"docs":{"insertions":5,"deletions":5}}},{"hash":"e6da969407d62d298c36d3ef0ade06c33448fc67","isMergeCommit":true,"messageTitle":"Merge pull request #50 from chiralcentre/update-sitewide-settings","messageBody":"update docs/_config.yml","fileTypesAndContributionMap":{}}]},{"date":"2024-03-09","commitResults":[{"hash":"d5aeac91b97b6fae4e7b67d6b485194d0b2d895d","isMergeCommit":true,"messageTitle":"Merge branch \u0027master\u0027 of https://github.com/logical-1985516/tp into branch-phone-validation","messageBody":"","fileTypesAndContributionMap":{}},{"hash":"15e3cc766e1eb9183aeb9b5f39367795e7684baa","isMergeCommit":true,"messageTitle":"Merge branch \u0027master\u0027 of https://github.com/logical-1985516/tp into branch-phone-validation","messageBody":"","fileTypesAndContributionMap":{}}]},{"date":"2024-03-14","commitResults":[{"hash":"87d6682688125f132adff42bbaa795f2d0c43db1","isMergeCommit":false,"messageTitle":"Add SearchCommand and its parser","messageBody":"The logic of the predicate is not yet added.\n","fileTypesAndContributionMap":{"functional-code":{"insertions":169,"deletions":12}}}]},{"date":"2024-03-15","commitResults":[{"hash":"0cf029e36123820e3d0d75072544d7c370692cfa","isMergeCommit":false,"messageTitle":"Update local phone validation to be more general","messageBody":"3 can now be the prefix to include VoIP numbers. Hyphens can now be\nused in lieu of whitespace.\n","fileTypesAndContributionMap":{"functional-code":{"insertions":1,"deletions":1}}},{"hash":"6977808bc120fcb0e1a684c410fa200e00573f10","isMergeCommit":false,"messageTitle":"Relax international phone number validation rules","messageBody":"Some phone numbers were not accepted under the old validation rules.\n","fileTypesAndContributionMap":{"functional-code":{"insertions":1,"deletions":5}}},{"hash":"e8d4800d6b04f337ae36ae190268226b5d359397","isMergeCommit":false,"messageTitle":"Improve clarity of MESSAGE_CONSTRAINTS","messageBody":"","fileTypesAndContributionMap":{"functional-code":{"insertions":4,"deletions":2}}}]},{"date":"2024-03-16","commitResults":[{"hash":"1fcecec98c6762c4d03c9ee55ea702d4c73db6f1","isMergeCommit":false,"messageTitle":"Finish the predicate logic","messageBody":"","fileTypesAndContributionMap":{"functional-code":{"insertions":300,"deletions":27}}},{"hash":"0e16ccf9c9103293bd611cafabeb05b667e33642","isMergeCommit":false,"messageTitle":"Fix logic as it is failing test cases","messageBody":"new Name(\"\") is causing problems as empty string is not a valid name.\n","fileTypesAndContributionMap":{"functional-code":{"insertions":11,"deletions":9}}},{"hash":"421b511ca71504fe6c49d599a2b6136f588006be","isMergeCommit":false,"messageTitle":"Add space after country code to avoid ambiguity in phone number","messageBody":"","fileTypesAndContributionMap":{"functional-code":{"insertions":1,"deletions":1}}}]},{"date":"2024-03-17","commitResults":[{"hash":"30b1f11436b96b0f777fa745ce842d58ea5b7afb","isMergeCommit":false,"messageTitle":"Add test cases and fix minor bugs, e.g. exact matching of tags","messageBody":"","fileTypesAndContributionMap":{"functional-code":{"insertions":16,"deletions":26},"test-code":{"insertions":431,"deletions":0}}},{"hash":"6d00316e892f945a708a23a3278023868312e8a5","isMergeCommit":false,"messageTitle":"Fix checkstyle errors","messageBody":"","fileTypesAndContributionMap":{"functional-code":{"insertions":63,"deletions":49}}},{"hash":"7d334eb70b6e3420070059590abc0f022234c8ea","isMergeCommit":true,"messageTitle":"Merge branch \u0027master\u0027 into branch-SearchCommand","messageBody":"","fileTypesAndContributionMap":{}}]},{"date":"2024-03-18","commitResults":[{"hash":"c5cc2347b50bc29ba99251745505f5f39b0dea0a","isMergeCommit":false,"messageTitle":"Refactor search command to include country and status","messageBody":"","fileTypesAndContributionMap":{"functional-code":{"insertions":36,"deletions":24},"test-code":{"insertions":63,"deletions":47}}},{"hash":"0be41ae9156d64e25d59810db5fd000ce3000e32","isMergeCommit":true,"messageTitle":"Merge branch \u0027master\u0027 of https://github.com/logical-1985516/tp into branch-SearchCommand","messageBody":"","fileTypesAndContributionMap":{}},{"hash":"87f3351edcc97bdcbdbbb7b95980fd178a91ab0b","isMergeCommit":false,"messageTitle":"Fix imports, logic and test cases from merging","messageBody":"","fileTypesAndContributionMap":{"functional-code":{"insertions":19,"deletions":9},"test-code":{"insertions":10,"deletions":10}}},{"hash":"0efe4d2126eaf9f075ff32fbd0f642fc76b0b3f3","isMergeCommit":true,"messageTitle":"Merge branch \u0027master\u0027 of https://github.com/logical-1985516/tp into branch-phone-validation","messageBody":"","fileTypesAndContributionMap":{}},{"hash":"a975c146a493049562d156cb67dd26fe3fa3a8ac","isMergeCommit":false,"messageTitle":"Fix checkStyle errors in test classes","messageBody":"","fileTypesAndContributionMap":{"test-code":{"insertions":64,"deletions":24}}},{"hash":"c76dd89da85a25d27baee05726a9d1179e8c7d8d","isMergeCommit":false,"messageTitle":"Include status in some methods","messageBody":"","fileTypesAndContributionMap":{"functional-code":{"insertions":2,"deletions":0}}},{"hash":"a0687cb4883d003410dba9c55841174785dd895a","isMergeCommit":true,"messageTitle":"Merge pull request #71 from logical-1985516/branch-SearchCommand","messageBody":"Add search command","fileTypesAndContributionMap":{}},{"hash":"853ab598d63c207b806a48caaabac4513ba41d64","isMergeCommit":true,"messageTitle":"Merge branch \u0027master\u0027 of https://github.com/logical-1985516/tp into branch-phone-validation","messageBody":"","fileTypesAndContributionMap":{}}]},{"date":"2024-03-19","commitResults":[{"hash":"546089f61b07e663d0a5686f18549392f5179336","isMergeCommit":true,"messageTitle":"Merge pull request #72 from acekhoon/get-command","messageBody":"GetCommand by index added","fileTypesAndContributionMap":{}},{"hash":"f962c22176f837883f9d302c55df9e4ca4acdfef","isMergeCommit":false,"messageTitle":"Fix and add test cases","messageBody":"","fileTypesAndContributionMap":{"test-code":{"insertions":58,"deletions":22}}},{"hash":"da3f1d622f8ea78fd1dede0026a7651f0981e7ad","isMergeCommit":false,"messageTitle":"Fix checkStyle error","messageBody":"","fileTypesAndContributionMap":{"test-code":{"insertions":3,"deletions":2}}},{"hash":"6837b091f6d154f29e09e5f2ab63c572871e94f0","isMergeCommit":false,"messageTitle":"Fix message usage of SearchCommand","messageBody":"","fileTypesAndContributionMap":{"functional-code":{"insertions":6,"deletions":6}}},{"hash":"734bf8e54e5f3b8a0c4f55d5c6b654b6ff560d01","isMergeCommit":false,"messageTitle":"Standardize code in test method","messageBody":"","fileTypesAndContributionMap":{"functional-code":{"insertions":2,"deletions":2}}},{"hash":"0af7e551dce2f92bba525c81cb380ad6f93140d7","isMergeCommit":false,"messageTitle":"Fix help url in HelpWindow","messageBody":"","fileTypesAndContributionMap":{"functional-code":{"insertions":1,"deletions":1}}}]},{"date":"2024-03-20","commitResults":[{"hash":"20a37d80fd5d897eb69ea7abac1a96d40625e896","isMergeCommit":false,"messageTitle":"Add no field specified error message and add test case","messageBody":"","fileTypesAndContributionMap":{"functional-code":{"insertions":4,"deletions":1},"test-code":{"insertions":6,"deletions":1}}},{"hash":"fcc9ccc3efc97eb1c3e3f4f4b50f3287792792a6","isMergeCommit":true,"messageTitle":"Merge pull request #79 from logical-1985516/branch-SearchCommand","messageBody":"Add no field specified error message and add test case","fileTypesAndContributionMap":{}},{"hash":"7ee9cf9279952a1fdb4a6220e7b9e7d73041d442","isMergeCommit":false,"messageTitle":"Fix capitalization, spaces and square brackets in usage message","messageBody":"","fileTypesAndContributionMap":{"functional-code":{"insertions":5,"deletions":4}}},{"hash":"2c6c6fc31be84c02097ab4517f33e7418982365b","isMergeCommit":false,"messageTitle":"Add prefix in example and invalid format for invalid status command","messageBody":"","fileTypesAndContributionMap":{"functional-code":{"insertions":2,"deletions":2}}}]},{"date":"2024-03-24","commitResults":[{"hash":"2f5dff32f55a1c6b69d6b99c6f5dfc7cfa1922ad","isMergeCommit":true,"messageTitle":"Merge branch \u0027master\u0027 of tp fork into fix/minor-fixes","messageBody":"","fileTypesAndContributionMap":{}},{"hash":"9f8b6ba7329d2e611d51cc96909dd50e82f6b7af","isMergeCommit":false,"messageTitle":"Fix style and optimize String formatting","messageBody":"","fileTypesAndContributionMap":{"functional-code":{"insertions":123,"deletions":5}}},{"hash":"e0307f11d78722e92b50be313a443815bdb445c0","isMergeCommit":false,"messageTitle":"Fix tag command message usage","messageBody":"","fileTypesAndContributionMap":{"functional-code":{"insertions":1,"deletions":1}}},{"hash":"2a69419bd927179371eaa7f24e542a3873d79518","isMergeCommit":false,"messageTitle":"Refactor CommentCommandParser to fit message usage","messageBody":"","fileTypesAndContributionMap":{"functional-code":{"insertions":8,"deletions":4}}},{"hash":"9667d65039cbfffb1e0105f50426d6011d1e808f","isMergeCommit":false,"messageTitle":"Fix error message and standardize code","messageBody":"","fileTypesAndContributionMap":{"functional-code":{"insertions":3,"deletions":5}}},{"hash":"80286b942ec4fa2608a9717f9f34d9fa68617a66","isMergeCommit":false,"messageTitle":"Fix parser for edge case where only index is provided, e.g. \"comment 1\"","messageBody":"In the old code, parsedIndexComment has only length 1, so\nparsedIndexComment[1] would have thrown an array out of bounds\nexception.\n","fileTypesAndContributionMap":{"functional-code":{"insertions":5,"deletions":5}}},{"hash":"6a4a4ee22f2e72380df7213f204595de672a4f11","isMergeCommit":true,"messageTitle":"Merge pull request #80 from logical-1985516/fix/minor-fixes","messageBody":"Minor message fixes","fileTypesAndContributionMap":{}},{"hash":"306eb8dc737dcf6705f70f4aaf31aca0f16a3c74","isMergeCommit":false,"messageTitle":"Trim comment in comment command","messageBody":"","fileTypesAndContributionMap":{"functional-code":{"insertions":1,"deletions":1}}}]},{"date":"2024-03-25","commitResults":[{"hash":"ccea14c6a16593ead3da6998805bd750d294104d","isMergeCommit":true,"messageTitle":"Merge pull request #98 from logical-1985516/fix/minor-fixes","messageBody":"Trim comment in comment command","fileTypesAndContributionMap":{}}]},{"date":"2024-03-27","commitResults":[{"hash":"5fcc35fa4a57d43785b427f6dfc2c2092783cd36","isMergeCommit":false,"messageTitle":"Add FilterCommandParser and FilterCommand skeleton","messageBody":"","fileTypesAndContributionMap":{"functional-code":{"insertions":92,"deletions":0}}},{"hash":"7b5f971d9302ccbe2e69c9147560e51a3998fc15","isMergeCommit":false,"messageTitle":"Add status to FilterCommand and parser","messageBody":"","fileTypesAndContributionMap":{"functional-code":{"insertions":21,"deletions":11}}},{"hash":"5392fa559fee09b5a2d39c7dbddac2f7f110592a","isMergeCommit":false,"messageTitle":"Refine logic of SearchCommandParser","messageBody":"Standardise error messages to this hierarchy: invalid format \u003e no field\nprovided, similar to edit command. If the command violates the\nconstraints (as specified in the parameters), invalid format message\nshould be thrown.\n","fileTypesAndContributionMap":{"functional-code":{"insertions":8,"deletions":5}}}]},{"date":"2024-03-28","commitResults":[{"hash":"bfef22b413822d1ec8b8c6ea03870bb8be98b13e","isMergeCommit":false,"messageTitle":"Generify predicates more to avoid raw types and allow application search","messageBody":"","fileTypesAndContributionMap":{"functional-code":{"insertions":64,"deletions":27}}},{"hash":"5355b150597ab0f66c59127d673d03b59ef396b8","isMergeCommit":false,"messageTitle":"Add search command sequence diagram","messageBody":"","fileTypesAndContributionMap":{"docs":{"insertions":124,"deletions":0}}},{"hash":"43fb9acca78e37f28f4635c898558308685477fd","isMergeCommit":false,"messageTitle":"Add search command in developer guide","messageBody":"","fileTypesAndContributionMap":{"docs":{"insertions":22,"deletions":1}}}]},{"date":"2024-03-29","commitResults":[{"hash":"3685309e4db8ed76a273178c4130776b2a302edc","isMergeCommit":true,"messageTitle":"Resolve merge conflict","messageBody":"","fileTypesAndContributionMap":{}},{"hash":"d641baa61a68ee3736cc64acfdebac1da022fe06","isMergeCommit":false,"messageTitle":"Implement execute in FilterCommand and integrate changes from merging","messageBody":"Minor changes/additions are made to ensure correct message display etc.\n","fileTypesAndContributionMap":{"functional-code":{"insertions":46,"deletions":31}}},{"hash":"4ae2d37abff5e2905be8523a3ce71c5b72d0ff53","isMergeCommit":false,"messageTitle":"Rename command for consistency","messageBody":"","fileTypesAndContributionMap":{"functional-code":{"insertions":3,"deletions":3},"other":{"insertions":12,"deletions":12}}},{"hash":"0f033462693caefbe8641f77c1b5d76a3896cdb7","isMergeCommit":true,"messageTitle":"Resolve merge conflict from removing status","messageBody":"","fileTypesAndContributionMap":{}},{"hash":"880587e27c3964338c08cf317ce3bfe7725e0e67","isMergeCommit":false,"messageTitle":"Resolve merge conflicts from removing status","messageBody":"","fileTypesAndContributionMap":{"test-code":{"insertions":2,"deletions":14}}},{"hash":"3dee02a67ba9a9c1b23c2a3ef000a85d26b4175a","isMergeCommit":false,"messageTitle":"Fix checkStyle errors","messageBody":"","fileTypesAndContributionMap":{"functional-code":{"insertions":18,"deletions":14}}},{"hash":"364e56b6275a89fda4f7e9790049bc08de0b15b5","isMergeCommit":true,"messageTitle":"Merge pull request #56 from logical-1985516/branch-phone-validation","messageBody":"Add phone validation","fileTypesAndContributionMap":{}},{"hash":"32ce151364f9de8c698cdfdde4d12b22f9b94f03","isMergeCommit":false,"messageTitle":"Update edit and delete command to update Persons in Applications","messageBody":"","fileTypesAndContributionMap":{"functional-code":{"insertions":34,"deletions":0}}},{"hash":"c80394c06648d01f14e51bb531007e2df6745fb0","isMergeCommit":true,"messageTitle":"Merge pull request #106 from AY2324S2-CS2103T-W08-1/docs/developer-guide-search-command","messageBody":"Add search command in developer guide","fileTypesAndContributionMap":{}},{"hash":"57635687c465c05cf51857686cb4bd197acf070a","isMergeCommit":true,"messageTitle":"Resolve merge conflict","messageBody":"","fileTypesAndContributionMap":{}},{"hash":"bc7fb1aa2b000611fc9df1db642b271d3d83fa44","isMergeCommit":false,"messageTitle":"Fix checkStyle errors","messageBody":"","fileTypesAndContributionMap":{"functional-code":{"insertions":6,"deletions":5},"test-code":{"insertions":10,"deletions":0}}}]},{"date":"2024-03-30","commitResults":[{"hash":"9c111a50dc37bdc1d6b8bc05bfc6a2214b100776","isMergeCommit":false,"messageTitle":"Add method to remove all applications","messageBody":"","fileTypesAndContributionMap":{"functional-code":{"insertions":17,"deletions":8}}},{"hash":"a70bbf23cdee860e74feb5f22c7edb0073453e2e","isMergeCommit":true,"messageTitle":"Merge branch \u0027master\u0027 into feature/#95-application-filter","messageBody":"","fileTypesAndContributionMap":{}},{"hash":"9f285649afdae7e45ea4fd71d38ad5c462792eef","isMergeCommit":false,"messageTitle":"Fix clear command too and add code to test the fixed commands","messageBody":"","fileTypesAndContributionMap":{"functional-code":{"insertions":36,"deletions":0}}},{"hash":"6a62ab2b8cd6bc1b0fff785f540d0c19406bd074","isMergeCommit":false,"messageTitle":"Remove obsolete code","messageBody":"","fileTypesAndContributionMap":{"functional-code":{"insertions":0,"deletions":19}}},{"hash":"463690fdffa8727d7f2e3b49e7c0ff35eeb9f716","isMergeCommit":false,"messageTitle":"Implement new methods in stub class to pass test case","messageBody":"","fileTypesAndContributionMap":{"test-code":{"insertions":11,"deletions":0}}},{"hash":"513f9c7ad0bc4f714615f5c9010576ada9ffff8f","isMergeCommit":true,"messageTitle":"Merge pull request #102 from AY2324S2-CS2103T-W08-1/feature/#95-application-filter","messageBody":"Add FilterCommand to filter applications by candidate, job or status","fileTypesAndContributionMap":{}},{"hash":"a7073ebc98718f80b12637fd70f4e9ff0c1edca0","isMergeCommit":false,"messageTitle":"Fix comment and tag command too","messageBody":"","fileTypesAndContributionMap":{"functional-code":{"insertions":2,"deletions":0}}},{"hash":"b6c36c32b7334ecab61f2d7c8f9fd1107fd3bc3e","isMergeCommit":false,"messageTitle":"Add test code for comment and tag command","messageBody":"","fileTypesAndContributionMap":{"functional-code":{"insertions":6,"deletions":2}}},{"hash":"0a6d58102780e10ba4ae9858e7d197b155cecc8f","isMergeCommit":false,"messageTitle":"Add SearchJobCommand and SearchJobCommandParser","messageBody":"","fileTypesAndContributionMap":{"functional-code":{"insertions":124,"deletions":0}}},{"hash":"5acf27456f122d825a0b5f5a4e94959112e53a6f","isMergeCommit":false,"messageTitle":"Remove print statements","messageBody":"","fileTypesAndContributionMap":{"functional-code":{"insertions":0,"deletions":20}}},{"hash":"cafcf831f5473225648f19e086bd8112001df568","isMergeCommit":false,"messageTitle":"Add search logic and display message","messageBody":"","fileTypesAndContributionMap":{"functional-code":{"insertions":32,"deletions":15}}},{"hash":"95df103f091db3b9df60db42f47c4da392678a90","isMergeCommit":false,"messageTitle":"Fix typo in code","messageBody":"","fileTypesAndContributionMap":{"functional-code":{"insertions":1,"deletions":1}}}]},{"date":"2024-03-31","commitResults":[{"hash":"8802c617479ad564165f035b281d6048c25f815a","isMergeCommit":false,"messageTitle":"Fix checkStyle error","messageBody":"","fileTypesAndContributionMap":{"functional-code":{"insertions":0,"deletions":1}}},{"hash":"e30d9fbc85f10a3a9eb9b5b096bea24bd01b9ea0","isMergeCommit":false,"messageTitle":"Fix typo in javaDoc","messageBody":"","fileTypesAndContributionMap":{"functional-code":{"insertions":1,"deletions":1}}},{"hash":"c40db6a258ff649237c3eccc9984dbf8ec494f33","isMergeCommit":true,"messageTitle":"Merge branch \u0027master\u0027 into feature/#114-search-job-command","messageBody":"","fileTypesAndContributionMap":{}},{"hash":"36cde3bcc2fd86c8f6129c45d6a1d5e07ba173c5","isMergeCommit":true,"messageTitle":"Merge pull request #117 from AY2324S2-CS2103T-W08-1/feature/#114-search-job-command","messageBody":"Add SearchJobCommand","fileTypesAndContributionMap":{}},{"hash":"7f2b6a6340c8d88f57771db96021f279f48b944f","isMergeCommit":false,"messageTitle":"Remove PREFIX_STATUS from status command","messageBody":"","fileTypesAndContributionMap":{"functional-code":{"insertions":11,"deletions":15}}},{"hash":"f9830de5a610a18b0cd45388a2c0bc4bb82d3dbf","isMergeCommit":false,"messageTitle":"Standardize message usage","messageBody":"","fileTypesAndContributionMap":{"functional-code":{"insertions":1,"deletions":1}}},{"hash":"456ccff57a89ee4c438ffc56ecdf15cee7c80756","isMergeCommit":false,"messageTitle":"Standardize message usage","messageBody":"","fileTypesAndContributionMap":{"functional-code":{"insertions":3,"deletions":2}}},{"hash":"9491de192451d5ab6b925e90609196a1bd09b232","isMergeCommit":false,"messageTitle":"Add new commands to UserGuide","messageBody":"","fileTypesAndContributionMap":{"docs":{"insertions":193,"deletions":63}}},{"hash":"da6c103d92593a6f2c9f0dfd4cba5132350ad02e","isMergeCommit":false,"messageTitle":"Update country in examples","messageBody":"","fileTypesAndContributionMap":{"docs":{"insertions":2,"deletions":2}}}]},{"date":"2024-04-01","commitResults":[{"hash":"dfab510f6e7ece298a82e3dec49c73372e3357a3","isMergeCommit":true,"messageTitle":"Merge pull request #130 from 0liverkong/add-application-ui","messageBody":"Add application status to ui","fileTypesAndContributionMap":{}}]},{"date":"2024-04-02","commitResults":[{"hash":"4c83e547b7b2ada94864888e9abec4d3a3150db7","isMergeCommit":false,"messageTitle":"Update user guide and add updated help message","messageBody":"","fileTypesAndContributionMap":{"docs":{"insertions":49,"deletions":41}}},{"hash":"bdbdb0b10549352682349b7e80edb95a58d96c3d","isMergeCommit":false,"messageTitle":"Update slots left command","messageBody":"","fileTypesAndContributionMap":{"docs":{"insertions":8,"deletions":3}}},{"hash":"2a4b7cfd23e363cac735d54d16b3d85b961fa511","isMergeCommit":false,"messageTitle":"Fix and standardize command summary and add examples","messageBody":"","fileTypesAndContributionMap":{"docs":{"insertions":31,"deletions":23}}},{"hash":"65f9a0f0c73b2d7e5e253b494441962af995fc58","isMergeCommit":false,"messageTitle":"Update country in examples to valid format","messageBody":"","fileTypesAndContributionMap":{"docs":{"insertions":3,"deletions":3}}}]},{"date":"2024-04-04","commitResults":[{"hash":"c298f69665daab58724acbe90043628456d85270","isMergeCommit":false,"messageTitle":"Resolve review comments","messageBody":"","fileTypesAndContributionMap":{"docs":{"insertions":20,"deletions":15}}},{"hash":"ae40bc5e3b05421b21a3cf995dbb890af3499496","isMergeCommit":true,"messageTitle":"Merge branch \u0027master\u0027 of https://github.com/AY2324S2-CS2103T-W08-1/tp into docs/user-guide","messageBody":"","fileTypesAndContributionMap":{}},{"hash":"2c4bbd328dae657359222fb8e417fbf1f1834ba6","isMergeCommit":true,"messageTitle":"Merge pull request #134 from leeweiming3/feat/saving-applications","messageBody":"Add saving and loading applications","fileTypesAndContributionMap":{}},{"hash":"1f3e3d562684f26ff259b83d8961d118632042b1","isMergeCommit":true,"messageTitle":"Merge branch \u0027master\u0027 of https://github.com/AY2324S2-CS2103T-W08-1/tp into docs/user-guide","messageBody":"","fileTypesAndContributionMap":{}},{"hash":"927923cf42ec95ea48aac488b268a1be925a1b2e","isMergeCommit":true,"messageTitle":"Merge pull request #140 from acekhoon/Ui-errors","messageBody":"UI errors","fileTypesAndContributionMap":{}},{"hash":"a5750ffdcad2d765cd0ac9a4cde2b15b4b2c2360","isMergeCommit":true,"messageTitle":"Merge branch \u0027master\u0027 of https://github.com/AY2324S2-CS2103T-W08-1/tp into docs/user-guide","messageBody":"","fileTypesAndContributionMap":{}},{"hash":"a46c4f445c05f2599da15f134e316999b95c9293","isMergeCommit":false,"messageTitle":"Add blank line and fix capitalization","messageBody":"","fileTypesAndContributionMap":{"docs":{"insertions":2,"deletions":1}}},{"hash":"797122f49b2a5bf766325de1ac1bf1276710cf80","isMergeCommit":true,"messageTitle":"Merge branch \u0027master\u0027 of https://github.com/AY2324S2-CS2103T-W08-1/tp into docs/user-guide","messageBody":"","fileTypesAndContributionMap":{}}]},{"date":"2024-04-07","commitResults":[{"hash":"fd49ddec4c254040fa45ac625ee29e4e5aa622ab","isMergeCommit":false,"messageTitle":"Add parameter constraints and primary keys in UG","messageBody":"","fileTypesAndContributionMap":{"docs":{"insertions":27,"deletions":1}}}]},{"date":"2024-04-09","commitResults":[{"hash":"0ccafc2af512170e623883662a545f9ea996ea9d","isMergeCommit":false,"messageTitle":"Refine invalid phone message and phone constraints","messageBody":"","fileTypesAndContributionMap":{"functional-code":{"insertions":2,"deletions":1},"docs":{"insertions":3,"deletions":4}}}]},{"date":"2024-04-11","commitResults":[{"hash":"9892d1110cefef2e90527c2a2705cf2a57275057","isMergeCommit":false,"messageTitle":"Refine constraints and primary key section in UG","messageBody":"","fileTypesAndContributionMap":{"docs":{"insertions":4,"deletions":4}}},{"hash":"36e4bdc99fa7df0f25bfdaae38780317cc187646","isMergeCommit":false,"messageTitle":"Specify all capitals constraint for country code","messageBody":"","fileTypesAndContributionMap":{"docs":{"insertions":1,"deletions":1}}},{"hash":"2931f4143c0b6fe08cd6ff23be65f1b6b6eeb815","isMergeCommit":true,"messageTitle":"Merge pull request #142 from AY2324S2-CS2103T-W08-1/docs/user-guide","messageBody":"Update user guide","fileTypesAndContributionMap":{}}]}],"chiralcentre":[{"date":"2024-02-24","commitResults":[{"hash":"4b43e88e91f1f973398efca6d66c6bda1e49d23e","isMergeCommit":false,"messageTitle":"implement Comment command for users to leave comments","messageBody":"","fileTypesAndContributionMap":{"functional-code":{"insertions":205,"deletions":11},"test-code":{"insertions":166,"deletions":17}}},{"hash":"06094057bc4f64f1f987cedc0866e2c185c72522","isMergeCommit":false,"messageTitle":"add newlines to Comment related files to pass CI checks","messageBody":"","fileTypesAndContributionMap":{"functional-code":{"insertions":2,"deletions":2},"test-code":{"insertions":1,"deletions":1}}},{"hash":"b84ec68b1271b9907af6e90c3ec3f9ccab9f6b24","isMergeCommit":false,"messageTitle":"Make changes to make code compatible with checkstyle","messageBody":"","fileTypesAndContributionMap":{"functional-code":{"insertions":17,"deletions":3},"test-code":{"insertions":8,"deletions":8}}},{"hash":"32faf80c71e4eab7c64338a0ddca25c6abd71158","isMergeCommit":false,"messageTitle":"fix unit test bugs","messageBody":"","fileTypesAndContributionMap":{"functional-code":{"insertions":1,"deletions":1},"test-code":{"insertions":19,"deletions":36}}},{"hash":"c688383cb2e9eed0b044811629ae41ebb24b79e6","isMergeCommit":false,"messageTitle":"fix imports in AddCommandParserTest.java to fulfill checkstyle requirements","messageBody":"","fileTypesAndContributionMap":{"test-code":{"insertions":23,"deletions":1}}}]},{"date":"2024-02-25","commitResults":[{"hash":"d311a33dc5f3b554bc80079ba5809915e0aeb47f","isMergeCommit":false,"messageTitle":"update success messages in CommentCommand","messageBody":"","fileTypesAndContributionMap":{"functional-code":{"insertions":2,"deletions":2}}}]},{"date":"2024-02-28","commitResults":[{"hash":"4d417e763c3877bb2b6f927ec257d414b36859d8","isMergeCommit":false,"messageTitle":"Update AboutUs (Ryan)","messageBody":"","fileTypesAndContributionMap":{"docs":{"insertions":52,"deletions":6}}},{"hash":"4c5652642ca63e1129c67b20c890a795c23e0c04","isMergeCommit":true,"messageTitle":"Merge pull request #5 from chiralcentre/update-AboutUs","messageBody":"Update AboutUs (Ryan)","fileTypesAndContributionMap":{}},{"hash":"b61f7add9077732d89486fd12b8edde01f654bf2","isMergeCommit":true,"messageTitle":"Merge pull request #16 from acekhoon/ikhoon-about-me","messageBody":"Ikhoon\u0027s about me page updated","fileTypesAndContributionMap":{}},{"hash":"9e5633a372f06d4eaeebd1389e2ceda5fbfca872","isMergeCommit":false,"messageTitle":"Revert \"Ikhoon\u0027s about me page updated\"","messageBody":"","fileTypesAndContributionMap":{"docs":{"insertions":0,"deletions":46}}},{"hash":"380aa38eaa0bc284ac1e3296efaddb63520f6cac","isMergeCommit":true,"messageTitle":"Merge pull request #17 from AY2324S2-CS2103T-W08-1/revert-16-ikhoon-about-me","messageBody":"Revert \"Ikhoon\u0027s about me page updated\"","fileTypesAndContributionMap":{}},{"hash":"f9261fb207c5ccf6f3eac9057f54df1c109e5726","isMergeCommit":true,"messageTitle":"Merge pull request #19 from leeweiming3/update-AboutUsWeiming","messageBody":"Update AboutUs","fileTypesAndContributionMap":{}},{"hash":"c4d4b79496d0146831e61b808fab1b41b496796b","isMergeCommit":true,"messageTitle":"Merge pull request #20 from acekhoon/about-me","messageBody":"About me page updated","fileTypesAndContributionMap":{}},{"hash":"9af37ce0078c81e97003d89bbf846ad4ab50bebf","isMergeCommit":true,"messageTitle":"Merge pull request #22 from logical-1985516/branch-AboutMe","messageBody":"Update README to match project","fileTypesAndContributionMap":{}}]},{"date":"2024-02-29","commitResults":[{"hash":"38f56774e423ebf05ec0831cba6eb697d0bd2a54","isMergeCommit":false,"messageTitle":"update User Guide","messageBody":"","fileTypesAndContributionMap":{"docs":{"insertions":3,"deletions":3}}},{"hash":"df16a3a26836a861c5c2a960cd37e5a283ed9453","isMergeCommit":false,"messageTitle":"update example for add feature","messageBody":"","fileTypesAndContributionMap":{"docs":{"insertions":1,"deletions":1}}},{"hash":"d0b5c01f23b92c5ee9fa648508f20d19b2bab199","isMergeCommit":true,"messageTitle":"Merge pull request #27 from leeweiming3/update-devguide","messageBody":"Add target user profile and value proposition to the developer guide","fileTypesAndContributionMap":{}},{"hash":"77131f50954ef12838340551d927f9446f612fa1","isMergeCommit":true,"messageTitle":"Merge pull request #25 from acekhoon/user-guide","messageBody":"User-guide updated","fileTypesAndContributionMap":{}},{"hash":"c68b01ba8fe5a4a76395d940879c1c874c4709c1","isMergeCommit":true,"messageTitle":"Merge pull request #26 from 0liverkong/Add-User-Stories","messageBody":"Add user stories to developer guide","fileTypesAndContributionMap":{}},{"hash":"b52d664bc0896968c49ef57f58b66b9df4676608","isMergeCommit":true,"messageTitle":"Merge pull request #32 from leeweiming3/update-UserGuide-tagstatus","messageBody":"Update user guide, adding tag,status","fileTypesAndContributionMap":{}},{"hash":"7ed93f6a41dd32be71240348637b13ba355d51fb","isMergeCommit":false,"messageTitle":"update non functional requirements","messageBody":"","fileTypesAndContributionMap":{"docs":{"insertions":3,"deletions":0}}},{"hash":"426d3a7dfd09c7e4f924bfa5a9f33e56eebcee01","isMergeCommit":true,"messageTitle":"Merge pull request #34 from 0liverkong/Add-User-Guide","messageBody":"Add comment and get section to user guide","fileTypesAndContributionMap":{}},{"hash":"1466f7f8f50ba42951c2e1d150aa1adb489e656f","isMergeCommit":true,"messageTitle":"Merge pull request #33 from chiralcentre/update-dev-guide","messageBody":"update non functional requirements in developer guide","fileTypesAndContributionMap":{}}]},{"date":"2024-03-01","commitResults":[{"hash":"c32a0bf4970f01f24eebbf012d30e3bdc3c5fba6","isMergeCommit":true,"messageTitle":"Merge pull request #43 from logical-1985516/branch-developerguide","messageBody":"Update glossary in developer guide","fileTypesAndContributionMap":{}}]},{"date":"2024-03-02","commitResults":[{"hash":"e05aa0f67c312d3d327f316bfe6ecdcb88d6f5c4","isMergeCommit":true,"messageTitle":"Merge pull request #40 from logical-1985516/branch-userguide","messageBody":"Replace AB3 with HireHub, remove \"find\" feature and update command summary","fileTypesAndContributionMap":{}},{"hash":"69f4e6bf220a0a9bf4fdae36e829eb3104ee339b","isMergeCommit":true,"messageTitle":"Merge pull request #44 from 0liverkong/Fix-About-Us","messageBody":"Fix image in about us","fileTypesAndContributionMap":{}},{"hash":"3eacf1419360075cb96fa2c44f2212b1fee904e8","isMergeCommit":true,"messageTitle":"Merge pull request #48 from logical-1985516/branch-readme","messageBody":"Update index.md","fileTypesAndContributionMap":{}}]},{"date":"2024-03-03","commitResults":[{"hash":"3b49b6ead559dc714a56d7b27c13cdf23041caf8","isMergeCommit":true,"messageTitle":"Merge pull request #51 from chiralcentre/update-sitewide-settings","messageBody":"update header title for consistency","fileTypesAndContributionMap":{}}]},{"date":"2024-03-09","commitResults":[{"hash":"6afd0318ad783724609e0528f4e596e15ad13941","isMergeCommit":false,"messageTitle":"Fix string representation of Person in success message","messageBody":"","fileTypesAndContributionMap":{"functional-code":{"insertions":7,"deletions":5},"test-code":{"insertions":8,"deletions":5}}},{"hash":"3b7ec367020f843f5e4803e21b487288356189f5","isMergeCommit":false,"messageTitle":"Added comment to Messages.format","messageBody":"","fileTypesAndContributionMap":{"functional-code":{"insertions":2,"deletions":0}}},{"hash":"d6282f5b17c6ab0d21b894e673b52d4993546372","isMergeCommit":false,"messageTitle":"fix checkstyle issues","messageBody":"","fileTypesAndContributionMap":{"functional-code":{"insertions":0,"deletions":2}}},{"hash":"10e689d53bd21c8cd4c96f145a6ebbef24383673","isMergeCommit":true,"messageTitle":"Merge pull request #1 from chiralcentre/tutorial-adding-command","messageBody":"Implement Comment command for users to leave comments","fileTypesAndContributionMap":{}}]},{"date":"2024-03-14","commitResults":[{"hash":"680c03588df7850e8faa6fe330428364ac38ec5e","isMergeCommit":false,"messageTitle":"refactor Address class to Country","messageBody":"","fileTypesAndContributionMap":{"functional-code":{"insertions":66,"deletions":77},"other":{"insertions":21,"deletions":21},"docs":{"insertions":15,"deletions":15},"test-code":{"insertions":112,"deletions":116}}},{"hash":"db101f3b09821a6ed1bab0d703663ee8ddf79d62","isMergeCommit":false,"messageTitle":"Change more occurrences of Address to Country","messageBody":"","fileTypesAndContributionMap":{"docs":{"insertions":14,"deletions":14}}},{"hash":"b235fa3e9b98901c55c1767a3910711043d7b2ef","isMergeCommit":false,"messageTitle":"Change more occurrences of Address to Country","messageBody":"","fileTypesAndContributionMap":{"functional-code":{"insertions":21,"deletions":21},"docs":{"insertions":2,"deletions":2},"test-code":{"insertions":54,"deletions":54}}}]},{"date":"2024-03-15","commitResults":[{"hash":"78a8378be99bf662f268658bcaff97763a1817f0","isMergeCommit":false,"messageTitle":"change more occurrences of address to country","messageBody":"","fileTypesAndContributionMap":{"functional-code":{"insertions":10,"deletions":10}}}]},{"date":"2024-03-17","commitResults":[{"hash":"98232e35256af8582a5dce13b107692bfa038dd8","isMergeCommit":false,"messageTitle":"fix tests and implement checkstyle fixes","messageBody":"","fileTypesAndContributionMap":{"functional-code":{"insertions":52,"deletions":31},"test-code":{"insertions":36,"deletions":31}}},{"hash":"9086d67317f5db22eb23e52142fa487bd8e91c64","isMergeCommit":false,"messageTitle":"remove trailing whitespace","messageBody":"","fileTypesAndContributionMap":{"test-code":{"insertions":1,"deletions":1}}},{"hash":"cc8e22223a46b0bc3d6a77dba42b2614c5e795f0","isMergeCommit":true,"messageTitle":"incorporate changes from Ikhoon\u0027s branch","messageBody":"","fileTypesAndContributionMap":{}},{"hash":"0368cbb402d6b50c342fc3c969644b738628d421","isMergeCommit":false,"messageTitle":"fix wrong prefix","messageBody":"","fileTypesAndContributionMap":{"docs":{"insertions":1,"deletions":1}}}]},{"date":"2024-03-18","commitResults":[{"hash":"99bc849da7b77a29a646883a9851775a3f236b07","isMergeCommit":false,"messageTitle":"fix nits in PR review","messageBody":"","fileTypesAndContributionMap":{"functional-code":{"insertions":2,"deletions":2},"test-code":{"insertions":4,"deletions":4}}},{"hash":"f01d0b9ec1f5f1251e5f8ab37396bc93281f5481","isMergeCommit":true,"messageTitle":"Merge pull request #70 from chiralcentre/refactor/address-to-country","messageBody":"Refactor address to country","fileTypesAndContributionMap":{}}]},{"date":"2024-03-19","commitResults":[{"hash":"68eb1a3045f1ab21203b3082009b9defeb596c55","isMergeCommit":true,"messageTitle":"Merge pull request #74 from acekhoon/minor-bug","messageBody":"addcommand output string bug fixed","fileTypesAndContributionMap":{}}]},{"date":"2024-03-20","commitResults":[{"hash":"bc3d0b569d6241f375abc6fa28c623fe9988e35e","isMergeCommit":true,"messageTitle":"Merge pull request #68 from 0liverkong/Add-Confirmation","messageBody":"Add confirmation","fileTypesAndContributionMap":{}}]},{"date":"2024-03-23","commitResults":[{"hash":"4037d4a8edc8922192e513a0a6233dbd977aff96","isMergeCommit":false,"messageTitle":"refactor package address to hirehub","messageBody":"","fileTypesAndContributionMap":{"other":{"insertions":1115,"deletions":1115},"docs":{"insertions":27,"deletions":27},"test-code":{"insertions":3,"deletions":3}}}]},{"date":"2024-03-24","commitResults":[{"hash":"539d1010d91a4c7f45c42bdf4da28e810f8c5dbe","isMergeCommit":true,"messageTitle":"Merge pull request #81 from chiralcentre/refactor/address-to-hirehub","messageBody":"refactor package address to hirehub","fileTypesAndContributionMap":{}},{"hash":"110af47b98cfa7d592fe8104cb407222a3af60d5","isMergeCommit":false,"messageTitle":"fix minor items","messageBody":"","fileTypesAndContributionMap":{"functional-code":{"insertions":1,"deletions":1},"other":{"insertions":1,"deletions":1}}}]},{"date":"2024-03-25","commitResults":[{"hash":"7088681168b4fc05adaeb4d21ad3fa0271bbed86","isMergeCommit":false,"messageTitle":"Implement adding of jobs","messageBody":"","fileTypesAndContributionMap":{"functional-code":{"insertions":504,"deletions":1}}},{"hash":"97a109e6ab1306a2125fc622daeebdb172f3a915","isMergeCommit":false,"messageTitle":"add a todo comment","messageBody":"","fileTypesAndContributionMap":{"functional-code":{"insertions":1,"deletions":0}}},{"hash":"a4aee1998011eb6fc3cc8a027139a38f72668375","isMergeCommit":false,"messageTitle":"fix checkstyle errors","messageBody":"","fileTypesAndContributionMap":{"functional-code":{"insertions":24,"deletions":18},"test-code":{"insertions":31,"deletions":0}}}]},{"date":"2024-03-27","commitResults":[{"hash":"2d0120ce2813841ba2c60d4adb6fd5e44bc1883d","isMergeCommit":false,"messageTitle":"refactor JobCommand to AddJobCommand","messageBody":"","fileTypesAndContributionMap":{"functional-code":{"insertions":3,"deletions":3},"other":{"insertions":13,"deletions":17}}},{"hash":"1cec3771b2f26bb236903da7afc7127541a90daf","isMergeCommit":true,"messageTitle":"Merge pull request #100 from AY2324S2-CS2103T-W08-1/feat/job-command","messageBody":"Feat/job command","fileTypesAndContributionMap":{}}]},{"date":"2024-03-28","commitResults":[{"hash":"fcea52283ba988e9244090532030288104a5fbea","isMergeCommit":true,"messageTitle":"Merge pull request #101 from acekhoon/Application-Class","messageBody":"Application class updated","fileTypesAndContributionMap":{}}]},{"date":"2024-03-29","commitResults":[{"hash":"eb2cdf8a681dff49fe40afa0436c6a37de4e6ee9","isMergeCommit":false,"messageTitle":"Add commands for editing and deleting jobs","messageBody":"","fileTypesAndContributionMap":{"functional-code":{"insertions":549,"deletions":3}}},{"hash":"66fbe2fe3c767828d56828e172ec3cb6e2e26db6","isMergeCommit":false,"messageTitle":"fix checkstyle","messageBody":"","fileTypesAndContributionMap":{"functional-code":{"insertions":2,"deletions":3},"test-code":{"insertions":20,"deletions":0}}},{"hash":"27a365d48bd2e583c1bf7182ea191d7efd69f4ec","isMergeCommit":false,"messageTitle":"fix nits","messageBody":"","fileTypesAndContributionMap":{"functional-code":{"insertions":1,"deletions":2}}},{"hash":"bfe2fd5ca64559ed400af9cf20fcfff33259ffb8","isMergeCommit":false,"messageTitle":"Add formatting for Jobs in Messages.java","messageBody":"","fileTypesAndContributionMap":{"functional-code":{"insertions":19,"deletions":3}}},{"hash":"382290e2f00b8b619c1ce14118702f81c6636b45","isMergeCommit":false,"messageTitle":"fix checkstyle","messageBody":"","fileTypesAndContributionMap":{"functional-code":{"insertions":7,"deletions":7}}},{"hash":"67bf97f3ee4757da182ad5bec6ba0aebdbb3c33c","isMergeCommit":true,"messageTitle":"Merge pull request #107 from AY2324S2-CS2103T-W08-1/feat/editJob-deleteJob","messageBody":"Add commands for editing and deleting jobs","fileTypesAndContributionMap":{}},{"hash":"a591b27b345b959692caf3770d091c0e0b5af689","isMergeCommit":false,"messageTitle":"add feature to DG","messageBody":"","fileTypesAndContributionMap":{"docs":{"insertions":11,"deletions":0}}},{"hash":"b7c90afd484e0086322eba2a366f2cdd9aede83e","isMergeCommit":false,"messageTitle":"fix errors","messageBody":"","fileTypesAndContributionMap":{"docs":{"insertions":3,"deletions":3}}},{"hash":"0a6b4c669f0f566342158c6d503d1b67c257cca5","isMergeCommit":true,"messageTitle":"Merge pull request #110 from AY2324S2-CS2103T-W08-1/docs/developer-guide","messageBody":"add feature to DG","fileTypesAndContributionMap":{}}]},{"date":"2024-03-30","commitResults":[{"hash":"4692a83442710c5f8a9e07e12e381299458793d9","isMergeCommit":true,"messageTitle":"Merge pull request #112 from 0liverkong/update-DG","messageBody":"Update dg and UML","fileTypesAndContributionMap":{}},{"hash":"ffdc17f707e9efdd1219304fc9122980b52b4d68","isMergeCommit":true,"messageTitle":"Merge pull request #109 from AY2324S2-CS2103T-W08-1/fix/#108-fix-edit-delete-command","messageBody":"Fix edit, delete, clear, comment and tag command to update affected Person in corresponding Applications","fileTypesAndContributionMap":{}}]},{"date":"2024-03-31","commitResults":[{"hash":"0405affe9d754d5f0db1b1192ad218516a23d85b","isMergeCommit":false,"messageTitle":"modiy EditJobCommand and add ListJobCommand","messageBody":"","fileTypesAndContributionMap":{"functional-code":{"insertions":52,"deletions":9},"test-code":{"insertions":7,"deletions":2}}},{"hash":"df2fbf87960aa842ce79e46f5385d9c1bad9ac10","isMergeCommit":true,"messageTitle":"Merge branch \u0027master\u0027 into feat/editJob-listJob","messageBody":"","fileTypesAndContributionMap":{}},{"hash":"74aaeb5c5d6289fca2912fecfff2d306ae63d3d6","isMergeCommit":false,"messageTitle":"change error messages by adding new line","messageBody":"","fileTypesAndContributionMap":{"functional-code":{"insertions":2,"deletions":2}}},{"hash":"9e32b50eaaecb220611bb837dded4b11b03f2e8f","isMergeCommit":true,"messageTitle":"Merge branch \u0027master\u0027 into feat/editJob-listJob","messageBody":"","fileTypesAndContributionMap":{}},{"hash":"23971921aa36bec7ba8e7b7e01e17a9f7e8b0c58","isMergeCommit":true,"messageTitle":"fix merge conflict","messageBody":"","fileTypesAndContributionMap":{}},{"hash":"073e7204ad610ad97f7c4b9de88115d413c2d6f4","isMergeCommit":true,"messageTitle":"Merge pull request #123 from AY2324S2-CS2103T-W08-1/feat/editJob-listJob","messageBody":"Add EditJob and ListJob","fileTypesAndContributionMap":{}},{"hash":"057d0608fb0e720107bd1aef71ee981c1519d0d2","isMergeCommit":true,"messageTitle":"Merge pull request #126 from AY2324S2-CS2103T-W08-1/fix/#125-status-command","messageBody":"Remove PREFIX_STATUS from status command","fileTypesAndContributionMap":{}},{"hash":"9fe98a431e4cfe2234d8dc6d2b1078ebda2ea10e","isMergeCommit":false,"messageTitle":"implement saving for jobs","messageBody":"","fileTypesAndContributionMap":{"functional-code":{"insertions":371,"deletions":17}}},{"hash":"9b2fd6a886b577561e00d339cf97caa75ea34e5b","isMergeCommit":false,"messageTitle":"implement write functionality for jobs","messageBody":"","fileTypesAndContributionMap":{"functional-code":{"insertions":9,"deletions":0}}},{"hash":"46c2902e551d4ebc679397b4adadcfdb6aee7ea6","isMergeCommit":false,"messageTitle":"remove FindCommand and associated classes, fix tests","messageBody":"","fileTypesAndContributionMap":{"functional-code":{"insertions":20,"deletions":114},"test-code":{"insertions":81,"deletions":176}}}]},{"date":"2024-04-01","commitResults":[{"hash":"2b20a9c30f86217e032b7eaf743e9b408f6b30fe","isMergeCommit":true,"messageTitle":"Merge pull request #129 from 0liverkong/add-column-labels","messageBody":"Add column labels","fileTypesAndContributionMap":{}},{"hash":"d2ab9a8b0f0b446a8c13ae566f10c30215139059","isMergeCommit":true,"messageTitle":"Merge pull request #133 from acekhoon/Status-Update","messageBody":"Status accepted updated to offered","fileTypesAndContributionMap":{}}]},{"date":"2024-04-02","commitResults":[{"hash":"1ead822a272a164fcb23e348796da172fd90d775","isMergeCommit":false,"messageTitle":"fix issues raised in PR review","messageBody":"","fileTypesAndContributionMap":{"functional-code":{"insertions":4,"deletions":2}}},{"hash":"f564c3f17b0fc7f76f8d04f35c116487d8fcea5a","isMergeCommit":false,"messageTitle":"enable assertions","messageBody":"","fileTypesAndContributionMap":{"other":{"insertions":4,"deletions":0}}},{"hash":"49ba2a1f579148a0546a833e70db3100d1418aed","isMergeCommit":false,"messageTitle":"regroup statements","messageBody":"","fileTypesAndContributionMap":{"functional-code":{"insertions":8,"deletions":5}}},{"hash":"97c37c244b21f63ac9e03066f4aed8978d2d1ce9","isMergeCommit":true,"messageTitle":"Merge branch \u0027master\u0027 into feat/saving-jobs","messageBody":"","fileTypesAndContributionMap":{}},{"hash":"a50dda82e00ce91cccd322e8c69667978392a155","isMergeCommit":false,"messageTitle":"add in changes from master","messageBody":"","fileTypesAndContributionMap":{"test-code":{"insertions":10,"deletions":5}}},{"hash":"69b3deec1b54887b6c81df1b49193fabf881ed3f","isMergeCommit":true,"messageTitle":"Merge pull request #127 from AY2324S2-CS2103T-W08-1/feat/saving-jobs","messageBody":"feat/saving jobs","fileTypesAndContributionMap":{}}]},{"date":"2024-04-04","commitResults":[{"hash":"b06ec65d5ad0a3ba90ea1d3db7132ac3a5214591","isMergeCommit":true,"messageTitle":"Merge pull request #136 from AY2324S2-CS2103T-W08-1/docs/user-guide","messageBody":"Update user guide to contain new commands and information","fileTypesAndContributionMap":{}},{"hash":"72b0967cc8ab293de85ef80369064ed5de97c03d","isMergeCommit":false,"messageTitle":"make minor edits to UG","messageBody":"","fileTypesAndContributionMap":{"functional-code":{"insertions":1,"deletions":1},"docs":{"insertions":16,"deletions":17}}},{"hash":"233c02fce54e0084174e5c25d1d866b2457ee8d1","isMergeCommit":false,"messageTitle":"fix UG","messageBody":"","fileTypesAndContributionMap":{"docs":{"insertions":12,"deletions":9}}}]},{"date":"2024-04-05","commitResults":[{"hash":"28066e86c5b1711f05e7b45136684751d07de884","isMergeCommit":false,"messageTitle":"fix ToC","messageBody":"","fileTypesAndContributionMap":{"docs":{"insertions":1,"deletions":1}}}]}]},"authorFileTypeContributionMap":{"0liverkong":{"docs":81,"functional-code":508,"test-code":11},"acekhoon":{"docs":328,"functional-code":1240,"test-code":182},"leeweiming3":{"docs":79,"functional-code":1054,"test-code":582},"logical-1985516":{"docs":454,"functional-code":845,"test-code":445},"chiralcentre":{"docs":145,"functional-code":1849,"test-code":863,"other":7}},"authorContributionVariance":{"0liverkong":7240.5527,"acekhoon":72903.516,"leeweiming3":89702.98,"logical-1985516":14905.497,"chiralcentre":134253.72},"authorDisplayNameMap":{"0liverkong":"CS2103T-W08-1 OLIV.. LOK","acekhoon":"CS2103T-W08-1 EOM ..HOON","leeweiming3":"CS2103T-W08-1 LEE ..MING","logical-1985516":"CS2103T-W08-1 NG Y.. JIE","chiralcentre":"CS2103T-W08-1 RYAN.. JIE"}}
