{"authorDailyContributionsMap":{"1rbg":[{"date":"2024-03-07","commitResults":[{"hash":"543c42df170fea3e24c8a57d0defb99a67fafb41","isMergeCommit":false,"messageTitle":"Update AboutUs","messageBody":"","fileTypesAndContributionMap":{"docs":{"insertions":191,"deletions":6}}},{"hash":"f622234577f76eab58fb7caee395f722fdc83af5","isMergeCommit":false,"messageTitle":"Update README with basic project details","messageBody":"","fileTypesAndContributionMap":{"docs":{"insertions":16,"deletions":11}}},{"hash":"d6f1b0fedbce915ac216f2ba047b5ae86f7b3115","isMergeCommit":true,"messageTitle":"Merge branch \u0027v1.1-README\u0027","messageBody":"","fileTypesAndContributionMap":{}},{"hash":"14184a048f7167541623732df4d2b4f6406dd60d","isMergeCommit":false,"messageTitle":"Update README","messageBody":"","fileTypesAndContributionMap":{"docs":{"insertions":4,"deletions":4}}},{"hash":"995c431a14168dd714d377f5003bde1b97aeb869","isMergeCommit":true,"messageTitle":"Merge branch \u0027v1.1-README\u0027","messageBody":"","fileTypesAndContributionMap":{}}]}],"jxunze":[{"date":"2024-03-07","commitResults":[{"hash":"325aa311eb7c95305d35aeff2efe687845b44469","isMergeCommit":true,"messageTitle":"Merge pull request #15 from 1rbg/master","messageBody":"v1.1 Update README and AboutUs","fileTypesAndContributionMap":{}}]},{"date":"2024-03-12","commitResults":[{"hash":"d8a3fe57b1f0f4206804c5b53bc3a986ca0ba132","isMergeCommit":true,"messageTitle":"Merge pull request #30 from martinng01/master","messageBody":"Implement add contacts","fileTypesAndContributionMap":{}},{"hash":"398f7883a01b407e403b16391f2a1556993e44c8","isMergeCommit":true,"messageTitle":"Merge pull request #33 from AY2324S2-CS2103T-T17-4/v1.1-DeveloperGuide","messageBody":"V1.1 developer guide","fileTypesAndContributionMap":{}}]}],"h4ow3i":[{"date":"2024-03-10","commitResults":[{"hash":"fc78e0028ca9a5cb9deec7c06033c917f99f2692","isMergeCommit":false,"messageTitle":"Update DG use cases","messageBody":"","fileTypesAndContributionMap":{"docs":{"insertions":87,"deletions":18}}},{"hash":"8630b8a2cb20df25f95a496f84fb85177cf4d032","isMergeCommit":false,"messageTitle":"Update DG use cases","messageBody":"","fileTypesAndContributionMap":{"docs":{"insertions":2,"deletions":8}}},{"hash":"672f716af308dc80b8b07c0b641db86743127319","isMergeCommit":true,"messageTitle":"Merge pull request #19 from h4ow3i/DG-update-use-cases","messageBody":"Update DG use cases","fileTypesAndContributionMap":{}}]}],"huekoh":[{"date":"2024-03-08","commitResults":[{"hash":"b851257a2a7a3c447f89b03bd0e2dbf045c656d5","isMergeCommit":true,"messageTitle":"Merge pull request #1 from AY2324S2-CS2103T-T17-4/master","messageBody":"Update v1.1 README and AboutUs","fileTypesAndContributionMap":{}}]},{"date":"2024-03-10","commitResults":[{"hash":"8a13cf6a1ecfd9f8ea25ebbac66596d26890b245","isMergeCommit":false,"messageTitle":"Update personal information","messageBody":"","fileTypesAndContributionMap":{"docs":{"insertions":7,"deletions":6}}},{"hash":"cc9fff0570047d6d67396673520942a33139aada","isMergeCommit":false,"messageTitle":"Update DevelopGuide.md","messageBody":"","fileTypesAndContributionMap":{"docs":{"insertions":18,"deletions":10}}},{"hash":"ae1c7f1d8ef681b6a5c5124aa718ae6a8fe8f2c9","isMergeCommit":true,"messageTitle":"Merge branch \u0027v1.1-DeveloperGuide\u0027","messageBody":"","fileTypesAndContributionMap":{}}]},{"date":"2024-03-12","commitResults":[{"hash":"173d436e0f35c0b4a423071757ca4219bb89c4fc","isMergeCommit":true,"messageTitle":"Merge branch \u0027master\u0027 into v1.1-DeveloperGuide","messageBody":"","fileTypesAndContributionMap":{}}]}],"martinng01":[{"date":"2024-03-11","commitResults":[{"hash":"d6e984ffc8bcc45b706373effc685b18117bee32","isMergeCommit":false,"messageTitle":"Edit add contact","messageBody":"Now has the following fields:\n- First Name\n- Last Name\n- Mobile number\n- Sex\n- Employment\n- Address\n- Bank details\n- Tags\n","fileTypesAndContributionMap":{"functional-code":{"insertions":608,"deletions":310},"other":{"insertions":1,"deletions":1},"test-code":{"insertions":213,"deletions":245}}},{"hash":"da8ce6bcd9ebdd04aa88d2e4c78544813a8b5663","isMergeCommit":false,"messageTitle":"Update DG, AboutUs","messageBody":"","fileTypesAndContributionMap":{"docs":{"insertions":168,"deletions":100}}},{"hash":"1a2720c8998fc3893f9bc2b4a45d72ad420b55eb","isMergeCommit":true,"messageTitle":"Merge pull request #20 from huekoh/master","messageBody":"Update DG target user profile, value proposition and user stories","fileTypesAndContributionMap":{}},{"hash":"9c2f9eb1fab0ca4fff95d995c7c353176a64dd6f","isMergeCommit":false,"messageTitle":"Change profile photo to .png","messageBody":"","fileTypesAndContributionMap":{"docs":{"insertions":1,"deletions":1}}},{"hash":"6d53b0c098a6fcd1ca9e0f58cfe045b012baaf66","isMergeCommit":false,"messageTitle":"Update build.gradle to skip tests","messageBody":"","fileTypesAndContributionMap":{"other":{"insertions":6,"deletions":1},"test-code":{"insertions":8,"deletions":2}}},{"hash":"27f55a79c9a42213cec9343befd3e998d3d88653","isMergeCommit":false,"messageTitle":"Add newline at end of build.gradle","messageBody":"","fileTypesAndContributionMap":{"other":{"insertions":1,"deletions":1}}}]},{"date":"2024-03-12","commitResults":[{"hash":"a5e73adeffba31f8c633657c2e778899e8746d80","isMergeCommit":false,"messageTitle":"Modify test to test for new fields","messageBody":"","fileTypesAndContributionMap":{"functional-code":{"insertions":165,"deletions":147},"other":{"insertions":1,"deletions":6},"test-code":{"insertions":1291,"deletions":924}}},{"hash":"66c9fc69ae80acb150f569f71bd7dfc30878acf3","isMergeCommit":false,"messageTitle":"Add newline at end of build.gradle","messageBody":"","fileTypesAndContributionMap":{"other":{"insertions":1,"deletions":1}}},{"hash":"ac4c347ec1112541c7db12aff23b0804d4c15f54","isMergeCommit":true,"messageTitle":"Merge pull request #32 from AY2324S2-CS2103T-T17-4/add-delete","messageBody":"Add delete","fileTypesAndContributionMap":{}}]}]},"authorFileTypeContributionMap":{"1rbg":{"docs":23,"functional-code":0,"test-code":0},"jxunze":{"docs":0,"functional-code":0,"test-code":0},"h4ow3i":{"docs":70,"functional-code":0,"test-code":0},"huekoh":{"docs":29,"functional-code":0,"test-code":0},"martinng01":{"docs":117,"functional-code":493,"test-code":1214}},"authorContributionVariance":{"1rbg":2683.7454,"jxunze":0.0,"h4ow3i":659.4184,"huekoh":83.81718,"martinng01":435812.5},"authorDisplayNameMap":{"1rbg":"CS2103T-T17-4 CHUA..RIEL","jxunze":"CS2103T-T17-4 JIN ..UNZE","h4ow3i":"CS2103T-T17-4 TEO .. WEI","huekoh":"CS2103T-T17-4 HUE .. KOH","martinng01":"CS2103T-T17-4 MART.. KAI"}}
