{"authorDailyContributionsMap":{"1rbg":[{"date":"2024-03-07","commitResults":[{"hash":"543c42df170fea3e24c8a57d0defb99a67fafb41","isMergeCommit":false,"messageTitle":"Update AboutUs","messageBody":"","fileTypesAndContributionMap":{"docs":{"insertions":191,"deletions":6}}},{"hash":"f622234577f76eab58fb7caee395f722fdc83af5","isMergeCommit":false,"messageTitle":"Update README with basic project details","messageBody":"","fileTypesAndContributionMap":{"docs":{"insertions":16,"deletions":11}}},{"hash":"d6f1b0fedbce915ac216f2ba047b5ae86f7b3115","isMergeCommit":true,"messageTitle":"Merge branch \u0027v1.1-README\u0027","messageBody":"","fileTypesAndContributionMap":{}},{"hash":"14184a048f7167541623732df4d2b4f6406dd60d","isMergeCommit":false,"messageTitle":"Update README","messageBody":"","fileTypesAndContributionMap":{"docs":{"insertions":4,"deletions":4}}},{"hash":"995c431a14168dd714d377f5003bde1b97aeb869","isMergeCommit":true,"messageTitle":"Merge branch \u0027v1.1-README\u0027","messageBody":"","fileTypesAndContributionMap":{}}]},{"date":"2024-03-13","commitResults":[{"hash":"458886b5adf1dbaff8083ca85f0a6494095ebae5","isMergeCommit":false,"messageTitle":"Fix formatting when listing contacts in UI.","messageBody":"","fileTypesAndContributionMap":{"functional-code":{"insertions":26,"deletions":2}}}]},{"date":"2024-03-17","commitResults":[{"hash":"909700775d36a62e86fa8848f0c7197b882ee99b","isMergeCommit":false,"messageTitle":"Change tags to fit target audience","messageBody":"","fileTypesAndContributionMap":{"test-code":{"insertions":3,"deletions":3}}},{"hash":"6e9f66731c3c8672e553af09d1574feb64e9b893","isMergeCommit":false,"messageTitle":"Change tags to fit target audience","messageBody":"","fileTypesAndContributionMap":{"test-code":{"insertions":46,"deletions":46}}},{"hash":"2cfde0acfab7fdca7a2cb322c3900cd42d7ab03d","isMergeCommit":false,"messageTitle":"Edit test cases for new model parameters","messageBody":"","fileTypesAndContributionMap":{"test-code":{"insertions":273,"deletions":257}}},{"hash":"1bf5f8ad4f45c2e68bf436e1c4129b29ad57283b","isMergeCommit":true,"messageTitle":"Merge branch \u0027master\u0027 into v1.2-EditCommandTests","messageBody":"# Conflicts:\n#\tsrc/test/java/seedu/address/logic/commands/CommandTestUtil.java\n#\tsrc/test/java/seedu/address/testutil/TypicalPersons.java\n","fileTypesAndContributionMap":{}},{"hash":"c6a3fe2da035bf4811fd971490bad2c4958ae77f","isMergeCommit":false,"messageTitle":"Add hours worked to toString() check","messageBody":"","fileTypesAndContributionMap":{"test-code":{"insertions":5,"deletions":4}}},{"hash":"177b4d49edfc81b3820832ffed38cefea6550c3e","isMergeCommit":true,"messageTitle":"Merge pull request #47 from martinng01/master","messageBody":"Update DG model component","fileTypesAndContributionMap":{}}]},{"date":"2024-03-26","commitResults":[{"hash":"16fd0a83851073eb5b78512a67d027598276bbfd","isMergeCommit":true,"messageTitle":"Merge pull request #60 from AY2324S2-CS2103T-T17-4/update-userguide-v1.2","messageBody":"Edit userguide","fileTypesAndContributionMap":{}}]},{"date":"2024-03-28","commitResults":[{"hash":"2b352fce9a0c4458f9b5004011dfb02226c24dd1","isMergeCommit":false,"messageTitle":"Add MonthSchedule and Schedule","messageBody":"","fileTypesAndContributionMap":{"functional-code":{"insertions":111,"deletions":0}}},{"hash":"a37427a69593c8a282f7194775950f64ec259fdf","isMergeCommit":false,"messageTitle":"Add ScheduleCommand class","messageBody":"","fileTypesAndContributionMap":{"functional-code":{"insertions":137,"deletions":12}}},{"hash":"33dbe11a0e28f0fe90d759810c365d23296a8536","isMergeCommit":false,"messageTitle":"Add ScheduleCommandParser class for parsing input arguments","messageBody":"","fileTypesAndContributionMap":{"functional-code":{"insertions":31,"deletions":0}}},{"hash":"e02d5a665c5cf8051b09f87ed4c591691b6bb4ec","isMergeCommit":false,"messageTitle":"Add methods to Model interface and ModelManager class for adding and removing persons from the schedule","messageBody":"","fileTypesAndContributionMap":{"functional-code":{"insertions":93,"deletions":21}}},{"hash":"6fe8cb5a290c4f773a7e7c1a71e7c2b25a3ca503","isMergeCommit":false,"messageTitle":"Add schedule saving functionality","messageBody":"","fileTypesAndContributionMap":{"functional-code":{"insertions":50,"deletions":26}}},{"hash":"e38178384ef0a8dad5af4a80e1462e3500c8f156","isMergeCommit":false,"messageTitle":"Add ScheduleStorage and Schedule to StorageManager","messageBody":"","fileTypesAndContributionMap":{"functional-code":{"insertions":72,"deletions":11}}},{"hash":"a7307d48ba7f6827d20daab9199ec89c4964b5df","isMergeCommit":false,"messageTitle":"Add UnscheduleCommandParser and related classes","messageBody":"","fileTypesAndContributionMap":{"functional-code":{"insertions":366,"deletions":0}}},{"hash":"73ff22a07b2137ff77eb7709fb5f1db67910a725","isMergeCommit":false,"messageTitle":"Add schedule storage and integration tests","messageBody":"","fileTypesAndContributionMap":{"test-code":{"insertions":66,"deletions":25}}},{"hash":"2c4f401fa030333eb3436a9d1ee368775264ee7d","isMergeCommit":false,"messageTitle":"Refactor schedule command and parsers","messageBody":"","fileTypesAndContributionMap":{"functional-code":{"insertions":7,"deletions":9}}},{"hash":"826d42f06fa28c6c0c3d5c569891dfa580caf204","isMergeCommit":false,"messageTitle":"Update schedule and unschedule command messages","messageBody":"","fileTypesAndContributionMap":{"functional-code":{"insertions":2,"deletions":2}}},{"hash":"5547adc8e85aea35ce209d063dfdc63c90576a6f","isMergeCommit":false,"messageTitle":"Update UnscheduleCommand to include date in success message","messageBody":"","fileTypesAndContributionMap":{"functional-code":{"insertions":1,"deletions":1}}},{"hash":"00b72db1d56632fbb57e0654a0d8160e10195b2c","isMergeCommit":false,"messageTitle":"Remove unused import statements","messageBody":"","fileTypesAndContributionMap":{"functional-code":{"insertions":1,"deletions":4}}}]},{"date":"2024-03-29","commitResults":[{"hash":"6211a3aa83c27acc2e6799e35aa4fc17a7eaf24f","isMergeCommit":true,"messageTitle":"Merge pull request #62 from martinng01/master","messageBody":"Update version to 1.2.1","tags":["v1.2.1"],"fileTypesAndContributionMap":{}}]},{"date":"2024-03-31","commitResults":[{"hash":"3fa815cfaf9816b96c80e11f828316bfbdb11988","isMergeCommit":false,"messageTitle":"Fix parameter name in JsonSerializableSchedule constructor","messageBody":"","fileTypesAndContributionMap":{"functional-code":{"insertions":2,"deletions":2}}},{"hash":"3cfbd2f8aa9f552ad04e5a75b08dd2b1758f8e34","isMergeCommit":false,"messageTitle":"Add ScheduleDate to Logic interface and LogicManager","messageBody":"","fileTypesAndContributionMap":{"functional-code":{"insertions":42,"deletions":8}}},{"hash":"784b0d9b76d4721364742ccf24ecb5a04bd5cee8","isMergeCommit":false,"messageTitle":"Add ScheduleDate to Model and ModelManager","messageBody":"","fileTypesAndContributionMap":{"functional-code":{"insertions":18,"deletions":4}}},{"hash":"26ca7699aeda8ba6015c0f2dca4f8c5b75eb7e14","isMergeCommit":false,"messageTitle":"Add Calendar.fxml and modify MainWindow.java","messageBody":"","fileTypesAndContributionMap":{"functional-code":{"insertions":228,"deletions":17}}},{"hash":"183e3773cdf43de94b22279962038532b94c670e","isMergeCommit":false,"messageTitle":"Refactor Calendar class to allow dynamic number of weeks","messageBody":"","fileTypesAndContributionMap":{"functional-code":{"insertions":51,"deletions":20}}},{"hash":"fb7ba417b12624e586506177f719def3190c47fc","isMergeCommit":false,"messageTitle":"Add constructor to CommandResult class","messageBody":"","fileTypesAndContributionMap":{"functional-code":{"insertions":8,"deletions":0},"test-code":{"insertions":2,"deletions":1}}},{"hash":"83f240262306a392fe345200b50018f67443aed6","isMergeCommit":false,"messageTitle":"Remove unused import statement","messageBody":"","fileTypesAndContributionMap":{"functional-code":{"insertions":0,"deletions":1}}},{"hash":"c2a560ef5492784da13027de9cc1c8503b66d3a8","isMergeCommit":false,"messageTitle":"Add imports and methods for ScheduleDate in AddCommandTest.java","messageBody":"","fileTypesAndContributionMap":{"test-code":{"insertions":7,"deletions":0}}},{"hash":"c5607e12c3913d5b9b1e0005003c6c3160a40343","isMergeCommit":false,"messageTitle":"Remove unnecessary print statement in Calendar.java","messageBody":"","fileTypesAndContributionMap":{"functional-code":{"insertions":0,"deletions":1}}}]},{"date":"2024-04-01","commitResults":[{"hash":"2f3fc914dd453492c5fffe949d650b99876342e2","isMergeCommit":true,"messageTitle":"Merge branch \u0027master\u0027 into v1.3-ShiftSchedule","messageBody":"# Conflicts:\n#\tsrc/main/java/seedu/address/MainApp.java\n","fileTypesAndContributionMap":{}}]},{"date":"2024-04-02","commitResults":[{"hash":"4f6c21f30c6b385d22588130792af0f13c76ee90","isMergeCommit":false,"messageTitle":"Rename MonthSchedule to ScheduleManager","messageBody":"","fileTypesAndContributionMap":{"other":{"insertions":15,"deletions":2}}},{"hash":"e99254e53eddd12229c8610fa61a602c03735813","isMergeCommit":false,"messageTitle":"Rename MonthSchedule to ScheduleManager","messageBody":"","fileTypesAndContributionMap":{"functional-code":{"insertions":10,"deletions":12},"test-code":{"insertions":27,"deletions":26}}},{"hash":"a5dffdc3add91a4059d730e22a2279e2c7365cf6","isMergeCommit":false,"messageTitle":"Add error handling for person not found in ScheduleCommand","messageBody":"","fileTypesAndContributionMap":{"functional-code":{"insertions":12,"deletions":2}}},{"hash":"0a2efd0307e09b93924f2904acada30fdee662b0","isMergeCommit":false,"messageTitle":"Update comments","messageBody":"","fileTypesAndContributionMap":{"functional-code":{"insertions":2,"deletions":2}}},{"hash":"38898551996d32f9be063ad050d61befca527e0a","isMergeCommit":false,"messageTitle":"Add tests","messageBody":"","fileTypesAndContributionMap":{"test-code":{"insertions":1043,"deletions":0}}},{"hash":"99fc44cf12d3312c2a5e6868569c2ad0c59c2798","isMergeCommit":false,"messageTitle":"Add newlines","messageBody":"","fileTypesAndContributionMap":{"functional-code":{"insertions":1,"deletions":1}}},{"hash":"cef8a8ebde96b07305788b1a15d273fd0f691adc","isMergeCommit":false,"messageTitle":"Remove test method","messageBody":"","fileTypesAndContributionMap":{"test-code":{"insertions":0,"deletions":13}}}]},{"date":"2024-04-03","commitResults":[{"hash":"26bae17ed6f12f6ad8ee127e34ddb5c01a36af81","isMergeCommit":false,"messageTitle":"Fix bug","messageBody":"","fileTypesAndContributionMap":{"functional-code":{"insertions":15,"deletions":6}}},{"hash":"9524d8eb9a3cb0efb383f6f55e58c3a4e975ac23","isMergeCommit":false,"messageTitle":"Update docs","messageBody":"","fileTypesAndContributionMap":{"docs":{"insertions":33,"deletions":14}}},{"hash":"9fe4b4317920abf95f7a511bd93fe21996ccc833","isMergeCommit":false,"messageTitle":"Fix bug","messageBody":"","fileTypesAndContributionMap":{"functional-code":{"insertions":12,"deletions":14}}},{"hash":"25b939bffcfedfebedf1a7aaaf65a90c2cfdce24","isMergeCommit":false,"messageTitle":"Update help message","messageBody":"","fileTypesAndContributionMap":{"functional-code":{"insertions":1,"deletions":1}}},{"hash":"122c04a55ef48037029688665b8e2a5f9739700c","isMergeCommit":false,"messageTitle":"Update sample UI mockup to actual screen capture","messageBody":"","fileTypesAndContributionMap":{"docs":{"insertions":1,"deletions":1}}}]},{"date":"2024-04-04","commitResults":[{"hash":"9676a582d0324d2b5eaa76ebd42bec6d1bba305a","isMergeCommit":true,"messageTitle":"Merge pull request #66 from huekoh/v1.3-Archive","messageBody":"V1.3 archive feature","fileTypesAndContributionMap":{}},{"hash":"aa94a2f09ab42c1c23e531545d10cd9b008bdbc8","isMergeCommit":true,"messageTitle":"Merge branch \u0027master\u0027 into v1.3-ShiftSchedule","messageBody":"# Conflicts:\n#\tsrc/main/java/seedu/address/logic/parser/AddressBookParser.java\n#\tsrc/main/java/seedu/address/model/ModelManager.java\n#\tsrc/main/java/seedu/address/model/ReadOnlyUserPrefs.java\n#\tsrc/main/java/seedu/address/model/UserPrefs.java\n#\tsrc/main/java/seedu/address/model/util/SampleDataUtil.java\n","fileTypesAndContributionMap":{}},{"hash":"f4055a61047cb98b30d97e8334fe2f1f45e659fe","isMergeCommit":false,"messageTitle":"Remove commented out code","messageBody":"","fileTypesAndContributionMap":{"test-code":{"insertions":0,"deletions":289}}},{"hash":"43e90b3028fe8ef9839fc51abe7f4561f6d6a6a9","isMergeCommit":true,"messageTitle":"Merge pull request #64 from 1rbg/v1.3-ShiftSchedule","messageBody":"V1.3 shift schedule","fileTypesAndContributionMap":{}},{"hash":"8a5681eec96d34496c8051dd004c5a147b50d7a6","isMergeCommit":true,"messageTitle":"Merge pull request #68 from huekoh/master","messageBody":"Enable assertions in buid.gradle","fileTypesAndContributionMap":{}},{"hash":"3fc8034b3061183ebb528a48e64c57ce5e4a3fb3","isMergeCommit":false,"messageTitle":"Update docs","messageBody":"","fileTypesAndContributionMap":{"docs":{"insertions":32,"deletions":9}}},{"hash":"75f2acc6e18ae0535f26b22ef384e1d107c59fc6","isMergeCommit":false,"messageTitle":"Update date format","messageBody":"","fileTypesAndContributionMap":{"docs":{"insertions":2,"deletions":0}}},{"hash":"a819783477253d02875ee39e6f586c68ad418276","isMergeCommit":true,"messageTitle":"Merge pull request #71 from h4ow3i/master","messageBody":"Update UserGuide.md","fileTypesAndContributionMap":{}},{"hash":"19cdc7a832955f5fdfb324eed88c19c98e8d14c3","isMergeCommit":false,"messageTitle":"Update docs","messageBody":"","fileTypesAndContributionMap":{"docs":{"insertions":3,"deletions":2}}},{"hash":"f152c39ed3ca3361367b2977e923e015af6847a2","isMergeCommit":true,"messageTitle":"Merge branch \u0027master\u0027 into v1.3-DocumentationUpdate","messageBody":"","fileTypesAndContributionMap":{}},{"hash":"1d2dffe2f5168c99b120a653ca9e4dbb36a97a28","isMergeCommit":false,"messageTitle":"Update command summary","messageBody":"","fileTypesAndContributionMap":{"docs":{"insertions":7,"deletions":2}}},{"hash":"940a72ada70d2348f74e6f9bb9bcb0feb9190fdd","isMergeCommit":false,"messageTitle":"Update formatting","messageBody":"","fileTypesAndContributionMap":{"docs":{"insertions":2,"deletions":4}}},{"hash":"fb34013712641099178f13e9155586fa6ab37940","isMergeCommit":false,"messageTitle":"Update formatting","messageBody":"","fileTypesAndContributionMap":{"docs":{"insertions":2,"deletions":2}}},{"hash":"3031d7db3586d9ebd9c43f614a0a28ed97ddeb52","isMergeCommit":false,"messageTitle":"Add newline at EOF","messageBody":"","fileTypesAndContributionMap":{"docs":{"insertions":1,"deletions":1}}},{"hash":"55254f5c33ccabde263d73138838fa0a45ffc592","isMergeCommit":true,"messageTitle":"Merge pull request #73 from huekoh/master","messageBody":"Update UML diagrams","tags":["v1.3"],"fileTypesAndContributionMap":{}}]}],"jxunze":[{"date":"2024-03-07","commitResults":[{"hash":"325aa311eb7c95305d35aeff2efe687845b44469","isMergeCommit":true,"messageTitle":"Merge pull request #15 from 1rbg/master","messageBody":"v1.1 Update README and AboutUs","fileTypesAndContributionMap":{}}]},{"date":"2024-03-12","commitResults":[{"hash":"d8a3fe57b1f0f4206804c5b53bc3a986ca0ba132","isMergeCommit":true,"messageTitle":"Merge pull request #30 from martinng01/master","messageBody":"Implement add contacts","fileTypesAndContributionMap":{}},{"hash":"398f7883a01b407e403b16391f2a1556993e44c8","isMergeCommit":true,"messageTitle":"Merge pull request #33 from AY2324S2-CS2103T-T17-4/v1.1-DeveloperGuide","messageBody":"V1.1 developer guide","fileTypesAndContributionMap":{}}]},{"date":"2024-03-13","commitResults":[{"hash":"973844dbb902d7a7bd8100774168f74837afd054","isMergeCommit":false,"messageTitle":"Edit function works","messageBody":"","fileTypesAndContributionMap":{"functional-code":{"insertions":129,"deletions":42},"test-code":{"insertions":307,"deletions":304}}}]},{"date":"2024-03-14","commitResults":[{"hash":"3fb7f660c387a9624162e3df81345c776c65757a","isMergeCommit":false,"messageTitle":"Pass edit tests","messageBody":"","fileTypesAndContributionMap":{"functional-code":{"insertions":4,"deletions":3},"test-code":{"insertions":5,"deletions":5}}},{"hash":"0978aeba36b4548bd22de0391f6d6c1ef619d6b8","isMergeCommit":false,"messageTitle":"Add glossary","messageBody":"(cherry picked from commit a6e07fb358381a15c4aea52c39b4e1d9c41e2cbd)\n","fileTypesAndContributionMap":{"docs":{"insertions":2,"deletions":0}}},{"hash":"9573aeb18d0a0b73645ae72afbedd82a6c61b62a","isMergeCommit":false,"messageTitle":"Add aboutus","messageBody":"(cherry picked from commit 9e4b489efceb71ba7becc81a2daac2b41a2824d3)\n","fileTypesAndContributionMap":{"docs":{"insertions":8,"deletions":8}}},{"hash":"0753fe2f9c6620ab78529da3044b9ec313d6fc72","isMergeCommit":false,"messageTitle":"Fix build errors","messageBody":"","fileTypesAndContributionMap":{"functional-code":{"insertions":30,"deletions":37},"test-code":{"insertions":82,"deletions":35}}}]},{"date":"2024-03-15","commitResults":[{"hash":"f897d1b2ffdfcea034ee863089c208ed9f1b52a9","isMergeCommit":true,"messageTitle":"Merge pull request #34 from 1rbg/v1.2-ListContacts","messageBody":"Fix formatting when listing contacts in UI.","fileTypesAndContributionMap":{}}]},{"date":"2024-03-17","commitResults":[{"hash":"fdcf2697ead0e3d7e5dbf7ac2e7bac410a4e0992","isMergeCommit":true,"messageTitle":"Merge pull request #35 from jxunze/Edit-edit-command","messageBody":"Change edit command","fileTypesAndContributionMap":{}},{"hash":"0890c8cd56794c13326e39eb8a747f742ad35586","isMergeCommit":true,"messageTitle":"Merge pull request #38 from h4ow3i/v1.2-TrackHours","messageBody":"V1.2 track employee working hours","fileTypesAndContributionMap":{}},{"hash":"d8ede6cdf1d3ee341568afaa7d189b4b79fb7e01","isMergeCommit":true,"messageTitle":"Merge pull request #46 from 1rbg/v1.2-EditCommandTests","messageBody":"V1.2 Edit Command Tests","fileTypesAndContributionMap":{}},{"hash":"81ce183b862ab03cd5d3c274a46cb9f4d06a7521","isMergeCommit":false,"messageTitle":"Edit delete command to index off of phone number","messageBody":"","fileTypesAndContributionMap":{"functional-code":{"insertions":5,"deletions":71}}},{"hash":"24f789350d50db2f986c38b90280d884ebd7c6b8","isMergeCommit":false,"messageTitle":"Fix commit errors","messageBody":"","fileTypesAndContributionMap":{"functional-code":{"insertions":70,"deletions":1}}},{"hash":"1b5d1dad22fec06d8f620bfaf88cdc80a0c84dd0","isMergeCommit":false,"messageTitle":"Fix parsing errors","messageBody":"","fileTypesAndContributionMap":{"functional-code":{"insertions":2,"deletions":3},"test-code":{"insertions":27,"deletions":32}}},{"hash":"89ec1abb0569ae26c0855c67f21309ca4eea85f3","isMergeCommit":false,"messageTitle":"Fix syntax","messageBody":"","fileTypesAndContributionMap":{"functional-code":{"insertions":16,"deletions":12},"docs":{"insertions":1,"deletions":1},"test-code":{"insertions":1,"deletions":5}}},{"hash":"b6c2f612a4291ad404559878becaae89ec5659e6","isMergeCommit":false,"messageTitle":"Fix tests","messageBody":"","fileTypesAndContributionMap":{"test-code":{"insertions":2,"deletions":2}}},{"hash":"915ff342ef1fd4a239e696dc13c56b5ccddfd871","isMergeCommit":true,"messageTitle":"Merge pull request #45 from jxunze/Delete-function","messageBody":"Delete function","fileTypesAndContributionMap":{}}]},{"date":"2024-03-20","commitResults":[{"hash":"ef2c45081086bb1b3433271edb35aa7ffe62c37f","isMergeCommit":true,"messageTitle":"Merge pull request #49 from huekoh/master","messageBody":"Update GUI style and layout of components","tags":["v1.2"],"fileTypesAndContributionMap":{}}]},{"date":"2024-03-26","commitResults":[{"hash":"dbf06154217bb204da283d46e905d8f2083e12de","isMergeCommit":true,"messageTitle":"Merge pull request #57 from h4ow3i/v1.3-PayRate","messageBody":"Update Person class to use PayRate instead of EmploymentType","fileTypesAndContributionMap":{}},{"hash":"dae288f59124845bcc87195e42564b7030bc91cf","isMergeCommit":true,"messageTitle":"Merge pull request #59 from martinng01/master","messageBody":"Add ability to expand employee card by clicking on it","fileTypesAndContributionMap":{}},{"hash":"1c3780c3a643764a0f8c250a9f564ae11d77884b","isMergeCommit":false,"messageTitle":"Edit userguide","messageBody":"","fileTypesAndContributionMap":{"docs":{"insertions":120,"deletions":131}}},{"hash":"3ad66c426a954e12422ce8de378b7915841a440a","isMergeCommit":false,"messageTitle":"Edit userguide","messageBody":"","fileTypesAndContributionMap":{"docs":{"insertions":1,"deletions":1}}}]},{"date":"2024-04-04","commitResults":[{"hash":"026677ac49a0ad67e80a8cfe964560a3e3b0830b","isMergeCommit":false,"messageTitle":"Add payroll logic","messageBody":"Rebase with main branch\n\nrebase\n","fileTypesAndContributionMap":{"functional-code":{"insertions":158,"deletions":2}}},{"hash":"fdb0bbbd4add1a73a65df67aa6bf22718d55b1b0","isMergeCommit":false,"messageTitle":"Add parser","messageBody":"rebase\n","fileTypesAndContributionMap":{"functional-code":{"insertions":32,"deletions":0}}},{"hash":"e14a089870573d9da476bdeba3c851c5693c32ec","isMergeCommit":false,"messageTitle":"Add payroll command","messageBody":"rebase\n","fileTypesAndContributionMap":{"functional-code":{"insertions":232,"deletions":33},"test-code":{"insertions":0,"deletions":2}}},{"hash":"c4c9b6eea2abffdd7f11f67371a740bc40c2efab","isMergeCommit":false,"messageTitle":"Rebase with main","messageBody":"rebase\n","fileTypesAndContributionMap":{"docs":{"insertions":18,"deletions":18}}},{"hash":"cd326779ebb55f8ca60adbd88a11f543dce46fe0","isMergeCommit":false,"messageTitle":"Pass checkstyle","messageBody":"","fileTypesAndContributionMap":{"functional-code":{"insertions":24,"deletions":18},"test-code":{"insertions":24,"deletions":0}}},{"hash":"58a5d6381e0e152e6bba0786c11ec19d42137f2b","isMergeCommit":true,"messageTitle":"Merge pull request #67 from jxunze/v1.3-AddPayroll","messageBody":"V1.3 add payroll","fileTypesAndContributionMap":{}},{"hash":"cc9edbeebaf4b766f81bc54bafad0c0872107067","isMergeCommit":false,"messageTitle":"Update dg and uml diagrams","messageBody":"","fileTypesAndContributionMap":{"functional-code":{"insertions":0,"deletions":1},"docs":{"insertions":10,"deletions":0}}}]},{"date":"2024-04-12","commitResults":[{"hash":"96d86539b09c947e9fe58986bd14496ae4578f0b","isMergeCommit":true,"messageTitle":"Merge pull request #136 from h4ow3i/master","messageBody":"Fix issue #77","fileTypesAndContributionMap":{}}]},{"date":"2024-04-13","commitResults":[{"hash":"aa19c0a1e387428a6716e42042ce87dcc36f1fe9","isMergeCommit":true,"messageTitle":"Merge pull request #138 from martinng01/fix-ped-bugs","messageBody":"Fix PED bugs","fileTypesAndContributionMap":{}}]}],"h4ow3i":[{"date":"2024-03-10","commitResults":[{"hash":"fc78e0028ca9a5cb9deec7c06033c917f99f2692","isMergeCommit":false,"messageTitle":"Update DG use cases","messageBody":"","fileTypesAndContributionMap":{"docs":{"insertions":87,"deletions":18}}},{"hash":"8630b8a2cb20df25f95a496f84fb85177cf4d032","isMergeCommit":false,"messageTitle":"Update DG use cases","messageBody":"","fileTypesAndContributionMap":{"docs":{"insertions":2,"deletions":8}}},{"hash":"672f716af308dc80b8b07c0b641db86743127319","isMergeCommit":true,"messageTitle":"Merge pull request #19 from h4ow3i/DG-update-use-cases","messageBody":"Update DG use cases","fileTypesAndContributionMap":{}}]},{"date":"2024-03-17","commitResults":[{"hash":"f2ce4185a4cf3c1b75d57dced8c45236bbfe393d","isMergeCommit":false,"messageTitle":"Add track employee work hours function as part of v1.2","messageBody":"","fileTypesAndContributionMap":{"functional-code":{"insertions":273,"deletions":45}}},{"hash":"a100439d660d3057d81d77089be2c168c38ee6bd","isMergeCommit":false,"messageTitle":"Fix build.gradle checkstyle","messageBody":"","fileTypesAndContributionMap":{"functional-code":{"insertions":66,"deletions":40},"test-code":{"insertions":46,"deletions":37}}},{"hash":"ce71074093fc6a72a31f825a3cd63a09f7bbe9ab","isMergeCommit":false,"messageTitle":"Fix build.gradle tests","messageBody":"","fileTypesAndContributionMap":{"functional-code":{"insertions":8,"deletions":8},"test-code":{"insertions":1,"deletions":2}}},{"hash":"1dd027ebc11090c3748fc2c5bb8384011314bb81","isMergeCommit":false,"messageTitle":"Fix build.gradle tests","messageBody":"","fileTypesAndContributionMap":{"functional-code":{"insertions":4,"deletions":8},"test-code":{"insertions":1,"deletions":2}}},{"hash":"c0952c8e1d4a2d9a7c35acb20245f9931399b9a4","isMergeCommit":true,"messageTitle":"resolve conflict","messageBody":"","fileTypesAndContributionMap":{}},{"hash":"f8a234b2462884ccb54b3c21a8a87a531437f418","isMergeCommit":true,"messageTitle":"Merge branch \u0027master\u0027 into v1.2-TrackHours","messageBody":"","fileTypesAndContributionMap":{}},{"hash":"5c93780c28c54fde48c49ff030dbd0f2857f60c2","isMergeCommit":false,"messageTitle":"Add workhours into EditCommand.java","messageBody":"","fileTypesAndContributionMap":{"functional-code":{"insertions":19,"deletions":7}}},{"hash":"5346e083660cfc39196536790b8beb84f5316e9f","isMergeCommit":true,"messageTitle":"Merge branch \u0027v1.2-TrackHours\u0027","messageBody":"","fileTypesAndContributionMap":{}},{"hash":"fbd404a2129c76552b9c33f35fe1b1ab5241d778","isMergeCommit":false,"messageTitle":"Fix edit command bug","messageBody":"","fileTypesAndContributionMap":{"functional-code":{"insertions":2,"deletions":2}}},{"hash":"c9dc7b6777d56bb93eb1f122ee51c7ec75475906","isMergeCommit":true,"messageTitle":"Merge branch \u0027v1.2-TrackHours\u0027","messageBody":"","fileTypesAndContributionMap":{}},{"hash":"ce04f072853a81f10afa96a9cad91754abcb7663","isMergeCommit":true,"messageTitle":"Merge branch \u0027master\u0027 of https://github.com/h4ow3i/tp","messageBody":"","fileTypesAndContributionMap":{}}]},{"date":"2024-03-21","commitResults":[{"hash":"12f19e556bcf8429cb9458f64dac0ad0ff919658","isMergeCommit":true,"messageTitle":"Merge branch \u0027AY2324S2-CS2103T-T17-4:master\u0027 into master","messageBody":"","fileTypesAndContributionMap":{}},{"hash":"d84050ea9a096a14d4d9f0e758b8f48c212d8be1","isMergeCommit":false,"messageTitle":"Fix some inaccuracies","messageBody":"","fileTypesAndContributionMap":{"functional-code":{"insertions":3,"deletions":3}}}]},{"date":"2024-03-25","commitResults":[{"hash":"49a235d46efee140da1ae60d9e17f987de56ce05","isMergeCommit":false,"messageTitle":"Update Person class to use PayRate instead of EmploymentType","messageBody":"In this commit, the Person class has been refactored to replace the existing\nEmploymentType field with a new PayRate field. This change aligns with the\nevolving requirements of the application, where pay rates are now being\ntracked instead of employment types. The commit also includes relevant updates\nto method signatures, data parsing logic, and associated tests to accommodate\nthe transition from employment types to pay rates.\n","fileTypesAndContributionMap":{"functional-code":{"insertions":162,"deletions":158},"test-code":{"insertions":139,"deletions":171}}}]},{"date":"2024-03-26","commitResults":[{"hash":"30aa8253c687de3a7aa3891095a4999594a5c802","isMergeCommit":false,"messageTitle":"Apply requested changes from PR review","messageBody":"This commit implements the changes requested during the PR review.\n\nSpecifically, updates have been made to several classes to address\nissues raised in the review process. These changes ensure better\ncode quality and alignment with project requirements.\n","fileTypesAndContributionMap":{"functional-code":{"insertions":2,"deletions":2}}}]},{"date":"2024-04-04","commitResults":[{"hash":"3aabb5eeacc62a0ff1fb21d96a2af333ac1d510a","isMergeCommit":true,"messageTitle":"Merge pull request #69 from AY2324S2-CS2103T-T17-4/v1.3-UpdateDG","messageBody":"Updated UG","fileTypesAndContributionMap":{}},{"hash":"9d465fce6ceb478bcc716a8b90d83033709e8d6e","isMergeCommit":true,"messageTitle":"Merge pull request #70 from huekoh/master","messageBody":"Update UserGuide.md","fileTypesAndContributionMap":{}},{"hash":"7691c51b28056d7ef27ce9acbb1fad61111528ca","isMergeCommit":false,"messageTitle":"Update UserGuide.md","messageBody":"","fileTypesAndContributionMap":{"functional-code":{"insertions":2,"deletions":2},"docs":{"insertions":4,"deletions":1}}},{"hash":"3e3da2b58d3f8fff64cc09a14211e6ef896fcd15","isMergeCommit":false,"messageTitle":"Fix checkstyle","messageBody":"","fileTypesAndContributionMap":{"functional-code":{"insertions":1,"deletions":1}}},{"hash":"1e095c68bce718bd1f0c2d3f755bca93a6ea0397","isMergeCommit":false,"messageTitle":"Update UG","messageBody":"","fileTypesAndContributionMap":{"docs":{"insertions":1,"deletions":0}}},{"hash":"5eb851fb7f5b3a05ab8a3d2985e9f0801f5311ba","isMergeCommit":false,"messageTitle":"Update UG","messageBody":"","fileTypesAndContributionMap":{"docs":{"insertions":2,"deletions":1}}}]},{"date":"2024-04-09","commitResults":[{"hash":"8d0b2af322c8528aa255141b9552c19e1bc1cef9","isMergeCommit":false,"messageTitle":"Fix issue #99","messageBody":"","fileTypesAndContributionMap":{"docs":{"insertions":14,"deletions":14}}},{"hash":"7a4555c46b775a571d14f0a35979b20a191bb3e2","isMergeCommit":false,"messageTitle":"Fix issue #100","messageBody":"","fileTypesAndContributionMap":{"docs":{"insertions":1,"deletions":1}}},{"hash":"735050574f955fecaab3444ba3d3c28059a308f1","isMergeCommit":false,"messageTitle":"Fix issue #101","messageBody":"","fileTypesAndContributionMap":{"docs":{"insertions":2,"deletions":0}}},{"hash":"af5381094a9b9383067aac8115cedfaead6b19ab","isMergeCommit":false,"messageTitle":"Fix issue #102","messageBody":"","fileTypesAndContributionMap":{"docs":{"insertions":2,"deletions":0}}},{"hash":"2b60c00c632fec848dffcaad5bfc85b87a21fd26","isMergeCommit":false,"messageTitle":"Fix issue #104","messageBody":"","fileTypesAndContributionMap":{"docs":{"insertions":0,"deletions":10}}},{"hash":"28e55b3576c17f32ad59e758c0836f5ccca78bc3","isMergeCommit":false,"messageTitle":"Fix issue #105","messageBody":"","fileTypesAndContributionMap":{"docs":{"insertions":2,"deletions":2}}},{"hash":"ba934d5006c28e8c387309ab1b3131fa8a526773","isMergeCommit":false,"messageTitle":"Fix issue #107","messageBody":"","fileTypesAndContributionMap":{"docs":{"insertions":1,"deletions":1}}},{"hash":"082340d5f35b60db3f9a0b1d506afd71affc4a07","isMergeCommit":false,"messageTitle":"Fix issue #108","messageBody":"","fileTypesAndContributionMap":{"docs":{"insertions":1,"deletions":1}}},{"hash":"5c5f4b01acb6abf1095bac69ebb9b3c70c93bcf5","isMergeCommit":false,"messageTitle":"Fix issue #110","messageBody":"","fileTypesAndContributionMap":{"functional-code":{"insertions":1,"deletions":1}}}]},{"date":"2024-04-11","commitResults":[{"hash":"2fe49f11bcda921cae9170f84ae49914a29adb37","isMergeCommit":false,"messageTitle":"Fix whitespace error","messageBody":"","fileTypesAndContributionMap":{"docs":{"insertions":1,"deletions":1}}},{"hash":"281fad7fce8671fa89f25de1c36702fdc45d71af","isMergeCommit":false,"messageTitle":"Fix help command url","messageBody":"","fileTypesAndContributionMap":{"functional-code":{"insertions":1,"deletions":1}}},{"hash":"5a7fd71492f02cd0b6d1cac1c1416ca0aafd771d","isMergeCommit":true,"messageTitle":"Merge pull request #135 from h4ow3i/master","messageBody":"Fix PED bugs","fileTypesAndContributionMap":{}},{"hash":"833a9c846428cdbf74ceb4066a0960f00db32d2f","isMergeCommit":false,"messageTitle":"Fix issue #77","messageBody":"","fileTypesAndContributionMap":{"docs":{"insertions":1,"deletions":2}}},{"hash":"0136946c84a0db6eef00b554fe5856c0baf6eae4","isMergeCommit":false,"messageTitle":"Fix issue #79","messageBody":"","fileTypesAndContributionMap":{"docs":{"insertions":1,"deletions":1}}}]}],"huekoh":[{"date":"2024-03-08","commitResults":[{"hash":"b851257a2a7a3c447f89b03bd0e2dbf045c656d5","isMergeCommit":true,"messageTitle":"Merge pull request #1 from AY2324S2-CS2103T-T17-4/master","messageBody":"Update v1.1 README and AboutUs","fileTypesAndContributionMap":{}}]},{"date":"2024-03-10","commitResults":[{"hash":"8a13cf6a1ecfd9f8ea25ebbac66596d26890b245","isMergeCommit":false,"messageTitle":"Update personal information","messageBody":"","fileTypesAndContributionMap":{"docs":{"insertions":7,"deletions":6}}},{"hash":"cc9fff0570047d6d67396673520942a33139aada","isMergeCommit":false,"messageTitle":"Update DevelopGuide.md","messageBody":"","fileTypesAndContributionMap":{"docs":{"insertions":18,"deletions":10}}},{"hash":"ae1c7f1d8ef681b6a5c5124aa718ae6a8fe8f2c9","isMergeCommit":true,"messageTitle":"Merge branch \u0027v1.1-DeveloperGuide\u0027","messageBody":"","fileTypesAndContributionMap":{}}]},{"date":"2024-03-12","commitResults":[{"hash":"173d436e0f35c0b4a423071757ca4219bb89c4fc","isMergeCommit":true,"messageTitle":"Merge branch \u0027master\u0027 into v1.1-DeveloperGuide","messageBody":"","fileTypesAndContributionMap":{}}]},{"date":"2024-03-14","commitResults":[{"hash":"b9896ee687aae5ea413c73a2a1fc7e3ce9df56ed","isMergeCommit":true,"messageTitle":"Merge pull request #36 from jxunze/Edit-glossary","messageBody":"","fileTypesAndContributionMap":{}}]},{"date":"2024-03-16","commitResults":[{"hash":"16b108012cb1cf83b1321c906f2e4e93f7221849","isMergeCommit":false,"messageTitle":"Update logger to match project","messageBody":"","fileTypesAndContributionMap":{"functional-code":{"insertions":1,"deletions":1}}}]},{"date":"2024-03-18","commitResults":[{"hash":"5259d22258a4ca30d7882e4e68b483ac2e13b01e","isMergeCommit":false,"messageTitle":"Create MainWindow2.fxml","messageBody":"","fileTypesAndContributionMap":{"functional-code":{"insertions":58,"deletions":0}}},{"hash":"4240c32f2133ad15da3e90912a893ed7c6ac9f75","isMergeCommit":false,"messageTitle":"Update fxml files","messageBody":"","fileTypesAndContributionMap":{"functional-code":{"insertions":4,"deletions":6}}},{"hash":"4372cda5b1d16cf310fc1647068215baf504c52f","isMergeCommit":false,"messageTitle":"Update fxml files","messageBody":"","fileTypesAndContributionMap":{"functional-code":{"insertions":48,"deletions":107}}},{"hash":"bb851e2cc8d1dc8a8b0008f94168fdb35f3b20ef","isMergeCommit":true,"messageTitle":"Merge branch \u0027master\u0027 of https://github.com/huekoh/tp","messageBody":"","fileTypesAndContributionMap":{}}]},{"date":"2024-03-20","commitResults":[{"hash":"9a993b2ab4f225c6d2a6bb97e894ba28ef9f2426","isMergeCommit":false,"messageTitle":"Update MainApp.java","messageBody":"","fileTypesAndContributionMap":{"functional-code":{"insertions":2,"deletions":2}}}]},{"date":"2024-03-21","commitResults":[{"hash":"d17c8ca35bec36c1af804084ea78ad66aea24491","isMergeCommit":true,"messageTitle":"Merge pull request #50 from h4ow3i/v1.2-FinalTouches","messageBody":"V1.2 final touches","fileTypesAndContributionMap":{}}]},{"date":"2024-03-29","commitResults":[{"hash":"821c77c3783e0e69100b402fd1bc7527a41bda9a","isMergeCommit":false,"messageTitle":"Update BankDetails verification and testing","messageBody":"","fileTypesAndContributionMap":{"functional-code":{"insertions":14,"deletions":4},"test-code":{"insertions":10,"deletions":4}}}]},{"date":"2024-03-30","commitResults":[{"hash":"4f94bf23e5a27e9b31d1abc26a5393175558fb76","isMergeCommit":false,"messageTitle":"Update test files","messageBody":"","fileTypesAndContributionMap":{"test-code":{"insertions":5,"deletions":3}}},{"hash":"4d6afff4d9c33e87618d430c646672fc8a7d81d3","isMergeCommit":false,"messageTitle":"Update test files","messageBody":"","fileTypesAndContributionMap":{"test-code":{"insertions":1,"deletions":1}}},{"hash":"48bf83b15a35d576f37875b15a89583432c149d4","isMergeCommit":false,"messageTitle":"Update test files","messageBody":"","fileTypesAndContributionMap":{"test-code":{"insertions":10,"deletions":4}}},{"hash":"c41ee9172db5149fc84507bfd20fdf3e3b174aeb","isMergeCommit":false,"messageTitle":"Update test files","messageBody":"","fileTypesAndContributionMap":{"functional-code":{"insertions":3,"deletions":1},"test-code":{"insertions":3,"deletions":3}}},{"hash":"af7b5b4cfdc9a4d3b86d90288bfff1f1827e7258","isMergeCommit":true,"messageTitle":"Merge branch \u0027AY2324S2-CS2103T-T17-4:master\u0027 into master","messageBody":"","fileTypesAndContributionMap":{}},{"hash":"4aae93ee7b1bb4bd43b97522ccb2d152111321ec","isMergeCommit":false,"messageTitle":"Add archive book to storage files","messageBody":"","fileTypesAndContributionMap":{"functional-code":{"insertions":76,"deletions":1},"test-code":{"insertions":5,"deletions":0}}},{"hash":"1ca87012321beebc8860688619149668e4b58683","isMergeCommit":false,"messageTitle":"Add archive command","messageBody":"","fileTypesAndContributionMap":{"functional-code":{"insertions":308,"deletions":65},"test-code":{"insertions":16,"deletions":9}}},{"hash":"cef859844e0c2471bac0e4c6bb8169f5a481a18f","isMergeCommit":false,"messageTitle":"Update ArchiveStatus.java, JsonAdaptedPerson.java and JsonAdaptedPersonTest.java","messageBody":"","fileTypesAndContributionMap":{"functional-code":{"insertions":7,"deletions":6},"test-code":{"insertions":16,"deletions":12}}}]},{"date":"2024-04-01","commitResults":[{"hash":"823fc7a9f78f0a83c522098437d4b96e571054c9","isMergeCommit":false,"messageTitle":"Add un-archive command","messageBody":"","fileTypesAndContributionMap":{"functional-code":{"insertions":208,"deletions":58}}},{"hash":"51bdec39af788472074b68c71aefb8a9d5ad51c6","isMergeCommit":false,"messageTitle":"Remove archivebook methods","messageBody":"","fileTypesAndContributionMap":{"functional-code":{"insertions":0,"deletions":10},"test-code":{"insertions":5,"deletions":5}}},{"hash":"bb76e59f52b88004e7e56dc2d1897753189d0f54","isMergeCommit":false,"messageTitle":"Update unarchive command to refer to archived persons","messageBody":"","fileTypesAndContributionMap":{"functional-code":{"insertions":6,"deletions":3}}},{"hash":"3647b3c3de8a04056f50f39857e63c2eb4213036","isMergeCommit":false,"messageTitle":"Fix archive status bug","messageBody":"Fix a bug that was causing the archive status to of all Person objects to reset to false upon launch of application.\n","fileTypesAndContributionMap":{"functional-code":{"insertions":5,"deletions":6}}},{"hash":"a9e5a5c70caa464a66b762a90d234dd961f8d3a3","isMergeCommit":false,"messageTitle":"Fix on-launch viewable person list bug","messageBody":"Fix bug that caused both archived and unarchived persons to be listed on GUI on launch. Now, only unarchived persons will be listed.\n","fileTypesAndContributionMap":{"functional-code":{"insertions":10,"deletions":1}}},{"hash":"3189a7cd030b44bf0eadfbf572d1b08608ad6e0d","isMergeCommit":false,"messageTitle":"Update list command to accept which list view is to be shown","messageBody":"","fileTypesAndContributionMap":{"functional-code":{"insertions":71,"deletions":6}}}]},{"date":"2024-04-02","commitResults":[{"hash":"14aa8ddcf343b473abf5a764db398bad2267851c","isMergeCommit":false,"messageTitle":"Update test cases","messageBody":"","fileTypesAndContributionMap":{"test-code":{"insertions":16,"deletions":5}}},{"hash":"b9c918d975b2a130bbdd696a94e0e7c0f7b9a635","isMergeCommit":false,"messageTitle":"Update LogicManagerTest.java","messageBody":"","fileTypesAndContributionMap":{"test-code":{"insertions":1,"deletions":1}}},{"hash":"ec8c89cdc903c3bf6748cf9f23d00da9277928e6","isMergeCommit":false,"messageTitle":"Update files to checlstyle standard","messageBody":"","fileTypesAndContributionMap":{"functional-code":{"insertions":156,"deletions":105}}},{"hash":"9073ac029e9723859999564c9bdf4db45b269d57","isMergeCommit":false,"messageTitle":"Update Model.java","messageBody":"","fileTypesAndContributionMap":{"functional-code":{"insertions":2,"deletions":2}}},{"hash":"fc6f7c76f4a6538e228aed92e5bf21c7e5c222c7","isMergeCommit":false,"messageTitle":"Update AddCommandParser.java","messageBody":"","fileTypesAndContributionMap":{"functional-code":{"insertions":1,"deletions":1}}},{"hash":"27b74976c6abd03bd3ce3023202926ed26df09d0","isMergeCommit":false,"messageTitle":"Fix failing checkstyles","messageBody":"","fileTypesAndContributionMap":{"functional-code":{"insertions":70,"deletions":70},"test-code":{"insertions":18,"deletions":3}}}]},{"date":"2024-04-03","commitResults":[{"hash":"1e3f09bc1d41508a4755e341be648672bffe3e78","isMergeCommit":false,"messageTitle":"Update Person.java","messageBody":"","fileTypesAndContributionMap":{"functional-code":{"insertions":2,"deletions":1}}},{"hash":"0be47c5427bea225462e4296ba649ec0bdbc9910","isMergeCommit":false,"messageTitle":"Update Person.java","messageBody":"","fileTypesAndContributionMap":{"functional-code":{"insertions":1,"deletions":0}}}]},{"date":"2024-04-04","commitResults":[{"hash":"622e12d2630a3ea213041522f1f05fdad71a3d33","isMergeCommit":false,"messageTitle":"Update test files","messageBody":"","fileTypesAndContributionMap":{"test-code":{"insertions":14,"deletions":1}}},{"hash":"40a371867e8cc68f950327f71c83beb194f66133","isMergeCommit":false,"messageTitle":"Enable assertions in buid.gradle","messageBody":"","fileTypesAndContributionMap":{"other":{"insertions":1,"deletions":0}}},{"hash":"f1116e5eb75d8e4dc0f4fcb45f907f76d420bf76","isMergeCommit":false,"messageTitle":"Update UserGuide.md","messageBody":"","fileTypesAndContributionMap":{"docs":{"insertions":31,"deletions":6}}},{"hash":"cde33af2bf9181e4afbac8ee06ec2a7fcdb374c6","isMergeCommit":false,"messageTitle":"Update UML diagrams","messageBody":"","fileTypesAndContributionMap":{"docs":{"insertions":17,"deletions":10}}},{"hash":"00040bc38492cc9f4eb7fdb4494c346d16774c6a","isMergeCommit":true,"messageTitle":"Merge pull request #72 from 1rbg/v1.3-DocumentationUpdate","messageBody":"V1.3 documentation update","fileTypesAndContributionMap":{}},{"hash":"dfdf4f37e053832c3db2ff0e5973ba37b95fe80d","isMergeCommit":true,"messageTitle":"Merge branch \u0027AY2324S2-CS2103T-T17-4:master\u0027 into master","messageBody":"","fileTypesAndContributionMap":{}}]},{"date":"2024-04-05","commitResults":[{"hash":"039acba57814239c4fff17c9ed5a22a3596fa228","isMergeCommit":true,"messageTitle":"Merge pull request #74 from martinng01/enable-assert","messageBody":"Fix enable assertions","fileTypesAndContributionMap":{}}]}],"martinng01":[{"date":"2024-03-11","commitResults":[{"hash":"d6e984ffc8bcc45b706373effc685b18117bee32","isMergeCommit":false,"messageTitle":"Edit add contact","messageBody":"Now has the following fields:\n- First Name\n- Last Name\n- Mobile number\n- Sex\n- Employment\n- Address\n- Bank details\n- Tags\n","fileTypesAndContributionMap":{"functional-code":{"insertions":608,"deletions":310},"other":{"insertions":1,"deletions":1},"test-code":{"insertions":213,"deletions":245}}},{"hash":"da8ce6bcd9ebdd04aa88d2e4c78544813a8b5663","isMergeCommit":false,"messageTitle":"Update DG, AboutUs","messageBody":"","fileTypesAndContributionMap":{"docs":{"insertions":168,"deletions":100}}},{"hash":"1a2720c8998fc3893f9bc2b4a45d72ad420b55eb","isMergeCommit":true,"messageTitle":"Merge pull request #20 from huekoh/master","messageBody":"Update DG target user profile, value proposition and user stories","fileTypesAndContributionMap":{}},{"hash":"9c2f9eb1fab0ca4fff95d995c7c353176a64dd6f","isMergeCommit":false,"messageTitle":"Change profile photo to .png","messageBody":"","fileTypesAndContributionMap":{"docs":{"insertions":1,"deletions":1}}},{"hash":"6d53b0c098a6fcd1ca9e0f58cfe045b012baaf66","isMergeCommit":false,"messageTitle":"Update build.gradle to skip tests","messageBody":"","fileTypesAndContributionMap":{"other":{"insertions":6,"deletions":1},"test-code":{"insertions":8,"deletions":2}}},{"hash":"27f55a79c9a42213cec9343befd3e998d3d88653","isMergeCommit":false,"messageTitle":"Add newline at end of build.gradle","messageBody":"","fileTypesAndContributionMap":{"other":{"insertions":1,"deletions":1}}}]},{"date":"2024-03-12","commitResults":[{"hash":"a5e73adeffba31f8c633657c2e778899e8746d80","isMergeCommit":false,"messageTitle":"Modify test to test for new fields","messageBody":"","fileTypesAndContributionMap":{"functional-code":{"insertions":165,"deletions":147},"other":{"insertions":1,"deletions":6},"test-code":{"insertions":1291,"deletions":924}}},{"hash":"66c9fc69ae80acb150f569f71bd7dfc30878acf3","isMergeCommit":false,"messageTitle":"Add newline at end of build.gradle","messageBody":"","fileTypesAndContributionMap":{"other":{"insertions":1,"deletions":1}}},{"hash":"ac4c347ec1112541c7db12aff23b0804d4c15f54","isMergeCommit":true,"messageTitle":"Merge pull request #32 from AY2324S2-CS2103T-T17-4/add-delete","messageBody":"Add delete","fileTypesAndContributionMap":{}}]},{"date":"2024-03-17","commitResults":[{"hash":"b6b01bf58f24f26d325ec6593944b9f07e43af1d","isMergeCommit":false,"messageTitle":"Update DG model component","messageBody":"","fileTypesAndContributionMap":{"docs":{"insertions":16,"deletions":9}}},{"hash":"4f979316434cd9cc31f2ff539b1023b053f32f5c","isMergeCommit":true,"messageTitle":"Merge branch \u0027AY2324S2-CS2103T-T17-4:master\u0027 into master","messageBody":"","fileTypesAndContributionMap":{}},{"hash":"22fee7b39eba6368032a1b1c34ee827ac6dc6836","isMergeCommit":false,"messageTitle":"Update DG model component to include hours worked.","messageBody":"","fileTypesAndContributionMap":{"docs":{"insertions":18,"deletions":0}}},{"hash":"ca9ab0de2b4d43cf5bc1cae5df62941253dc02a4","isMergeCommit":true,"messageTitle":"Merge branch \u0027AY2324S2-CS2103T-T17-4:master\u0027 into master","messageBody":"","fileTypesAndContributionMap":{}},{"hash":"893b1e15a3f1f64d4b27f9985cf2324d2e9a81ea","isMergeCommit":true,"messageTitle":"Merge branch \u0027AY2324S2-CS2103T-T17-4:master\u0027 into master","messageBody":"","fileTypesAndContributionMap":{}},{"hash":"e3a7202e9553288ff7bc303cbaaeefafc9469c41","isMergeCommit":false,"messageTitle":"Update ModelClassDiagram arrows for clarity","messageBody":"","fileTypesAndContributionMap":{"docs":{"insertions":1,"deletions":1}}}]},{"date":"2024-03-24","commitResults":[{"hash":"e1b82c920d4400344498768d00704b384bf45fc9","isMergeCommit":false,"messageTitle":"Update unique idenitfier of Person class to solely be the phone number","messageBody":"","fileTypesAndContributionMap":{"functional-code":{"insertions":84,"deletions":81}}}]},{"date":"2024-03-26","commitResults":[{"hash":"3857155004c6619d819e4de1ec9b88c3fc7a0583","isMergeCommit":false,"messageTitle":"Add functionality of clicking employee card to view all details","messageBody":"","fileTypesAndContributionMap":{"functional-code":{"insertions":54,"deletions":39},"test-code":{"insertions":10,"deletions":13}}},{"hash":"a8a50868a9a21810c458768a8d727a336f031e90","isMergeCommit":true,"messageTitle":"Resolve merge conflict","messageBody":"","fileTypesAndContributionMap":{}},{"hash":"0bddb0c679b28941d0d614ba3cccde1d4cc87ab9","isMergeCommit":false,"messageTitle":"Remove unused code","messageBody":"","fileTypesAndContributionMap":{"functional-code":{"insertions":0,"deletions":2}}},{"hash":"1d5780ff24fffb502735171b018b886e76d64f83","isMergeCommit":false,"messageTitle":"Resolve merge conflicts","messageBody":"","fileTypesAndContributionMap":{"functional-code":{"insertions":17,"deletions":134}}},{"hash":"61b25cac14201ed78e58567f122063128e0f3b19","isMergeCommit":true,"messageTitle":"Merge branch \u0027feature\u0027","messageBody":"Resolve merge conflicts\n","fileTypesAndContributionMap":{}},{"hash":"eef4cfb026a06a3c9179967375f9570de617b19f","isMergeCommit":false,"messageTitle":"Remove unused imports","messageBody":"","fileTypesAndContributionMap":{"functional-code":{"insertions":0,"deletions":3}}}]},{"date":"2024-03-29","commitResults":[{"hash":"d5ff32180794a2531b0e125d7c005350d83e9272","isMergeCommit":false,"messageTitle":"Update version to 1.2.1","messageBody":"","fileTypesAndContributionMap":{"functional-code":{"insertions":5,"deletions":5}}}]},{"date":"2024-03-31","commitResults":[{"hash":"297916ab5f89b7acb16e6ae22f38d291d5382378","isMergeCommit":true,"messageTitle":"Merge pull request #63 from huekoh/v1.3-BankVerification","messageBody":"V1.3 bank verification","fileTypesAndContributionMap":{}}]},{"date":"2024-04-05","commitResults":[{"hash":"33375a62d5c8486ffad64ddb527bb886236139aa","isMergeCommit":false,"messageTitle":"Fix enable assertions","messageBody":"","fileTypesAndContributionMap":{"other":{"insertions":4,"deletions":1}}}]},{"date":"2024-04-11","commitResults":[{"hash":"1d17dc17cd2860fe3c1c5e23c9dbb0d04a1cda33","isMergeCommit":false,"messageTitle":"Make address field compulsory","messageBody":"","fileTypesAndContributionMap":{"functional-code":{"insertions":1,"deletions":1},"docs":{"insertions":89,"deletions":43}}},{"hash":"e6f43d9118fcc20e05dd11dc6723e04fffdfaf91","isMergeCommit":false,"messageTitle":"Change fix command documentation","messageBody":"","fileTypesAndContributionMap":{"functional-code":{"insertions":7,"deletions":7},"docs":{"insertions":2,"deletions":2}}},{"hash":"98879903f7a0f2e1869d55f6f3f91cddc40d6b60","isMergeCommit":false,"messageTitle":"Fix add command documentation","messageBody":"","fileTypesAndContributionMap":{"docs":{"insertions":4,"deletions":3}}}]},{"date":"2024-04-12","commitResults":[{"hash":"c9e2c27aeb6d926209bdf0a6a550ba36b47af158","isMergeCommit":true,"messageTitle":"Resolve merge conflicts","messageBody":"","fileTypesAndContributionMap":{}},{"hash":"af5092ee0fe3858e8dda047f41abbd77514e20ea","isMergeCommit":false,"messageTitle":"Update tests","messageBody":"","fileTypesAndContributionMap":{"test-code":{"insertions":3,"deletions":3}}}]}]},"authorFileTypeContributionMap":{"1rbg":{"docs":81,"functional-code":1154,"test-code":931},"jxunze":{"docs":131,"functional-code":539,"test-code":174},"h4ow3i":{"docs":66,"functional-code":421,"test-code":150},"huekoh":{"docs":59,"functional-code":655,"test-code":102},"martinng01":{"docs":154,"functional-code":355,"test-code":462,"other":2}},"authorContributionVariance":{"1rbg":57248.34,"jxunze":20178.277,"h4ow3i":13740.957,"huekoh":12999.746,"martinng01":174015.4},"authorDisplayNameMap":{"1rbg":"CS2103T-T17-4 CHUA..RIEL","jxunze":"CS2103T-T17-4 JIN ..UNZE","h4ow3i":"CS2103T-T17-4 TEO .. WEI","huekoh":"CS2103T-T17-4 HUE .. KOH","martinng01":"CS2103T-T17-4 MART.. KAI"}}
