{"authorDailyContributionsMap":{"headcube1":[{"date":"2024-03-02","commitResults":[{"hash":"1b2bf2d7070e0740bb26e0392486952ca1739629","isMergeCommit":false,"messageTitle":"Edit AboutUs.md","messageBody":"","fileTypesAndContributionMap":{"docs":{"insertions":50,"deletions":4}}}]},{"date":"2024-03-04","commitResults":[{"hash":"8381d19342503accb577f3ca5b09b15547e41133","isMergeCommit":false,"messageTitle":"Update AboutUs","messageBody":"","fileTypesAndContributionMap":{"docs":{"insertions":6,"deletions":42}}},{"hash":"af90af33f950bfa6fd74eec8ed1fc037184cf387","isMergeCommit":true,"messageTitle":"Merge pull request #21 from headcube1/branch-wesleyaboutus","messageBody":"Update Profile Picture","fileTypesAndContributionMap":{}},{"hash":"13a17be160c952333b2cfa11c9ec14c38bb46f2c","isMergeCommit":false,"messageTitle":"Edit Changes in AboutUs and UG","messageBody":"","fileTypesAndContributionMap":{"docs":{"insertions":19,"deletions":19}}},{"hash":"5b98b93da0bb2153afb827b55063340470b6e1d7","isMergeCommit":true,"messageTitle":"Merge pull request #22 from headcube1/branch-fixingNits","messageBody":"Edit Changes in AboutUs and UG","fileTypesAndContributionMap":{}}]},{"date":"2024-03-09","commitResults":[{"hash":"52b9a37727d9672c776f6a4e7f6b1460198728de","isMergeCommit":true,"messageTitle":"Merge pull request #39 from gingerbreaf/branch-BoweiJiangReadMeAboutUs","messageBody":"Update UserGuide and remedy PR","fileTypesAndContributionMap":{}}]},{"date":"2024-03-16","commitResults":[{"hash":"25e5042f52a8ebf70e9444dd3d92bc03df5ac39d","isMergeCommit":true,"messageTitle":"Merge branch \u0027master\u0027 into branch-add-interviewer-type","messageBody":"","fileTypesAndContributionMap":{}}]},{"date":"2024-03-17","commitResults":[{"hash":"f282867bbfa2d8535506a3ce155d7a0dd65bb0f6","isMergeCommit":false,"messageTitle":"Implement Add Interview command as well as parsing","messageBody":"","fileTypesAndContributionMap":{"functional-code":{"insertions":207,"deletions":12}}},{"hash":"3ccf119270df540dfbac1db6fc66e895e58a572d","isMergeCommit":true,"messageTitle":"Merge pull request #50 from gingerbreaf/branch-add-interview","messageBody":"Create Interview Class and Respective classes related to Interview","fileTypesAndContributionMap":{}},{"hash":"ae3d432add084713f53d88607cab69a04550c4b8","isMergeCommit":true,"messageTitle":"Merge pull request #51 from headcube1/branch-add-interview","messageBody":"Implement Add Interview command and Parsing","fileTypesAndContributionMap":{}},{"hash":"f0beca5bbda67394711ad34d9c72d65a0c396823","isMergeCommit":true,"messageTitle":"Merge pull request #52 from zhikaiong2001/branch-delete-interview","messageBody":"Add DeleteInterviewCommand and the parser for it","fileTypesAndContributionMap":{}},{"hash":"745f7ccb0fbadc68abc58c7eabcb9ef5cdc64d26","isMergeCommit":false,"messageTitle":"Fix error","messageBody":"","fileTypesAndContributionMap":{"functional-code":{"insertions":2,"deletions":2}}},{"hash":"4d4c627becf7170b6f0a07adce4278885026516b","isMergeCommit":true,"messageTitle":"Merge pull request #53 from headcube1/branch-fix","messageBody":"Fix error","fileTypesAndContributionMap":{}},{"hash":"fef006ef06174c1930e62da257c17324a8bc5c01","isMergeCommit":true,"messageTitle":"Merge pull request #56 from macareonie/fix-checkstyle","messageBody":"Resolve checkstyle violations","fileTypesAndContributionMap":{}},{"hash":"0c4d196b68c283655952b77e1a8744b833d91e09","isMergeCommit":true,"messageTitle":"Merge pull request #57 from gingerbreaf/branch-add-interview","messageBody":"Create List interview Command","fileTypesAndContributionMap":{}},{"hash":"bb05202b7c91e33e1839f6da181ec71b90c9c7fc","isMergeCommit":true,"messageTitle":"Merge pull request #58 from macareonie/small-fix","messageBody":"Fix small checkstyle issue","fileTypesAndContributionMap":{}},{"hash":"81cf0e952a8fc4b1ef59da567b60da0f68bd9d58","isMergeCommit":true,"messageTitle":"Merge pull request #65 from macareonie/fix-test-bugs","messageBody":"Resolve bugs caused by refactoring","fileTypesAndContributionMap":{}}]},{"date":"2024-03-18","commitResults":[{"hash":"75e50c1c8cb488bbeee8236f75d7b26bf126a035","isMergeCommit":false,"messageTitle":"Include more exceptions as well a Junit test","messageBody":"","fileTypesAndContributionMap":{"functional-code":{"insertions":38,"deletions":8},"test-code":{"insertions":109,"deletions":1}}},{"hash":"50e191cf5251b8ca33f96a93272265e4d550779a","isMergeCommit":false,"messageTitle":"Minor fix","messageBody":"","fileTypesAndContributionMap":{"test-code":{"insertions":2,"deletions":2}}}]},{"date":"2024-03-19","commitResults":[{"hash":"f604c8f2d745e4ab22bfcd8f5c4bcf612716275f","isMergeCommit":true,"messageTitle":"Merge pull request #70 from yashpola/branch-update-storage-parsing","messageBody":"Modify construction of persons from hard drive storage","fileTypesAndContributionMap":{}},{"hash":"1785581eec710d0d0ffa97d1191ff35d88dcbff0","isMergeCommit":true,"messageTitle":"Merge pull request #71 from yashpola/branch-check-duplicate-phones","messageBody":"Check against duplicate phone numbers when adding persons to Tether","fileTypesAndContributionMap":{}},{"hash":"f8c308e181b3793d8bd32f94aafc955e187391a5","isMergeCommit":true,"messageTitle":"Merge pull request #68 from headcube1/branch-interview-exceptions-tests","messageBody":"Branch interview exceptions tests","fileTypesAndContributionMap":{}},{"hash":"73758df1f2e957c1fde82190e7799987a08d4212","isMergeCommit":false,"messageTitle":"Minor Fixes","messageBody":"","fileTypesAndContributionMap":{"test-code":{"insertions":9,"deletions":0}}},{"hash":"f6c6818245b1da5c341e3726b4630eeb1f36081a","isMergeCommit":false,"messageTitle":"Included phone number exceptions when adding interview","messageBody":"","fileTypesAndContributionMap":{"functional-code":{"insertions":38,"deletions":4}}},{"hash":"ce5bd8e8ef72b92834fe0047e9cd2ac3ca6a2f62","isMergeCommit":false,"messageTitle":"Revert \"Included phone number exceptions when adding interview\"","messageBody":"This reverts commit f6c6818245b1da5c341e3726b4630eeb1f36081a.\n","fileTypesAndContributionMap":{"functional-code":{"insertions":4,"deletions":38}}},{"hash":"85ccbee3e18661ebba0c0b061aa669c9d6b600e4","isMergeCommit":false,"messageTitle":"Revert \"Revert \"Included phone number exceptions when adding interview\"\"","messageBody":"This reverts commit ce5bd8e8ef72b92834fe0047e9cd2ac3ca6a2f62.\n","fileTypesAndContributionMap":{"functional-code":{"insertions":38,"deletions":4}}},{"hash":"6a16a53b3f07ceebc536574a0712d18dd4d7776d","isMergeCommit":false,"messageTitle":"Fix Junit test for AddInterviewCommand","messageBody":"","fileTypesAndContributionMap":{"functional-code":{"insertions":1,"deletions":1},"test-code":{"insertions":15,"deletions":10}}},{"hash":"ef2ae8a155464d8e3130df2d2dce4022f85a5869","isMergeCommit":false,"messageTitle":"Checkstyle","messageBody":"","fileTypesAndContributionMap":{"test-code":{"insertions":7,"deletions":1}}}]},{"date":"2024-03-20","commitResults":[{"hash":"da482b2e1e4c9349ea94a9bfd0165f9a97f3e30f","isMergeCommit":false,"messageTitle":"Edit UML","messageBody":"","fileTypesAndContributionMap":{"docs":{"insertions":5,"deletions":0}}},{"hash":"aac2ce4fb19c1da719f5cf5aea48131100f43909","isMergeCommit":true,"messageTitle":"Merge pull request #86 from headcube1/branch-UML","messageBody":"Edit Class Diagrams for BetterModelClassDiagram","tags":["v1.2"],"fileTypesAndContributionMap":{}}]}],"yashpola":[{"date":"2024-03-02","commitResults":[{"hash":"14cbf188a8db9d41d340967171fc39ca8e95f371","isMergeCommit":false,"messageTitle":"Edit AboutUS.md","messageBody":"","fileTypesAndContributionMap":{"docs":{"insertions":51,"deletions":5}}}]},{"date":"2024-03-03","commitResults":[{"hash":"cbc23ab62bab3d296352d99fd99dbd4c11fa32ef","isMergeCommit":false,"messageTitle":"Update DG for v1.1","messageBody":"","fileTypesAndContributionMap":{"docs":{"insertions":84,"deletions":7}}},{"hash":"b82dbab180c04d320b3059fdfc27419d787fec26","isMergeCommit":false,"messageTitle":"Update DG for v1.1","messageBody":"","fileTypesAndContributionMap":{"docs":{"insertions":6,"deletions":1}}}]},{"date":"2024-03-04","commitResults":[{"hash":"7279c992da54b5b26868983e77f5af328fdab620","isMergeCommit":false,"messageTitle":"Amend personal md file and description in aboutus","messageBody":"","fileTypesAndContributionMap":{"docs":{"insertions":5,"deletions":40}}}]},{"date":"2024-03-06","commitResults":[{"hash":"199f4bfcbadda9d12f9ec27af52e6c64dda2c9bf","isMergeCommit":true,"messageTitle":"Merge pull request #34 from zhikaiong2001/master","messageBody":"Fix downstream ahead of upstream due to merge commits","fileTypesAndContributionMap":{}}]},{"date":"2024-03-10","commitResults":[{"hash":"8d2b733b22e1456ef196e471981f63dbb8826458","isMergeCommit":false,"messageTitle":"Add Interviewer type as a Person extension","messageBody":"","fileTypesAndContributionMap":{"functional-code":{"insertions":93,"deletions":45},"other":{"insertions":30,"deletions":28},"test-code":{"insertions":14,"deletions":22}}},{"hash":"7f8eff9cbc3dcc1c87a77d430846a1067e26cd6f","isMergeCommit":false,"messageTitle":"Fix checkstyle errors","messageBody":"","fileTypesAndContributionMap":{"test-code":{"insertions":14,"deletions":4}}}]},{"date":"2024-03-16","commitResults":[{"hash":"3a489309405c268c0e77abc076dbf8c1f67f020c","isMergeCommit":false,"messageTitle":"Customise colorscheme for Tether","messageBody":"","fileTypesAndContributionMap":{"functional-code":{"insertions":22,"deletions":24}}}]},{"date":"2024-03-18","commitResults":[{"hash":"f1cf0488e18956949211882acda7338cf6321437","isMergeCommit":false,"messageTitle":"Continue customise color scheme for Tether","messageBody":"","fileTypesAndContributionMap":{"functional-code":{"insertions":11,"deletions":19},"docs":{"insertions":1,"deletions":1}}},{"hash":"9285ff5e3e2980586856d71dbc9af27612e343c3","isMergeCommit":false,"messageTitle":"Add Person types and modify JSON-Person code from hard drive storage","messageBody":"","fileTypesAndContributionMap":{"functional-code":{"insertions":48,"deletions":3},"test-code":{"insertions":15,"deletions":7}}},{"hash":"e68a1b350d417e2ff2071b553d002898953189a1","isMergeCommit":false,"messageTitle":"Check against duplicate phone numbers when adding persons","messageBody":"","fileTypesAndContributionMap":{"functional-code":{"insertions":6,"deletions":3}}}]},{"date":"2024-03-19","commitResults":[{"hash":"f04fa92be782490e9734bb76e9132fe8b2287684","isMergeCommit":false,"messageTitle":"Fix failing junit tests in EditCommandTest and AddXYZPersonCommandTest","messageBody":"","fileTypesAndContributionMap":{"functional-code":{"insertions":30,"deletions":4},"test-code":{"insertions":22,"deletions":0}}},{"hash":"684abcf6e3e73cb8fcac85dc860dfbf1304bc41b","isMergeCommit":true,"messageTitle":"Merge pull request #72 from headcube1/branch-fixes","messageBody":"Minor Fixes","fileTypesAndContributionMap":{}},{"hash":"5e7b34af822045a8ea5b838ad760470a83ffb303","isMergeCommit":false,"messageTitle":"Add a brief help summary in help window for easy reference","messageBody":"","fileTypesAndContributionMap":{"functional-code":{"insertions":12,"deletions":7}}},{"hash":"f800c4b4510254d4bd38bdbf802780be16b630a5","isMergeCommit":false,"messageTitle":"Update UML diagrams for model package","messageBody":"","fileTypesAndContributionMap":{"functional-code":{"insertions":1,"deletions":1},"docs":{"insertions":14,"deletions":2}}},{"hash":"f3cdf444757f5b585c77d6f8a35e6eb63a17c682","isMergeCommit":true,"messageTitle":"Merge pull request #81 from macareonie/uml","messageBody":"Update Sequence diagrams","fileTypesAndContributionMap":{}},{"hash":"6ce742af689d28a826927eb655c89a9665cacff6","isMergeCommit":true,"messageTitle":"Merge pull request #82 from yashpola/branch-uml","messageBody":"Update Class diagrams for model package","fileTypesAndContributionMap":{}}]}],"gingerbreaf":[{"date":"2024-03-02","commitResults":[{"hash":"8710d58953c2ba5d9ef9ee08511993965df3df48","isMergeCommit":false,"messageTitle":"Edit AboutUs.md","messageBody":"","fileTypesAndContributionMap":{"docs":{"insertions":49,"deletions":3}}},{"hash":"8ddd44602072df6b2ca20c237204bdea44397db1","isMergeCommit":false,"messageTitle":"Edit README for descriptions of the project","messageBody":"","fileTypesAndContributionMap":{"docs":{"insertions":11,"deletions":11}}}]},{"date":"2024-03-04","commitResults":[{"hash":"7edce4487f6e2ec38118c8dcaa7cd83f0b0dc158","isMergeCommit":false,"messageTitle":"Update jiangbowei.md and email into AboutUs.md","messageBody":"","fileTypesAndContributionMap":{"docs":{"insertions":6,"deletions":41}}},{"hash":"a09ae663bd23b116bc01a9df3a86b4b4838447a8","isMergeCommit":true,"messageTitle":"Merge pull request #5 from zhikaiong2001/branch-zhikaiAboutUs","messageBody":"Edit AboutUs.md","fileTypesAndContributionMap":{}},{"hash":"23e696beafe8d6305228de0e1a76161204f10142","isMergeCommit":true,"messageTitle":"Merge pull request #6 from headcube1/branch-wesleyaboutus","messageBody":"Edit AboutUs.md","fileTypesAndContributionMap":{}},{"hash":"21559bec098e99ab74bfb7d35e4ddcfb50b734be","isMergeCommit":true,"messageTitle":"Merge pull request #7 from AY2324S2-CS2103T-F11-3/branch-jiangboweiAboutUs","messageBody":"Edit AboutUs.md","fileTypesAndContributionMap":{}},{"hash":"017b2d83ded2a54c0ffabcaa2713c1c8ed624562","isMergeCommit":true,"messageTitle":"Merge pull request #8 from AY2324S2-CS2103T-F11-3/branch-jiangboweiREADME","messageBody":"Edit README for descriptions of the project","fileTypesAndContributionMap":{}},{"hash":"4a9f5939378c97a28cd8c37e674f0a1e37d1452c","isMergeCommit":true,"messageTitle":"Merge pull request #9 from headcube1/branch-uiimage","messageBody":"Branch Ui image","fileTypesAndContributionMap":{}},{"hash":"1354b1f6cb8e24bd9bf83eba99fe48ca45416a5d","isMergeCommit":true,"messageTitle":"Merge pull request #10 from macareonie/branch-ryanchiangAboutUs","messageBody":"Edit AboutUs.md","fileTypesAndContributionMap":{}},{"hash":"103e1d8c199a61923f002405f41a22329c255a11","isMergeCommit":true,"messageTitle":"Merge pull request #11 from yashpola/branch-yashwitAboutUs","messageBody":"Edit AboutUs.md","fileTypesAndContributionMap":{}},{"hash":"a85ef56cdcb4bb26fcc274c9d8b7a2d712b6780e","isMergeCommit":true,"messageTitle":"Merge pull request #16 from macareonie/branch-UpdateDG","messageBody":"Update user profile, value proposition and user stories in Developer Guide for v1.1","fileTypesAndContributionMap":{}},{"hash":"b7716805b8ae1e405e2b2624f56fce4b080c85f7","isMergeCommit":true,"messageTitle":"Merge pull request #17 from yashpola/branch-updateDG","messageBody":"Update use cases and NFRs in Developer Guide for v1.1","fileTypesAndContributionMap":{}},{"hash":"c901e9abc9f9b061d852c00a1751414000720593","isMergeCommit":true,"messageTitle":"Merge pull request #18 from zhikaiong2001/branch-UserGuide","messageBody":"Edit UserGuide.md to include features from our own project","fileTypesAndContributionMap":{}}]},{"date":"2024-03-09","commitResults":[{"hash":"ec607461df25fbdc961de57d54ccf06ab636504f","isMergeCommit":false,"messageTitle":"Update UserGuide","messageBody":"","fileTypesAndContributionMap":{"docs":{"insertions":1,"deletions":15}}}]},{"date":"2024-03-16","commitResults":[{"hash":"84afcfb93571d137c84ea177578654b4116f88fa","isMergeCommit":true,"messageTitle":"Merge pull request #46 from macareonie/add-applicant-type","messageBody":"Add Applicant type","fileTypesAndContributionMap":{}},{"hash":"cd6801725d68df7dbebce0a4aea1beb083b2ffdb","isMergeCommit":true,"messageTitle":"Merge pull request #45 from macareonie/delete-person","messageBody":"Modify Delete type","fileTypesAndContributionMap":{}},{"hash":"0d6cc4ead2ff14fee6604f508c12297e9bca096a","isMergeCommit":true,"messageTitle":"Merge pull request #47 from yashpola/branch-add-interviewer-type","messageBody":"Add Interviewer type","fileTypesAndContributionMap":{}},{"hash":"71966ac58a15ab6e54faf56880fd78114c63f15a","isMergeCommit":true,"messageTitle":"Merge pull request #49 from yashpola/branch-reskin-to-tether","messageBody":"Reskin AB-3 to Tether","fileTypesAndContributionMap":{}}]},{"date":"2024-03-17","commitResults":[{"hash":"7635e0a5b5440ea860b5b3648524dd1c98f1b0a2","isMergeCommit":false,"messageTitle":"Create Interview Class and Respective classes related to Interview","messageBody":"","fileTypesAndContributionMap":{"functional-code":{"insertions":330,"deletions":13},"other":{"insertions":16,"deletions":16},"test-code":{"insertions":60,"deletions":61}}},{"hash":"e3fd3503f20327f8d52c5e38c90372885a9d6487","isMergeCommit":false,"messageTitle":"Create List interview Command","messageBody":"","fileTypesAndContributionMap":{"functional-code":{"insertions":39,"deletions":14}}},{"hash":"7c8b6d74d3b5bd36891135beda7c2ef6f11060f0","isMergeCommit":true,"messageTitle":"Merge branch \u0027master\u0027 into branch-add-interview","messageBody":"","fileTypesAndContributionMap":{}}]}],"zhikaiong2001":[{"date":"2024-03-02","commitResults":[{"hash":"89ffd59ea49bc4af13884fafc5f2bdca301f53f0","isMergeCommit":false,"messageTitle":"Edit AboutUs.md","messageBody":"","fileTypesAndContributionMap":{"docs":{"insertions":50,"deletions":4}}}]},{"date":"2024-03-03","commitResults":[{"hash":"042c626f12cb28bca481a4fde906d3025785a974","isMergeCommit":false,"messageTitle":"Edit UserGuide.md to include features from our own project","messageBody":"","fileTypesAndContributionMap":{"docs":{"insertions":67,"deletions":109}}}]},{"date":"2024-03-04","commitResults":[{"hash":"b6f349e8e140d56665d48b9a9fc5f04046deb58e","isMergeCommit":false,"messageTitle":"Edit AboutUs.md and zhikaiong2001.md","messageBody":"","fileTypesAndContributionMap":{"docs":{"insertions":4,"deletions":40}}},{"hash":"4820c4bba0c77de8442d9ce718092b531a54779e","isMergeCommit":true,"messageTitle":"Merge branch \u0027master\u0027 of https://github.com/zhikaiong2001/tp","messageBody":"","fileTypesAndContributionMap":{}}]},{"date":"2024-03-06","commitResults":[{"hash":"f7e127924b56fe32be4fb4eb0258b11c8f2647d3","isMergeCommit":true,"messageTitle":"Merge branch \u0027master\u0027 of https://github.com/zhikaiong2001/tp","messageBody":"","fileTypesAndContributionMap":{}}]},{"date":"2024-03-17","commitResults":[{"hash":"fc83bc3bf80d5a220f8621c9729e3f26a9b66860","isMergeCommit":false,"messageTitle":"Add DeleteInterviewCommand and the parser for it in order to handle deleting interview logic","messageBody":"","fileTypesAndContributionMap":{"functional-code":{"insertions":96,"deletions":0}}}]},{"date":"2024-03-19","commitResults":[{"hash":"5daf422061476491218aa09bba6f96edfd035489","isMergeCommit":false,"messageTitle":"Update UserGuide,md","messageBody":"","fileTypesAndContributionMap":{"docs":{"insertions":48,"deletions":37}}},{"hash":"1cf7c122dfb7ea97765e1b24d75b9f0451a13da5","isMergeCommit":false,"messageTitle":"Update UserGuide.md","messageBody":"","fileTypesAndContributionMap":{"docs":{"insertions":10,"deletions":9}}},{"hash":"b018e0562a29d47b201cdd5867e3efea92154d6a","isMergeCommit":false,"messageTitle":"Add Saving Functionality for interviews by creating a JsonAdaptedInterview class and implementing saving logic for interviews in the model","messageBody":"","fileTypesAndContributionMap":{"functional-code":{"insertions":120,"deletions":4}}},{"hash":"519b2cbd47b16d68edcec2c2ff7490132efdbb11","isMergeCommit":false,"messageTitle":"Fix test cases failing after adding save interviews functionality","messageBody":"","fileTypesAndContributionMap":{"functional-code":{"insertions":4,"deletions":2}}},{"hash":"e1967b9846bbdb0308d191a05b86506d11c18385","isMergeCommit":false,"messageTitle":"Update for checkstyle errors","messageBody":"","fileTypesAndContributionMap":{"functional-code":{"insertions":20,"deletions":15}}}]},{"date":"2024-03-20","commitResults":[{"hash":"bdcc5823a3f21c041122cf8a3094d4c1bce613ac","isMergeCommit":false,"messageTitle":"Update StorageClassDiagram.puml UML diagram to reflect changes done in v1,2","messageBody":"","fileTypesAndContributionMap":{"docs":{"insertions":6,"deletions":0}}},{"hash":"17ccf4f560f4ef96cf16eb4b3347b52427421635","isMergeCommit":true,"messageTitle":"Merge pull request #85 from zhikaiong2001/branch-umldiagram","messageBody":"Update StorageClassDiagram.puml UML diagram","fileTypesAndContributionMap":{}}]}],"macareonie":[{"date":"2024-02-27","commitResults":[{"hash":"5a22189e801099b803407e73958a4042a2ae349d","isMergeCommit":false,"messageTitle":"Complete tP AB3 Tutorial","messageBody":"The tutorial consists of making changes to the existing codebase by\nadding a Remark feature and removing the Address field.\n\nwith respect to our tP, both changes are likely to be kept as they are\nrelevant.\n\nLet\u0027s,\n * Implement Remark feature and update all dependent code components.\n * Update JSON data and add tests for Remark feature.\n * Remove Address class and all instances of Address.\n * Update JSON data and remove all tests including Address field.\n","fileTypesAndContributionMap":{"functional-code":{"insertions":283,"deletions":230},"test-code":{"insertions":331,"deletions":359}}}]},{"date":"2024-03-02","commitResults":[{"hash":"d1a59246b9d11a0459f08b8846ffed2331f1adca","isMergeCommit":false,"messageTitle":"Resolve Checkstyle violations","messageBody":"Current code iteration violates various checkstyle guidelines and fails\nContinuous Integration checks.\n\nLet\u0027s,\n * Review checkstyle errors and correct them.\n","fileTypesAndContributionMap":{"functional-code":{"insertions":38,"deletions":30},"test-code":{"insertions":18,"deletions":15}}},{"hash":"8b094942c96300cdb9039ccfeec72adcaddbbbc2","isMergeCommit":false,"messageTitle":"Edit AboutUs.md","messageBody":"Add image and edit github link in AboutUs.md file.\n","fileTypesAndContributionMap":{"docs":{"insertions":50,"deletions":4}}}]},{"date":"2024-03-03","commitResults":[{"hash":"b197b8f85b111b8d4e6ebb4850256c381f00e647","isMergeCommit":false,"messageTitle":"Update DG for v1.1","messageBody":"Update user profile, value proposition and use cases to match our team\u0027s\nproposed project direction.\n","fileTypesAndContributionMap":{"docs":{"insertions":18,"deletions":12}}},{"hash":"6abf78bb1469a6dd2e44e9a99d154769bc4821ad","isMergeCommit":false,"messageTitle":"Update DG for v1.1","messageBody":"Add relevant terms to Glossary section.\n","fileTypesAndContributionMap":{"docs":{"insertions":4,"deletions":0}}}]},{"date":"2024-03-04","commitResults":[{"hash":"834a587a1b1142f47e0be37a3695ab90f16720de","isMergeCommit":false,"messageTitle":"Update personal role in AboutUs","messageBody":"","fileTypesAndContributionMap":{"docs":{"insertions":4,"deletions":39}}}]},{"date":"2024-03-06","commitResults":[{"hash":"6c688fa9363c851827646b2dbfcbc2db977f75ef","isMergeCommit":false,"messageTitle":"Fix nits for v1.1","messageBody":"Rename image file extension from .PNG to .png to comply with\nrequirements.\n\nResize individual profile images such that they are of same size.\n","fileTypesAndContributionMap":{"docs":{"insertions":5,"deletions":5}}},{"hash":"af2ffcd7326481a56ebbb3aadf5ff4eae49935bb","isMergeCommit":true,"messageTitle":"Merge pull request #35 from macareonie/branch-fixNits","messageBody":"Fix nits for v1.1","fileTypesAndContributionMap":{}}]},{"date":"2024-03-10","commitResults":[{"hash":"c9dd1ec0324a9af744226ee9f1f1a5a3263eb0d9","isMergeCommit":false,"messageTitle":"Add Applicant type","messageBody":"To fit the requirements of out tP idea, just having a Person class is\ninsufficient. There needs to be a more specific class for\ndifferentiation with other Person types to be implemented in the future.\n\nLet\u0027s,\n * Add an Applicant class.\n * Add the corresponding Command and CommandParser classes.\n * Update related test cases.\n","fileTypesAndContributionMap":{"functional-code":{"insertions":98,"deletions":44},"other":{"insertions":28,"deletions":28},"test-code":{"insertions":3,"deletions":3}}},{"hash":"a71be0cee2a4aac240b7e40cae1b5c6b291a2e82","isMergeCommit":true,"messageTitle":"Merge branch \u0027AY2324S2-CS2103T-F11-3:master\u0027 into add-applicant-type","messageBody":"","fileTypesAndContributionMap":{}},{"hash":"e8d8c51658bdec8454287c69818da4d2e9541fdd","isMergeCommit":false,"messageTitle":"Edit code comments and function names","messageBody":"","fileTypesAndContributionMap":{"functional-code":{"insertions":5,"deletions":5},"test-code":{"insertions":2,"deletions":2}}},{"hash":"458a7d53386b3b13e2dc6502a40b744b092b97ee","isMergeCommit":false,"messageTitle":"Edit nits in naming","messageBody":"","fileTypesAndContributionMap":{"functional-code":{"insertions":2,"deletions":2}}},{"hash":"f30fad302dbc0b1b7c0d4bc6dbe8575df4447253","isMergeCommit":true,"messageTitle":"Merge branch \u0027add-applicant-type\u0027 of https://github.com/macareonie/tp into add-applicant-type","messageBody":"","fileTypesAndContributionMap":{}},{"hash":"656854f8f225b65985ea1f70a153fd8125980aa8","isMergeCommit":false,"messageTitle":"Update Junit tests","messageBody":"","fileTypesAndContributionMap":{"functional-code":{"insertions":1,"deletions":0},"test-code":{"insertions":19,"deletions":16}}},{"hash":"a408416e8b4776f41305581ac2b616635bd429d2","isMergeCommit":false,"messageTitle":"Modify Delete type","messageBody":"Delete originally makes use of indexes to function.\nIt now will make use of Person\u0027s Phone instead.\n","fileTypesAndContributionMap":{"functional-code":{"insertions":26,"deletions":15},"test-code":{"insertions":29,"deletions":29}}},{"hash":"e23c6ba928e901bcdd45ccdb61d12c6f1bb5634b","isMergeCommit":false,"messageTitle":"Resolve Checkstyle violations","messageBody":"","fileTypesAndContributionMap":{"functional-code":{"insertions":0,"deletions":1},"test-code":{"insertions":5,"deletions":5}}}]},{"date":"2024-03-17","commitResults":[{"hash":"036a5a14fa7d30fe961fc47625462f85d74e3008","isMergeCommit":false,"messageTitle":"Resolve checkstyle violations","messageBody":"Resolve checkstyle violations in main directory.\n","fileTypesAndContributionMap":{"functional-code":{"insertions":116,"deletions":55}}},{"hash":"0ec7bd3d008da4bc9eb08091cb6f890cfdd871d4","isMergeCommit":false,"messageTitle":"Fix small checkstyle issue","messageBody":"","fileTypesAndContributionMap":{"functional-code":{"insertions":3,"deletions":3}}},{"hash":"e4e6e3bcbb475baa7e0f69527627e4f833edc3ae","isMergeCommit":false,"messageTitle":"Resolve bugs caused by refactoring","messageBody":"Multiple JUnit test files had issues and were failing after merging from\ndifferent forks and branches.\n\nAdd and update missing as well as outdated code segments to ensure that\nContinuous Integration checks pass.\n","fileTypesAndContributionMap":{"test-code":{"insertions":104,"deletions":25}}}]},{"date":"2024-03-19","commitResults":[{"hash":"79252c913d7fd2bb7fdd19a8459488d4766f4fb6","isMergeCommit":true,"messageTitle":"Merge pull request #75 from headcube1/master","messageBody":"Create exceptions for incorrect phone numbers for AddInterviewCommand","fileTypesAndContributionMap":{}},{"hash":"19c5dfe4f331719e235c74e5112fb9187e895ce2","isMergeCommit":true,"messageTitle":"Merge pull request #78 from zhikaiong2001/branch_userguide","messageBody":"Update UserGuide.md","fileTypesAndContributionMap":{}},{"hash":"7f74d4b7b6018b2fa7987eb4638523254466e29a","isMergeCommit":false,"messageTitle":"Update Documentation and small changes","messageBody":"Documentation as per the previous merge/commit had checkstyle violations that require fixing.\n\nReskinning of the product to our proposed Tether product still requires\nchanges in code comments etc.\n\nHelp command requires tweaking to display the correct URL link.\n\nLet\u0027s,\n * Update all documentation to reflect v1.2 changes.\n * Change instances of \"talent tracker\" to \"Tether\".\n * Change applicable instance of \"AddressBook\" to \"Tether\".\n * Update the URL link displayed in the Help window GUI.\n","fileTypesAndContributionMap":{"functional-code":{"insertions":25,"deletions":22},"other":{"insertions":1,"deletions":1},"docs":{"insertions":44,"deletions":43}}},{"hash":"7e36b3cb78f6c83f4c698fdb22c810626ccd96de","isMergeCommit":false,"messageTitle":"Fix bugs occuring in JUnit tests","messageBody":"Previous changes to code affected the JUnit tests and require\nmodification.\n","fileTypesAndContributionMap":{"functional-code":{"insertions":10,"deletions":8},"test-code":{"insertions":47,"deletions":34}}},{"hash":"d68634b211b0a92a3c3ca0493231069b060a63e2","isMergeCommit":false,"messageTitle":"Edit DG header","messageBody":"","fileTypesAndContributionMap":{"docs":{"insertions":1,"deletions":1}}},{"hash":"547deb29765fba71c2b22b61fdee730b496e9f84","isMergeCommit":true,"messageTitle":"Merge pull request #79 from macareonie/docs_and_minor_changes","messageBody":"Docs and minor changes","fileTypesAndContributionMap":{}},{"hash":"18aefc0fc4edc1fe3c69a7c3cbcb524645a8b5e4","isMergeCommit":true,"messageTitle":"Merge branch \u0027master\u0027 into branch-update-usage-instructions","messageBody":"","fileTypesAndContributionMap":{}},{"hash":"e2f385b8a8f557f8bfcfcd4a824405bc1c09aba7","isMergeCommit":true,"messageTitle":"Merge pull request #80 from yashpola/branch-update-usage-instructions","messageBody":"Add a brief help summary in help window for easier reference","fileTypesAndContributionMap":{}},{"hash":"0b1ca684e968658499bda9b9bd545e357839ff3f","isMergeCommit":false,"messageTitle":"Update Sequence diagrams","messageBody":"UML diagrams reflecting the previous \"delete\" implementation requires\nchange.\n","fileTypesAndContributionMap":{"docs":{"insertions":6,"deletions":6}}},{"hash":"97d94a752dedbcbbbc5083ab8a11cbe6a72bbadb","isMergeCommit":true,"messageTitle":"Merge pull request #84 from zhikaiong2001/branch-SavingInterviews","messageBody":"Add saving functionality for interviews","fileTypesAndContributionMap":{}}]}]},"authorFileTypeContributionMap":{"headcube1":{"docs":26,"functional-code":245,"test-code":127},"yashpola":{"docs":104,"functional-code":196,"test-code":45},"gingerbreaf":{"docs":21,"functional-code":363,"test-code":52},"zhikaiong2001":{"docs":70,"functional-code":212,"test-code":0},"macareonie":{"docs":70,"functional-code":515,"test-code":479,"other":1}},"authorContributionVariance":{"headcube1":3574.867,"yashpola":3065.7036,"gingerbreaf":10811.574,"zhikaiong2001":3778.988,"macareonie":57693.273},"authorDisplayNameMap":{"headcube1":"CS2103T-F11-3 WESL..N YU","yashpola":"CS2103T-F11-3 YASH..GADA","gingerbreaf":"CS2103T-F11-3 JIAN..OWEI","zhikaiong2001":"CS2103T-F11-3 ONG .. KAI","macareonie":"CS2103T-F11-3 RYAN..YANG"}}
