{"authorDailyContributionsMap":{"headcube1":[{"date":"2024-03-02","commitResults":[{"hash":"1b2bf2d7070e0740bb26e0392486952ca1739629","isMergeCommit":false,"messageTitle":"Edit AboutUs.md","messageBody":"","fileTypesAndContributionMap":{"docs":{"insertions":50,"deletions":4}}}]},{"date":"2024-03-04","commitResults":[{"hash":"8381d19342503accb577f3ca5b09b15547e41133","isMergeCommit":false,"messageTitle":"Update AboutUs","messageBody":"","fileTypesAndContributionMap":{"docs":{"insertions":6,"deletions":42}}},{"hash":"af90af33f950bfa6fd74eec8ed1fc037184cf387","isMergeCommit":true,"messageTitle":"Merge pull request #21 from headcube1/branch-wesleyaboutus","messageBody":"Update Profile Picture","fileTypesAndContributionMap":{}},{"hash":"13a17be160c952333b2cfa11c9ec14c38bb46f2c","isMergeCommit":false,"messageTitle":"Edit Changes in AboutUs and UG","messageBody":"","fileTypesAndContributionMap":{"docs":{"insertions":19,"deletions":19}}},{"hash":"5b98b93da0bb2153afb827b55063340470b6e1d7","isMergeCommit":true,"messageTitle":"Merge pull request #22 from headcube1/branch-fixingNits","messageBody":"Edit Changes in AboutUs and UG","fileTypesAndContributionMap":{}}]},{"date":"2024-03-09","commitResults":[{"hash":"52b9a37727d9672c776f6a4e7f6b1460198728de","isMergeCommit":true,"messageTitle":"Merge pull request #39 from gingerbreaf/branch-BoweiJiangReadMeAboutUs","messageBody":"Update UserGuide and remedy PR","fileTypesAndContributionMap":{}}]},{"date":"2024-03-16","commitResults":[{"hash":"25e5042f52a8ebf70e9444dd3d92bc03df5ac39d","isMergeCommit":true,"messageTitle":"Merge branch \u0027master\u0027 into branch-add-interviewer-type","messageBody":"","fileTypesAndContributionMap":{}}]},{"date":"2024-03-17","commitResults":[{"hash":"f282867bbfa2d8535506a3ce155d7a0dd65bb0f6","isMergeCommit":false,"messageTitle":"Implement Add Interview command as well as parsing","messageBody":"","fileTypesAndContributionMap":{"functional-code":{"insertions":207,"deletions":12}}},{"hash":"3ccf119270df540dfbac1db6fc66e895e58a572d","isMergeCommit":true,"messageTitle":"Merge pull request #50 from gingerbreaf/branch-add-interview","messageBody":"Create Interview Class and Respective classes related to Interview","fileTypesAndContributionMap":{}},{"hash":"ae3d432add084713f53d88607cab69a04550c4b8","isMergeCommit":true,"messageTitle":"Merge pull request #51 from headcube1/branch-add-interview","messageBody":"Implement Add Interview command and Parsing","fileTypesAndContributionMap":{}},{"hash":"f0beca5bbda67394711ad34d9c72d65a0c396823","isMergeCommit":true,"messageTitle":"Merge pull request #52 from zhikaiong2001/branch-delete-interview","messageBody":"Add DeleteInterviewCommand and the parser for it","fileTypesAndContributionMap":{}},{"hash":"745f7ccb0fbadc68abc58c7eabcb9ef5cdc64d26","isMergeCommit":false,"messageTitle":"Fix error","messageBody":"","fileTypesAndContributionMap":{"functional-code":{"insertions":2,"deletions":2}}},{"hash":"4d4c627becf7170b6f0a07adce4278885026516b","isMergeCommit":true,"messageTitle":"Merge pull request #53 from headcube1/branch-fix","messageBody":"Fix error","fileTypesAndContributionMap":{}},{"hash":"fef006ef06174c1930e62da257c17324a8bc5c01","isMergeCommit":true,"messageTitle":"Merge pull request #56 from macareonie/fix-checkstyle","messageBody":"Resolve checkstyle violations","fileTypesAndContributionMap":{}},{"hash":"0c4d196b68c283655952b77e1a8744b833d91e09","isMergeCommit":true,"messageTitle":"Merge pull request #57 from gingerbreaf/branch-add-interview","messageBody":"Create List interview Command","fileTypesAndContributionMap":{}},{"hash":"bb05202b7c91e33e1839f6da181ec71b90c9c7fc","isMergeCommit":true,"messageTitle":"Merge pull request #58 from macareonie/small-fix","messageBody":"Fix small checkstyle issue","fileTypesAndContributionMap":{}},{"hash":"81cf0e952a8fc4b1ef59da567b60da0f68bd9d58","isMergeCommit":true,"messageTitle":"Merge pull request #65 from macareonie/fix-test-bugs","messageBody":"Resolve bugs caused by refactoring","fileTypesAndContributionMap":{}}]},{"date":"2024-03-18","commitResults":[{"hash":"75e50c1c8cb488bbeee8236f75d7b26bf126a035","isMergeCommit":false,"messageTitle":"Include more exceptions as well a Junit test","messageBody":"","fileTypesAndContributionMap":{"functional-code":{"insertions":38,"deletions":8},"test-code":{"insertions":109,"deletions":1}}},{"hash":"50e191cf5251b8ca33f96a93272265e4d550779a","isMergeCommit":false,"messageTitle":"Minor fix","messageBody":"","fileTypesAndContributionMap":{"test-code":{"insertions":2,"deletions":2}}}]},{"date":"2024-03-19","commitResults":[{"hash":"f604c8f2d745e4ab22bfcd8f5c4bcf612716275f","isMergeCommit":true,"messageTitle":"Merge pull request #70 from yashpola/branch-update-storage-parsing","messageBody":"Modify construction of persons from hard drive storage","fileTypesAndContributionMap":{}},{"hash":"1785581eec710d0d0ffa97d1191ff35d88dcbff0","isMergeCommit":true,"messageTitle":"Merge pull request #71 from yashpola/branch-check-duplicate-phones","messageBody":"Check against duplicate phone numbers when adding persons to Tether","fileTypesAndContributionMap":{}},{"hash":"f8c308e181b3793d8bd32f94aafc955e187391a5","isMergeCommit":true,"messageTitle":"Merge pull request #68 from headcube1/branch-interview-exceptions-tests","messageBody":"Branch interview exceptions tests","fileTypesAndContributionMap":{}},{"hash":"73758df1f2e957c1fde82190e7799987a08d4212","isMergeCommit":false,"messageTitle":"Minor Fixes","messageBody":"","fileTypesAndContributionMap":{"test-code":{"insertions":9,"deletions":0}}},{"hash":"f6c6818245b1da5c341e3726b4630eeb1f36081a","isMergeCommit":false,"messageTitle":"Included phone number exceptions when adding interview","messageBody":"","fileTypesAndContributionMap":{"functional-code":{"insertions":38,"deletions":4}}},{"hash":"ce5bd8e8ef72b92834fe0047e9cd2ac3ca6a2f62","isMergeCommit":false,"messageTitle":"Revert \"Included phone number exceptions when adding interview\"","messageBody":"This reverts commit f6c6818245b1da5c341e3726b4630eeb1f36081a.\n","fileTypesAndContributionMap":{"functional-code":{"insertions":4,"deletions":38}}},{"hash":"85ccbee3e18661ebba0c0b061aa669c9d6b600e4","isMergeCommit":false,"messageTitle":"Revert \"Revert \"Included phone number exceptions when adding interview\"\"","messageBody":"This reverts commit ce5bd8e8ef72b92834fe0047e9cd2ac3ca6a2f62.\n","fileTypesAndContributionMap":{"functional-code":{"insertions":38,"deletions":4}}},{"hash":"6a16a53b3f07ceebc536574a0712d18dd4d7776d","isMergeCommit":false,"messageTitle":"Fix Junit test for AddInterviewCommand","messageBody":"","fileTypesAndContributionMap":{"functional-code":{"insertions":1,"deletions":1},"test-code":{"insertions":15,"deletions":10}}},{"hash":"ef2ae8a155464d8e3130df2d2dce4022f85a5869","isMergeCommit":false,"messageTitle":"Checkstyle","messageBody":"","fileTypesAndContributionMap":{"test-code":{"insertions":7,"deletions":1}}}]},{"date":"2024-03-20","commitResults":[{"hash":"da482b2e1e4c9349ea94a9bfd0165f9a97f3e30f","isMergeCommit":false,"messageTitle":"Edit UML","messageBody":"","fileTypesAndContributionMap":{"docs":{"insertions":5,"deletions":0}}},{"hash":"aac2ce4fb19c1da719f5cf5aea48131100f43909","isMergeCommit":true,"messageTitle":"Merge pull request #86 from headcube1/branch-UML","messageBody":"Edit Class Diagrams for BetterModelClassDiagram","tags":["v1.2"],"fileTypesAndContributionMap":{}}]},{"date":"2024-03-23","commitResults":[{"hash":"e5d630e22adbc2e30d0b1589cc3884835b313666","isMergeCommit":true,"messageTitle":"Merge pull request #92 from yashpola/branch-modify-applicant-type","messageBody":"Add status tagging for applicants and interviewers","fileTypesAndContributionMap":{}}]},{"date":"2024-03-25","commitResults":[{"hash":"395d6f2f99a3b9071ecf99037c62ec28ade4bcc2","isMergeCommit":true,"messageTitle":"Merge pull request #95 from macareonie/branch_find","messageBody":"Add FindCommand variants","fileTypesAndContributionMap":{}},{"hash":"97448de7430f5b467e51f607381e1b3848f36aa1","isMergeCommit":true,"messageTitle":"Merge pull request #97 from yashpola/branch-modify-applicant-type","messageBody":"Add junit tests for status type and modify status implementation","fileTypesAndContributionMap":{}},{"hash":"57b734431a107de8053823181384c93b529979b5","isMergeCommit":true,"messageTitle":"Merge pull request #99 from zhikaiong2001/branch-AddFilterInterviewsByDateCommand","messageBody":"Add filtering interviews by date functionality and update help window","fileTypesAndContributionMap":{}}]},{"date":"2024-03-26","commitResults":[{"hash":"c26268285138d37876e5c323eeb90134aa1e6fe8","isMergeCommit":true,"messageTitle":"Merge pull request #103 from macareonie/dg-branch","messageBody":"Update Developer Guide for v1.3","fileTypesAndContributionMap":{}}]},{"date":"2024-03-27","commitResults":[{"hash":"873482cc0a516bad0ce137fbb02f7495baac865e","isMergeCommit":true,"messageTitle":"Merge pull request #113 from zhikaiong2001/branch-AddLoggingIntoAddInterviewParser","messageBody":"Add logging in AddInterviewCommandParser.java","fileTypesAndContributionMap":{}},{"hash":"58638764ba5c842fb7a23a773093f85e0be933d9","isMergeCommit":true,"messageTitle":"Merge pull request #112 from zhikaiong2001/branch-UpdateFilterInterviewsByDate","messageBody":"Update FilterInterviewByDateCommand.java to show the filtered list in the GUI","fileTypesAndContributionMap":{}},{"hash":"a8574a19091a48dd10a830790970aac3f801b81d","isMergeCommit":true,"messageTitle":"Merge pull request #115 from gingerbreaf/branch-GUIfixes","messageBody":"Fix the issue of white spaces when full screen","fileTypesAndContributionMap":{}},{"hash":"0fe43701a76abe03f1b61885b3893871140e9fbb","isMergeCommit":true,"messageTitle":"Merge pull request #114 from macareonie/dg-branch","messageBody":"Edit DG","fileTypesAndContributionMap":{}},{"hash":"31fd99d515d92fe64eea0a4d8cd99a83f6c0ac71","isMergeCommit":false,"messageTitle":"Resize GUI box sizes and Font","messageBody":"","fileTypesAndContributionMap":{"functional-code":{"insertions":21,"deletions":17}}},{"hash":"e78a6678d9e617a780a1cd06f8e340aa9188a64a","isMergeCommit":false,"messageTitle":"Sort interviews automatically by date and time","messageBody":"","fileTypesAndContributionMap":{"functional-code":{"insertions":36,"deletions":1}}},{"hash":"18e65bd10556e5c744641b65dcdd67f950b6f44f","isMergeCommit":false,"messageTitle":"Fix checkstyle","messageBody":"","fileTypesAndContributionMap":{"functional-code":{"insertions":4,"deletions":1}}},{"hash":"efff3be65f7143de31d5c030683dc865a6ea1592","isMergeCommit":false,"messageTitle":"Fix Junit test","messageBody":"","fileTypesAndContributionMap":{"test-code":{"insertions":9,"deletions":0}}}]},{"date":"2024-03-28","commitResults":[{"hash":"e16cbf28c7e376178a45cbdee3b2dce6ad461941","isMergeCommit":false,"messageTitle":"Wrote add interview feature for DG","messageBody":"","fileTypesAndContributionMap":{"docs":{"insertions":47,"deletions":1}}},{"hash":"8d39e09a89de1ded1bd3e559a9e353df35fa5ff1","isMergeCommit":true,"messageTitle":"Merge pull request #122 from headcube1/branch-dg","messageBody":"Write add interview feature for DG","fileTypesAndContributionMap":{}},{"hash":"92445fad33271325a2102b455a6f069c55e08e9a","isMergeCommit":true,"messageTitle":"Merge pull request #121 from yashpola/branch-ui-nits","messageBody":"Fix remark bug, touch up cosmetics for dg and application","fileTypesAndContributionMap":{}},{"hash":"6230521da7c1c8c38cc305a9174669db28f61074","isMergeCommit":false,"messageTitle":"Create UML and sequence diagrams","messageBody":"","fileTypesAndContributionMap":{"functional-code":{"insertions":2,"deletions":3},"docs":{"insertions":130,"deletions":3}}},{"hash":"6bbdf7a7376c96466e7a402c3a580f1e9866f325","isMergeCommit":true,"messageTitle":"Merge pull request #125 from gingerbreaf/branch-DG","messageBody":"Add DG for List and Delete Commands","tags":["v1.3.trial"],"fileTypesAndContributionMap":{}}]},{"date":"2024-03-29","commitResults":[{"hash":"e1759332f44547d385439cf5e996544f834939d6","isMergeCommit":true,"messageTitle":"Merge pull request #130 from zhikaiong2001/branch-FixSerquenceDiagram","messageBody":"Fix activation bars of sequence diagram","fileTypesAndContributionMap":{}},{"hash":"73994fe0189c8f9ec13c9e933461b8876bbbeb32","isMergeCommit":true,"messageTitle":"Merge pull request #131 from gingerbreaf/branch-DG","messageBody":"","fileTypesAndContributionMap":{}}]},{"date":"2024-03-30","commitResults":[{"hash":"b89866c689cf4e4eaff336c893d4a50aa9938316","isMergeCommit":false,"messageTitle":"Fix GUI","messageBody":"","fileTypesAndContributionMap":{"functional-code":{"insertions":7,"deletions":7}}}]},{"date":"2024-03-31","commitResults":[{"hash":"f2b1a6eaa4512787176193958446ea8e656aefac","isMergeCommit":false,"messageTitle":"Add Junit tests for AddInterviewCommand and minor code edits","messageBody":"","fileTypesAndContributionMap":{"functional-code":{"insertions":29,"deletions":39},"test-code":{"insertions":47,"deletions":1}}},{"hash":"2b0d11fc0fee27c9d8061f29c26e644979807335","isMergeCommit":false,"messageTitle":"Fix checkstyle","messageBody":"","fileTypesAndContributionMap":{"functional-code":{"insertions":1,"deletions":3},"test-code":{"insertions":8,"deletions":8}}},{"hash":"1e3ab265feb2331b46338874c602c5e5695b84b2","isMergeCommit":true,"messageTitle":"Merge pull request #133 from yashpola/branch-status-patches","messageBody":"Status patches [READ DESCRIPTION FOR PATCH NOTES]","fileTypesAndContributionMap":{}},{"hash":"5f9a61f417992f8bb84d1263b6b94c01a04e6b38","isMergeCommit":true,"messageTitle":"Merge branch \u0027master\u0027 into branch-Junit","messageBody":"","fileTypesAndContributionMap":{}},{"hash":"8647747ae2297ec7cb39dcf22b11a9b378e50ea2","isMergeCommit":true,"messageTitle":"Merge pull request #134 from headcube1/branch-Junit","messageBody":"Create Junit tests for AddInterviewCommand","fileTypesAndContributionMap":{}},{"hash":"fdc0d41f503a214cf89a576e0251ea6676dc061e","isMergeCommit":false,"messageTitle":"Fix small bug","messageBody":"","fileTypesAndContributionMap":{"functional-code":{"insertions":2,"deletions":2}}},{"hash":"ba85e81529d4b72ad830efa9b764ccd937cfc67b","isMergeCommit":true,"messageTitle":"Merge pull request #135 from headcube1/branch-minor-fix","messageBody":"Fix variable name error","fileTypesAndContributionMap":{}}]},{"date":"2024-04-01","commitResults":[{"hash":"355c28080d04de6347eb41bb445005f8fcfb2f86","isMergeCommit":false,"messageTitle":"Create Junit tests for AddInterviewCommandParser","messageBody":"","fileTypesAndContributionMap":{"functional-code":{"insertions":15,"deletions":0},"test-code":{"insertions":154,"deletions":1}}},{"hash":"225401d72e1fddc2970c7b03f60e1a278c484c0b","isMergeCommit":false,"messageTitle":"Improve code quality","messageBody":"","fileTypesAndContributionMap":{"functional-code":{"insertions":41,"deletions":25}}},{"hash":"2b6462342cc2316750be42ae2e722239b8d80ca2","isMergeCommit":false,"messageTitle":"Fix checkstyle errors","messageBody":"","fileTypesAndContributionMap":{"functional-code":{"insertions":15,"deletions":10}}},{"hash":"58bfbeb8941244988a34082194e007263849bd36","isMergeCommit":true,"messageTitle":"Merge pull request #142 from zhikaiong2001/branch-AddJunitTestsForListDeleteSave","messageBody":"","fileTypesAndContributionMap":{}},{"hash":"4e8322b3210411839cbb7609c6b420ab07e7fbda","isMergeCommit":true,"messageTitle":"Merge pull request #136 from yashpola/branch-view-statistics","messageBody":"Implement and test computation and display of overall statistics","tags":["v1.3"],"fileTypesAndContributionMap":{}}]},{"date":"2024-04-03","commitResults":[{"hash":"35d3e70c4a19d1ca13a923535483c2e7a041148c","isMergeCommit":false,"messageTitle":"Edit UG","messageBody":"","fileTypesAndContributionMap":{"docs":{"insertions":9,"deletions":4}}}]},{"date":"2024-04-04","commitResults":[{"hash":"316c64e423a14e0e1910bf1d3d52e683eb2ee1b2","isMergeCommit":true,"messageTitle":"Merge pull request #152 from yashpola/branch-update-UG","messageBody":"Final patches to UG before v1.3 release","fileTypesAndContributionMap":{}}]},{"date":"2024-04-08","commitResults":[{"hash":"232a5d3f6120f9360ad2fab154a8fa3b0c473d67","isMergeCommit":false,"messageTitle":"Fix bugs in AddInterviewCommand","messageBody":"","fileTypesAndContributionMap":{"functional-code":{"insertions":24,"deletions":12}}},{"hash":"43c57595478edfe64cd01c6d36584e4960ef1d4f","isMergeCommit":false,"messageTitle":"Fix checkstyle","messageBody":"","fileTypesAndContributionMap":{"functional-code":{"insertions":2,"deletions":1}}},{"hash":"56f40df88fe129a74dec7cdea3907de6cddf44b3","isMergeCommit":false,"messageTitle":"Fix Junit tests","messageBody":"","fileTypesAndContributionMap":{"test-code":{"insertions":4,"deletions":2}}},{"hash":"6fae25cb16a5caa332928f674bb0ea9dca0cf6b0","isMergeCommit":true,"messageTitle":"Merge pull request #239 from yashpola/branch-add-interviewer-type","messageBody":"Fix typo in message usage","fileTypesAndContributionMap":{}},{"hash":"d36006e7bf0e109eb13cfe38762a1b2e51ff4dc9","isMergeCommit":true,"messageTitle":"Merge pull request #237 from macareonie/addperson-bug","messageBody":"Fix bug with duplicate persons check","fileTypesAndContributionMap":{}},{"hash":"f4fcf1b4778662f3bb5bfa7746ed7d94946ce1e0","isMergeCommit":true,"messageTitle":"Merge pull request #236 from yashpola/branch-status-patches","messageBody":"Remedy code-related bug-fixes for status","fileTypesAndContributionMap":{}},{"hash":"e053ceadb1df093617c906d8a11e888cac71b6db","isMergeCommit":false,"messageTitle":"Edit UG","messageBody":"","fileTypesAndContributionMap":{"docs":{"insertions":33,"deletions":11}}},{"hash":"c658763424e124e24a4fe9383ad80323036abeac","isMergeCommit":true,"messageTitle":"Merge branch \u0027master\u0027 into branch-ug-bug-fixes","messageBody":"","fileTypesAndContributionMap":{}},{"hash":"027617d99c7f9018324dd2beb6a42225762ca42e","isMergeCommit":true,"messageTitle":"Merge pull request #241 from macareonie/ug-fixes","messageBody":"Update UserGuide after PE-D ","fileTypesAndContributionMap":{}},{"hash":"562f87b9b5b407ee4851e1cb63a83dfc70c8a8be","isMergeCommit":false,"messageTitle":"Edit UG","messageBody":"","fileTypesAndContributionMap":{"docs":{"insertions":4,"deletions":4}}}]},{"date":"2024-04-10","commitResults":[{"hash":"f8b569e839ca01fe15e9b8bf17eeebf263f1bb01","isMergeCommit":false,"messageTitle":"Revert features that were added after v1.3","messageBody":"","fileTypesAndContributionMap":{"functional-code":{"insertions":2,"deletions":14}}},{"hash":"720422d34e64b83f3e20558695fbd275b2b594e4","isMergeCommit":true,"messageTitle":"Merge pull request #248 from yashpola/branch-v1.4","messageBody":"Revert illegal v1.4 modification","fileTypesAndContributionMap":{}}]}],"yashpola":[{"date":"2024-03-02","commitResults":[{"hash":"14cbf188a8db9d41d340967171fc39ca8e95f371","isMergeCommit":false,"messageTitle":"Edit AboutUS.md","messageBody":"","fileTypesAndContributionMap":{"docs":{"insertions":51,"deletions":5}}}]},{"date":"2024-03-03","commitResults":[{"hash":"cbc23ab62bab3d296352d99fd99dbd4c11fa32ef","isMergeCommit":false,"messageTitle":"Update DG for v1.1","messageBody":"","fileTypesAndContributionMap":{"docs":{"insertions":84,"deletions":7}}},{"hash":"b82dbab180c04d320b3059fdfc27419d787fec26","isMergeCommit":false,"messageTitle":"Update DG for v1.1","messageBody":"","fileTypesAndContributionMap":{"docs":{"insertions":6,"deletions":1}}}]},{"date":"2024-03-04","commitResults":[{"hash":"7279c992da54b5b26868983e77f5af328fdab620","isMergeCommit":false,"messageTitle":"Amend personal md file and description in aboutus","messageBody":"","fileTypesAndContributionMap":{"docs":{"insertions":5,"deletions":40}}}]},{"date":"2024-03-06","commitResults":[{"hash":"199f4bfcbadda9d12f9ec27af52e6c64dda2c9bf","isMergeCommit":true,"messageTitle":"Merge pull request #34 from zhikaiong2001/master","messageBody":"Fix downstream ahead of upstream due to merge commits","fileTypesAndContributionMap":{}}]},{"date":"2024-03-10","commitResults":[{"hash":"8d2b733b22e1456ef196e471981f63dbb8826458","isMergeCommit":false,"messageTitle":"Add Interviewer type as a Person extension","messageBody":"","fileTypesAndContributionMap":{"functional-code":{"insertions":93,"deletions":45},"other":{"insertions":30,"deletions":28},"test-code":{"insertions":14,"deletions":22}}},{"hash":"7f8eff9cbc3dcc1c87a77d430846a1067e26cd6f","isMergeCommit":false,"messageTitle":"Fix checkstyle errors","messageBody":"","fileTypesAndContributionMap":{"test-code":{"insertions":14,"deletions":4}}}]},{"date":"2024-03-16","commitResults":[{"hash":"3a489309405c268c0e77abc076dbf8c1f67f020c","isMergeCommit":false,"messageTitle":"Customise colorscheme for Tether","messageBody":"","fileTypesAndContributionMap":{"functional-code":{"insertions":22,"deletions":24}}}]},{"date":"2024-03-18","commitResults":[{"hash":"f1cf0488e18956949211882acda7338cf6321437","isMergeCommit":false,"messageTitle":"Continue customise color scheme for Tether","messageBody":"","fileTypesAndContributionMap":{"functional-code":{"insertions":11,"deletions":19},"docs":{"insertions":1,"deletions":1}}},{"hash":"9285ff5e3e2980586856d71dbc9af27612e343c3","isMergeCommit":false,"messageTitle":"Add Person types and modify JSON-Person code from hard drive storage","messageBody":"","fileTypesAndContributionMap":{"functional-code":{"insertions":48,"deletions":3},"test-code":{"insertions":15,"deletions":7}}},{"hash":"e68a1b350d417e2ff2071b553d002898953189a1","isMergeCommit":false,"messageTitle":"Check against duplicate phone numbers when adding persons","messageBody":"","fileTypesAndContributionMap":{"functional-code":{"insertions":6,"deletions":3}}}]},{"date":"2024-03-19","commitResults":[{"hash":"f04fa92be782490e9734bb76e9132fe8b2287684","isMergeCommit":false,"messageTitle":"Fix failing junit tests in EditCommandTest and AddXYZPersonCommandTest","messageBody":"","fileTypesAndContributionMap":{"functional-code":{"insertions":30,"deletions":4},"test-code":{"insertions":22,"deletions":0}}},{"hash":"684abcf6e3e73cb8fcac85dc860dfbf1304bc41b","isMergeCommit":true,"messageTitle":"Merge pull request #72 from headcube1/branch-fixes","messageBody":"Minor Fixes","fileTypesAndContributionMap":{}},{"hash":"5e7b34af822045a8ea5b838ad760470a83ffb303","isMergeCommit":false,"messageTitle":"Add a brief help summary in help window for easy reference","messageBody":"","fileTypesAndContributionMap":{"functional-code":{"insertions":12,"deletions":7}}},{"hash":"f800c4b4510254d4bd38bdbf802780be16b630a5","isMergeCommit":false,"messageTitle":"Update UML diagrams for model package","messageBody":"","fileTypesAndContributionMap":{"functional-code":{"insertions":1,"deletions":1},"docs":{"insertions":14,"deletions":2}}},{"hash":"f3cdf444757f5b585c77d6f8a35e6eb63a17c682","isMergeCommit":true,"messageTitle":"Merge pull request #81 from macareonie/uml","messageBody":"Update Sequence diagrams","fileTypesAndContributionMap":{}},{"hash":"6ce742af689d28a826927eb655c89a9665cacff6","isMergeCommit":true,"messageTitle":"Merge pull request #82 from yashpola/branch-uml","messageBody":"Update Class diagrams for model package","fileTypesAndContributionMap":{}}]},{"date":"2024-03-20","commitResults":[{"hash":"500a967cfa784afcddcb9872643b45ac91b62492","isMergeCommit":false,"messageTitle":"Update ui diagram in README.md","messageBody":"","fileTypesAndContributionMap":{"docs":{"insertions":1,"deletions":1}}},{"hash":"863e1c0a4d70f3fa222a5a45c20df4fead973858","isMergeCommit":false,"messageTitle":"Update README.md for v1.2","messageBody":"","fileTypesAndContributionMap":{"docs":{"insertions":2,"deletions":2}}},{"hash":"c00cf3838bc33c0736beeee9db2e04c8fad7a244","isMergeCommit":true,"messageTitle":"Merge pull request #87 from yashpola/branch-fix-nits","messageBody":"Update README for v1.2","fileTypesAndContributionMap":{}}]},{"date":"2024-03-21","commitResults":[{"hash":"d2af4beae45d563adbb94902f4f469aceb9f8995","isMergeCommit":false,"messageTitle":"Add status tagging for applicants and interviewers","messageBody":"","fileTypesAndContributionMap":{"functional-code":{"insertions":612,"deletions":10},"other":{"insertions":1,"deletions":1},"test-code":{"insertions":44,"deletions":14}}}]},{"date":"2024-03-24","commitResults":[{"hash":"3d0e8d0fbe771584c615998b94393a331b9932fd","isMergeCommit":false,"messageTitle":"Added junit tests for status type and modified status implementation","messageBody":"","fileTypesAndContributionMap":{"functional-code":{"insertions":72,"deletions":47},"test-code":{"insertions":374,"deletions":47}}},{"hash":"c1edae7fe8d650b7e865aeadb4a7d559f16681e2","isMergeCommit":true,"messageTitle":"sync branches internally","messageBody":"","fileTypesAndContributionMap":{}},{"hash":"ceeb86be11a2752735044c829881168f7a379ad6","isMergeCommit":false,"messageTitle":"Add extensions Status-E1 and Status-E2","messageBody":"","fileTypesAndContributionMap":{"functional-code":{"insertions":127,"deletions":23},"test-code":{"insertions":13,"deletions":14}}}]},{"date":"2024-03-25","commitResults":[{"hash":"9ee76cbac94fd6422c6e8576f3a5c1d2bfee7877","isMergeCommit":true,"messageTitle":"Merge branch \u0027master\u0027 into branch-add-status-extensions","messageBody":"","fileTypesAndContributionMap":{}},{"hash":"41c960586663db2571fa61c13b31bb26f8677e29","isMergeCommit":false,"messageTitle":"Add Status-E3 and corresponding junit tests","messageBody":"","fileTypesAndContributionMap":{"functional-code":{"insertions":144,"deletions":5},"test-code":{"insertions":173,"deletions":0}}},{"hash":"554f2fd6212741b9d6627a3c82a9b888a27a1e75","isMergeCommit":false,"messageTitle":"Add equals and toString to FilterInterviewsByDateCommand","messageBody":"","fileTypesAndContributionMap":{"functional-code":{"insertions":22,"deletions":0},"test-code":{"insertions":0,"deletions":1}}},{"hash":"637525d5458a75b58ae0d8e29194f4b4185c77bb","isMergeCommit":false,"messageTitle":"Remove unnecessary prints","messageBody":"","fileTypesAndContributionMap":{"functional-code":{"insertions":0,"deletions":1},"test-code":{"insertions":6,"deletions":9}}}]},{"date":"2024-03-26","commitResults":[{"hash":"dd1e1368af89fb5707d60c4ac7a43e02c632abd8","isMergeCommit":false,"messageTitle":"Add implementation details for Status in DG","messageBody":"","fileTypesAndContributionMap":{"functional-code":{"insertions":1,"deletions":1},"docs":{"insertions":151,"deletions":65}}},{"hash":"a4bd43cef3c4de35333023bba87b08d1fb1ea298","isMergeCommit":false,"messageTitle":"Fix newline and whitespace errors","messageBody":"","fileTypesAndContributionMap":{"docs":{"insertions":2,"deletions":1}}},{"hash":"feb6d484f2407a7915409e0d3b42dcb2671937ea","isMergeCommit":false,"messageTitle":"Fix newline error","messageBody":"","fileTypesAndContributionMap":{"docs":{"insertions":1,"deletions":1}}},{"hash":"3a92b2b499dba35823ccbf9676bee2f19c39d2d6","isMergeCommit":true,"messageTitle":"Merge pull request #110 from zhikaiong2001/branch-GUIListInterviews","messageBody":"Add listing of interviews in GUI","fileTypesAndContributionMap":{}},{"hash":"d73af93ccd79c186436e6c99ffb4d766db96aeb8","isMergeCommit":true,"messageTitle":"Merge branch \u0027master\u0027 into branch-update-DG","messageBody":"","fileTypesAndContributionMap":{}},{"hash":"eb4227996467a6353b09a16882cac80ddbfd0948","isMergeCommit":true,"messageTitle":"Merge pull request #104 from yashpola/branch-update-DG","messageBody":"Update Developer Guide for v1.3 ","fileTypesAndContributionMap":{}}]},{"date":"2024-03-27","commitResults":[{"hash":"dce03a78fbbc738eeba5b55ddd111830787ffce3","isMergeCommit":true,"messageTitle":"Merge pull request #120 from headcube1/branch-sort-interviews","messageBody":"","fileTypesAndContributionMap":{}}]},{"date":"2024-03-28","commitResults":[{"hash":"8015704fbcacba6db62eae815e728d80993930ec","isMergeCommit":false,"messageTitle":"Fix remark bug, touch up cosmetics for dg and application","messageBody":"","fileTypesAndContributionMap":{"functional-code":{"insertions":76,"deletions":32},"docs":{"insertions":4,"deletions":4},"test-code":{"insertions":3,"deletions":3}}},{"hash":"d2cf1c045f89a809c8a93f74d0fe9bb6f6aa3df7","isMergeCommit":true,"messageTitle":"Merge pull request #124 from headcube1/branch-UML-DG","messageBody":"Create UML and sequence diagrams","fileTypesAndContributionMap":{}},{"hash":"8a05b3ffebcceb95f15c9e87534ae8798201f05f","isMergeCommit":false,"messageTitle":"Make font and color changes to gui","messageBody":"","fileTypesAndContributionMap":{"functional-code":{"insertions":25,"deletions":14}}},{"hash":"6b0fed36923f7a94e6db57da02fc44b17ff36eda","isMergeCommit":false,"messageTitle":"Turn on assertions in build.gradle","messageBody":"","fileTypesAndContributionMap":{"other":{"insertions":4,"deletions":0}}},{"hash":"0d03996922774f6f6cba3529598281ac45c16ed9","isMergeCommit":false,"messageTitle":"Darken orange color for `waiting list`","messageBody":"","fileTypesAndContributionMap":{"functional-code":{"insertions":1,"deletions":1}}},{"hash":"26fbf56a8cb8731daf1be13e2eeccd3f7013d163","isMergeCommit":false,"messageTitle":"Fix bug in filter by status command","messageBody":"","fileTypesAndContributionMap":{"functional-code":{"insertions":6,"deletions":0}}},{"hash":"db3151134732aff83e56ba0068dc8e0f3414f85b","isMergeCommit":false,"messageTitle":"Fix checkstyle bug in AddressBookParser","messageBody":"","fileTypesAndContributionMap":{"functional-code":{"insertions":1,"deletions":1}}},{"hash":"55fb697b724f00fd007a4a85b2846fec5691f339","isMergeCommit":false,"messageTitle":"Add cosmetic changes","messageBody":"","fileTypesAndContributionMap":{"functional-code":{"insertions":9,"deletions":10},"docs":{"insertions":24,"deletions":21}}}]},{"date":"2024-03-30","commitResults":[{"hash":"124cee8e1c66ea1507e7cbb63383058bba94f586","isMergeCommit":false,"messageTitle":"Fix status bug for edit command, add multi-status for interviewers","messageBody":"","fileTypesAndContributionMap":{"functional-code":{"insertions":52,"deletions":26}}}]},{"date":"2024-03-31","commitResults":[{"hash":"7ddd8043092046cbeb6346c83fa6381d2fb696e9","isMergeCommit":false,"messageTitle":"Fix bugs for status extension multi-status","messageBody":"","fileTypesAndContributionMap":{"functional-code":{"insertions":34,"deletions":21}}},{"hash":"916f10a59b846098747abe9fd68d9b7e0215c70c","isMergeCommit":false,"messageTitle":"Edit help window and command results for status commands","messageBody":"","fileTypesAndContributionMap":{"functional-code":{"insertions":13,"deletions":11}}},{"hash":"e61270903031199971fef3960e5ad98ead3d7047","isMergeCommit":false,"messageTitle":"Move status parsing method to InterviewerStatus","messageBody":"","fileTypesAndContributionMap":{"functional-code":{"insertions":11,"deletions":9}}},{"hash":"2331474a4cd1ffaee802df29417252d0d22127d8","isMergeCommit":false,"messageTitle":"Move status parsing method to InterviewerStatusCommandParser","messageBody":"","fileTypesAndContributionMap":{"functional-code":{"insertions":7,"deletions":11}}}]},{"date":"2024-04-01","commitResults":[{"hash":"b8c7a1013ff72f66b96d66ed7bf9c2d6ded0e7b3","isMergeCommit":false,"messageTitle":"Implement and test computation and display of overall statistics","messageBody":"","fileTypesAndContributionMap":{"functional-code":{"insertions":110,"deletions":2},"test-code":{"insertions":103,"deletions":0}}},{"hash":"bfc09ed483e98a79346143ab3f017c18fde60233","isMergeCommit":false,"messageTitle":"Update help window for statistics","messageBody":"","fileTypesAndContributionMap":{"functional-code":{"insertions":2,"deletions":1}}},{"hash":"c36f3300a30fa2716855f0cfad1bc37d39f0497d","isMergeCommit":true,"messageTitle":"Merge branch \u0027master\u0027 into branch-view-statistics","messageBody":"","fileTypesAndContributionMap":{}}]},{"date":"2024-04-02","commitResults":[{"hash":"caedecf22ce2d636baa1371cd53909fa6d689e8b","isMergeCommit":true,"messageTitle":"Merge pull request #143 from macareonie/ug","messageBody":"Update UserGuide","fileTypesAndContributionMap":{}},{"hash":"f05750e1834ed46a1afd50c637eaf44c0c400958","isMergeCommit":false,"messageTitle":"Update UG for status, filter, view statistics","messageBody":"","fileTypesAndContributionMap":{"docs":{"insertions":61,"deletions":5}}}]},{"date":"2024-04-03","commitResults":[{"hash":"a8ca3d532b6387fcc7d5adc102bd6ad9b2aaa072","isMergeCommit":false,"messageTitle":"Reinforce defenses in programming for Interviewer statuses","messageBody":"","fileTypesAndContributionMap":{"functional-code":{"insertions":73,"deletions":24}}},{"hash":"a603147e587a62203aabb6083cb0d5d1bee5e658","isMergeCommit":false,"messageTitle":"Add a test for \"interview with...\" status","messageBody":"","fileTypesAndContributionMap":{"test-code":{"insertions":2,"deletions":2}}},{"hash":"9a3ebc61543862e05c4ea6f594f052e6cb3f78fc","isMergeCommit":false,"messageTitle":"Add negative tests for \"interview with...\" status","messageBody":"","fileTypesAndContributionMap":{"test-code":{"insertions":43,"deletions":1}}},{"hash":"ca3cc6908d71332a9194c32ced519bc0a05f3a54","isMergeCommit":false,"messageTitle":"Add negative tests for \"interview with...\" status","messageBody":"","fileTypesAndContributionMap":{"test-code":{"insertions":16,"deletions":9}}},{"hash":"7d59367bf31e39f065a3d1f333807416eb0257f1","isMergeCommit":false,"messageTitle":"Fix checkstyleTest error","messageBody":"","fileTypesAndContributionMap":{"test-code":{"insertions":1,"deletions":1}}},{"hash":"bfbfb1f6fbda119348628be940c6a5cba6c9eb2a","isMergeCommit":false,"messageTitle":"Add checks and tests for illegal values for status in JSON","messageBody":"","fileTypesAndContributionMap":{"functional-code":{"insertions":11,"deletions":0},"test-code":{"insertions":39,"deletions":0}}},{"hash":"f5d97aad15cbf8b27a781e0b680e81caf72b5600","isMergeCommit":false,"messageTitle":"Edited command result for message usage for applicant/interviewer status","messageBody":"","fileTypesAndContributionMap":{"functional-code":{"insertions":5,"deletions":5}}},{"hash":"8bc6975a3c803c2af48dc219fb227b067f459d8a","isMergeCommit":true,"messageTitle":"Merge pull request #148 from yashpola/branch-status-patches","messageBody":"Improve integrity of `InterviewerStatus` feature","fileTypesAndContributionMap":{}},{"hash":"4846128eba8374d00a047cb7091017ddade4c9a1","isMergeCommit":true,"messageTitle":"Merge pull request #151 from gingerbreaf/branch-UG","messageBody":"Update UG Table + list commands","fileTypesAndContributionMap":{}}]},{"date":"2024-04-04","commitResults":[{"hash":"40dda0e42c165653ab8f9f7c51691748e3a22866","isMergeCommit":false,"messageTitle":"Final patches to UG before v1.3 release","messageBody":"","fileTypesAndContributionMap":{"docs":{"insertions":40,"deletions":29}}},{"hash":"9da40cda8a4b16dcf59c0958665fb5d85a53ec43","isMergeCommit":false,"messageTitle":"Final patches to UG before v1.3 release","messageBody":"","fileTypesAndContributionMap":{"docs":{"insertions":4,"deletions":4}}},{"hash":"73f358db8927f6248f9bf93ca9167d101b85c8a0","isMergeCommit":true,"messageTitle":"Merge pull request #153 from yashpola/branch-update-UG","messageBody":"Final patches to UG before v1.3 release","fileTypesAndContributionMap":{}}]},{"date":"2024-04-08","commitResults":[{"hash":"0345a818637586809f5e3c8de6df062ed1e56b63","isMergeCommit":true,"messageTitle":"Merge pull request #235 from zhikaiong2001/branch-fixfilterbydates","messageBody":"Fix minor bug in FilterInterviewsByDateCommand.java so that empty list is shown when no results","fileTypesAndContributionMap":{}},{"hash":"0e03d3984a7137a6fa62508efd5a95abc379d2cc","isMergeCommit":false,"messageTitle":"Remedy code-related bug-fixes for status","messageBody":"","fileTypesAndContributionMap":{"functional-code":{"insertions":3,"deletions":217},"test-code":{"insertions":3,"deletions":222}}},{"hash":"8f941b5eeacd3b75fbd53ba4c939260dcb153ae0","isMergeCommit":false,"messageTitle":"Fix typo in message usage","messageBody":"","fileTypesAndContributionMap":{"functional-code":{"insertions":23,"deletions":9}}},{"hash":"e1ca4c52623852b20c67488cce6ba3e40fb827c8","isMergeCommit":false,"messageTitle":"Fix error message thrown for wrong add_interviewer usage","messageBody":"","fileTypesAndContributionMap":{"functional-code":{"insertions":5,"deletions":9},"test-code":{"insertions":3,"deletions":3}}},{"hash":"e8534f6277046009f9cd1074df85feab5a609300","isMergeCommit":true,"messageTitle":"Merge branch \u0027master\u0027 into branch-RemoveDeliberateTagging","messageBody":"","fileTypesAndContributionMap":{}},{"hash":"86e4826317603913a4846c2e3894a17ed814fcf6","isMergeCommit":true,"messageTitle":"Merge pull request #244 from zhikaiong2001/branch-RemoveDeliberateTagging","messageBody":"Remove deliberate tagging functionality and update UserGuide.md","fileTypesAndContributionMap":{}}]},{"date":"2024-04-09","commitResults":[{"hash":"f814c08bc051a11883fed465010614cc794f55b2","isMergeCommit":false,"messageTitle":"Fix UG status bugs, overhaul UG format, and revert illegal mod in filter status","messageBody":"","fileTypesAndContributionMap":{"functional-code":{"insertions":3,"deletions":5},"docs":{"insertions":159,"deletions":128}}},{"hash":"dbf4c907dea2c1d8cc3d3056beadca8eb9c7fc80","isMergeCommit":false,"messageTitle":"Fix UG status bugs, overhaul UG format, revert illegal mod in filter status","messageBody":"","fileTypesAndContributionMap":{"functional-code":{"insertions":3,"deletions":5},"docs":{"insertions":159,"deletions":128}}},{"hash":"d8bba349c94bb71e0c4f41e6fa64542f5b4fd3f6","isMergeCommit":true,"messageTitle":"Merge pull request #247 from macareonie/bugs","messageBody":"","fileTypesAndContributionMap":{}},{"hash":"ef37cf8ce746e2c2c978bbac47ae611fb1b74598","isMergeCommit":true,"messageTitle":"Merge branch \u0027master\u0027 into branch-v1.4","messageBody":"# Conflicts:\n#\tdocs/UserGuide.md\n","fileTypesAndContributionMap":{}},{"hash":"712045b63fcfdfcfd80e1ae68fa5a57aaeeed782","isMergeCommit":false,"messageTitle":"Revert illegal mod in error message for AddApplicantCommandParser","messageBody":"","fileTypesAndContributionMap":{"functional-code":{"insertions":27,"deletions":25},"test-code":{"insertions":30,"deletions":28}}}]},{"date":"2024-04-10","commitResults":[{"hash":"701b1457b2694c0d6ad0b9e6518beb90948b195f","isMergeCommit":true,"messageTitle":"Merge pull request #249 from headcube1/branch-revert-bugs","messageBody":"Revert features that were added after v1.3","fileTypesAndContributionMap":{}}]},{"date":"2024-04-12","commitResults":[{"hash":"e8a39c8b1bfbe28bccfb00d84aad01144d632890","isMergeCommit":false,"messageTitle":"Update PPP","messageBody":"","fileTypesAndContributionMap":{"docs":{"insertions":48,"deletions":10}}}]}],"gingerbreaf":[{"date":"2024-03-02","commitResults":[{"hash":"8710d58953c2ba5d9ef9ee08511993965df3df48","isMergeCommit":false,"messageTitle":"Edit AboutUs.md","messageBody":"","fileTypesAndContributionMap":{"docs":{"insertions":49,"deletions":3}}},{"hash":"8ddd44602072df6b2ca20c237204bdea44397db1","isMergeCommit":false,"messageTitle":"Edit README for descriptions of the project","messageBody":"","fileTypesAndContributionMap":{"docs":{"insertions":11,"deletions":11}}}]},{"date":"2024-03-04","commitResults":[{"hash":"7edce4487f6e2ec38118c8dcaa7cd83f0b0dc158","isMergeCommit":false,"messageTitle":"Update jiangbowei.md and email into AboutUs.md","messageBody":"","fileTypesAndContributionMap":{"docs":{"insertions":6,"deletions":41}}},{"hash":"a09ae663bd23b116bc01a9df3a86b4b4838447a8","isMergeCommit":true,"messageTitle":"Merge pull request #5 from zhikaiong2001/branch-zhikaiAboutUs","messageBody":"Edit AboutUs.md","fileTypesAndContributionMap":{}},{"hash":"23e696beafe8d6305228de0e1a76161204f10142","isMergeCommit":true,"messageTitle":"Merge pull request #6 from headcube1/branch-wesleyaboutus","messageBody":"Edit AboutUs.md","fileTypesAndContributionMap":{}},{"hash":"21559bec098e99ab74bfb7d35e4ddcfb50b734be","isMergeCommit":true,"messageTitle":"Merge pull request #7 from AY2324S2-CS2103T-F11-3/branch-jiangboweiAboutUs","messageBody":"Edit AboutUs.md","fileTypesAndContributionMap":{}},{"hash":"017b2d83ded2a54c0ffabcaa2713c1c8ed624562","isMergeCommit":true,"messageTitle":"Merge pull request #8 from AY2324S2-CS2103T-F11-3/branch-jiangboweiREADME","messageBody":"Edit README for descriptions of the project","fileTypesAndContributionMap":{}},{"hash":"4a9f5939378c97a28cd8c37e674f0a1e37d1452c","isMergeCommit":true,"messageTitle":"Merge pull request #9 from headcube1/branch-uiimage","messageBody":"Branch Ui image","fileTypesAndContributionMap":{}},{"hash":"1354b1f6cb8e24bd9bf83eba99fe48ca45416a5d","isMergeCommit":true,"messageTitle":"Merge pull request #10 from macareonie/branch-ryanchiangAboutUs","messageBody":"Edit AboutUs.md","fileTypesAndContributionMap":{}},{"hash":"103e1d8c199a61923f002405f41a22329c255a11","isMergeCommit":true,"messageTitle":"Merge pull request #11 from yashpola/branch-yashwitAboutUs","messageBody":"Edit AboutUs.md","fileTypesAndContributionMap":{}},{"hash":"a85ef56cdcb4bb26fcc274c9d8b7a2d712b6780e","isMergeCommit":true,"messageTitle":"Merge pull request #16 from macareonie/branch-UpdateDG","messageBody":"Update user profile, value proposition and user stories in Developer Guide for v1.1","fileTypesAndContributionMap":{}},{"hash":"b7716805b8ae1e405e2b2624f56fce4b080c85f7","isMergeCommit":true,"messageTitle":"Merge pull request #17 from yashpola/branch-updateDG","messageBody":"Update use cases and NFRs in Developer Guide for v1.1","fileTypesAndContributionMap":{}},{"hash":"c901e9abc9f9b061d852c00a1751414000720593","isMergeCommit":true,"messageTitle":"Merge pull request #18 from zhikaiong2001/branch-UserGuide","messageBody":"Edit UserGuide.md to include features from our own project","fileTypesAndContributionMap":{}}]},{"date":"2024-03-09","commitResults":[{"hash":"ec607461df25fbdc961de57d54ccf06ab636504f","isMergeCommit":false,"messageTitle":"Update UserGuide","messageBody":"","fileTypesAndContributionMap":{"docs":{"insertions":1,"deletions":15}}}]},{"date":"2024-03-16","commitResults":[{"hash":"84afcfb93571d137c84ea177578654b4116f88fa","isMergeCommit":true,"messageTitle":"Merge pull request #46 from macareonie/add-applicant-type","messageBody":"Add Applicant type","fileTypesAndContributionMap":{}},{"hash":"cd6801725d68df7dbebce0a4aea1beb083b2ffdb","isMergeCommit":true,"messageTitle":"Merge pull request #45 from macareonie/delete-person","messageBody":"Modify Delete type","fileTypesAndContributionMap":{}},{"hash":"0d6cc4ead2ff14fee6604f508c12297e9bca096a","isMergeCommit":true,"messageTitle":"Merge pull request #47 from yashpola/branch-add-interviewer-type","messageBody":"Add Interviewer type","fileTypesAndContributionMap":{}},{"hash":"71966ac58a15ab6e54faf56880fd78114c63f15a","isMergeCommit":true,"messageTitle":"Merge pull request #49 from yashpola/branch-reskin-to-tether","messageBody":"Reskin AB-3 to Tether","fileTypesAndContributionMap":{}}]},{"date":"2024-03-17","commitResults":[{"hash":"7635e0a5b5440ea860b5b3648524dd1c98f1b0a2","isMergeCommit":false,"messageTitle":"Create Interview Class and Respective classes related to Interview","messageBody":"","fileTypesAndContributionMap":{"functional-code":{"insertions":330,"deletions":13},"other":{"insertions":16,"deletions":16},"test-code":{"insertions":60,"deletions":61}}},{"hash":"e3fd3503f20327f8d52c5e38c90372885a9d6487","isMergeCommit":false,"messageTitle":"Create List interview Command","messageBody":"","fileTypesAndContributionMap":{"functional-code":{"insertions":39,"deletions":14}}},{"hash":"7c8b6d74d3b5bd36891135beda7c2ef6f11060f0","isMergeCommit":true,"messageTitle":"Merge branch \u0027master\u0027 into branch-add-interview","messageBody":"","fileTypesAndContributionMap":{}}]},{"date":"2024-03-20","commitResults":[{"hash":"c584a6f95aa473d264df5a0602b00a21e9d672d3","isMergeCommit":false,"messageTitle":"Add UniqueInterviewList and Interview to ModelClassDiagram","messageBody":"","fileTypesAndContributionMap":{"docs":{"insertions":4,"deletions":3}}},{"hash":"190f6429b8b4c23a31f2db29f1ce2ac74ba82d56","isMergeCommit":true,"messageTitle":"Merge pull request #88 from gingerbreaf/branch-UML","messageBody":"Add UniqueInterviewList and Interview to ModelClassDiagram","fileTypesAndContributionMap":{}}]},{"date":"2024-03-25","commitResults":[{"hash":"fbb8138ff3a390613eff68525707db803a8d28ab","isMergeCommit":true,"messageTitle":"Merge pull request #101 from yashpola/branch-add-filter-command","messageBody":"Add status extensions [E3]","fileTypesAndContributionMap":{}}]},{"date":"2024-03-27","commitResults":[{"hash":"8ad59adcfcc7a0b4ee92b7f78b28d36b9fe9b8df","isMergeCommit":false,"messageTitle":"Fix the issue of white spaces by adjusting the max height values and grow variables","messageBody":"","fileTypesAndContributionMap":{"functional-code":{"insertions":18,"deletions":25}}}]},{"date":"2024-03-28","commitResults":[{"hash":"ee792159a07040f9d28b567570b6f1b9767f35cd","isMergeCommit":false,"messageTitle":"Add DG for List and Delete Commands","messageBody":"","fileTypesAndContributionMap":{"docs":{"insertions":53,"deletions":0}}}]},{"date":"2024-03-29","commitResults":[{"hash":"2139ee3a7e4a37f4edaaae87ad51bacbd0646087","isMergeCommit":true,"messageTitle":"Merge pull request #126 from yashpola/branch-gui","messageBody":"GUI and Bug fixes pre-1.3.trial release","fileTypesAndContributionMap":{}},{"hash":"0860f08a79a26d767d41b524c08dc293dc70ffa6","isMergeCommit":false,"messageTitle":"Add class diagrams to list and delete commands part of the DG","messageBody":"","fileTypesAndContributionMap":{"docs":{"insertions":64,"deletions":0}}}]},{"date":"2024-04-01","commitResults":[{"hash":"241b1c4d932ae891101bb629669ee6385cef4c63","isMergeCommit":false,"messageTitle":"Add JUnit Tests for AddressBook, Interview, UniqueInterviewList","messageBody":"","fileTypesAndContributionMap":{"functional-code":{"insertions":3,"deletions":3},"test-code":{"insertions":397,"deletions":28}}},{"hash":"3223046da69546386cca18051b43cb56a5df0376","isMergeCommit":true,"messageTitle":"Update local branch","messageBody":"","fileTypesAndContributionMap":{}},{"hash":"014966370fbea20a2046d46e71b471d72b5b6bfe","isMergeCommit":false,"messageTitle":"Add JUnit test for ModelManager","messageBody":"","fileTypesAndContributionMap":{"test-code":{"insertions":44,"deletions":0}}},{"hash":"21ec46be2bdcc961af10fb681e0aabbe5a8debcf","isMergeCommit":false,"messageTitle":"Fix Code Style Issues","messageBody":"","fileTypesAndContributionMap":{"test-code":{"insertions":38,"deletions":18}}}]},{"date":"2024-04-02","commitResults":[{"hash":"87301a9f143c93aa1c13c851aca8659e523e303f","isMergeCommit":true,"messageTitle":"Merge branch \u0027branch-JUnitTesting\u0027 Update branch with remote repo code","messageBody":"","fileTypesAndContributionMap":{}},{"hash":"618875a318a32402464745af694549904347878a","isMergeCommit":false,"messageTitle":"Code style changes","messageBody":"","fileTypesAndContributionMap":{"test-code":{"insertions":9,"deletions":1}}}]},{"date":"2024-04-03","commitResults":[{"hash":"8e56ea4ac2d6811dbcaacaa4a8ee013dfd704f6f","isMergeCommit":true,"messageTitle":"Merge pull request #147 from yashpola/branch-update-UG","messageBody":"Update UserGuide for status, filter, view statistics","fileTypesAndContributionMap":{}},{"hash":"cdabdad560983bec829a4da2c5df36cacebb8ded","isMergeCommit":false,"messageTitle":"Update UG","messageBody":"","fileTypesAndContributionMap":{"docs":{"insertions":24,"deletions":11}}},{"hash":"c729b5222db698c717061b202e8e7902a3472d3d","isMergeCommit":true,"messageTitle":"Merge pull request #150 from zhikaiong2001/branch-updateug","messageBody":"Update UserGuide.md to include filtering of interviews by date","fileTypesAndContributionMap":{}},{"hash":"d4334d89ddf56547c55e1a390762affc80a7b4dc","isMergeCommit":true,"messageTitle":"Merge pull request #149 from headcube1/branch-UG","messageBody":"Edit UG","fileTypesAndContributionMap":{}}]},{"date":"2024-04-08","commitResults":[{"hash":"6f271610508d991fc267d4e374ed66ee6ac8fd91","isMergeCommit":true,"messageTitle":"Merge pull request #234 from headcube1/branch-add-interview-bug-fixes","messageBody":"Fix bugs in AddInterviewCommand","fileTypesAndContributionMap":{}},{"hash":"b50b7880e58d0a6aa74ef0d472ee17b369f65ae7","isMergeCommit":false,"messageTitle":"Remove Edit command and Changed Delete Person Command","messageBody":"","fileTypesAndContributionMap":{"functional-code":{"insertions":30,"deletions":331},"test-code":{"insertions":221,"deletions":544}}},{"hash":"ba5ecfc4675d9a6b130727a8b0d17f202e63192a","isMergeCommit":true,"messageTitle":"Merge branch \u0027master\u0027 into branch-bugFixes","messageBody":"","fileTypesAndContributionMap":{}},{"hash":"32ebfaaa8e9bcfe4562b768d7702a7638035e4b6","isMergeCommit":false,"messageTitle":"Update local branch","messageBody":"","fileTypesAndContributionMap":{"functional-code":{"insertions":2,"deletions":1}}},{"hash":"42bcacbd1def0a8cb09f9983c9df5e84ef095024","isMergeCommit":true,"messageTitle":"Update local branch","messageBody":"","fileTypesAndContributionMap":{}},{"hash":"c5c7f9f4161d337779f4fc6f461aa51a8e86247e","isMergeCommit":false,"messageTitle":"CheckStyle changes","messageBody":"","fileTypesAndContributionMap":{"functional-code":{"insertions":3,"deletions":3}}},{"hash":"bd4fb97b6dacacf2d710c94671c7a140f28d00bf","isMergeCommit":false,"messageTitle":"Code style changes","messageBody":"","fileTypesAndContributionMap":{"test-code":{"insertions":5,"deletions":3}}},{"hash":"cdb0a602f5f1ad495218c2fcee5fa1eec8c6795d","isMergeCommit":true,"messageTitle":"Merge pull request #243 from gingerbreaf/branch-bugFixes","messageBody":"Remove Edit command and Changed Delete Person Command","fileTypesAndContributionMap":{}}]}],"zhikaiong2001":[{"date":"2024-03-02","commitResults":[{"hash":"89ffd59ea49bc4af13884fafc5f2bdca301f53f0","isMergeCommit":false,"messageTitle":"Edit AboutUs.md","messageBody":"","fileTypesAndContributionMap":{"docs":{"insertions":50,"deletions":4}}}]},{"date":"2024-03-03","commitResults":[{"hash":"042c626f12cb28bca481a4fde906d3025785a974","isMergeCommit":false,"messageTitle":"Edit UserGuide.md to include features from our own project","messageBody":"","fileTypesAndContributionMap":{"docs":{"insertions":67,"deletions":109}}}]},{"date":"2024-03-04","commitResults":[{"hash":"b6f349e8e140d56665d48b9a9fc5f04046deb58e","isMergeCommit":false,"messageTitle":"Edit AboutUs.md and zhikaiong2001.md","messageBody":"","fileTypesAndContributionMap":{"docs":{"insertions":4,"deletions":40}}},{"hash":"4820c4bba0c77de8442d9ce718092b531a54779e","isMergeCommit":true,"messageTitle":"Merge branch \u0027master\u0027 of https://github.com/zhikaiong2001/tp","messageBody":"","fileTypesAndContributionMap":{}}]},{"date":"2024-03-06","commitResults":[{"hash":"f7e127924b56fe32be4fb4eb0258b11c8f2647d3","isMergeCommit":true,"messageTitle":"Merge branch \u0027master\u0027 of https://github.com/zhikaiong2001/tp","messageBody":"","fileTypesAndContributionMap":{}}]},{"date":"2024-03-17","commitResults":[{"hash":"fc83bc3bf80d5a220f8621c9729e3f26a9b66860","isMergeCommit":false,"messageTitle":"Add DeleteInterviewCommand and the parser for it in order to handle deleting interview logic","messageBody":"","fileTypesAndContributionMap":{"functional-code":{"insertions":96,"deletions":0}}}]},{"date":"2024-03-19","commitResults":[{"hash":"5daf422061476491218aa09bba6f96edfd035489","isMergeCommit":false,"messageTitle":"Update UserGuide,md","messageBody":"","fileTypesAndContributionMap":{"docs":{"insertions":48,"deletions":37}}},{"hash":"1cf7c122dfb7ea97765e1b24d75b9f0451a13da5","isMergeCommit":false,"messageTitle":"Update UserGuide.md","messageBody":"","fileTypesAndContributionMap":{"docs":{"insertions":10,"deletions":9}}},{"hash":"b018e0562a29d47b201cdd5867e3efea92154d6a","isMergeCommit":false,"messageTitle":"Add Saving Functionality for interviews by creating a JsonAdaptedInterview class and implementing saving logic for interviews in the model","messageBody":"","fileTypesAndContributionMap":{"functional-code":{"insertions":120,"deletions":4}}},{"hash":"519b2cbd47b16d68edcec2c2ff7490132efdbb11","isMergeCommit":false,"messageTitle":"Fix test cases failing after adding save interviews functionality","messageBody":"","fileTypesAndContributionMap":{"functional-code":{"insertions":4,"deletions":2}}},{"hash":"e1967b9846bbdb0308d191a05b86506d11c18385","isMergeCommit":false,"messageTitle":"Update for checkstyle errors","messageBody":"","fileTypesAndContributionMap":{"functional-code":{"insertions":20,"deletions":15}}}]},{"date":"2024-03-20","commitResults":[{"hash":"bdcc5823a3f21c041122cf8a3094d4c1bce613ac","isMergeCommit":false,"messageTitle":"Update StorageClassDiagram.puml UML diagram to reflect changes done in v1,2","messageBody":"","fileTypesAndContributionMap":{"docs":{"insertions":6,"deletions":0}}},{"hash":"17ccf4f560f4ef96cf16eb4b3347b52427421635","isMergeCommit":true,"messageTitle":"Merge pull request #85 from zhikaiong2001/branch-umldiagram","messageBody":"Update StorageClassDiagram.puml UML diagram","fileTypesAndContributionMap":{}}]},{"date":"2024-03-25","commitResults":[{"hash":"1c35bfb1e771a8b48f28b1e005d0bac871b4af76","isMergeCommit":false,"messageTitle":"Add filtering of interviews by date functionality","messageBody":"","fileTypesAndContributionMap":{"functional-code":{"insertions":88,"deletions":1}}},{"hash":"1fc6c92b6bef9306db070b157c86c0130ea14e66","isMergeCommit":false,"messageTitle":"Add filtering interviews by date in the help window","messageBody":"","fileTypesAndContributionMap":{"functional-code":{"insertions":2,"deletions":1}}}]},{"date":"2024-03-26","commitResults":[{"hash":"eda53d7562f187f7339b2b614197d908cea933a2","isMergeCommit":false,"messageTitle":"Add a separate list showing interviews in the GUI","messageBody":"","fileTypesAndContributionMap":{"functional-code":{"insertions":220,"deletions":22},"test-code":{"insertions":1,"deletions":1}}},{"hash":"eb9990fb8d6c3d65ee7d79e73a60f91d6f15ac20","isMergeCommit":false,"messageTitle":"Remove trailing whitespace","messageBody":"","fileTypesAndContributionMap":{"functional-code":{"insertions":1,"deletions":1}}},{"hash":"5cf5b3af5c32f9b7db278da40b6ea8e549a5fd84","isMergeCommit":false,"messageTitle":"Reformat MainWindow.fxml","messageBody":"","fileTypesAndContributionMap":{"functional-code":{"insertions":56,"deletions":49}}},{"hash":"c0c9296dd07639490d1e6c3e248a0165b8cccca9","isMergeCommit":false,"messageTitle":"Remove typo","messageBody":"","fileTypesAndContributionMap":{"test-code":{"insertions":1,"deletions":1}}},{"hash":"ca99a0a9e661622cb49853d0fb0a9207e2b33b1e","isMergeCommit":false,"messageTitle":"Update tests to reflect changes in the abstract class","messageBody":"","fileTypesAndContributionMap":{"test-code":{"insertions":10,"deletions":0}}},{"hash":"830657d2bf68afb8becd1270d07c0f6035cb211d","isMergeCommit":true,"messageTitle":"Merge branch \u0027master\u0027 into branch-GUIListInterviews","messageBody":"","fileTypesAndContributionMap":{}},{"hash":"1ea722c5e22a04cc8d1355908fe8747af344265e","isMergeCommit":false,"messageTitle":"Update FilterInterviewByDate to show the filtered list in the GUI instead of in the result box","messageBody":"","fileTypesAndContributionMap":{"functional-code":{"insertions":6,"deletions":25}}},{"hash":"460bde5d5991a500528710d2a3efe36450608aac","isMergeCommit":false,"messageTitle":"Add logging in AddInterviewCommandParser.java","messageBody":"","fileTypesAndContributionMap":{"functional-code":{"insertions":5,"deletions":0}}}]},{"date":"2024-03-28","commitResults":[{"hash":"19f53ba9949c199469163f0976168f6451238266","isMergeCommit":false,"messageTitle":"Update DeveloperGuide.md to include saving\u0027s implementation","messageBody":"","fileTypesAndContributionMap":{"docs":{"insertions":76,"deletions":0}}},{"hash":"39a8ddf4acd425080f45addeb87dda89cf54a4a4","isMergeCommit":true,"messageTitle":"Merge pull request #123 from zhikaiong2001/branch-UpdateDeveloperGuideAndDiagram","messageBody":"Update DeveloperGuide.md to include saving\u0027s implementation","fileTypesAndContributionMap":{}},{"hash":"84b6f679dddf983d20632cec0a6e2555034fe731","isMergeCommit":false,"messageTitle":"Fix activation bars of sequence diagram","messageBody":"","fileTypesAndContributionMap":{"docs":{"insertions":12,"deletions":3}}},{"hash":"b95af9d40174de2d279e2175a8b2055e8ed0b7c8","isMergeCommit":false,"messageTitle":"Fix activation bar of sequence diagram","messageBody":"","fileTypesAndContributionMap":{"docs":{"insertions":1,"deletions":0}}}]},{"date":"2024-04-01","commitResults":[{"hash":"aadf3fc48d0ca3df17a01a8f5311a0eb3c31b33e","isMergeCommit":true,"messageTitle":"Merge pull request #137 from headcube1/branch-tests","messageBody":"Create Junit tests for AddInterviewCommandParser","fileTypesAndContributionMap":{}},{"hash":"a4f14a81be161b716b6bd07f23e26471c105c884","isMergeCommit":false,"messageTitle":"Add JUnit tests for listing interviews, saving of interviews and deleting interviews","messageBody":"","fileTypesAndContributionMap":{"functional-code":{"insertions":9,"deletions":8},"test-code":{"insertions":334,"deletions":12}}},{"hash":"aec2ab1f9b35ce2fa2445f25300b9ccc750cbb59","isMergeCommit":false,"messageTitle":"Fix checkstyle issues","messageBody":"","fileTypesAndContributionMap":{"functional-code":{"insertions":1,"deletions":1},"test-code":{"insertions":48,"deletions":32}}},{"hash":"6208d846c1c496d4cc8318a8e16067ac139e8ec4","isMergeCommit":true,"messageTitle":"Add tests for saving,deleting and saving of interviews","messageBody":"","fileTypesAndContributionMap":{}},{"hash":"bcd6dd712f9c4122817661ab8993efd7654d7521","isMergeCommit":false,"messageTitle":"Fix small bug in AddInterviewCommandParserTest","messageBody":"","fileTypesAndContributionMap":{"test-code":{"insertions":4,"deletions":6}}},{"hash":"d6e81fd96a29c8a2b74947b66e366d514ed7e5db","isMergeCommit":false,"messageTitle":"Fix checkstyle issues","messageBody":"","fileTypesAndContributionMap":{"test-code":{"insertions":18,"deletions":14}}},{"hash":"8a3df93862715dcd930d6be8c6b683215888f4cf","isMergeCommit":false,"messageTitle":"Fix checkstyle issues","messageBody":"","fileTypesAndContributionMap":{"test-code":{"insertions":6,"deletions":4}}}]},{"date":"2024-04-03","commitResults":[{"hash":"f60843b74aaf58bdf69be75ffb8e0d423009e8d0","isMergeCommit":false,"messageTitle":"Update UserGuide.md","messageBody":"","fileTypesAndContributionMap":{"docs":{"insertions":13,"deletions":4}}}]},{"date":"2024-04-08","commitResults":[{"hash":"00c90895919c5f48378030d7dda703f6c96942a2","isMergeCommit":false,"messageTitle":"Fix minor bug in FilterInterviewsByDateCommand.java so that empty list is shown when no there are no matching results","messageBody":"","fileTypesAndContributionMap":{"functional-code":{"insertions":5,"deletions":2}}},{"hash":"f6963ea9d5a350c339961ac1fa25fe88e1c83e95","isMergeCommit":false,"messageTitle":"Add remark documentation to UserGuide.md and help window","messageBody":"","fileTypesAndContributionMap":{"functional-code":{"insertions":2,"deletions":1},"docs":{"insertions":33,"deletions":18}}},{"hash":"8db7831cc3c862d96519d283e693b5eb73a89a35","isMergeCommit":true,"messageTitle":"Merge pull request #238 from zhikaiong2001/branch-AddRemarkToUGandHelp","messageBody":"Add remark documentation to UserGuide.md and help window","fileTypesAndContributionMap":{}},{"hash":"9d0eeced6b96a5a35e37e51e995b0af93d2eff5a","isMergeCommit":false,"messageTitle":"Remove deliberate tagging functionality and update test cases","messageBody":"","fileTypesAndContributionMap":{"functional-code":{"insertions":4,"deletions":2},"docs":{"insertions":22,"deletions":20},"test-code":{"insertions":18,"deletions":42}}},{"hash":"4e06b7313af3358eb95cb6d20edfa1d5beb8014d","isMergeCommit":false,"messageTitle":"Fix checkstyle errors","messageBody":"","fileTypesAndContributionMap":{"test-code":{"insertions":18,"deletions":9}}},{"hash":"b7b60b5c74c377083bdc1e26f9645fbe5c2e0b98","isMergeCommit":false,"messageTitle":"Update HelpWindow to include clear command","messageBody":"","fileTypesAndContributionMap":{"functional-code":{"insertions":2,"deletions":1}}}]}],"macareonie":[{"date":"2024-02-27","commitResults":[{"hash":"5a22189e801099b803407e73958a4042a2ae349d","isMergeCommit":false,"messageTitle":"Complete tP AB3 Tutorial","messageBody":"The tutorial consists of making changes to the existing codebase by\nadding a Remark feature and removing the Address field.\n\nwith respect to our tP, both changes are likely to be kept as they are\nrelevant.\n\nLet\u0027s,\n * Implement Remark feature and update all dependent code components.\n * Update JSON data and add tests for Remark feature.\n * Remove Address class and all instances of Address.\n * Update JSON data and remove all tests including Address field.\n","fileTypesAndContributionMap":{"functional-code":{"insertions":283,"deletions":230},"test-code":{"insertions":331,"deletions":359}}}]},{"date":"2024-03-02","commitResults":[{"hash":"d1a59246b9d11a0459f08b8846ffed2331f1adca","isMergeCommit":false,"messageTitle":"Resolve Checkstyle violations","messageBody":"Current code iteration violates various checkstyle guidelines and fails\nContinuous Integration checks.\n\nLet\u0027s,\n * Review checkstyle errors and correct them.\n","fileTypesAndContributionMap":{"functional-code":{"insertions":38,"deletions":30},"test-code":{"insertions":18,"deletions":15}}},{"hash":"8b094942c96300cdb9039ccfeec72adcaddbbbc2","isMergeCommit":false,"messageTitle":"Edit AboutUs.md","messageBody":"Add image and edit github link in AboutUs.md file.\n","fileTypesAndContributionMap":{"docs":{"insertions":50,"deletions":4}}}]},{"date":"2024-03-03","commitResults":[{"hash":"b197b8f85b111b8d4e6ebb4850256c381f00e647","isMergeCommit":false,"messageTitle":"Update DG for v1.1","messageBody":"Update user profile, value proposition and use cases to match our team\u0027s\nproposed project direction.\n","fileTypesAndContributionMap":{"docs":{"insertions":18,"deletions":12}}},{"hash":"6abf78bb1469a6dd2e44e9a99d154769bc4821ad","isMergeCommit":false,"messageTitle":"Update DG for v1.1","messageBody":"Add relevant terms to Glossary section.\n","fileTypesAndContributionMap":{"docs":{"insertions":4,"deletions":0}}}]},{"date":"2024-03-04","commitResults":[{"hash":"834a587a1b1142f47e0be37a3695ab90f16720de","isMergeCommit":false,"messageTitle":"Update personal role in AboutUs","messageBody":"","fileTypesAndContributionMap":{"docs":{"insertions":4,"deletions":39}}}]},{"date":"2024-03-06","commitResults":[{"hash":"6c688fa9363c851827646b2dbfcbc2db977f75ef","isMergeCommit":false,"messageTitle":"Fix nits for v1.1","messageBody":"Rename image file extension from .PNG to .png to comply with\nrequirements.\n\nResize individual profile images such that they are of same size.\n","fileTypesAndContributionMap":{"docs":{"insertions":5,"deletions":5}}},{"hash":"af2ffcd7326481a56ebbb3aadf5ff4eae49935bb","isMergeCommit":true,"messageTitle":"Merge pull request #35 from macareonie/branch-fixNits","messageBody":"Fix nits for v1.1","fileTypesAndContributionMap":{}}]},{"date":"2024-03-10","commitResults":[{"hash":"c9dd1ec0324a9af744226ee9f1f1a5a3263eb0d9","isMergeCommit":false,"messageTitle":"Add Applicant type","messageBody":"To fit the requirements of out tP idea, just having a Person class is\ninsufficient. There needs to be a more specific class for\ndifferentiation with other Person types to be implemented in the future.\n\nLet\u0027s,\n * Add an Applicant class.\n * Add the corresponding Command and CommandParser classes.\n * Update related test cases.\n","fileTypesAndContributionMap":{"functional-code":{"insertions":98,"deletions":44},"other":{"insertions":28,"deletions":28},"test-code":{"insertions":3,"deletions":3}}},{"hash":"a71be0cee2a4aac240b7e40cae1b5c6b291a2e82","isMergeCommit":true,"messageTitle":"Merge branch \u0027AY2324S2-CS2103T-F11-3:master\u0027 into add-applicant-type","messageBody":"","fileTypesAndContributionMap":{}},{"hash":"e8d8c51658bdec8454287c69818da4d2e9541fdd","isMergeCommit":false,"messageTitle":"Edit code comments and function names","messageBody":"","fileTypesAndContributionMap":{"functional-code":{"insertions":5,"deletions":5},"test-code":{"insertions":2,"deletions":2}}},{"hash":"458a7d53386b3b13e2dc6502a40b744b092b97ee","isMergeCommit":false,"messageTitle":"Edit nits in naming","messageBody":"","fileTypesAndContributionMap":{"functional-code":{"insertions":2,"deletions":2}}},{"hash":"f30fad302dbc0b1b7c0d4bc6dbe8575df4447253","isMergeCommit":true,"messageTitle":"Merge branch \u0027add-applicant-type\u0027 of https://github.com/macareonie/tp into add-applicant-type","messageBody":"","fileTypesAndContributionMap":{}},{"hash":"656854f8f225b65985ea1f70a153fd8125980aa8","isMergeCommit":false,"messageTitle":"Update Junit tests","messageBody":"","fileTypesAndContributionMap":{"functional-code":{"insertions":1,"deletions":0},"test-code":{"insertions":19,"deletions":16}}},{"hash":"a408416e8b4776f41305581ac2b616635bd429d2","isMergeCommit":false,"messageTitle":"Modify Delete type","messageBody":"Delete originally makes use of indexes to function.\nIt now will make use of Person\u0027s Phone instead.\n","fileTypesAndContributionMap":{"functional-code":{"insertions":26,"deletions":15},"test-code":{"insertions":29,"deletions":29}}},{"hash":"e23c6ba928e901bcdd45ccdb61d12c6f1bb5634b","isMergeCommit":false,"messageTitle":"Resolve Checkstyle violations","messageBody":"","fileTypesAndContributionMap":{"functional-code":{"insertions":0,"deletions":1},"test-code":{"insertions":5,"deletions":5}}}]},{"date":"2024-03-17","commitResults":[{"hash":"036a5a14fa7d30fe961fc47625462f85d74e3008","isMergeCommit":false,"messageTitle":"Resolve checkstyle violations","messageBody":"Resolve checkstyle violations in main directory.\n","fileTypesAndContributionMap":{"functional-code":{"insertions":116,"deletions":55}}},{"hash":"0ec7bd3d008da4bc9eb08091cb6f890cfdd871d4","isMergeCommit":false,"messageTitle":"Fix small checkstyle issue","messageBody":"","fileTypesAndContributionMap":{"functional-code":{"insertions":3,"deletions":3}}},{"hash":"e4e6e3bcbb475baa7e0f69527627e4f833edc3ae","isMergeCommit":false,"messageTitle":"Resolve bugs caused by refactoring","messageBody":"Multiple JUnit test files had issues and were failing after merging from\ndifferent forks and branches.\n\nAdd and update missing as well as outdated code segments to ensure that\nContinuous Integration checks pass.\n","fileTypesAndContributionMap":{"test-code":{"insertions":104,"deletions":25}}}]},{"date":"2024-03-19","commitResults":[{"hash":"79252c913d7fd2bb7fdd19a8459488d4766f4fb6","isMergeCommit":true,"messageTitle":"Merge pull request #75 from headcube1/master","messageBody":"Create exceptions for incorrect phone numbers for AddInterviewCommand","fileTypesAndContributionMap":{}},{"hash":"19c5dfe4f331719e235c74e5112fb9187e895ce2","isMergeCommit":true,"messageTitle":"Merge pull request #78 from zhikaiong2001/branch_userguide","messageBody":"Update UserGuide.md","fileTypesAndContributionMap":{}},{"hash":"7f74d4b7b6018b2fa7987eb4638523254466e29a","isMergeCommit":false,"messageTitle":"Update Documentation and small changes","messageBody":"Documentation as per the previous merge/commit had checkstyle violations that require fixing.\n\nReskinning of the product to our proposed Tether product still requires\nchanges in code comments etc.\n\nHelp command requires tweaking to display the correct URL link.\n\nLet\u0027s,\n * Update all documentation to reflect v1.2 changes.\n * Change instances of \"talent tracker\" to \"Tether\".\n * Change applicable instance of \"AddressBook\" to \"Tether\".\n * Update the URL link displayed in the Help window GUI.\n","fileTypesAndContributionMap":{"functional-code":{"insertions":25,"deletions":22},"other":{"insertions":1,"deletions":1},"docs":{"insertions":44,"deletions":43}}},{"hash":"7e36b3cb78f6c83f4c698fdb22c810626ccd96de","isMergeCommit":false,"messageTitle":"Fix bugs occuring in JUnit tests","messageBody":"Previous changes to code affected the JUnit tests and require\nmodification.\n","fileTypesAndContributionMap":{"functional-code":{"insertions":10,"deletions":8},"test-code":{"insertions":47,"deletions":34}}},{"hash":"d68634b211b0a92a3c3ca0493231069b060a63e2","isMergeCommit":false,"messageTitle":"Edit DG header","messageBody":"","fileTypesAndContributionMap":{"docs":{"insertions":1,"deletions":1}}},{"hash":"547deb29765fba71c2b22b61fdee730b496e9f84","isMergeCommit":true,"messageTitle":"Merge pull request #79 from macareonie/docs_and_minor_changes","messageBody":"Docs and minor changes","fileTypesAndContributionMap":{}},{"hash":"18aefc0fc4edc1fe3c69a7c3cbcb524645a8b5e4","isMergeCommit":true,"messageTitle":"Merge branch \u0027master\u0027 into branch-update-usage-instructions","messageBody":"","fileTypesAndContributionMap":{}},{"hash":"e2f385b8a8f557f8bfcfcd4a824405bc1c09aba7","isMergeCommit":true,"messageTitle":"Merge pull request #80 from yashpola/branch-update-usage-instructions","messageBody":"Add a brief help summary in help window for easier reference","fileTypesAndContributionMap":{}},{"hash":"0b1ca684e968658499bda9b9bd545e357839ff3f","isMergeCommit":false,"messageTitle":"Update Sequence diagrams","messageBody":"UML diagrams reflecting the previous \"delete\" implementation requires\nchange.\n","fileTypesAndContributionMap":{"docs":{"insertions":6,"deletions":6}}},{"hash":"97d94a752dedbcbbbc5083ab8a11cbe6a72bbadb","isMergeCommit":true,"messageTitle":"Merge pull request #84 from zhikaiong2001/branch-SavingInterviews","messageBody":"Add saving functionality for interviews","fileTypesAndContributionMap":{}}]},{"date":"2024-03-24","commitResults":[{"hash":"bf2cbc15d380c5f4010c58bbbf1283064af6e471","isMergeCommit":false,"messageTitle":"Add FindCommand variants","messageBody":"FindCommand allows only for searching by name.\n\nIt would be beneficial to add flexibility to the find command by\nallowing keywords to find persons not only by name, but by phone and\nemail as well.\n\nLet\u0027s,\n * Add FindName/Phone/Email Commands with their respective Parser and\n   Predicate classes.\n * Update Help window to include find command,\n * Update all relevant existing JUnit tests for FindNameCommand.\n * Add new JUnit tests for other FindCommand variants.\n","fileTypesAndContributionMap":{"functional-code":{"insertions":345,"deletions":50},"other":{"insertions":26,"deletions":25},"test-code":{"insertions":445,"deletions":6}}}]},{"date":"2024-03-25","commitResults":[{"hash":"20d1e26920dd8b938fee91ca4a0a5631bb1fef7f","isMergeCommit":true,"messageTitle":"Merge pull request #98 from yashpola/branch-add-status-extensions","messageBody":"Add status extensions","fileTypesAndContributionMap":{}}]},{"date":"2024-03-26","commitResults":[{"hash":"ecb120aa4f92492ef7e8d22f99fe752a5dcd25ff","isMergeCommit":false,"messageTitle":"Update Developer Guide for v1.3","messageBody":"The implementation section under the Developer Guide now includes\ndescription on the Find feature.\n","fileTypesAndContributionMap":{"docs":{"insertions":106,"deletions":68}}},{"hash":"4c40d9e101c64a20c7350e0d5bb777b510d58932","isMergeCommit":false,"messageTitle":"Fix checkstyle errors","messageBody":"","fileTypesAndContributionMap":{"docs":{"insertions":4,"deletions":7}}}]},{"date":"2024-03-27","commitResults":[{"hash":"6ac396692dddf42d79769df6ec42ba47404f2c62","isMergeCommit":false,"messageTitle":"Edit DG","messageBody":"","fileTypesAndContributionMap":{"docs":{"insertions":7,"deletions":5}}},{"hash":"01140088927f34ad8d5a01d6182075b5397563c0","isMergeCommit":true,"messageTitle":"Merge pull request #116 from headcube1/branch-Edit-GUI","messageBody":"Resize GUI box sizes and Font","fileTypesAndContributionMap":{}}]},{"date":"2024-03-30","commitResults":[{"hash":"8de3536f902b1e532fc8c0bf3f1d9f04242495fa","isMergeCommit":true,"messageTitle":"Merge pull request #132 from headcube1/master","messageBody":"Fix GUI","fileTypesAndContributionMap":{}}]},{"date":"2024-04-02","commitResults":[{"hash":"1598862a4cc43b9cfe808d6b7762c87b4a984e1c","isMergeCommit":false,"messageTitle":"Update UserGuide","messageBody":"Update relevant userguide documentation pertaining to list_persons,\nlist_interviews and find command variants.\n","fileTypesAndContributionMap":{"docs":{"insertions":31,"deletions":3}}},{"hash":"3ae451349ce6c61720626d4f9111a23985af4703","isMergeCommit":true,"messageTitle":"Merge pull request #145 from gingerbreaf/master","messageBody":"Add JUnit Test for Interview, UniqueInterviewList, ModelManager, AddressBook","fileTypesAndContributionMap":{}}]},{"date":"2024-04-08","commitResults":[{"hash":"dcf21a53cc899eb062f7ca0729da10cd483c9eae","isMergeCommit":false,"messageTitle":"Fix bug with duplicate persons check","messageBody":"AddApplicant and AddInterviewer now properly checks that for persons with\nduplicate phone number OR email and ensures that an error message will\nbe thrown stating that the person already exists in Tether.\n\nRelevant Junit tests and Stubs have been updated accordingly.\n","fileTypesAndContributionMap":{"functional-code":{"insertions":33,"deletions":6},"test-code":{"insertions":22,"deletions":0}}},{"hash":"14bbfce16dda53f440a8cba509b454ac150bf654","isMergeCommit":false,"messageTitle":"Update UserGuide after PE-D","messageBody":"Clear command feature description has been addedd\n\nFind Command description has been modified to explain unexpected\noutputs. Visuals and explicit examples have been added to provide\ngreater clarity.\n","fileTypesAndContributionMap":{"docs":{"insertions":55,"deletions":18}}},{"hash":"400e6eb368f2be324568504b51511ee3bb842f38","isMergeCommit":false,"messageTitle":"Update command summary for Find","messageBody":"","fileTypesAndContributionMap":{"docs":{"insertions":16,"deletions":19}}},{"hash":"15853630ba60dde77f61575af1bb700e2363f03e","isMergeCommit":true,"messageTitle":"Merge branch \u0027master\u0027 into ug-fixes","messageBody":"","fileTypesAndContributionMap":{}},{"hash":"c7bff9d3760d40fe7e7a50cc350617d6a5ae4ba0","isMergeCommit":true,"messageTitle":"Merge pull request #240 from headcube1/branch-ug-bug-fixes","messageBody":"Edit UG for Help, AddInterview, AddApplicant and AddInterviewer commands","fileTypesAndContributionMap":{}},{"hash":"fa847252631440202ad004958173dfa4fd088a1e","isMergeCommit":true,"messageTitle":"Merge pull request #242 from headcube1/branch-UG-fixes","messageBody":"Edit UG errors","fileTypesAndContributionMap":{}},{"hash":"30c05c6da2f8c73232032050334b9905640f2a98","isMergeCommit":true,"messageTitle":"Merge pull request #245 from zhikaiong2001/branch-UpdateHelp","messageBody":"Update HelpWindow to include clear command","fileTypesAndContributionMap":{}}]},{"date":"2024-04-09","commitResults":[{"hash":"cf4ffea1ad9bc60e5f8085e56763594cb3b2fd93","isMergeCommit":true,"messageTitle":"Merge pull request #246 from yashpola/branch-v1.4","messageBody":"Fix UG status bugs, overhaul UG format, revert illegal mod in filter status","fileTypesAndContributionMap":{}},{"hash":"5f42a1c93b9329335cc80f2c3980018d6bed2d7a","isMergeCommit":false,"messageTitle":"Remove unnecessary code parts","messageBody":"Recent changes to add applicant and interviewer functionalities have\nbeen reverted to comply with v1.4 feature freeze.\n\nUpon greater inspection of code, certain checks for duplicate fields in\nthe above code have been removed as it caused confusion. Intended\nfunctionailty was already implemented in earlier versions.\n\nUser Guide documentation for add applicants and interviewers have been\nslightly modifed for greater clarity.\n","fileTypesAndContributionMap":{"functional-code":{"insertions":5,"deletions":61},"docs":{"insertions":4,"deletions":2},"test-code":{"insertions":6,"deletions":60}}}]},{"date":"2024-04-12","commitResults":[{"hash":"bafaaf38fc6dc4d521309017893bdcade651d235","isMergeCommit":true,"messageTitle":"Merge pull request #250 from yashpola/branch-yashwitAboutUs","messageBody":"Update PPP","fileTypesAndContributionMap":{}}]}]},"authorFileTypeContributionMap":{"headcube1":{"docs":194,"functional-code":325,"test-code":303},"yashpola":{"docs":512,"functional-code":1162,"test-code":555,"other":4},"gingerbreaf":{"docs":136,"functional-code":381,"test-code":647},"zhikaiong2001":{"docs":124,"functional-code":473,"test-code":400},"macareonie":{"docs":206,"functional-code":766,"test-code":740,"other":1}},"authorContributionVariance":{"headcube1":4179.801,"yashpola":33892.203,"gingerbreaf":35511.527,"zhikaiong2001":10102.39,"macareonie":47277.613},"authorDisplayNameMap":{"headcube1":"CS2103T-F11-3 WESL..N YU","yashpola":"CS2103T-F11-3 YASH..GADA","gingerbreaf":"CS2103T-F11-3 JIAN..OWEI","zhikaiong2001":"CS2103T-F11-3 ONG .. KAI","macareonie":"CS2103T-F11-3 RYAN..YANG"}}
