{"authorDailyContributionsMap":{"KiatLun":[{"date":"2024-03-07","commitResults":[{"hash":"43d03076e8737068e4c16696ba84181aac2f8293","isMergeCommit":false,"messageTitle":"Added my info on AboutUs.md","messageBody":"","fileTypesAndContributionMap":{"docs":{"insertions":3,"deletions":3}}}]},{"date":"2024-03-08","commitResults":[{"hash":"b5e150f3c5be3c2eb86e585f1c7cbe6256e1129c","isMergeCommit":false,"messageTitle":"Added additional info on me on AboutUs.md","messageBody":"","fileTypesAndContributionMap":{"docs":{"insertions":2,"deletions":2}}}]},{"date":"2024-03-11","commitResults":[{"hash":"75c0e87597efd514346b2df7a34598bd0aaafb1f","isMergeCommit":false,"messageTitle":"Added new Non-Functional Requirements","messageBody":"","fileTypesAndContributionMap":{"docs":{"insertions":6,"deletions":0}}}]},{"date":"2024-03-21","commitResults":[{"hash":"d9fc7e2245d080ad1d29a2b63de9139a3c78042c","isMergeCommit":false,"messageTitle":"Implemented MarkTaskCommand","messageBody":"","fileTypesAndContributionMap":{"functional-code":{"insertions":137,"deletions":0},"test-code":{"insertions":5,"deletions":0}}},{"hash":"38bdb52c57c984286a14358229c1da40e0adc6ce","isMergeCommit":false,"messageTitle":"Modify UML and user guide","messageBody":"","fileTypesAndContributionMap":{"docs":{"insertions":16,"deletions":0}}},{"hash":"f639070c1c8b7327419c1464f64b6fe166961baf","isMergeCommit":true,"messageTitle":"Merge pull request #65 from KiatLun/Branch-modifyUML-UserGuide","messageBody":"Modify UML and user guide","fileTypesAndContributionMap":{}}]},{"date":"2024-03-29","commitResults":[{"hash":"d50b8481e83e89b94bbba340b514a4b9a10d8556","isMergeCommit":false,"messageTitle":"Made new ReassignTaskCommand","messageBody":"","fileTypesAndContributionMap":{"functional-code":{"insertions":160,"deletions":1},"test-code":{"insertions":30,"deletions":0}}},{"hash":"3fbd6d0f776cba792b76311eedc51a3efbe4f632","isMergeCommit":false,"messageTitle":"Update Userguide","messageBody":"","fileTypesAndContributionMap":{"docs":{"insertions":11,"deletions":0}}},{"hash":"b763fccde796554ea17ad6a3051e0340e0820da9","isMergeCommit":true,"messageTitle":"Merge branch \u0027master\u0027 into Branch-Reassign-Tasks","messageBody":"","fileTypesAndContributionMap":{}},{"hash":"9c11cba2df97c5f2e70c874c674b21b40b47e552","isMergeCommit":true,"messageTitle":"Merge pull request #78 from KiatLun/Branch-Reassign-Tasks","messageBody":"Made new ReassignTaskCommand","fileTypesAndContributionMap":{}}]}],"yiwern5":[{"date":"2024-02-26","commitResults":[{"hash":"6f56dc07d867733f444ba907d97d818fb135ef56","isMergeCommit":false,"messageTitle":"Configure MarkBind","messageBody":"","fileTypesAndContributionMap":{"docs":{"insertions":1,"deletions":1}}},{"hash":"cd676177dcfec166a93be5b66897d883194aa9d0","isMergeCommit":true,"messageTitle":"Merge pull request #1 from AY2324S2-CS2103T-T14-1/switch-docs-to-markbind","messageBody":"Switch docs to markbind","fileTypesAndContributionMap":{}}]},{"date":"2024-03-04","commitResults":[{"hash":"49f56bf1f16bc1b4f9b45fab550e3193cf15deee","isMergeCommit":false,"messageTitle":"Adding Command","messageBody":"Tutorial\n","fileTypesAndContributionMap":{"functional-code":{"insertions":314,"deletions":118},"test-code":{"insertions":169,"deletions":15}}},{"hash":"4768e4fe53a49a57f47be123d799d9ec400714d8","isMergeCommit":false,"messageTitle":"Fix Adding Command","messageBody":"Checkstyle and run tests\n","fileTypesAndContributionMap":{"functional-code":{"insertions":61,"deletions":54},"test-code":{"insertions":135,"deletions":135}}}]},{"date":"2024-03-05","commitResults":[{"hash":"511c44cecc89f2f6718ac05c43a82e68f9c0943a","isMergeCommit":false,"messageTitle":"About Us and DG","messageBody":"Update photo and product name\n","fileTypesAndContributionMap":{"docs":{"insertions":6,"deletions":6}}}]},{"date":"2024-03-06","commitResults":[{"hash":"446b52e4df9e8f787e4d738af25433ea859cb1b8","isMergeCommit":false,"messageTitle":"About Us and Project Website","messageBody":"Update github link and title prefix\n","fileTypesAndContributionMap":{"docs":{"insertions":3,"deletions":5}}},{"hash":"66eef5ead03625a386d197d4c9e6868cb75914eb","isMergeCommit":true,"messageTitle":"About Us and Project Website","messageBody":"About Us and Project Website","fileTypesAndContributionMap":{}}]},{"date":"2024-03-07","commitResults":[{"hash":"24a0de7bdaa4cf9f639aa2b0c2827d0b141f9046","isMergeCommit":false,"messageTitle":"Update README and About Us pic","messageBody":"update readme\n","fileTypesAndContributionMap":{"docs":{"insertions":36,"deletions":11}}},{"hash":"db1d6daf8f792e304e3f080044ad5adb9b78730e","isMergeCommit":false,"messageTitle":"Update README and About Us pic","messageBody":"update readme\n","fileTypesAndContributionMap":{"docs":{"insertions":1,"deletions":1}}},{"hash":"49b61ee830e2022f0ad3f7ee85a1be83bc699b3d","isMergeCommit":true,"messageTitle":"Update README and About Us pic","messageBody":"Update README and About Us pic","fileTypesAndContributionMap":{}},{"hash":"0b2d156d686edcf31212432072f11f5100e0351b","isMergeCommit":false,"messageTitle":"Update Dev Guide","messageBody":"Glossary\n","fileTypesAndContributionMap":{"docs":{"insertions":4,"deletions":2}}}]},{"date":"2024-03-08","commitResults":[{"hash":"813edfe8872fc1821e9047efac564c7b6150d43a","isMergeCommit":true,"messageTitle":"Merge pull request #36 from yiwern5/yw-dg","messageBody":"Update Dev Guide","fileTypesAndContributionMap":{}}]},{"date":"2024-03-14","commitResults":[{"hash":"4b95a7ba045a86b53e9430efa12a8d30c0a6c81d","isMergeCommit":false,"messageTitle":"Update Project Website Homepage","messageBody":"updated CI status and codecov\n","fileTypesAndContributionMap":{"docs":{"insertions":3,"deletions":3}}},{"hash":"a152d25afcbd0528aa479a79d9e55c423cb7d098","isMergeCommit":true,"messageTitle":"Merge branch \u0027master\u0027 of https://github.com/yiwern5/tp into yw-dg","messageBody":"","fileTypesAndContributionMap":{}},{"hash":"3162c5449a16eee4cfec8ba4df59c3c7b858273a","isMergeCommit":false,"messageTitle":"Update Project Website Homepage","messageBody":"updated CI status and codecov\n","fileTypesAndContributionMap":{"docs":{"insertions":2,"deletions":2}}},{"hash":"7c13140fc1b7977c92512c05b19cda97165255a9","isMergeCommit":true,"messageTitle":"Merge pull request #46 from yiwern5/yw-dg","messageBody":"Codecov badge","fileTypesAndContributionMap":{}}]},{"date":"2024-03-17","commitResults":[{"hash":"c99f6a9e245e61f1ed6c64427e497ea4c210ba39","isMergeCommit":false,"messageTitle":"Change UI Layout","messageBody":"adapted UI to our mock up, result display not done yet\n","fileTypesAndContributionMap":{"functional-code":{"insertions":126,"deletions":86}}},{"hash":"2a4a485e855078a220b82bf6ca9cbf38ff965844","isMergeCommit":false,"messageTitle":"Change UI Layout","messageBody":"added notes section\n","fileTypesAndContributionMap":{"functional-code":{"insertions":40,"deletions":26}}}]},{"date":"2024-03-18","commitResults":[{"hash":"802b1d4f5ad000a6d87a3bd1d4bbae99b4cafefd","isMergeCommit":false,"messageTitle":"Add department","messageBody":"able to assign a person to department\n","fileTypesAndContributionMap":{"functional-code":{"insertions":160,"deletions":19},"test-code":{"insertions":182,"deletions":49}}},{"hash":"13aa58c400b020801d7d3bb2876aab6e08daa070","isMergeCommit":true,"messageTitle":"Merge pull request #49 from yiwern5/branch-assign-department","messageBody":"Add department","fileTypesAndContributionMap":{}},{"hash":"57e2453b50fec8b8cb861236d3cf6706f86d0675","isMergeCommit":false,"messageTitle":"Change UML and user guide","messageBody":"add command docs\n","fileTypesAndContributionMap":{"docs":{"insertions":9,"deletions":5}}},{"hash":"444ad84089508a70c8ae87b8d110e278ff9d80e6","isMergeCommit":true,"messageTitle":"Merge pull request #52 from yiwern5/yiwern-uml","messageBody":"Change UML and user guide","fileTypesAndContributionMap":{}}]},{"date":"2024-03-20","commitResults":[{"hash":"3ab920c4230d1151d42f3c570bb81854bf9e2a1b","isMergeCommit":false,"messageTitle":"Edit department","messageBody":"allow users to edit department name\n","fileTypesAndContributionMap":{"functional-code":{"insertions":1,"deletions":1}}},{"hash":"40e43c3089653c4440a8f87b8aaf2fd1bb871d53","isMergeCommit":true,"messageTitle":"Merge pull request #55 from yiwern5/branch-edit-department","messageBody":"Edit department","fileTypesAndContributionMap":{}}]},{"date":"2024-03-25","commitResults":[{"hash":"24448b2b2d1c08b41229b603586ba7a65b68cb87","isMergeCommit":false,"messageTitle":"DG, UG and help command","messageBody":"Update developer guide, user guide and help command\n","fileTypesAndContributionMap":{"functional-code":{"insertions":1,"deletions":1},"docs":{"insertions":53,"deletions":49}}},{"hash":"61bde3a8cd3fd873cc1151a9e3a95f841d593c18","isMergeCommit":true,"messageTitle":"Merge pull request #67 from yiwern5/yw-ug","messageBody":"DG, UG and help command","fileTypesAndContributionMap":{}},{"hash":"6395a623b69ca012befaf8cd1978369639c162ac","isMergeCommit":false,"messageTitle":"Update person card ui","messageBody":"modified efficiency layout and colour\n","fileTypesAndContributionMap":{"functional-code":{"insertions":36,"deletions":25},"docs":{"insertions":1,"deletions":1}}},{"hash":"2be2d20e1c5663e76344f21eec02d5782723edd1","isMergeCommit":false,"messageTitle":"Update person card ui","messageBody":"modified efficiency layout and colour\n","fileTypesAndContributionMap":{"functional-code":{"insertions":0,"deletions":1}}}]},{"date":"2024-03-27","commitResults":[{"hash":"87ccc53bf237e9b7ef3b34be1e715229c462d5eb","isMergeCommit":false,"messageTitle":"Undo command, redo command, history command and bug fix","messageBody":"- added undo command (bugs: unable to undo assign task and assign another task to the same person, possibly due to task is not written to the storage yet but person is busy)\n- added redo command\n- added history command\n- tested for undo, redo and history\n- fixed delete command\n- fixed mark task command\n","fileTypesAndContributionMap":{"functional-code":{"insertions":494,"deletions":41},"test-code":{"insertions":903,"deletions":35}}},{"hash":"de19003fe3d4035cee7878dd6301817fa7424ec4","isMergeCommit":false,"messageTitle":"Fixed filter efficiency command","messageBody":"","fileTypesAndContributionMap":{"functional-code":{"insertions":2,"deletions":1},"test-code":{"insertions":3,"deletions":1}}}]},{"date":"2024-03-28","commitResults":[{"hash":"6ffbd711b23f5b59ff6565460c4b4d563860348e","isMergeCommit":false,"messageTitle":"Updated DG and UG for new commands","messageBody":"undo, redo and history\n","fileTypesAndContributionMap":{"docs":{"insertions":52,"deletions":26}}},{"hash":"997d3721f384b8440f9a3ca7448fbd823e633a97","isMergeCommit":true,"messageTitle":"Merge pull request #69 from yiwern5/branch-ui-v2","messageBody":"Branch UI v2","fileTypesAndContributionMap":{}},{"hash":"24e4cd0923096afb96e4cffa1911c5d1f0d33d12","isMergeCommit":true,"messageTitle":"Merge pull request #74 from yiwern5/branch-undo-redo-history-dg","messageBody":"Updated DG and UG for new commands","tags":["v1.3(trial)"],"fileTypesAndContributionMap":{}},{"hash":"f1d50f8039d11992b48f87338bbc4048e35adf2e","isMergeCommit":false,"messageTitle":"Enable assertions","messageBody":"","fileTypesAndContributionMap":{"other":{"insertions":5,"deletions":1}}},{"hash":"ffde5c857b0b555d4f8870adc8e8d69f51ff783b","isMergeCommit":false,"messageTitle":"Enable assertions","messageBody":"","fileTypesAndContributionMap":{"other":{"insertions":5,"deletions":1}}},{"hash":"d5ed04d8de39c1b93279a7a137b158a1e91323b0","isMergeCommit":true,"messageTitle":"Merge pull request #75 from yiwern5/branch-gradle-assertion","messageBody":"Enable assertions","fileTypesAndContributionMap":{}}]},{"date":"2024-03-29","commitResults":[{"hash":"194baf2883966b4a5673cd48bc77e7d770037e8f","isMergeCommit":false,"messageTitle":"Able to undo for assign task and mark task as done","messageBody":"Assign task and mark task as done command now uses immutable Task instance to allow versioned addressbook to capture the previous address book state\n","fileTypesAndContributionMap":{"functional-code":{"insertions":51,"deletions":7}}},{"hash":"1fe22bd5367e78267944afcca29379864ea7109e","isMergeCommit":false,"messageTitle":"Able to undo for assign task and mark task as done","messageBody":"Assign task and mark task as done command now uses immutable Task instance to allow versioned addressbook to capture the previous address book state\n","fileTypesAndContributionMap":{"functional-code":{"insertions":8,"deletions":3}}},{"hash":"2958d8c7be35bcbab192809eda842304d8ef9eba","isMergeCommit":true,"messageTitle":"Merge pull request #82 from yiwern5/branch-fix-undo","messageBody":"Branch fix undo","fileTypesAndContributionMap":{}},{"hash":"5555d392c04572c816e870b436a7e0266af59b44","isMergeCommit":false,"messageTitle":"Able to undo for edit deadline and reassign task","messageBody":"","fileTypesAndContributionMap":{"functional-code":{"insertions":28,"deletions":6},"test-code":{"insertions":5,"deletions":0}}},{"hash":"5922d65f0738099a2f40c5c386c91319d6868144","isMergeCommit":false,"messageTitle":"Edited set task method","messageBody":"","fileTypesAndContributionMap":{"functional-code":{"insertions":2,"deletions":5}}},{"hash":"796dd0901d41e0ee59422a2dce09116eb6753df1","isMergeCommit":true,"messageTitle":"Merge pull request #83 from yiwern5/branch-fix-undo-task-deadline","messageBody":"Able to undo for edit deadline and reassign task","fileTypesAndContributionMap":{}}]},{"date":"2024-03-31","commitResults":[{"hash":"63237d5f7faa237329d0f9ca5f86e6fe6e81a6ab","isMergeCommit":true,"messageTitle":"Merge pull request #84 from ziyi22/branch-UI","messageBody":"Edit UI to display task.","fileTypesAndContributionMap":{}}]}],"ziyi22":[{"date":"2024-03-07","commitResults":[{"hash":"b6a009b7d3c9d00f0b0140c814c12aef2ad548b9","isMergeCommit":false,"messageTitle":"Edit AboutUs.md","messageBody":"","fileTypesAndContributionMap":{"docs":{"insertions":3,"deletions":3}}},{"hash":"669de9ea51844376e913ba0686a976c9961f8c1e","isMergeCommit":false,"messageTitle":"Edit AboutUs.md: Edit github link","messageBody":"","fileTypesAndContributionMap":{"docs":{"insertions":1,"deletions":1}}},{"hash":"76e76931a89794f8153b85b8257dc3a622595f9c","isMergeCommit":true,"messageTitle":"Merge pull request #34 from ziyi22/branch-update-AboutUs","messageBody":"Edit AboutUs.md","fileTypesAndContributionMap":{}}]},{"date":"2024-03-08","commitResults":[{"hash":"869128583bf32d3079a990f15c7b9e1800220732","isMergeCommit":true,"messageTitle":"Merge pull request #39 from ziyi22/branch-update-AboutUs","messageBody":"Edit AboutUs.md","fileTypesAndContributionMap":{}},{"hash":"1501117002e02a72ad12053d82049a6b455f10a9","isMergeCommit":false,"messageTitle":"Edit DeveloperGuide.md: Add Target User and Value Proposition","messageBody":"","fileTypesAndContributionMap":{"docs":{"insertions":10,"deletions":7}}},{"hash":"9da0c477d589d468c9d9328ddd1af7616f02fc76","isMergeCommit":true,"messageTitle":"Merge pull request #41 from ziyi22/branch-update-DG","messageBody":"Edit DeveloperGuide.md: Add Target User and Value Proposition","fileTypesAndContributionMap":{}}]},{"date":"2024-03-16","commitResults":[{"hash":"76f938b75d3b8fb2e389a0f3b323541ffff8dac6","isMergeCommit":false,"messageTitle":"edit target user profile","messageBody":"","fileTypesAndContributionMap":{"docs":{"insertions":1,"deletions":0}}}]},{"date":"2024-03-18","commitResults":[{"hash":"0a1525d91324ae61c8cd16f51d14e7d5c6f62594","isMergeCommit":true,"messageTitle":"Merge branch \u0027master\u0027 of https://github.com/ziyi22/tp into branch-update-DevGuide","messageBody":"","fileTypesAndContributionMap":{}}]},{"date":"2024-03-19","commitResults":[{"hash":"e4adf2aca50bbf307f696bb2dee5aed734a8b539","isMergeCommit":false,"messageTitle":"Implements AssignTaskCommand","messageBody":"","fileTypesAndContributionMap":{"functional-code":{"insertions":672,"deletions":5},"test-code":{"insertions":178,"deletions":29}}},{"hash":"1338cd2cf44ff57c0904c55cca7725c033b15732","isMergeCommit":false,"messageTitle":"Fix test cases","messageBody":"","fileTypesAndContributionMap":{"functional-code":{"insertions":22,"deletions":26},"test-code":{"insertions":2,"deletions":2}}}]},{"date":"2024-03-20","commitResults":[{"hash":"9fb29cb0757d1f02d9494abacd0e4999bae9e047","isMergeCommit":false,"messageTitle":"Added Assign Task Feature","messageBody":"","fileTypesAndContributionMap":{"functional-code":{"insertions":22,"deletions":10},"test-code":{"insertions":5,"deletions":0}}},{"hash":"94395a3f5e871ce42889396601036bde41179763","isMergeCommit":false,"messageTitle":"Added Assign Task Feature","messageBody":"","fileTypesAndContributionMap":{"functional-code":{"insertions":60,"deletions":8}}},{"hash":"61736be4a10aefcb6830fb4846ecee5a3d13be69","isMergeCommit":false,"messageTitle":"Added Assign Task Feature","messageBody":"","fileTypesAndContributionMap":{"functional-code":{"insertions":2,"deletions":2}}},{"hash":"ea098934f555f2dca7010c29b21a06bb71c8a4dd","isMergeCommit":false,"messageTitle":"Added Assign Task Feature","messageBody":"","fileTypesAndContributionMap":{"functional-code":{"insertions":25,"deletions":30},"test-code":{"insertions":2,"deletions":0}}},{"hash":"518610dddc98526b23d0d8122447c3af72f8789c","isMergeCommit":false,"messageTitle":"Added Assign Task Feature","messageBody":"","fileTypesAndContributionMap":{"functional-code":{"insertions":3,"deletions":5},"test-code":{"insertions":0,"deletions":1}}},{"hash":"2cefd399a93b4995a0b50c03625bd135f35a2680","isMergeCommit":true,"messageTitle":"Solved Merge Conflicts","messageBody":"","fileTypesAndContributionMap":{}},{"hash":"48911bae6e6dc6fd996a9881fe97fe1d1bca4557","isMergeCommit":false,"messageTitle":"Solved Merge Conflicts","messageBody":"","fileTypesAndContributionMap":{"test-code":{"insertions":1,"deletions":1}}},{"hash":"20bff2538afd633d049d962ac3f8b8b4157d4aae","isMergeCommit":false,"messageTitle":"Add test for parsing assign command.","messageBody":"","fileTypesAndContributionMap":{"functional-code":{"insertions":24,"deletions":0},"test-code":{"insertions":67,"deletions":0}}},{"hash":"31cd0de302c8cc8febc88448d0afe6060f329313","isMergeCommit":true,"messageTitle":"Merge pull request #58 from ziyi22/branch-AssignTask","messageBody":"Implement feature: Assign tasks to specific persons","fileTypesAndContributionMap":{}}]},{"date":"2024-03-21","commitResults":[{"hash":"e8c429e74fae80c27a7afd23cb72a4b3afe4ab76","isMergeCommit":false,"messageTitle":"Update UML Diagram","messageBody":"","fileTypesAndContributionMap":{"docs":{"insertions":25,"deletions":0}}}]},{"date":"2024-03-25","commitResults":[{"hash":"de604429af8eeb324a521da8393dc03668d34251","isMergeCommit":false,"messageTitle":"Update UserGuide.md","messageBody":"","fileTypesAndContributionMap":{"docs":{"insertions":35,"deletions":15}}}]},{"date":"2024-03-26","commitResults":[{"hash":"224f515265b767427081321650fb23353f7f38ea","isMergeCommit":true,"messageTitle":"Update UserGuide.md","messageBody":"","fileTypesAndContributionMap":{}},{"hash":"02b0266642635997524dd8d44ff1b207236b4703","isMergeCommit":true,"messageTitle":"Merge branch \u0027master\u0027 into branch-Update-UserGuide","messageBody":"","fileTypesAndContributionMap":{}}]},{"date":"2024-03-27","commitResults":[{"hash":"484f3359bb6b76dcab5bf8ccc6595514d90e5eb5","isMergeCommit":false,"messageTitle":"Edit UserGuide.md","messageBody":"","fileTypesAndContributionMap":{"docs":{"insertions":1,"deletions":1}}},{"hash":"59f17a024904a28b9706a5de0013b9b2ba902965","isMergeCommit":true,"messageTitle":"Merge branch \u0027branch-Update-UserGuide\u0027 of https://github.com/ziyi22/tp into branch-Update-UserGuide","messageBody":"","fileTypesAndContributionMap":{}},{"hash":"4e2134a70ca85e07dbe317105c29060f10462bd6","isMergeCommit":false,"messageTitle":"Edit UserGuide.md","messageBody":"","fileTypesAndContributionMap":{"docs":{"insertions":14,"deletions":8}}},{"hash":"de14fcea0e506b5ed716fabb3857a023153f2d06","isMergeCommit":true,"messageTitle":"Merge pull request #70 from ziyi22/branch-Update-UserGuide","messageBody":"update user guide","fileTypesAndContributionMap":{}},{"hash":"b55e64cf30db6b2dcd2942708ee562b938c1088c","isMergeCommit":false,"messageTitle":"Implement FilterEfficiencyCommand","messageBody":"","fileTypesAndContributionMap":{"functional-code":{"insertions":149,"deletions":0},"test-code":{"insertions":83,"deletions":0}}},{"hash":"97512b228c9262e32594ee77519dd51d585a9296","isMergeCommit":false,"messageTitle":"Added test cases to improve codecov","messageBody":"","fileTypesAndContributionMap":{"test-code":{"insertions":91,"deletions":0}}},{"hash":"39eb395b2671e366c73d6422fdae4c1c0bdff856","isMergeCommit":true,"messageTitle":"Merge pull request #72 from ziyi22/branch-Filter-Efficiency","messageBody":"Implement FilterEfficiencyCommand","fileTypesAndContributionMap":{}},{"hash":"e077bdad436586b287c5481b43f288db0196dc45","isMergeCommit":true,"messageTitle":"Merge branch \u0027master\u0027 into branch-undo-command","messageBody":"","fileTypesAndContributionMap":{}},{"hash":"e26ca5b8157c7d0068e22de0262b14e5036f9932","isMergeCommit":true,"messageTitle":"Merge pull request #71 from yiwern5/branch-undo-command","messageBody":"Undo command, redo command, history command and bug fix","fileTypesAndContributionMap":{}}]},{"date":"2024-03-29","commitResults":[{"hash":"e2c24f1e3a8b1d58d728c51027122a872e145827","isMergeCommit":false,"messageTitle":"Update the implementation of assign task in DeveloperGuide","messageBody":"","fileTypesAndContributionMap":{"docs":{"insertions":176,"deletions":2}}},{"hash":"c7dacc452a66834d48fb5a25a6e3f901f4a5efe4","isMergeCommit":false,"messageTitle":"UpdateDeveloperGuide","messageBody":"","fileTypesAndContributionMap":{"docs":{"insertions":2,"deletions":2}}},{"hash":"3c91ba49260e7aa5af0ebb46b454ed11ea0b6026","isMergeCommit":false,"messageTitle":"UpdateDeveloperGuide","messageBody":"","fileTypesAndContributionMap":{"functional-code":{"insertions":0,"deletions":1}}},{"hash":"a89296a9ea62cdd9b3d5712a1a79bb080869a21a","isMergeCommit":true,"messageTitle":"Merge branch \u0027AY2324S2-CS2103T-T14-1:master\u0027 into branch-Update-DG","messageBody":"","fileTypesAndContributionMap":{}},{"hash":"802bda395841a5c1afe5337a1890beb2a09345b8","isMergeCommit":false,"messageTitle":"Edit AddressBookParser","messageBody":"","fileTypesAndContributionMap":{"functional-code":{"insertions":1,"deletions":0}}},{"hash":"01e4ec122adcd5d54019c67aecc8d9dcb3ad40cf","isMergeCommit":true,"messageTitle":"Merge branch \u0027branch-Update-DG\u0027 of https://github.com/ziyi22/tp into branch-Update-DG","messageBody":"","fileTypesAndContributionMap":{}},{"hash":"7212c0a0b977eebe771199f5687f2ce7d5b08505","isMergeCommit":false,"messageTitle":"Edit AddressBookParser","messageBody":"","fileTypesAndContributionMap":{"functional-code":{"insertions":1,"deletions":2}}},{"hash":"8d93baee112f3aef7abff984b0dd46f5037913c4","isMergeCommit":true,"messageTitle":"Merge pull request #81 from ziyi22/branch-Update-DG","messageBody":"Update Developer Guide","fileTypesAndContributionMap":{}}]},{"date":"2024-03-30","commitResults":[{"hash":"8597ac7c376e36d2407f9d9523e5626f88a60a73","isMergeCommit":false,"messageTitle":"Edit UI to display task.","messageBody":"","fileTypesAndContributionMap":{"functional-code":{"insertions":16,"deletions":1}}}]},{"date":"2024-04-03","commitResults":[{"hash":"4545df798425c6ec10d48514f5d5079628e31283","isMergeCommit":false,"messageTitle":"Change the position of task and phone in person card.","messageBody":"","fileTypesAndContributionMap":{"functional-code":{"insertions":6,"deletions":7}}},{"hash":"937eddba9bb918ca9d327c08ced668ce2ff352d7","isMergeCommit":true,"messageTitle":"Merge pull request #92 from ziyi22/branch-UI","messageBody":"Change the position of task and phone in person card.","fileTypesAndContributionMap":{}}]}],"howen02":[{"date":"2024-03-05","commitResults":[{"hash":"835e0ad385ba8724647dcff810f1d4317b343ca7","isMergeCommit":true,"messageTitle":"Merge pull request #22 from yiwern5/yiwern-pw","messageBody":"Yi Wern About Us","fileTypesAndContributionMap":{}},{"hash":"4a4a2b6c4c514394b93d33b28d45e0dda177cec3","isMergeCommit":false,"messageTitle":"Revert \"Fix Adding Command\"","messageBody":"This reverts commit 4768e4fe53a49a57f47be123d799d9ec400714d8.\n","fileTypesAndContributionMap":{"functional-code":{"insertions":54,"deletions":61},"test-code":{"insertions":135,"deletions":135}}},{"hash":"8e2519485cab2974d15edf2d0b22ff7a1375f4ee","isMergeCommit":false,"messageTitle":"Revert \"Adding Command\"","messageBody":"This reverts commit 49f56bf1f16bc1b4f9b45fab550e3193cf15deee.\n","fileTypesAndContributionMap":{"functional-code":{"insertions":118,"deletions":314},"test-code":{"insertions":15,"deletions":169}}},{"hash":"7f2858d449394b63e01b1bd4337dd8359ccff147","isMergeCommit":true,"messageTitle":"Merge pull request #24 from howen02/master","messageBody":"Undo tutorial pull request","fileTypesAndContributionMap":{}}]},{"date":"2024-03-07","commitResults":[{"hash":"eb7aa66746862101b40580b6b47bad13b2db533b","isMergeCommit":false,"messageTitle":"Update my section in AboutUs Update product logo and titleSuffix in site.json","messageBody":"","fileTypesAndContributionMap":{"docs":{"insertions":7,"deletions":7}}},{"hash":"8b7c00a58abd96a31919a96a9417f1eb9e2b1cb6","isMergeCommit":true,"messageTitle":"Merge pull request #32 from howen02/master","messageBody":"Update my section in AboutUs","fileTypesAndContributionMap":{}}]},{"date":"2024-03-08","commitResults":[{"hash":"254361b3f116624b31d8ed01d8f91f76b08080a1","isMergeCommit":true,"messageTitle":"Merge pull request #37 from KiatLun/Update-AboutUs","messageBody":"Added my info on AboutUs.md","fileTypesAndContributionMap":{}},{"hash":"5476132007bc05cdcf0c0bec402f847ff39deed4","isMergeCommit":false,"messageTitle":"Edit AboutUs","messageBody":"","fileTypesAndContributionMap":{"docs":{"insertions":1,"deletions":1}}},{"hash":"5721641bc132b82240513182c16f381299c65e66","isMergeCommit":true,"messageTitle":"Merge pull request #40 from howen02/branch-update-aboutus","messageBody":"Edit AboutUs","fileTypesAndContributionMap":{}},{"hash":"7e255e35c983f7d3aa232e0d9a3e9802f5c65c95","isMergeCommit":false,"messageTitle":"Edit kiatlun.png image name","messageBody":"","fileTypesAndContributionMap":{"docs":{"insertions":1,"deletions":1}}},{"hash":"521ef7ca748025ffb9656b231b190787a92d50d1","isMergeCommit":true,"messageTitle":"Merge pull request #42 from howen02/master","messageBody":"Edit kiatlun.png image name","fileTypesAndContributionMap":{}}]},{"date":"2024-03-11","commitResults":[{"hash":"bce0d357960e3adef35abd8b02da1e7b80981746","isMergeCommit":false,"messageTitle":"Add usecase to DG","messageBody":"","fileTypesAndContributionMap":{"docs":{"insertions":133,"deletions":1}}},{"hash":"030602de46e4dffe8d71e273208ea4bf089e7afe","isMergeCommit":true,"messageTitle":"Merge pull request #43 from howen02/branch-add-usecase","messageBody":"Add usecase to DG","fileTypesAndContributionMap":{}},{"hash":"0294d0356795169974e69e9c9c168000faa417d9","isMergeCommit":true,"messageTitle":"Merge pull request #44 from KiatLun/Update-DevGuide","messageBody":"Added new Non-Functional Requirements in DevGuide","fileTypesAndContributionMap":{}}]},{"date":"2024-03-17","commitResults":[{"hash":"41a9c6c228c96281343824a98dfc32182d2e05c6","isMergeCommit":true,"messageTitle":"Merge pull request #47 from yiwern5/ui","messageBody":"Change UI Layout","fileTypesAndContributionMap":{}}]},{"date":"2024-03-21","commitResults":[{"hash":"8273a464098189adda824701e38ad4f1dba41804","isMergeCommit":false,"messageTitle":"Implement efficiency metric","messageBody":"","fileTypesAndContributionMap":{"functional-code":{"insertions":179,"deletions":34},"test-code":{"insertions":121,"deletions":95}}},{"hash":"b57ce2f3b73205d047c8346bbc90fe84e3502fae","isMergeCommit":false,"messageTitle":"Change efficiency message","messageBody":"","fileTypesAndContributionMap":{"functional-code":{"insertions":1,"deletions":1}}},{"hash":"fffa4e83a7ac5cae9d851a43a8ea6a00ad5251d6","isMergeCommit":false,"messageTitle":"Fix efficiency UI","messageBody":"","fileTypesAndContributionMap":{"functional-code":{"insertions":18,"deletions":6},"test-code":{"insertions":58,"deletions":7}}},{"hash":"11c0a88e69544569520ac4c8ca8c6ec787d07772","isMergeCommit":true,"messageTitle":"Merge pull request #59 from howen02/branch-efficiency","messageBody":"Branch efficiency","fileTypesAndContributionMap":{}},{"hash":"f190a2547041e941893915e3d8bb510ea9d63c04","isMergeCommit":true,"messageTitle":"Merge pull request #60 from ziyi22/branch-UML-Diagram","messageBody":"Update UML Diagram","fileTypesAndContributionMap":{}},{"hash":"3d84bdee2f771aa969a6899ac55eeef78a5319fd","isMergeCommit":false,"messageTitle":"Update UML to reflect efficiency metrics","messageBody":"","fileTypesAndContributionMap":{"docs":{"insertions":6,"deletions":0}}},{"hash":"c6623b7efc1d823e334e164ececc4d7979d95264","isMergeCommit":false,"messageTitle":"Update user guide","messageBody":"","fileTypesAndContributionMap":{"docs":{"insertions":2,"deletions":2}}},{"hash":"834a160782c240e360ff1bd2560c1e08dcc1aa41","isMergeCommit":true,"messageTitle":"Merge pull request #61 from howen02/branch-update-uml","messageBody":"branch-update-uml","fileTypesAndContributionMap":{}},{"hash":"99812a8584d058f638fbc1e461df2ba4361158c8","isMergeCommit":true,"messageTitle":"Merge pull request #62 from KiatLun/Branch-MarkTask","messageBody":"Implemented MarkTaskCommand","tags":["v1.2"],"fileTypesAndContributionMap":{}}]},{"date":"2024-03-27","commitResults":[{"hash":"253755513c3b62af7f73fd450c010912d8711eb5","isMergeCommit":true,"messageTitle":"Merge pull request #73 from yiwern5/branch-fix-filter-efficiency","messageBody":"Fixed filter efficiency command","fileTypesAndContributionMap":{}}]},{"date":"2024-03-29","commitResults":[{"hash":"4b6bed5c607a7d01504869378fdbf877f2c43f91","isMergeCommit":false,"messageTitle":"Change jar name","messageBody":"","fileTypesAndContributionMap":{"other":{"insertions":1,"deletions":1}}},{"hash":"f450069ae7518cfff3c3007b84a4a80d72eaad85","isMergeCommit":true,"messageTitle":"Merge branch \u0027master\u0027 of https://github.com/howen02/tp","messageBody":"","fileTypesAndContributionMap":{}},{"hash":"b0356cc397ea68f5b910d41851f8b27150899e3f","isMergeCommit":false,"messageTitle":"Update DG with efficiency leaderboard proposal","messageBody":"","fileTypesAndContributionMap":{"docs":{"insertions":6,"deletions":0}}},{"hash":"bf34ca202768cad029ceef1140a95839ae62e852","isMergeCommit":true,"messageTitle":"Merge pull request #77 from howen02/branch-update-dg","messageBody":"Add Efficiency Leaderboard proposal to DG","fileTypesAndContributionMap":{}}]},{"date":"2024-04-03","commitResults":[{"hash":"b8ab827456f8339bddf34eb751465d95e3118586","isMergeCommit":false,"messageTitle":"Implement dynamic efficiency","messageBody":"Marking a task now updates the person in charge\u0027s efficiency accroding to how many days early/late they completed the task.\n\nI\u0027ve also added test cases to ensure that the efficiency does not go beyond the valid boundary upon updating.\n","fileTypesAndContributionMap":{"functional-code":{"insertions":48,"deletions":2},"test-code":{"insertions":124,"deletions":0}}},{"hash":"1ed4def4e4d4245e9c3617fad969f78b0d71f3cc","isMergeCommit":false,"messageTitle":"Update imports for a valid build","messageBody":"","fileTypesAndContributionMap":{"test-code":{"insertions":2,"deletions":2}}},{"hash":"f71ca7dcc9161bc4a1e3b86d60aeb10b904529d3","isMergeCommit":false,"messageTitle":"Add fix clock to ensure test cases are consistent across different OS","messageBody":"","fileTypesAndContributionMap":{"test-code":{"insertions":10,"deletions":3}}},{"hash":"b5c05757dc044d13aee1bd2bd5c9202548a7dea6","isMergeCommit":false,"messageTitle":"Update test cases for updating efficiency","messageBody":"","fileTypesAndContributionMap":{"test-code":{"insertions":0,"deletions":24}}},{"hash":"bf517317716e725b286920a99661bd9751ab296a","isMergeCommit":true,"messageTitle":"Merge pull request #85 from wolffe88/test-for-edit-deadline","messageBody":"added tests for edit deadline","fileTypesAndContributionMap":{}},{"hash":"c9983e81af5da226b519e3469d6b39b25683364e","isMergeCommit":true,"messageTitle":"Merge pull request #89 from howen02/branch-dynamic-efficiency","messageBody":"Made efficiency metric dynamic","fileTypesAndContributionMap":{}},{"hash":"ac65e244cf2b965a7e4068efe3d87be105f489bf","isMergeCommit":false,"messageTitle":"Add Find Task Command","messageBody":"User can now find person in charge of a task with this command. Task finding is case-insentitive\n","fileTypesAndContributionMap":{"functional-code":{"insertions":142,"deletions":0},"test-code":{"insertions":72,"deletions":0}}},{"hash":"85fa41727426b283618977e30c9c3fd4b624ef1f","isMergeCommit":false,"messageTitle":"Add test cases","messageBody":"","fileTypesAndContributionMap":{"test-code":{"insertions":53,"deletions":0}}},{"hash":"82474142dced5cf482287e20d90e834b63bfc87a","isMergeCommit":false,"messageTitle":"Fix gradle build error","messageBody":"","fileTypesAndContributionMap":{"test-code":{"insertions":7,"deletions":8}}},{"hash":"5110f9eeb383844904ad675dd78f9a6f345ea69c","isMergeCommit":true,"messageTitle":"Merge pull request #90 from howen02/branch-find-task","messageBody":"Add Find Task Command","fileTypesAndContributionMap":{}}]}],"wolffe88":[{"date":"2024-03-06","commitResults":[{"hash":"e8538b4a625368206a00804a45d83dac97530dfa","isMergeCommit":false,"messageTitle":"Update AboutUs.md","messageBody":"","fileTypesAndContributionMap":{"docs":{"insertions":4,"deletions":3}}},{"hash":"da334d9a9fe423b99902cbadfbd7dff5d072811d","isMergeCommit":false,"messageTitle":"Update AboutUs.md","messageBody":"","fileTypesAndContributionMap":{"docs":{"insertions":2,"deletions":2}}},{"hash":"98c1b30267832ffe155c3dc763574deb7cfff5ab","isMergeCommit":false,"messageTitle":"Update AboutUs.md","messageBody":"","fileTypesAndContributionMap":{"docs":{"insertions":1,"deletions":2}}}]},{"date":"2024-03-07","commitResults":[{"hash":"dd70f4f9622cac0f430a574fc3e9d4283ecb2bfa","isMergeCommit":true,"messageTitle":"Merge pull request #26 from wolffe88/master","messageBody":"added profile in about us","fileTypesAndContributionMap":{}}]},{"date":"2024-03-11","commitResults":[{"hash":"8b406b9eab4b720d4679e23a39cbeab17657bde3","isMergeCommit":false,"messageTitle":"Update DeveloperGuide.md","messageBody":"","fileTypesAndContributionMap":{"docs":{"insertions":18,"deletions":8}}},{"hash":"af5af3af04fe71383874851b8e66c06d45b08400","isMergeCommit":true,"messageTitle":"Merge pull request #45 from wolffe88/add-user-stories","messageBody":"Update DeveloperGuide.md","fileTypesAndContributionMap":{}}]},{"date":"2024-03-18","commitResults":[{"hash":"a99ecdf3787055afeab6e0cc1731280c4590efb0","isMergeCommit":false,"messageTitle":"edit find command","messageBody":"","fileTypesAndContributionMap":{"functional-code":{"insertions":2,"deletions":2}}},{"hash":"4ae66b1cd2613dcd2d133c107d6975348db55674","isMergeCommit":false,"messageTitle":"edit find command","messageBody":"","fileTypesAndContributionMap":{"functional-code":{"insertions":4,"deletions":2},"test-code":{"insertions":13,"deletions":0}}},{"hash":"4c0af073ae71548609be6156ac2f863e72b5b8d3","isMergeCommit":true,"messageTitle":"Merge pull request #50 from wolffe88/find-command","messageBody":"Find command","fileTypesAndContributionMap":{}},{"hash":"0945fb8d0a6b38f595d494767d03d577b49e38f6","isMergeCommit":false,"messageTitle":"add filter command","messageBody":"","fileTypesAndContributionMap":{"functional-code":{"insertions":143,"deletions":4},"test-code":{"insertions":167,"deletions":5}}},{"hash":"84eaf5f980de67ed6b0e6f10a3c929817ea1968f","isMergeCommit":false,"messageTitle":"add filter command","messageBody":"","fileTypesAndContributionMap":{"functional-code":{"insertions":1,"deletions":1},"test-code":{"insertions":10,"deletions":0}}},{"hash":"a4e64276cc4fea7d12d22e42199e96c90ab95087","isMergeCommit":true,"messageTitle":"Merge pull request #54 from wolffe88/filter-command","messageBody":"add filter command","fileTypesAndContributionMap":{}}]},{"date":"2024-03-21","commitResults":[{"hash":"9412cd2bcaf803ee24f3d4bac10bf6c775ab6dbe","isMergeCommit":false,"messageTitle":"modified UML","messageBody":"","fileTypesAndContributionMap":{"docs":{"insertions":24,"deletions":1}}},{"hash":"452c53b7add946d21c9f42d6b1d9d6df3b4f3c9e","isMergeCommit":true,"messageTitle":"Merge pull request #63 from wolffe88/UML","messageBody":"modified UML","fileTypesAndContributionMap":{}}]},{"date":"2024-03-29","commitResults":[{"hash":"961261cb1bbca485f2180ea2f68702b6fcc0ee38","isMergeCommit":false,"messageTitle":"added a command to edit deadline of tasks","messageBody":"","fileTypesAndContributionMap":{"functional-code":{"insertions":148,"deletions":3},"test-code":{"insertions":47,"deletions":0}}},{"hash":"f95dca031e36602e50166f680b30ad784851b9f7","isMergeCommit":false,"messageTitle":"added a command to edit deadline of tasks","messageBody":"","fileTypesAndContributionMap":{"functional-code":{"insertions":1,"deletions":9}}},{"hash":"d53a48eac1e336b0b4c880350bc4c42682c4e13b","isMergeCommit":true,"messageTitle":"Merge pull request #79 from wolffe88/edit-deadline-command","messageBody":"added a command to edit deadline of tasks","fileTypesAndContributionMap":{}},{"hash":"367c5449e168e7fcd13c7be70c741e9e2d133f06","isMergeCommit":false,"messageTitle":"Update DeveloperGuide.md","messageBody":"","fileTypesAndContributionMap":{"docs":{"insertions":7,"deletions":1}}}]},{"date":"2024-04-01","commitResults":[{"hash":"9eefb5cb16db6e4b1ff301ec725d7c6edacde9c8","isMergeCommit":false,"messageTitle":"added tests for edit deadline","messageBody":"","fileTypesAndContributionMap":{"functional-code":{"insertions":44,"deletions":12},"test-code":{"insertions":105,"deletions":12}}},{"hash":"d0155f8cda7ad54555040201ebfbe318735a44cb","isMergeCommit":true,"messageTitle":"Merge pull request #80 from AY2324S2-CS2103T-T14-1/wolffe88-patch-1","messageBody":"Update DeveloperGuide.md","fileTypesAndContributionMap":{}}]}]},"authorFileTypeContributionMap":{"KiatLun":{"docs":33,"functional-code":285,"test-code":35},"yiwern5":{"docs":137,"functional-code":892,"test-code":1044,"other":5},"ziyi22":{"docs":245,"functional-code":898,"test-code":425},"howen02":{"docs":153,"functional-code":366,"test-code":359},"wolffe88":{"docs":46,"functional-code":312,"test-code":319}},"authorContributionVariance":{"KiatLun":1522.1414,"yiwern5":77519.555,"ziyi22":24927.701,"howen02":34911.645,"wolffe88":4572.548},"authorDisplayNameMap":{"KiatLun":"CS2103T-T14-1 KHOO.. LUN","yiwern5":"CS2103T-T14-1 TSUI..WERN","ziyi22":"CS2103T-T14-1 YEO ..I YI","howen02":"CS2103T-T14-1 YAP .. WEN","wolffe88":"CS2103T-T14-1 YONG..I AN"}}
