[{"path":"README.md","fileType":"docs","lines":[{"lineNumber":1,"author":{"gitId":"Vision-2000"},"content":"[![CI Status](https://github.com/AY2324S2-CS2103T-T14-2/tp/workflows/Java%20CI/badge.svg)](https://github.com/AY2324S2-CS2103T-T14-2/tp/actions)","lastModifiedDate":"2024-03-07"},{"lineNumber":2,"author":{"gitId":"-"},"content":"","lastModifiedDate":"2020-05-23"},{"lineNumber":3,"author":{"gitId":"-"},"content":"![Ui](docs/images/Ui.png)","lastModifiedDate":"2020-05-23"},{"lineNumber":4,"author":{"gitId":"-"},"content":"","lastModifiedDate":"2020-05-23"},{"lineNumber":5,"author":{"gitId":"Vision-2000"},"content":"**MediTrack is a desktop application for managing your patient details.** While it has a GUI, most of the user interactions happen using a CLI (Command Line Interface).","lastModifiedDate":"2024-03-07"},{"lineNumber":6,"author":{"gitId":"Vision-2000"},"content":"","lastModifiedDate":"2024-03-07"},{"lineNumber":7,"author":{"gitId":"Vision-2000"},"content":"This project is based on the AddressBook-Level3 project created by the [SE-EDU initiative](https://se-education.org).","lastModifiedDate":"2024-03-07"}],"authorContributionMap":{"-":3,"Vision-2000":4}},{"path":"docs/AboutUs.md","fileType":"docs","lines":[{"lineNumber":1,"author":{"gitId":"-"},"content":"---","lastModifiedDate":"2020-05-23"},{"lineNumber":2,"author":{"gitId":"-"},"content":"  layout: default.md","lastModifiedDate":"2023-09-12"},{"lineNumber":3,"author":{"gitId":"-"},"content":"  title: \"About Us\"","lastModifiedDate":"2023-09-12"},{"lineNumber":4,"author":{"gitId":"-"},"content":"---","lastModifiedDate":"2020-05-23"},{"lineNumber":5,"author":{"gitId":"-"},"content":"","lastModifiedDate":"2020-05-23"},{"lineNumber":6,"author":{"gitId":"-"},"content":"# About Us","lastModifiedDate":"2023-09-12"},{"lineNumber":7,"author":{"gitId":"-"},"content":"","lastModifiedDate":"2023-09-12"},{"lineNumber":8,"author":{"gitId":"-"},"content":"We are a team based in the [School of Computing, National University of Singapore](http://www.comp.nus.edu.sg).","lastModifiedDate":"2020-05-23"},{"lineNumber":9,"author":{"gitId":"-"},"content":"","lastModifiedDate":"2020-05-23"},{"lineNumber":10,"author":{"gitId":"-"},"content":"You can reach us at the email `seer[at]comp.nus.edu.sg`","lastModifiedDate":"2020-06-17"},{"lineNumber":11,"author":{"gitId":"-"},"content":"","lastModifiedDate":"2020-06-17"},{"lineNumber":12,"author":{"gitId":"-"},"content":"## Project team","lastModifiedDate":"2020-06-07"},{"lineNumber":13,"author":{"gitId":"-"},"content":"","lastModifiedDate":"2020-05-23"},{"lineNumber":14,"author":{"gitId":"jskimdev"},"content":"### Sivakumar Aishvarya","lastModifiedDate":"2024-03-06"},{"lineNumber":15,"author":{"gitId":"-"},"content":"","lastModifiedDate":"2020-05-23"},{"lineNumber":16,"author":{"gitId":"S-Aishvarya"},"content":"\u003cimg src\u003d\"images/s-aishvarya.png\" width\u003d\"200px\"\u003e","lastModifiedDate":"2024-03-07"},{"lineNumber":17,"author":{"gitId":"-"},"content":"","lastModifiedDate":"2020-05-23"},{"lineNumber":18,"author":{"gitId":"-"},"content":"","lastModifiedDate":"2020-05-23"},{"lineNumber":19,"author":{"gitId":"S-Aishvarya"},"content":"[[github](https://github.com/S-Aishvarya)]","lastModifiedDate":"2024-03-07"},{"lineNumber":20,"author":{"gitId":"-"},"content":"","lastModifiedDate":"2024-03-07"},{"lineNumber":21,"author":{"gitId":"-"},"content":"","lastModifiedDate":"2024-03-07"},{"lineNumber":22,"author":{"gitId":"S-Aishvarya"},"content":"* Role: Developer","lastModifiedDate":"2024-03-07"},{"lineNumber":23,"author":{"gitId":"S-Aishvarya"},"content":"* Responsibilities: Scheduling and tracking + Documentation","lastModifiedDate":"2024-03-07"},{"lineNumber":24,"author":{"gitId":"-"},"content":"","lastModifiedDate":"2020-05-23"},{"lineNumber":25,"author":{"gitId":"jskimdev"},"content":"### Eugene Hirose","lastModifiedDate":"2024-03-06"},{"lineNumber":26,"author":{"gitId":"-"},"content":"","lastModifiedDate":"2020-05-23"},{"lineNumber":27,"author":{"gitId":"Vision-2000"},"content":"\u003cimg src\u003d\"images/vision-2000.png\" width\u003d\"200px\"\u003e","lastModifiedDate":"2024-03-07"},{"lineNumber":28,"author":{"gitId":"-"},"content":"","lastModifiedDate":"2020-05-23"},{"lineNumber":29,"author":{"gitId":"Vision-2000"},"content":"[[github](http://github.com/Vision-2000)]","lastModifiedDate":"2024-03-07"},{"lineNumber":30,"author":{"gitId":"-"},"content":"[[portfolio](team/johndoe.md)]","lastModifiedDate":"2020-05-23"},{"lineNumber":31,"author":{"gitId":"-"},"content":"","lastModifiedDate":"2020-05-23"},{"lineNumber":32,"author":{"gitId":"-"},"content":"* Role: Developer","lastModifiedDate":"2024-03-07"},{"lineNumber":33,"author":{"gitId":"Vision-2000"},"content":"* Responsibilities: Testing + UI","lastModifiedDate":"2024-03-07"},{"lineNumber":34,"author":{"gitId":"-"},"content":"","lastModifiedDate":"2020-05-23"},{"lineNumber":35,"author":{"gitId":"jskimdev"},"content":"### Jeong Jaeho","lastModifiedDate":"2024-03-06"},{"lineNumber":36,"author":{"gitId":"-"},"content":"","lastModifiedDate":"2020-05-23"},{"lineNumber":37,"author":{"gitId":"jeong-jaeho"},"content":"\u003cimg src\u003d\"images/jeong-jaeho.png\" width\u003d\"200px\"\u003e  ","lastModifiedDate":"2024-03-07"},{"lineNumber":38,"author":{"gitId":"-"},"content":"","lastModifiedDate":"2020-05-23"},{"lineNumber":39,"author":{"gitId":"jeong-jaeho"},"content":"[[github](http://github.com/jeong-jaeho)]","lastModifiedDate":"2024-03-07"},{"lineNumber":40,"author":{"gitId":"-"},"content":"[[portfolio](team/johndoe.md)]","lastModifiedDate":"2020-05-23"},{"lineNumber":41,"author":{"gitId":"-"},"content":"","lastModifiedDate":"2020-05-23"},{"lineNumber":42,"author":{"gitId":"-"},"content":"* Role: Developer","lastModifiedDate":"2020-05-23"},{"lineNumber":43,"author":{"gitId":"jeong-jaeho"},"content":"* Responsibilities: Team lead + Integration","lastModifiedDate":"2024-03-07"},{"lineNumber":44,"author":{"gitId":"-"},"content":"","lastModifiedDate":"2020-05-23"},{"lineNumber":45,"author":{"gitId":"jskimdev"},"content":"### Kim Junseo","lastModifiedDate":"2024-03-06"},{"lineNumber":46,"author":{"gitId":"-"},"content":"","lastModifiedDate":"2020-05-23"},{"lineNumber":47,"author":{"gitId":"jskimdev"},"content":"\u003cimg src\u003d\"images/jskimdev.png\" width\u003d\"200px\"\u003e","lastModifiedDate":"2024-03-06"},{"lineNumber":48,"author":{"gitId":"-"},"content":"","lastModifiedDate":"2020-05-23"},{"lineNumber":49,"author":{"gitId":"jskimdev"},"content":"[[github](https://github.com/jskimdev)]","lastModifiedDate":"2024-03-06"},{"lineNumber":50,"author":{"gitId":"-"},"content":"[[portfolio](team/johndoe.md)]","lastModifiedDate":"2020-05-23"},{"lineNumber":51,"author":{"gitId":"-"},"content":"","lastModifiedDate":"2020-05-23"},{"lineNumber":52,"author":{"gitId":"-"},"content":"* Role: Developer","lastModifiedDate":"2020-05-23"},{"lineNumber":53,"author":{"gitId":"jskimdev"},"content":"* Responsibilities: Code Quality + Model","lastModifiedDate":"2024-03-06"}],"authorContributionMap":{"jskimdev":7,"S-Aishvarya":4,"-":36,"jeong-jaeho":3,"Vision-2000":3}},{"path":"docs/index.md","fileType":"docs","lines":[{"lineNumber":1,"author":{"gitId":"-"},"content":"---","lastModifiedDate":"2020-05-23"},{"lineNumber":2,"author":{"gitId":"-"},"content":"  layout: default.md","lastModifiedDate":"2023-09-12"},{"lineNumber":3,"author":{"gitId":"-"},"content":"  title: \"\"","lastModifiedDate":"2023-09-12"},{"lineNumber":4,"author":{"gitId":"-"},"content":"---","lastModifiedDate":"2020-05-23"},{"lineNumber":5,"author":{"gitId":"-"},"content":"","lastModifiedDate":"2020-05-23"},{"lineNumber":6,"author":{"gitId":"Vision-2000"},"content":"# MediTrack","lastModifiedDate":"2024-03-06"},{"lineNumber":7,"author":{"gitId":"-"},"content":"","lastModifiedDate":"2023-09-12"},{"lineNumber":8,"author":{"gitId":"Vision-2000"},"content":"[![CI Status](https://github.com/AY2324S2-CS2103T-T14-2/tp/workflows/Java%20CI/badge.svg)](https://github.com/AY2324S2-CS2103T-T14-2/tp/actions)","lastModifiedDate":"2024-03-06"},{"lineNumber":9,"author":{"gitId":"Vision-2000"},"content":"[![codecov](https://codecov.io/gh/AY2324S2-CS2103T-T14-2/tp/graph/badge.svg?token\u003dyYHlxxXkJQ)](https://codecov.io/gh/AY2324S2-CS2103T-T14-2/tp)","lastModifiedDate":"2024-03-06"},{"lineNumber":10,"author":{"gitId":"-"},"content":"","lastModifiedDate":"2020-05-23"},{"lineNumber":11,"author":{"gitId":"-"},"content":"![Ui](images/Ui.png)","lastModifiedDate":"2020-05-23"},{"lineNumber":12,"author":{"gitId":"-"},"content":"","lastModifiedDate":"2020-05-23"},{"lineNumber":13,"author":{"gitId":"Vision-2000"},"content":"**MediTrack is a desktop application for managing your patient details.** While it has a GUI, most of the user interactions happen using a CLI (Command Line Interface).","lastModifiedDate":"2024-03-06"},{"lineNumber":14,"author":{"gitId":"-"},"content":"","lastModifiedDate":"2020-05-23"},{"lineNumber":15,"author":{"gitId":"Vision-2000"},"content":"* If you are interested in using MediTrack, head over to the [_Quick Start_ section of the **User Guide**](UserGuide.html#quick-start).","lastModifiedDate":"2024-03-06"},{"lineNumber":16,"author":{"gitId":"Vision-2000"},"content":"* If you are interested about developing MediTrack, the [**Developer Guide**](DeveloperGuide.html) is a good place to start.","lastModifiedDate":"2024-03-06"},{"lineNumber":17,"author":{"gitId":"-"},"content":"","lastModifiedDate":"2020-05-23"},{"lineNumber":18,"author":{"gitId":"-"},"content":"","lastModifiedDate":"2020-05-23"},{"lineNumber":19,"author":{"gitId":"-"},"content":"**Acknowledgements**","lastModifiedDate":"2020-05-23"},{"lineNumber":20,"author":{"gitId":"-"},"content":"","lastModifiedDate":"2020-05-23"},{"lineNumber":21,"author":{"gitId":"Vision-2000"},"content":"* This project is based on the AddressBook-Level3 project created by the [SE-EDU initiative](https://se-education.org).","lastModifiedDate":"2024-03-06"}],"authorContributionMap":{"-":14,"Vision-2000":7}}]
