{"authorDailyContributionsMap":{"javierng2knus":[],"MaYuehan":[{"date":"2024-02-25","commitResults":[{"hash":"c65d82151bc280716b9fe72527033275eaa16b67","isMergeCommit":false,"messageTitle":"Update Readme and AboutUs Modify the Readme file, add more details about the project and the features we plan to achieve for v1.2. Also modify the AboutUs file, add the information of mine. Create my profile file and link to AboutUs.","messageBody":"","fileTypesAndContributionMap":{"docs":{"insertions":130,"deletions":6}}}]}],"Ella-e":[{"date":"2024-03-04","commitResults":[{"hash":"88928392b502c29986859c42ae863abd6c573eb0","isMergeCommit":false,"messageTitle":"Update NFRs to the DG","messageBody":"","fileTypesAndContributionMap":{"other":{"insertions":580,"deletions":0},"docs":{"insertions":15,"deletions":4}}},{"hash":"9f1b36aa95883a953e163177c02b608df0fc9741","isMergeCommit":true,"messageTitle":"Merge","messageBody":"","fileTypesAndContributionMap":{}},{"hash":"80330bd7de96af545b73b260d978a38b4266f6a6","isMergeCommit":false,"messageTitle":"Update User Story","messageBody":"","fileTypesAndContributionMap":{"docs":{"insertions":35,"deletions":9}}},{"hash":"8c20a6b890d2562d007f15710a1ea3c12180f395","isMergeCommit":false,"messageTitle":"Update Use case","messageBody":"","fileTypesAndContributionMap":{"docs":{"insertions":116,"deletions":20}}},{"hash":"ea0a4cfa9b5323ceedb52cbba54a5d32884e0cc3","isMergeCommit":true,"messageTitle":"Merge branch \u0027developer-guide\u0027","messageBody":"Update the User Story and Use case section of the Developer Guide.\n","fileTypesAndContributionMap":{}},{"hash":"c63f5bed507ded44d8db7c5c1629e76f3abdfe27","isMergeCommit":true,"messageTitle":"Merge remote-tracking branch \u0027upstream/master\u0027","messageBody":"Update the local fork version.\n","fileTypesAndContributionMap":{}},{"hash":"0eeaf9201a4b1469e3efbcb845059af5d4367e48","isMergeCommit":false,"messageTitle":"Update information into AboutUs","messageBody":"","fileTypesAndContributionMap":{"docs":{"insertions":47,"deletions":4}}},{"hash":"9fbb4d4dc65acefe4ee86a183dd670e9ff309840","isMergeCommit":true,"messageTitle":"Merge remote-tracking branch \u0027upstream/master\u0027","messageBody":"Update\n","fileTypesAndContributionMap":{}},{"hash":"44996ce5a2e991f37a33d3531a15411b9f8e9f0e","isMergeCommit":false,"messageTitle":"Update personal portfolio page","messageBody":"","fileTypesAndContributionMap":{"docs":{"insertions":1,"deletions":1}}}]}],"SeaHogs":[{"date":"2024-03-04","commitResults":[{"hash":"149a1660765b9560dd0c1fb9eac105199da52033","isMergeCommit":true,"messageTitle":"Merge pull request #29 from Ella-e/master","messageBody":"Update Developer Guide","fileTypesAndContributionMap":{}},{"hash":"730cbb618f6a85fb57b37f018abc6ed847b48b8a","isMergeCommit":true,"messageTitle":"Merge pull request #30 from Ella-e/master","messageBody":"Update AboutUs page","fileTypesAndContributionMap":{}}]}]},"authorFileTypeContributionMap":{"javierng2knus":{"docs":0,"functional-code":0,"test-code":0},"MaYuehan":{"docs":130,"functional-code":0,"test-code":0},"Ella-e":{"docs":204,"functional-code":0,"test-code":0,"other":580},"SeaHogs":{"docs":0,"functional-code":0,"test-code":0}},"authorContributionVariance":{"javierng2knus":0.0,"MaYuehan":1528.5952,"Ella-e":57208.598,"SeaHogs":0.0},"authorDisplayNameMap":{"javierng2knus":"CS2103T-W08-2 NG W..VIER","MaYuehan":"CS2103T-W08-2 MA Y..EHAN","Ella-e":"CS2103T-W08-2 MU Z..AOYU","SeaHogs":"CS2103T-W08-2 LAI ..IWEN"}}
