{"authorDailyContributionsMap":{"lihaoquan":[{"date":"2024-02-26","commitResults":[{"hash":"485ac0c4113bf20d43f0fca4ff662b8aba5b3ee2","isMergeCommit":false,"messageTitle":"Update AboutUs.md","messageBody":"Add information for v1.1 milestone\n\nUpdate AboutUs.md\n","fileTypesAndContributionMap":{"docs":{"insertions":212,"deletions":27}}},{"hash":"6c664a71e6c4b72120c5e6a7a16cc1605d28515f","isMergeCommit":false,"messageTitle":"Update AboutUs.md","messageBody":"","fileTypesAndContributionMap":{"docs":{"insertions":1,"deletions":1}}},{"hash":"1ec5d5d6d8af6d120888c7757c72f39a8c1b429e","isMergeCommit":true,"messageTitle":"Merge pull request #7 from lihaoquan/master","messageBody":"Update AboutUs.md","fileTypesAndContributionMap":{}},{"hash":"bf5316242a1401fdb2ec816b420c97a5437279d3","isMergeCommit":false,"messageTitle":"Update README.md","messageBody":"","fileTypesAndContributionMap":{"docs":{"insertions":2,"deletions":0}}},{"hash":"56ff13c87311150d1af07425c78ee56ed2a382ae","isMergeCommit":false,"messageTitle":"Update product description","messageBody":"","fileTypesAndContributionMap":{"docs":{"insertions":6,"deletions":2}}},{"hash":"e86191d0624fe932970c2a8f640367ff49617af4","isMergeCommit":false,"messageTitle":"Update product description","messageBody":"","fileTypesAndContributionMap":{"docs":{"insertions":1,"deletions":4}}},{"hash":"1626bfbc53b5591addf9d9807b6b36876fb8e5e5","isMergeCommit":false,"messageTitle":"Update README.md","messageBody":"","fileTypesAndContributionMap":{"docs":{"insertions":3,"deletions":2}}},{"hash":"06394c043c03d51d5de5d0614be6300926ce7852","isMergeCommit":true,"messageTitle":"Merge branch \u0027branch-project-website\u0027 into branch-project-website","messageBody":"","fileTypesAndContributionMap":{}},{"hash":"f9044080cec6a83c2baa9bae1cb4eb49d3b43116","isMergeCommit":false,"messageTitle":"Fix trailing white-space for MarkDown","messageBody":"","fileTypesAndContributionMap":{"docs":{"insertions":2,"deletions":2}}},{"hash":"66bdc2b5851941971355fc43f2099f30ce10ae1c","isMergeCommit":false,"messageTitle":"Update AboutUs.md to comply with format","messageBody":"","fileTypesAndContributionMap":{"docs":{"insertions":2,"deletions":2}}},{"hash":"ad8adf7170fb1b87401d88eb0f6fdd8ee777f38b","isMergeCommit":true,"messageTitle":"Merge pull request #8 from lihaoquan/branch-project-website","messageBody":"Update README.md","fileTypesAndContributionMap":{}}]},{"date":"2024-02-28","commitResults":[{"hash":"31337eed46eabd4d571c1be687d11b596f490a20","isMergeCommit":true,"messageTitle":"Merge pull request #14 from lihaoquan/branch-project-website","messageBody":"Update _config.yml","fileTypesAndContributionMap":{}},{"hash":"1d7af863793c8e6fd88c63355890d4ea96b4bf21","isMergeCommit":true,"messageTitle":"Merge pull request #15 from AY2324S2-CS2103-F15-3/branch-project-website","messageBody":"Merge Branch project website","fileTypesAndContributionMap":{}}]},{"date":"2024-02-29","commitResults":[{"hash":"ec78385a1e0fa488881d90dc6fac3e5202aaa88c","isMergeCommit":true,"messageTitle":"Merge pull request #16 from lihaoquan/branch-project-website","messageBody":"Update Ui.png","fileTypesAndContributionMap":{}},{"hash":"1306441f5fa982963694dbdc7be8b005cb8e8db3","isMergeCommit":true,"messageTitle":"Merge pull request #17 from AY2324S2-CS2103-F15-3/branch-project-website","messageBody":"Update Ui.png","fileTypesAndContributionMap":{}}]},{"date":"2024-03-06","commitResults":[{"hash":"0b48fcbadfe6801e2ded7e5ec09c52ae659ee192","isMergeCommit":false,"messageTitle":"Update UserGuide.md","messageBody":"","fileTypesAndContributionMap":{"docs":{"insertions":11,"deletions":6}}},{"hash":"7d9f0180b535d9795338072cdf98e06ea18a2b82","isMergeCommit":true,"messageTitle":"Merge pull request #21 from lihaoquan/branch-project-website","messageBody":"Update UserGuide.md for \"In General / Features\"","fileTypesAndContributionMap":{}},{"hash":"15556c623b136885ca384b70ac8d3df6c0191942","isMergeCommit":true,"messageTitle":"Merge pull request #22 from AY2324S2-CS2103-F15-3/branch-project-website","messageBody":"Merge Branch project website ","fileTypesAndContributionMap":{}},{"hash":"3b44f1591abb3cffc48fd640b2b398109f5313fb","isMergeCommit":false,"messageTitle":"Remove extra bullet point","messageBody":"","fileTypesAndContributionMap":{"docs":{"insertions":1,"deletions":1}}},{"hash":"f4f3afc19a99b338670bd339e844d898b2326ff4","isMergeCommit":true,"messageTitle":"Merge pull request #23 from lihaoquan/branch-project-website","messageBody":"Remove extra bullet point for UserGuide.md","fileTypesAndContributionMap":{}},{"hash":"5eb000f20c0b365c2ead360f42e02f8296b98a91","isMergeCommit":false,"messageTitle":"Add Tutorial Task 2","messageBody":"","fileTypesAndContributionMap":{"functional-code":{"insertions":235,"deletions":34},"test-code":{"insertions":65,"deletions":21}}}]},{"date":"2024-03-11","commitResults":[{"hash":"0815aa2c451fdf6b027439f5ba31eefbe164c02e","isMergeCommit":true,"messageTitle":"Merge branch \u0027master\u0027 into tutorial-adding-command","messageBody":"","fileTypesAndContributionMap":{}},{"hash":"f3eda46f17cd6de66fd6ef4aa61ddfaeaea5db8c","isMergeCommit":false,"messageTitle":"Add note command with optional date","messageBody":"","fileTypesAndContributionMap":{"functional-code":{"insertions":131,"deletions":93},"other":{"insertions":54,"deletions":40},"docs":{"insertions":41,"deletions":41},"test-code":{"insertions":27,"deletions":24}}},{"hash":"7f34befdddc23e9b57a908482d0d1f8b15f7fa72","isMergeCommit":false,"messageTitle":"Fix checkstyle issues","messageBody":"","fileTypesAndContributionMap":{"functional-code":{"insertions":11,"deletions":3}}}]},{"date":"2024-03-13","commitResults":[{"hash":"8d1e79ac0ab27c1eb3cbe7f4ec52c41565b2b25f","isMergeCommit":false,"messageTitle":"Create blue print classes for Applicant, Role, and Stage","messageBody":"","fileTypesAndContributionMap":{"functional-code":{"insertions":136,"deletions":1}}},{"hash":"b7ddfee951030778ef53f631eaa896084aee0e81","isMergeCommit":false,"messageTitle":"Fix checkstyle issues","messageBody":"","fileTypesAndContributionMap":{"docs":{"insertions":13,"deletions":13},"test-code":{"insertions":5,"deletions":5}}},{"hash":"d648dd5b7c91a8d936189f37ee8c9f0c483fd079","isMergeCommit":false,"messageTitle":"More fixes for checkstyle","messageBody":"","fileTypesAndContributionMap":{"test-code":{"insertions":32,"deletions":16}}},{"hash":"97682c8501319d7d79184f824d69d032a43e21ca","isMergeCommit":false,"messageTitle":"Update NoteCommandTest.java","messageBody":"","fileTypesAndContributionMap":{"test-code":{"insertions":2,"deletions":2}}},{"hash":"19f85705a343495dd8e7f50de38b91053f698d79","isMergeCommit":true,"messageTitle":"Merge branch \u0027add-note-command\u0027 into create-blueprint-classes","messageBody":"","fileTypesAndContributionMap":{}},{"hash":"148645ceb3bb27090a4574d9e88aded15dd99186","isMergeCommit":false,"messageTitle":"Update NoteCommandTest.java","messageBody":"","fileTypesAndContributionMap":{"test-code":{"insertions":15,"deletions":0}}}]},{"date":"2024-03-14","commitResults":[{"hash":"daada8b4f85a06c3461dd0a454325a66d98ab0a6","isMergeCommit":true,"messageTitle":"Merge pull request #41 from lihaoquan/add-note-command","messageBody":"Add note command","fileTypesAndContributionMap":{}},{"hash":"f9f1d6269124e31d8b0d3e8eb1361ecf36a1f1a6","isMergeCommit":true,"messageTitle":"Merge pull request #43 from AY2324S2-CS2103-F15-3/add-note-command","messageBody":"Add note command","fileTypesAndContributionMap":{}},{"hash":"7cfc41318dd3fb4c98a8a1e9f927ec74f7d9771c","isMergeCommit":true,"messageTitle":"Merge pull request #42 from lihaoquan/create-blueprint-classes","messageBody":"Create blue print classes for Applicant, Role, and Stage","fileTypesAndContributionMap":{}},{"hash":"ae920497b9f009fc03dede05b032944d6f4b3a74","isMergeCommit":true,"messageTitle":"Merge pull request #44 from AY2324S2-CS2103-F15-3/create-blueprint-classes","messageBody":"Create blueprint classes","fileTypesAndContributionMap":{}}]},{"date":"2024-03-18","commitResults":[{"hash":"0c00784d675e69a708d3c46c123c5a74b7e1bd1c","isMergeCommit":false,"messageTitle":"Fix NoteCommnadTest Failure","messageBody":"","fileTypesAndContributionMap":{"test-code":{"insertions":8,"deletions":2}}},{"hash":"08267b430b0337f7da9491973ad66aadf1eff363","isMergeCommit":false,"messageTitle":"Allow add applicant parser to get /note","messageBody":"","fileTypesAndContributionMap":{"functional-code":{"insertions":42,"deletions":9}}},{"hash":"4896d3f28596efc4d6ccd966db69c849ac9be758","isMergeCommit":false,"messageTitle":"Update handle null for note date","messageBody":"","fileTypesAndContributionMap":{"functional-code":{"insertions":15,"deletions":7}}},{"hash":"5af70cca2c24190568a4938d1141db7369d3abfb","isMergeCommit":false,"messageTitle":"Update PersonBuilder.java","messageBody":"","fileTypesAndContributionMap":{"test-code":{"insertions":3,"deletions":0}}},{"hash":"7929e73314db3c8a1e9cea3bf5cbd85eec0b16d7","isMergeCommit":true,"messageTitle":"Merge branch \u0027branch-notecommandtest-failing\u0027 into branch-notecommand-applicant-parser","messageBody":"","fileTypesAndContributionMap":{}},{"hash":"a17e6a41bb0896ae2f330fa79b6f2fafbfef0ea1","isMergeCommit":false,"messageTitle":"Update AddCommandParser.java","messageBody":"","fileTypesAndContributionMap":{"functional-code":{"insertions":2,"deletions":1}}},{"hash":"8c3dde24cc5abeebdac77558af27c90273ea2172","isMergeCommit":true,"messageTitle":"Merge branch \u0027master\u0027 into branch-notecommand-applicant-parser","messageBody":"","fileTypesAndContributionMap":{}},{"hash":"b097f7d69fd9ce463ec922e8db32866e20ece022","isMergeCommit":false,"messageTitle":"Reflect Note changes to Applicant parser and model","messageBody":"","fileTypesAndContributionMap":{"functional-code":{"insertions":31,"deletions":3}}}]},{"date":"2024-03-19","commitResults":[{"hash":"9c44d1770734380dc0eee980e5b49b878e860a10","isMergeCommit":false,"messageTitle":"Update UML Diagrams for Note Command and Applicant","messageBody":"","fileTypesAndContributionMap":{"docs":{"insertions":17,"deletions":8}}}]},{"date":"2024-03-20","commitResults":[{"hash":"04e6be79ab73e87e5157136736790bc1bd9ef243","isMergeCommit":false,"messageTitle":"Update UiClassDiagram.puml","messageBody":"","fileTypesAndContributionMap":{"docs":{"insertions":2,"deletions":0}}},{"hash":"03ee93961fcc8afa5d3b47127cefe55be22a1455","isMergeCommit":true,"messageTitle":"Merge branch \u0027master\u0027 into export-branch","messageBody":"","fileTypesAndContributionMap":{}},{"hash":"c37481abc24bae57822a0e20165383d365e82972","isMergeCommit":true,"messageTitle":"Merge pull request #58 from ChrisHo1341/export-branch","messageBody":"Add Export command","fileTypesAndContributionMap":{}},{"hash":"3343dfb24520614ae0e0c460d86db87d6c83b010","isMergeCommit":true,"messageTitle":"Merge pull request #67 from AY2324S2-CS2103-F15-3/branch-notecommand-applicant-parser","messageBody":"Branch notecommand applicant parser","fileTypesAndContributionMap":{}},{"hash":"4f8353e60646ba8443bcf049ab90a88b5063b7a8","isMergeCommit":true,"messageTitle":"Merge branch \u0027AY2324S2-CS2103-F15-3:master\u0027 into branch-update-puml","messageBody":"","fileTypesAndContributionMap":{}},{"hash":"808a2c7deecdc701d7999b18ec53162c111c5139","isMergeCommit":false,"messageTitle":"Fix date display bug","messageBody":"","fileTypesAndContributionMap":{"functional-code":{"insertions":3,"deletions":0}}},{"hash":"e82b27fa07fdc3592fa50ccbc830dbaf3215168b","isMergeCommit":true,"messageTitle":"Merge pull request #68 from AY2324S2-CS2103-F15-3/add-note-command","messageBody":"Fix date display bug","fileTypesAndContributionMap":{}},{"hash":"90117fe5189c3d463483b2ef7b5dac9bf7912145","isMergeCommit":true,"messageTitle":"Merge pull request #62 from lihaoquan/branch-update-puml","messageBody":"Update UML Diagrams for Note Command and Applicant","fileTypesAndContributionMap":{}}]}],"YuvBindal":[{"date":"2024-02-26","commitResults":[{"hash":"cad3283eb64ab9924b482ec1eb972b333e8cc7b7","isMergeCommit":false,"messageTitle":"Update AboutUs.md","messageBody":"","fileTypesAndContributionMap":{"docs":{"insertions":3,"deletions":3}}},{"hash":"17893fbc0e06f7de60a7b11fd99cc713f9c2dc28","isMergeCommit":false,"messageTitle":"Update AboutUs.md","messageBody":"","fileTypesAndContributionMap":{"docs":{"insertions":1,"deletions":1}}}]},{"date":"2024-03-04","commitResults":[{"hash":"9472907511f9aa2ba2b2fe7f5ba35362d152d794","isMergeCommit":false,"messageTitle":"Update UserGuide.md","messageBody":"","fileTypesAndContributionMap":{"docs":{"insertions":11,"deletions":0}}},{"hash":"e9df6f839cf980bf531134d1589c60a624dfeb38","isMergeCommit":false,"messageTitle":"Update UserGuide.md","messageBody":"","fileTypesAndContributionMap":{"docs":{"insertions":1,"deletions":0}}},{"hash":"d2d5784ef9d3ab7816c67bc57b3c3463dc2f6242","isMergeCommit":true,"messageTitle":"Merge pull request #18 from YuvBindal/master","messageBody":"Update UserGuide.md","fileTypesAndContributionMap":{}},{"hash":"eb97cc9ce66282a7301f1e60d6aca0f268421bca","isMergeCommit":false,"messageTitle":"Update DeveloperGuide.md","messageBody":"","fileTypesAndContributionMap":{"docs":{"insertions":11,"deletions":1}}},{"hash":"7771e618340605e2fbf1c91abaa88f3a7d4f3413","isMergeCommit":true,"messageTitle":"Merge pull request #19 from YuvBindal/master","messageBody":"Update DeveloperGuide.md","fileTypesAndContributionMap":{}}]},{"date":"2024-03-14","commitResults":[{"hash":"287da776fc346799ba0330c50791a2146c432719","isMergeCommit":false,"messageTitle":"Filter persons added","messageBody":"","fileTypesAndContributionMap":{"functional-code":{"insertions":132,"deletions":0}}},{"hash":"2bc2d12cefb27b830331b2744ef4c8c5a92a4cbb","isMergeCommit":true,"messageTitle":"Merge pull request #45 from YuvBindal/filter-command","messageBody":"Filter persons added","fileTypesAndContributionMap":{}},{"hash":"43954d43f18ed2786a3f85962847acab8105f0b9","isMergeCommit":true,"messageTitle":"Merge branch \u0027filter-command\u0027","messageBody":"","fileTypesAndContributionMap":{}},{"hash":"940df98e1374fba168f039ce8a00bfdef1eebfd8","isMergeCommit":false,"messageTitle":"Refactor HR Connect","messageBody":"","fileTypesAndContributionMap":{"functional-code":{"insertions":7,"deletions":7}}},{"hash":"7c79217149de0e4f1de5b1178dc43c9f2ba27f79","isMergeCommit":true,"messageTitle":"Merge pull request #46 from YuvBindal/refactor-HR-connect","messageBody":"Refactor hr connect","fileTypesAndContributionMap":{}}]},{"date":"2024-03-18","commitResults":[{"hash":"04d08af345d6d6d42eeddf782772c7d0af24e9ae","isMergeCommit":false,"messageTitle":"Update Filter Command","messageBody":"","fileTypesAndContributionMap":{"functional-code":{"insertions":69,"deletions":16}}},{"hash":"69cbeadd9cc54269bce2e65939e90fa08966aaf1","isMergeCommit":true,"messageTitle":"Merge branch \u0027refactor-HR-connect\u0027","messageBody":"","fileTypesAndContributionMap":{}},{"hash":"299d333a1567a28cd948042dcbc86ef1a4c36f3f","isMergeCommit":false,"messageTitle":"Update Filter Command","messageBody":"","fileTypesAndContributionMap":{"functional-code":{"insertions":6,"deletions":1}}}]},{"date":"2024-03-21","commitResults":[{"hash":"5144f6223e46d6398587be32a8b023c4bf740640","isMergeCommit":false,"messageTitle":"Create FilterSequenceDiagram.puml","messageBody":"","fileTypesAndContributionMap":{"docs":{"insertions":71,"deletions":0}}},{"hash":"f2acec133fa1b325b7febbc67c69181d6e6d0aff","isMergeCommit":true,"messageTitle":"Merge pull request #70 from YuvBindal/master","messageBody":"Create FilterSequenceDiagram.puml","fileTypesAndContributionMap":{}},{"hash":"1d2c9fbe8cea42a7e010425abc1f909677468e59","isMergeCommit":false,"messageTitle":"Update FilterCommandParser.java","messageBody":"","fileTypesAndContributionMap":{"functional-code":{"insertions":13,"deletions":8}}}]}],"ys112":[{"date":"2024-02-26","commitResults":[{"hash":"cf39008a185c1b65e8f5fcd91acc41645e556235","isMergeCommit":false,"messageTitle":"Add filter feature into user guide","messageBody":"","fileTypesAndContributionMap":{"docs":{"insertions":39,"deletions":48}}},{"hash":"e428f29178e1f9be3b504bcd6fe0ac0b95826030","isMergeCommit":false,"messageTitle":"Fix checkstyle issues for guide","messageBody":"","fileTypesAndContributionMap":{"docs":{"insertions":3,"deletions":3}}},{"hash":"80f9104113349f551c4cd0d1b24cc4eb90919ee4","isMergeCommit":true,"messageTitle":"Merge pull request #10 from ys112/update-UG","messageBody":"Add filter feature into user guide","fileTypesAndContributionMap":{}},{"hash":"aafe1cd941fd4c30a1e367fe27290b3a71accfa5","isMergeCommit":true,"messageTitle":"Merge branch \u0027master\u0027 into branch-project-website","messageBody":"","fileTypesAndContributionMap":{}},{"hash":"a5b8585298d96f0dfb928979d558c025e1b69a57","isMergeCommit":true,"messageTitle":"Merge pull request #9 from AY2324S2-CS2103-F15-3/branch-project-website","messageBody":"Merge Branch project website","fileTypesAndContributionMap":{}},{"hash":"1868195dbfc4c08505d8d20ba1b4529cb8385b52","isMergeCommit":false,"messageTitle":"Add target user profile, value proposition, and user stories","messageBody":"","fileTypesAndContributionMap":{"docs":{"insertions":47,"deletions":21}}},{"hash":"8f53d0087a6121d02bf018c2aa4fda706f805c92","isMergeCommit":true,"messageTitle":"Merge pull request #11 from ys112/update-DG","messageBody":"Add target user profile, value proposition, and user stories","fileTypesAndContributionMap":{}}]},{"date":"2024-03-05","commitResults":[{"hash":"29ff1bc75eda17631acf0f4fcd613ed418cda960","isMergeCommit":false,"messageTitle":"Clean up traces of AB3 in user guide","messageBody":"","fileTypesAndContributionMap":{"docs":{"insertions":2,"deletions":1}}},{"hash":"225fd34ab68ba2f6deb209cfc900fbc33054f2b2","isMergeCommit":true,"messageTitle":"Merge pull request #20 from ys112/update-UG","messageBody":"Clean up traces of AB3 in user guide","fileTypesAndContributionMap":{}}]},{"date":"2024-03-06","commitResults":[{"hash":"d528149df7745dd73f52c7af02fc9a7bb9bb7bd4","isMergeCommit":false,"messageTitle":"Clean up user guide for HRConnect","messageBody":"Change related names in user guide like addressbook.jar to\nhrconnect.jar for relevance.\n\nWill have to make changes in code and gradle build to reflect the\nrefactor of name to HRConnect.\n","fileTypesAndContributionMap":{"docs":{"insertions":7,"deletions":7}}},{"hash":"ec653a26065569b1147d3f1a1c0401e2030aa684","isMergeCommit":false,"messageTitle":"Clean up any mentions of address book related words to HRConnect","messageBody":"","fileTypesAndContributionMap":{"docs":{"insertions":8,"deletions":8}}},{"hash":"aff3dc51f9fab075ca145ffb8e5b53b911d278e2","isMergeCommit":true,"messageTitle":"Merge pull request #24 from ys112/update-UG","messageBody":"Clean up user guide for HRConnect","fileTypesAndContributionMap":{}}]},{"date":"2024-03-08","commitResults":[{"hash":"32ff6d4afdfc6638318400457f56c975a69b5504","isMergeCommit":false,"messageTitle":"Update responsibilities for member\u0027s about us page","messageBody":"","fileTypesAndContributionMap":{"docs":{"insertions":5,"deletions":5}}},{"hash":"51c0c8166da78f9b39fba1679a14d23d1a5619d3","isMergeCommit":true,"messageTitle":"Merge pull request #30 from ys112/update-project-website","messageBody":"Update responsibilities for members\u0027 about us page","fileTypesAndContributionMap":{}}]},{"date":"2024-03-09","commitResults":[{"hash":"9a3d9b6c2b991a29c5fe33e49e2b3477f9721b2f","isMergeCommit":false,"messageTitle":"Change command format to \"/name\" style","messageBody":"For better clarity of prefixes and more natural UX, the fields are\nmentioned in full such as \"/name\" instead of \"/n\" and the slash is\nat the front of a field instead of being at the end.\n\nNo change to existing fields used.\n\nError message for duplicate prefixes changed to follow natural ordering\nsuch that the prefixes displayed is consistent.\n","fileTypesAndContributionMap":{"functional-code":{"insertions":9,"deletions":8}}},{"hash":"e0a3eefd83a9b439666098181b505d8929cb1178","isMergeCommit":true,"messageTitle":"Merge branch \u0027master\u0027 of https://github.com/AY2324S2-CS2103-F15-3/tp into change-command-format","messageBody":"","fileTypesAndContributionMap":{}}]},{"date":"2024-03-14","commitResults":[{"hash":"740c3bd2c31bfacdf8a1c0afde9992d7812da39b","isMergeCommit":false,"messageTitle":"Create add applicant feature","messageBody":"HR officer can add applicant easily and would need to input the role\nfor the applicant. Stage field is automatically created assuming\nall new applicants start from the initial stage.\n\nAdd applicant command and parser classes are covered with testing.\n","fileTypesAndContributionMap":{"functional-code":{"insertions":547,"deletions":8},"test-code":{"insertions":801,"deletions":15}}},{"hash":"2bf084253dbf3331326f451a36e78223dc0434c4","isMergeCommit":true,"messageTitle":"Merge branch \u0027master\u0027 of https://github.com/AY2324S2-CS2103-F15-3/tp into add-applicant-command","messageBody":"","fileTypesAndContributionMap":{}}]},{"date":"2024-03-15","commitResults":[{"hash":"9359f396fa4956b835aa9061166075839da08c16","isMergeCommit":false,"messageTitle":"Merge add applicant feature with skeleton code","messageBody":"Update add applicant command tests to accommodate for note fields.\n","fileTypesAndContributionMap":{"functional-code":{"insertions":84,"deletions":155},"other":{"insertions":1,"deletions":1},"test-code":{"insertions":49,"deletions":46}}},{"hash":"6226c4f883dedcddc26fbf7cc15b9f23589dfeed","isMergeCommit":true,"messageTitle":"Merge branch \u0027master\u0027 into add-applicant-command","messageBody":"","fileTypesAndContributionMap":{}}]},{"date":"2024-03-16","commitResults":[{"hash":"429b0a4d13a176d871c96cae1fc5ca0edb656c2d","isMergeCommit":true,"messageTitle":"Merge pull request #51 from xinen26/edit-applicant-command","messageBody":"Edit applicant command","fileTypesAndContributionMap":{}}]},{"date":"2024-03-18","commitResults":[{"hash":"22cbfe51a4c94f87ef97889079594e23cae60eff","isMergeCommit":true,"messageTitle":"Merge pull request #53 from lihaoquan/branch-notecommandtest-failing","messageBody":"Fix NoteCommnadTest Failure","fileTypesAndContributionMap":{}},{"hash":"58f1d2678060ac04fab6b20224e27351b22ca16f","isMergeCommit":true,"messageTitle":"Merge pull request #56 from YuvBindal/update-filter-command","messageBody":"Update filter command","fileTypesAndContributionMap":{}},{"hash":"560f9e16b1cb8a0ff9636ee0821505d224880072","isMergeCommit":false,"messageTitle":"Modify parser to not recognize add and edit person command","messageBody":"","fileTypesAndContributionMap":{"functional-code":{"insertions":23,"deletions":34},"test-code":{"insertions":20,"deletions":42}}},{"hash":"847ee95c480138d72e2212323e79ea78cd4da4c7","isMergeCommit":false,"messageTitle":"Add test cases back","messageBody":"","fileTypesAndContributionMap":{"test-code":{"insertions":23,"deletions":15}}},{"hash":"5a8f83bfb1840487afd18f3787dfdd454dec5799","isMergeCommit":true,"messageTitle":"Merge pull request #54 from lihaoquan/branch-notecommand-applicant-parser","messageBody":"Branch notecommand applicant parser","fileTypesAndContributionMap":{}},{"hash":"80d7bbd4bd0e1cff0c580a866ec00efac6d96979","isMergeCommit":true,"messageTitle":"Merge pull request #61 from AY2324S2-CS2103-F15-3/branch-notecommandtest-failing","messageBody":"Merge branch notecommandtest failing to master","fileTypesAndContributionMap":{}},{"hash":"ed7552d75d4b0f2a5577a1d20845b94ee31f2ede","isMergeCommit":true,"messageTitle":"Merge branch \u0027master\u0027 of https://github.com/ys112/tp into remove-commands","messageBody":"","fileTypesAndContributionMap":{}},{"hash":"01acecde673aca1e52bd2a23d90abc28ee63a3ac","isMergeCommit":false,"messageTitle":"Fix unused imports","messageBody":"","fileTypesAndContributionMap":{"test-code":{"insertions":0,"deletions":8}}},{"hash":"068742ab161b92b016150a6a8f6417c65cedba97","isMergeCommit":true,"messageTitle":"Merge pull request #60 from ys112/remove-commands","messageBody":"Modify parser to not recognize add and edit person command","fileTypesAndContributionMap":{}}]},{"date":"2024-03-20","commitResults":[{"hash":"e2d3273b9f9ff826503e3f2fc25ff5249907ad2c","isMergeCommit":false,"messageTitle":"Modify class diagram to reflect applicant","messageBody":"","fileTypesAndContributionMap":{"docs":{"insertions":12,"deletions":0}}},{"hash":"e4f6f219070af4acdb072d277b6d00f1f3762040","isMergeCommit":false,"messageTitle":"Add dependency for JsonAdaptedApplicant","messageBody":"","fileTypesAndContributionMap":{"docs":{"insertions":1,"deletions":0}}},{"hash":"f10b9d0672dd607d6ae669fd5a6a2c4b37bd7a92","isMergeCommit":true,"messageTitle":"Merge pull request #66 from xinen26/update-uml","messageBody":"Add UML sequence diagram for edit_applicant","fileTypesAndContributionMap":{}}]}],"xinen26":[{"date":"2024-02-27","commitResults":[{"hash":"e719870711d0cf4277bad8363f4c0c3f3eb371ff","isMergeCommit":false,"messageTitle":"Update UserGuide.md","messageBody":"","fileTypesAndContributionMap":{"docs":{"insertions":11,"deletions":0}}},{"hash":"d21645e77f9bf150bb382400ba992af001fbd894","isMergeCommit":false,"messageTitle":"Update UserGuide.md","messageBody":"","fileTypesAndContributionMap":{"docs":{"insertions":1,"deletions":0}}},{"hash":"daec8e73f3b0687ad3fa13de2e5e58d16bbeca3d","isMergeCommit":false,"messageTitle":"Update UserGuide.md","messageBody":"","fileTypesAndContributionMap":{"docs":{"insertions":3,"deletions":3}}},{"hash":"6132eba6bcb853aadcd0cad6a98341704e4a2140","isMergeCommit":false,"messageTitle":"Update UserGuide.md","messageBody":"","fileTypesAndContributionMap":{"docs":{"insertions":3,"deletions":3}}},{"hash":"0f27c787414747a2f33e77f55537a1e7797f2c5a","isMergeCommit":true,"messageTitle":"Merge pull request #12 from xinen26/Update-UG","messageBody":"Add Comment function into user guide","fileTypesAndContributionMap":{}},{"hash":"3188f83f6eff5a9a308eeea6c43c1d60c1831e49","isMergeCommit":false,"messageTitle":"Update DeveloperGuide.md","messageBody":"","fileTypesAndContributionMap":{"docs":{"insertions":84,"deletions":3}}},{"hash":"d2767249122c205d57f7dbe1e55732ef50618d01","isMergeCommit":false,"messageTitle":"Update DeveloperGuide.md","messageBody":"","fileTypesAndContributionMap":{"docs":{"insertions":154,"deletions":0}}},{"hash":"8adc30cdaf1644a32eddaf0cb1524619d35b7ab4","isMergeCommit":false,"messageTitle":"Change names for use cases","messageBody":"","fileTypesAndContributionMap":{"docs":{"insertions":46,"deletions":50}}},{"hash":"608a70e29abbcfa9580fc25d5922b72751a18e15","isMergeCommit":true,"messageTitle":"Merge pull request #13 from xinen26/Update-DG","messageBody":"Update developer guide for use case","fileTypesAndContributionMap":{}}]},{"date":"2024-03-09","commitResults":[{"hash":"70c2bd73af20556982db12f6ff45354bc6f47e0b","isMergeCommit":true,"messageTitle":"Merge pull request #32 from ys112/change-command-format","messageBody":"Change command format to \"/name\" style","fileTypesAndContributionMap":{}}]},{"date":"2024-03-15","commitResults":[{"hash":"3d1246dd3181bc1af2527dce2ee382f54a11e2ee","isMergeCommit":true,"messageTitle":"Merge pull request #47 from ys112/add-applicant-command","messageBody":"Add applicant command","fileTypesAndContributionMap":{}},{"hash":"ee1026266becf9da19bec514bc5a15c93f18ad30","isMergeCommit":false,"messageTitle":"Add basic functionality for edit applicant class","messageBody":"","fileTypesAndContributionMap":{"functional-code":{"insertions":427,"deletions":18}}}]},{"date":"2024-03-16","commitResults":[{"hash":"000e8b308045d4a37e873198d3d2b75704743d75","isMergeCommit":false,"messageTitle":"Fix casting bug","messageBody":"","fileTypesAndContributionMap":{"functional-code":{"insertions":14,"deletions":4}}},{"hash":"99b0af217937acae5575ff156ff0f18d0d61f023","isMergeCommit":false,"messageTitle":"Fixed bug for role","messageBody":"","fileTypesAndContributionMap":{"functional-code":{"insertions":41,"deletions":14}}},{"hash":"82bc0aaece3e11c55bf3b88e382cecc3c9db84de","isMergeCommit":false,"messageTitle":"Fix bug for stage","messageBody":"","fileTypesAndContributionMap":{"functional-code":{"insertions":3,"deletions":3}}},{"hash":"e97a4c4cd15a0ef72888c5d1e03987ada89cf84c","isMergeCommit":false,"messageTitle":"Clear all checkstyle problems","messageBody":"","fileTypesAndContributionMap":{"functional-code":{"insertions":42,"deletions":31}}},{"hash":"33824d30249fb2baa4341b031b6c341aa8ccbe5b","isMergeCommit":false,"messageTitle":"Add new tests for EditApplicant","messageBody":"","fileTypesAndContributionMap":{"functional-code":{"insertions":5,"deletions":3},"test-code":{"insertions":331,"deletions":0}}}]},{"date":"2024-03-19","commitResults":[{"hash":"b495177ccf45cd5914780031a62ada2f3594ce94","isMergeCommit":false,"messageTitle":"Change the url","messageBody":"","fileTypesAndContributionMap":{"functional-code":{"insertions":1,"deletions":1}}},{"hash":"1204d5c5180e31f16f7c2c7e062b23d20c80066e","isMergeCommit":false,"messageTitle":"Update UserGuide to v1.2 changes","messageBody":"","fileTypesAndContributionMap":{"docs":{"insertions":37,"deletions":36}}},{"hash":"2cb53d349e7a2408b2b78b65efdafb1200bb3a82","isMergeCommit":false,"messageTitle":"Update UserGuide for minor changes","messageBody":"","fileTypesAndContributionMap":{"docs":{"insertions":5,"deletions":5}}},{"hash":"5446fbfdc0c59d0991f5536c7c5611fec0b5e455","isMergeCommit":false,"messageTitle":"Update UserGuide","messageBody":"","fileTypesAndContributionMap":{"docs":{"insertions":3,"deletions":3}}},{"hash":"eee01744b7ba13e2c5476a45de247dd742cf3c3b","isMergeCommit":false,"messageTitle":"Remove traces of persons in USerGuide","messageBody":"","fileTypesAndContributionMap":{"docs":{"insertions":2,"deletions":2}}}]},{"date":"2024-03-20","commitResults":[{"hash":"4e4a6ac2e50b8ba988685bbde41f9ee50a8bd9ad","isMergeCommit":false,"messageTitle":"Update Export Command in UserGuide","messageBody":"","fileTypesAndContributionMap":{"docs":{"insertions":5,"deletions":7}}},{"hash":"bdebae2e6c22d1abe1002c3c30319b9213563adb","isMergeCommit":false,"messageTitle":"Update Export command on UserGuide","messageBody":"","fileTypesAndContributionMap":{"docs":{"insertions":3,"deletions":3}}},{"hash":"25c15517e538365b86195bf8056ee3a67d3e0b2b","isMergeCommit":false,"messageTitle":"Add UML diagram for Edit_Applicant","messageBody":"","fileTypesAndContributionMap":{"docs":{"insertions":71,"deletions":0}}},{"hash":"37b410d899b39ad5a5bcc7f4c579d99ba3eeaa27","isMergeCommit":false,"messageTitle":"Update DeveloperGuide.md","messageBody":"","fileTypesAndContributionMap":{"docs":{"insertions":3,"deletions":0}}},{"hash":"710763c9e34376bd9ffec1273f0e522548c0c060","isMergeCommit":false,"messageTitle":"Update DeveloperGuide.md","messageBody":"","fileTypesAndContributionMap":{"docs":{"insertions":1,"deletions":1}}},{"hash":"45ca39d434fa67a2ee1c3a51cd7295ce84153ebc","isMergeCommit":false,"messageTitle":"Include UML diagram for edit applicant","messageBody":"","fileTypesAndContributionMap":{"docs":{"insertions":2,"deletions":0}}},{"hash":"8001d6ff156c3af43bd73a8dade3b85609ecfb26","isMergeCommit":false,"messageTitle":"Clear Checkstyle issues","messageBody":"","fileTypesAndContributionMap":{"docs":{"insertions":3,"deletions":3}}},{"hash":"38d671ed55348a691d07869864e3d1c5f3b0a0d2","isMergeCommit":true,"messageTitle":"Merge pull request #65 from ys112/add-uml","messageBody":"Modify class diagram to reflect applicant","fileTypesAndContributionMap":{}}]}],"ChrisHo1341":[{"date":"2024-03-07","commitResults":[{"hash":"df8daef8eba8fa9bc8c9dcefa4f34c3cd70e5c30","isMergeCommit":false,"messageTitle":"Update DevGuide and UserGuide","messageBody":"Add tag function in user guide and glossary to devguide\n","fileTypesAndContributionMap":{"docs":{"insertions":13,"deletions":0}}},{"hash":"55378a4f85d6281275ac2d7741e644f47a96184f","isMergeCommit":true,"messageTitle":"Merge pull request #27 from ChrisHo1341/CH-v1.1","messageBody":"Update DevGuide and UserGuide","fileTypesAndContributionMap":{}},{"hash":"50d1de3995f1f0e080446b05f8da16ebf567e821","isMergeCommit":false,"messageTitle":"Update DeveloperGuide.md","messageBody":"","fileTypesAndContributionMap":{"docs":{"insertions":1,"deletions":1}}},{"hash":"df0d56dc67b5eaa30761fc3968cf99869f5e99fd","isMergeCommit":true,"messageTitle":"Merge pull request #29 from ChrisHo1341/tutorial-adding-command","messageBody":"Update DeveloperGuide.md","fileTypesAndContributionMap":{}}]},{"date":"2024-03-18","commitResults":[{"hash":"011817c6a018b15c7aa495832b1dbd6b099596f3","isMergeCommit":false,"messageTitle":"Add Export command","messageBody":"Export command exports contacts currently shown to an external json file.\n\nFor example, if \"find\" command is used, \"export\" command can be used to save these contacrs.\n","fileTypesAndContributionMap":{"functional-code":{"insertions":58,"deletions":0}}}]}]},"authorFileTypeContributionMap":{"lihaoquan":{"docs":142,"functional-code":383,"test-code":104},"YuvBindal":{"docs":88,"functional-code":175,"test-code":0},"ys112":{"docs":88,"functional-code":613,"test-code":810},"xinen26":{"docs":362,"functional-code":478,"test-code":331},"ChrisHo1341":{"docs":11,"functional-code":58,"test-code":0}},"authorContributionVariance":{"lihaoquan":15049.165,"YuvBindal":1221.5664,"ys112":67455.32,"xinen26":18183.588,"ChrisHo1341":121.38136},"authorDisplayNameMap":{"lihaoquan":"CS2103-F15-3 LI H..QUAN","YuvBindal":"CS2103-F15-3 BIND.. YUV","ys112":"CS2103-F15-3 YONG..SIAN","xinen26":"CS2103-F15-3 LEE ..N EN","ChrisHo1341":"CS2103-F15-3 HO W..PHER"}}
