{"authorDailyContributionsMap":{"Apzure":[{"date":"2024-03-01","commitResults":[{"hash":"7cf00ce62f5c66c95e74d5206be3c397635ca505","isMergeCommit":true,"messageTitle":"Merge pull request #9 from taeewonnn/update-README","messageBody":"Update readme","fileTypesAndContributionMap":{}}]},{"date":"2024-03-03","commitResults":[{"hash":"bd1eadc4b81baead532e60bcb7fb7e826fccde11","isMergeCommit":true,"messageTitle":"Merge pull request #12 from taeewonnn/update-README","messageBody":"Fix GFMD","fileTypesAndContributionMap":{}}]},{"date":"2024-03-05","commitResults":[{"hash":"71b54dc2dc68913e28508b22b40a3a955f70d18a","isMergeCommit":false,"messageTitle":"Document Create Event Command in UG","messageBody":"","fileTypesAndContributionMap":{"docs":{"insertions":8,"deletions":122}}}]},{"date":"2024-03-07","commitResults":[{"hash":"81dd327a4ce186191fafba4593b5ba6b90f4ea24","isMergeCommit":true,"messageTitle":"Merge pull request #13 from myang2020/AboutUs","messageBody":"Update AboutUs","fileTypesAndContributionMap":{}},{"hash":"4acc6fc0ccda79e2ee616f944a79a9aa7f8007c0","isMergeCommit":true,"messageTitle":"Merge pull request #18 from taeewonnn/document-DG","messageBody":"Modify DG","fileTypesAndContributionMap":{}}]},{"date":"2024-03-10","commitResults":[{"hash":"786625dd9f99159290d1199357addc362d5dd522","isMergeCommit":false,"messageTitle":"Change Command name to addev","messageBody":"","fileTypesAndContributionMap":{"docs":{"insertions":5,"deletions":5}}}]}],"nusliuyifan":[],"ChocoRagdoll":[],"taeewonnn":[{"date":"2024-02-29","commitResults":[{"hash":"159f028e4b4133b90bd9129ac30d346895c02ce5","isMergeCommit":false,"messageTitle":"Update README","messageBody":"Let\u0027s update README file and upload mock UI image\n","fileTypesAndContributionMap":{"docs":{"insertions":10,"deletions":3}}}]},{"date":"2024-03-01","commitResults":[{"hash":"8ac632def05a6dabddebfc9f65e0f457b48cfb4b","isMergeCommit":false,"messageTitle":"Update README","messageBody":"","fileTypesAndContributionMap":{"docs":{"insertions":1,"deletions":1}}}]},{"date":"2024-03-02","commitResults":[{"hash":"35d21a156592acc62436aa9a7d097d6f0a78b4a9","isMergeCommit":false,"messageTitle":"Fix GFMD","messageBody":"","fileTypesAndContributionMap":{"docs":{"insertions":2,"deletions":2}}}]},{"date":"2024-03-05","commitResults":[{"hash":"4f605e5315aff61dcf6ffc555e7f94d4bc5b0262","isMergeCommit":false,"messageTitle":"Modify DG","messageBody":"","fileTypesAndContributionMap":{"docs":{"insertions":16,"deletions":12}}}]},{"date":"2024-03-07","commitResults":[{"hash":"2f796666b1104c7b60071a3e0637dbdffa97618a","isMergeCommit":false,"messageTitle":"Update DG","messageBody":"","fileTypesAndContributionMap":{"docs":{"insertions":179,"deletions":22}}}]},{"date":"2024-03-11","commitResults":[{"hash":"f0c2a718fc2f7b803e7014c1d4c14b431f0a5ef0","isMergeCommit":true,"messageTitle":"Merge pull request #16 from Apzure/branch-user-guide","messageBody":"Document Create Event Command in UG","fileTypesAndContributionMap":{}}]}],"myang2020":[{"date":"2024-02-29","commitResults":[{"hash":"17f988724f313f112ea30f88ed1b6ed07c9d2368","isMergeCommit":false,"messageTitle":"Add images to AboutUs","messageBody":"","fileTypesAndContributionMap":{"docs":{"insertions":15,"deletions":15}}}]},{"date":"2024-03-03","commitResults":[{"hash":"118e8c6cee2e6e2fe86583a23972c614e14a80a0","isMergeCommit":false,"messageTitle":"Edit AboutUs.md","messageBody":"","fileTypesAndContributionMap":{"docs":{"insertions":2,"deletions":9}}}]},{"date":"2024-03-06","commitResults":[{"hash":"d9196a2529d661340ec72c68afba364d5d82dcbb","isMergeCommit":false,"messageTitle":"Fixed roles and responsibilities","messageBody":"","fileTypesAndContributionMap":{"docs":{"insertions":14,"deletions":17}}},{"hash":"110878606fe34bbb2065a897506e34ec8d323258","isMergeCommit":false,"messageTitle":"Fix AboutUs layout","messageBody":"","fileTypesAndContributionMap":{"docs":{"insertions":3,"deletions":3}}},{"hash":"250a091f5e9cb32a66b0378bd04f3f0fa48f8441","isMergeCommit":false,"messageTitle":"no message","messageBody":"","fileTypesAndContributionMap":{"docs":{"insertions":0,"deletions":5}}}]},{"date":"2024-03-07","commitResults":[{"hash":"5409793dea670f1e9340414896573a08b3df95ed","isMergeCommit":false,"messageTitle":"Beautify AboutUs.md","messageBody":"","fileTypesAndContributionMap":{"docs":{"insertions":31,"deletions":19}}},{"hash":"f40bf1dde86de78da50030293f24a2dc49994772","isMergeCommit":false,"messageTitle":"Finalize AboutUs.md","messageBody":"","fileTypesAndContributionMap":{"docs":{"insertions":29,"deletions":33}}},{"hash":"bb9a36868f78633cb42c2c37c208722f27acca40","isMergeCommit":false,"messageTitle":"Fix formatting","messageBody":"","fileTypesAndContributionMap":{"docs":{"insertions":2,"deletions":1}}},{"hash":"b2eb78d5ac9c2f731ea2368390351ab506d51076","isMergeCommit":false,"messageTitle":"Fix formatting","messageBody":"","fileTypesAndContributionMap":{"docs":{"insertions":5,"deletions":5}}},{"hash":"a51c1c5b4d713a64b1215c1c6f555f39bff5eed1","isMergeCommit":false,"messageTitle":"Fix formatting","messageBody":"","fileTypesAndContributionMap":{"docs":{"insertions":1,"deletions":1}}},{"hash":"2e38c3dc6ac1551ffd5d3664e1aef35246f6bf94","isMergeCommit":false,"messageTitle":"Fix EOF error","messageBody":"","fileTypesAndContributionMap":{"docs":{"insertions":1,"deletions":1}}}]}]},"authorFileTypeContributionMap":{"Apzure":{"docs":8,"functional-code":0,"test-code":0},"nusliuyifan":{"docs":0,"functional-code":0,"test-code":0},"ChocoRagdoll":{"docs":0,"functional-code":0,"test-code":0},"taeewonnn":{"docs":202,"functional-code":0,"test-code":0},"myang2020":{"docs":36,"functional-code":0,"test-code":0}},"authorContributionVariance":{"Apzure":883.9507,"nusliuyifan":0.0,"ChocoRagdoll":0.0,"taeewonnn":2108.7288,"myang2020":940.5063},"authorDisplayNameMap":{"Apzure":"CS2103T-T10-3 NIGE..N YI","nusliuyifan":"CS2103T-T10-3 LIU ..IFAN","ChocoRagdoll":"CS2103T-T10-3 SONG..CHAO","taeewonnn":"CS2103T-T10-3 HAN .. WON","myang2020":"CS2103T-T10-3 YANG..X CK"}}
