{"authorDailyContributionsMap":{"linnn-7":[{"date":"2024-02-28","commitResults":[{"hash":"8cae8d4f6187d9ffb10d3891c2e610f61d7e667a","isMergeCommit":false,"messageTitle":"Update AboutUs, README, UG","messageBody":"","fileTypesAndContributionMap":{"docs":{"insertions":21,"deletions":21}}},{"hash":"d02bcfc24844b71e94355f5cd7d49b5afcdfb3fb","isMergeCommit":true,"messageTitle":"Merge pull request #7 from linnn-7/update-documents","messageBody":"Update AboutUs, README, UG","fileTypesAndContributionMap":{}},{"hash":"5a29abc6292b0095c1c0712d56ef058592fca709","isMergeCommit":true,"messageTitle":"Merge pull request #12 from DhiraPT/add-DhiraPT-info","messageBody":"Modify AboutUs.md, UserGuide.md and README.md","fileTypesAndContributionMap":{}},{"hash":"26cff7abe7a7f78f1d9455f01e96cad216c3fc52","isMergeCommit":true,"messageTitle":"Merge pull request #13 from ondretann/ondretann-patch-1","messageBody":"Ondretann patch 1","fileTypesAndContributionMap":{}},{"hash":"017b8740d40af7163e75d82d50ff44a360e57007","isMergeCommit":true,"messageTitle":"Merge pull request #14 from PateShin/update-info","messageBody":"Update info","fileTypesAndContributionMap":{}}]},{"date":"2024-03-06","commitResults":[{"hash":"4f5a71b474bb6f8d766b2a589d1185788410ebf7","isMergeCommit":false,"messageTitle":"Update documents","messageBody":"","fileTypesAndContributionMap":{"docs":{"insertions":25,"deletions":70}}},{"hash":"23c1461fe60d53d7930b3e36e6cf5360978da457","isMergeCommit":true,"messageTitle":"Merge pull request #15 from linnn-7/update-ug-aboutus","messageBody":"Update documents","fileTypesAndContributionMap":{}},{"hash":"b776d3f1f4be67a9486381c2687d262ce17c2fb5","isMergeCommit":false,"messageTitle":"Update DG","messageBody":"","fileTypesAndContributionMap":{"docs":{"insertions":52,"deletions":8}}},{"hash":"06935adbf28def047422ca0c7f6d579da1086eab","isMergeCommit":true,"messageTitle":"Merge pull request #21 from linnn-7/update-dg","messageBody":"Update DG","fileTypesAndContributionMap":{}},{"hash":"e7ab0c7e6a9dd22bf51f30a10ba77ca87ae27a12","isMergeCommit":true,"messageTitle":"Merge pull request #22 from ondretann/branch-UserProfile","messageBody":"Update DeveloperGuide.md","fileTypesAndContributionMap":{}},{"hash":"4c4da46d1a505c885ab11f00740555310d8354f0","isMergeCommit":true,"messageTitle":"Merge pull request #23 from PateShin/Update-DeveloperGuide","messageBody":"Update developer guide","fileTypesAndContributionMap":{}},{"hash":"1457ad1e5e28b2dbb83851cabb03562f6841c0f9","isMergeCommit":false,"messageTitle":"Update use cases","messageBody":"","fileTypesAndContributionMap":{"docs":{"insertions":17,"deletions":0}}},{"hash":"bb71fa39594503e7ab35a4f1d823a90f57dcbdb2","isMergeCommit":true,"messageTitle":"Merge pull request #24 from linnn-7/update-user-case","messageBody":"Update use cases","fileTypesAndContributionMap":{}}]},{"date":"2024-03-07","commitResults":[{"hash":"18c970dd294878011bbab1a6004862d1110fcfa2","isMergeCommit":true,"messageTitle":"Merge pull request #26 from DhiraPT/branch-UseCases","messageBody":"Update DG Use Cases","fileTypesAndContributionMap":{}},{"hash":"f6ef9d331cf3e95c678df7a62e37c95dcb459d3a","isMergeCommit":true,"messageTitle":"Merge pull request #25 from DhiraPT/branch-DeveloperGuide","messageBody":"Update DG glossary","fileTypesAndContributionMap":{}},{"hash":"cc8df61c19b10b51487dae277b1f96607f237caa","isMergeCommit":false,"messageTitle":"Update website","messageBody":"","fileTypesAndContributionMap":{"docs":{"insertions":5,"deletions":7}}},{"hash":"865b17001f171a459082c7967b6bd628ea4b0036","isMergeCommit":true,"messageTitle":"Merge pull request #27 from linnn-7/update-website","messageBody":"Update website","fileTypesAndContributionMap":{}},{"hash":"e463995e767a49bdc60ea51536d51b7e52426ac6","isMergeCommit":true,"messageTitle":"Merge pull request #28 from ondretann/branch-UseCases","messageBody":"Update DeveloperGuide.md","fileTypesAndContributionMap":{}},{"hash":"791330ddedfeda87ccfe3e1a91ca662b402194f3","isMergeCommit":false,"messageTitle":"Update website","messageBody":"","fileTypesAndContributionMap":{"docs":{"insertions":20,"deletions":7}}},{"hash":"85b375c372b743d729d890069eaeed172d41b772","isMergeCommit":true,"messageTitle":"Merge pull request #29 from linnn-7/update-website1","messageBody":"Update website","fileTypesAndContributionMap":{}}]},{"date":"2024-03-14","commitResults":[{"hash":"c7d29b1a4d71fad734bf24033b85becc2cf0d2c3","isMergeCommit":true,"messageTitle":"Merge pull request #36 from DhiraPT/branch-new-command","messageBody":"Modify Add New Employee Command","fileTypesAndContributionMap":{}},{"hash":"6135a1603f1294d390566b7d3db5e015aee962c6","isMergeCommit":false,"messageTitle":"Fix add feature bugs","messageBody":"","fileTypesAndContributionMap":{"functional-code":{"insertions":1,"deletions":1}}},{"hash":"207abf2296527965f6fd89bc4e8fca4b3712a04c","isMergeCommit":false,"messageTitle":"Revert \"Fix add feature bugs\"","messageBody":"This reverts commit 6135a1603f1294d390566b7d3db5e015aee962c6.\n","fileTypesAndContributionMap":{"functional-code":{"insertions":1,"deletions":1}}},{"hash":"7410a0bf0e017d19f668704858f1b6f312ab8fca","isMergeCommit":false,"messageTitle":"Fix add feature bugs","messageBody":"","fileTypesAndContributionMap":{"functional-code":{"insertions":1,"deletions":1}}},{"hash":"6ab5f0b6d9fb585d2d69bbad34dd2037b6111d10","isMergeCommit":true,"messageTitle":"Merge pull request #37 from linnn-7/fix-add","messageBody":"Fix add feature bugs","fileTypesAndContributionMap":{}}]},{"date":"2024-03-15","commitResults":[{"hash":"bc746a6c25726688baa51ef724506df650e6fbab","isMergeCommit":false,"messageTitle":"Add edit feature","messageBody":"","fileTypesAndContributionMap":{"functional-code":{"insertions":107,"deletions":38},"test-code":{"insertions":124,"deletions":96}}},{"hash":"644bf5070b9855ff19d7017a038b4afbcb6745af","isMergeCommit":false,"messageTitle":"Update edit feature","messageBody":"","fileTypesAndContributionMap":{"functional-code":{"insertions":9,"deletions":14}}}]},{"date":"2024-03-19","commitResults":[{"hash":"9d8197f2ad0bcce1765277d0ef5699dede77d089","isMergeCommit":true,"messageTitle":"Merge pull request #42 from PateShin/branch-command-list","messageBody":"Modify ListCommand.java","fileTypesAndContributionMap":{}}]},{"date":"2024-03-20","commitResults":[{"hash":"05eb58d7cd0cd50dc002c39d600f66c18607b4da","isMergeCommit":false,"messageTitle":"Update add command","messageBody":"","fileTypesAndContributionMap":{"functional-code":{"insertions":6,"deletions":3},"docs":{"insertions":12,"deletions":12}}},{"hash":"bc3a8e51c075199ba7ae1c0faa2aece70aa7a164","isMergeCommit":true,"messageTitle":"Merge pull request #45 from linnn-7/clean-up-code","messageBody":"Update add command","fileTypesAndContributionMap":{}},{"hash":"99d9172a997fc01d993146629312356bf22e6257","isMergeCommit":true,"messageTitle":"Merge pull request #46 from PateShin/branch-name-product","messageBody":"Modify name of application, data files and log files","fileTypesAndContributionMap":{}},{"hash":"a8acf70dde1fb73e9e9d16a8e82f702d7a4500bc","isMergeCommit":false,"messageTitle":"Update UML diagram","messageBody":"","fileTypesAndContributionMap":{"docs":{"insertions":11,"deletions":11}}},{"hash":"6b1b0cc35ab243b857f932bf1ec9d7b27734e1b5","isMergeCommit":true,"messageTitle":"Merge pull request #48 from linnn-7/update-uml","messageBody":"Update UML diagram","fileTypesAndContributionMap":{}}]},{"date":"2024-03-21","commitResults":[{"hash":"9ea88add4f1dfcf6930343d3cc25fb17dd12e13e","isMergeCommit":true,"messageTitle":"Merge pull request #50 from PateShin/branch-UML","messageBody":"Update UML in DeveloperGuide","fileTypesAndContributionMap":{}}]},{"date":"2024-03-22","commitResults":[{"hash":"e3140914019206d2cfc24b47cf6bcaaf83614b0b","isMergeCommit":true,"messageTitle":"Merge pull request #54 from PateShin/branch-code-name","messageBody":"Update data file name to be PayBack","fileTypesAndContributionMap":{}}]},{"date":"2024-03-28","commitResults":[{"hash":"33393834f60e759269c3d5e366ad84c1252ea69e","isMergeCommit":false,"messageTitle":"Fix /tag function and update /edit function","messageBody":"","fileTypesAndContributionMap":{"functional-code":{"insertions":77,"deletions":15},"docs":{"insertions":3,"deletions":4},"test-code":{"insertions":11,"deletions":37}}},{"hash":"5cd59f29a9bcbc39004a2ba185db160d8d8a15bb","isMergeCommit":false,"messageTitle":"Update build.gradle","messageBody":"","fileTypesAndContributionMap":{"other":{"insertions":4,"deletions":0}}},{"hash":"7aad3020dbcebd029d8949d8a21b635073f05e6b","isMergeCommit":false,"messageTitle":"Remove testcase","messageBody":"","fileTypesAndContributionMap":{"test-code":{"insertions":0,"deletions":10}}},{"hash":"7b8b7f55aed1d978fe40656d98f13758be6e1076","isMergeCommit":false,"messageTitle":"Add testcase","messageBody":"","fileTypesAndContributionMap":{"test-code":{"insertions":10,"deletions":0}}},{"hash":"d270adff929258938434b902c99d6b95a1b4e24e","isMergeCommit":false,"messageTitle":"Fix /delete bug","messageBody":"","fileTypesAndContributionMap":{"functional-code":{"insertions":1,"deletions":1},"other":{"insertions":0,"deletions":4},"test-code":{"insertions":1,"deletions":1}}},{"hash":"6789649fcc31571334efc36fd7ee1ae42d1dbb98","isMergeCommit":false,"messageTitle":"Add testcases for ParserUtil","messageBody":"","fileTypesAndContributionMap":{"test-code":{"insertions":31,"deletions":0}}},{"hash":"0b9118e5c280acd1639e3d56004b7e9d6ffb0e3c","isMergeCommit":false,"messageTitle":"Fix checkstyle problems","messageBody":"","fileTypesAndContributionMap":{"test-code":{"insertions":0,"deletions":1}}},{"hash":"304b5a20359f44bf1b490860cf7cc3afbfdbb9b7","isMergeCommit":true,"messageTitle":"Merge pull request #65 from linnn-7/fix-tags","messageBody":"Fix /tag function and update /edit function","fileTypesAndContributionMap":{}}]},{"date":"2024-04-02","commitResults":[{"hash":"97e623292780b569c45b706fa05b8ac75201f8d6","isMergeCommit":false,"messageTitle":"Update Developer Guide and User Guide","messageBody":"","fileTypesAndContributionMap":{"docs":{"insertions":192,"deletions":123}}},{"hash":"7f21def130337cce5f3fc213f7bc2e46597278af","isMergeCommit":true,"messageTitle":"Merge pull request #71 from linnn-7/update-dg","messageBody":"Update Developer Guide and User Guide","fileTypesAndContributionMap":{}}]},{"date":"2024-04-03","commitResults":[{"hash":"6cc1a318c7b6c018416bc35200b6d63c2982bfa1","isMergeCommit":true,"messageTitle":"Merge pull request #74 from PateShin/branch-improve-gui","messageBody":"Upgrade GUI","fileTypesAndContributionMap":{}}]},{"date":"2024-04-04","commitResults":[{"hash":"f677dbe5c3fe0e08d1745e0efc591d1999e60aa0","isMergeCommit":true,"messageTitle":"Merge pull request #86 from ondretann/branch-UpdateUG","messageBody":"Update UserGuide.md","fileTypesAndContributionMap":{}},{"hash":"056e9cf0fc04e94bb8816db67ef72f43f439670c","isMergeCommit":false,"messageTitle":"Update Icon and Command Summary","messageBody":"","fileTypesAndContributionMap":{"docs":{"insertions":10,"deletions":5}}},{"hash":"07a50264714a538c9999e7899b81ab008c821a6e","isMergeCommit":true,"messageTitle":"Merge pull request #87 from linnn-7/update-userguide","messageBody":"Update Icon and Command Summary","fileTypesAndContributionMap":{}},{"hash":"8e551f38b4ad82a70aa95565689f96f066fbcbb4","isMergeCommit":true,"messageTitle":"Merge pull request #88 from PateShin/branch-fix-gui","messageBody":"Modify the window size of PayBack","tags":["v1.3"],"fileTypesAndContributionMap":{}}]},{"date":"2024-04-10","commitResults":[{"hash":"25ea79855696b0edad9cb82f797a44b7d03ceef2","isMergeCommit":false,"messageTitle":"Update /edit and /tag","messageBody":"","fileTypesAndContributionMap":{"functional-code":{"insertions":64,"deletions":54},"test-code":{"insertions":27,"deletions":30}}},{"hash":"16ad53629718fdc4cde8d82c2c3b7cf279ab7153","isMergeCommit":true,"messageTitle":"Merge pull request #165 from linnn-7/fix-edit-feature","messageBody":"Update /edit and /tag","fileTypesAndContributionMap":{}},{"hash":"96d7b0fba466040a0300993104d4abba7f3a0f48","isMergeCommit":false,"messageTitle":"Update User Guide","messageBody":"","fileTypesAndContributionMap":{"functional-code":{"insertions":4,"deletions":1},"docs":{"insertions":88,"deletions":21}}},{"hash":"9698bff7c5f045c9fc2f752de1731c716abb594c","isMergeCommit":true,"messageTitle":"Merge pull request #167 from linnn-7/update-ug","messageBody":"Update User Guide","fileTypesAndContributionMap":{}}]}],"PateShin":[{"date":"2024-02-27","commitResults":[{"hash":"99779d1d80f3452ace790ad7d5f77bd1e160e986","isMergeCommit":false,"messageTitle":"Modify AboutUs.md","messageBody":"","fileTypesAndContributionMap":{"docs":{"insertions":3,"deletions":3}}},{"hash":"93a883ed222a1ebdd5713b6980a7b1ee071e8eff","isMergeCommit":false,"messageTitle":"Update UserGuide","messageBody":"","fileTypesAndContributionMap":{"docs":{"insertions":17,"deletions":14}}}]},{"date":"2024-02-28","commitResults":[{"hash":"f6cb98f66b972681c4039230acc72ab517deba7c","isMergeCommit":false,"messageTitle":"Update UserGuide.md","messageBody":"","fileTypesAndContributionMap":{"docs":{"insertions":24,"deletions":21}}},{"hash":"5a7f45f7c3d68fea86388676e399f6838e634895","isMergeCommit":false,"messageTitle":"Update AboutUs.md","messageBody":"","fileTypesAndContributionMap":{"docs":{"insertions":3,"deletions":3}}},{"hash":"444bbb1b6c0164b83e84b5b1ae8a499e3570ff0e","isMergeCommit":true,"messageTitle":"Merge branch \u0027master\u0027 into update-info","messageBody":"","fileTypesAndContributionMap":{}}]},{"date":"2024-03-06","commitResults":[{"hash":"f676b4cc2f4fb0eefcb80a1fd9efe84639b7e6cd","isMergeCommit":false,"messageTitle":"Update DevelopeGuide.md","messageBody":"This commit shows DeveloperGuide is edited\n\nKey Changes\n *The User stories are addeed\n *The Use cases of `list` and `found` are added\n","fileTypesAndContributionMap":{"docs":{"insertions":53,"deletions":35}}},{"hash":"4d64d72aabba806399e62991c7d168d1a4a7a5e3","isMergeCommit":false,"messageTitle":"Modify DeveloperGuide","messageBody":"The format of the DeveloperGuide has fixed:\n\nChanges:\n *Remove not required blank spaces\n","fileTypesAndContributionMap":{"docs":{"insertions":18,"deletions":18}}},{"hash":"3ab36ea71fbb2b38c1eb284abbeeadbfef00351f","isMergeCommit":false,"messageTitle":"Fix DeveloperGuide Format","messageBody":"","fileTypesAndContributionMap":{"docs":{"insertions":1,"deletions":1}}},{"hash":"20b85e2e52acb83ebbae3e4bd2069720f57b84e8","isMergeCommit":true,"messageTitle":"Merge branch \u0027master\u0027 into Update-DeveloperGuide","messageBody":"","fileTypesAndContributionMap":{}}]},{"date":"2024-03-14","commitResults":[{"hash":"0c35e5e152491d50210a78116c5f4271ff4b00f0","isMergeCommit":true,"messageTitle":"Merge branch \u0027master\u0027 of https://github.com/PateShin/tp","messageBody":"# Conflicts:\n#\tdocs/UserGuide.md\n","fileTypesAndContributionMap":{}},{"hash":"d2a2e8f4abbed88997b73acbaabfa3e62f4defe8","isMergeCommit":true,"messageTitle":"Merge pull request #1 from AY2324S2-CS2103T-T12-4/master","messageBody":"Pull from team project","fileTypesAndContributionMap":{}}]},{"date":"2024-03-15","commitResults":[{"hash":"b4239eda566bb80789784c88f41d28782b7c5615","isMergeCommit":false,"messageTitle":"Modify find command","messageBody":"Key Changes:\n*Use Prefix values :name, :year, :email, :tag and :phone to search\nemployee\n","fileTypesAndContributionMap":{"functional-code":{"insertions":225,"deletions":20},"docs":{"insertions":15,"deletions":5},"test-code":{"insertions":389,"deletions":48}}},{"hash":"f94a995d7098baa5e658899883ececc89521748b","isMergeCommit":true,"messageTitle":"Merge pull request #38 from linnn-7/add-edit-feature","messageBody":"Add edit feature","fileTypesAndContributionMap":{}},{"hash":"573d5db82a89a93a9f2d4cc36f5b4730f040a80a","isMergeCommit":true,"messageTitle":"Merge branch \u0027master\u0027 into branch-find-command","messageBody":"","fileTypesAndContributionMap":{}},{"hash":"fff0c05c7a4cb9ff832330181dde519a3b48e5f1","isMergeCommit":false,"messageTitle":"Remove white space","messageBody":"","fileTypesAndContributionMap":{"test-code":{"insertions":4,"deletions":0}}},{"hash":"15dda0869c85e9f537721c0228b8322724030f6a","isMergeCommit":true,"messageTitle":"Merge branch \u0027branch-find-command\u0027 of https://github.com/PateShin/tp into branch-find-command","messageBody":"","fileTypesAndContributionMap":{}},{"hash":"f767a4ccfe62c6ee1d5ce5e739070df2a4a256f9","isMergeCommit":false,"messageTitle":"Remove white space in AddCommandParserTest","messageBody":"","fileTypesAndContributionMap":{"test-code":{"insertions":1,"deletions":1}}},{"hash":"72fd0c72642313131a7c0423a08e0adebc4ed955","isMergeCommit":false,"messageTitle":"Fix bugs","messageBody":"","fileTypesAndContributionMap":{"test-code":{"insertions":0,"deletions":4}}},{"hash":"a3c7d5be9dc184ee35f5d3c5c5adb34c483fdfae","isMergeCommit":false,"messageTitle":"Modify TagEqualsPredicate and Find Command","messageBody":"Key Changes:\n* FindCommandTest is now having test for getPredicate()\n* TagEqualsPredicate is now accept lowercase from userinput except\nPREFIX_TAG value\n","fileTypesAndContributionMap":{"functional-code":{"insertions":3,"deletions":2},"test-code":{"insertions":18,"deletions":0}}},{"hash":"c60c271ccb591734c4c989a02f80c04f74bc3b38","isMergeCommit":true,"messageTitle":"Merge pull request #39 from PateShin/branch-find-command","messageBody":"Modify find command","fileTypesAndContributionMap":{}}]},{"date":"2024-03-18","commitResults":[{"hash":"0e4016e106836bb08d057cc0ef916fc757a1d6df","isMergeCommit":false,"messageTitle":"Modify ListCommand.java","messageBody":"","fileTypesAndContributionMap":{"functional-code":{"insertions":2,"deletions":2}}}]},{"date":"2024-03-19","commitResults":[{"hash":"c1f1f17fb470a3e2d68b0f23466fb065d8bda03c","isMergeCommit":false,"messageTitle":"Fix bugs in DeleteCommand and LogicManagerTest","messageBody":"Key Changes:\n* The Javadoc is added to DeleteCommand.java\n* Corrected style in DeleteCommand.java and DeleteCommandParse.java\n* Fix Error in Logic ManageTest.java to run correctly\n","fileTypesAndContributionMap":{"functional-code":{"insertions":13,"deletions":9},"test-code":{"insertions":5,"deletions":6}}}]},{"date":"2024-03-20","commitResults":[{"hash":"63c861374752bba610dfe89fa4f045962192a4a2","isMergeCommit":false,"messageTitle":"Modify name of application, data files and log files","messageBody":"The changes of name will make the product unique\n\nkey changes:\n* Now the application is displaying PayBack instead of Address App\n* Now the data file that loads called \"payback.json\"\n* Now the log file generated called as \"payback.log\"\n","fileTypesAndContributionMap":{"functional-code":{"insertions":3,"deletions":3},"other":{"insertions":1,"deletions":1},"test-code":{"insertions":2,"deletions":2}}}]},{"date":"2024-03-21","commitResults":[{"hash":"f191b6dcec8ede0e5796ef1c56458f6033631efb","isMergeCommit":false,"messageTitle":"Update UML in DeveloperGuide","messageBody":"The sequence diagram is updated.\n\nKey changes:\n* The delete command in sequence diagram has been modified\n","fileTypesAndContributionMap":{"docs":{"insertions":4,"deletions":4}}},{"hash":"42da926237c6de510366395bea966524eb0e2a1d","isMergeCommit":false,"messageTitle":"Modify the name of application","messageBody":"","fileTypesAndContributionMap":{"functional-code":{"insertions":160,"deletions":159},"other":{"insertions":84,"deletions":84},"docs":{"insertions":2,"deletions":2},"test-code":{"insertions":245,"deletions":245}}},{"hash":"d38b424c416bc1126c30b743672cef9e59ab832c","isMergeCommit":false,"messageTitle":"Modify the name of applcation","messageBody":"","fileTypesAndContributionMap":{"functional-code":{"insertions":15,"deletions":15},"test-code":{"insertions":10,"deletions":10}}},{"hash":"1177a811411f9940bc9d9d7f1bd5f70abb509742","isMergeCommit":false,"messageTitle":"Modify Sequnce Diagram","messageBody":"","fileTypesAndContributionMap":{"docs":{"insertions":1,"deletions":1}}}]},{"date":"2024-03-22","commitResults":[{"hash":"605dd424874460203fdea68ec2df49b89472c0b5","isMergeCommit":false,"messageTitle":"Add test cases","messageBody":"Key Changes:\n* Test cases are added for AddCommandParser.jaav\n","fileTypesAndContributionMap":{"functional-code":{"insertions":41,"deletions":36},"docs":{"insertions":4,"deletions":4},"test-code":{"insertions":56,"deletions":26}}},{"hash":"69836ebebcbf5262d8ec92689eb2a892260ce504","isMergeCommit":true,"messageTitle":"Merge branch \u0027master\u0027 into branch-code-name","messageBody":"","fileTypesAndContributionMap":{}},{"hash":"fb44df8c0850dfb7c864186eb4345c44b98c1618","isMergeCommit":false,"messageTitle":"Add test cases for UserPrefs.hashCode()","messageBody":"Key Changes:\n* adds a test case to verify that the hashCode() method in UserPrefs\nreturns the same value for equal objects\n","fileTypesAndContributionMap":{"functional-code":{"insertions":6,"deletions":6},"test-code":{"insertions":12,"deletions":0}}},{"hash":"e01290cbb863bd0249de5b29de7ec0149f85b4fa","isMergeCommit":true,"messageTitle":"Merge branch \u0027branch-code-name\u0027 of https://github.com/PateShin/tp into branch-code-name","messageBody":"","fileTypesAndContributionMap":{}}]},{"date":"2024-03-23","commitResults":[{"hash":"466fa04698a2bd057e271c843b03a283721872ba","isMergeCommit":false,"messageTitle":"Remove Index from GUI","messageBody":"","fileTypesAndContributionMap":{"functional-code":{"insertions":3,"deletions":11}}}]},{"date":"2024-03-27","commitResults":[{"hash":"e68ade01be99dbcd684816a4d7e7aa93c85db24d","isMergeCommit":false,"messageTitle":"Update Test","messageBody":"","fileTypesAndContributionMap":{"test-code":{"insertions":1,"deletions":1}}},{"hash":"0d5d7191f2ef0ca06a5e03a716a467cf82dd44d6","isMergeCommit":false,"messageTitle":"Modify GUI index code","messageBody":"","fileTypesAndContributionMap":{"functional-code":{"insertions":2,"deletions":2},"test-code":{"insertions":1,"deletions":1}}},{"hash":"bb925cd679c9909b0481ff20adea93b30a5849a3","isMergeCommit":false,"messageTitle":"Clean the code style","messageBody":"","fileTypesAndContributionMap":{"functional-code":{"insertions":1,"deletions":1}}}]},{"date":"2024-03-28","commitResults":[{"hash":"6f7fc585fb848a854f1092de160fe67de3086294","isMergeCommit":false,"messageTitle":"Add Assertion to the gradle.build","messageBody":"","fileTypesAndContributionMap":{"other":{"insertions":4,"deletions":0}}},{"hash":"c70d0a369aa0d362e382788b16a58c21d9047811","isMergeCommit":true,"messageTitle":"Merge pull request #60 from PateShin/branch-removeIndex-gui","messageBody":"Remove Index from GUI","fileTypesAndContributionMap":{}}]},{"date":"2024-03-29","commitResults":[{"hash":"e8b22fa13815560159ded3df9bb4dedffacbe8bf","isMergeCommit":false,"messageTitle":"Update Part of DG.md","messageBody":"Key changes:\n* Part of DG.md is changed from \u0027Addressbook\u0027 to \u0027Payback\u0027\n* The Puml is updated with \u0027Payback\u0027\n","fileTypesAndContributionMap":{"docs":{"insertions":29,"deletions":22}}},{"hash":"91794e35d93debd5a7a56ee544707c1126c28e19","isMergeCommit":true,"messageTitle":"Merge pull request #66 from PateShin/branch-update-DG","messageBody":"Update Part of DG.md","tags":["v1.3.trial"],"fileTypesAndContributionMap":{}},{"hash":"45da6ec6ebeabb3deb7b474f4d027410f23892ff","isMergeCommit":false,"messageTitle":"Add basic AutoComplete","messageBody":"Key changes:\n* Basic Auto Complete is added\n","fileTypesAndContributionMap":{"functional-code":{"insertions":4,"deletions":1},"other":{"insertions":2,"deletions":0}}}]},{"date":"2024-03-31","commitResults":[{"hash":"903f9604479ead0933c5397fb236ed8c3f0be87a","isMergeCommit":false,"messageTitle":"Add AutoCompleteTextBox","messageBody":"Key changes:\n* Now the suggestions table shows below when user type\n* User can click on the suggestion\n","fileTypesAndContributionMap":{"functional-code":{"insertions":37,"deletions":2}}},{"hash":"a125456aa3f10e60b00b05ea015161d0dfe9cf41","isMergeCommit":false,"messageTitle":"Add message on CommandBox","messageBody":"Key changes:\n* After Command is selected, ResultDisplay shows the message about\nPREFIX\n","fileTypesAndContributionMap":{"functional-code":{"insertions":25,"deletions":6}}}]},{"date":"2024-04-01","commitResults":[{"hash":"a974d0e4a385a186784f2eaa7f029e556e259066","isMergeCommit":true,"messageTitle":"Merge branch \u0027branch-Autocomplete\u0027","messageBody":"","fileTypesAndContributionMap":{}},{"hash":"d579645b415d8199c1964d378665dffc33d98c73","isMergeCommit":false,"messageTitle":"Recover the original folder","messageBody":"","fileTypesAndContributionMap":{"functional-code":{"insertions":4,"deletions":61}}},{"hash":"1fc8896da39eb2121e12a35de5fadc622e8ab1f4","isMergeCommit":false,"messageTitle":"Fix the Autocomplete","messageBody":"Key changes:\n* Transaction command is added to Autocomplete\n","fileTypesAndContributionMap":{"functional-code":{"insertions":69,"deletions":14}}},{"hash":"3f7b65aa2b504bfacc46dfac1e48c00141cfbd9b","isMergeCommit":false,"messageTitle":"Modify the code style","messageBody":"","fileTypesAndContributionMap":{"functional-code":{"insertions":24,"deletions":24}}},{"hash":"3f7347fd1d194c7fb1b9e1a312ca8e5a009bf4f8","isMergeCommit":false,"messageTitle":"Modify CSS","messageBody":"","fileTypesAndContributionMap":{"functional-code":{"insertions":0,"deletions":3}}},{"hash":"11de10323c34ff39d5bfff3aabf5725dd083fb59","isMergeCommit":false,"messageTitle":"Add New line to DarkTheme.css","messageBody":"","fileTypesAndContributionMap":{"functional-code":{"insertions":4,"deletions":1}}},{"hash":"064bcd04896c6f35d83257d95a1595061b1d67f9","isMergeCommit":false,"messageTitle":"Fix Command Error","messageBody":"Key Changes:\n* Now the Command Box will setDeafult after changes in Text field\n","fileTypesAndContributionMap":{"functional-code":{"insertions":19,"deletions":8}}},{"hash":"a4c0907ec6f0a13c5a88a3535fc2bf7d293a6884","isMergeCommit":false,"messageTitle":"Modify code styles in commands","messageBody":"Key changes:\n* Extra space in FOLLOW_MESSAGE has removed\n","fileTypesAndContributionMap":{"functional-code":{"insertions":5,"deletions":7}}}]},{"date":"2024-04-02","commitResults":[{"hash":"980e6349b6894d74fda209e1c785275d16cd69e2","isMergeCommit":false,"messageTitle":"Add new class to commands directory","messageBody":"Key changes:\n* The CommandData file is added for command registory\n","fileTypesAndContributionMap":{"functional-code":{"insertions":37,"deletions":37}}},{"hash":"9a48cd97862f299bd13002f5c45468e87b10062a","isMergeCommit":false,"messageTitle":"Add more command to CommandData","messageBody":"","fileTypesAndContributionMap":{"functional-code":{"insertions":27,"deletions":2}}},{"hash":"72b6db5cc398c3f3047398cf33688ebbcf19c88e","isMergeCommit":false,"messageTitle":"Add Test for CommandData","messageBody":"","fileTypesAndContributionMap":{"test-code":{"insertions":52,"deletions":0}}},{"hash":"a58207b273903322824f792b315a0e3845c34495","isMergeCommit":false,"messageTitle":"Modify the code style","messageBody":"","fileTypesAndContributionMap":{"test-code":{"insertions":12,"deletions":12}}},{"hash":"26201e9b537084b3ea52a38a34ec040e0e68e95b","isMergeCommit":false,"messageTitle":"Add new files to autocomplete","messageBody":"","fileTypesAndContributionMap":{"functional-code":{"insertions":46,"deletions":18},"test-code":{"insertions":4,"deletions":6}}},{"hash":"51704fccd216bd9925b3e3d0846cf6f5969993da","isMergeCommit":false,"messageTitle":"Reverse to before add files","messageBody":"","fileTypesAndContributionMap":{"functional-code":{"insertions":13,"deletions":35},"test-code":{"insertions":45,"deletions":0}}},{"hash":"1182a986ff6317024ef265bde0cb559b4e0eaa61","isMergeCommit":false,"messageTitle":"Remove AutoComplete file","messageBody":"","fileTypesAndContributionMap":{"test-code":{"insertions":0,"deletions":45}}},{"hash":"c6ed1a25256debf321eec5331a58d3a57b2c33f3","isMergeCommit":false,"messageTitle":"Modify code style","messageBody":"","fileTypesAndContributionMap":{"functional-code":{"insertions":1,"deletions":1}}},{"hash":"3d7d5114d4f1476318112a8c919045593eb0a383","isMergeCommit":false,"messageTitle":"Add more test case in CommandDataTest","messageBody":"","fileTypesAndContributionMap":{"functional-code":{"insertions":4,"deletions":4},"test-code":{"insertions":9,"deletions":3}}},{"hash":"79629c9b1ab19e9d644c1678195124874fbec305","isMergeCommit":false,"messageTitle":"Modify commandDataTest code style","messageBody":"","fileTypesAndContributionMap":{"test-code":{"insertions":5,"deletions":2}}},{"hash":"94043d543d662c9b5c82882b11f1b9b12d2dda92","isMergeCommit":false,"messageTitle":"Add more test cases in ModelManagerTest","messageBody":"","fileTypesAndContributionMap":{"test-code":{"insertions":15,"deletions":0}}},{"hash":"5f4ec6110e4f8120a580ebd451f86a26108b6055","isMergeCommit":false,"messageTitle":"Add more test cases","messageBody":"Key changes:\n* File MessagesTest.java is created\n* Test cases added to MessagesTest and ModelManagerTest\n","fileTypesAndContributionMap":{"test-code":{"insertions":2,"deletions":0}}},{"hash":"9a7993a70db45440734d47f4e2031ea9af6c74fe","isMergeCommit":false,"messageTitle":"Add more test cases","messageBody":"Key changes:\n* File MessagesTest.java is created\n* Test cases added to MessagesTest and ModelManagerTest\n","fileTypesAndContributionMap":{"test-code":{"insertions":52,"deletions":2}}},{"hash":"7ab2ca4986b19f1c3c694d729ecee245ebc0d332","isMergeCommit":false,"messageTitle":"Add line in MessageTest","messageBody":"","fileTypesAndContributionMap":{"test-code":{"insertions":1,"deletions":1}}},{"hash":"0c9b3b437bd7d77152724132d0f50f085969a868","isMergeCommit":false,"messageTitle":"Add more test cases","messageBody":"Key changes:\n* More test cases are added to TransactionCommandTest\n* More test cases are added to UniqueTransactionListTest\n","fileTypesAndContributionMap":{"test-code":{"insertions":161,"deletions":0}}},{"hash":"f632c4c8f0df9b5e6fc380a8734b446bab9e2a35","isMergeCommit":false,"messageTitle":"Remove test case from TransactionCommandParser","messageBody":"","fileTypesAndContributionMap":{"test-code":{"insertions":0,"deletions":9}}},{"hash":"d4c08fc70d81359bfaeaaae67e45b080487447a3","isMergeCommit":false,"messageTitle":"Modify the code style","messageBody":"","fileTypesAndContributionMap":{"test-code":{"insertions":0,"deletions":5}}},{"hash":"e7d6773a93958497c71a0c8b35e1a3dbdc543d5d","isMergeCommit":false,"messageTitle":"Add more testcases to TransactionCommandParserTest","messageBody":"","fileTypesAndContributionMap":{"test-code":{"insertions":30,"deletions":0}}},{"hash":"5323a63e4cba1646ff42eb23eb52f91e1f2b2f06","isMergeCommit":false,"messageTitle":"Modify the code style","messageBody":"","fileTypesAndContributionMap":{"test-code":{"insertions":2,"deletions":1}}},{"hash":"980f33c08c83af224925d59ce06fdd5915b0355a","isMergeCommit":true,"messageTitle":"Merge pull request #69 from PateShin/branch-Auto-Complete","messageBody":"Branch auto complete","fileTypesAndContributionMap":{}},{"hash":"65cf44869d3a6dc32202f4de41577da0d1a5f0a9","isMergeCommit":false,"messageTitle":"Upgrade GUI","messageBody":"","fileTypesAndContributionMap":{"functional-code":{"insertions":112,"deletions":47}}},{"hash":"a955695ab7783ac94491b8867f2bc50d3a63de1c","isMergeCommit":false,"messageTitle":"Add new line to CSS","messageBody":"","fileTypesAndContributionMap":{"functional-code":{"insertions":1,"deletions":1}}}]},{"date":"2024-04-03","commitResults":[{"hash":"188eaceabfddb0e3865715d9a6eabde750ba21fa","isMergeCommit":false,"messageTitle":"Modify DateTime in TransactionCard","messageBody":"Key changes:\n* formatter is removed\n* toString is used for DateTime\n","fileTypesAndContributionMap":{"functional-code":{"insertions":1,"deletions":2}}},{"hash":"e9fc3f1a508ac6595ef08e6e23a6be17958e2895","isMergeCommit":false,"messageTitle":"Remove the unused import","messageBody":"","fileTypesAndContributionMap":{"functional-code":{"insertions":0,"deletions":2}}},{"hash":"cbc09b16a36b3a8ac294528e1f5fa7b7313b0da0","isMergeCommit":false,"messageTitle":"Modify UserGuide","messageBody":"Key changes:\n* AutoComplete TextBox is added to UserGuide\n* `Address book` in edit section is replaced to PayBack\n","fileTypesAndContributionMap":{"docs":{"insertions":22,"deletions":3}}},{"hash":"365c655e6d34a5dc0d445a02a0d5e6cec16b0122","isMergeCommit":false,"messageTitle":"Update AboutUS.md","messageBody":"","fileTypesAndContributionMap":{"docs":{"insertions":1,"deletions":1}}},{"hash":"f185072cf8def94fb9668984d0764be3f617626c","isMergeCommit":false,"messageTitle":"Add markdown to team folder","messageBody":"","fileTypesAndContributionMap":{"docs":{"insertions":1,"deletions":1}}},{"hash":"2b0a0c6d0fd51e15f84e1b3deb0d64b5af8552ba","isMergeCommit":false,"messageTitle":"Modify Addressbook to PayBack","messageBody":"","fileTypesAndContributionMap":{"docs":{"insertions":70,"deletions":70}}}]},{"date":"2024-04-04","commitResults":[{"hash":"de3e8c7e967fd8a38998ea13680e9551403ee31b","isMergeCommit":true,"messageTitle":"Merge pull request #80 from PateShin/branch-update-docs","messageBody":"Branch update docs","fileTypesAndContributionMap":{}},{"hash":"1527775509b06ef1ddcbc541692f15e1976ccd52","isMergeCommit":false,"messageTitle":"Modify the font size of Heading","messageBody":"","fileTypesAndContributionMap":{"docs":{"insertions":2,"deletions":2}}},{"hash":"1020942aad627159000b3ed288227fc64e827ea0","isMergeCommit":false,"messageTitle":"Modify the page in UserGuide","messageBody":"","fileTypesAndContributionMap":{"docs":{"insertions":2,"deletions":0}}},{"hash":"5689e6f46341611f16fc29340f06d1b5a4f5c378","isMergeCommit":true,"messageTitle":"Merge pull request #81 from PateShin/branch-update-docs","messageBody":"Modify the font size of Heading","fileTypesAndContributionMap":{}},{"hash":"41892eb5faa262dd121fafdd66bfeba3d989737f","isMergeCommit":false,"messageTitle":"Modify the page","messageBody":"","fileTypesAndContributionMap":{"docs":{"insertions":2,"deletions":3}}},{"hash":"3dd245b3b3f1b7f4af3fd08e9143879513b43534","isMergeCommit":true,"messageTitle":"Merge pull request #82 from PateShin/branch-update-docs","messageBody":"Modify the page","fileTypesAndContributionMap":{}},{"hash":"df3f083d3b8a3b2d33f8e55a7b612e4a55cff334","isMergeCommit":false,"messageTitle":"Modify the pages","messageBody":"","fileTypesAndContributionMap":{"docs":{"insertions":8,"deletions":2}}},{"hash":"e81c6ad8a4ec02fea2afeff9c8a94d971c87198d","isMergeCommit":false,"messageTitle":"Modify the Command Summary page","messageBody":"","fileTypesAndContributionMap":{"docs":{"insertions":5,"deletions":0}}},{"hash":"f1e6ac127cce8557b970a1778f1b6f39e98de3ea","isMergeCommit":true,"messageTitle":"Merge pull request #83 from PateShin/branch-update-docs","messageBody":"Branch update docs","fileTypesAndContributionMap":{}},{"hash":"6319df1d08ca061793a3be351cb21382a339ab49","isMergeCommit":false,"messageTitle":"Fix error in UserGuide","messageBody":"","fileTypesAndContributionMap":{"docs":{"insertions":1,"deletions":8}}},{"hash":"d6467bbabe8de851658cc5997d98f6217371411d","isMergeCommit":true,"messageTitle":"Merge pull request #84 from PateShin/branch-update-docs","messageBody":"Fix error in UserGuide","fileTypesAndContributionMap":{}},{"hash":"de48b4332db1708ef3913dbeb87581c62bf26249","isMergeCommit":false,"messageTitle":"Remove the page-break","messageBody":"","fileTypesAndContributionMap":{"docs":{"insertions":0,"deletions":3}}},{"hash":"04a6fc4cc52f1fc593c4082af70851a059318a82","isMergeCommit":false,"messageTitle":"Remove page break","messageBody":"","fileTypesAndContributionMap":{"docs":{"insertions":1,"deletions":3}}},{"hash":"22cdf7664b47fc976f853d2f6b7c75c10894204e","isMergeCommit":true,"messageTitle":"Merge pull request #85 from PateShin/branch-update-docs","messageBody":"Remove the page-break","fileTypesAndContributionMap":{}},{"hash":"37328626a036de8954f7396e91061e994b4522bb","isMergeCommit":false,"messageTitle":"Modify the window size of PayBack","messageBody":"","fileTypesAndContributionMap":{"functional-code":{"insertions":1,"deletions":1}}}]},{"date":"2024-04-10","commitResults":[{"hash":"915f737bcc0f8e1d164b118f77d84aedbb99ac91","isMergeCommit":false,"messageTitle":"Add `/clear` and `/view` in AutoComplete","messageBody":"Key changes:\n* Messages are added to ClearCommand and ViewCommand\n* Commands are added to CommandData\n* Able to view commands in AutoComplete\n","fileTypesAndContributionMap":{"functional-code":{"insertions":7,"deletions":1}}},{"hash":"dffe49ad90ed9f7f4f38aa32a4315252924e96e2","isMergeCommit":false,"messageTitle":"Modify PayBack version to V1.4.0ea","messageBody":"","fileTypesAndContributionMap":{"functional-code":{"insertions":1,"deletions":1}}},{"hash":"82fc4e9c0e7e32943e111ff56890a233579247cb","isMergeCommit":false,"messageTitle":"Modify messages in Commands","messageBody":"","fileTypesAndContributionMap":{"functional-code":{"insertions":4,"deletions":4}}},{"hash":"27d572e9b636544f72fef994aaf7d26117cb49ca","isMergeCommit":false,"messageTitle":"Add error message with blank search in find","messageBody":"Key Changes:\n* The find command with prefix and no keywords show error message\n","fileTypesAndContributionMap":{"functional-code":{"insertions":28,"deletions":8}}},{"hash":"83d5520a7d2ffacf68da08bc609274b9fbfb1b6b","isMergeCommit":false,"messageTitle":"Modify UserGuide and link to UserGuide","messageBody":"Key Changes:\n* The user guide now contains `clear` and `exit` commands.\n* The images are updated.\n* Link to the user guide in `HelpWindow` has updated.\n","fileTypesAndContributionMap":{"functional-code":{"insertions":1,"deletions":1},"docs":{"insertions":54,"deletions":19}}},{"hash":"6cffe7e9fd3b0f8e78915005419cb3affd534318","isMergeCommit":false,"messageTitle":"Fix Main code sty;e","messageBody":"","fileTypesAndContributionMap":{"functional-code":{"insertions":12,"deletions":12}}},{"hash":"1437a40de0652d0ed8d7883446d08cf7d8a18b3c","isMergeCommit":false,"messageTitle":"Modify the User Guide","messageBody":"","fileTypesAndContributionMap":{"docs":{"insertions":1,"deletions":1}}},{"hash":"7a6ad59be8a7550e8d23f436e8fa4d34e21c608e","isMergeCommit":true,"messageTitle":"Merge branch \u0027master\u0027 into branch-fix-bug-ped","messageBody":"","fileTypesAndContributionMap":{}},{"hash":"63f1d400351d71b7d124ef17f72228d04fd9ce25","isMergeCommit":true,"messageTitle":"Merge pull request #168 from PateShin/branch-fix-bug-ped","messageBody":"Branch fix bug ped","fileTypesAndContributionMap":{}},{"hash":"9d124f1222258bda3bbe1133367d9e5a93032864","isMergeCommit":false,"messageTitle":"Add more testcases to `FindCommandParserTest`","messageBody":"","fileTypesAndContributionMap":{"test-code":{"insertions":38,"deletions":0}}},{"hash":"637bca7985a77c94f159d9afab76bd60736a8a7c","isMergeCommit":false,"messageTitle":"Modify help in Getting Started","messageBody":"","fileTypesAndContributionMap":{"docs":{"insertions":1,"deletions":1}}},{"hash":"c0e365419fdf923f5ad898e878f71a6f770ccda7","isMergeCommit":false,"messageTitle":"Add Id feature to FindCommnadParser","messageBody":"Key Change:\n* Now the find command with `:id` will display that only integers with\n6-digit (100001 to 999999) is allowed\n","fileTypesAndContributionMap":{"functional-code":{"insertions":10,"deletions":14}}},{"hash":"9b9eab48283e4993fdae8827af0ed67684716ac5","isMergeCommit":false,"messageTitle":"Fix errors in FindCommandParser","messageBody":"Key changes:\n* Year is now limited as 4-digit between 2010 to 2099\n* Phone is now reqruies least 3-digit\n","fileTypesAndContributionMap":{"functional-code":{"insertions":16,"deletions":5}}},{"hash":"5fc884b409216eee0460b8cc251158c826dbf5d3","isMergeCommit":false,"messageTitle":"Add condition to ParseId in ParserUtil","messageBody":"Key changes:\n* The Id equls to 100000 will show ParseException\n","fileTypesAndContributionMap":{"functional-code":{"insertions":1,"deletions":1}}},{"hash":"36f5c408e80d6d47b22118aabebf0637a025c822","isMergeCommit":false,"messageTitle":"Modify user guide about find command","messageBody":"","fileTypesAndContributionMap":{"docs":{"insertions":4,"deletions":0}}},{"hash":"7eaa4dfce616f694247dac19e371cb97fcccbf20","isMergeCommit":false,"messageTitle":"Fix test in FindCommandParser","messageBody":"","fileTypesAndContributionMap":{"functional-code":{"insertions":0,"deletions":1},"test-code":{"insertions":8,"deletions":8}}},{"hash":"a9e8832936fe975016812818b3dc5be9bd1e5b5d","isMergeCommit":true,"messageTitle":"Merge pull request #169 from PateShin/branch-second-bugs","messageBody":"Branch second bugs","fileTypesAndContributionMap":{}},{"hash":"24d08e94e92a56e58f09757606cf053b2d0bb5ee","isMergeCommit":false,"messageTitle":"Fix amount in Transaction to show in 2 decimal places","messageBody":"","fileTypesAndContributionMap":{"functional-code":{"insertions":2,"deletions":0}}},{"hash":"9f4aab31efa8c2cd968c2f475acdfca89d767c9d","isMergeCommit":true,"messageTitle":"Merge pull request #170 from PateShin/branch-third-debug","messageBody":"Branch third debug","fileTypesAndContributionMap":{}},{"hash":"e3b34a3cbb329cae49f195cbf3cc54c4c9cccdf4","isMergeCommit":false,"messageTitle":"Modify AutoComplete in CommandTextField","messageBody":"Key Changes:\n* Autocompletion TextField suggests only matching item starting with\ninput.\n* Autocompletion will not appear until user type on TextField.\n","fileTypesAndContributionMap":{"functional-code":{"insertions":22,"deletions":1}}},{"hash":"5548e0ff373df8e9bcf78f479272619be3d6d8bc","isMergeCommit":false,"messageTitle":"Modify AutoComplete in UserGuide","messageBody":"","fileTypesAndContributionMap":{"functional-code":{"insertions":5,"deletions":5},"docs":{"insertions":2,"deletions":1}}},{"hash":"f0a551c72503591139fb0e814914d1a1f55b0d18","isMergeCommit":true,"messageTitle":"Merge pull request #172 from PateShin/branch-third-debug","messageBody":"Branch third debug","fileTypesAndContributionMap":{}}]},{"date":"2024-04-11","commitResults":[{"hash":"4c6e0a42ee3addf12bd94f7c52ac06f9c54df989","isMergeCommit":false,"messageTitle":"Add pateshin.md","messageBody":"","fileTypesAndContributionMap":{"docs":{"insertions":48,"deletions":2}}},{"hash":"abac4152c885088755a578e529ddab1f19916951","isMergeCommit":true,"messageTitle":"Merge pull request #177 from PateShin/branch-Portfolio","messageBody":"Add pateshin.md","fileTypesAndContributionMap":{}}]}],"DhiraPT":[{"date":"2024-02-27","commitResults":[{"hash":"8a8a5fa520ad32a9a4d9457ca89655dad826ed3a","isMergeCommit":false,"messageTitle":"Modify AboutUs.md","messageBody":"","fileTypesAndContributionMap":{"docs":{"insertions":4,"deletions":4}}},{"hash":"147bbacf7bdab639c2a9b955dd05f2dc3c1eff41","isMergeCommit":false,"messageTitle":"Modify UserGuide.md","messageBody":"","fileTypesAndContributionMap":{"docs":{"insertions":9,"deletions":11}}}]},{"date":"2024-03-07","commitResults":[{"hash":"90695bee8f84fedaeafd45402ffc1fae472ab457","isMergeCommit":false,"messageTitle":"Add new terms to Developer\u0027s Guide glossary","messageBody":"","fileTypesAndContributionMap":{"docs":{"insertions":10,"deletions":0}}},{"hash":"78f69fa7c29a8dc84692310c07146b3b81e50f35","isMergeCommit":false,"messageTitle":"Add use case for adding new employee","messageBody":"","fileTypesAndContributionMap":{"docs":{"insertions":36,"deletions":0}}}]},{"date":"2024-03-14","commitResults":[{"hash":"8df1873c2c0fabc3b6e3e121ebfa329e5cb6616e","isMergeCommit":false,"messageTitle":"Modify add new employee command","messageBody":"","fileTypesAndContributionMap":{"functional-code":{"insertions":311,"deletions":42},"test-code":{"insertions":70,"deletions":23}}},{"hash":"d41cdb967c34f2e772080575879f2433f49a5942","isMergeCommit":false,"messageTitle":"Modify UserGuide.md for adding new employee","messageBody":"","fileTypesAndContributionMap":{"docs":{"insertions":5,"deletions":5}}},{"hash":"3a92c10d5d6aac81d309847d982acb4a1714b3a6","isMergeCommit":false,"messageTitle":"Fix Checkstyle and modify UserGuide.md","messageBody":"","fileTypesAndContributionMap":{"functional-code":{"insertions":0,"deletions":2},"docs":{"insertions":3,"deletions":3}}},{"hash":"552c02bb1f472435edf419455134d8fd520d0dc6","isMergeCommit":false,"messageTitle":"Fix Checkstyle in AddressBookParserTest","messageBody":"","fileTypesAndContributionMap":{"test-code":{"insertions":1,"deletions":1}}}]},{"date":"2024-03-21","commitResults":[{"hash":"1b12da0b7b4c77a2111823a69f807383352a7740","isMergeCommit":false,"messageTitle":"Fix AddCommand and modify Person","messageBody":"","fileTypesAndContributionMap":{"functional-code":{"insertions":41,"deletions":36},"test-code":{"insertions":21,"deletions":28}}},{"hash":"17aaf9941288c9983bd2bb2d6e424696e4f0c24c","isMergeCommit":false,"messageTitle":"Rename addressbook.json to payback.json","messageBody":"","fileTypesAndContributionMap":{"docs":{"insertions":1,"deletions":1}}},{"hash":"634f98bf5b15484c03c3a10a73ee7869373815fc","isMergeCommit":false,"messageTitle":"Update UserGuide.md","messageBody":"","fileTypesAndContributionMap":{"docs":{"insertions":3,"deletions":3}}}]},{"date":"2024-03-22","commitResults":[{"hash":"e49023892612b7ed99dc524f90596797b3db7bfa","isMergeCommit":true,"messageTitle":"Merge pull request #51 from DhiraPT/branch-cleanUp-v1.2","messageBody":"Fix bugs and clean up for v1.2","fileTypesAndContributionMap":{}},{"hash":"00c1ba465d19ae15e004511de6c3a64834160d3e","isMergeCommit":false,"messageTitle":"Update BetterModelClassDiagram.puml","messageBody":"","fileTypesAndContributionMap":{"docs":{"insertions":1,"deletions":0}}},{"hash":"1f14829bdb758eefb08a28dd3756e10ba9b53030","isMergeCommit":true,"messageTitle":"Merge pull request #53 from DhiraPT/branch-cleanUp-v1.2","messageBody":"Update BetterModelClassDiagram.puml","fileTypesAndContributionMap":{}},{"hash":"5f2ae448e7d822d101c1b887a5320244e96fcab1","isMergeCommit":false,"messageTitle":"Update BetterModelClassDiagram.puml","messageBody":"","fileTypesAndContributionMap":{"docs":{"insertions":2,"deletions":1}}},{"hash":"7a09dd56dce0cb73b32a7df5f0706e433750a6a7","isMergeCommit":true,"messageTitle":"Merge pull request #55 from DhiraPT/branch-cleanUp-v1.2","messageBody":"Update BetterModelClassDiagram.puml","fileTypesAndContributionMap":{}}]},{"date":"2024-03-29","commitResults":[{"hash":"9e9596f72cf48aef5243ce617d741a006056ebcb","isMergeCommit":false,"messageTitle":"Add transaction command","messageBody":"","fileTypesAndContributionMap":{"functional-code":{"insertions":767,"deletions":21},"other":{"insertions":1,"deletions":1}}},{"hash":"aa94f15f0d9a9283ade8718536429c09b62d07ff","isMergeCommit":false,"messageTitle":"Fix transaction command","messageBody":"","fileTypesAndContributionMap":{"functional-code":{"insertions":23,"deletions":3}}}]},{"date":"2024-03-30","commitResults":[{"hash":"86af895a12a04fe677c7b1f1e0a0327f31d174fb","isMergeCommit":false,"messageTitle":"Implement JSON storage for transaction","messageBody":"","fileTypesAndContributionMap":{"functional-code":{"insertions":167,"deletions":36}}},{"hash":"e732530900da63e4a21717878690afd6f2d89d28","isMergeCommit":false,"messageTitle":"Add checks for transaction id","messageBody":"","fileTypesAndContributionMap":{"functional-code":{"insertions":48,"deletions":3}}},{"hash":"1e3936cad56dd95e677e43ed5ee062849267e1c0","isMergeCommit":false,"messageTitle":"Add tests for transactions","messageBody":"","fileTypesAndContributionMap":{"functional-code":{"insertions":22,"deletions":2},"test-code":{"insertions":562,"deletions":3}}},{"hash":"3ca1eebd9be90eb5b87fc43adbc0cebdfcb62f90","isMergeCommit":false,"messageTitle":"Fix transaction reset bugs","messageBody":"","fileTypesAndContributionMap":{"functional-code":{"insertions":9,"deletions":0}}},{"hash":"e8948de13fd004974334b27fe7b9e2dc4ff9eaa2","isMergeCommit":false,"messageTitle":"Update UserGuide.md","messageBody":"","fileTypesAndContributionMap":{"docs":{"insertions":16,"deletions":0}}},{"hash":"4e1722d21aa9e781a2640046cca035e81137d6cb","isMergeCommit":false,"messageTitle":"Update DeveloperGuide.md","messageBody":"","fileTypesAndContributionMap":{"docs":{"insertions":36,"deletions":0}}}]},{"date":"2024-03-31","commitResults":[{"hash":"9ff6ec05756a829b2f8a9fd13627ae2464b6f513","isMergeCommit":false,"messageTitle":"Fix tests and implement TransactionCommandParserTest.java","messageBody":"","fileTypesAndContributionMap":{"functional-code":{"insertions":4,"deletions":1},"test-code":{"insertions":148,"deletions":30}}},{"hash":"f75d4bb8fabec442523d24ec9811b5b29620fa2b","isMergeCommit":true,"messageTitle":"Merge branch \u0027master\u0027 into branch-transaction","messageBody":"","fileTypesAndContributionMap":{}},{"hash":"ca392655577efa2577205684bf1a6c3935cfaeb3","isMergeCommit":true,"messageTitle":"Merge pull request #68 from DhiraPT/branch-transaction","messageBody":"Add /transaction command","fileTypesAndContributionMap":{}}]},{"date":"2024-04-10","commitResults":[{"hash":"a46a0d631079869f5ca197c41fd386653f1c27b2","isMergeCommit":false,"messageTitle":"Fix invalid datetime bug","messageBody":"","fileTypesAndContributionMap":{"functional-code":{"insertions":6,"deletions":4},"test-code":{"insertions":4,"deletions":2}}},{"hash":"f705bd836d046fb25909cc9f3520db691a09b4d3","isMergeCommit":true,"messageTitle":"Merge pull request #163 from DhiraPT/branch-fix-bugs","messageBody":"Fix Invalid Datetime Bug","fileTypesAndContributionMap":{}},{"hash":"4237cc266b99a2e0aef46d56daea155440e593f3","isMergeCommit":false,"messageTitle":"Fix Invalid Transaction Amount Bugs","messageBody":"","fileTypesAndContributionMap":{"functional-code":{"insertions":20,"deletions":10},"test-code":{"insertions":7,"deletions":2}}},{"hash":"5d1d0b8eea9c7e97b8ea8d1b492e58fb089e1221","isMergeCommit":true,"messageTitle":"Merge pull request #164 from DhiraPT/branch-fix-bugs","messageBody":"Fix Invalid Transaction Amount Bugs","fileTypesAndContributionMap":{}},{"hash":"44fae28731d90def230c123d1047a6c62516d250","isMergeCommit":false,"messageTitle":"Modify person\u0027s duplicates identifier","messageBody":"","fileTypesAndContributionMap":{"functional-code":{"insertions":40,"deletions":5},"test-code":{"insertions":61,"deletions":40}}},{"hash":"182e9df2e633de71f6462a003b71de542a8828e9","isMergeCommit":true,"messageTitle":"Merge pull request #171 from DhiraPT/branch-fix-bugs","messageBody":"Modify person\u0027s duplicates identifier","fileTypesAndContributionMap":{}},{"hash":"1e1d503a92a2d5573073b5102aa14a25ed88c67b","isMergeCommit":false,"messageTitle":"Update UserGuide.md and Address","messageBody":"","fileTypesAndContributionMap":{"functional-code":{"insertions":15,"deletions":2},"docs":{"insertions":34,"deletions":31}}},{"hash":"11f0d6e0bbd6482932ee346a6725db146ae933ec","isMergeCommit":true,"messageTitle":"Merge branch \u0027master\u0027 into branch-fix-bugs","messageBody":"","fileTypesAndContributionMap":{}},{"hash":"eac25574058ff259c488935a5636235ee1f03018","isMergeCommit":true,"messageTitle":"Merge pull request #173 from DhiraPT/branch-fix-bugs","messageBody":"Update UserGuide.md and Address","fileTypesAndContributionMap":{}}]},{"date":"2024-04-11","commitResults":[{"hash":"4f49855ec6f73523c04f342561b786048f3e80a1","isMergeCommit":false,"messageTitle":"Update UserGuide.md","messageBody":"","fileTypesAndContributionMap":{"docs":{"insertions":16,"deletions":16}}},{"hash":"9ff49552cea202c0558d892bbc35acf5407ed734","isMergeCommit":true,"messageTitle":"Merge pull request #174 from DhiraPT/branch-fix-bugs","messageBody":"Update UserGuide.md","fileTypesAndContributionMap":{}},{"hash":"1ddd5e974e09e2c3a2b30173f782f8177c5daefc","isMergeCommit":false,"messageTitle":"Update UserGuide.md and error messages","messageBody":"","fileTypesAndContributionMap":{"functional-code":{"insertions":88,"deletions":44},"docs":{"insertions":30,"deletions":30},"test-code":{"insertions":11,"deletions":8}}},{"hash":"68b0eeaadab50ea006ad415c6854721f344ac662","isMergeCommit":true,"messageTitle":"Merge pull request #176 from DhiraPT/branch-fix-bugs","messageBody":"Update UserGuide.md and error messages","fileTypesAndContributionMap":{}}]},{"date":"2024-04-12","commitResults":[{"hash":"78c094382ab9a6cd585b285c032a8925965ede5e","isMergeCommit":false,"messageTitle":"Add Project Portfolio Page dhirapt.md","messageBody":"","fileTypesAndContributionMap":{"docs":{"insertions":46,"deletions":2}}},{"hash":"38eee8ead7a58a7f501b5ad7c091b919c27d7403","isMergeCommit":true,"messageTitle":"Merge pull request #178 from DhiraPT/branch-ppp","messageBody":"Add Project Portfolio Page dhirapt.md","fileTypesAndContributionMap":{}},{"hash":"0909de344340f6f5f344926b4d879f4a02cb906e","isMergeCommit":false,"messageTitle":"Add code reuse declaration","messageBody":"","fileTypesAndContributionMap":{"docs":{"insertions":3,"deletions":3}}},{"hash":"7103039d24251f8594eb4cd72bc44a50248b4d64","isMergeCommit":true,"messageTitle":"Merge pull request #179 from DhiraPT/master","messageBody":"Add code reuse declaration","fileTypesAndContributionMap":{}}]}],"ondretann":[{"date":"2024-02-28","commitResults":[{"hash":"eb429fde8cef48f9f716f7120fc672cf7f6b3f1e","isMergeCommit":false,"messageTitle":"Update AboutUs.md","messageBody":"","fileTypesAndContributionMap":{"docs":{"insertions":3,"deletions":3}}},{"hash":"856d2f8f2018bd24098c534c0ce97c29d7204d17","isMergeCommit":false,"messageTitle":"Update UserGuide.md","messageBody":"","fileTypesAndContributionMap":{"docs":{"insertions":17,"deletions":8}}}]},{"date":"2024-03-06","commitResults":[{"hash":"ba966a542f815870a88e1170382a0c746cd93f36","isMergeCommit":false,"messageTitle":"Update DeveloperGuide.md","messageBody":"","fileTypesAndContributionMap":{"docs":{"insertions":3,"deletions":3}}}]},{"date":"2024-03-07","commitResults":[{"hash":"d647f5c7f9fe6b364da04781ca01107cb4213e9d","isMergeCommit":false,"messageTitle":"Update DeveloperGuide.md","messageBody":"","fileTypesAndContributionMap":{"docs":{"insertions":59,"deletions":0}}}]},{"date":"2024-03-15","commitResults":[{"hash":"5754ab23f74e5311309e6cbf76840f4050a900d5","isMergeCommit":false,"messageTitle":"Update remove feature","messageBody":"","fileTypesAndContributionMap":{"functional-code":{"insertions":25,"deletions":18},"test-code":{"insertions":19,"deletions":16}}},{"hash":"a9f9ba268b1873faea24017cb4091316e2025782","isMergeCommit":false,"messageTitle":"Fix checkstyle errors","messageBody":"","fileTypesAndContributionMap":{"functional-code":{"insertions":4,"deletions":3},"test-code":{"insertions":0,"deletions":1}}}]},{"date":"2024-03-18","commitResults":[{"hash":"4e17ec7ffacd6c4104cd565e664fa4a32acfc680","isMergeCommit":true,"messageTitle":"Merge pull request #40 from ondretann/tutorial-adding-command","messageBody":"Update remove feature","fileTypesAndContributionMap":{}}]},{"date":"2024-03-20","commitResults":[{"hash":"e26028351f3a94677a3d18ee45024c77c65a1e86","isMergeCommit":false,"messageTitle":"Add TagCommand features and TagCommand test cases","messageBody":"","fileTypesAndContributionMap":{"functional-code":{"insertions":125,"deletions":0},"docs":{"insertions":2,"deletions":2},"test-code":{"insertions":134,"deletions":0}}},{"hash":"1685d256ce6c99e305c770e5b9890ed117aafbf6","isMergeCommit":false,"messageTitle":"Add TagCommandParser and test cases","messageBody":"","fileTypesAndContributionMap":{"functional-code":{"insertions":51,"deletions":0},"test-code":{"insertions":77,"deletions":0}}},{"hash":"f8b4cf1659dd46ac67a350c5f42d78f4870b27b1","isMergeCommit":true,"messageTitle":"Merge pull request #43 from PateShin/branch-improve-style","messageBody":"Fix bugs in DeleteCommand and LogicManagerTest","fileTypesAndContributionMap":{}},{"hash":"8f78b800d93ec00ec9a5cedcc83e0c8f134b28e4","isMergeCommit":false,"messageTitle":"Add Javadoc comments and fix code style","messageBody":"","fileTypesAndContributionMap":{"functional-code":{"insertions":28,"deletions":15},"test-code":{"insertions":1,"deletions":12}}},{"hash":"62f6537de20ca2f7fa6975fdd4eee91d9c8011d2","isMergeCommit":false,"messageTitle":"Fix code style","messageBody":"","fileTypesAndContributionMap":{"test-code":{"insertions":25,"deletions":25}}},{"hash":"33494e8c69a94d9610217ac2e0806d2f00f28415","isMergeCommit":false,"messageTitle":"Fix code style","messageBody":"","fileTypesAndContributionMap":{"test-code":{"insertions":7,"deletions":3}}},{"hash":"d6bf6343538772dd9387b14ff1f7c1eb6f1412c4","isMergeCommit":false,"messageTitle":"Fix code style","messageBody":"","fileTypesAndContributionMap":{"test-code":{"insertions":6,"deletions":4}}},{"hash":"b063f1f04db2ea937e737c32cdd79c1477695444","isMergeCommit":false,"messageTitle":"Fix code style","messageBody":"","fileTypesAndContributionMap":{"test-code":{"insertions":0,"deletions":1}}},{"hash":"8765764ce5be1c4c2ce8b1cdca64a31680c74db6","isMergeCommit":false,"messageTitle":"Fix code style","messageBody":"","fileTypesAndContributionMap":{"test-code":{"insertions":1,"deletions":1}}},{"hash":"8cbb52621bd47abb45f6534d9a9c3d0b9a26cf6d","isMergeCommit":true,"messageTitle":"Merge branch \u0027branch-add-tag\u0027 of https://github.com/ondretann/tp into branch-add-tag","messageBody":"* \u0027branch-add-tag\u0027 of https://github.com/ondretann/tp:\n  Fix code style\n","fileTypesAndContributionMap":{}},{"hash":"ec82908ec52a513bbca97d1ae499ee8c7f602e96","isMergeCommit":false,"messageTitle":"Fix code style","messageBody":"","fileTypesAndContributionMap":{"test-code":{"insertions":1,"deletions":0}}},{"hash":"2e536324b96d2c2f2b198eb37b769acc889a6c68","isMergeCommit":true,"messageTitle":"Merge pull request #44 from ondretann/branch-add-tag","messageBody":"Add /tag feature","fileTypesAndContributionMap":{}},{"hash":"78a234d889f4128f17c516de49587ff93dfe2612","isMergeCommit":false,"messageTitle":"Update UML diagram in DeveloperGuide.md","messageBody":"","fileTypesAndContributionMap":{"docs":{"insertions":2,"deletions":0}}},{"hash":"de50a3df046f028754fdfe3290d8a64e5743be4a","isMergeCommit":true,"messageTitle":"Merge pull request #49 from ondretann/branch-UmlUpdate","messageBody":"Update UML diagram","tags":["v1.2"],"fileTypesAndContributionMap":{}}]},{"date":"2024-03-28","commitResults":[{"hash":"3c9af2554dfd3248f43afe39a5876cb4587d64d9","isMergeCommit":false,"messageTitle":"Rename remove command to delete","messageBody":"","fileTypesAndContributionMap":{"functional-code":{"insertions":9,"deletions":9}}},{"hash":"a7ddcb76c9ff52850fe4888cd694fbb16fb2a634","isMergeCommit":true,"messageTitle":"Merge pull request #64 from ondretann/branch-DeleteCommand","messageBody":"Rename remove command to delete","fileTypesAndContributionMap":{}},{"hash":"00b511452397669907d0931c8097562b7b2b366a","isMergeCommit":false,"messageTitle":"Add confirmation message for DeleteCommand","messageBody":"","fileTypesAndContributionMap":{"functional-code":{"insertions":185,"deletions":41},"other":{"insertions":7,"deletions":13},"test-code":{"insertions":121,"deletions":121}}},{"hash":"ab8a657f72c8159e85e2c8fd2103dc3164693b5e","isMergeCommit":false,"messageTitle":"Add Javadoc comments","messageBody":"","fileTypesAndContributionMap":{"functional-code":{"insertions":30,"deletions":31},"other":{"insertions":7,"deletions":4}}}]},{"date":"2024-03-29","commitResults":[{"hash":"c49735f8c528d9d5e7eb3873d518aeb0ae00138e","isMergeCommit":false,"messageTitle":"Add test classes for 1. DeleteConfirmationCommand 2. DeleteCommand 3. DeleteConfirmationCommandParser 4. ConfirmationStageParser 5. AbortDeleteCommand","messageBody":"","fileTypesAndContributionMap":{"functional-code":{"insertions":1,"deletions":3},"other":{"insertions":4,"deletions":3},"test-code":{"insertions":199,"deletions":125}}}]},{"date":"2024-03-30","commitResults":[{"hash":"6a59353202ec61f5a1e5a87f0853d6d4f13b9916","isMergeCommit":false,"messageTitle":"Modify delete confirmation message","messageBody":"","fileTypesAndContributionMap":{"functional-code":{"insertions":1,"deletions":1}}},{"hash":"1e9f7fbd48965c145b2199790b675c12244d45f6","isMergeCommit":true,"messageTitle":"Merge pull request #67 from ondretann/branch-DeleteConfirmation","messageBody":"Display confirmation message for /delete commands","fileTypesAndContributionMap":{}}]},{"date":"2024-04-02","commitResults":[{"hash":"db26dd672c1736892a3634ad8d26089720fe6b1c","isMergeCommit":false,"messageTitle":"Add TransactionCard, TransactionDetailsPanel","messageBody":"","fileTypesAndContributionMap":{"functional-code":{"insertions":155,"deletions":6}}},{"hash":"b1bde4bb242107cabbef6795b5a020844e488f7a","isMergeCommit":false,"messageTitle":"Fix UI bugs","messageBody":"","fileTypesAndContributionMap":{"functional-code":{"insertions":16,"deletions":14}}},{"hash":"b2b406d62b308554acfa6259f5f898c767ac6802","isMergeCommit":false,"messageTitle":"Fix CheckStyle","messageBody":"","fileTypesAndContributionMap":{"functional-code":{"insertions":0,"deletions":1}}},{"hash":"53c36eafb25209e66a618be1bfd9b2901eac86ce","isMergeCommit":true,"messageTitle":"Merge pull request #73 from ondretann/branch-ChangeUi","messageBody":"Change UI","fileTypesAndContributionMap":{}},{"hash":"616734f88c128c547b88d4978b976463c35f73a5","isMergeCommit":false,"messageTitle":"Add ViewCommand and ViewCommandParser","messageBody":"","fileTypesAndContributionMap":{"functional-code":{"insertions":97,"deletions":1}}}]},{"date":"2024-04-03","commitResults":[{"hash":"61585a7fcf22f22d882e44d172ab42234245b946","isMergeCommit":false,"messageTitle":"Add test cases for ViewCommand and ViewCommandParser","messageBody":"","fileTypesAndContributionMap":{"functional-code":{"insertions":35,"deletions":10},"test-code":{"insertions":113,"deletions":0}}},{"hash":"997df16bc567e46d774213210d776f56b8628386","isMergeCommit":true,"messageTitle":"Merge pull request #75 from ondretann/branch-View","messageBody":"Added View command","fileTypesAndContributionMap":{}},{"hash":"1bd6141f16ede42746db7fd2b742df77418c2a5e","isMergeCommit":false,"messageTitle":"Implement delete cascading for DeleteCommand","messageBody":"","fileTypesAndContributionMap":{"functional-code":{"insertions":51,"deletions":2},"test-code":{"insertions":43,"deletions":0}}},{"hash":"e3c7b532cfcc8c12801ef331e2cf8486299f8a75","isMergeCommit":false,"messageTitle":"Clean up code","messageBody":"","fileTypesAndContributionMap":{"functional-code":{"insertions":0,"deletions":1}}},{"hash":"02318b3785fb925225a965d0f8ac78e041f8d4ed","isMergeCommit":false,"messageTitle":"Update DeveloperGuide.md","messageBody":"","fileTypesAndContributionMap":{"docs":{"insertions":15,"deletions":0}}},{"hash":"ab6780b9b0d3b3f09c590a9c75501bf67696b291","isMergeCommit":true,"messageTitle":"Merge pull request #77 from ondretann/branch-DeleteCascade","messageBody":"Implement delete cascading for DeleteCommand","fileTypesAndContributionMap":{}},{"hash":"db9bebeb87862250dca82d0398629c20b7c9f281","isMergeCommit":true,"messageTitle":"Merge pull request #78 from ondretann/branch-UpdateUML","messageBody":"Update DeveloperGuide.md","fileTypesAndContributionMap":{}},{"hash":"0e8bb72ab16c389ab3a6118115bc52aebd5bf015","isMergeCommit":false,"messageTitle":"Update DeveloperGuide.md","messageBody":"","fileTypesAndContributionMap":{"docs":{"insertions":3,"deletions":2}}},{"hash":"cc7a12d2359603d81791dbc241880d81cbdfd8fa","isMergeCommit":true,"messageTitle":"Merge pull request #79 from ondretann/branch-UpdateUML1","messageBody":"Update DeveloperGuide.md","fileTypesAndContributionMap":{}}]},{"date":"2024-04-04","commitResults":[{"hash":"47a5620382d1fa76415a99b1fbe19ebbd16a607c","isMergeCommit":false,"messageTitle":"Update UserGuide.md to include view command","messageBody":"","fileTypesAndContributionMap":{"docs":{"insertions":14,"deletions":2}}}]},{"date":"2024-04-10","commitResults":[{"hash":"d539ea2a80b6ef1a91f986c2b26be7ec42e75aa4","isMergeCommit":false,"messageTitle":"Edit confirmation error message","messageBody":"","fileTypesAndContributionMap":{"functional-code":{"insertions":17,"deletions":4}}},{"hash":"278a45e8e77176cad43596f18b4fbed4716727d0","isMergeCommit":false,"messageTitle":"Fix checkstyle and test cases","messageBody":"","fileTypesAndContributionMap":{"functional-code":{"insertions":0,"deletions":1},"test-code":{"insertions":19,"deletions":8}}}]},{"date":"2024-04-11","commitResults":[{"hash":"d45a58c9dab659631af359d2754c060d1dc832bc","isMergeCommit":false,"messageTitle":"Fix id bug","messageBody":"","fileTypesAndContributionMap":{"functional-code":{"insertions":17,"deletions":4}}},{"hash":"887f976b7d528cecbd4b8a8ae2d7930a95bff496","isMergeCommit":true,"messageTitle":"Merge pull request #166 from ondretann/branch-FixDeleteConfirmation","messageBody":"Edit confirmation error message","fileTypesAndContributionMap":{}},{"hash":"5c54d20a826ffddad727028989b0f15a62f85d55","isMergeCommit":true,"messageTitle":"Merge pull request #175 from ondretann/branch-FixId","messageBody":"Fix id bug","fileTypesAndContributionMap":{}}]}]},"authorFileTypeContributionMap":{"linnn-7":{"docs":272,"functional-code":209,"test-code":151,"other":1},"PateShin":{"docs":206,"functional-code":686,"test-code":1085,"other":5},"DhiraPT":{"docs":212,"functional-code":1402,"test-code":829},"ondretann":{"docs":86,"functional-code":711,"test-code":508}},"authorContributionVariance":{"linnn-7":7340.511,"PateShin":45755.85,"DhiraPT":33936.09,"ondretann":15827.808},"authorDisplayNameMap":{"linnn-7":"CS2103T-T12-4 LIN .. BIN","PateShin":"CS2103T-T12-4 SHIN..YOON","DhiraPT":"CS2103T-T12-4 DHIR..GARA","ondretann":"CS2103T-T12-4 TANN..NDRE"}}
