{"authorDailyContributionsMap":{"linnn-7":[{"date":"2024-02-28","commitResults":[{"hash":"8cae8d4f6187d9ffb10d3891c2e610f61d7e667a","isMergeCommit":false,"messageTitle":"Update AboutUs, README, UG","messageBody":"","fileTypesAndContributionMap":{"docs":{"insertions":21,"deletions":21}}},{"hash":"d02bcfc24844b71e94355f5cd7d49b5afcdfb3fb","isMergeCommit":true,"messageTitle":"Merge pull request #7 from linnn-7/update-documents","messageBody":"Update AboutUs, README, UG","fileTypesAndContributionMap":{}},{"hash":"5a29abc6292b0095c1c0712d56ef058592fca709","isMergeCommit":true,"messageTitle":"Merge pull request #12 from DhiraPT/add-DhiraPT-info","messageBody":"Modify AboutUs.md, UserGuide.md and README.md","fileTypesAndContributionMap":{}},{"hash":"26cff7abe7a7f78f1d9455f01e96cad216c3fc52","isMergeCommit":true,"messageTitle":"Merge pull request #13 from ondretann/ondretann-patch-1","messageBody":"Ondretann patch 1","fileTypesAndContributionMap":{}},{"hash":"017b8740d40af7163e75d82d50ff44a360e57007","isMergeCommit":true,"messageTitle":"Merge pull request #14 from PateShin/update-info","messageBody":"Update info","fileTypesAndContributionMap":{}}]},{"date":"2024-03-06","commitResults":[{"hash":"4f5a71b474bb6f8d766b2a589d1185788410ebf7","isMergeCommit":false,"messageTitle":"Update documents","messageBody":"","fileTypesAndContributionMap":{"docs":{"insertions":25,"deletions":70}}},{"hash":"23c1461fe60d53d7930b3e36e6cf5360978da457","isMergeCommit":true,"messageTitle":"Merge pull request #15 from linnn-7/update-ug-aboutus","messageBody":"Update documents","fileTypesAndContributionMap":{}},{"hash":"b776d3f1f4be67a9486381c2687d262ce17c2fb5","isMergeCommit":false,"messageTitle":"Update DG","messageBody":"","fileTypesAndContributionMap":{"docs":{"insertions":52,"deletions":8}}},{"hash":"06935adbf28def047422ca0c7f6d579da1086eab","isMergeCommit":true,"messageTitle":"Merge pull request #21 from linnn-7/update-dg","messageBody":"Update DG","fileTypesAndContributionMap":{}},{"hash":"e7ab0c7e6a9dd22bf51f30a10ba77ca87ae27a12","isMergeCommit":true,"messageTitle":"Merge pull request #22 from ondretann/branch-UserProfile","messageBody":"Update DeveloperGuide.md","fileTypesAndContributionMap":{}},{"hash":"4c4da46d1a505c885ab11f00740555310d8354f0","isMergeCommit":true,"messageTitle":"Merge pull request #23 from PateShin/Update-DeveloperGuide","messageBody":"Update developer guide","fileTypesAndContributionMap":{}},{"hash":"1457ad1e5e28b2dbb83851cabb03562f6841c0f9","isMergeCommit":false,"messageTitle":"Update use cases","messageBody":"","fileTypesAndContributionMap":{"docs":{"insertions":17,"deletions":0}}},{"hash":"bb71fa39594503e7ab35a4f1d823a90f57dcbdb2","isMergeCommit":true,"messageTitle":"Merge pull request #24 from linnn-7/update-user-case","messageBody":"Update use cases","fileTypesAndContributionMap":{}}]},{"date":"2024-03-07","commitResults":[{"hash":"18c970dd294878011bbab1a6004862d1110fcfa2","isMergeCommit":true,"messageTitle":"Merge pull request #26 from DhiraPT/branch-UseCases","messageBody":"Update DG Use Cases","fileTypesAndContributionMap":{}},{"hash":"f6ef9d331cf3e95c678df7a62e37c95dcb459d3a","isMergeCommit":true,"messageTitle":"Merge pull request #25 from DhiraPT/branch-DeveloperGuide","messageBody":"Update DG glossary","fileTypesAndContributionMap":{}},{"hash":"cc8df61c19b10b51487dae277b1f96607f237caa","isMergeCommit":false,"messageTitle":"Update website","messageBody":"","fileTypesAndContributionMap":{"docs":{"insertions":5,"deletions":7}}},{"hash":"865b17001f171a459082c7967b6bd628ea4b0036","isMergeCommit":true,"messageTitle":"Merge pull request #27 from linnn-7/update-website","messageBody":"Update website","fileTypesAndContributionMap":{}},{"hash":"e463995e767a49bdc60ea51536d51b7e52426ac6","isMergeCommit":true,"messageTitle":"Merge pull request #28 from ondretann/branch-UseCases","messageBody":"Update DeveloperGuide.md","fileTypesAndContributionMap":{}}]}],"PateShin":[{"date":"2024-02-28","commitResults":[{"hash":"f6cb98f66b972681c4039230acc72ab517deba7c","isMergeCommit":false,"messageTitle":"Update UserGuide.md","messageBody":"","fileTypesAndContributionMap":{"docs":{"insertions":24,"deletions":21}}},{"hash":"5a7f45f7c3d68fea86388676e399f6838e634895","isMergeCommit":false,"messageTitle":"Update AboutUs.md","messageBody":"","fileTypesAndContributionMap":{"docs":{"insertions":3,"deletions":3}}},{"hash":"444bbb1b6c0164b83e84b5b1ae8a499e3570ff0e","isMergeCommit":true,"messageTitle":"Merge branch \u0027master\u0027 into update-info","messageBody":"","fileTypesAndContributionMap":{}}]},{"date":"2024-03-06","commitResults":[{"hash":"f676b4cc2f4fb0eefcb80a1fd9efe84639b7e6cd","isMergeCommit":false,"messageTitle":"Update DevelopeGuide.md","messageBody":"This commit shows DeveloperGuide is edited\n\nKey Changes\n *The User stories are addeed\n *The Use cases of `list` and `found` are added\n","fileTypesAndContributionMap":{"docs":{"insertions":53,"deletions":35}}},{"hash":"4d64d72aabba806399e62991c7d168d1a4a7a5e3","isMergeCommit":false,"messageTitle":"Modify DeveloperGuide","messageBody":"The format of the DeveloperGuide has fixed:\n\nChanges:\n *Remove not required blank spaces\n","fileTypesAndContributionMap":{"docs":{"insertions":18,"deletions":18}}},{"hash":"3ab36ea71fbb2b38c1eb284abbeeadbfef00351f","isMergeCommit":false,"messageTitle":"Fix DeveloperGuide Format","messageBody":"","fileTypesAndContributionMap":{"docs":{"insertions":1,"deletions":1}}},{"hash":"20b85e2e52acb83ebbae3e4bd2069720f57b84e8","isMergeCommit":true,"messageTitle":"Merge branch \u0027master\u0027 into Update-DeveloperGuide","messageBody":"","fileTypesAndContributionMap":{}}]}],"DhiraPT":[{"date":"2024-02-27","commitResults":[{"hash":"8a8a5fa520ad32a9a4d9457ca89655dad826ed3a","isMergeCommit":false,"messageTitle":"Modify AboutUs.md","messageBody":"","fileTypesAndContributionMap":{"docs":{"insertions":4,"deletions":4}}},{"hash":"147bbacf7bdab639c2a9b955dd05f2dc3c1eff41","isMergeCommit":false,"messageTitle":"Modify UserGuide.md","messageBody":"","fileTypesAndContributionMap":{"docs":{"insertions":9,"deletions":11}}}]},{"date":"2024-03-07","commitResults":[{"hash":"90695bee8f84fedaeafd45402ffc1fae472ab457","isMergeCommit":false,"messageTitle":"Add new terms to Developer\u0027s Guide glossary","messageBody":"","fileTypesAndContributionMap":{"docs":{"insertions":10,"deletions":0}}},{"hash":"78f69fa7c29a8dc84692310c07146b3b81e50f35","isMergeCommit":false,"messageTitle":"Add use case for adding new employee","messageBody":"","fileTypesAndContributionMap":{"docs":{"insertions":36,"deletions":0}}}]}],"ondretann":[{"date":"2024-02-28","commitResults":[{"hash":"eb429fde8cef48f9f716f7120fc672cf7f6b3f1e","isMergeCommit":false,"messageTitle":"Update AboutUs.md","messageBody":"","fileTypesAndContributionMap":{"docs":{"insertions":3,"deletions":3}}},{"hash":"856d2f8f2018bd24098c534c0ce97c29d7204d17","isMergeCommit":false,"messageTitle":"Update UserGuide.md","messageBody":"","fileTypesAndContributionMap":{"docs":{"insertions":17,"deletions":8}}}]},{"date":"2024-03-06","commitResults":[{"hash":"ba966a542f815870a88e1170382a0c746cd93f36","isMergeCommit":false,"messageTitle":"Update DeveloperGuide.md","messageBody":"","fileTypesAndContributionMap":{"docs":{"insertions":3,"deletions":3}}}]},{"date":"2024-03-07","commitResults":[{"hash":"d647f5c7f9fe6b364da04781ca01107cb4213e9d","isMergeCommit":false,"messageTitle":"Update DeveloperGuide.md","messageBody":"","fileTypesAndContributionMap":{"docs":{"insertions":59,"deletions":0}}}]}]},"authorFileTypeContributionMap":{"linnn-7":{"docs":90,"functional-code":0,"test-code":0,"other":1},"PateShin":{"docs":44,"functional-code":0,"test-code":0},"DhiraPT":{"docs":59,"functional-code":0,"test-code":0},"ondretann":{"docs":74,"functional-code":0,"test-code":0}},"authorContributionVariance":{"linnn-7":1988.8369,"PateShin":1159.9438,"DhiraPT":179.2041,"ondretann":272.83673},"authorDisplayNameMap":{"linnn-7":"CS2103T-T12-4 LIN .. BIN","PateShin":"CS2103T-T12-4 SHIN..YOON","DhiraPT":"CS2103T-T12-4 DHIR..GARA","ondretann":"CS2103T-T12-4 TANN..NDRE"}}
