{"authorDailyContributionsMap":{"evedaktyl":[{"date":"2024-03-07","commitResults":[{"hash":"d1db6f34ca35fab4f46ee8286569c12374f18c5c","isMergeCommit":false,"messageTitle":"Add profile picture to project website","messageBody":"","fileTypesAndContributionMap":{"docs":{"insertions":4,"deletions":4}}}]},{"date":"2024-03-09","commitResults":[{"hash":"96c1aeeddce98d1feb3aba3ef17a9dd1d2ec1928","isMergeCommit":false,"messageTitle":"Add NFRs to developer guide","messageBody":"","fileTypesAndContributionMap":{"docs":{"insertions":4,"deletions":5}}},{"hash":"7d772e631445c9d7f0aa05b6a5493eb30633c236","isMergeCommit":false,"messageTitle":"Update glossary terms","messageBody":"","fileTypesAndContributionMap":{"docs":{"insertions":4,"deletions":3}}},{"hash":"cb9cbff0196dcd827779de93b0c4ad63990c7ede","isMergeCommit":false,"messageTitle":"Add tutorial group to glossary","messageBody":"","fileTypesAndContributionMap":{"docs":{"insertions":1,"deletions":1}}}]},{"date":"2024-03-10","commitResults":[{"hash":"0081b22b115d526979b8fd15691913ac1cf041cd","isMergeCommit":false,"messageTitle":"Fix style in DG","messageBody":"","fileTypesAndContributionMap":{"docs":{"insertions":2,"deletions":1}}}]},{"date":"2024-03-16","commitResults":[{"hash":"27f2c43c03b2fd0d47a208b16272685c78ee847d","isMergeCommit":true,"messageTitle":"Merge pull request #32 from kwuunnn/addMajor-removeAddr","messageBody":"Add major as field and remove address as field","fileTypesAndContributionMap":{}}]}],"R-Laksh":[{"date":"2024-03-09","commitResults":[{"hash":"0aad1f3b6a5cc3b0a3f857dde05cecdb90b918c2","isMergeCommit":false,"messageTitle":"Update AB-3 README for ClassMonitor","messageBody":"","fileTypesAndContributionMap":{"docs":{"insertions":14,"deletions":10}}},{"hash":"7ce78c6be9d52943f5aa3ea2c7ab2242eed17332","isMergeCommit":false,"messageTitle":"Add reference to AB-3","messageBody":"","fileTypesAndContributionMap":{"docs":{"insertions":3,"deletions":1}}}]}],"kwuunnn":[{"date":"2024-03-09","commitResults":[{"hash":"d8e8e57b6ac3ce45939ff89d0b23ce610ea334c0","isMergeCommit":false,"messageTitle":"Update User Stories and Use Cases","messageBody":"","fileTypesAndContributionMap":{"docs":{"insertions":152,"deletions":16}}}]},{"date":"2024-03-10","commitResults":[{"hash":"70dbefc6a3891657cabdecbd242330ad4764950b","isMergeCommit":true,"messageTitle":"Merge pull request #21 from chiaryan/passing-week-7","messageBody":"Fixes to pass week 7 checks","fileTypesAndContributionMap":{}}]},{"date":"2024-03-15","commitResults":[{"hash":"260cf2c208b9bc0a43ce412a3ad47c9ffcc97db9","isMergeCommit":true,"messageTitle":"Merge pull request #26 from c-wenlong/add-star-command","messageBody":"Add star command","fileTypesAndContributionMap":{}}]},{"date":"2024-03-16","commitResults":[{"hash":"2674de53a32e1ef574ee43cd644f6afa49883a5d","isMergeCommit":false,"messageTitle":"Add major as field and remove address as field","messageBody":"","fileTypesAndContributionMap":{"functional-code":{"insertions":136,"deletions":139},"test-code":{"insertions":191,"deletions":190}}},{"hash":"e78dd22dd4e535b99888356f3cec6feecd730ea1","isMergeCommit":false,"messageTitle":"Resolve comments on PR #32","messageBody":"Fix bugs and improve documentation and comments.\n","fileTypesAndContributionMap":{"functional-code":{"insertions":19,"deletions":4}}},{"hash":"5550088ac18a81f3e9c82b289a9bb2be56cd4b7c","isMergeCommit":false,"messageTitle":"Fix checkstyle issues","messageBody":"","fileTypesAndContributionMap":{"functional-code":{"insertions":5,"deletions":2}}}]}],"chiaryan":[{"date":"2024-03-09","commitResults":[{"hash":"da0856fab21969cfd1db47a62e4b2d85de9da185","isMergeCommit":true,"messageTitle":"Merge pull request #9 from evedaktyl/update-project-website","messageBody":"Add profile picture to project website","fileTypesAndContributionMap":{}},{"hash":"19e2a70cc6511d9fe08ab6b6b1acceddf907ebd0","isMergeCommit":false,"messageTitle":"Update AboutUs.md with images","messageBody":"","fileTypesAndContributionMap":{"docs":{"insertions":22,"deletions":21}}},{"hash":"7141f073afc1a41eabc2771065654ca7877cb3f6","isMergeCommit":true,"messageTitle":"Merge pull request #12 from chiaryan/update-aboutus","messageBody":"Update AboutUs.md","fileTypesAndContributionMap":{}},{"hash":"a1e5232a717a72487a92886597942014e0482144","isMergeCommit":false,"messageTitle":"Adjust image sizes in AboutUs.md","messageBody":"","fileTypesAndContributionMap":{"docs":{"insertions":12,"deletions":10}}},{"hash":"bf29eafc3d9c09eec5fb875cc3bafe53c222e945","isMergeCommit":true,"messageTitle":"Merge pull request #18 from kwuunnn/userStories-useCases","messageBody":"Update User Stories and Use Cases","fileTypesAndContributionMap":{}}]},{"date":"2024-03-10","commitResults":[{"hash":"126f0aec3f8511e5768b887c725afeafb36bb45e","isMergeCommit":false,"messageTitle":"Change CI badge to point towards team URL","messageBody":"","fileTypesAndContributionMap":{"docs":{"insertions":1,"deletions":1}}},{"hash":"0fe17a857f88a7884f36594e23985940b087d48d","isMergeCommit":false,"messageTitle":"DG: Update User profile to match TA","messageBody":"","fileTypesAndContributionMap":{"docs":{"insertions":4,"deletions":5}}}]}],"c-wenlong":[{"date":"2024-02-25","commitResults":[{"hash":"76aa0c3b575ab6c0b95fca6e75076412d026a73e","isMergeCommit":false,"messageTitle":"First commit, update build name in build.gradle","messageBody":"","fileTypesAndContributionMap":{"other":{"insertions":1,"deletions":1}}}]},{"date":"2024-03-09","commitResults":[{"hash":"4fa1adaa39bb549cabc89f711a93f1abed090ff8","isMergeCommit":true,"messageTitle":"Merge pull request #10 from evedaktyl/add-NFR-Glossary","messageBody":"Add NFRs to developer guide","fileTypesAndContributionMap":{}},{"hash":"e50b6e61e25ef98b2651fd6c94120b3c73867a9e","isMergeCommit":true,"messageTitle":"Merge pull request #14 from chiaryan/update-aboutus","messageBody":"Adjust image sizes in AboutUs.md","fileTypesAndContributionMap":{}},{"hash":"1029891904b30828126d3649b55c953c31acfe36","isMergeCommit":true,"messageTitle":"Merge pull request #13 from R-Laksh/update-project-readme","messageBody":"Update project readme","fileTypesAndContributionMap":{}}]},{"date":"2024-03-13","commitResults":[{"hash":"1f23d1f0b48eaf637ab33af09ac076d609b182c5","isMergeCommit":false,"messageTitle":"Create Star object","messageBody":"","fileTypesAndContributionMap":{"functional-code":{"insertions":58,"deletions":0}}},{"hash":"388db2f3800e3ca16f39a1ee4570c3d4cb31943f","isMergeCommit":false,"messageTitle":"Create StarCommand file","messageBody":"","fileTypesAndContributionMap":{"functional-code":{"insertions":4,"deletions":0}}},{"hash":"176988cd9fcfbdc20769420e2e769272e63d6fec","isMergeCommit":false,"messageTitle":"Add Prefix for Star","messageBody":"","fileTypesAndContributionMap":{"functional-code":{"insertions":1,"deletions":0}}},{"hash":"cd7755dab113f2771ec5749c45e38204fabf28a7","isMergeCommit":false,"messageTitle":"Edit Person to include Star","messageBody":"","fileTypesAndContributionMap":{"functional-code":{"insertions":23,"deletions":6}}},{"hash":"ed19fbe4efbc6a85a13128c2b31a5e76eeac43c6","isMergeCommit":false,"messageTitle":"Update EditCommand to support Star","messageBody":"","fileTypesAndContributionMap":{"functional-code":{"insertions":13,"deletions":3}}},{"hash":"44ffaa05091e7c4cafee677723b7ec0a4ba0fea9","isMergeCommit":false,"messageTitle":"Complete StarCommmand","messageBody":"","fileTypesAndContributionMap":{"functional-code":{"insertions":93,"deletions":0}}},{"hash":"4409a61b3509871900c4755a8f92ac4d522003f0","isMergeCommit":false,"messageTitle":"Add placeholder case for StarCommand in AddressBookParser","messageBody":"","fileTypesAndContributionMap":{"functional-code":{"insertions":8,"deletions":1}}},{"hash":"d9d384c659628086794e02693f8c82efe2fa0e00","isMergeCommit":false,"messageTitle":"Add StarCommandParser, need to implement ParseStar in ParserUtil","messageBody":"","fileTypesAndContributionMap":{"functional-code":{"insertions":58,"deletions":2}}},{"hash":"f8492f81788deff16a56178321ec10efc667b29e","isMergeCommit":false,"messageTitle":"Add ParseStar under ParserUtil, complete StarCommandParser","messageBody":"","fileTypesAndContributionMap":{"functional-code":{"insertions":18,"deletions":2}}},{"hash":"3058e1153f26dd188933e578958e6f6390a3b1ce","isMergeCommit":false,"messageTitle":"Fix Checkstyle","messageBody":"","fileTypesAndContributionMap":{"functional-code":{"insertions":15,"deletions":14}}},{"hash":"e622eee29c85c48244072fef5256b4737d06d910","isMergeCommit":false,"messageTitle":"Update PersonBuilder to include Star, fix PersonTest at line 93","messageBody":"","fileTypesAndContributionMap":{"test-code":{"insertions":19,"deletions":1}}},{"hash":"baa1ab2766f37d5c3e55d132975a1d51df0f0d03","isMergeCommit":false,"messageTitle":"Fix EditPersonDescriptorTest.toStringMethod","messageBody":"","fileTypesAndContributionMap":{"test-code":{"insertions":2,"deletions":1}}},{"hash":"46c5e6e60651f393f5a555eefdc34a6fef239759","isMergeCommit":false,"messageTitle":"Update JSONAdaptedPerson to include Star, fix JSONAdaptedPersonTest with new Constructor that includes Star","messageBody":"","fileTypesAndContributionMap":{"functional-code":{"insertions":14,"deletions":2},"test-code":{"insertions":81,"deletions":32}}},{"hash":"d4e6a5e988d5540c798c7d33e2f45f07670f97cd","isMergeCommit":false,"messageTitle":"Update PersonBuilder, fix JsonSerializableAddressBookTest::toModelType_typicalPersonsFile_success","messageBody":"","fileTypesAndContributionMap":{"test-code":{"insertions":2,"deletions":2}}},{"hash":"7d0530badec15e70650eaf037ef89e8f4c191073","isMergeCommit":false,"messageTitle":"Update EditPersonDescriptorBuilder to support Star, fix EditCommandTest::execute_allFieldsSpecifiedUnfilteredList_success","messageBody":"","fileTypesAndContributionMap":{"test-code":{"insertions":10,"deletions":0}}},{"hash":"8e52c9408cc52c9327495d63e2842c4fa7f8f6bb","isMergeCommit":false,"messageTitle":"Update EditCommandParser to support Star in edit command itself, update PersonUtil to support Star, fix AddressBookParserTest::parseCommand_edit","messageBody":"","fileTypesAndContributionMap":{"functional-code":{"insertions":10,"deletions":3},"test-code":{"insertions":2,"deletions":0}}},{"hash":"3a9998b760b04d37232490701ad3618a652e88bc","isMergeCommit":false,"messageTitle":"Complete logic, do UI next","messageBody":"","fileTypesAndContributionMap":{"functional-code":{"insertions":1,"deletions":1}}}]},{"date":"2024-03-14","commitResults":[{"hash":"945efab50ba7847cd9d56340a22f280923d36f21","isMergeCommit":false,"messageTitle":"Add Star to PersonCard and PersonListCard.fxml to display on the main screen","messageBody":"","fileTypesAndContributionMap":{"functional-code":{"insertions":4,"deletions":0}}}]},{"date":"2024-03-15","commitResults":[{"hash":"25c354d956850428ffc6f19d42fcb3a1ef04d810","isMergeCommit":true,"messageTitle":"Merge pull request #22 from evedaktyl/add-NFR-Glossary","messageBody":"Fix style in DG","fileTypesAndContributionMap":{}},{"hash":"a83eb9abeb68af16ccafe8204f6fa3ce03947276","isMergeCommit":false,"messageTitle":"Add IsUnsignedInteger() check when parsing Star","messageBody":"","fileTypesAndContributionMap":{"functional-code":{"insertions":36,"deletions":13},"test-code":{"insertions":35,"deletions":3}}},{"hash":"cfb15f97ba85f4fef3bbc97bc58c2adce476bd32","isMergeCommit":false,"messageTitle":"Fix StarCommand.execute() to return CommandResult in correct format","messageBody":"","fileTypesAndContributionMap":{"functional-code":{"insertions":1,"deletions":1}}},{"hash":"6ee57505f68cfe3dc4993c628fef84196c914a39","isMergeCommit":false,"messageTitle":"Fix StarCommand.execute() to return CommandResult in correct format part 2","messageBody":"","fileTypesAndContributionMap":{"functional-code":{"insertions":1,"deletions":1}}}]}]},"authorFileTypeContributionMap":{"evedaktyl":{"docs":8,"functional-code":0,"test-code":0},"R-Laksh":{"docs":16,"functional-code":0,"test-code":0},"kwuunnn":{"docs":151,"functional-code":154,"test-code":191},"chiaryan":{"docs":32,"functional-code":0,"test-code":0},"c-wenlong":{"docs":0,"functional-code":302,"test-code":124,"other":1}},"authorContributionVariance":{"evedaktyl":15.671074,"R-Laksh":32.604916,"kwuunnn":20309.156,"chiaryan":178.03781,"c-wenlong":10639.346},"authorDisplayNameMap":{"evedaktyl":"CS2103T-F13-4 EVEL..N EN","R-Laksh":"CS2103T-F13-4 RAMU..ANAN","kwuunnn":"CS2103T-F13-4 CHIN.. HEI","chiaryan":"CS2103T-F13-4 CHIA..RYAN","c-wenlong":"CS2103T-F13-4 CHEN..LONG"}}
