{"authorDailyContributionsMap":{"evedaktyl":[{"date":"2024-03-07","commitResults":[{"hash":"d1db6f34ca35fab4f46ee8286569c12374f18c5c","isMergeCommit":false,"messageTitle":"Add profile picture to project website","messageBody":"","fileTypesAndContributionMap":{"docs":{"insertions":4,"deletions":4}}}]},{"date":"2024-03-09","commitResults":[{"hash":"96c1aeeddce98d1feb3aba3ef17a9dd1d2ec1928","isMergeCommit":false,"messageTitle":"Add NFRs to developer guide","messageBody":"","fileTypesAndContributionMap":{"docs":{"insertions":4,"deletions":5}}},{"hash":"7d772e631445c9d7f0aa05b6a5493eb30633c236","isMergeCommit":false,"messageTitle":"Update glossary terms","messageBody":"","fileTypesAndContributionMap":{"docs":{"insertions":4,"deletions":3}}},{"hash":"cb9cbff0196dcd827779de93b0c4ad63990c7ede","isMergeCommit":false,"messageTitle":"Add tutorial group to glossary","messageBody":"","fileTypesAndContributionMap":{"docs":{"insertions":1,"deletions":1}}}]},{"date":"2024-03-10","commitResults":[{"hash":"0081b22b115d526979b8fd15691913ac1cf041cd","isMergeCommit":false,"messageTitle":"Fix style in DG","messageBody":"","fileTypesAndContributionMap":{"docs":{"insertions":2,"deletions":1}}}]},{"date":"2024-03-16","commitResults":[{"hash":"27f2c43c03b2fd0d47a208b16272685c78ee847d","isMergeCommit":true,"messageTitle":"Merge pull request #32 from kwuunnn/addMajor-removeAddr","messageBody":"Add major as field and remove address as field","fileTypesAndContributionMap":{}},{"hash":"39046704e3eb0e4cf1486bebf95322781c8c64ea","isMergeCommit":false,"messageTitle":"Add predicate to check stars","messageBody":"","fileTypesAndContributionMap":{"functional-code":{"insertions":72,"deletions":2}}},{"hash":"238da71dc83419b69f6fb28d41b6fdc01084bdf8","isMergeCommit":false,"messageTitle":"Add FindStarsLessThan command","messageBody":"Let\u0027s allow users to filter persons based on the number of participation stars.\n","fileTypesAndContributionMap":{"functional-code":{"insertions":38,"deletions":2}}},{"hash":"2c5ff48a7fa7bf693a33cc204230c7f930f2ca25","isMergeCommit":false,"messageTitle":"Update parser","messageBody":"","fileTypesAndContributionMap":{"functional-code":{"insertions":34,"deletions":0}}},{"hash":"36d9a606fad4814be6c665b4867bdd43b29d6195","isMergeCommit":false,"messageTitle":"Fix style","messageBody":"","fileTypesAndContributionMap":{"functional-code":{"insertions":13,"deletions":14}}}]},{"date":"2024-03-17","commitResults":[{"hash":"0377b4260a63cd3c8a06cad7fa2782c00e854d38","isMergeCommit":false,"messageTitle":"Align find stars less than command with gui","messageBody":"","fileTypesAndContributionMap":{"functional-code":{"insertions":3,"deletions":3}}},{"hash":"429b9a0c2187aceadd42bc02fadf161536aaa6a4","isMergeCommit":false,"messageTitle":"Write tests for findStarsLessThanCommand","messageBody":"","fileTypesAndContributionMap":{"test-code":{"insertions":98,"deletions":0}}},{"hash":"b81d7f73deb0248842bbb4175fdac5a091068935","isMergeCommit":false,"messageTitle":"Write tests for FindStarsLessThanCommand parser","messageBody":"","fileTypesAndContributionMap":{"test-code":{"insertions":31,"deletions":0}}}]},{"date":"2024-03-18","commitResults":[{"hash":"e6d79abe2c806e897fb1426206c0a557529a89af","isMergeCommit":false,"messageTitle":"Update parser to reject multiple upper bounds","messageBody":"","fileTypesAndContributionMap":{"functional-code":{"insertions":9,"deletions":4},"test-code":{"insertions":1,"deletions":1}}},{"hash":"3e568a5b605c9a969b992620dc02c7ce07dfdf3a","isMergeCommit":true,"messageTitle":"Merge branch \u0027master\u0027 into add-find-stars-less-than","messageBody":"","fileTypesAndContributionMap":{}}]},{"date":"2024-03-19","commitResults":[{"hash":"b0778793a045fcd2be2cd65b0ea2ecb178dcbfc9","isMergeCommit":false,"messageTitle":"Update tests and parser","messageBody":"","fileTypesAndContributionMap":{"functional-code":{"insertions":4,"deletions":5},"test-code":{"insertions":73,"deletions":1}}}]},{"date":"2024-03-21","commitResults":[{"hash":"0d3c6c75db44729f52164d9841c8e4f1848aa16c","isMergeCommit":true,"messageTitle":"Merge pull request #34 from R-Laksh/sort-ascending-participation","messageBody":"Sort ascending participation","fileTypesAndContributionMap":{}},{"hash":"ba771a04e1d25470ce3f6dacfdf82e81fb618c74","isMergeCommit":false,"messageTitle":"Add sequence diagram of findStarsLT","messageBody":"","fileTypesAndContributionMap":{"docs":{"insertions":84,"deletions":6}}},{"hash":"45abd5ed9f5c38ce1383b165ef4a049e4f8de1e8","isMergeCommit":false,"messageTitle":"Fix style in logic manager","messageBody":"","fileTypesAndContributionMap":{"functional-code":{"insertions":3,"deletions":1}}},{"hash":"79d320bf7859e136a78a2e3940241b98ede4a9c7","isMergeCommit":false,"messageTitle":"Fix style","messageBody":"","fileTypesAndContributionMap":{"functional-code":{"insertions":1,"deletions":0}}},{"hash":"f069a3a39d966ebd789b3e8957b1dee889a236f9","isMergeCommit":true,"messageTitle":"Merge pull request #43 from kwuunnn/model-uml","messageBody":"Update UML Diagram for Model Component","fileTypesAndContributionMap":{}},{"hash":"ab49e51f12bbb5c1c22450c3b10160ffad6bf4d7","isMergeCommit":true,"messageTitle":"Merge pull request #44 from evedaktyl/update-uml-diagram","messageBody":"Add sequence diagram of findStarsLT","fileTypesAndContributionMap":{}},{"hash":"9b96cdefe0be0c9efd6e0f3e872cfa0a5304abc0","isMergeCommit":true,"messageTitle":"Merge pull request #45 from evedaktyl/master","messageBody":"Fix style in logic manager","fileTypesAndContributionMap":{}},{"hash":"033777ea2f6eab3c2167e1e0b6fa75960279fa0b","isMergeCommit":true,"messageTitle":"Merge pull request #46 from c-wenlong/star-command-test","messageBody":"Add Testing Files for Star Feature","tags":["v1.2"],"fileTypesAndContributionMap":{}}]},{"date":"2024-03-27","commitResults":[{"hash":"2bd244ea9ec48e61a9bde0c39b9a204114febaca","isMergeCommit":true,"messageTitle":"Merge pull request #57 from c-wenlong/user-guide-introduction","messageBody":"Add introduction to userguide","fileTypesAndContributionMap":{}}]},{"date":"2024-03-28","commitResults":[{"hash":"7a5bd4e1aee6d97919689544162079db2e449083","isMergeCommit":false,"messageTitle":"Implement general find command","messageBody":"","fileTypesAndContributionMap":{"functional-code":{"insertions":316,"deletions":265},"other":{"insertions":14,"deletions":13},"docs":{"insertions":4,"deletions":4},"test-code":{"insertions":172,"deletions":286}}},{"hash":"d39789899c48b15364c542953a760594bd65aaf1","isMergeCommit":true,"messageTitle":"Merge branch \u0027master\u0027 into general-find","messageBody":"","fileTypesAndContributionMap":{}},{"hash":"491e91710ca43d0c27d8206bd0b0e593357cb3d2","isMergeCommit":false,"messageTitle":"Remove javacode errors","messageBody":"","fileTypesAndContributionMap":{"functional-code":{"insertions":1,"deletions":1}}},{"hash":"c382493f7e9d3e0b500f95df41685702b614337d","isMergeCommit":true,"messageTitle":"Merge pull request #59 from R-Laksh/general-sort","messageBody":"Implement General sort","fileTypesAndContributionMap":{}},{"hash":"8de5f5bc49493fb81d2a9b8f191e86092575cdca","isMergeCommit":true,"messageTitle":"Merge branch \u0027master\u0027 into general-find","messageBody":"Update code with laksh\u0027s pr\n","fileTypesAndContributionMap":{}},{"hash":"31c042c9402a43850a730289c46af59dbd08cf70","isMergeCommit":true,"messageTitle":"Merge pull request #61 from evedaktyl/general-find","messageBody":"Implement general find command","fileTypesAndContributionMap":{}},{"hash":"6742b4be2933c016e97198fc2058334b773e930a","isMergeCommit":false,"messageTitle":"Update Ui in README.md","messageBody":"","fileTypesAndContributionMap":{"docs":{"insertions":1,"deletions":1}}}]},{"date":"2024-04-03","commitResults":[{"hash":"6c4124e222163320d4446f7a677c84ff0d2ce8ab","isMergeCommit":false,"messageTitle":"Update find command parser","messageBody":"The parser is lengthy and difficult to read. Let\u0027s extract out the parsing logic for each field into an individual method.\n","fileTypesAndContributionMap":{"functional-code":{"insertions":143,"deletions":46}}},{"hash":"835a3af55aa2061737db20a9f26840c60846a322","isMergeCommit":false,"messageTitle":"Write additional tests for find command","messageBody":"","fileTypesAndContributionMap":{"functional-code":{"insertions":17,"deletions":12},"test-code":{"insertions":161,"deletions":12}}}]},{"date":"2024-04-04","commitResults":[{"hash":"17c430d03ba6c65bb7acf210277182e56f1ad62f","isMergeCommit":false,"messageTitle":"Update UG for find","messageBody":"","fileTypesAndContributionMap":{"docs":{"insertions":51,"deletions":24}}},{"hash":"eb0651ac14b265b9ba09a8f52672b7034800ae3d","isMergeCommit":false,"messageTitle":"Update add command ug","messageBody":"","fileTypesAndContributionMap":{"docs":{"insertions":14,"deletions":8}}},{"hash":"57055adb6149f45e2b0c4c2aea1c216f8a72d306","isMergeCommit":false,"messageTitle":"Update DG for find command","messageBody":"","fileTypesAndContributionMap":{"docs":{"insertions":72,"deletions":35}}},{"hash":"8604d537ad083f22021fcb41f478f24976002ff9","isMergeCommit":false,"messageTitle":"Update docs index.md","messageBody":"","fileTypesAndContributionMap":{"docs":{"insertions":5,"deletions":5}}}]},{"date":"2024-04-10","commitResults":[{"hash":"e3142cb655bdecae1af69484a26b56a05f566512","isMergeCommit":false,"messageTitle":"Add toc sidebar to UG","messageBody":"","fileTypesAndContributionMap":{"docs":{"insertions":1,"deletions":0}}},{"hash":"e8464eafa916d5baf496d00013e9c5577b9f6a93","isMergeCommit":false,"messageTitle":"Add liquid toc file","messageBody":"","fileTypesAndContributionMap":{"docs":{"insertions":2,"deletions":0}}},{"hash":"f99c9e6581c8968cc2adc3edc85a6f8a873fb90b","isMergeCommit":false,"messageTitle":"Edit header syntax","messageBody":"","fileTypesAndContributionMap":{"docs":{"insertions":10,"deletions":10}}},{"hash":"a2666c60d5bee9480ad226f3a0c1ef32731a5d44","isMergeCommit":false,"messageTitle":"Test","messageBody":"","fileTypesAndContributionMap":{"docs":{"insertions":1,"deletions":4}}},{"hash":"055b204fe7824dd196410a825abb354ca233596c","isMergeCommit":false,"messageTitle":"Test liquid toc","messageBody":"","fileTypesAndContributionMap":{"docs":{"insertions":1,"deletions":2}}},{"hash":"1fd36ae39b92c4d31ef425f61e96d4c6c6b64a41","isMergeCommit":false,"messageTitle":"Test admonitions","messageBody":"","fileTypesAndContributionMap":{"docs":{"insertions":26,"deletions":24}}},{"hash":"ab5c592f0e7f0a30e8e7622c4adf04df6630dc09","isMergeCommit":false,"messageTitle":"Test note admonition","messageBody":"","fileTypesAndContributionMap":{"docs":{"insertions":1,"deletions":5}}},{"hash":"89742d2bee540669764750ddd9141d6955549dd3","isMergeCommit":false,"messageTitle":"Update UG syntax","messageBody":"","fileTypesAndContributionMap":{"docs":{"insertions":51,"deletions":33}}},{"hash":"04582be738ea3ab4b9a25050421b2504c3baecb7","isMergeCommit":false,"messageTitle":"Fix bottom sections","messageBody":"","fileTypesAndContributionMap":{"docs":{"insertions":2,"deletions":7}}},{"hash":"bd8bfc44236755db5332db2c8b8004a03717f9c1","isMergeCommit":false,"messageTitle":"Fix bottom section","messageBody":"","fileTypesAndContributionMap":{"docs":{"insertions":3,"deletions":3}}},{"hash":"01a0036f59292059f03e6d06eca8e011f9fad97b","isMergeCommit":false,"messageTitle":"Update DG style","messageBody":"","fileTypesAndContributionMap":{"docs":{"insertions":5,"deletions":2}}},{"hash":"dc381221e51b51148fc4be0e1dc3891a355a6f05","isMergeCommit":false,"messageTitle":"Fix point 3","messageBody":"","fileTypesAndContributionMap":{"docs":{"insertions":5,"deletions":7}}}]},{"date":"2024-04-11","commitResults":[{"hash":"9b02b97640cbdcfd66a63106249a3ab4e03e08f5","isMergeCommit":false,"messageTitle":"Test","messageBody":"","fileTypesAndContributionMap":{"docs":{"insertions":16,"deletions":0}}}]},{"date":"2024-04-12","commitResults":[{"hash":"ef78a7b45b5923be3c4972dea477cb229876a229","isMergeCommit":false,"messageTitle":"Test command format for find","messageBody":"","fileTypesAndContributionMap":{"docs":{"insertions":12,"deletions":27}}},{"hash":"bac4155bac31b1b6ade09a69ad7efeab84ba9cf3","isMergeCommit":false,"messageTitle":"Update find command for clarity","messageBody":"","fileTypesAndContributionMap":{"docs":{"insertions":30,"deletions":22}}},{"hash":"5526968dddba0833932df8bec648d6f7024623b7","isMergeCommit":false,"messageTitle":"Fix formatting issues","messageBody":"","fileTypesAndContributionMap":{"docs":{"insertions":16,"deletions":14}}},{"hash":"6c861cc39ed807773e175df41decc6f1187cda9b","isMergeCommit":false,"messageTitle":"Update operand to number","messageBody":"","fileTypesAndContributionMap":{"docs":{"insertions":5,"deletions":5}}},{"hash":"0dae8efb775b672b9586cff4d5a156aa3303f3a2","isMergeCommit":false,"messageTitle":"Add newline","messageBody":"","fileTypesAndContributionMap":{"docs":{"insertions":4,"deletions":4}}},{"hash":"8235c976a3e171a66700e80bc7e72f1d88385186","isMergeCommit":false,"messageTitle":"Test newline","messageBody":"","fileTypesAndContributionMap":{"docs":{"insertions":2,"deletions":2}}},{"hash":"1a0eb1b04614ec1dd31987d29a5ddef79d178b75","isMergeCommit":false,"messageTitle":"Add line","messageBody":"","fileTypesAndContributionMap":{"docs":{"insertions":4,"deletions":2}}},{"hash":"cf6349d8646c750cfea89a7fd6e3c6e69311b72f","isMergeCommit":false,"messageTitle":"Update info block","messageBody":"","fileTypesAndContributionMap":{"docs":{"insertions":17,"deletions":21}}},{"hash":"21475b9c5c9e36ecc4d666b6e28151204a7a03fa","isMergeCommit":false,"messageTitle":"Edit info block","messageBody":"","fileTypesAndContributionMap":{"docs":{"insertions":1,"deletions":1}}},{"hash":"e511cf1dc2fcd25a8b02d652ccfaf627b18996fb","isMergeCommit":false,"messageTitle":"Bold appropriate info","messageBody":"","fileTypesAndContributionMap":{"docs":{"insertions":1,"deletions":1}}},{"hash":"9c653355fc34ad7f8e3101aa097d4bd58908a6d4","isMergeCommit":false,"messageTitle":"Fix checkstyle from Kai\u0027s pr","messageBody":"","fileTypesAndContributionMap":{"functional-code":{"insertions":3,"deletions":2}}},{"hash":"563642be916bb86be3b15d0fd8375839e82bcf05","isMergeCommit":true,"messageTitle":"Merge pull request #166 from evedaktyl/master","messageBody":"Fix checkstyle from Kai\u0027s pr","fileTypesAndContributionMap":{}},{"hash":"1d74970512fcfe3b8733a135c39905c01b8c3594","isMergeCommit":true,"messageTitle":"Merge branch \u0027master\u0027 into checkstyle","messageBody":"","fileTypesAndContributionMap":{}},{"hash":"e609e91c343d6eae60a9176ace13dc1153dfade5","isMergeCommit":false,"messageTitle":"Update SortCommandParser.java","messageBody":"","fileTypesAndContributionMap":{"functional-code":{"insertions":1,"deletions":1}}},{"hash":"b7413e63de01e5d8acec03d044437b04d59214c4","isMergeCommit":true,"messageTitle":"Merge pull request #165 from chiaryan/checkstyle","messageBody":"Minor Checkstyle Fix","fileTypesAndContributionMap":{}}]},{"date":"2024-04-13","commitResults":[{"hash":"9cadce5b2b122e81b5d2fec8bbbb1ba8a074578a","isMergeCommit":true,"messageTitle":"Merge branch \u0027master\u0027 into update-find-command-format","messageBody":"","fileTypesAndContributionMap":{}},{"hash":"fa68f546e14146b8c9de5e420f738d98db6e21e1","isMergeCommit":true,"messageTitle":"Merge pull request #171 from kwuunnn/format-star-bolt-ug","messageBody":"Format example for star and bolt command to make it beautiful","fileTypesAndContributionMap":{}}]},{"date":"2024-04-14","commitResults":[{"hash":"2d85bc874ba613a5810b3fc51427e2c53a7fdb08","isMergeCommit":true,"messageTitle":"Merge pull request #170 from kwuunnn/edit-features-ug","messageBody":"Implement Features section in UG","fileTypesAndContributionMap":{}},{"hash":"dbf5bfeeb0d5e1f491256688bc0d2be48649c014","isMergeCommit":true,"messageTitle":"Merge pull request #172 from evedaktyl/update-find-command-format","messageBody":"Update find command format in UG","fileTypesAndContributionMap":{}},{"hash":"4ac7907b8230afc07746defa0b794e3ce9c11471","isMergeCommit":true,"messageTitle":"Merge pull request #168 from kwuunnn/fix-bolt-ug","messageBody":"Specify that bolt is for absenteeism only","fileTypesAndContributionMap":{}},{"hash":"fe80307285ecbd2a9b67d2f8f1f7bd61febd120f","isMergeCommit":false,"messageTitle":"Handle incorrect error thrown for large number","messageBody":"","fileTypesAndContributionMap":{"functional-code":{"insertions":6,"deletions":2}}},{"hash":"4cf430a7387d8abc50a17736cf94ad1fd4add938","isMergeCommit":false,"messageTitle":"Finalize UG up till edit command","messageBody":"","fileTypesAndContributionMap":{"docs":{"insertions":51,"deletions":29}}},{"hash":"faec6777314ad9a120a9718637abea9fea5e4222","isMergeCommit":false,"messageTitle":"Fix test cases","messageBody":"","fileTypesAndContributionMap":{"functional-code":{"insertions":1,"deletions":1},"test-code":{"insertions":2,"deletions":2}}},{"hash":"12e4827d48eb180d3bac8bce621c5e592f360656","isMergeCommit":true,"messageTitle":"Merge pull request #177 from kwuunnn/examples-box","messageBody":"Format and standardize UG","fileTypesAndContributionMap":{}},{"hash":"3bd2d7b59b1503a3219730c91f4972b9062abce4","isMergeCommit":false,"messageTitle":"Replace with v1.4 Ui image","messageBody":"","fileTypesAndContributionMap":{"docs":{"insertions":24,"deletions":19}}},{"hash":"08c2caa7b885c9c2b4a167cbd51f9a2b4becd4e2","isMergeCommit":true,"messageTitle":"Merge branch \u0027master\u0027 into standardize-formatting","messageBody":"","fileTypesAndContributionMap":{}}]},{"date":"2024-04-15","commitResults":[{"hash":"13cf0c961036aea265007adc34b9fd8d5f3ba76f","isMergeCommit":false,"messageTitle":"Edit field constraints in UG for add and edit","messageBody":"","fileTypesAndContributionMap":{"docs":{"insertions":83,"deletions":69}}},{"hash":"911d2b8421a7ea12051e45e84d5a153f419d3f01","isMergeCommit":false,"messageTitle":"Test glossary","messageBody":"","fileTypesAndContributionMap":{"docs":{"insertions":6,"deletions":4}}},{"hash":"04d105de9c24baac37e18ea26849f842741e1abd","isMergeCommit":false,"messageTitle":"Minor edits","messageBody":"","fileTypesAndContributionMap":{"docs":{"insertions":5,"deletions":5}}},{"hash":"5a41b5352427caee3bbe39147de08b4b1d42fbb0","isMergeCommit":false,"messageTitle":"Add newline","messageBody":"","fileTypesAndContributionMap":{"docs":{"insertions":1,"deletions":1}}},{"hash":"678f3c9c6ccdf9d49a8d98a16b9c9c1426c5459d","isMergeCommit":false,"messageTitle":"Add glossary for email format","messageBody":"","fileTypesAndContributionMap":{"docs":{"insertions":12,"deletions":0}}},{"hash":"c997e6e13d4a3bd411af1a6ba183bb641b40d54a","isMergeCommit":true,"messageTitle":"Merge pull request #179 from c-wenlong/master","messageBody":"Update user guide introduction","fileTypesAndContributionMap":{}},{"hash":"dfca2cc7ee34c307110238c252a8b03d10fc0413","isMergeCommit":false,"messageTitle":"Link email format to glossary","messageBody":"","fileTypesAndContributionMap":{"docs":{"insertions":2,"deletions":2}}},{"hash":"e98af377e7c83fada760b033edded90a9d3ce88b","isMergeCommit":false,"messageTitle":"Link local part domain to actual entry","messageBody":"","fileTypesAndContributionMap":{"docs":{"insertions":2,"deletions":2}}},{"hash":"9a85d8487eaae2a27fbe29d8675e302956ec7c94","isMergeCommit":true,"messageTitle":"Merge pull request #178 from kwuunnn/dg-intro","messageBody":"Implement DG intro and standardise admonition boxes","fileTypesAndContributionMap":{}},{"hash":"ddd5ba57a6913ccae54fc1353e316231a0999447","isMergeCommit":true,"messageTitle":"Merge pull request #181 from evedaktyl/set-up-glossary","messageBody":"Set up glossary","fileTypesAndContributionMap":{}},{"hash":"cb97778f8a209e41e5c069d9a82ad00271cbb2c6","isMergeCommit":false,"messageTitle":"Add glossary for DG","messageBody":"","fileTypesAndContributionMap":{"docs":{"insertions":27,"deletions":7}}},{"hash":"7587ddba48b77f6114a765f222099f5ea5727d94","isMergeCommit":false,"messageTitle":"Add newline","messageBody":"","fileTypesAndContributionMap":{"docs":{"insertions":4,"deletions":4}}},{"hash":"acd4c069b4082be01c21f2334fd2d3d89f779d20","isMergeCommit":true,"messageTitle":"Merge pull request #182 from evedaktyl/glossary-dg","messageBody":"Add glossary for DG","fileTypesAndContributionMap":{}}]}],"R-Laksh":[{"date":"2024-03-09","commitResults":[{"hash":"0aad1f3b6a5cc3b0a3f857dde05cecdb90b918c2","isMergeCommit":false,"messageTitle":"Update AB-3 README for ClassMonitor","messageBody":"","fileTypesAndContributionMap":{"docs":{"insertions":14,"deletions":10}}},{"hash":"7ce78c6be9d52943f5aa3ea2c7ab2242eed17332","isMergeCommit":false,"messageTitle":"Add reference to AB-3","messageBody":"","fileTypesAndContributionMap":{"docs":{"insertions":3,"deletions":1}}},{"hash":"a689bdebdf9ea792bdce14aef0877c95df075a45","isMergeCommit":true,"messageTitle":"Merge branch \u0027master\u0027 of https://github.com/AY2324S2-CS2103T-F13-4/tp","messageBody":"","fileTypesAndContributionMap":{}}]},{"date":"2024-03-16","commitResults":[{"hash":"b47bed88fb4d9946004af85cbb5cf7aebd477a9e","isMergeCommit":true,"messageTitle":"Merge remote-tracking branch \u0027upstream/master\u0027","messageBody":"","fileTypesAndContributionMap":{}},{"hash":"c47435588c56e55d5ed43dd39c6be2610e0b078b","isMergeCommit":false,"messageTitle":"Update Model Interface to allow for sort functionality","messageBody":"","fileTypesAndContributionMap":{"functional-code":{"insertions":10,"deletions":0}}},{"hash":"ae6e78478009fb84eb16ec88f90da35658467b52","isMergeCommit":false,"messageTitle":"Handle swapping between filtered and sorted lists","messageBody":"","fileTypesAndContributionMap":{"functional-code":{"insertions":82,"deletions":10},"test-code":{"insertions":12,"deletions":2}}},{"hash":"9db914fc78d617631f37ae3b8fc7654d92700b0a","isMergeCommit":false,"messageTitle":"Implement SortAscendingCommand","messageBody":"","fileTypesAndContributionMap":{"functional-code":{"insertions":3,"deletions":2}}},{"hash":"720694bc055dd2689a5e322cd061c2c3dc3a64d2","isMergeCommit":false,"messageTitle":"Add case in Parser for SortStarsAscending","messageBody":"","fileTypesAndContributionMap":{"functional-code":{"insertions":5,"deletions":11}}}]},{"date":"2024-03-17","commitResults":[{"hash":"ea555ab6a01bd67a3be077f07a362a326016c805","isMergeCommit":false,"messageTitle":"Add test case for filtering","messageBody":"","fileTypesAndContributionMap":{"functional-code":{"insertions":22,"deletions":4},"test-code":{"insertions":5,"deletions":0}}},{"hash":"7bced24187e08d8b4d789f167c53614db5cbf87f","isMergeCommit":false,"messageTitle":"Fix Code Style issues","messageBody":"","fileTypesAndContributionMap":{"functional-code":{"insertions":16,"deletions":13},"test-code":{"insertions":9,"deletions":2}}},{"hash":"7bc8e2201abcef7e6cf70725613e058cd8a477ba","isMergeCommit":true,"messageTitle":"Merge remote-tracking branch \u0027upstream/master\u0027 into sort-ascending-participation","messageBody":"","fileTypesAndContributionMap":{}}]},{"date":"2024-03-18","commitResults":[{"hash":"60c3ae1dd9835666f4773ff596bf6bc3ecf6afeb","isMergeCommit":false,"messageTitle":"Fix more Code style errors","messageBody":"","fileTypesAndContributionMap":{"functional-code":{"insertions":9,"deletions":19},"test-code":{"insertions":5,"deletions":14}}},{"hash":"d7802e8b266c15cac848a2ebbc48f8e864cd598d","isMergeCommit":false,"messageTitle":"Remove unneeded imports","messageBody":"","fileTypesAndContributionMap":{"test-code":{"insertions":0,"deletions":1}}},{"hash":"93f845a194199cb0f21a9c377f767e9efe3decdd","isMergeCommit":false,"messageTitle":"Fix bug for displaying sorted list","messageBody":"","fileTypesAndContributionMap":{"functional-code":{"insertions":5,"deletions":26},"test-code":{"insertions":22,"deletions":0}}}]},{"date":"2024-03-19","commitResults":[{"hash":"e5ec154dcb9d6b3855c0e426496251c8a6addc4c","isMergeCommit":false,"messageTitle":"Add tests for sorting","messageBody":"","fileTypesAndContributionMap":{"functional-code":{"insertions":9,"deletions":0},"test-code":{"insertions":57,"deletions":4}}},{"hash":"fb4865368a1ce09451050ffa8793cd9f8e14df96","isMergeCommit":false,"messageTitle":"Fix Checkstyle issues","messageBody":"","fileTypesAndContributionMap":{"test-code":{"insertions":1,"deletions":1}}}]},{"date":"2024-03-25","commitResults":[{"hash":"0c4ec5dc58aba4d3b0125e7afa9d9935ce5bcd4d","isMergeCommit":true,"messageTitle":"Merge remote-tracking branch \u0027upstream/master\u0027","messageBody":"","fileTypesAndContributionMap":{}}]},{"date":"2024-03-26","commitResults":[{"hash":"5d8405a6f1337ca588b1712b02af8cd1104f76c7","isMergeCommit":true,"messageTitle":"Merge branch \u0027sort-ascending-participation\u0027","messageBody":"","fileTypesAndContributionMap":{}}]},{"date":"2024-03-28","commitResults":[{"hash":"dfa53b83ffbcb7f6f0c4fe3796a376c51486cc13","isMergeCommit":false,"messageTitle":"Update comparing logic for each field","messageBody":"","fileTypesAndContributionMap":{"functional-code":{"insertions":96,"deletions":11},"test-code":{"insertions":2,"deletions":2}}},{"hash":"6db9d06dec7144601ccee96966c60729d639393f","isMergeCommit":false,"messageTitle":"Add SortCommandParser","messageBody":"","fileTypesAndContributionMap":{"functional-code":{"insertions":74,"deletions":27},"other":{"insertions":20,"deletions":5}}},{"hash":"b8fbc1c55193a73db318643e3b0df9fd9c01d2ba","isMergeCommit":false,"messageTitle":"Implement SortCommandParser","messageBody":"","fileTypesAndContributionMap":{"functional-code":{"insertions":30,"deletions":0}}},{"hash":"4453e68f488f96703f547c7b1fbcdcc88844ca7c","isMergeCommit":false,"messageTitle":"Handle errors invalid fields for sorting","messageBody":"","fileTypesAndContributionMap":{"functional-code":{"insertions":30,"deletions":11}}},{"hash":"6451e9487f62bdc3c29a44726137a879b7c64fc7","isMergeCommit":false,"messageTitle":"Add tests for sorting","messageBody":"","fileTypesAndContributionMap":{"functional-code":{"insertions":4,"deletions":2},"test-code":{"insertions":38,"deletions":4}}},{"hash":"6665a4a168b58b4ad39eea809d6ad589acc6981c","isMergeCommit":false,"messageTitle":"Add tests for SortCommand","messageBody":"","fileTypesAndContributionMap":{"test-code":{"insertions":77,"deletions":2}}},{"hash":"07c5a0e70d82daa9a2a81bb73d869b322fedb749","isMergeCommit":false,"messageTitle":"Add test for SortCommandParser","messageBody":"","fileTypesAndContributionMap":{"functional-code":{"insertions":6,"deletions":5},"test-code":{"insertions":46,"deletions":0}}},{"hash":"62e94e105b29f6eeaa95761540ad63a066c670a9","isMergeCommit":false,"messageTitle":"Fix Checkstyle issues","messageBody":"","fileTypesAndContributionMap":{"functional-code":{"insertions":2,"deletions":3},"test-code":{"insertions":6,"deletions":2}}},{"hash":"0cd2adef9f41510e9188257c5d81f81ca12de6a6","isMergeCommit":true,"messageTitle":"Fix merge conflicts","messageBody":"","fileTypesAndContributionMap":{}},{"hash":"0152cb58632ac12e3e9da9453393e8f3961ccd8e","isMergeCommit":false,"messageTitle":"Fix CI issues","messageBody":"","fileTypesAndContributionMap":{"functional-code":{"insertions":1,"deletions":1}}},{"hash":"79f9182b947d974165c65af8951da490f1ae1737","isMergeCommit":false,"messageTitle":"Add more testcases","messageBody":"","fileTypesAndContributionMap":{"functional-code":{"insertions":1,"deletions":3},"test-code":{"insertions":56,"deletions":15}}},{"hash":"54f29b68f4581f31e2d7360c4d096f5085ce9ceb","isMergeCommit":false,"messageTitle":"Fix more checkstyle","messageBody":"","fileTypesAndContributionMap":{"test-code":{"insertions":14,"deletions":2}}},{"hash":"b68d5690c0aea7da84551c3182fa6c6059d25e53","isMergeCommit":false,"messageTitle":"Delete SortStarsAscending command","messageBody":"","fileTypesAndContributionMap":{"functional-code":{"insertions":0,"deletions":58},"test-code":{"insertions":0,"deletions":98}}},{"hash":"2b2a68af05e1290e98d6f33c20c1155d986ca735","isMergeCommit":true,"messageTitle":"Merge pull request #60 from c-wenlong/ui-enhancement","messageBody":"UI enhancement","fileTypesAndContributionMap":{}},{"hash":"56ac8c433a8fa0a69b24a0fd4a5c0b4921bea2de","isMergeCommit":false,"messageTitle":"Add UML diagram for general sort","messageBody":"","fileTypesAndContributionMap":{"docs":{"insertions":102,"deletions":0}}},{"hash":"c13807ac64f933bbe0fc4d00c66b948125c56b48","isMergeCommit":true,"messageTitle":"Merge remote-tracking branch \u0027upstream/master\u0027","messageBody":"","fileTypesAndContributionMap":{}}]},{"date":"2024-03-29","commitResults":[{"hash":"962561e3f5845ea12f1a7844f215dd3752aa325b","isMergeCommit":true,"messageTitle":"Merge pull request #68 from kwuunnn/bolt-DG","messageBody":"Implement UML Diagrams for BoltCommand and update DG","fileTypesAndContributionMap":{}},{"hash":"6e6df19fb52e2de14b9a93336d715627b4bed3cd","isMergeCommit":true,"messageTitle":"Fix merge conflict","messageBody":"","fileTypesAndContributionMap":{}}]},{"date":"2024-04-03","commitResults":[{"hash":"02d9f802edc2d2de6d9f4761895a332c8938f4d1","isMergeCommit":false,"messageTitle":"Sort by Bolt and change default sort","messageBody":"","fileTypesAndContributionMap":{"functional-code":{"insertions":16,"deletions":4}}},{"hash":"ca60ed8261dcbd2bdca5c8d729dbbbef4e4a4916","isMergeCommit":true,"messageTitle":"Merge remote-tracking branch \u0027upstream/master\u0027 into sort-bolt","messageBody":"","fileTypesAndContributionMap":{}},{"hash":"1e410a31d4d3cbefb83ae584a9574f2b8cec3614","isMergeCommit":false,"messageTitle":"Refactor AddressBook to ClassMonitor","messageBody":"","fileTypesAndContributionMap":{"functional-code":{"insertions":233,"deletions":233},"other":{"insertions":73,"deletions":73},"docs":{"insertions":12,"deletions":12},"test-code":{"insertions":249,"deletions":249}}}]},{"date":"2024-04-04","commitResults":[{"hash":"a16a412910aaa0898082e4f7270fe49de2080e27","isMergeCommit":false,"messageTitle":"Update User Guide to include sort","messageBody":"","fileTypesAndContributionMap":{"docs":{"insertions":26,"deletions":0}}},{"hash":"2feda9b66df4bc0bb5d53a2ff79ada40cdd578f2","isMergeCommit":false,"messageTitle":"Update summary table","messageBody":"","fileTypesAndContributionMap":{"docs":{"insertions":1,"deletions":0}}},{"hash":"70807d94a6bc2fa17268f94778f6d1ae753b7871","isMergeCommit":false,"messageTitle":"Remove unneeded thenComparing","messageBody":"","fileTypesAndContributionMap":{"functional-code":{"insertions":1,"deletions":1}}},{"hash":"fd8ac7fd4ded4d83dd70c59d56d273716391d1e0","isMergeCommit":true,"messageTitle":"Merge pull request #79 from R-Laksh/sort-bolt","messageBody":"Sort by Bolt and change default sort","fileTypesAndContributionMap":{}},{"hash":"069d33c3daf934d6c8eeeb8380e9605d42bddb39","isMergeCommit":true,"messageTitle":"Merge pull request #76 from evedaktyl/update-find-parser","messageBody":"Update find command parser","fileTypesAndContributionMap":{}},{"hash":"c51fdddbb9fe5f970c604a4609f8b1516c09b818","isMergeCommit":true,"messageTitle":"Merge branch \u0027master\u0027 into update-ug-find","messageBody":"","fileTypesAndContributionMap":{}},{"hash":"10e66bcd54c771ef72f2d6435564bdc3f899e4a2","isMergeCommit":true,"messageTitle":"Merge pull request #84 from evedaktyl/update-ug-find","messageBody":"Update UG for find","fileTypesAndContributionMap":{}},{"hash":"eddd4d964917570b3c792ac57ec991cc3011f1a9","isMergeCommit":true,"messageTitle":"Merge branch \u0027master\u0027 into user-guide","messageBody":"","fileTypesAndContributionMap":{}},{"hash":"96a4e0412b5c8e079ca113dd851bfaece204856f","isMergeCommit":false,"messageTitle":"Update UserGuide.md","messageBody":"","fileTypesAndContributionMap":{"docs":{"insertions":0,"deletions":13}}},{"hash":"bafe8d8f6ca0c1336292346d098b7ec468f01930","isMergeCommit":false,"messageTitle":"Update UserGuide.md","messageBody":"","fileTypesAndContributionMap":{"docs":{"insertions":1,"deletions":1}}},{"hash":"938882ca68104de587e1f675d68feceff03c9d66","isMergeCommit":false,"messageTitle":"Update index.md","messageBody":"","fileTypesAndContributionMap":{"docs":{"insertions":1,"deletions":1}}},{"hash":"ea9cfdf89dc150e4a6f5099e8e0b888c3c72e9fc","isMergeCommit":false,"messageTitle":"Update UserGuide.md","messageBody":"","fileTypesAndContributionMap":{"docs":{"insertions":1,"deletions":2}}},{"hash":"e97018427f4a3991ff79da49ecbe02e086af0116","isMergeCommit":false,"messageTitle":"fix minor changes","messageBody":"","fileTypesAndContributionMap":{"docs":{"insertions":4,"deletions":3}}},{"hash":"c304a0b77307a4ab89f104aa769649f79573b79f","isMergeCommit":true,"messageTitle":"Merge branch \u0027master\u0027 into user-guide","messageBody":"","fileTypesAndContributionMap":{}},{"hash":"6b570f686727315bf9e0c162da323bce77dd33b0","isMergeCommit":true,"messageTitle":"Merge branch \u0027user-guide\u0027 of https://github.com/R-Laksh/tp into user-guide","messageBody":"","fileTypesAndContributionMap":{}},{"hash":"a5769b84abc84cfd8771e31ae89d2bfd901fd8cf","isMergeCommit":false,"messageTitle":"Fix more small issues","messageBody":"","fileTypesAndContributionMap":{"docs":{"insertions":1,"deletions":2}}},{"hash":"37fb7fc90947b311648715dbfeaf1a936f30b21c","isMergeCommit":true,"messageTitle":"Merge pull request #90 from c-wenlong/master","messageBody":"Handle exceptions in Star Command","fileTypesAndContributionMap":{}},{"hash":"bbcc135b848eb2415ce8aa63425ac7f23a7238a8","isMergeCommit":false,"messageTitle":"update puml files","messageBody":"","fileTypesAndContributionMap":{"docs":{"insertions":117,"deletions":117}}},{"hash":"12481f5cbf29825d17f9a4ba737b360497701759","isMergeCommit":false,"messageTitle":"Re-add deleted lines","messageBody":"","fileTypesAndContributionMap":{"docs":{"insertions":5,"deletions":5}}},{"hash":"9e3b91c63c78f626bd5b46dfb231def7f5d5581b","isMergeCommit":true,"messageTitle":"Merge pull request #80 from R-Laksh/refactor-classmonitor","messageBody":"Refactor classmonitor","fileTypesAndContributionMap":{}},{"hash":"d98346fe649c2cef458422fe15320e3ab750d789","isMergeCommit":true,"messageTitle":"Merge branch \u0027master\u0027 into user-guide","messageBody":"","fileTypesAndContributionMap":{}},{"hash":"b199f6cdb4efa3456777a267c85222caef786111","isMergeCommit":true,"messageTitle":"Merge pull request #92 from R-Laksh/user-guide","messageBody":"Update user guide for sort","fileTypesAndContributionMap":{}},{"hash":"a7e346d63e5d7eb94e3014ad985c483d2567220f","isMergeCommit":true,"messageTitle":"Merge branch \u0027master\u0027 into update-dg-find","messageBody":"","fileTypesAndContributionMap":{}},{"hash":"fec61827401f5ece5b309eb4121155409866a3ac","isMergeCommit":true,"messageTitle":"Merge pull request #94 from evedaktyl/update-dg-find","messageBody":"Update DG for find command","fileTypesAndContributionMap":{}},{"hash":"ba5a37024ef94ea8e7b1b47047bcf0bd74548305","isMergeCommit":true,"messageTitle":"Merge pull request #95 from evedaktyl/update-docs-index","messageBody":"Update docs index.md","tags":["v1.3"],"fileTypesAndContributionMap":{}}]},{"date":"2024-04-08","commitResults":[{"hash":"6adbb7325c187347c16dcecd7325eb44385b0ae6","isMergeCommit":false,"messageTitle":"Make misc bug fixes and documentation improvements","messageBody":"","fileTypesAndContributionMap":{"functional-code":{"insertions":7,"deletions":7},"docs":{"insertions":11,"deletions":4}}},{"hash":"f616d16e166cd71f16ae5f94149c6bd34a3f1aed","isMergeCommit":false,"messageTitle":"Additional refactoring to replace addressbook name","messageBody":"","fileTypesAndContributionMap":{"functional-code":{"insertions":44,"deletions":44},"docs":{"insertions":49,"deletions":47},"test-code":{"insertions":7,"deletions":7}}},{"hash":"36d94e6dcf14d1956b8c129ac6f170b30c6b42b8","isMergeCommit":true,"messageTitle":"Merge pull request #151 from kwuunnn/fix-major-error","messageBody":"Fix major error message","fileTypesAndContributionMap":{}},{"hash":"21866cdb798fbc35c7c0334e52d967872ee33bdb","isMergeCommit":false,"messageTitle":"Fix Minor nits","messageBody":"","fileTypesAndContributionMap":{"docs":{"insertions":2,"deletions":2}}},{"hash":"1dee2542b0790e516ba5800cf55e6db84e872b78","isMergeCommit":true,"messageTitle":"Merge pull request #150 from R-Laksh/master","messageBody":"Make misc bug fixes and documentation improvements","fileTypesAndContributionMap":{}},{"hash":"1a762cd684cef90ac4058e2be67757b0631a6969","isMergeCommit":true,"messageTitle":"Merge pull request #153 from chiaryan/ug-formatting","messageBody":"UG: Introduce formatting","fileTypesAndContributionMap":{}},{"hash":"0a6a11ce0982a7d049c01bfe9aee5eabe78b877b","isMergeCommit":true,"messageTitle":"Merge pull request #154 from c-wenlong/update-ug-fields","messageBody":"Reformat user guide","fileTypesAndContributionMap":{}}]},{"date":"2024-04-10","commitResults":[{"hash":"06b645a4fcc1525bf3fd9903ab858a4658c2f40f","isMergeCommit":true,"messageTitle":"Merge pull request #159 from evedaktyl/update-DG-style","messageBody":"Update dg style","fileTypesAndContributionMap":{}}]},{"date":"2024-04-12","commitResults":[{"hash":"bb3827c4f2302c20f5f7237fcc4bc6ea6909bf5b","isMergeCommit":true,"messageTitle":"Merge pull request #158 from evedaktyl/add-toc-sidebar","messageBody":"Add toc sidebar","fileTypesAndContributionMap":{}}]}],"kwuunnn":[{"date":"2024-03-09","commitResults":[{"hash":"d8e8e57b6ac3ce45939ff89d0b23ce610ea334c0","isMergeCommit":false,"messageTitle":"Update User Stories and Use Cases","messageBody":"","fileTypesAndContributionMap":{"docs":{"insertions":152,"deletions":16}}}]},{"date":"2024-03-10","commitResults":[{"hash":"70dbefc6a3891657cabdecbd242330ad4764950b","isMergeCommit":true,"messageTitle":"Merge pull request #21 from chiaryan/passing-week-7","messageBody":"Fixes to pass week 7 checks","fileTypesAndContributionMap":{}}]},{"date":"2024-03-15","commitResults":[{"hash":"260cf2c208b9bc0a43ce412a3ad47c9ffcc97db9","isMergeCommit":true,"messageTitle":"Merge pull request #26 from c-wenlong/add-star-command","messageBody":"Add star command","fileTypesAndContributionMap":{}}]},{"date":"2024-03-16","commitResults":[{"hash":"2674de53a32e1ef574ee43cd644f6afa49883a5d","isMergeCommit":false,"messageTitle":"Add major as field and remove address as field","messageBody":"","fileTypesAndContributionMap":{"functional-code":{"insertions":136,"deletions":139},"test-code":{"insertions":191,"deletions":190}}},{"hash":"e78dd22dd4e535b99888356f3cec6feecd730ea1","isMergeCommit":false,"messageTitle":"Resolve comments on PR #32","messageBody":"Fix bugs and improve documentation and comments.\n","fileTypesAndContributionMap":{"functional-code":{"insertions":19,"deletions":4}}},{"hash":"5550088ac18a81f3e9c82b289a9bb2be56cd4b7c","isMergeCommit":false,"messageTitle":"Fix checkstyle issues","messageBody":"","fileTypesAndContributionMap":{"functional-code":{"insertions":5,"deletions":2}}}]},{"date":"2024-03-17","commitResults":[{"hash":"6443fa7c382df967a146fe9ad631766f96de2470","isMergeCommit":false,"messageTitle":"Fix bug","messageBody":"","fileTypesAndContributionMap":{"functional-code":{"insertions":1,"deletions":1}}}]},{"date":"2024-03-18","commitResults":[{"hash":"0e7dd68ebec65e8315866584f0076c388197606f","isMergeCommit":true,"messageTitle":"Merge branch \u0027master\u0027 of https://github.com/AY2324S2-CS2103T-F13-4/tp","messageBody":"","fileTypesAndContributionMap":{}}]},{"date":"2024-03-20","commitResults":[{"hash":"aaf907391a868bdeaed62081c035589166001439","isMergeCommit":true,"messageTitle":"Merge pull request #35 from evedaktyl/add-find-stars-less-than","messageBody":"Add find stars less than","fileTypesAndContributionMap":{}},{"hash":"093b6cc18c84ef9e7774e9f2adf8c3e11325a159","isMergeCommit":true,"messageTitle":"Merge branch \u0027master\u0027 of https://github.com/AY2324S2-CS2103T-F13-4/tp","messageBody":"","fileTypesAndContributionMap":{}},{"hash":"05489840a2ac72671cce2db8694b26e02a6d8c32","isMergeCommit":false,"messageTitle":"Update UML Diagram for Model Component","messageBody":"","fileTypesAndContributionMap":{"docs":{"insertions":6,"deletions":4}}}]},{"date":"2024-03-25","commitResults":[{"hash":"354b4b7747f33ffb80da44e9975aab9e3866e4ae","isMergeCommit":false,"messageTitle":"Implement Bolt command","messageBody":"Allow users to count number of absences per student.\n\nLet\u0027s\n* Create BoltCommand\n* Create Bolt class\n* Implement testing for Bolt commands\n","fileTypesAndContributionMap":{"functional-code":{"insertions":292,"deletions":12},"test-code":{"insertions":276,"deletions":21}}}]},{"date":"2024-03-27","commitResults":[{"hash":"729402ec569a6ac52a56a840a42d27375bad7982","isMergeCommit":false,"messageTitle":"Add Activity Diagram for Star Feature","messageBody":"","fileTypesAndContributionMap":{"other":{"insertions":582,"deletions":0},"docs":{"insertions":29,"deletions":9}}},{"hash":"94de9945b131ec1b816a14b74671116afbb260c6","isMergeCommit":false,"messageTitle":"Fix no newline at EOF bug","messageBody":"","fileTypesAndContributionMap":{"docs":{"insertions":1,"deletions":1}}},{"hash":"52ae9f9e35279ed307f5892a7c8fae0c3f721fcf","isMergeCommit":true,"messageTitle":"Merge pull request #56 from c-wenlong/dg-star-command","messageBody":"Refine sequence diagram and update DG","fileTypesAndContributionMap":{}},{"hash":"6a9e4aad3926116ef38737bbe150b6822cf77418","isMergeCommit":true,"messageTitle":"Merge pull request #54 from chiaryan/rename-person-to-student","messageBody":"Rename person to student","fileTypesAndContributionMap":{}}]},{"date":"2024-03-28","commitResults":[{"hash":"b0157fdd7a253c1cbc759fc5e233d8c017e2004e","isMergeCommit":false,"messageTitle":"Remove /bin folder","messageBody":"","fileTypesAndContributionMap":{"other":{"insertions":0,"deletions":582}}},{"hash":"e67dfc0365eafb310fcc6eb8b25ef59f5d304604","isMergeCommit":false,"messageTitle":"Enable assertions in build.gradle","messageBody":"","fileTypesAndContributionMap":{"other":{"insertions":4,"deletions":0}}},{"hash":"2f44f6eaffa71294a5f88634c6592f0c8c018ca0","isMergeCommit":true,"messageTitle":"Merge pull request #62 from kwuunnn/master","messageBody":"Enable assertions in build.gradle","fileTypesAndContributionMap":{}},{"hash":"d3d23e0c495cf582c0dd48b396107d9f1574a2b0","isMergeCommit":true,"messageTitle":"Merge pull request #51 from chiaryan/uml-diagram","messageBody":"UML diagrams for comments for stars","fileTypesAndContributionMap":{}}]},{"date":"2024-03-29","commitResults":[{"hash":"b9427cf63566e9dec2f39c3d2044d558502e558a","isMergeCommit":false,"messageTitle":"Implement UML Diagrams for BoltCommand and update DG","messageBody":"","fileTypesAndContributionMap":{"docs":{"insertions":61,"deletions":0}}},{"hash":"b361585d80216faba29765d47517f0ff80c15d32","isMergeCommit":true,"messageTitle":"Merge pull request #67 from R-Laksh/uml-diagrams","messageBody":"Add UML diagram for general sort","fileTypesAndContributionMap":{}},{"hash":"d2ac2237012ee9db430c9c889613bb3e2560cb97","isMergeCommit":false,"messageTitle":"Fix bugs in DG","messageBody":"","fileTypesAndContributionMap":{"docs":{"insertions":1,"deletions":1}}},{"hash":"989679b925342d6b523f336a9a514412e768a8f9","isMergeCommit":true,"messageTitle":"Merge pull request #69 from kwuunnn/master","messageBody":"Fix bugs in DG","fileTypesAndContributionMap":{}},{"hash":"bec4f54904cc82a28a8c763d24d94575af2024b0","isMergeCommit":false,"messageTitle":"Update version number in MainApp.java","messageBody":"","fileTypesAndContributionMap":{"functional-code":{"insertions":1,"deletions":1}}},{"hash":"e13bd79a6140ceb78ff1bbf6984ff278d977867f","isMergeCommit":true,"messageTitle":"Merge pull request #70 from kwuunnn/master","messageBody":"Update version number in MainApp.java","tags":["v1.3.trial"],"fileTypesAndContributionMap":{}}]},{"date":"2024-04-02","commitResults":[{"hash":"9b2ecb3f04408ac085c04b3c0dea0796780fbc52","isMergeCommit":true,"messageTitle":"Merge pull request #73 from c-wenlong/refractor-star-command","messageBody":"Refractor star command","fileTypesAndContributionMap":{}}]},{"date":"2024-04-03","commitResults":[{"hash":"c55c6fd9458064f5b634609dab91f6792d5442b5","isMergeCommit":false,"messageTitle":"Create rough skeleton for user guide for Star and Bolt Command","messageBody":"","fileTypesAndContributionMap":{"docs":{"insertions":35,"deletions":4}}},{"hash":"8aad61167decd197c94f1d2d0e7742f02630795e","isMergeCommit":true,"messageTitle":"Merge pull request #78 from kwuunnn/star-bolt-UG","messageBody":"Create rough skeleton for user guide for Star and Bolt Command","fileTypesAndContributionMap":{}}]},{"date":"2024-04-04","commitResults":[{"hash":"4225d11497633a3dd716ccf521385521680b116b","isMergeCommit":false,"messageTitle":"Update UG to not use admonitions","messageBody":"","fileTypesAndContributionMap":{"docs":{"insertions":5,"deletions":6}}},{"hash":"f38753c45a4ed848b8328ebc782490fa03a335f4","isMergeCommit":true,"messageTitle":"Merge pull request #82 from kwuunnn/star-bolt-UG","messageBody":"Update UG to not use admonitions","fileTypesAndContributionMap":{}},{"hash":"90ff6c0c08f926b72535017a0a2de67c27364a59","isMergeCommit":false,"messageTitle":"Edit SampleDataUtil to include tags by module and class","messageBody":"","fileTypesAndContributionMap":{"functional-code":{"insertions":6,"deletions":6}}},{"hash":"4b556aab513397ae0d2b029b9a4b0360e32e4172","isMergeCommit":true,"messageTitle":"Merge pull request #86 from kwuunnn/edit-sampleData","messageBody":"Edit SampleDataUtil to include tags by module and class","fileTypesAndContributionMap":{}},{"hash":"7800ce7b7b1f11e38b571c7435e0e44244117890","isMergeCommit":false,"messageTitle":"Update UG for edit, star and bolt command","messageBody":"","fileTypesAndContributionMap":{"docs":{"insertions":48,"deletions":19}}},{"hash":"1d0b4b88a53a2af87b554cd4530276e411c8a226","isMergeCommit":true,"messageTitle":"Merge pull request #87 from kwuunnn/star-bolt-UG","messageBody":"Update UG for edit, star and bolt command","fileTypesAndContributionMap":{}},{"hash":"27e78bcbb07feb7a1faa219801760e10f5372b3a","isMergeCommit":false,"messageTitle":"Fix bugs in bulleting points","messageBody":"","fileTypesAndContributionMap":{"docs":{"insertions":6,"deletions":6}}},{"hash":"d5cdf818d9511988f9f401b4f9207c5b2bdd7b50","isMergeCommit":true,"messageTitle":"Merge pull request #88 from kwuunnn/star-bolt-UG","messageBody":"Fix bugs in bulleting points","fileTypesAndContributionMap":{}},{"hash":"989421b69c7b7aab50788250e3cefedeb920ce98","isMergeCommit":false,"messageTitle":"Actually fix the bugs for bullet points","messageBody":"","fileTypesAndContributionMap":{"docs":{"insertions":36,"deletions":22}}},{"hash":"b93e9d42347b00fbccb86fecdd7881e3c83631c1","isMergeCommit":true,"messageTitle":"Merge pull request #89 from kwuunnn/star-bolt-UG","messageBody":"Actually fix the bugs for bullet points","fileTypesAndContributionMap":{}},{"hash":"8ff14bfefd3b4216c3c7dfc4c787beb904d826a3","isMergeCommit":false,"messageTitle":"Seriously fix this bulleting issue","messageBody":"","fileTypesAndContributionMap":{"docs":{"insertions":13,"deletions":5}}},{"hash":"3c0250ab4b018e10350029a5e7540c81111788d4","isMergeCommit":true,"messageTitle":"Merge pull request #91 from kwuunnn/star-bolt-UG","messageBody":"Seriously fix this bulleting issue","fileTypesAndContributionMap":{}},{"hash":"51a03374b0337efaccb474dbbf9dd98d7f9ba746","isMergeCommit":false,"messageTitle":"Remove admonitions","messageBody":"","fileTypesAndContributionMap":{"docs":{"insertions":32,"deletions":57}}},{"hash":"2ba718a3a95bc2bf0d5d84080f5d998414aec592","isMergeCommit":true,"messageTitle":"Merge pull request #93 from kwuunnn/star-bolt-UG","messageBody":"Remove admonitions","fileTypesAndContributionMap":{}}]},{"date":"2024-04-05","commitResults":[{"hash":"1e2dfc2b21bdc6bcb1b5a9c7870ace61b9f89675","isMergeCommit":false,"messageTitle":"Enfoce limits for bolt and edit commands","messageBody":"","fileTypesAndContributionMap":{"functional-code":{"insertions":40,"deletions":18},"test-code":{"insertions":8,"deletions":12}}}]},{"date":"2024-04-08","commitResults":[{"hash":"2e3f1fd73462e221db0ba6b5d12cff36b22d46a8","isMergeCommit":true,"messageTitle":"Merge pull request #145 from c-wenlong/fix-documentation-bugs","messageBody":"Fix documentation bugs","fileTypesAndContributionMap":{}},{"hash":"50e01257afc9f15a22be1314cef73332a22d2cdc","isMergeCommit":false,"messageTitle":"Fix UG bugs for star/bolt command","messageBody":"","fileTypesAndContributionMap":{"docs":{"insertions":6,"deletions":5}}},{"hash":"7c976477afda41807aa9f21314df4b665f060325","isMergeCommit":false,"messageTitle":"Add exit command in summary","messageBody":"","fileTypesAndContributionMap":{"docs":{"insertions":1,"deletions":0}}},{"hash":"0a78ee9890108df2b5a0e17da4facd1045281933","isMergeCommit":false,"messageTitle":"Fix ug issues regarding address and addressbook references","messageBody":"","fileTypesAndContributionMap":{"docs":{"insertions":13,"deletions":13}}},{"hash":"54bf749dbc3a0796353753c3f2aeb2a9b1ba7403","isMergeCommit":false,"messageTitle":"Fix major error message","messageBody":"","fileTypesAndContributionMap":{"functional-code":{"insertions":1,"deletions":1}}}]},{"date":"2024-04-12","commitResults":[{"hash":"9e6b5e7770a18b2e6db5905f466fecce40d2b11a","isMergeCommit":false,"messageTitle":"Specify that bolt is for absenteeism only","messageBody":"Make sure it is not about late coming or bad performance.\n","fileTypesAndContributionMap":{"docs":{"insertions":2,"deletions":2}}},{"hash":"193d494dc93b8b283d8c58c51da6bcd6e57fec0c","isMergeCommit":false,"messageTitle":"Implement Features section in UG","messageBody":"","fileTypesAndContributionMap":{"docs":{"insertions":21,"deletions":0}}},{"hash":"47c5a655c9ab436fc9890bcb2f565dac6353ae38","isMergeCommit":false,"messageTitle":"Format example for star and bolt command to make it beautiful","messageBody":"","fileTypesAndContributionMap":{"docs":{"insertions":22,"deletions":16}}}]},{"date":"2024-04-14","commitResults":[{"hash":"9531b3370f3f22c0a3b352dd41fa56f16e7c4fdb","isMergeCommit":true,"messageTitle":"Merge pull request #173 from evedaktyl/finalize-ug","messageBody":"Finalize UG up till edit command","fileTypesAndContributionMap":{}},{"hash":"9d6b094e1a4d0747a127cc8fd624e398a73bfbea","isMergeCommit":false,"messageTitle":"Use example command box to format examples nicely and standardize Format: for each command","messageBody":"","fileTypesAndContributionMap":{"docs":{"insertions":65,"deletions":51}}},{"hash":"69dce9e89047d750cffe2e5e37e98f72b1bdc97b","isMergeCommit":true,"messageTitle":"Merge pull request #176 from evedaktyl/update-find-starbolt-bound","messageBody":"Update find starbolt bound","fileTypesAndContributionMap":{}},{"hash":"a1ff4520f79a25e12b90fce4acc9f9bac32dc479","isMergeCommit":false,"messageTitle":"Change PHONE to PHONE_NUMBER","messageBody":"","fileTypesAndContributionMap":{"docs":{"insertions":2,"deletions":2}}},{"hash":"ff2b9d80c78c908bef173880ccd6ba4d52b383a2","isMergeCommit":false,"messageTitle":"Fix minor typo","messageBody":"","fileTypesAndContributionMap":{"docs":{"insertions":0,"deletions":2}}},{"hash":"f602f1bd85aeea44f0b0cc85859418bad7f68ad0","isMergeCommit":false,"messageTitle":"Implement DG intro and standardise admonition boxes","messageBody":"","fileTypesAndContributionMap":{"docs":{"insertions":73,"deletions":68}}}]}],"chiaryan":[{"date":"2024-03-09","commitResults":[{"hash":"da0856fab21969cfd1db47a62e4b2d85de9da185","isMergeCommit":true,"messageTitle":"Merge pull request #9 from evedaktyl/update-project-website","messageBody":"Add profile picture to project website","fileTypesAndContributionMap":{}},{"hash":"19e2a70cc6511d9fe08ab6b6b1acceddf907ebd0","isMergeCommit":false,"messageTitle":"Update AboutUs.md with images","messageBody":"","fileTypesAndContributionMap":{"docs":{"insertions":22,"deletions":21}}},{"hash":"7141f073afc1a41eabc2771065654ca7877cb3f6","isMergeCommit":true,"messageTitle":"Merge pull request #12 from chiaryan/update-aboutus","messageBody":"Update AboutUs.md","fileTypesAndContributionMap":{}},{"hash":"a1e5232a717a72487a92886597942014e0482144","isMergeCommit":false,"messageTitle":"Adjust image sizes in AboutUs.md","messageBody":"","fileTypesAndContributionMap":{"docs":{"insertions":12,"deletions":10}}},{"hash":"bf29eafc3d9c09eec5fb875cc3bafe53c222e945","isMergeCommit":true,"messageTitle":"Merge pull request #18 from kwuunnn/userStories-useCases","messageBody":"Update User Stories and Use Cases","fileTypesAndContributionMap":{}}]},{"date":"2024-03-10","commitResults":[{"hash":"126f0aec3f8511e5768b887c725afeafb36bb45e","isMergeCommit":false,"messageTitle":"Change CI badge to point towards team URL","messageBody":"","fileTypesAndContributionMap":{"docs":{"insertions":1,"deletions":1}}},{"hash":"0fe17a857f88a7884f36594e23985940b087d48d","isMergeCommit":false,"messageTitle":"DG: Update User profile to match TA","messageBody":"","fileTypesAndContributionMap":{"docs":{"insertions":4,"deletions":5}}}]},{"date":"2024-03-14","commitResults":[{"hash":"7eaecee54985e37c9a9b553d83da83f05d100ea8","isMergeCommit":false,"messageTitle":"Add filtering by tag","messageBody":"Users can search the addressbook using the findtag command.\n","fileTypesAndContributionMap":{"functional-code":{"insertions":53,"deletions":0}}}]},{"date":"2024-03-15","commitResults":[{"hash":"d37a46187a6da8463599e2d9f3b682b16f795b42","isMergeCommit":false,"messageTitle":"findtag: Add tests","messageBody":"Tests for FindTagCommand and FindTagCommandParser.\n","fileTypesAndContributionMap":{"functional-code":{"insertions":69,"deletions":19},"test-code":{"insertions":32,"deletions":0}}},{"hash":"eab31fdb062afda854da4666c18d5432a5344dd9","isMergeCommit":false,"messageTitle":"findtag: Add UserGuide documentation","messageBody":"","fileTypesAndContributionMap":{"docs":{"insertions":14,"deletions":0}}}]},{"date":"2024-03-16","commitResults":[{"hash":"996a002f4c0a4cdd5a977f7157fe6f6aa27ad417","isMergeCommit":false,"messageTitle":"findtag: Add tests for FindTagCommand","messageBody":"","fileTypesAndContributionMap":{"test-code":{"insertions":55,"deletions":0}}},{"hash":"94ea065140a72af0525d6a06d09b6e0cb533424f","isMergeCommit":true,"messageTitle":"Merge branch \u0027master\u0027 into filter-by-tag","messageBody":"# Conflicts:\n#\tsrc/main/java/seedu/address/logic/parser/AddressBookParser.java\n","fileTypesAndContributionMap":{}},{"hash":"a1a806f42b9a0d0f906a95d21484b8d6b2dd819c","isMergeCommit":true,"messageTitle":"Merge branch \u0027master\u0027 into filter-by-tag","messageBody":"","fileTypesAndContributionMap":{}},{"hash":"6fd62430efc8338ed4952e744f267172e000db5f","isMergeCommit":false,"messageTitle":"Add additional tests for CodeCov","messageBody":"CodeCov reports that FindTagCommand::equals,\nFindTagCommand::toString and\nAddressBookParser.java are not covered by\ntests.\n\nLet\u0027s add some.\n","fileTypesAndContributionMap":{"test-code":{"insertions":56,"deletions":0}}}]},{"date":"2024-03-17","commitResults":[{"hash":"5f4f331268d4bd617b861a1beda0f358dacb9e59","isMergeCommit":false,"messageTitle":"Changes w.r.t. PR review #28","messageBody":"","fileTypesAndContributionMap":{"functional-code":{"insertions":16,"deletions":4},"test-code":{"insertions":8,"deletions":8}}}]},{"date":"2024-03-25","commitResults":[{"hash":"5b5be9c71bdb39d400af0773dbb021d6b3376cf1","isMergeCommit":false,"messageTitle":"Add proposal for Star Comments","messageBody":"The Developer Guide has yet to be updated with features for the Star Comment feature.\n\nLet\u0027s add a proposal with UML diagrams detailing the changes.\n","fileTypesAndContributionMap":{"docs":{"insertions":108,"deletions":0}}}]},{"date":"2024-03-26","commitResults":[{"hash":"7f41f1a4b81551a793a6be243c532311396a3c29","isMergeCommit":false,"messageTitle":"Star Comments proposal: Include command description","messageBody":"The proposal should also contain a description of how the user can manipulate comments.\n\nLet\u0027s add a esign proposal for the command format.\n","fileTypesAndContributionMap":{"docs":{"insertions":20,"deletions":2}}},{"hash":"d758920f7a085da6a5bf9aed78b40af411eb03b1","isMergeCommit":false,"messageTitle":"Rename \u0027Person\u0027 to \u0027Student\u0027","messageBody":"Since we are transitioning to a student management app it would be more appropriate to name person objects as \"students\".\n\nThe changes cover:\n* Appearances in code symbols and variables.\n* Appearances in comments\n* Appearances in all documentation.\n","fileTypesAndContributionMap":{"functional-code":{"insertions":490,"deletions":502},"other":{"insertions":213,"deletions":215},"docs":{"insertions":129,"deletions":129},"test-code":{"insertions":820,"deletions":824}}},{"hash":"d166aeb867f0fc981c06e47214163e6d07fd7d39","isMergeCommit":false,"messageTitle":"Fix: Resolve Checkstyle issues","messageBody":"","fileTypesAndContributionMap":{"functional-code":{"insertions":24,"deletions":11},"test-code":{"insertions":20,"deletions":10}}},{"hash":"8dbac3295e12f81007f24a67ec6e01674a1b39e0","isMergeCommit":true,"messageTitle":"Merge branch \u0027master\u0027 into uml-diagram","messageBody":"","fileTypesAndContributionMap":{}},{"hash":"1345e79558ac5b67c3fb6760840c04410bb560ba","isMergeCommit":true,"messageTitle":"Merge branch \u0027master\u0027 into rename-person-to-student","messageBody":"# Conflicts:\n#\tsrc/main/java/seedu/address/logic/commands/EditCommand.java\n#\tsrc/main/java/seedu/address/logic/commands/StarCommand.java\n#\tsrc/main/java/seedu/address/logic/parser/EditCommandParser.java\n#\tsrc/main/java/seedu/address/logic/parser/ParserUtil.java\n#\tsrc/main/java/seedu/address/model/student/Bolt.java\n#\tsrc/main/java/seedu/address/model/student/Student.java\n#\tsrc/main/java/seedu/address/storage/JsonAdaptedStudent.java\n#\tsrc/main/java/seedu/address/ui/StudentCard.java\n#\tsrc/test/java/seedu/address/logic/commands/EditStudentDescriptorTest.java\n#\tsrc/test/java/seedu/address/model/student/BoltTest.java\n#\tsrc/test/java/seedu/address/storage/JsonAdaptedStudentTest.java\n#\tsrc/test/java/seedu/address/testutil/EditPersonDescriptorBuilder.java\n#\tsrc/test/java/seedu/address/testutil/PersonBuilder.java\n#\tsrc/test/java/seedu/address/testutil/TypicalStudents.java\n","fileTypesAndContributionMap":{}}]},{"date":"2024-03-28","commitResults":[{"hash":"d89224c9dd2684769af77deade6498be48944961","isMergeCommit":true,"messageTitle":"Merge pull request #58 from kwuunnn/star-DG","messageBody":"Add UML Diagrams for Star Feature","fileTypesAndContributionMap":{}},{"hash":"1f7ef3c8f71bea8c817c65be4f31d0dba23798a0","isMergeCommit":false,"messageTitle":"Fix `edit` command specification in DG","messageBody":"the command format is incorrectly stated as `..c/INDEX INDEX2 COMMENT...`, since `INDEX` is already given as a parameter of the `edit` command.\n","fileTypesAndContributionMap":{"docs":{"insertions":1,"deletions":1}}}]},{"date":"2024-04-04","commitResults":[{"hash":"b6836b3f9f5d7676a69e91430cc2f1b070a2850a","isMergeCommit":false,"messageTitle":"added command-format.md","messageBody":"","fileTypesAndContributionMap":{"docs":{"insertions":28,"deletions":0}}},{"hash":"1b9faab8a87e21c1cf09a05af95bec4a6ba6adac","isMergeCommit":false,"messageTitle":"added command-format.md","messageBody":"","fileTypesAndContributionMap":{"docs":{"insertions":21,"deletions":0}}},{"hash":"5ed31e1b2163407ea5389b453f679ff0bb9ff769","isMergeCommit":false,"messageTitle":"added command-format.md","messageBody":"","fileTypesAndContributionMap":{"docs":{"insertions":1,"deletions":1}}},{"hash":"0854e4ded826780ff7bcee5c87394ea86629d463","isMergeCommit":false,"messageTitle":"???????????????????","messageBody":"","fileTypesAndContributionMap":{"other":{"insertions":13,"deletions":0},"docs":{"insertions":5041,"deletions":2606}}},{"hash":"73d7a0fb8c51a38ef82b082459b587526016e73d","isMergeCommit":false,"messageTitle":"???????????????????","messageBody":"","fileTypesAndContributionMap":{"docs":{"insertions":1059,"deletions":1585}}},{"hash":"e6c5ad9d7ebae8b9d801bb4196cc009fdaacdc1c","isMergeCommit":false,"messageTitle":"add command example for add","messageBody":"","fileTypesAndContributionMap":{"docs":{"insertions":14,"deletions":0}}},{"hash":"efdcf97cb9ddf8307a2715bab4b2a01c49c45182","isMergeCommit":false,"messageTitle":"add command example for add","messageBody":"","fileTypesAndContributionMap":{"docs":{"insertions":1,"deletions":1}}},{"hash":"bedc8513fc116f2dbbb402c58f5b0babda40303e","isMergeCommit":false,"messageTitle":"Make content specific to classmonitor","messageBody":"","fileTypesAndContributionMap":{"docs":{"insertions":711,"deletions":3378}}}]},{"date":"2024-04-08","commitResults":[{"hash":"e1f79b1eeed60de059f9ab3d2b57c5c832a0b321","isMergeCommit":true,"messageTitle":"Merge branch \u0027master\u0027 into ug-formatting","messageBody":"# Conflicts:\n#\tdocs/UserGuide.md\n#\tdocs/tutorials/AddRemark.md\n#\tdocs/tutorials/TracingCode.md\n","fileTypesAndContributionMap":{}},{"hash":"0b565a7cef3637887c74f12919238faac64115a4","isMergeCommit":true,"messageTitle":"Merge branch \u0027master\u0027 into ug-formatting","messageBody":"# Conflicts:\n#\tdocs/tutorials/RemovingFields.md\n","fileTypesAndContributionMap":{}}]},{"date":"2024-04-12","commitResults":[{"hash":"3643534657f97f8f9029ebfbf61823bc372cbc7a","isMergeCommit":true,"messageTitle":"Merge pull request #163 from c-wenlong/catch-exceptions-star","messageBody":"Catch exceptions star","fileTypesAndContributionMap":{}},{"hash":"d9b36a482ab8bafdd3f2d75e5196bba37f1a192c","isMergeCommit":false,"messageTitle":"Minor Checkstyle Fix","messageBody":"","fileTypesAndContributionMap":{"functional-code":{"insertions":4,"deletions":1}}},{"hash":"0aff09700496bc0e9d99e85259603992d872452c","isMergeCommit":false,"messageTitle":"Minor Checkstyle Fix: Trailing whitespaces","messageBody":"","fileTypesAndContributionMap":{"functional-code":{"insertions":1,"deletions":1},"docs":{"insertions":2,"deletions":2}}},{"hash":"ea1d2cd925b0504d76af4b643f9fad4a38c472e8","isMergeCommit":true,"messageTitle":"Merge branch \u0027checkstyle\u0027 of https://github.com/chiaryan/tp into checkstyle","messageBody":"","fileTypesAndContributionMap":{}}]}],"c-wenlong":[{"date":"2024-02-25","commitResults":[{"hash":"76aa0c3b575ab6c0b95fca6e75076412d026a73e","isMergeCommit":false,"messageTitle":"First commit, update build name in build.gradle","messageBody":"","fileTypesAndContributionMap":{"other":{"insertions":1,"deletions":1}}}]},{"date":"2024-03-09","commitResults":[{"hash":"4fa1adaa39bb549cabc89f711a93f1abed090ff8","isMergeCommit":true,"messageTitle":"Merge pull request #10 from evedaktyl/add-NFR-Glossary","messageBody":"Add NFRs to developer guide","fileTypesAndContributionMap":{}},{"hash":"e50b6e61e25ef98b2651fd6c94120b3c73867a9e","isMergeCommit":true,"messageTitle":"Merge pull request #14 from chiaryan/update-aboutus","messageBody":"Adjust image sizes in AboutUs.md","fileTypesAndContributionMap":{}},{"hash":"1029891904b30828126d3649b55c953c31acfe36","isMergeCommit":true,"messageTitle":"Merge pull request #13 from R-Laksh/update-project-readme","messageBody":"Update project readme","fileTypesAndContributionMap":{}}]},{"date":"2024-03-13","commitResults":[{"hash":"1f23d1f0b48eaf637ab33af09ac076d609b182c5","isMergeCommit":false,"messageTitle":"Create Star object","messageBody":"","fileTypesAndContributionMap":{"functional-code":{"insertions":58,"deletions":0}}},{"hash":"388db2f3800e3ca16f39a1ee4570c3d4cb31943f","isMergeCommit":false,"messageTitle":"Create StarCommand file","messageBody":"","fileTypesAndContributionMap":{"functional-code":{"insertions":4,"deletions":0}}},{"hash":"176988cd9fcfbdc20769420e2e769272e63d6fec","isMergeCommit":false,"messageTitle":"Add Prefix for Star","messageBody":"","fileTypesAndContributionMap":{"functional-code":{"insertions":1,"deletions":0}}},{"hash":"cd7755dab113f2771ec5749c45e38204fabf28a7","isMergeCommit":false,"messageTitle":"Edit Person to include Star","messageBody":"","fileTypesAndContributionMap":{"functional-code":{"insertions":23,"deletions":6}}},{"hash":"ed19fbe4efbc6a85a13128c2b31a5e76eeac43c6","isMergeCommit":false,"messageTitle":"Update EditCommand to support Star","messageBody":"","fileTypesAndContributionMap":{"functional-code":{"insertions":13,"deletions":3}}},{"hash":"44ffaa05091e7c4cafee677723b7ec0a4ba0fea9","isMergeCommit":false,"messageTitle":"Complete StarCommmand","messageBody":"","fileTypesAndContributionMap":{"functional-code":{"insertions":93,"deletions":0}}},{"hash":"4409a61b3509871900c4755a8f92ac4d522003f0","isMergeCommit":false,"messageTitle":"Add placeholder case for StarCommand in AddressBookParser","messageBody":"","fileTypesAndContributionMap":{"functional-code":{"insertions":8,"deletions":1}}},{"hash":"d9d384c659628086794e02693f8c82efe2fa0e00","isMergeCommit":false,"messageTitle":"Add StarCommandParser, need to implement ParseStar in ParserUtil","messageBody":"","fileTypesAndContributionMap":{"functional-code":{"insertions":58,"deletions":2}}},{"hash":"f8492f81788deff16a56178321ec10efc667b29e","isMergeCommit":false,"messageTitle":"Add ParseStar under ParserUtil, complete StarCommandParser","messageBody":"","fileTypesAndContributionMap":{"functional-code":{"insertions":18,"deletions":2}}},{"hash":"3058e1153f26dd188933e578958e6f6390a3b1ce","isMergeCommit":false,"messageTitle":"Fix Checkstyle","messageBody":"","fileTypesAndContributionMap":{"functional-code":{"insertions":15,"deletions":14}}},{"hash":"e622eee29c85c48244072fef5256b4737d06d910","isMergeCommit":false,"messageTitle":"Update PersonBuilder to include Star, fix PersonTest at line 93","messageBody":"","fileTypesAndContributionMap":{"test-code":{"insertions":19,"deletions":1}}},{"hash":"baa1ab2766f37d5c3e55d132975a1d51df0f0d03","isMergeCommit":false,"messageTitle":"Fix EditPersonDescriptorTest.toStringMethod","messageBody":"","fileTypesAndContributionMap":{"test-code":{"insertions":2,"deletions":1}}},{"hash":"46c5e6e60651f393f5a555eefdc34a6fef239759","isMergeCommit":false,"messageTitle":"Update JSONAdaptedPerson to include Star, fix JSONAdaptedPersonTest with new Constructor that includes Star","messageBody":"","fileTypesAndContributionMap":{"functional-code":{"insertions":14,"deletions":2},"test-code":{"insertions":81,"deletions":32}}},{"hash":"d4e6a5e988d5540c798c7d33e2f45f07670f97cd","isMergeCommit":false,"messageTitle":"Update PersonBuilder, fix JsonSerializableAddressBookTest::toModelType_typicalPersonsFile_success","messageBody":"","fileTypesAndContributionMap":{"test-code":{"insertions":2,"deletions":2}}},{"hash":"7d0530badec15e70650eaf037ef89e8f4c191073","isMergeCommit":false,"messageTitle":"Update EditPersonDescriptorBuilder to support Star, fix EditCommandTest::execute_allFieldsSpecifiedUnfilteredList_success","messageBody":"","fileTypesAndContributionMap":{"test-code":{"insertions":10,"deletions":0}}},{"hash":"8e52c9408cc52c9327495d63e2842c4fa7f8f6bb","isMergeCommit":false,"messageTitle":"Update EditCommandParser to support Star in edit command itself, update PersonUtil to support Star, fix AddressBookParserTest::parseCommand_edit","messageBody":"","fileTypesAndContributionMap":{"functional-code":{"insertions":10,"deletions":3},"test-code":{"insertions":2,"deletions":0}}},{"hash":"3a9998b760b04d37232490701ad3618a652e88bc","isMergeCommit":false,"messageTitle":"Complete logic, do UI next","messageBody":"","fileTypesAndContributionMap":{"functional-code":{"insertions":1,"deletions":1}}}]},{"date":"2024-03-14","commitResults":[{"hash":"945efab50ba7847cd9d56340a22f280923d36f21","isMergeCommit":false,"messageTitle":"Add Star to PersonCard and PersonListCard.fxml to display on the main screen","messageBody":"","fileTypesAndContributionMap":{"functional-code":{"insertions":4,"deletions":0}}}]},{"date":"2024-03-15","commitResults":[{"hash":"25c354d956850428ffc6f19d42fcb3a1ef04d810","isMergeCommit":true,"messageTitle":"Merge pull request #22 from evedaktyl/add-NFR-Glossary","messageBody":"Fix style in DG","fileTypesAndContributionMap":{}},{"hash":"a83eb9abeb68af16ccafe8204f6fa3ce03947276","isMergeCommit":false,"messageTitle":"Add IsUnsignedInteger() check when parsing Star","messageBody":"","fileTypesAndContributionMap":{"functional-code":{"insertions":36,"deletions":13},"test-code":{"insertions":35,"deletions":3}}},{"hash":"cfb15f97ba85f4fef3bbc97bc58c2adce476bd32","isMergeCommit":false,"messageTitle":"Fix StarCommand.execute() to return CommandResult in correct format","messageBody":"","fileTypesAndContributionMap":{"functional-code":{"insertions":1,"deletions":1}}},{"hash":"6ee57505f68cfe3dc4993c628fef84196c914a39","isMergeCommit":false,"messageTitle":"Fix StarCommand.execute() to return CommandResult in correct format part 2","messageBody":"","fileTypesAndContributionMap":{"functional-code":{"insertions":1,"deletions":1}}}]},{"date":"2024-03-16","commitResults":[{"hash":"5afc08f36331229237b10a21b8d2fa36ef0a93ff","isMergeCommit":false,"messageTitle":"Update user guide to include Star command","messageBody":"","fileTypesAndContributionMap":{"docs":{"insertions":39,"deletions":25}}}]},{"date":"2024-03-17","commitResults":[{"hash":"a86978535524d7a6693619ec20df59f2cbee37c5","isMergeCommit":false,"messageTitle":"Standardise nomenclature","messageBody":"","fileTypesAndContributionMap":{"docs":{"insertions":3,"deletions":3}}},{"hash":"4e2522f0d98b1fabe601082ba9e9befaf71d67e7","isMergeCommit":false,"messageTitle":"Edit edit command param to include star","messageBody":"","fileTypesAndContributionMap":{"docs":{"insertions":3,"deletions":1}}},{"hash":"7b482b2f160973e415be691fdf49915864e0a2d9","isMergeCommit":true,"messageTitle":"Merge pull request #33 from c-wenlong/add-star-command-ug","messageBody":"Update user guide to include Star command","fileTypesAndContributionMap":{}},{"hash":"f8ec9e1246e5d9edd99149e225e6b8ac3631f8e6","isMergeCommit":true,"messageTitle":"Merge pull request #28 from chiaryan/filter-by-tag","messageBody":"Add filtering by Tag","fileTypesAndContributionMap":{}}]},{"date":"2024-03-21","commitResults":[{"hash":"8b586d78c7391f70d3e413db297cf99bad130d4f","isMergeCommit":false,"messageTitle":"Add JUnit test for StarCommand","messageBody":"","fileTypesAndContributionMap":{"functional-code":{"insertions":4,"deletions":1},"test-code":{"insertions":74,"deletions":0}}},{"hash":"82df37d29c37b753377e09778ae07d4ada90baa0","isMergeCommit":false,"messageTitle":"Add test for Star","messageBody":"","fileTypesAndContributionMap":{"test-code":{"insertions":56,"deletions":0}}},{"hash":"faf7364f2bfd603a2d8478667b42f647e8e45019","isMergeCommit":false,"messageTitle":"Add StarCommandParserTest","messageBody":"","fileTypesAndContributionMap":{"test-code":{"insertions":79,"deletions":0}}}]},{"date":"2024-03-22","commitResults":[{"hash":"c15225f5b433236f2655aaf84860650bb3d311d3","isMergeCommit":false,"messageTitle":"Attempt to fix testfile","messageBody":"","fileTypesAndContributionMap":{"test-code":{"insertions":4,"deletions":4}}},{"hash":"91df113bbd8a6672cfee9553996eda00802148b8","isMergeCommit":true,"messageTitle":"Merge pull request #47 from c-wenlong/test-codecov","messageBody":"Attempt to fix testfile","fileTypesAndContributionMap":{}}]},{"date":"2024-03-26","commitResults":[{"hash":"b48f72d09a4876b9e6e266811748d5bd5f046f17","isMergeCommit":true,"messageTitle":"Merge pull request #49 from kwuunnn/absent-command","messageBody":"Implement Bolt command","fileTypesAndContributionMap":{}},{"hash":"8261e992285c613be32c4110017d61d46a61904f","isMergeCommit":false,"messageTitle":"Add UML for StarCommand","messageBody":"","fileTypesAndContributionMap":{"docs":{"insertions":78,"deletions":0}}},{"hash":"9ed811b85319da34eee1332019f025278858ce84","isMergeCommit":true,"messageTitle":"Merge pull request #52 from c-wenlong/uml-star-command","messageBody":"Add UML for StarCommand","fileTypesAndContributionMap":{}},{"hash":"ba7e8f2cfd1fdda2d66305a08410edfc89652846","isMergeCommit":false,"messageTitle":"Refine sequence diagram and update DG","messageBody":"","fileTypesAndContributionMap":{"docs":{"insertions":159,"deletions":13}}},{"hash":"397a71666932dd3de9761cb3be83397dc6c648c6","isMergeCommit":false,"messageTitle":"Edit DG","messageBody":"","fileTypesAndContributionMap":{"docs":{"insertions":2,"deletions":8}}}]},{"date":"2024-03-27","commitResults":[{"hash":"097dd2481faf5b33090441d882fef18d2d43f0b1","isMergeCommit":false,"messageTitle":"Update DG based on PR reviews","messageBody":"","fileTypesAndContributionMap":{"docs":{"insertions":11,"deletions":11}}},{"hash":"0c64c35bdde40458f7b99ad34cbc3f1338364606","isMergeCommit":false,"messageTitle":"Add introduction to userguide","messageBody":"","fileTypesAndContributionMap":{"docs":{"insertions":17,"deletions":5}}}]},{"date":"2024-03-28","commitResults":[{"hash":"a26ee24d86b5181041e9ae9e08a7b0a3ec49830b","isMergeCommit":false,"messageTitle":"Align star \u0026 bolt, add emojis","messageBody":"","fileTypesAndContributionMap":{"functional-code":{"insertions":6,"deletions":4}}},{"hash":"204d9bab6d4e8824fda2cc91eaace44978337cf4","isMergeCommit":false,"messageTitle":"Add white theme to UI","messageBody":"","fileTypesAndContributionMap":{"functional-code":{"insertions":372,"deletions":13}}},{"hash":"b8cc25e898c198a4f69cd33cb20907520cc0c1b1","isMergeCommit":false,"messageTitle":"Update screen title and logo","messageBody":"","fileTypesAndContributionMap":{"functional-code":{"insertions":9,"deletions":9},"test-code":{"insertions":1,"deletions":1}}},{"hash":"98084d61c4e8c3037e31276a2e8a65f94431ce15","isMergeCommit":false,"messageTitle":"Fix tags visibility","messageBody":"","fileTypesAndContributionMap":{"functional-code":{"insertions":3,"deletions":1}}},{"hash":"86c279f6d111f470498553d7d7815db89c3273a9","isMergeCommit":true,"messageTitle":"Merge branch \u0027c-wenlong-ui-enhancement\u0027","messageBody":"","fileTypesAndContributionMap":{}},{"hash":"47084fd27258faf8a876359368cc56618ee0aa57","isMergeCommit":true,"messageTitle":"Resolve merge conflict","messageBody":"","fileTypesAndContributionMap":{}},{"hash":"ae7cb38639c8e5df255d4aeddb04f039aa5eec03","isMergeCommit":false,"messageTitle":"Fix checkstyle issues","messageBody":"","fileTypesAndContributionMap":{"functional-code":{"insertions":1,"deletions":1},"docs":{"insertions":9,"deletions":9}}}]},{"date":"2024-03-29","commitResults":[{"hash":"6aa5f4e5c0769f8a62e15871c7bf1197bc8cb430","isMergeCommit":true,"messageTitle":"Merge remote-tracking branch \u0027upstream/master\u0027","messageBody":"","fileTypesAndContributionMap":{}}]},{"date":"2024-04-02","commitResults":[{"hash":"b2886b20608c88826efdff19baa512d2d10487cf","isMergeCommit":false,"messageTitle":"Fix spelling errors","messageBody":"","fileTypesAndContributionMap":{"functional-code":{"insertions":7,"deletions":6}}},{"hash":"7db05aabc56ad603da842a11984ff6e2b2c85c7c","isMergeCommit":false,"messageTitle":"Fix spelling error","messageBody":"","fileTypesAndContributionMap":{"functional-code":{"insertions":1,"deletions":1}}},{"hash":"652db149752ee45b1fb37a3970288e5822f6ed74","isMergeCommit":false,"messageTitle":"Fix spelling error","messageBody":"","fileTypesAndContributionMap":{"functional-code":{"insertions":1,"deletions":1}}},{"hash":"2224a46ea5dcf7c5c266b29b238a04385df76a45","isMergeCommit":false,"messageTitle":"Fix assertion failure in logicmanager","messageBody":"","fileTypesAndContributionMap":{"functional-code":{"insertions":0,"deletions":1}}}]},{"date":"2024-04-04","commitResults":[{"hash":"b9aec143e9f7fd37f5ade2fe54da3185b11c5944","isMergeCommit":false,"messageTitle":"Add new Star constructor","messageBody":"","fileTypesAndContributionMap":{"functional-code":{"insertions":9,"deletions":2}}},{"hash":"fa5cf18b8bd161ae6049871a42c458823f2a7ab3","isMergeCommit":false,"messageTitle":"Handle exceptions","messageBody":"","fileTypesAndContributionMap":{"functional-code":{"insertions":35,"deletions":27}}},{"hash":"ab3df5a49acd2f97955a25158ff7640d63e93e10","isMergeCommit":false,"messageTitle":"Fix test cases error messages","messageBody":"","fileTypesAndContributionMap":{"test-code":{"insertions":6,"deletions":10}}},{"hash":"d4444323bf3d9e0de8ef24f27aad5c1eae3fa71d","isMergeCommit":false,"messageTitle":"Fix upper boundary for Star","messageBody":"","fileTypesAndContributionMap":{"functional-code":{"insertions":1,"deletions":1}}},{"hash":"028cec576b5af2490102a6d6f86736c139305ce8","isMergeCommit":false,"messageTitle":"Specific star command range","messageBody":"","fileTypesAndContributionMap":{"functional-code":{"insertions":2,"deletions":2}}}]},{"date":"2024-04-06","commitResults":[{"hash":"79462a8ec5bd19d15f6920d06309e0c04bd492ae","isMergeCommit":false,"messageTitle":"Fix documentation bug 6 caught by KinTatHo","messageBody":"","fileTypesAndContributionMap":{"docs":{"insertions":1,"deletions":1}}},{"hash":"7d22abadfe94809536cf7ef54540d6cd73c1c2a8","isMergeCommit":false,"messageTitle":"Fix documentation bug 5 caught by KinTatHo","messageBody":"","fileTypesAndContributionMap":{"docs":{"insertions":1,"deletions":1}}},{"hash":"b26279c4dbf6b52d5cc4e6443ca259ca49323437","isMergeCommit":false,"messageTitle":"Fix documentation bug 4 caught by KinTatHo","messageBody":"","fileTypesAndContributionMap":{"docs":{"insertions":4,"deletions":2}}}]},{"date":"2024-04-07","commitResults":[{"hash":"54b74b9e2df07b8293f8edba5d32a795d91b1f01","isMergeCommit":false,"messageTitle":"Add ppp for c-wenlong","messageBody":"","fileTypesAndContributionMap":{"docs":{"insertions":41,"deletions":0}}},{"hash":"d6d52711acefe20fbf689f197d4803fc7964b422","isMergeCommit":true,"messageTitle":"Merge pull request #147 from c-wenlong/master","messageBody":"Add ppp for c-wenlong","fileTypesAndContributionMap":{}},{"hash":"2c8cb45e2d5e6f1a7ca780740210598ee924165c","isMergeCommit":true,"messageTitle":"Merge pull request #146 from kwuunnn/bolt-command","messageBody":"Enfoce limits for bolt and edit commands","fileTypesAndContributionMap":{}}]},{"date":"2024-04-08","commitResults":[{"hash":"dbb1871d84f61d927692dc347ca767a3e55c3476","isMergeCommit":true,"messageTitle":"Merge pull request #149 from kwuunnn/fix-address-ug","messageBody":"Fix ug issues regarding address and addressbook references","fileTypesAndContributionMap":{}},{"hash":"960778ccd8f44b1b439218dd72878154a2e876df","isMergeCommit":true,"messageTitle":"Merge pull request #148 from kwuunnn/fix-bolt-star-ug","messageBody":"Fix bolt star ug","fileTypesAndContributionMap":{}},{"hash":"803eb490ca6092f7de99dd4482eb6509296c1e57","isMergeCommit":false,"messageTitle":"Reformat user guide","messageBody":"","fileTypesAndContributionMap":{"docs":{"insertions":66,"deletions":74}}},{"hash":"55b5233bfa8fa696abbcd2ff112d976a2030852c","isMergeCommit":true,"messageTitle":"Fix merge conflict","messageBody":"","fileTypesAndContributionMap":{}},{"hash":"8cfdae416ed291b16ae5441ee4a007a77d7c3c86","isMergeCommit":false,"messageTitle":"Fix merge conflict","messageBody":"","fileTypesAndContributionMap":{"docs":{"insertions":1,"deletions":1}}},{"hash":"91d9a0f1b595c69d40b7f1a1120328b77db25dad","isMergeCommit":false,"messageTitle":"Fix merge conflict","messageBody":"","fileTypesAndContributionMap":{"docs":{"insertions":1,"deletions":1}}},{"hash":"6d046d67b8f5ee542f1f86d07f2694033627b23f","isMergeCommit":true,"messageTitle":"Merge branch \u0027master\u0027 into update-ug-fields","messageBody":"","fileTypesAndContributionMap":{}}]},{"date":"2024-04-11","commitResults":[{"hash":"96b5818df0a2991134e1384df5e2e2095e5d3e4c","isMergeCommit":false,"messageTitle":"Update c-wenlong.md","messageBody":"Update portfolio page","fileTypesAndContributionMap":{"docs":{"insertions":1,"deletions":1}}}]},{"date":"2024-04-12","commitResults":[{"hash":"02f1c43a215ddfc7e2f8ef7a9ed42b2f52666d8e","isMergeCommit":false,"messageTitle":"Add acknowledgements","messageBody":"","fileTypesAndContributionMap":{"docs":{"insertions":36,"deletions":1}}},{"hash":"59800f78e9147ae58b269c57d42fc265634c8c38","isMergeCommit":true,"messageTitle":"Merge pull request #162 from c-wenlong/master","messageBody":"Add acknowledgements","fileTypesAndContributionMap":{}},{"hash":"d71ce61ba4f8429633da53f45e7d6e34c5bf101b","isMergeCommit":false,"messageTitle":"Handle multiple prefix star","messageBody":"","fileTypesAndContributionMap":{"functional-code":{"insertions":2,"deletions":1}}},{"hash":"de15e9c559090378df887659d2f0056a6e643b6b","isMergeCommit":false,"messageTitle":"Handle multiple prefix bolt","messageBody":"","fileTypesAndContributionMap":{"functional-code":{"insertions":3,"deletions":1}}}]},{"date":"2024-04-15","commitResults":[{"hash":"57519a920081fe0dd1daed0e61e252e4cb97da18","isMergeCommit":false,"messageTitle":"Update user guide introduction","messageBody":"","fileTypesAndContributionMap":{"docs":{"insertions":8,"deletions":7}}},{"hash":"0520e5d312a95a442b691bc702145e32a671289e","isMergeCommit":false,"messageTitle":"Update user guide introduction","messageBody":"","fileTypesAndContributionMap":{"docs":{"insertions":1,"deletions":1}}}]}]},"authorFileTypeContributionMap":{"evedaktyl":{"docs":357,"functional-code":419,"test-code":360},"R-Laksh":{"docs":241,"functional-code":516,"test-code":488},"kwuunnn":{"docs":417,"functional-code":413,"test-code":358,"other":2},"chiaryan":{"docs":374,"functional-code":553,"test-code":907,"other":991},"c-wenlong":{"docs":277,"functional-code":673,"test-code":260,"other":1}},"authorContributionVariance":{"evedaktyl":26631.94,"R-Laksh":39340.914,"kwuunnn":28649.984,"chiaryan":4044820.2,"c-wenlong":10010.574},"authorDisplayNameMap":{"evedaktyl":"CS2103T-F13-4 EVEL..N EN","R-Laksh":"CS2103T-F13-4 RAMU..ANAN","kwuunnn":"CS2103T-F13-4 CHIN.. HEI","chiaryan":"CS2103T-F13-4 CHIA..RYAN","c-wenlong":"CS2103T-F13-4 CHEN..LONG"}}
