{"authorDailyContributionsMap":{"evedaktyl":[{"date":"2024-03-07","commitResults":[{"hash":"d1db6f34ca35fab4f46ee8286569c12374f18c5c","isMergeCommit":false,"messageTitle":"Add profile picture to project website","messageBody":"","fileTypesAndContributionMap":{"docs":{"insertions":4,"deletions":4}}}]},{"date":"2024-03-09","commitResults":[{"hash":"96c1aeeddce98d1feb3aba3ef17a9dd1d2ec1928","isMergeCommit":false,"messageTitle":"Add NFRs to developer guide","messageBody":"","fileTypesAndContributionMap":{"docs":{"insertions":4,"deletions":5}}},{"hash":"7d772e631445c9d7f0aa05b6a5493eb30633c236","isMergeCommit":false,"messageTitle":"Update glossary terms","messageBody":"","fileTypesAndContributionMap":{"docs":{"insertions":4,"deletions":3}}},{"hash":"cb9cbff0196dcd827779de93b0c4ad63990c7ede","isMergeCommit":false,"messageTitle":"Add tutorial group to glossary","messageBody":"","fileTypesAndContributionMap":{"docs":{"insertions":1,"deletions":1}}}]},{"date":"2024-03-10","commitResults":[{"hash":"0081b22b115d526979b8fd15691913ac1cf041cd","isMergeCommit":false,"messageTitle":"Fix style in DG","messageBody":"","fileTypesAndContributionMap":{"docs":{"insertions":2,"deletions":1}}}]}],"R-Laksh":[{"date":"2024-03-09","commitResults":[{"hash":"0aad1f3b6a5cc3b0a3f857dde05cecdb90b918c2","isMergeCommit":false,"messageTitle":"Update AB-3 README for ClassMonitor","messageBody":"","fileTypesAndContributionMap":{"docs":{"insertions":14,"deletions":10}}},{"hash":"7ce78c6be9d52943f5aa3ea2c7ab2242eed17332","isMergeCommit":false,"messageTitle":"Add reference to AB-3","messageBody":"","fileTypesAndContributionMap":{"docs":{"insertions":3,"deletions":1}}}]}],"kwuunnn":[{"date":"2024-03-09","commitResults":[{"hash":"d8e8e57b6ac3ce45939ff89d0b23ce610ea334c0","isMergeCommit":false,"messageTitle":"Update User Stories and Use Cases","messageBody":"","fileTypesAndContributionMap":{"docs":{"insertions":152,"deletions":16}}}]},{"date":"2024-03-10","commitResults":[{"hash":"70dbefc6a3891657cabdecbd242330ad4764950b","isMergeCommit":true,"messageTitle":"Merge pull request #21 from chiaryan/passing-week-7","messageBody":"Fixes to pass week 7 checks","fileTypesAndContributionMap":{}}]}],"chiaryan":[{"date":"2024-03-09","commitResults":[{"hash":"da0856fab21969cfd1db47a62e4b2d85de9da185","isMergeCommit":true,"messageTitle":"Merge pull request #9 from evedaktyl/update-project-website","messageBody":"Add profile picture to project website","fileTypesAndContributionMap":{}},{"hash":"19e2a70cc6511d9fe08ab6b6b1acceddf907ebd0","isMergeCommit":false,"messageTitle":"Update AboutUs.md with images","messageBody":"","fileTypesAndContributionMap":{"docs":{"insertions":22,"deletions":21}}},{"hash":"7141f073afc1a41eabc2771065654ca7877cb3f6","isMergeCommit":true,"messageTitle":"Merge pull request #12 from chiaryan/update-aboutus","messageBody":"Update AboutUs.md","fileTypesAndContributionMap":{}},{"hash":"a1e5232a717a72487a92886597942014e0482144","isMergeCommit":false,"messageTitle":"Adjust image sizes in AboutUs.md","messageBody":"","fileTypesAndContributionMap":{"docs":{"insertions":12,"deletions":10}}},{"hash":"bf29eafc3d9c09eec5fb875cc3bafe53c222e945","isMergeCommit":true,"messageTitle":"Merge pull request #18 from kwuunnn/userStories-useCases","messageBody":"Update User Stories and Use Cases","fileTypesAndContributionMap":{}}]},{"date":"2024-03-10","commitResults":[{"hash":"126f0aec3f8511e5768b887c725afeafb36bb45e","isMergeCommit":false,"messageTitle":"Change CI badge to point towards team URL","messageBody":"","fileTypesAndContributionMap":{"docs":{"insertions":1,"deletions":1}}},{"hash":"0fe17a857f88a7884f36594e23985940b087d48d","isMergeCommit":false,"messageTitle":"DG: Update User profile to match TA","messageBody":"","fileTypesAndContributionMap":{"docs":{"insertions":4,"deletions":5}}}]}],"c-wenlong":[{"date":"2024-02-25","commitResults":[{"hash":"76aa0c3b575ab6c0b95fca6e75076412d026a73e","isMergeCommit":false,"messageTitle":"First commit, update build name in build.gradle","messageBody":"","fileTypesAndContributionMap":{"other":{"insertions":1,"deletions":1}}}]},{"date":"2024-03-09","commitResults":[{"hash":"4fa1adaa39bb549cabc89f711a93f1abed090ff8","isMergeCommit":true,"messageTitle":"Merge pull request #10 from evedaktyl/add-NFR-Glossary","messageBody":"Add NFRs to developer guide","fileTypesAndContributionMap":{}},{"hash":"e50b6e61e25ef98b2651fd6c94120b3c73867a9e","isMergeCommit":true,"messageTitle":"Merge pull request #14 from chiaryan/update-aboutus","messageBody":"Adjust image sizes in AboutUs.md","fileTypesAndContributionMap":{}},{"hash":"1029891904b30828126d3649b55c953c31acfe36","isMergeCommit":true,"messageTitle":"Merge pull request #13 from R-Laksh/update-project-readme","messageBody":"Update project readme","fileTypesAndContributionMap":{}}]},{"date":"2024-03-15","commitResults":[{"hash":"25c354d956850428ffc6f19d42fcb3a1ef04d810","isMergeCommit":true,"messageTitle":"Merge pull request #22 from evedaktyl/add-NFR-Glossary","messageBody":"Fix style in DG","fileTypesAndContributionMap":{}}]}]},"authorFileTypeContributionMap":{"evedaktyl":{"docs":8,"functional-code":0,"test-code":0},"R-Laksh":{"docs":16,"functional-code":0,"test-code":0},"kwuunnn":{"docs":151,"functional-code":0,"test-code":0},"chiaryan":{"docs":32,"functional-code":0,"test-code":0},"c-wenlong":{"docs":0,"functional-code":0,"test-code":0,"other":1}},"authorContributionVariance":{"evedaktyl":16.307854,"R-Laksh":34.01652,"kwuunnn":1224.5951,"chiaryan":185.61156,"c-wenlong":0.17355378},"authorDisplayNameMap":{"evedaktyl":"CS2103T-F13-4 EVEL..N EN","R-Laksh":"CS2103T-F13-4 RAMU..ANAN","kwuunnn":"CS2103T-F13-4 CHIN.. HEI","chiaryan":"CS2103T-F13-4 CHIA..RYAN","c-wenlong":"CS2103T-F13-4 CHEN..LONG"}}
