{"authorDailyContributionsMap":{"drustanyjt":[{"date":"2024-03-03","commitResults":[{"hash":"e054773e7feb575fd00e7ac063510ae83d2c94d1","isMergeCommit":false,"messageTitle":"Update sitewide settings with product name and new logo","messageBody":"","fileTypesAndContributionMap":{"docs":{"insertions":2,"deletions":0}}},{"hash":"6b2d0514ccfe445f72ff94a09eff0e80b023a14c","isMergeCommit":true,"messageTitle":"Merge branch \u0027master\u0027 into docs-sitewide-settings","messageBody":"","fileTypesAndContributionMap":{}},{"hash":"3da4848193c31724810f138e9ca4ecc699b5622c","isMergeCommit":true,"messageTitle":"Merge pull request #20 from drustanyjt/docs-sitewide-settings","messageBody":"","fileTypesAndContributionMap":{}}]},{"date":"2024-03-04","commitResults":[{"hash":"863ee95c9fdb7c1212b802c562b4d0c47b9c75d0","isMergeCommit":false,"messageTitle":"Add medical terms in meeting notes to glossary","messageBody":"","fileTypesAndContributionMap":{"docs":{"insertions":5,"deletions":2}}},{"hash":"8490e739aea7f07a72a320c62382da7316e982d5","isMergeCommit":false,"messageTitle":"Fix whitespace errors","messageBody":"","fileTypesAndContributionMap":{"docs":{"insertions":2,"deletions":2}}}]},{"date":"2024-03-05","commitResults":[{"hash":"3936397f7fb177dbeb1099057ef0dd76c36f00de","isMergeCommit":false,"messageTitle":"Update DeveloperGuide.md","messageBody":"","fileTypesAndContributionMap":{"docs":{"insertions":2,"deletions":2}}}]},{"date":"2024-03-06","commitResults":[{"hash":"467d54beba603f8ee15c03f015b90ec4eadc35fa","isMergeCommit":false,"messageTitle":"Update DeveloperGuide.md","messageBody":"Added value proposition and user profile.","fileTypesAndContributionMap":{"docs":{"insertions":5,"deletions":3}}}]}],"Jayne1010":[{"date":"2024-03-05","commitResults":[{"hash":"5c3b512b4437b7dbc40a12f81d2a5f2c4043d612","isMergeCommit":false,"messageTitle":"Update user guide","messageBody":"","fileTypesAndContributionMap":{"docs":{"insertions":34,"deletions":58}}},{"hash":"474dc32baa8f98a1a8bcbf3df39a6e78e83f1d2d","isMergeCommit":false,"messageTitle":"Update UG with minor typo fix","messageBody":"","fileTypesAndContributionMap":{"docs":{"insertions":1,"deletions":1}}},{"hash":"8a95434394c4826dbd915f7d99bdb060ed2ea7aa","isMergeCommit":false,"messageTitle":"Update UG","messageBody":"","fileTypesAndContributionMap":{"docs":{"insertions":1,"deletions":0}}},{"hash":"bccedcb53f202203ade98150652a325be001ba04","isMergeCommit":false,"messageTitle":"Update UG","messageBody":"","fileTypesAndContributionMap":{"docs":{"insertions":3,"deletions":3}}},{"hash":"80c59a32e3f398301150979761ec4f763903e5f0","isMergeCommit":false,"messageTitle":"Update UG","messageBody":"","fileTypesAndContributionMap":{"docs":{"insertions":1,"deletions":1}}},{"hash":"ae0360ebd33544f6c1b1b14bc94e972a998f48f5","isMergeCommit":false,"messageTitle":"Update UG","messageBody":"","fileTypesAndContributionMap":{"docs":{"insertions":0,"deletions":1}}},{"hash":"25b35b33296660a59dfebfe6c7c75df99957da4f","isMergeCommit":false,"messageTitle":"Update DG","messageBody":"","fileTypesAndContributionMap":{"docs":{"insertions":34,"deletions":58}}},{"hash":"e6ef73be1f8c8973daa5432b782e0115a35d3945","isMergeCommit":false,"messageTitle":"Update DG v1.1","messageBody":"","fileTypesAndContributionMap":{"docs":{"insertions":11,"deletions":9}}},{"hash":"8ef12faa0943d2dfcd686f934b30f37ee98b8ad4","isMergeCommit":false,"messageTitle":"Update DG","messageBody":"","fileTypesAndContributionMap":{"docs":{"insertions":1,"deletions":0}}},{"hash":"a848745810b23913f65038b592963a9ba03b4d72","isMergeCommit":false,"messageTitle":"Update DG","messageBody":"","fileTypesAndContributionMap":{"docs":{"insertions":1,"deletions":0}}},{"hash":"62eceedef59ac84b48a8dfdf17b5e857dfaf23b7","isMergeCommit":false,"messageTitle":"Update DG","messageBody":"","fileTypesAndContributionMap":{"docs":{"insertions":0,"deletions":1}}},{"hash":"90d19984cb50ddf3faa74ac2182f8724cf041efb","isMergeCommit":true,"messageTitle":"Merge pull request #26 from Jayne1010/Updated-DG-v1.1","messageBody":"Update dg v1.1","fileTypesAndContributionMap":{}},{"hash":"c9d0294eb50bbd3d051ef812fc30db401db1a632","isMergeCommit":false,"messageTitle":"Revert \"Update dg v1.1\"","messageBody":"","fileTypesAndContributionMap":{"docs":{"insertions":67,"deletions":46}}},{"hash":"44d87616ec6b8d546d083f15578cb65e6fa586fb","isMergeCommit":true,"messageTitle":"Merge pull request #30 from AY2324S2-CS2103T-F14-2/revert-26-Updated-DG-v1.1","messageBody":"Revert \"Update dg v1.1\"","fileTypesAndContributionMap":{}},{"hash":"46d4d35070797256cbf1a01fb7a6bb5cb07954a2","isMergeCommit":false,"messageTitle":"Update UG","messageBody":"","fileTypesAndContributionMap":{"docs":{"insertions":1,"deletions":1}}},{"hash":"349d3530bc407f12ef6316292df677f7da1ea3ed","isMergeCommit":false,"messageTitle":"Update UG","messageBody":"","fileTypesAndContributionMap":{"docs":{"insertions":1,"deletions":1}}}]}],"tengcharmaine":[{"date":"2024-03-03","commitResults":[{"hash":"6adfcc34a784f13ffc31553c6973dadbb80cac88","isMergeCommit":false,"messageTitle":"Update Ui mockup png to the new Ui mockup in readme","messageBody":"","fileTypesAndContributionMap":{"docs":{"insertions":2,"deletions":2}}},{"hash":"1486ea0ef2a180512c5976509554d75ef28089dd","isMergeCommit":false,"messageTitle":"Update readme docs for Clinic Mate from original docs","messageBody":"","fileTypesAndContributionMap":{"docs":{"insertions":19,"deletions":10}}},{"hash":"6e06e4ea3678473438cca55efac61b95ed58ecbf","isMergeCommit":false,"messageTitle":"Fix errors from github checks","messageBody":"","fileTypesAndContributionMap":{"docs":{"insertions":3,"deletions":3}}},{"hash":"19bf42edea40495ac4119f43eb631d4c62b37073","isMergeCommit":false,"messageTitle":"Update CI status badge to reflect build status of teams repo","messageBody":"","fileTypesAndContributionMap":{"docs":{"insertions":1,"deletions":1}}},{"hash":"633a23989c72c88bc8f67cdfd1334c35eb009fa0","isMergeCommit":false,"messageTitle":"Update non-functional requirements (NFRs) to developers guide","messageBody":"","fileTypesAndContributionMap":{"docs":{"insertions":10,"deletions":5}}},{"hash":"6e1c8f60919f274804a665135aa7ee90348f57b0","isMergeCommit":true,"messageTitle":"Merge pull request #24 from tengcharmaine/update-readme","messageBody":"Update Project README","fileTypesAndContributionMap":{}},{"hash":"922bfe9ea876da86da32caebe1932565f064f5b4","isMergeCommit":true,"messageTitle":"Merge pull request #25 from tengcharmaine/update_NFR","messageBody":"Update non-functional requirements (NFRs) to developers guide","fileTypesAndContributionMap":{}}]},{"date":"2024-03-05","commitResults":[{"hash":"46d097d2b310c08dd298e62dc545ff12a54644de","isMergeCommit":true,"messageTitle":"Merge pull request #27 from Jayne1010/Updated-UG-v1.1","messageBody":"Update ug v1.1","fileTypesAndContributionMap":{}}]},{"date":"2024-03-06","commitResults":[{"hash":"3f6d958b873330dc5407e8bb3e43e7334e3e1aa6","isMergeCommit":false,"messageTitle":"Update Quick Start section of UG","messageBody":"","fileTypesAndContributionMap":{"docs":{"insertions":3,"deletions":3}}}]}],"jiahui0309":[{"date":"2024-03-03","commitResults":[{"hash":"be650b34b7753172421b5ac7dc1b96999429bb1c","isMergeCommit":false,"messageTitle":"Update About Us","messageBody":"","fileTypesAndContributionMap":{"docs":{"insertions":17,"deletions":29}}},{"hash":"d7d233883734a9e0bcc21f4991fc8f820a6ba874","isMergeCommit":false,"messageTitle":"Update About Us from feedbacks","messageBody":"","fileTypesAndContributionMap":{"docs":{"insertions":6,"deletions":4}}},{"hash":"c363de2811d3fd0a4d3110b9047eee86e9232c22","isMergeCommit":true,"messageTitle":"Merge pull request #19 from jiahui0309/update-about-us","messageBody":"Update About Us","fileTypesAndContributionMap":{}}]},{"date":"2024-03-04","commitResults":[{"hash":"9a969a3bb60e72dcfaf0bc6d755408e91f78fe54","isMergeCommit":false,"messageTitle":"Update DG usecase","messageBody":"","fileTypesAndContributionMap":{"docs":{"insertions":97,"deletions":2}}}]},{"date":"2024-03-05","commitResults":[{"hash":"f06e933edb533409ab4cce2c551b975a0b604bd2","isMergeCommit":false,"messageTitle":"Update DG usecase from comments","messageBody":"","fileTypesAndContributionMap":{"docs":{"insertions":20,"deletions":20}}},{"hash":"f2831f7e8d61abdedfb24b7ebd72b5e7fcafd917","isMergeCommit":true,"messageTitle":"Merge pull request #29 from drustanyjt/docs-dg-glossary","messageBody":"Add medical terms in meeting notes to glossary","fileTypesAndContributionMap":{}},{"hash":"4e8320caaaf9ba28f09b91f32975fa292a0f96af","isMergeCommit":true,"messageTitle":"Merge pull request #28 from jiahui0309/update-dg-usecase","messageBody":"Update DG usecase","fileTypesAndContributionMap":{}}]},{"date":"2024-03-06","commitResults":[{"hash":"548133f9d747a41caa2218591dfc1e381a2f0f60","isMergeCommit":true,"messageTitle":"Merge pull request #33 from tengcharmaine/updateug","messageBody":"Update Quick Start section of UG","fileTypesAndContributionMap":{}},{"hash":"0d6da5c29394a526908e9fd2124d6549f57cec53","isMergeCommit":true,"messageTitle":"Merge pull request #34 from drustanyjt/docs-dg-product-scope","messageBody":"Update DeveloperGuide.md","fileTypesAndContributionMap":{}},{"hash":"8a80e337ed28e10568b9606abb2173afa58cc921","isMergeCommit":false,"messageTitle":"Update index.md","messageBody":"","fileTypesAndContributionMap":{"docs":{"insertions":4,"deletions":4}}},{"hash":"f2ec7ddff937a906bc2e2a0d7a00bc620db97ef3","isMergeCommit":true,"messageTitle":"Merge pull request #35 from jiahui0309/update-index","messageBody":"Update index.md","fileTypesAndContributionMap":{}}]}]},"authorFileTypeContributionMap":{"drustanyjt":{"docs":12,"functional-code":0,"test-code":0},"Jayne1010":{"docs":34,"functional-code":0,"test-code":0},"tengcharmaine":{"docs":31,"functional-code":0,"test-code":0},"jiahui0309":{"docs":120,"functional-code":0,"test-code":0}},"authorContributionVariance":{"drustanyjt":12.071006,"Jayne1010":8016.2837,"tengcharmaine":221.25446,"jiahui0309":879.31354},"authorDisplayNameMap":{"drustanyjt":"CS2103T-F14-2 YEO ..STAN","Jayne1010":"CS2103T-F14-2 CHEN..AYNE","tengcharmaine":"CS2103T-F14-2 TENG..AINE","jiahui0309":"CS2103T-F14-2 SONG.. HUI"}}
