{"authorDailyContributionsMap":{"drustanyjt":[{"date":"2024-03-03","commitResults":[{"hash":"e054773e7feb575fd00e7ac063510ae83d2c94d1","isMergeCommit":false,"messageTitle":"Update sitewide settings with product name and new logo","messageBody":"","fileTypesAndContributionMap":{"docs":{"insertions":2,"deletions":0}}},{"hash":"6b2d0514ccfe445f72ff94a09eff0e80b023a14c","isMergeCommit":true,"messageTitle":"Merge branch \u0027master\u0027 into docs-sitewide-settings","messageBody":"","fileTypesAndContributionMap":{}},{"hash":"3da4848193c31724810f138e9ca4ecc699b5622c","isMergeCommit":true,"messageTitle":"Merge pull request #20 from drustanyjt/docs-sitewide-settings","messageBody":"","fileTypesAndContributionMap":{}}]},{"date":"2024-03-04","commitResults":[{"hash":"863ee95c9fdb7c1212b802c562b4d0c47b9c75d0","isMergeCommit":false,"messageTitle":"Add medical terms in meeting notes to glossary","messageBody":"","fileTypesAndContributionMap":{"docs":{"insertions":5,"deletions":2}}},{"hash":"8490e739aea7f07a72a320c62382da7316e982d5","isMergeCommit":false,"messageTitle":"Fix whitespace errors","messageBody":"","fileTypesAndContributionMap":{"docs":{"insertions":2,"deletions":2}}}]},{"date":"2024-03-05","commitResults":[{"hash":"3936397f7fb177dbeb1099057ef0dd76c36f00de","isMergeCommit":false,"messageTitle":"Update DeveloperGuide.md","messageBody":"","fileTypesAndContributionMap":{"docs":{"insertions":2,"deletions":2}}}]},{"date":"2024-03-06","commitResults":[{"hash":"467d54beba603f8ee15c03f015b90ec4eadc35fa","isMergeCommit":false,"messageTitle":"Update DeveloperGuide.md","messageBody":"Added value proposition and user profile.","fileTypesAndContributionMap":{"docs":{"insertions":5,"deletions":3}}}]},{"date":"2024-03-15","commitResults":[{"hash":"9b3c1bc527279a3dbc61d1fbc343e5f74c11dd4a","isMergeCommit":false,"messageTitle":"Update models to support new Person fields","messageBody":"","fileTypesAndContributionMap":{"functional-code":{"insertions":306,"deletions":11}}}]},{"date":"2024-03-16","commitResults":[{"hash":"d6df9b2962221f3fc13fce1a89e015fe9b593b6f","isMergeCommit":false,"messageTitle":"Fix support for using the new Person constructor","messageBody":"","fileTypesAndContributionMap":{"functional-code":{"insertions":134,"deletions":39},"test-code":{"insertions":164,"deletions":42}}},{"hash":"90a1a5e75fde24f143b3b5378ff6a59ec1d4df26","isMergeCommit":false,"messageTitle":"Fix line formatting issues","messageBody":"","fileTypesAndContributionMap":{"functional-code":{"insertions":283,"deletions":283}}},{"hash":"9348f3b6d45023bb0d5cf0204d918548c6d78c75","isMergeCommit":false,"messageTitle":"Fix line too long for checkstyle","messageBody":"","fileTypesAndContributionMap":{"functional-code":{"insertions":2,"deletions":1}}},{"hash":"6ff0db7e1787cf29bb66f08f7113ec6e9d112e87","isMergeCommit":false,"messageTitle":"Add test coverage for new Person fields","messageBody":"","fileTypesAndContributionMap":{"functional-code":{"insertions":1,"deletions":1},"test-code":{"insertions":548,"deletions":228}}},{"hash":"5b7b1918e150a30060cc1fe87d8c58b9dc9bb2b5","isMergeCommit":false,"messageTitle":"Replace CRLF with LF","messageBody":"","fileTypesAndContributionMap":{"test-code":{"insertions":325,"deletions":325}}},{"hash":"fe3baa9236e2f4c21a40ff41e1f311acab6e8b14","isMergeCommit":false,"messageTitle":"Fix message not showing some fields from a Person","messageBody":"","fileTypesAndContributionMap":{"functional-code":{"insertions":15,"deletions":5}}}]},{"date":"2024-03-18","commitResults":[{"hash":"216b72757c6dbcaa6cfc41e8d1bb475a09e7a1ec","isMergeCommit":false,"messageTitle":"Update icon in UI","messageBody":"","fileTypesAndContributionMap":{"functional-code":{"insertions":3,"deletions":3},"test-code":{"insertions":1,"deletions":1}}},{"hash":"bc2abd9ebf106d1d87120297ec67a2c3e8293ba7","isMergeCommit":false,"messageTitle":"Re-rename test file","messageBody":"","fileTypesAndContributionMap":{"other":{"insertions":1,"deletions":1}}},{"hash":"72967a3b3fb6f77f78149a53deed55cb81f147da","isMergeCommit":false,"messageTitle":"Change some references of addresbook to clinicmate","messageBody":"","fileTypesAndContributionMap":{"functional-code":{"insertions":1,"deletions":1},"other":{"insertions":72,"deletions":72},"docs":{"insertions":2,"deletions":2},"test-code":{"insertions":1,"deletions":1}}},{"hash":"3535c1d1efb981a6b7206f4fb6118b7aba668bc7","isMergeCommit":false,"messageTitle":"Change CRLF to LF","messageBody":"","fileTypesAndContributionMap":{"other":{"insertions":72,"deletions":72}}}]},{"date":"2024-03-19","commitResults":[{"hash":"a3fd086dc37a1c7fbcfc25baa770d83a9b894458","isMergeCommit":true,"messageTitle":"Merge pull request #63 from drustanyjt/fix-phonetest","messageBody":"","fileTypesAndContributionMap":{}}]},{"date":"2024-03-20","commitResults":[{"hash":"26394e6a65ca6108a4efd408c5c6275b828eb252","isMergeCommit":true,"messageTitle":"Merge pull request #66 from Jayne1010/UpdateUGv1.2b","messageBody":"Update user guide for features v1.2b","fileTypesAndContributionMap":{}},{"hash":"29f201eb54951eeb0b7433e806d5398802bdffb7","isMergeCommit":false,"messageTitle":"Add new attribute classes and remove references to Tag","messageBody":"","fileTypesAndContributionMap":{"docs":{"insertions":19,"deletions":8}}},{"hash":"5bb0e9d0ccbd06c8dc55515d6a63f660f22b50d0","isMergeCommit":false,"messageTitle":"Revert \"Update Edit Command to edit with Person\u0027s IC\"","messageBody":"","fileTypesAndContributionMap":{"functional-code":{"insertions":32,"deletions":88},"docs":{"insertions":1,"deletions":0}}},{"hash":"10df923a08f07ec97ba9a32fb1a7515d1a3f5de5","isMergeCommit":true,"messageTitle":"Merge pull request #80 from AY2324S2-CS2103T-F14-2/revert-65-UpdateEditCommandv1.2b","messageBody":"Revert \"Update Edit Command to edit with Person\u0027s IC\"","fileTypesAndContributionMap":{}},{"hash":"e38345b1184de88826da2b88bb491a96341fedee","isMergeCommit":true,"messageTitle":"Merge pull request #85 from AY2324S2-CS2103T-F14-2/drustanyjt-patch-1","messageBody":"Fix typo in pre-release names","fileTypesAndContributionMap":{}},{"hash":"e53d42cb9636c21071a91e61bdb0934b663ee733","isMergeCommit":false,"messageTitle":"Add google form link and update release link","messageBody":"","fileTypesAndContributionMap":{"docs":{"insertions":3,"deletions":1}}},{"hash":"4de861628d8e885464367a820e2f607580dae3a9","isMergeCommit":true,"messageTitle":"Merge pull request #88 from drustanyjt/drus-gform","messageBody":"Add google form link and update release link","fileTypesAndContributionMap":{}}]},{"date":"2024-03-21","commitResults":[{"hash":"d579361ce799668289ca6390a2e5f621d264ff59","isMergeCommit":true,"messageTitle":"Merge pull request #89 from tengcharmaine/sex_field_bug","messageBody":"","tags":["v1.2b"],"fileTypesAndContributionMap":{}}]},{"date":"2024-03-22","commitResults":[{"hash":"33ccf1040274465a973c6809afb5e589bbe2b6bd","isMergeCommit":false,"messageTitle":"Change sample data to have no tags","messageBody":"","fileTypesAndContributionMap":{"functional-code":{"insertions":27,"deletions":22},"test-code":{"insertions":29,"deletions":0}}}]},{"date":"2024-03-26","commitResults":[{"hash":"9e3ec3d0daac6e6c96b6f2004a5fd7ba2fa3907b","isMergeCommit":false,"messageTitle":"Add notes panel to view patient notes","messageBody":"","fileTypesAndContributionMap":{"functional-code":{"insertions":147,"deletions":2},"test-code":{"insertions":63,"deletions":3}}},{"hash":"ae41ab846f2d8cfecd0621037ce8e90fdc138593","isMergeCommit":false,"messageTitle":"Fix format issues","messageBody":"","fileTypesAndContributionMap":{"test-code":{"insertions":3,"deletions":2}}},{"hash":"fdccfa082017fbcdb4d0ff3538251ed889ca74ee","isMergeCommit":true,"messageTitle":"Merge pull request #121 from drustanyjt/drus-find-previews-note","messageBody":"Adds a panel for displaying notes","fileTypesAndContributionMap":{}}]},{"date":"2024-03-28","commitResults":[{"hash":"7865dd98d2cd3c31b47a18dad8e99fade712b8a5","isMergeCommit":true,"messageTitle":"Merge pull request #135 from tengcharmaine/build_gradle","messageBody":"Update build.gradle file to enable assertions","fileTypesAndContributionMap":{}},{"hash":"68a8cd23e3f708da4b4f587c963c3470f243ea3d","isMergeCommit":true,"messageTitle":"Merge pull request #136 from drustanyjt/drus-nightly-releases","messageBody":"Change pre release to be done nightly","tags":["v1.3","nightly-2024-04-02-68a8cd2","nightly-2024-04-01-68a8cd2","nightly-2024-03-31-68a8cd2","nightly-2024-03-30-68a8cd2","nightly-2024-03-29-68a8cd2","nightly-2024-03-28-68a8cd2"],"fileTypesAndContributionMap":{}}]},{"date":"2024-04-03","commitResults":[{"hash":"483defe7f34ece38b64ab567f73a3b47ca5f4392","isMergeCommit":false,"messageTitle":"Move tracking of display person to model","messageBody":"","fileTypesAndContributionMap":{"functional-code":{"insertions":37,"deletions":32},"test-code":{"insertions":1,"deletions":14}}},{"hash":"79eb85d8b9e0279dae79163be6b277233685cf7a","isMergeCommit":false,"messageTitle":"Add Show command to update/clear display note panel","messageBody":"","fileTypesAndContributionMap":{"functional-code":{"insertions":138,"deletions":1}}},{"hash":"f8d616a74479904e3798ebbb5e4e5bbae260b893","isMergeCommit":false,"messageTitle":"Add Show command test cases","messageBody":"","fileTypesAndContributionMap":{"functional-code":{"insertions":19,"deletions":0},"test-code":{"insertions":147,"deletions":0}}},{"hash":"c0fd8c614ff474be5d65e195c5960d7691136a48","isMergeCommit":false,"messageTitle":"Update ShowCommand usage message","messageBody":"","fileTypesAndContributionMap":{"functional-code":{"insertions":3,"deletions":3}}},{"hash":"839e802e7cb48b7facff819f49239727a94c24a2","isMergeCommit":true,"messageTitle":"Merge pull request #137 from jiahui0309/fix-find-command-bugs","messageBody":"Fix UI bugs for FindCommand","tags":["nightly-2024-04-03-839e802"],"fileTypesAndContributionMap":{}}]},{"date":"2024-04-04","commitResults":[{"hash":"81247dba469004c3721d389ac2e6cba9ec9ab039","isMergeCommit":false,"messageTitle":"Remove tags from serialized Person","messageBody":"","fileTypesAndContributionMap":{"functional-code":{"insertions":14,"deletions":32},"test-code":{"insertions":16,"deletions":43}}},{"hash":"51067bc83e35af040ad4b72fa35f94e8f44697ed","isMergeCommit":false,"messageTitle":"Fix checkstyle issue","messageBody":"","fileTypesAndContributionMap":{"functional-code":{"insertions":0,"deletions":2}}},{"hash":"102672f47ec448ab9542e78ed8d0c9e3ad37414e","isMergeCommit":false,"messageTitle":"Add Show command to UG","messageBody":"","fileTypesAndContributionMap":{"docs":{"insertions":29,"deletions":0}}},{"hash":"ed5fde422a97746bef03cf70ee30cc7f07f7584e","isMergeCommit":false,"messageTitle":"Remove upstream trail","messageBody":"","fileTypesAndContributionMap":{"docs":{"insertions":0,"deletions":2}}},{"hash":"161cc344c4cf2c36c38d1a79b46812bc9a09c8f7","isMergeCommit":false,"messageTitle":"Remove trailing stash","messageBody":"","fileTypesAndContributionMap":{"docs":{"insertions":0,"deletions":1}}},{"hash":"ae1a2b50b55a1294d09a9b907d1c3651ff78c5b7","isMergeCommit":true,"messageTitle":"Merge branch \u0027master\u0027 into drus-remove-ab-files","messageBody":"","fileTypesAndContributionMap":{}},{"hash":"b18f11a4814606e3d776e258b9a0bff9816db6db","isMergeCommit":true,"messageTitle":"Merge pull request #152 from drustanyjt/drus-remove-ab-files","messageBody":"Prevent malicious manual updating of save file","fileTypesAndContributionMap":{}},{"hash":"6b8fe06e578a7be0b0634c470c527212aaae5bfc","isMergeCommit":true,"messageTitle":"Merge branch \u0027master\u0027 into drus-ug-show","messageBody":"","fileTypesAndContributionMap":{}},{"hash":"4ab3b6401837a345da443109f77de310dc41c714","isMergeCommit":true,"messageTitle":"Merge pull request #155 from drustanyjt/drus-ug-show","messageBody":"Add Show command to UG","tags":["nightly-2024-04-04-4ab3b64"],"fileTypesAndContributionMap":{}},{"hash":"e899a4bd749d0e8c51e8f2b33f3e1e040563e5f8","isMergeCommit":true,"messageTitle":"Merge branch \u0027master\u0027 into ErrorSpecificity","messageBody":"","fileTypesAndContributionMap":{}},{"hash":"545e8ac56510b56e7bf8d4fd852a10462564fe10","isMergeCommit":false,"messageTitle":"Add corresponding unit tests","messageBody":"","fileTypesAndContributionMap":{"test-code":{"insertions":8,"deletions":7}}},{"hash":"9978a665c14affc51db96fbdd74a4b0ba329abc0","isMergeCommit":false,"messageTitle":"Make typographical fixes","messageBody":"","fileTypesAndContributionMap":{"docs":{"insertions":7,"deletions":2}}},{"hash":"778025185d9dedda4d8c404d6b600db5c57089df","isMergeCommit":true,"messageTitle":"Merge pull request #157 from drustanyjt/drus-ug-bugs","messageBody":"Make typographical fixes","fileTypesAndContributionMap":{}},{"hash":"f44b9d5883dc5dc1b2b0f329b20a57cc9b0d4f31","isMergeCommit":false,"messageTitle":"Add edit to UG","messageBody":"","fileTypesAndContributionMap":{"docs":{"insertions":17,"deletions":2}}},{"hash":"99f0620124bdafb200227083b27485cb0480e77a","isMergeCommit":true,"messageTitle":"Merge branch \u0027AY2324S2-CS2103T-F14-2:master\u0027 into drus-ug-bugs","messageBody":"","fileTypesAndContributionMap":{}},{"hash":"a834977ddebdf93898700b4ef755632ea5583802","isMergeCommit":true,"messageTitle":"Merge pull request #158 from drustanyjt/drus-ug-bugs","messageBody":"Add Edit to UG","tags":["v1.3b","nightly-2024-04-07-a834977","nightly-2024-04-06-a834977","nightly-2024-04-05-a834977"],"fileTypesAndContributionMap":{}}]},{"date":"2024-04-05","commitResults":[{"hash":"a27c139bb2c5d65e396054228aade8458d223e95","isMergeCommit":false,"messageTitle":"Add optional braces for edit command","messageBody":"","fileTypesAndContributionMap":{"docs":{"insertions":1,"deletions":1}}}]},{"date":"2024-04-12","commitResults":[{"hash":"6a8c4b7567693dc3d125c15a605151e4395cd65a","isMergeCommit":false,"messageTitle":"Fix typo in addnote error log","messageBody":"","fileTypesAndContributionMap":{"functional-code":{"insertions":1,"deletions":1}}},{"hash":"4745bef190cc868a828ffa4a0e79b8a78dcca729","isMergeCommit":false,"messageTitle":"Fix minor UG bugs","messageBody":"","fileTypesAndContributionMap":{"docs":{"insertions":32,"deletions":13}}},{"hash":"c556e1ec113daba8a7bf33c6e5aed7ab848e43b1","isMergeCommit":false,"messageTitle":"Add UG fixes","messageBody":"","fileTypesAndContributionMap":{"docs":{"insertions":17,"deletions":10}}},{"hash":"9314214fc99326de994d729356e6b4e841c7187b","isMergeCommit":false,"messageTitle":"Add more UG fixes","messageBody":"","fileTypesAndContributionMap":{"docs":{"insertions":7,"deletions":4}}},{"hash":"fff7af74396dbc6be453e39d794fbb10c340a039","isMergeCommit":false,"messageTitle":"Fix typo in UG","messageBody":"","fileTypesAndContributionMap":{"docs":{"insertions":1,"deletions":1}}}]}],"Jayne1010":[{"date":"2024-03-05","commitResults":[{"hash":"5c3b512b4437b7dbc40a12f81d2a5f2c4043d612","isMergeCommit":false,"messageTitle":"Update user guide","messageBody":"","fileTypesAndContributionMap":{"docs":{"insertions":34,"deletions":58}}},{"hash":"474dc32baa8f98a1a8bcbf3df39a6e78e83f1d2d","isMergeCommit":false,"messageTitle":"Update UG with minor typo fix","messageBody":"","fileTypesAndContributionMap":{"docs":{"insertions":1,"deletions":1}}},{"hash":"8a95434394c4826dbd915f7d99bdb060ed2ea7aa","isMergeCommit":false,"messageTitle":"Update UG","messageBody":"","fileTypesAndContributionMap":{"docs":{"insertions":1,"deletions":0}}},{"hash":"bccedcb53f202203ade98150652a325be001ba04","isMergeCommit":false,"messageTitle":"Update UG","messageBody":"","fileTypesAndContributionMap":{"docs":{"insertions":3,"deletions":3}}},{"hash":"80c59a32e3f398301150979761ec4f763903e5f0","isMergeCommit":false,"messageTitle":"Update UG","messageBody":"","fileTypesAndContributionMap":{"docs":{"insertions":1,"deletions":1}}},{"hash":"ae0360ebd33544f6c1b1b14bc94e972a998f48f5","isMergeCommit":false,"messageTitle":"Update UG","messageBody":"","fileTypesAndContributionMap":{"docs":{"insertions":0,"deletions":1}}},{"hash":"25b35b33296660a59dfebfe6c7c75df99957da4f","isMergeCommit":false,"messageTitle":"Update DG","messageBody":"","fileTypesAndContributionMap":{"docs":{"insertions":34,"deletions":58}}},{"hash":"e6ef73be1f8c8973daa5432b782e0115a35d3945","isMergeCommit":false,"messageTitle":"Update DG v1.1","messageBody":"","fileTypesAndContributionMap":{"docs":{"insertions":11,"deletions":9}}},{"hash":"8ef12faa0943d2dfcd686f934b30f37ee98b8ad4","isMergeCommit":false,"messageTitle":"Update DG","messageBody":"","fileTypesAndContributionMap":{"docs":{"insertions":1,"deletions":0}}},{"hash":"a848745810b23913f65038b592963a9ba03b4d72","isMergeCommit":false,"messageTitle":"Update DG","messageBody":"","fileTypesAndContributionMap":{"docs":{"insertions":1,"deletions":0}}},{"hash":"62eceedef59ac84b48a8dfdf17b5e857dfaf23b7","isMergeCommit":false,"messageTitle":"Update DG","messageBody":"","fileTypesAndContributionMap":{"docs":{"insertions":0,"deletions":1}}},{"hash":"90d19984cb50ddf3faa74ac2182f8724cf041efb","isMergeCommit":true,"messageTitle":"Merge pull request #26 from Jayne1010/Updated-DG-v1.1","messageBody":"Update dg v1.1","fileTypesAndContributionMap":{}},{"hash":"c9d0294eb50bbd3d051ef812fc30db401db1a632","isMergeCommit":false,"messageTitle":"Revert \"Update dg v1.1\"","messageBody":"","fileTypesAndContributionMap":{"docs":{"insertions":67,"deletions":46}}},{"hash":"44d87616ec6b8d546d083f15578cb65e6fa586fb","isMergeCommit":true,"messageTitle":"Merge pull request #30 from AY2324S2-CS2103T-F14-2/revert-26-Updated-DG-v1.1","messageBody":"Revert \"Update dg v1.1\"","fileTypesAndContributionMap":{}},{"hash":"46d4d35070797256cbf1a01fb7a6bb5cb07954a2","isMergeCommit":false,"messageTitle":"Update UG","messageBody":"","fileTypesAndContributionMap":{"docs":{"insertions":1,"deletions":1}}},{"hash":"349d3530bc407f12ef6316292df677f7da1ea3ed","isMergeCommit":false,"messageTitle":"Update UG","messageBody":"","fileTypesAndContributionMap":{"docs":{"insertions":1,"deletions":1}}}]},{"date":"2024-03-17","commitResults":[{"hash":"e7f6c808b940a0a5390acbc01033aeeeef77cbd9","isMergeCommit":false,"messageTitle":"Update Add Command","messageBody":"","fileTypesAndContributionMap":{"functional-code":{"insertions":82,"deletions":67},"other":{"insertions":1,"deletions":1},"test-code":{"insertions":9,"deletions":14}}},{"hash":"4a73cf3ede2e956c8dd997ab9bcb35674c40097e","isMergeCommit":false,"messageTitle":"Update Add Command to add more Person\u0027s parameters","messageBody":"","fileTypesAndContributionMap":{"functional-code":{"insertions":18,"deletions":5}}},{"hash":"d9dd3a2450670ae972f69520634b5a7de98503ea","isMergeCommit":false,"messageTitle":"Fix style: General style improvements","messageBody":"","fileTypesAndContributionMap":{"functional-code":{"insertions":33,"deletions":7}}},{"hash":"1432dd9f55d45c5b22611d4b3ca6f29f48296dd4","isMergeCommit":false,"messageTitle":"Fix style: General style improvements","messageBody":"","fileTypesAndContributionMap":{"functional-code":{"insertions":17,"deletions":7}}},{"hash":"713b587907b03b5b815d55a9623da1419dcf9333","isMergeCommit":false,"messageTitle":"Fix style: General style improvements","messageBody":"","fileTypesAndContributionMap":{"functional-code":{"insertions":4,"deletions":2}}},{"hash":"116d1a441c736c1bd2b93c3a4cdbae8d8e1b740c","isMergeCommit":false,"messageTitle":"Fix style: General style improvements","messageBody":"","fileTypesAndContributionMap":{"test-code":{"insertions":4,"deletions":2}}},{"hash":"defb309d5fc0c8ce6a000cfd2426b4b1cbdc811e","isMergeCommit":false,"messageTitle":"Fix style: General style improvements","messageBody":"","fileTypesAndContributionMap":{"functional-code":{"insertions":29,"deletions":30},"test-code":{"insertions":14,"deletions":9}}},{"hash":"c06824bf8da1476b28ac4e629c59e8aa1a1d6bc0","isMergeCommit":false,"messageTitle":"Fix style: General style improvements","messageBody":"","fileTypesAndContributionMap":{"functional-code":{"insertions":8,"deletions":2}}},{"hash":"f9a36cbb78b0a4e360cc66370dff542601aaebaa","isMergeCommit":false,"messageTitle":"Fix style: General style improvements","messageBody":"","fileTypesAndContributionMap":{"test-code":{"insertions":1,"deletions":1}}},{"hash":"01efc05263cab20b8e01b9148cb39d063bc9922c","isMergeCommit":false,"messageTitle":"Fix style: General style improvements","messageBody":"","fileTypesAndContributionMap":{"functional-code":{"insertions":16,"deletions":21}}},{"hash":"3aabcf15f4e2a9b3b52e6b38a298fa3cd7c30c68","isMergeCommit":true,"messageTitle":"Merge pull request #53 from Jayne1010/UpdateAdd1.2","messageBody":"Update add1.2","fileTypesAndContributionMap":{}}]},{"date":"2024-03-18","commitResults":[{"hash":"6e19572844da113e05ffb588e34fa8986d83104f","isMergeCommit":false,"messageTitle":"Update Edit Command to edit with Person\u0027s IC","messageBody":"","fileTypesAndContributionMap":{"functional-code":{"insertions":83,"deletions":41}}},{"hash":"7e602cdfbb9e118ed4f78cb152db3b053fb0b452","isMergeCommit":false,"messageTitle":"Update Edit Command to edit with Person\u0027s IC","messageBody":"","fileTypesAndContributionMap":{"functional-code":{"insertions":17,"deletions":3}}}]},{"date":"2024-03-19","commitResults":[{"hash":"fa2cba4fce2677a798273f4b31a22593ee22064f","isMergeCommit":false,"messageTitle":"Update user guide","messageBody":"","fileTypesAndContributionMap":{"docs":{"insertions":7,"deletions":5}}},{"hash":"c54256525520c61e3a178a2a75087b06de7be70f","isMergeCommit":false,"messageTitle":"Update developer guide","messageBody":"","fileTypesAndContributionMap":{"docs":{"insertions":5,"deletions":5}}},{"hash":"a8d1265d5c930e30a8598939de94e196bc3ed4fc","isMergeCommit":false,"messageTitle":"Style enhancement","messageBody":"","fileTypesAndContributionMap":{"functional-code":{"insertions":1,"deletions":1},"docs":{"insertions":0,"deletions":1}}}]},{"date":"2024-03-20","commitResults":[{"hash":"d4ba08a423ebafb5103291e7dad87f57d1b3a6ad","isMergeCommit":false,"messageTitle":"Add UML diagram for add command","messageBody":"","fileTypesAndContributionMap":{"docs":{"insertions":70,"deletions":0}}},{"hash":"2096e22eb9e1d39b661e12a03bd404cb16e1fc18","isMergeCommit":false,"messageTitle":"Add UML diagram for edit command","messageBody":"","fileTypesAndContributionMap":{"docs":{"insertions":70,"deletions":0}}},{"hash":"e154c8199b8561dc0be88a7ad488722f964d8148","isMergeCommit":false,"messageTitle":"Add test cases for add command","messageBody":"","fileTypesAndContributionMap":{"test-code":{"insertions":89,"deletions":42}}},{"hash":"00246e93044baff1c2f670cb393064b8be17fc0c","isMergeCommit":false,"messageTitle":"Fix style","messageBody":"","fileTypesAndContributionMap":{"test-code":{"insertions":51,"deletions":7}}},{"hash":"138e2e3044c031c6e6cf3427974de8da334181d9","isMergeCommit":false,"messageTitle":"Fix style","messageBody":"","fileTypesAndContributionMap":{"test-code":{"insertions":1,"deletions":1}}},{"hash":"69621e5f881ea459ba0f0ab2a59fe5356bebfd32","isMergeCommit":true,"messageTitle":"Merge pull request #65 from Jayne1010/UpdateEditCommandv1.2b","messageBody":"Update Edit Command to edit with Person\u0027s IC","fileTypesAndContributionMap":{}}]},{"date":"2024-03-21","commitResults":[{"hash":"4c97d2a44827ff30141e9ca40e4f17f45fbc6d9b","isMergeCommit":false,"messageTitle":"Update edit command","messageBody":"","fileTypesAndContributionMap":{"functional-code":{"insertions":60,"deletions":22}}},{"hash":"40c648e33a264ed3de5d524017377fa53ad236b5","isMergeCommit":false,"messageTitle":"Update edit command parser","messageBody":"","fileTypesAndContributionMap":{"functional-code":{"insertions":29,"deletions":12}}},{"hash":"f385afd8123f50ad2220237d635356af7a304d62","isMergeCommit":false,"messageTitle":"Update edit command test","messageBody":"","fileTypesAndContributionMap":{"test-code":{"insertions":113,"deletions":136}}},{"hash":"e18e604f267059d574e1410568c67e1e95d3afb3","isMergeCommit":false,"messageTitle":"Add new class","messageBody":"","fileTypesAndContributionMap":{"test-code":{"insertions":5,"deletions":0}}},{"hash":"f92949ae64248ea5d5d29a4aea6cb27b33fb156c","isMergeCommit":false,"messageTitle":"Update edit command test","messageBody":"","fileTypesAndContributionMap":{"test-code":{"insertions":41,"deletions":1}}},{"hash":"eddc320fc5092d4eb83123feb73809aa2bf01566","isMergeCommit":false,"messageTitle":"Update edit command test","messageBody":"","fileTypesAndContributionMap":{"test-code":{"insertions":16,"deletions":2}}},{"hash":"f8576e93b3e4a389cd1ff104b8534c9582a76505","isMergeCommit":false,"messageTitle":"Update edit command test","messageBody":"","fileTypesAndContributionMap":{"test-code":{"insertions":28,"deletions":7}}},{"hash":"3490671e09e40f99750307d2d0ec89943adad54f","isMergeCommit":false,"messageTitle":"Update edit command","messageBody":"","fileTypesAndContributionMap":{"test-code":{"insertions":4,"deletions":1}}},{"hash":"742dd0511add81875621f7342a7168fd1e40b292","isMergeCommit":false,"messageTitle":"Update edit command","messageBody":"","fileTypesAndContributionMap":{"test-code":{"insertions":1,"deletions":1}}}]},{"date":"2024-03-22","commitResults":[{"hash":"518a4d97cb1f0c4b05df5e4b8a6e1c7b98a5eda1","isMergeCommit":false,"messageTitle":"Fix typo","messageBody":"","fileTypesAndContributionMap":{"functional-code":{"insertions":1,"deletions":1}}},{"hash":"76d48aac5243c5b628715cb72c1bb8d9baa4082d","isMergeCommit":true,"messageTitle":"Merge pull request #93 from Jayne1010/UpdateEditCommandTestv1.2b","messageBody":"Update edit command test","fileTypesAndContributionMap":{}},{"hash":"a62d3e45fd226189eba4c249086173ee4be4077e","isMergeCommit":true,"messageTitle":"Merge pull request #94 from drustanyjt/drus-update-sample","messageBody":"Remove tags from sample data","fileTypesAndContributionMap":{}}]},{"date":"2024-03-24","commitResults":[{"hash":"3b6e02fc6dfb09f0683750b46e190ef1691c76d3","isMergeCommit":false,"messageTitle":"Revise error message for commands and refine success message formatting","messageBody":"","fileTypesAndContributionMap":{"functional-code":{"insertions":68,"deletions":21}}},{"hash":"85387773f286ab8f905e2bd0c39298aef44908fd","isMergeCommit":false,"messageTitle":"Fix style","messageBody":"","fileTypesAndContributionMap":{"functional-code":{"insertions":0,"deletions":2}}},{"hash":"9e18e558e137257a744e9a990c85fe2511152357","isMergeCommit":false,"messageTitle":"Edit add commnad and delete command test","messageBody":"","fileTypesAndContributionMap":{"functional-code":{"insertions":0,"deletions":1},"test-code":{"insertions":24,"deletions":5}}},{"hash":"dc16decaa849c2a1089fefe6e7437afdf0e8d760","isMergeCommit":false,"messageTitle":"Fix typos","messageBody":"","fileTypesAndContributionMap":{"functional-code":{"insertions":2,"deletions":2}}},{"hash":"06822786d3d15ae0e723176649875697db0745e5","isMergeCommit":false,"messageTitle":"Resolve merge conflict","messageBody":"","fileTypesAndContributionMap":{"functional-code":{"insertions":8,"deletions":11}}},{"hash":"ddb67e75d1d2996002603fedc66c87ca0a65804b","isMergeCommit":true,"messageTitle":"Merge pull request #110 from Jayne1010/EditErrorMessage","messageBody":"Edit error message and success message ","fileTypesAndContributionMap":{}},{"hash":"afe6c2235a41604158057e33ac03a42597b15e67","isMergeCommit":false,"messageTitle":"Resolve merge conflict","messageBody":"","fileTypesAndContributionMap":{"functional-code":{"insertions":12,"deletions":8}}},{"hash":"7a4490a54061e68f6e3d7bdb92b532695a604bcb","isMergeCommit":true,"messageTitle":"Merge pull request #108 from jiahui0309/edit-ui","messageBody":"Edit UI features of ClinicMate","fileTypesAndContributionMap":{}},{"hash":"08c1a6a34d2d3c719cbf4fae780407c65c3d7d3a","isMergeCommit":true,"messageTitle":"Merge branch \u0027AY2324S2-CS2103T-F14-2:master\u0027 into master","messageBody":"","fileTypesAndContributionMap":{}},{"hash":"7a4e1a2a84581a798594a9aa0edb24f508d0b52e","isMergeCommit":true,"messageTitle":"Merge pull request #115 from Jayne1010/master","messageBody":"Resolve merge conflict","fileTypesAndContributionMap":{}},{"hash":"50cc7143c635119463d8675278d11b7262159208","isMergeCommit":true,"messageTitle":"Merge pull request #113 from tengcharmaine/nonexistentic_addnote","messageBody":"Update addnote to display full list when nonexistent ic is used","fileTypesAndContributionMap":{}}]},{"date":"2024-03-26","commitResults":[{"hash":"10657a247ed7e4fe4fde47f84c4a9ac72cd81b03","isMergeCommit":false,"messageTitle":"Implement direct browser link","messageBody":"","fileTypesAndContributionMap":{"functional-code":{"insertions":48,"deletions":8}}},{"hash":"093db4b86cce5692f0a223635190a3177d5f1020","isMergeCommit":false,"messageTitle":"Fix checkstyle","messageBody":"","fileTypesAndContributionMap":{"functional-code":{"insertions":3,"deletions":2}}}]},{"date":"2024-03-27","commitResults":[{"hash":"e4803395d8607279efb4adb07f6d2ac3aa3a47f6","isMergeCommit":true,"messageTitle":"Merge pull request #123 from Jayne1010/help-window","messageBody":"Implement direct browser link","fileTypesAndContributionMap":{}},{"hash":"cd8227c62837609b35c5c8eea58445eede5c5c19","isMergeCommit":false,"messageTitle":"Update UI for note window","messageBody":"","fileTypesAndContributionMap":{"functional-code":{"insertions":19,"deletions":4}}},{"hash":"c2f97bf0ae2befa9bb5a8357d3dfb2904b22055c","isMergeCommit":false,"messageTitle":"Fix bug","messageBody":"","fileTypesAndContributionMap":{"functional-code":{"insertions":1,"deletions":1}}}]},{"date":"2024-04-02","commitResults":[{"hash":"f1288da34b2009576780e2bf42858fc269f64097","isMergeCommit":false,"messageTitle":"Edit user guide introduction and guide usage","messageBody":"","fileTypesAndContributionMap":{"docs":{"insertions":60,"deletions":9}}},{"hash":"5d938e9f33e4a3f351c8d843c5e8f3355fd7f31b","isMergeCommit":false,"messageTitle":"Edit user guide for markdown icons","messageBody":"","fileTypesAndContributionMap":{"docs":{"insertions":11,"deletions":8}}}]},{"date":"2024-04-03","commitResults":[{"hash":"033f7ddc0c5a2ccb24e0c0ec9aacecd2e688a563","isMergeCommit":false,"messageTitle":"Edit typos","messageBody":"","fileTypesAndContributionMap":{"docs":{"insertions":1,"deletions":1}}},{"hash":"f38393b92b3a7dbc05e26ef3ff4a9f69f75e3714","isMergeCommit":true,"messageTitle":"Merge branch \u0027AY2324S2-CS2103T-F14-2:master\u0027 into master","messageBody":"","fileTypesAndContributionMap":{}},{"hash":"8a5752a08f0b4cb7ee56fb29927924e8d68c1e69","isMergeCommit":false,"messageTitle":"Edit table of content section","messageBody":"","fileTypesAndContributionMap":{"docs":{"insertions":2,"deletions":3}}}]},{"date":"2024-04-04","commitResults":[{"hash":"37bf8d34eb92784ed1a418d9c4a564ec281b4a1c","isMergeCommit":false,"messageTitle":"Bug fix","messageBody":"","fileTypesAndContributionMap":{"docs":{"insertions":11,"deletions":6}}},{"hash":"6f0ff40b590c4d8f1e00c70ed3a63a688c6569f9","isMergeCommit":true,"messageTitle":"Merge pull request #140 from Jayne1010/master","messageBody":"Edit user guide introduction and guide usage ","fileTypesAndContributionMap":{}},{"hash":"5fdf071c54f4acdb88c339880417eebbdc6ede34","isMergeCommit":false,"messageTitle":"Edit specificity of error message","messageBody":"","fileTypesAndContributionMap":{"functional-code":{"insertions":21,"deletions":11}}},{"hash":"ac7b1a9802843c74765297c3731801611df70b16","isMergeCommit":true,"messageTitle":"Merge pull request #154 from Jayne1010/ErrorSpecificity","messageBody":"Edit specificity of error message","fileTypesAndContributionMap":{}},{"hash":"9c747efab9a1963839faaa5925939ca7cec27865","isMergeCommit":true,"messageTitle":"Merge pull request #153 from jiahui0309/edit-userguide","messageBody":"Edit UserGuide","fileTypesAndContributionMap":{}}]},{"date":"2024-04-07","commitResults":[{"hash":"150c65556d92bfe38c17a5d7c6dd76e98d1ccaec","isMergeCommit":false,"messageTitle":"Edit command section of user guide","messageBody":"","fileTypesAndContributionMap":{"docs":{"insertions":80,"deletions":41}}},{"hash":"8e12a464b585b55f17b7f24b088ab923f79e7ec8","isMergeCommit":false,"messageTitle":"Edit UG for all commands","messageBody":"","fileTypesAndContributionMap":{"docs":{"insertions":175,"deletions":27}}},{"hash":"75763a56281bf406333c60fb1828b79b7efa7e21","isMergeCommit":false,"messageTitle":"Edit command section in UG","messageBody":"","fileTypesAndContributionMap":{"docs":{"insertions":34,"deletions":0}}},{"hash":"1fe7ba4bd9a52a8fca0076ffd0c05d1556f20fb1","isMergeCommit":true,"messageTitle":"Fix merge conflicts","messageBody":"","fileTypesAndContributionMap":{}}]},{"date":"2024-04-08","commitResults":[{"hash":"9f38ff60ffe9fa0fabf3d0ec0b95e7bb1359b23f","isMergeCommit":true,"messageTitle":"Merge pull request #217 from Jayne1010/UGCommand","messageBody":"Edit UG for command section","fileTypesAndContributionMap":{}},{"hash":"3af4732eb81d263e9073898fb74341c42e242f5c","isMergeCommit":true,"messageTitle":"Merge pull request #218 from jiahui0309/edit-ug-intro","messageBody":"Edit UG introduction and glossary","tags":["nightly-2024-04-09-3af4732","nightly-2024-04-08-3af4732"],"fileTypesAndContributionMap":{}}]},{"date":"2024-04-12","commitResults":[{"hash":"d4accc06aed1468686acce3ef1ffdffaead60ca3","isMergeCommit":false,"messageTitle":"Update UG to fix bugs","messageBody":"","fileTypesAndContributionMap":{"docs":{"insertions":10,"deletions":1}}},{"hash":"169ddbf9d86582b47b4ed8ddc89107d2af3ed312","isMergeCommit":true,"messageTitle":"Merge pull request #221 from Jayne1010/master","messageBody":"Update UG to fix bugs","fileTypesAndContributionMap":{}},{"hash":"79f106c3586570b797378d52033ca57aec8ddf09","isMergeCommit":true,"messageTitle":"Merge pull request #222 from drustanyjt/drus-ic-error","messageBody":"Fix typo in addnote error log","fileTypesAndContributionMap":{}}]}],"tengcharmaine":[{"date":"2024-03-03","commitResults":[{"hash":"6adfcc34a784f13ffc31553c6973dadbb80cac88","isMergeCommit":false,"messageTitle":"Update Ui mockup png to the new Ui mockup in readme","messageBody":"","fileTypesAndContributionMap":{"docs":{"insertions":2,"deletions":2}}},{"hash":"1486ea0ef2a180512c5976509554d75ef28089dd","isMergeCommit":false,"messageTitle":"Update readme docs for Clinic Mate from original docs","messageBody":"","fileTypesAndContributionMap":{"docs":{"insertions":19,"deletions":10}}},{"hash":"6e06e4ea3678473438cca55efac61b95ed58ecbf","isMergeCommit":false,"messageTitle":"Fix errors from github checks","messageBody":"","fileTypesAndContributionMap":{"docs":{"insertions":3,"deletions":3}}},{"hash":"19bf42edea40495ac4119f43eb631d4c62b37073","isMergeCommit":false,"messageTitle":"Update CI status badge to reflect build status of teams repo","messageBody":"","fileTypesAndContributionMap":{"docs":{"insertions":1,"deletions":1}}},{"hash":"633a23989c72c88bc8f67cdfd1334c35eb009fa0","isMergeCommit":false,"messageTitle":"Update non-functional requirements (NFRs) to developers guide","messageBody":"","fileTypesAndContributionMap":{"docs":{"insertions":10,"deletions":5}}},{"hash":"6e1c8f60919f274804a665135aa7ee90348f57b0","isMergeCommit":true,"messageTitle":"Merge pull request #24 from tengcharmaine/update-readme","messageBody":"Update Project README","fileTypesAndContributionMap":{}},{"hash":"922bfe9ea876da86da32caebe1932565f064f5b4","isMergeCommit":true,"messageTitle":"Merge pull request #25 from tengcharmaine/update_NFR","messageBody":"Update non-functional requirements (NFRs) to developers guide","fileTypesAndContributionMap":{}}]},{"date":"2024-03-05","commitResults":[{"hash":"46d097d2b310c08dd298e62dc545ff12a54644de","isMergeCommit":true,"messageTitle":"Merge pull request #27 from Jayne1010/Updated-UG-v1.1","messageBody":"Update ug v1.1","fileTypesAndContributionMap":{}}]},{"date":"2024-03-06","commitResults":[{"hash":"3f6d958b873330dc5407e8bb3e43e7334e3e1aa6","isMergeCommit":false,"messageTitle":"Update Quick Start section of UG","messageBody":"","fileTypesAndContributionMap":{"docs":{"insertions":3,"deletions":3}}}]},{"date":"2024-03-16","commitResults":[{"hash":"0fe36078122ac2a61d7c89cdf4788d23bdec8e40","isMergeCommit":false,"messageTitle":"Create a new AddNoteCommand class for the new addnote functionality","messageBody":"","fileTypesAndContributionMap":{"functional-code":{"insertions":35,"deletions":0}}},{"hash":"665392252e1bf9f57f32851c3b3d129c5456494c","isMergeCommit":false,"messageTitle":"Start addnote from scratch again to prevent mixup","messageBody":"","fileTypesAndContributionMap":{"functional-code":{"insertions":5,"deletions":24}}},{"hash":"fba4dade8a26169a869463e43b0054dc894086bb","isMergeCommit":false,"messageTitle":"Update main body of the addnote command class","messageBody":"","fileTypesAndContributionMap":{"functional-code":{"insertions":15,"deletions":2}}},{"hash":"cdf552de2e734860f1806a08f8c948db40404c0a","isMergeCommit":true,"messageTitle":"Merge branch \u0027master\u0027 of https://github.com/tengcharmaine/tp into addnote","messageBody":"","fileTypesAndContributionMap":{}},{"hash":"47fef0bc3dd278ca979e3221291cfdf8b93bfcb6","isMergeCommit":false,"messageTitle":"Update addressbookparser to include addnote command","messageBody":"","fileTypesAndContributionMap":{"functional-code":{"insertions":4,"deletions":9}}},{"hash":"f064efd928120ca7e3f14ca4cf19b8b11ced1735","isMergeCommit":false,"messageTitle":"Add prefix for the note section of the addnotecommand","messageBody":"","fileTypesAndContributionMap":{"functional-code":{"insertions":1,"deletions":0}}},{"hash":"2ff70274d59ddbb96029423577e0edc49be78132","isMergeCommit":false,"messageTitle":"Add test file to test the functionality of the addnotecommand","messageBody":"","fileTypesAndContributionMap":{"test-code":{"insertions":24,"deletions":0}}},{"hash":"6ae46c777b2f1815a580b357825e42e710dfc2ce","isMergeCommit":false,"messageTitle":"Update addressbookparsertest file to include the parsing of the addnote command","messageBody":"","fileTypesAndContributionMap":{"test-code":{"insertions":6,"deletions":8}}},{"hash":"0aa30a47054fa71b0e61a5b71517c46094e320bc","isMergeCommit":false,"messageTitle":"Create parser for addnotecommand to parse addnote command","messageBody":"","fileTypesAndContributionMap":{"functional-code":{"insertions":72,"deletions":3}}},{"hash":"b953704fc5e36e73e89303fadb54bd1db3404414","isMergeCommit":false,"messageTitle":"Add more tests for addnotecommandtest to check if add note command works","messageBody":"","fileTypesAndContributionMap":{"test-code":{"insertions":37,"deletions":6}}},{"hash":"19c02c9a4c8c6f0ae5a077154ded5e502a1de9d3","isMergeCommit":false,"messageTitle":"Update addressbookparsertest to check that parsing works","messageBody":"","fileTypesAndContributionMap":{"test-code":{"insertions":5,"deletions":1}}},{"hash":"e92c6a711c6103d786f4ded3b22354c9ee288fec","isMergeCommit":false,"messageTitle":"Create a parser test for addnotecommandparser","messageBody":"","fileTypesAndContributionMap":{"test-code":{"insertions":42,"deletions":0}}},{"hash":"9b401bddb29969bf74af3ade8e3bfcf4c00301c1","isMergeCommit":false,"messageTitle":"Update comments to fit the class name","messageBody":"","fileTypesAndContributionMap":{"functional-code":{"insertions":3,"deletions":4}}},{"hash":"5dd57bd198941b8960523b4e5546c701825a35c4","isMergeCommit":false,"messageTitle":"Update names of variables to match new names","messageBody":"","fileTypesAndContributionMap":{"test-code":{"insertions":4,"deletions":4}}},{"hash":"50f08d92eb32fdc0b3194006629dc76aee34db49","isMergeCommit":false,"messageTitle":"Update the type of note to all relevant files and create a test for note class","messageBody":"","fileTypesAndContributionMap":{"functional-code":{"insertions":5,"deletions":3},"test-code":{"insertions":48,"deletions":9}}},{"hash":"18e48a708961bdd57d13a098c30dbb99ad7a9ae2","isMergeCommit":false,"messageTitle":"Update code for the ui to show note in the main window","messageBody":"","fileTypesAndContributionMap":{"functional-code":{"insertions":3,"deletions":0}}},{"hash":"59c2973f81bf759822ae322d8df6e1d048e0258d","isMergeCommit":false,"messageTitle":"Update code for ui to work properly","messageBody":"","fileTypesAndContributionMap":{"functional-code":{"insertions":1,"deletions":0}}},{"hash":"a8cda1b083ae0911b9d21f4c550a6d8aea2377c0","isMergeCommit":false,"messageTitle":"Update addnotecommand class to have the correct person format","messageBody":"","fileTypesAndContributionMap":{"functional-code":{"insertions":34,"deletions":6},"test-code":{"insertions":77,"deletions":9}}},{"hash":"dc08b5f7db6e534fb4d0b17a2f46d51a6c16f53a","isMergeCommit":false,"messageTitle":"Update addnotecommand to append notes instead of replacing them","messageBody":"","fileTypesAndContributionMap":{"functional-code":{"insertions":25,"deletions":6}}},{"hash":"098fb1f2b74c6044113e0964846c61506c29fbcc","isMergeCommit":false,"messageTitle":"Update the addnotecommand to be able to replace or append the original note","messageBody":"","fileTypesAndContributionMap":{"functional-code":{"insertions":30,"deletions":16}}},{"hash":"07769ba97fd671dd6c2789cf356b30639453ef65","isMergeCommit":false,"messageTitle":"Edit the appending of new note to make the output more user friendly","messageBody":"","fileTypesAndContributionMap":{"functional-code":{"insertions":3,"deletions":2}}},{"hash":"81aefcc9c314e29a603eab7d072173eb97f0a694","isMergeCommit":false,"messageTitle":"Update to use ic number instead of index to addnote to a person","messageBody":"","fileTypesAndContributionMap":{"functional-code":{"insertions":35,"deletions":30}}},{"hash":"3e1b1d0960373d9351aec95f8ae3bacb02b23773","isMergeCommit":false,"messageTitle":"Update addnotecommand and addnotecommandparser classes to be able to append or replace note","messageBody":"","fileTypesAndContributionMap":{"functional-code":{"insertions":26,"deletions":11},"test-code":{"insertions":33,"deletions":52}}},{"hash":"75619c631e9eef91aed04c5bb67be4b1bc0d73ae","isMergeCommit":false,"messageTitle":"Resolve checkstyle issues","messageBody":"","fileTypesAndContributionMap":{"functional-code":{"insertions":5,"deletions":5}}},{"hash":"c2ea630c9d8f7c6854d1c4c2e21c081d5d0b3e7f","isMergeCommit":false,"messageTitle":"Update imports to resolve checkstyle","messageBody":"","fileTypesAndContributionMap":{"functional-code":{"insertions":11,"deletions":1}}},{"hash":"f5f4105f45e2486a88ddd8395e59a0783f84a758","isMergeCommit":false,"messageTitle":"Resolve checkstyle issue again","messageBody":"","fileTypesAndContributionMap":{"functional-code":{"insertions":0,"deletions":1}}},{"hash":"487291a522debc982e5047f68cdec3dace2e01cc","isMergeCommit":false,"messageTitle":"Update addressbookparsertest to be able to test when notes are added","messageBody":"","fileTypesAndContributionMap":{"test-code":{"insertions":4,"deletions":2}}},{"hash":"4aca9270e0bdaadec67d877d537e66df11300017","isMergeCommit":false,"messageTitle":"Update files to make sure all tests pass","messageBody":"","fileTypesAndContributionMap":{"test-code":{"insertions":12,"deletions":83}}},{"hash":"2f04d41b5300a61f4ac3773b38cc305f7d8dca3d","isMergeCommit":false,"messageTitle":"Update url of help command","messageBody":"","fileTypesAndContributionMap":{"functional-code":{"insertions":1,"deletions":1}}}]},{"date":"2024-03-17","commitResults":[{"hash":"96beadae28564108a199f25e873b4963b1932807","isMergeCommit":true,"messageTitle":"Merge pull request #51 from tengcharmaine/helpcommand","messageBody":"Update URL of help command","fileTypesAndContributionMap":{}},{"hash":"351418a1e1c71dc1dc6f94e0cd411a494aea7efb","isMergeCommit":false,"messageTitle":"Update naming of variable to make the code more readable","messageBody":"","fileTypesAndContributionMap":{"functional-code":{"insertions":7,"deletions":7}}},{"hash":"1defa5b91d2ae21e1a4f299fe7f9019ed87dc966","isMergeCommit":false,"messageTitle":"Update code such that there is no repeated code in the if-else block","messageBody":"","fileTypesAndContributionMap":{"functional-code":{"insertions":8,"deletions":12}}},{"hash":"27f94b8780094149a5712b522460949b12a5cc13","isMergeCommit":false,"messageTitle":"Update success message to fit the functionalities that are going to be implemented","messageBody":"","fileTypesAndContributionMap":{"functional-code":{"insertions":2,"deletions":4}}},{"hash":"b6da16e7d0427f2298e0660ad44d2647f4132452","isMergeCommit":false,"messageTitle":"Update equals method in addnotecommand class","messageBody":"","fileTypesAndContributionMap":{"functional-code":{"insertions":2,"deletions":1}}},{"hash":"65e4f6d9fb9ef49b856e290372fdc91696958e68","isMergeCommit":false,"messageTitle":"Move -replace flag to be a prefix because it is a constant","messageBody":"","fileTypesAndContributionMap":{"functional-code":{"insertions":12,"deletions":8}}},{"hash":"504a6703e724f4312911eb7637556896b4044750","isMergeCommit":false,"messageTitle":"Update parser and the relevant test files to support testing of the replace flag","messageBody":"","fileTypesAndContributionMap":{"functional-code":{"insertions":9,"deletions":5},"test-code":{"insertions":11,"deletions":1}}},{"hash":"adf49f8cccd1f0ca863fed3d49d1909f6a477c49","isMergeCommit":false,"messageTitle":"Remove unecessary string in the test case","messageBody":"","fileTypesAndContributionMap":{"test-code":{"insertions":1,"deletions":1}}},{"hash":"34049096c3887035c2fdcbddbc07d8eca8817df5","isMergeCommit":false,"messageTitle":"Update invalid format output and remove unecessary lines of code","messageBody":"","fileTypesAndContributionMap":{"functional-code":{"insertions":2,"deletions":5}}},{"hash":"7c5baeec3ae1edaa23da954b35697cb3dfedf5a3","isMergeCommit":true,"messageTitle":"Merge branch \u0027master\u0027 into addnote","messageBody":"","fileTypesAndContributionMap":{}}]},{"date":"2024-03-18","commitResults":[{"hash":"5c57592ed5e86e4a50bd0d75df021f7d498f69f7","isMergeCommit":true,"messageTitle":"Merge pull request #50 from tengcharmaine/addnote","messageBody":"Add addnote command to add a note to a Person\u0027s entry in the addressbook","fileTypesAndContributionMap":{}},{"hash":"2e2c94a8715de9f8ae27dfe3fd778f54d55922cd","isMergeCommit":true,"messageTitle":"Merge pull request #47 from jiahui0309/update-delete-command","messageBody":"Update Delete Command to delete with Person\u0027s IC","fileTypesAndContributionMap":{}},{"hash":"ba56b8f3169d27722e5697cab7ce1fb4a8e6f577","isMergeCommit":false,"messageTitle":"Fix bug that results in a empty line when a note is first added","messageBody":"","fileTypesAndContributionMap":{"functional-code":{"insertions":6,"deletions":5}}},{"hash":"44fb44e949110f002aec28e8fcd9257274d25c60","isMergeCommit":false,"messageTitle":"Update the output success message to be more user friendly","messageBody":"","fileTypesAndContributionMap":{"functional-code":{"insertions":3,"deletions":2}}}]},{"date":"2024-03-20","commitResults":[{"hash":"e9344111855be514da956b9dd6539a5745ef0819","isMergeCommit":true,"messageTitle":"Merge pull request #64 from drustanyjt/drus-ci","messageBody":"Add release workflows and update icons/titles to match product","fileTypesAndContributionMap":{}},{"hash":"78816172f25a8fe82a66935d381b9d1cc3a4f9af","isMergeCommit":false,"messageTitle":"Create UML diagram using PlantUML for addnotecommand function","messageBody":"","fileTypesAndContributionMap":{"docs":{"insertions":70,"deletions":0}}},{"hash":"032e2453de7b90a06cdef8075a04c35a7b374682","isMergeCommit":false,"messageTitle":"Add test cases for addnotecommand class","messageBody":"","fileTypesAndContributionMap":{"functional-code":{"insertions":1,"deletions":1},"test-code":{"insertions":38,"deletions":2}}},{"hash":"eccd7f69508df4cc8cad7455483dea9d21ae728d","isMergeCommit":false,"messageTitle":"Edit file to resolve checkstyle issues","messageBody":"","fileTypesAndContributionMap":{"test-code":{"insertions":3,"deletions":3}}},{"hash":"e346979cb6f0827b2bdf54ff46cddfcddde47717","isMergeCommit":true,"messageTitle":"Merge pull request #68 from jiahui0309/add-seq-diagram","messageBody":"Create UML diagram for find and delete commands","fileTypesAndContributionMap":{}},{"hash":"68b26570fd6df049800008271734c66b3e5f4f1e","isMergeCommit":true,"messageTitle":"Merge pull request #74 from Jayne1010/master","messageBody":"Add UML diagram for add command and edit command","fileTypesAndContributionMap":{}},{"hash":"58013af5ab57cfd07da360478ed0016c19db9e72","isMergeCommit":true,"messageTitle":"Merge pull request #78 from drustanyjt/drus-person-uml","messageBody":"Update UML diagram for Person","fileTypesAndContributionMap":{}},{"hash":"f9caef08d2a479ec65f42cb0beb9e3c735505c4b","isMergeCommit":true,"messageTitle":"Merge pull request #71 from tengcharmaine/uml_addnotecommand","messageBody":"Create UML diagram using PlantUML for addnotecommand function","fileTypesAndContributionMap":{}},{"hash":"71d8bc93b84be9e50bf3f3786e6b4a81dfa31d99","isMergeCommit":true,"messageTitle":"Merge pull request #67 from Jayne1010/UpdateDGv1.2b","messageBody":"Update dg for v1.2b","tags":["dev"],"fileTypesAndContributionMap":{}},{"hash":"dd696a81d7454b18a575688973537dfdd248670c","isMergeCommit":false,"messageTitle":"Update sex field to accept upper and lower case","messageBody":"","fileTypesAndContributionMap":{"functional-code":{"insertions":3,"deletions":3}}},{"hash":"d8902645b25aa38d037c66a1273ed6efeb38b3c7","isMergeCommit":true,"messageTitle":"Merge pull request #77 from Jayne1010/UpdateAddCommandTestv1.2b","messageBody":"Update add command test for v1.2b","fileTypesAndContributionMap":{}}]},{"date":"2024-03-21","commitResults":[{"hash":"a3c54ace8262ecf7334bf349a42687140ca85c47","isMergeCommit":false,"messageTitle":"Update fxml to change the ui for main window but incomplete","messageBody":"","fileTypesAndContributionMap":{"functional-code":{"insertions":22,"deletions":7}}}]},{"date":"2024-03-22","commitResults":[{"hash":"0462a049e5d09e807cc18f4a40bbf9ac2c095a66","isMergeCommit":false,"messageTitle":"Update split window to make it grow proportionately","messageBody":"","fileTypesAndContributionMap":{"functional-code":{"insertions":2,"deletions":8}}}]},{"date":"2024-03-23","commitResults":[{"hash":"cbf68d9c7159c173b1e2944b37f6373db078d2ea","isMergeCommit":false,"messageTitle":"Update addnote command to not have an ic prefix","messageBody":"","fileTypesAndContributionMap":{"functional-code":{"insertions":8,"deletions":10}}},{"hash":"2fc51897e64f04dc4a6d397c7038418e97e62866","isMergeCommit":false,"messageTitle":"Update addressbook parser test cases for addnote","messageBody":"","fileTypesAndContributionMap":{"test-code":{"insertions":4,"deletions":5}}}]},{"date":"2024-03-24","commitResults":[{"hash":"a74be2dc55f4d95d771b1d74b59fb383ac163884","isMergeCommit":true,"messageTitle":"Merge pull request #109 from tengcharmaine/edit_addnote","messageBody":"Update addnote to not include ic prefix","fileTypesAndContributionMap":{}},{"hash":"874eccc4f0f3eda22b3e2e643825989a1bcea4d0","isMergeCommit":false,"messageTitle":"Update addnote to display full list when nonexistent ic is used","messageBody":"","fileTypesAndContributionMap":{"functional-code":{"insertions":7,"deletions":6}}},{"hash":"f58dcc23216924adde4550e515718482cf9663e1","isMergeCommit":false,"messageTitle":"Update invalid command message for addnote command","messageBody":"","fileTypesAndContributionMap":{"functional-code":{"insertions":5,"deletions":6}}},{"hash":"867545fb5ca5b5f9a1fcfeefed02bad1afdb13b5","isMergeCommit":false,"messageTitle":"Remove unused message","messageBody":"","fileTypesAndContributionMap":{"functional-code":{"insertions":0,"deletions":1}}},{"hash":"c93c9e41c777b2f24a99a71fa2e28a3f9450abfe","isMergeCommit":false,"messageTitle":"Remove duplicated prefix for ic and update classes accordingly","messageBody":"","fileTypesAndContributionMap":{"functional-code":{"insertions":0,"deletions":1},"test-code":{"insertions":4,"deletions":4}}},{"hash":"5421d4505608abb85be1b48e6089421484f93073","isMergeCommit":false,"messageTitle":"Update error message regarding invalid ic format","messageBody":"","fileTypesAndContributionMap":{"functional-code":{"insertions":3,"deletions":4}}},{"hash":"c381951422a7fa3f1457dbd53e75f503964db799","isMergeCommit":false,"messageTitle":"Update delete command parser to print correct error messages","messageBody":"","fileTypesAndContributionMap":{"functional-code":{"insertions":9,"deletions":0}}},{"hash":"3a469e88fbbcd2a18ab12e2d768762786f3da67b","isMergeCommit":false,"messageTitle":"Update test cases for delete command","messageBody":"","fileTypesAndContributionMap":{"functional-code":{"insertions":2,"deletions":3},"test-code":{"insertions":9,"deletions":6}}}]},{"date":"2024-03-25","commitResults":[{"hash":"eb7948413ec5b5a1e4e64bf7eaae68d0208b64f0","isMergeCommit":false,"messageTitle":"Update test cases for addnote command","messageBody":"","fileTypesAndContributionMap":{"functional-code":{"insertions":1,"deletions":3},"test-code":{"insertions":13,"deletions":2}}},{"hash":"0f14ff37196ca7572d3dac2ab6393cdb841c18c3","isMergeCommit":false,"messageTitle":"Resolve checkstyle error","messageBody":"","fileTypesAndContributionMap":{"test-code":{"insertions":0,"deletions":1}}},{"hash":"df348f85c73eafa4cd5d9cd6a35818b0e3bd695a","isMergeCommit":false,"messageTitle":"Update image on home page of website","messageBody":"","fileTypesAndContributionMap":{"docs":{"insertions":1,"deletions":1}}},{"hash":"36a425fdc97382f105fa9aaa511ff1f1acde5115","isMergeCommit":false,"messageTitle":"Update acknowledgements","messageBody":"","fileTypesAndContributionMap":{"docs":{"insertions":1,"deletions":1}}},{"hash":"80329a3e22685eb0cae800f39d0c7867f0a1569e","isMergeCommit":false,"messageTitle":"Update architecture sequence diagram","messageBody":"","fileTypesAndContributionMap":{"docs":{"insertions":2,"deletions":2}}},{"hash":"e11433faf2180bf38b9f99ad1dbc9c55db6bedd8","isMergeCommit":false,"messageTitle":"Update image of ui in user guide","messageBody":"","fileTypesAndContributionMap":{"docs":{"insertions":1,"deletions":1}}},{"hash":"3c1165b3f7da85400eec941b606f610cd475fc74","isMergeCommit":false,"messageTitle":"Update contents of dg","messageBody":"","fileTypesAndContributionMap":{"docs":{"insertions":3,"deletions":3}}},{"hash":"37ca6f6becd1f680736b26b9b28aafc01f6d4a96","isMergeCommit":false,"messageTitle":"Update implementation details for add command","messageBody":"","fileTypesAndContributionMap":{"docs":{"insertions":71,"deletions":55}}},{"hash":"e6665733eca6bd30fb05fe22be6f816dd67fbf8a","isMergeCommit":false,"messageTitle":"Small update on add command implementation","messageBody":"","fileTypesAndContributionMap":{"docs":{"insertions":2,"deletions":2}}},{"hash":"1dfa6a33b176399156f3b3286efad3572f4c49d6","isMergeCommit":false,"messageTitle":"Update implementation and design considerations for addnote command","messageBody":"","fileTypesAndContributionMap":{"docs":{"insertions":73,"deletions":2}}},{"hash":"b41ae35832f4614c6a68cbeec731fb18cd3f69bb","isMergeCommit":false,"messageTitle":"Update find command implementation and design consideration","messageBody":"","fileTypesAndContributionMap":{"docs":{"insertions":62,"deletions":0}}},{"hash":"45b3c6a4ff6263108ef7a6be2763531ed662fc32","isMergeCommit":false,"messageTitle":"Update delete feature implementation and design consideration","messageBody":"","fileTypesAndContributionMap":{"docs":{"insertions":68,"deletions":3}}},{"hash":"35dbd9737e22b276950800f0f0f75b29739b60d1","isMergeCommit":false,"messageTitle":"Update edit command implementation and design considerations","messageBody":"","fileTypesAndContributionMap":{"docs":{"insertions":62,"deletions":0}}},{"hash":"601147efb2aa2cb4768ebbd4af1bfe7c2051128f","isMergeCommit":false,"messageTitle":"Update show command proposed implementation and design","messageBody":"","fileTypesAndContributionMap":{"docs":{"insertions":61,"deletions":0}}},{"hash":"cd046640e376c6c710eced4cd9f9a33f374f14f2","isMergeCommit":false,"messageTitle":"Update user stories section","messageBody":"","fileTypesAndContributionMap":{"docs":{"insertions":10,"deletions":11}}},{"hash":"d0e44243613bc049ace5eaeb5c41548f59c952cb","isMergeCommit":false,"messageTitle":"Update use cases section","messageBody":"","fileTypesAndContributionMap":{"docs":{"insertions":27,"deletions":2}}},{"hash":"4f5ff14a7431ba763ab823dc415ce2cde0aa2cb6","isMergeCommit":false,"messageTitle":"Update test cases section","messageBody":"","fileTypesAndContributionMap":{"docs":{"insertions":65,"deletions":11}}},{"hash":"cfe834f707b28b7c896d2e269505a35a6758bb10","isMergeCommit":false,"messageTitle":"Update test case section in dg","messageBody":"","fileTypesAndContributionMap":{"docs":{"insertions":0,"deletions":6}}}]},{"date":"2024-03-26","commitResults":[{"hash":"ead123b00a9c9738f922ad46ff139eb56f2dbd9e","isMergeCommit":true,"messageTitle":"Merge pull request #116 from tengcharmaine/qol_updates","messageBody":"QOL bug updates","fileTypesAndContributionMap":{}},{"hash":"42166f44710337d1c5708076d88df106711246de","isMergeCommit":true,"messageTitle":"Merge pull request #119 from jiahui0309/edit-ug","messageBody":"Update UserGuide","fileTypesAndContributionMap":{}}]},{"date":"2024-03-27","commitResults":[{"hash":"e6c6b752f21bb8c5a90a0398f9bd8ed60e862fdc","isMergeCommit":false,"messageTitle":"Update DG with the correct diagram names","messageBody":"","fileTypesAndContributionMap":{"docs":{"insertions":8,"deletions":8}}},{"hash":"39cf4ea89bb6a8ef10af27a554d01789c878f542","isMergeCommit":true,"messageTitle":"Merge pull request #127 from tengcharmaine/dg_broken","messageBody":"Update DG with the correct diagram names","fileTypesAndContributionMap":{}},{"hash":"0e8b8738897509508bddff26b57e7661cba3175d","isMergeCommit":false,"messageTitle":"Update DG with most updated features","messageBody":"","fileTypesAndContributionMap":{"docs":{"insertions":0,"deletions":45}}},{"hash":"4e3cd112374d35f564520e52818f89c8f81a8b91","isMergeCommit":false,"messageTitle":"Improve the addcommand sequence diagram","messageBody":"","fileTypesAndContributionMap":{"docs":{"insertions":3,"deletions":3}}},{"hash":"f4cb0864aeb53673a2d54fb52e73a870c7793f64","isMergeCommit":false,"messageTitle":"Update centralisation for images","messageBody":"","fileTypesAndContributionMap":{"docs":{"insertions":15,"deletions":17}}}]},{"date":"2024-03-28","commitResults":[{"hash":"f4585e5ecf669d1210ce054edd9672d5f3926b5d","isMergeCommit":true,"messageTitle":"Merge pull request #129 from tengcharmaine/dg_updates","messageBody":"DG updates","tags":["v1.3.trial"],"fileTypesAndContributionMap":{}},{"hash":"8a3c22f40c76a19b77f4655d69fda8dce93ff6e7","isMergeCommit":false,"messageTitle":"Update note ui display to truncate properly","messageBody":"","fileTypesAndContributionMap":{"functional-code":{"insertions":31,"deletions":3}}},{"hash":"f1c74868d356755e50cc0cf22d1997d8f7f39884","isMergeCommit":false,"messageTitle":"Resolve checkstyle error","messageBody":"","fileTypesAndContributionMap":{"functional-code":{"insertions":2,"deletions":1}}},{"hash":"009f60c267344082a7d1aba6e83bf34196d57ace","isMergeCommit":true,"messageTitle":"Merge pull request #132 from tengcharmaine/personcard_ui","messageBody":"Personcard UI","fileTypesAndContributionMap":{}},{"hash":"a467a6210734975bd5b14f6ff60f6fd8f01b997e","isMergeCommit":false,"messageTitle":"Update build.gradle file to enable assertions","messageBody":"","fileTypesAndContributionMap":{"other":{"insertions":4,"deletions":0}}}]},{"date":"2024-04-04","commitResults":[{"hash":"f9a5fbd1371467da5ac6cb37824376ddf4da1eb1","isMergeCommit":false,"messageTitle":"Correct typos and add more FAQs","messageBody":"","fileTypesAndContributionMap":{"docs":{"insertions":27,"deletions":15}}},{"hash":"c022c14279c3131d9feb5a9b7d1681d0d36155dc","isMergeCommit":false,"messageTitle":"Update user guide to include new screenshots","messageBody":"","fileTypesAndContributionMap":{"docs":{"insertions":13,"deletions":1}}},{"hash":"f40fe8182e3b6ae6b9e841860c2fa8fd1457e780","isMergeCommit":false,"messageTitle":"Change minor typos","messageBody":"","fileTypesAndContributionMap":{"docs":{"insertions":2,"deletions":2}}},{"hash":"936dbb39d16b3c26db0eeeedf3e04a44652209f2","isMergeCommit":true,"messageTitle":"Merge pull request #142 from tengcharmaine/ugupdates","messageBody":"Final check before v1.3 closes and UG updates","fileTypesAndContributionMap":{}},{"hash":"179b8cf86e5dccecb4a4e7c36fd7778f9cdfcca0","isMergeCommit":false,"messageTitle":"Fix ui idsplay of personcard contents","messageBody":"","fileTypesAndContributionMap":{"functional-code":{"insertions":9,"deletions":6}}}]},{"date":"2024-04-10","commitResults":[{"hash":"a526b29116ad4fde36975200fa71bf3982bfc3ee","isMergeCommit":false,"messageTitle":"Bug fix for 166,162,161,177","messageBody":"","fileTypesAndContributionMap":{"docs":{"insertions":1,"deletions":1}}},{"hash":"1761bb3b8bd15c470432f48882cb412cfe9d73cf","isMergeCommit":false,"messageTitle":"Bug fix for 187","messageBody":"","fileTypesAndContributionMap":{"docs":{"insertions":3,"deletions":2}}},{"hash":"3de57258dfead5897f46aa29342f21bcbac34b4f","isMergeCommit":false,"messageTitle":"Resolves bug 183","messageBody":"","fileTypesAndContributionMap":{"docs":{"insertions":1,"deletions":0}}},{"hash":"56601815b8a5e6e263a0b51e186f8c81003a6d9a","isMergeCommit":false,"messageTitle":"Resolves bug 189","messageBody":"","fileTypesAndContributionMap":{"docs":{"insertions":14,"deletions":2}}},{"hash":"84a05025f37657eec878ecd5f7703fba8ec130f8","isMergeCommit":false,"messageTitle":"Resolves bug 188","messageBody":"","fileTypesAndContributionMap":{"docs":{"insertions":28,"deletions":26}}},{"hash":"cb5936a5f1e340688169411fec534203de0ee0e4","isMergeCommit":false,"messageTitle":"Adding of page breaks","messageBody":"","fileTypesAndContributionMap":{"docs":{"insertions":2,"deletions":0}}},{"hash":"5964bd9af89e6e3b0d04cad47807336fd3e003c7","isMergeCommit":false,"messageTitle":"Fix typo and add faq on help window icon not working","messageBody":"","fileTypesAndContributionMap":{"docs":{"insertions":4,"deletions":1}}},{"hash":"074041dd869509099e1784249139219c55a8e2bd","isMergeCommit":false,"messageTitle":"Add faq, notes and further enchancement for 181 and 185","messageBody":"","fileTypesAndContributionMap":{"docs":{"insertions":9,"deletions":1}}},{"hash":"62d54ab740f4ace9e98a69024e69734ea4d8806e","isMergeCommit":false,"messageTitle":"Fix typos in the ug","messageBody":"","fileTypesAndContributionMap":{"docs":{"insertions":1,"deletions":2}}},{"hash":"7ec80ee408b169fa25c2e743fd400e3c830a0388","isMergeCommit":true,"messageTitle":"Merge branch \u0027master\u0027 into ped_bugs","messageBody":"","fileTypesAndContributionMap":{}}]},{"date":"2024-04-12","commitResults":[{"hash":"4805a6d596185b1041c59b3cc6c8e89ca6877c45","isMergeCommit":true,"messageTitle":"Merge pull request #220 from tengcharmaine/ped_bugs","messageBody":"Ped bugs","fileTypesAndContributionMap":{}},{"hash":"8faf579833d9d92bf8125ede8d932d908f130c40","isMergeCommit":true,"messageTitle":"Merge pull request #229 from drustanyjt/drus-docs","messageBody":"UG Fixes","tags":["nightly-2024-04-12-8faf579"],"fileTypesAndContributionMap":{}}]},{"date":"2024-04-13","commitResults":[{"hash":"a9581312c792bf4685426cddd6a6c4c50469dc65","isMergeCommit":true,"messageTitle":"Merge pull request #243 from jiahui0309/jh-edit-ug","messageBody":"Edit user guide together","fileTypesAndContributionMap":{}}]}],"jiahui0309":[{"date":"2024-03-03","commitResults":[{"hash":"be650b34b7753172421b5ac7dc1b96999429bb1c","isMergeCommit":false,"messageTitle":"Update About Us","messageBody":"","fileTypesAndContributionMap":{"docs":{"insertions":17,"deletions":29}}},{"hash":"d7d233883734a9e0bcc21f4991fc8f820a6ba874","isMergeCommit":false,"messageTitle":"Update About Us from feedbacks","messageBody":"","fileTypesAndContributionMap":{"docs":{"insertions":6,"deletions":4}}},{"hash":"c363de2811d3fd0a4d3110b9047eee86e9232c22","isMergeCommit":true,"messageTitle":"Merge pull request #19 from jiahui0309/update-about-us","messageBody":"Update About Us","fileTypesAndContributionMap":{}}]},{"date":"2024-03-04","commitResults":[{"hash":"9a969a3bb60e72dcfaf0bc6d755408e91f78fe54","isMergeCommit":false,"messageTitle":"Update DG usecase","messageBody":"","fileTypesAndContributionMap":{"docs":{"insertions":97,"deletions":2}}}]},{"date":"2024-03-05","commitResults":[{"hash":"f06e933edb533409ab4cce2c551b975a0b604bd2","isMergeCommit":false,"messageTitle":"Update DG usecase from comments","messageBody":"","fileTypesAndContributionMap":{"docs":{"insertions":20,"deletions":20}}},{"hash":"f2831f7e8d61abdedfb24b7ebd72b5e7fcafd917","isMergeCommit":true,"messageTitle":"Merge pull request #29 from drustanyjt/docs-dg-glossary","messageBody":"Add medical terms in meeting notes to glossary","fileTypesAndContributionMap":{}},{"hash":"4e8320caaaf9ba28f09b91f32975fa292a0f96af","isMergeCommit":true,"messageTitle":"Merge pull request #28 from jiahui0309/update-dg-usecase","messageBody":"Update DG usecase","fileTypesAndContributionMap":{}}]},{"date":"2024-03-06","commitResults":[{"hash":"548133f9d747a41caa2218591dfc1e381a2f0f60","isMergeCommit":true,"messageTitle":"Merge pull request #33 from tengcharmaine/updateug","messageBody":"Update Quick Start section of UG","fileTypesAndContributionMap":{}},{"hash":"0d6da5c29394a526908e9fd2124d6549f57cec53","isMergeCommit":true,"messageTitle":"Merge pull request #34 from drustanyjt/docs-dg-product-scope","messageBody":"Update DeveloperGuide.md","fileTypesAndContributionMap":{}},{"hash":"8a80e337ed28e10568b9606abb2173afa58cc921","isMergeCommit":false,"messageTitle":"Update index.md","messageBody":"","fileTypesAndContributionMap":{"docs":{"insertions":4,"deletions":4}}},{"hash":"f2ec7ddff937a906bc2e2a0d7a00bc620db97ef3","isMergeCommit":true,"messageTitle":"Merge pull request #35 from jiahui0309/update-index","messageBody":"Update index.md","fileTypesAndContributionMap":{}}]},{"date":"2024-03-16","commitResults":[{"hash":"dfcbf36c65d5d96d25471da99407015f2221593a","isMergeCommit":true,"messageTitle":"Merge pull request #44 from drustanyjt/drus-update-person","messageBody":"Update Person Class","fileTypesAndContributionMap":{}},{"hash":"0813c1753e3f735d66fefa81ab4bd0698af2c3a6","isMergeCommit":false,"messageTitle":"Update Find command to search with Person\u0027s IC","messageBody":"","fileTypesAndContributionMap":{"functional-code":{"insertions":61,"deletions":17},"test-code":{"insertions":49,"deletions":42}}},{"hash":"53dac0a58990075939d2d93e04d7670b08f9eac6","isMergeCommit":false,"messageTitle":"Update PaserUtil to add parseIC","messageBody":"","fileTypesAndContributionMap":{"functional-code":{"insertions":18,"deletions":2},"test-code":{"insertions":3,"deletions":5}}},{"hash":"14de81967ef0fed342a542d525affb138668a6c0","isMergeCommit":true,"messageTitle":"Merge pull request #46 from jiahui0309/update-find-command","messageBody":"Update Find command to search using Person\u0027s IC","fileTypesAndContributionMap":{}},{"hash":"69940f556a45d2f7d548345fbbc9ee34cead237c","isMergeCommit":false,"messageTitle":"Update Delete Command to delete with Person\u0027s IC","messageBody":"","fileTypesAndContributionMap":{"functional-code":{"insertions":19,"deletions":17},"test-code":{"insertions":40,"deletions":38}}},{"hash":"e093fa404c24f17eeb13a8d96fa7c95313884e96","isMergeCommit":false,"messageTitle":"Update Delete Command class","messageBody":"","fileTypesAndContributionMap":{"functional-code":{"insertions":2,"deletions":2}}}]},{"date":"2024-03-18","commitResults":[{"hash":"7671661bb0df09ac3c55aa9c381db3cc8d8fbd05","isMergeCommit":false,"messageTitle":"Fix bugs in IdentityCardNumber class","messageBody":"","fileTypesAndContributionMap":{"functional-code":{"insertions":4,"deletions":3}}},{"hash":"60acb0663c3d3e2de1d454c6a776b59bdbd10ede","isMergeCommit":false,"messageTitle":"Fix checkstyle comments","messageBody":"","fileTypesAndContributionMap":{"functional-code":{"insertions":0,"deletions":2},"test-code":{"insertions":6,"deletions":21}}},{"hash":"541832906428e5254fbfdb0c8c44e7083e5b103c","isMergeCommit":true,"messageTitle":"Merge pull request #61 from jiahui0309/review-find-delete-commands","messageBody":"Fix bugs in IdentityCardNumber class","fileTypesAndContributionMap":{}},{"hash":"bed5d5d7d44d0f92a26211c8530e815482c3fcc6","isMergeCommit":true,"messageTitle":"Merge pull request #60 from tengcharmaine/bugfixes","messageBody":"Bugfixes for addnote command","tags":["v1.2"],"fileTypesAndContributionMap":{}}]},{"date":"2024-03-20","commitResults":[{"hash":"a018971dde606dce262bf8ae51a44b3286f25228","isMergeCommit":false,"messageTitle":"Add UML diagram for find and delete commands","messageBody":"","fileTypesAndContributionMap":{"docs":{"insertions":74,"deletions":4}}},{"hash":"81b904c26bf50c64bba80aa609cd3daf08f91aaa","isMergeCommit":false,"messageTitle":"Fix checkstyle","messageBody":"","fileTypesAndContributionMap":{"docs":{"insertions":1,"deletions":1}}},{"hash":"9f248ee44c792ab821a8785acc01b629531bb032","isMergeCommit":true,"messageTitle":"Merge pull request #83 from tengcharmaine/addnotetest","messageBody":"Add test cases for addnotecommand class","fileTypesAndContributionMap":{}}]},{"date":"2024-03-22","commitResults":[{"hash":"9275e1387489506d5cc140df44402a9d7f81e97e","isMergeCommit":true,"messageTitle":"Merge pull request #107 from tengcharmaine/improvenotesui","messageBody":"Create split screen to display patient information","fileTypesAndContributionMap":{}}]},{"date":"2024-03-23","commitResults":[{"hash":"2595550c9fdd52be07b388f1546750a6e51ce51d","isMergeCommit":false,"messageTitle":"Edit UI features of ClinicMate","messageBody":"","fileTypesAndContributionMap":{"functional-code":{"insertions":381,"deletions":10}}},{"hash":"30e7cb0f2c53c07e06224d4dac6592d4632070a9","isMergeCommit":false,"messageTitle":"Increase UI font size for better readability","messageBody":"","fileTypesAndContributionMap":{"functional-code":{"insertions":16,"deletions":15}}},{"hash":"73099e8a7d84cbf8f87eda7b4f6e8d605d6a589a","isMergeCommit":false,"messageTitle":"Add testcases for UiManagerTest","messageBody":"","fileTypesAndContributionMap":{"test-code":{"insertions":50,"deletions":0}}},{"hash":"6cf7d891d0c48fd9588b49ae4ba53c42335d9380","isMergeCommit":false,"messageTitle":"Remove unsupported testcase","messageBody":"","fileTypesAndContributionMap":{"test-code":{"insertions":0,"deletions":7}}},{"hash":"a0f8cb7b12f9557f07bde057a1e373838faa21ce","isMergeCommit":false,"messageTitle":"Remove UiManagerTest class","messageBody":"","fileTypesAndContributionMap":{"test-code":{"insertions":0,"deletions":43}}}]},{"date":"2024-03-24","commitResults":[{"hash":"51ad8c7e99813382f98f50dddf3f6177be90636f","isMergeCommit":false,"messageTitle":"Increase result box size","messageBody":"","fileTypesAndContributionMap":{"functional-code":{"insertions":1,"deletions":1}}}]},{"date":"2024-03-25","commitResults":[{"hash":"c401cfbf8813236f858eb5ce704366ea7ad26755","isMergeCommit":false,"messageTitle":"Fix UI bugs","messageBody":"","fileTypesAndContributionMap":{"functional-code":{"insertions":1,"deletions":0}}},{"hash":"6796bfd3ab92cbd768d8e2a7c8726cffc1d2f120","isMergeCommit":true,"messageTitle":"Merge pull request #117 from jiahui0309/fix-ui-bugs","messageBody":"Fix UI bugs","fileTypesAndContributionMap":{}},{"hash":"6650659c35ab136cbce04d61c6d82d288e0c8ccc","isMergeCommit":false,"messageTitle":"Update UserGuide","messageBody":"","fileTypesAndContributionMap":{"docs":{"insertions":46,"deletions":25}}}]},{"date":"2024-03-26","commitResults":[{"hash":"d2aca556e109382f7dc74a3b90166877bf2d025a","isMergeCommit":true,"messageTitle":"Merge pull request #120 from tengcharmaine/update_DG","messageBody":"Update dg","fileTypesAndContributionMap":{}},{"hash":"627ce3ff840a6f8c49cd7b3c99862f0ae77cdda4","isMergeCommit":false,"messageTitle":"Update User Guide","messageBody":"","fileTypesAndContributionMap":{"docs":{"insertions":30,"deletions":9}}},{"hash":"57d307021cef7d7cda305689f775e73434c0afa0","isMergeCommit":true,"messageTitle":"Merge pull request #122 from jiahui0309/edit-ug","messageBody":"Update User Guide","fileTypesAndContributionMap":{}}]},{"date":"2024-03-28","commitResults":[{"hash":"0d441915f32d6e041a581367eb9cde9d48cfec70","isMergeCommit":true,"messageTitle":"Merge pull request #130 from Jayne1010/NoteWindowUI","messageBody":"Update UI for note window","fileTypesAndContributionMap":{}}]},{"date":"2024-03-29","commitResults":[{"hash":"1139f09b2de424bf9ad6cbe0e325bab0ff8c62c1","isMergeCommit":false,"messageTitle":"Fix UI bugs for FindCommand","messageBody":"","fileTypesAndContributionMap":{"functional-code":{"insertions":26,"deletions":0}}},{"hash":"77d6fcf7ec293d4063e0edf275133e5de9b4a152","isMergeCommit":false,"messageTitle":"Add test cases","messageBody":"","fileTypesAndContributionMap":{"functional-code":{"insertions":7,"deletions":1},"test-code":{"insertions":64,"deletions":0}}}]},{"date":"2024-04-04","commitResults":[{"hash":"1bdfb6bb194b5937075810d8d3b9e024b81c4975","isMergeCommit":false,"messageTitle":"Refactor prefix symbols","messageBody":"","fileTypesAndContributionMap":{"functional-code":{"insertions":14,"deletions":13}}},{"hash":"56f1b3e4900ae74a92b4b81b4061ef1449a8d19a","isMergeCommit":true,"messageTitle":"Merge pull request #147 from jiahui0309/change_prefix_symbols","messageBody":"Refactor prefix symbols","fileTypesAndContributionMap":{}},{"hash":"5e122cf2145dbad59cf42073aaa41981dcf8552e","isMergeCommit":false,"messageTitle":"Edit UserGuide","messageBody":"","fileTypesAndContributionMap":{"docs":{"insertions":24,"deletions":18}}},{"hash":"d3482fd51b983cbd50b6ab67bbda71e198ef4b16","isMergeCommit":true,"messageTitle":"Merge pull request #151 from tengcharmaine/bug_fixesfor1.3","messageBody":"Fix ui display of personcard contents","fileTypesAndContributionMap":{}},{"hash":"cb65d40a2ffb6e8e13fae09b5c872bb6c6899df2","isMergeCommit":false,"messageTitle":"Edit UserGuide Appendix","messageBody":"","fileTypesAndContributionMap":{"docs":{"insertions":1,"deletions":0}}}]},{"date":"2024-04-06","commitResults":[{"hash":"152c3beb9b6b34b73699afbee463fba3b0ca2bac","isMergeCommit":false,"messageTitle":"Edit User Guide","messageBody":"","fileTypesAndContributionMap":{"docs":{"insertions":49,"deletions":8}}}]},{"date":"2024-04-07","commitResults":[{"hash":"476e23833ec7df22f920f6dd960bfb945aef009a","isMergeCommit":false,"messageTitle":"Edit User Guide","messageBody":"","fileTypesAndContributionMap":{"docs":{"insertions":17,"deletions":13}}}]},{"date":"2024-04-08","commitResults":[{"hash":"82ea1e3ed4979dcbc87f879bccdd6a860a9295c4","isMergeCommit":false,"messageTitle":"Edit User GUide","messageBody":"","fileTypesAndContributionMap":{"docs":{"insertions":76,"deletions":1}}}]},{"date":"2024-04-10","commitResults":[{"hash":"b8d9c9c931570edaee6cf4eec1c4fcd51af6004d","isMergeCommit":false,"messageTitle":"Fix PE bugs","messageBody":"","fileTypesAndContributionMap":{"docs":{"insertions":48,"deletions":22}}},{"hash":"4974803d8a06620fe905540af577a370dcd00a7d","isMergeCommit":true,"messageTitle":"Merge pull request #219 from jiahui0309/fix-pe-bugs","messageBody":"Fix PE bugs","fileTypesAndContributionMap":{}},{"hash":"f3d47f522b486f5d4f9253fc2fb1b56cd3a58d82","isMergeCommit":true,"messageTitle":"Merge pull request #159 from drustanyjt/drus-ug-bug","messageBody":"Add optional braces for edit command","tags":["nightly-2024-04-11-f3d47f5","nightly-2024-04-10-f3d47f5"],"fileTypesAndContributionMap":{}}]},{"date":"2024-04-12","commitResults":[{"hash":"bbdb435690fdf7139e050cef77a5e9ed50b819bd","isMergeCommit":false,"messageTitle":"Edit user guide together","messageBody":"","fileTypesAndContributionMap":{"docs":{"insertions":161,"deletions":187}}},{"hash":"73f6641b962127f922a05aec746b529b862e0816","isMergeCommit":false,"messageTitle":"Fix grammar error","messageBody":"","fileTypesAndContributionMap":{"docs":{"insertions":1,"deletions":1}}},{"hash":"07b6a900886f0bc7f1bf70277df46f0311b1fac6","isMergeCommit":false,"messageTitle":"Fix minor documentation bugs","messageBody":"","fileTypesAndContributionMap":{"docs":{"insertions":5,"deletions":5}}}]}]},"authorFileTypeContributionMap":{"drustanyjt":{"docs":52,"functional-code":732,"test-code":698,"other":1},"Jayne1010":{"docs":370,"functional-code":334,"test-code":325},"tengcharmaine":{"docs":586,"functional-code":237,"test-code":184,"other":4},"jiahui0309":{"docs":489,"functional-code":500,"test-code":149}},"authorContributionVariance":{"drustanyjt":115100.61,"Jayne1010":13423.477,"tengcharmaine":22988.975,"jiahui0309":9390.497},"authorDisplayNameMap":{"drustanyjt":"CS2103T-F14-2 YEO ..STAN","Jayne1010":"CS2103T-F14-2 CHEN..AYNE","tengcharmaine":"CS2103T-F14-2 TENG..AINE","jiahui0309":"CS2103T-F14-2 SONG.. HUI"}}
