{"authorDailyContributionsMap":{"drustanyjt":[{"date":"2024-03-03","commitResults":[{"hash":"e054773e7feb575fd00e7ac063510ae83d2c94d1","isMergeCommit":false,"messageTitle":"Update sitewide settings with product name and new logo","messageBody":"","fileTypesAndContributionMap":{"docs":{"insertions":2,"deletions":0}}},{"hash":"6b2d0514ccfe445f72ff94a09eff0e80b023a14c","isMergeCommit":true,"messageTitle":"Merge branch \u0027master\u0027 into docs-sitewide-settings","messageBody":"","fileTypesAndContributionMap":{}},{"hash":"3da4848193c31724810f138e9ca4ecc699b5622c","isMergeCommit":true,"messageTitle":"Merge pull request #20 from drustanyjt/docs-sitewide-settings","messageBody":"","fileTypesAndContributionMap":{}}]},{"date":"2024-03-04","commitResults":[{"hash":"863ee95c9fdb7c1212b802c562b4d0c47b9c75d0","isMergeCommit":false,"messageTitle":"Add medical terms in meeting notes to glossary","messageBody":"","fileTypesAndContributionMap":{"docs":{"insertions":5,"deletions":2}}},{"hash":"8490e739aea7f07a72a320c62382da7316e982d5","isMergeCommit":false,"messageTitle":"Fix whitespace errors","messageBody":"","fileTypesAndContributionMap":{"docs":{"insertions":2,"deletions":2}}}]},{"date":"2024-03-05","commitResults":[{"hash":"3936397f7fb177dbeb1099057ef0dd76c36f00de","isMergeCommit":false,"messageTitle":"Update DeveloperGuide.md","messageBody":"","fileTypesAndContributionMap":{"docs":{"insertions":2,"deletions":2}}}]},{"date":"2024-03-06","commitResults":[{"hash":"467d54beba603f8ee15c03f015b90ec4eadc35fa","isMergeCommit":false,"messageTitle":"Update DeveloperGuide.md","messageBody":"Added value proposition and user profile.","fileTypesAndContributionMap":{"docs":{"insertions":5,"deletions":3}}}]},{"date":"2024-03-15","commitResults":[{"hash":"9b3c1bc527279a3dbc61d1fbc343e5f74c11dd4a","isMergeCommit":false,"messageTitle":"Update models to support new Person fields","messageBody":"","fileTypesAndContributionMap":{"functional-code":{"insertions":306,"deletions":11}}}]},{"date":"2024-03-16","commitResults":[{"hash":"d6df9b2962221f3fc13fce1a89e015fe9b593b6f","isMergeCommit":false,"messageTitle":"Fix support for using the new Person constructor","messageBody":"","fileTypesAndContributionMap":{"functional-code":{"insertions":134,"deletions":39},"test-code":{"insertions":164,"deletions":42}}},{"hash":"90a1a5e75fde24f143b3b5378ff6a59ec1d4df26","isMergeCommit":false,"messageTitle":"Fix line formatting issues","messageBody":"","fileTypesAndContributionMap":{"functional-code":{"insertions":283,"deletions":283}}},{"hash":"9348f3b6d45023bb0d5cf0204d918548c6d78c75","isMergeCommit":false,"messageTitle":"Fix line too long for checkstyle","messageBody":"","fileTypesAndContributionMap":{"functional-code":{"insertions":2,"deletions":1}}},{"hash":"6ff0db7e1787cf29bb66f08f7113ec6e9d112e87","isMergeCommit":false,"messageTitle":"Add test coverage for new Person fields","messageBody":"","fileTypesAndContributionMap":{"functional-code":{"insertions":1,"deletions":1},"test-code":{"insertions":548,"deletions":228}}},{"hash":"5b7b1918e150a30060cc1fe87d8c58b9dc9bb2b5","isMergeCommit":false,"messageTitle":"Replace CRLF with LF","messageBody":"","fileTypesAndContributionMap":{"test-code":{"insertions":325,"deletions":325}}},{"hash":"fe3baa9236e2f4c21a40ff41e1f311acab6e8b14","isMergeCommit":false,"messageTitle":"Fix message not showing some fields from a Person","messageBody":"","fileTypesAndContributionMap":{"functional-code":{"insertions":15,"deletions":5}}}]},{"date":"2024-03-18","commitResults":[{"hash":"bc2abd9ebf106d1d87120297ec67a2c3e8293ba7","isMergeCommit":false,"messageTitle":"Re-rename test file","messageBody":"","fileTypesAndContributionMap":{"other":{"insertions":1,"deletions":1}}}]},{"date":"2024-03-19","commitResults":[{"hash":"a3fd086dc37a1c7fbcfc25baa770d83a9b894458","isMergeCommit":true,"messageTitle":"Merge pull request #63 from drustanyjt/fix-phonetest","messageBody":"","fileTypesAndContributionMap":{}}]}],"Jayne1010":[{"date":"2024-03-05","commitResults":[{"hash":"5c3b512b4437b7dbc40a12f81d2a5f2c4043d612","isMergeCommit":false,"messageTitle":"Update user guide","messageBody":"","fileTypesAndContributionMap":{"docs":{"insertions":34,"deletions":58}}},{"hash":"474dc32baa8f98a1a8bcbf3df39a6e78e83f1d2d","isMergeCommit":false,"messageTitle":"Update UG with minor typo fix","messageBody":"","fileTypesAndContributionMap":{"docs":{"insertions":1,"deletions":1}}},{"hash":"8a95434394c4826dbd915f7d99bdb060ed2ea7aa","isMergeCommit":false,"messageTitle":"Update UG","messageBody":"","fileTypesAndContributionMap":{"docs":{"insertions":1,"deletions":0}}},{"hash":"bccedcb53f202203ade98150652a325be001ba04","isMergeCommit":false,"messageTitle":"Update UG","messageBody":"","fileTypesAndContributionMap":{"docs":{"insertions":3,"deletions":3}}},{"hash":"80c59a32e3f398301150979761ec4f763903e5f0","isMergeCommit":false,"messageTitle":"Update UG","messageBody":"","fileTypesAndContributionMap":{"docs":{"insertions":1,"deletions":1}}},{"hash":"ae0360ebd33544f6c1b1b14bc94e972a998f48f5","isMergeCommit":false,"messageTitle":"Update UG","messageBody":"","fileTypesAndContributionMap":{"docs":{"insertions":0,"deletions":1}}},{"hash":"25b35b33296660a59dfebfe6c7c75df99957da4f","isMergeCommit":false,"messageTitle":"Update DG","messageBody":"","fileTypesAndContributionMap":{"docs":{"insertions":34,"deletions":58}}},{"hash":"e6ef73be1f8c8973daa5432b782e0115a35d3945","isMergeCommit":false,"messageTitle":"Update DG v1.1","messageBody":"","fileTypesAndContributionMap":{"docs":{"insertions":11,"deletions":9}}},{"hash":"8ef12faa0943d2dfcd686f934b30f37ee98b8ad4","isMergeCommit":false,"messageTitle":"Update DG","messageBody":"","fileTypesAndContributionMap":{"docs":{"insertions":1,"deletions":0}}},{"hash":"a848745810b23913f65038b592963a9ba03b4d72","isMergeCommit":false,"messageTitle":"Update DG","messageBody":"","fileTypesAndContributionMap":{"docs":{"insertions":1,"deletions":0}}},{"hash":"62eceedef59ac84b48a8dfdf17b5e857dfaf23b7","isMergeCommit":false,"messageTitle":"Update DG","messageBody":"","fileTypesAndContributionMap":{"docs":{"insertions":0,"deletions":1}}},{"hash":"90d19984cb50ddf3faa74ac2182f8724cf041efb","isMergeCommit":true,"messageTitle":"Merge pull request #26 from Jayne1010/Updated-DG-v1.1","messageBody":"Update dg v1.1","fileTypesAndContributionMap":{}},{"hash":"c9d0294eb50bbd3d051ef812fc30db401db1a632","isMergeCommit":false,"messageTitle":"Revert \"Update dg v1.1\"","messageBody":"","fileTypesAndContributionMap":{"docs":{"insertions":67,"deletions":46}}},{"hash":"44d87616ec6b8d546d083f15578cb65e6fa586fb","isMergeCommit":true,"messageTitle":"Merge pull request #30 from AY2324S2-CS2103T-F14-2/revert-26-Updated-DG-v1.1","messageBody":"Revert \"Update dg v1.1\"","fileTypesAndContributionMap":{}},{"hash":"46d4d35070797256cbf1a01fb7a6bb5cb07954a2","isMergeCommit":false,"messageTitle":"Update UG","messageBody":"","fileTypesAndContributionMap":{"docs":{"insertions":1,"deletions":1}}},{"hash":"349d3530bc407f12ef6316292df677f7da1ea3ed","isMergeCommit":false,"messageTitle":"Update UG","messageBody":"","fileTypesAndContributionMap":{"docs":{"insertions":1,"deletions":1}}}]},{"date":"2024-03-17","commitResults":[{"hash":"e7f6c808b940a0a5390acbc01033aeeeef77cbd9","isMergeCommit":false,"messageTitle":"Update Add Command","messageBody":"","fileTypesAndContributionMap":{"functional-code":{"insertions":82,"deletions":67},"other":{"insertions":1,"deletions":1},"test-code":{"insertions":9,"deletions":14}}},{"hash":"4a73cf3ede2e956c8dd997ab9bcb35674c40097e","isMergeCommit":false,"messageTitle":"Update Add Command to add more Person\u0027s parameters","messageBody":"","fileTypesAndContributionMap":{"functional-code":{"insertions":18,"deletions":5}}},{"hash":"d9dd3a2450670ae972f69520634b5a7de98503ea","isMergeCommit":false,"messageTitle":"Fix style: General style improvements","messageBody":"","fileTypesAndContributionMap":{"functional-code":{"insertions":33,"deletions":7}}},{"hash":"1432dd9f55d45c5b22611d4b3ca6f29f48296dd4","isMergeCommit":false,"messageTitle":"Fix style: General style improvements","messageBody":"","fileTypesAndContributionMap":{"functional-code":{"insertions":17,"deletions":7}}},{"hash":"713b587907b03b5b815d55a9623da1419dcf9333","isMergeCommit":false,"messageTitle":"Fix style: General style improvements","messageBody":"","fileTypesAndContributionMap":{"functional-code":{"insertions":4,"deletions":2}}},{"hash":"116d1a441c736c1bd2b93c3a4cdbae8d8e1b740c","isMergeCommit":false,"messageTitle":"Fix style: General style improvements","messageBody":"","fileTypesAndContributionMap":{"test-code":{"insertions":4,"deletions":2}}},{"hash":"defb309d5fc0c8ce6a000cfd2426b4b1cbdc811e","isMergeCommit":false,"messageTitle":"Fix style: General style improvements","messageBody":"","fileTypesAndContributionMap":{"functional-code":{"insertions":29,"deletions":30},"test-code":{"insertions":14,"deletions":9}}},{"hash":"c06824bf8da1476b28ac4e629c59e8aa1a1d6bc0","isMergeCommit":false,"messageTitle":"Fix style: General style improvements","messageBody":"","fileTypesAndContributionMap":{"functional-code":{"insertions":8,"deletions":2}}},{"hash":"f9a36cbb78b0a4e360cc66370dff542601aaebaa","isMergeCommit":false,"messageTitle":"Fix style: General style improvements","messageBody":"","fileTypesAndContributionMap":{"test-code":{"insertions":1,"deletions":1}}},{"hash":"01efc05263cab20b8e01b9148cb39d063bc9922c","isMergeCommit":false,"messageTitle":"Fix style: General style improvements","messageBody":"","fileTypesAndContributionMap":{"functional-code":{"insertions":16,"deletions":21}}},{"hash":"3aabcf15f4e2a9b3b52e6b38a298fa3cd7c30c68","isMergeCommit":true,"messageTitle":"Merge pull request #53 from Jayne1010/UpdateAdd1.2","messageBody":"Update add1.2","fileTypesAndContributionMap":{}}]}],"tengcharmaine":[{"date":"2024-03-03","commitResults":[{"hash":"6adfcc34a784f13ffc31553c6973dadbb80cac88","isMergeCommit":false,"messageTitle":"Update Ui mockup png to the new Ui mockup in readme","messageBody":"","fileTypesAndContributionMap":{"docs":{"insertions":2,"deletions":2}}},{"hash":"1486ea0ef2a180512c5976509554d75ef28089dd","isMergeCommit":false,"messageTitle":"Update readme docs for Clinic Mate from original docs","messageBody":"","fileTypesAndContributionMap":{"docs":{"insertions":19,"deletions":10}}},{"hash":"6e06e4ea3678473438cca55efac61b95ed58ecbf","isMergeCommit":false,"messageTitle":"Fix errors from github checks","messageBody":"","fileTypesAndContributionMap":{"docs":{"insertions":3,"deletions":3}}},{"hash":"19bf42edea40495ac4119f43eb631d4c62b37073","isMergeCommit":false,"messageTitle":"Update CI status badge to reflect build status of teams repo","messageBody":"","fileTypesAndContributionMap":{"docs":{"insertions":1,"deletions":1}}},{"hash":"633a23989c72c88bc8f67cdfd1334c35eb009fa0","isMergeCommit":false,"messageTitle":"Update non-functional requirements (NFRs) to developers guide","messageBody":"","fileTypesAndContributionMap":{"docs":{"insertions":10,"deletions":5}}},{"hash":"6e1c8f60919f274804a665135aa7ee90348f57b0","isMergeCommit":true,"messageTitle":"Merge pull request #24 from tengcharmaine/update-readme","messageBody":"Update Project README","fileTypesAndContributionMap":{}},{"hash":"922bfe9ea876da86da32caebe1932565f064f5b4","isMergeCommit":true,"messageTitle":"Merge pull request #25 from tengcharmaine/update_NFR","messageBody":"Update non-functional requirements (NFRs) to developers guide","fileTypesAndContributionMap":{}}]},{"date":"2024-03-05","commitResults":[{"hash":"46d097d2b310c08dd298e62dc545ff12a54644de","isMergeCommit":true,"messageTitle":"Merge pull request #27 from Jayne1010/Updated-UG-v1.1","messageBody":"Update ug v1.1","fileTypesAndContributionMap":{}}]},{"date":"2024-03-06","commitResults":[{"hash":"3f6d958b873330dc5407e8bb3e43e7334e3e1aa6","isMergeCommit":false,"messageTitle":"Update Quick Start section of UG","messageBody":"","fileTypesAndContributionMap":{"docs":{"insertions":3,"deletions":3}}}]},{"date":"2024-03-16","commitResults":[{"hash":"0fe36078122ac2a61d7c89cdf4788d23bdec8e40","isMergeCommit":false,"messageTitle":"Create a new AddNoteCommand class for the new addnote functionality","messageBody":"","fileTypesAndContributionMap":{"functional-code":{"insertions":35,"deletions":0}}},{"hash":"665392252e1bf9f57f32851c3b3d129c5456494c","isMergeCommit":false,"messageTitle":"Start addnote from scratch again to prevent mixup","messageBody":"","fileTypesAndContributionMap":{"functional-code":{"insertions":5,"deletions":24}}},{"hash":"fba4dade8a26169a869463e43b0054dc894086bb","isMergeCommit":false,"messageTitle":"Update main body of the addnote command class","messageBody":"","fileTypesAndContributionMap":{"functional-code":{"insertions":15,"deletions":2}}},{"hash":"cdf552de2e734860f1806a08f8c948db40404c0a","isMergeCommit":true,"messageTitle":"Merge branch \u0027master\u0027 of https://github.com/tengcharmaine/tp into addnote","messageBody":"","fileTypesAndContributionMap":{}},{"hash":"47fef0bc3dd278ca979e3221291cfdf8b93bfcb6","isMergeCommit":false,"messageTitle":"Update addressbookparser to include addnote command","messageBody":"","fileTypesAndContributionMap":{"functional-code":{"insertions":4,"deletions":9}}},{"hash":"f064efd928120ca7e3f14ca4cf19b8b11ced1735","isMergeCommit":false,"messageTitle":"Add prefix for the note section of the addnotecommand","messageBody":"","fileTypesAndContributionMap":{"functional-code":{"insertions":1,"deletions":0}}},{"hash":"2ff70274d59ddbb96029423577e0edc49be78132","isMergeCommit":false,"messageTitle":"Add test file to test the functionality of the addnotecommand","messageBody":"","fileTypesAndContributionMap":{"test-code":{"insertions":24,"deletions":0}}},{"hash":"6ae46c777b2f1815a580b357825e42e710dfc2ce","isMergeCommit":false,"messageTitle":"Update addressbookparsertest file to include the parsing of the addnote command","messageBody":"","fileTypesAndContributionMap":{"test-code":{"insertions":6,"deletions":8}}},{"hash":"0aa30a47054fa71b0e61a5b71517c46094e320bc","isMergeCommit":false,"messageTitle":"Create parser for addnotecommand to parse addnote command","messageBody":"","fileTypesAndContributionMap":{"functional-code":{"insertions":72,"deletions":3}}},{"hash":"b953704fc5e36e73e89303fadb54bd1db3404414","isMergeCommit":false,"messageTitle":"Add more tests for addnotecommandtest to check if add note command works","messageBody":"","fileTypesAndContributionMap":{"test-code":{"insertions":37,"deletions":6}}},{"hash":"19c02c9a4c8c6f0ae5a077154ded5e502a1de9d3","isMergeCommit":false,"messageTitle":"Update addressbookparsertest to check that parsing works","messageBody":"","fileTypesAndContributionMap":{"test-code":{"insertions":5,"deletions":1}}},{"hash":"e92c6a711c6103d786f4ded3b22354c9ee288fec","isMergeCommit":false,"messageTitle":"Create a parser test for addnotecommandparser","messageBody":"","fileTypesAndContributionMap":{"test-code":{"insertions":42,"deletions":0}}},{"hash":"9b401bddb29969bf74af3ade8e3bfcf4c00301c1","isMergeCommit":false,"messageTitle":"Update comments to fit the class name","messageBody":"","fileTypesAndContributionMap":{"functional-code":{"insertions":3,"deletions":4}}},{"hash":"5dd57bd198941b8960523b4e5546c701825a35c4","isMergeCommit":false,"messageTitle":"Update names of variables to match new names","messageBody":"","fileTypesAndContributionMap":{"test-code":{"insertions":4,"deletions":4}}},{"hash":"50f08d92eb32fdc0b3194006629dc76aee34db49","isMergeCommit":false,"messageTitle":"Update the type of note to all relevant files and create a test for note class","messageBody":"","fileTypesAndContributionMap":{"functional-code":{"insertions":5,"deletions":3},"test-code":{"insertions":48,"deletions":9}}},{"hash":"18e48a708961bdd57d13a098c30dbb99ad7a9ae2","isMergeCommit":false,"messageTitle":"Update code for the ui to show note in the main window","messageBody":"","fileTypesAndContributionMap":{"functional-code":{"insertions":3,"deletions":0}}},{"hash":"59c2973f81bf759822ae322d8df6e1d048e0258d","isMergeCommit":false,"messageTitle":"Update code for ui to work properly","messageBody":"","fileTypesAndContributionMap":{"functional-code":{"insertions":1,"deletions":0}}},{"hash":"a8cda1b083ae0911b9d21f4c550a6d8aea2377c0","isMergeCommit":false,"messageTitle":"Update addnotecommand class to have the correct person format","messageBody":"","fileTypesAndContributionMap":{"functional-code":{"insertions":34,"deletions":6},"test-code":{"insertions":77,"deletions":9}}},{"hash":"dc08b5f7db6e534fb4d0b17a2f46d51a6c16f53a","isMergeCommit":false,"messageTitle":"Update addnotecommand to append notes instead of replacing them","messageBody":"","fileTypesAndContributionMap":{"functional-code":{"insertions":25,"deletions":6}}},{"hash":"098fb1f2b74c6044113e0964846c61506c29fbcc","isMergeCommit":false,"messageTitle":"Update the addnotecommand to be able to replace or append the original note","messageBody":"","fileTypesAndContributionMap":{"functional-code":{"insertions":30,"deletions":16}}},{"hash":"07769ba97fd671dd6c2789cf356b30639453ef65","isMergeCommit":false,"messageTitle":"Edit the appending of new note to make the output more user friendly","messageBody":"","fileTypesAndContributionMap":{"functional-code":{"insertions":3,"deletions":2}}},{"hash":"81aefcc9c314e29a603eab7d072173eb97f0a694","isMergeCommit":false,"messageTitle":"Update to use ic number instead of index to addnote to a person","messageBody":"","fileTypesAndContributionMap":{"functional-code":{"insertions":35,"deletions":30}}},{"hash":"3e1b1d0960373d9351aec95f8ae3bacb02b23773","isMergeCommit":false,"messageTitle":"Update addnotecommand and addnotecommandparser classes to be able to append or replace note","messageBody":"","fileTypesAndContributionMap":{"functional-code":{"insertions":26,"deletions":11},"test-code":{"insertions":33,"deletions":52}}},{"hash":"75619c631e9eef91aed04c5bb67be4b1bc0d73ae","isMergeCommit":false,"messageTitle":"Resolve checkstyle issues","messageBody":"","fileTypesAndContributionMap":{"functional-code":{"insertions":5,"deletions":5}}},{"hash":"c2ea630c9d8f7c6854d1c4c2e21c081d5d0b3e7f","isMergeCommit":false,"messageTitle":"Update imports to resolve checkstyle","messageBody":"","fileTypesAndContributionMap":{"functional-code":{"insertions":11,"deletions":1}}},{"hash":"f5f4105f45e2486a88ddd8395e59a0783f84a758","isMergeCommit":false,"messageTitle":"Resolve checkstyle issue again","messageBody":"","fileTypesAndContributionMap":{"functional-code":{"insertions":0,"deletions":1}}},{"hash":"487291a522debc982e5047f68cdec3dace2e01cc","isMergeCommit":false,"messageTitle":"Update addressbookparsertest to be able to test when notes are added","messageBody":"","fileTypesAndContributionMap":{"test-code":{"insertions":4,"deletions":2}}},{"hash":"4aca9270e0bdaadec67d877d537e66df11300017","isMergeCommit":false,"messageTitle":"Update files to make sure all tests pass","messageBody":"","fileTypesAndContributionMap":{"test-code":{"insertions":12,"deletions":83}}},{"hash":"2f04d41b5300a61f4ac3773b38cc305f7d8dca3d","isMergeCommit":false,"messageTitle":"Update url of help command","messageBody":"","fileTypesAndContributionMap":{"functional-code":{"insertions":1,"deletions":1}}}]},{"date":"2024-03-17","commitResults":[{"hash":"96beadae28564108a199f25e873b4963b1932807","isMergeCommit":true,"messageTitle":"Merge pull request #51 from tengcharmaine/helpcommand","messageBody":"Update URL of help command","fileTypesAndContributionMap":{}},{"hash":"351418a1e1c71dc1dc6f94e0cd411a494aea7efb","isMergeCommit":false,"messageTitle":"Update naming of variable to make the code more readable","messageBody":"","fileTypesAndContributionMap":{"functional-code":{"insertions":7,"deletions":7}}},{"hash":"1defa5b91d2ae21e1a4f299fe7f9019ed87dc966","isMergeCommit":false,"messageTitle":"Update code such that there is no repeated code in the if-else block","messageBody":"","fileTypesAndContributionMap":{"functional-code":{"insertions":8,"deletions":12}}},{"hash":"27f94b8780094149a5712b522460949b12a5cc13","isMergeCommit":false,"messageTitle":"Update success message to fit the functionalities that are going to be implemented","messageBody":"","fileTypesAndContributionMap":{"functional-code":{"insertions":2,"deletions":4}}},{"hash":"b6da16e7d0427f2298e0660ad44d2647f4132452","isMergeCommit":false,"messageTitle":"Update equals method in addnotecommand class","messageBody":"","fileTypesAndContributionMap":{"functional-code":{"insertions":2,"deletions":1}}},{"hash":"65e4f6d9fb9ef49b856e290372fdc91696958e68","isMergeCommit":false,"messageTitle":"Move -replace flag to be a prefix because it is a constant","messageBody":"","fileTypesAndContributionMap":{"functional-code":{"insertions":12,"deletions":8}}},{"hash":"504a6703e724f4312911eb7637556896b4044750","isMergeCommit":false,"messageTitle":"Update parser and the relevant test files to support testing of the replace flag","messageBody":"","fileTypesAndContributionMap":{"functional-code":{"insertions":9,"deletions":5},"test-code":{"insertions":11,"deletions":1}}},{"hash":"adf49f8cccd1f0ca863fed3d49d1909f6a477c49","isMergeCommit":false,"messageTitle":"Remove unecessary string in the test case","messageBody":"","fileTypesAndContributionMap":{"test-code":{"insertions":1,"deletions":1}}},{"hash":"34049096c3887035c2fdcbddbc07d8eca8817df5","isMergeCommit":false,"messageTitle":"Update invalid format output and remove unecessary lines of code","messageBody":"","fileTypesAndContributionMap":{"functional-code":{"insertions":2,"deletions":5}}},{"hash":"7c5baeec3ae1edaa23da954b35697cb3dfedf5a3","isMergeCommit":true,"messageTitle":"Merge branch \u0027master\u0027 into addnote","messageBody":"","fileTypesAndContributionMap":{}}]},{"date":"2024-03-18","commitResults":[{"hash":"5c57592ed5e86e4a50bd0d75df021f7d498f69f7","isMergeCommit":true,"messageTitle":"Merge pull request #50 from tengcharmaine/addnote","messageBody":"Add addnote command to add a note to a Person\u0027s entry in the addressbook","fileTypesAndContributionMap":{}},{"hash":"2e2c94a8715de9f8ae27dfe3fd778f54d55922cd","isMergeCommit":true,"messageTitle":"Merge pull request #47 from jiahui0309/update-delete-command","messageBody":"Update Delete Command to delete with Person\u0027s IC","fileTypesAndContributionMap":{}},{"hash":"ba56b8f3169d27722e5697cab7ce1fb4a8e6f577","isMergeCommit":false,"messageTitle":"Fix bug that results in a empty line when a note is first added","messageBody":"","fileTypesAndContributionMap":{"functional-code":{"insertions":6,"deletions":5}}},{"hash":"44fb44e949110f002aec28e8fcd9257274d25c60","isMergeCommit":false,"messageTitle":"Update the output success message to be more user friendly","messageBody":"","fileTypesAndContributionMap":{"functional-code":{"insertions":3,"deletions":2}}}]}],"jiahui0309":[{"date":"2024-03-03","commitResults":[{"hash":"be650b34b7753172421b5ac7dc1b96999429bb1c","isMergeCommit":false,"messageTitle":"Update About Us","messageBody":"","fileTypesAndContributionMap":{"docs":{"insertions":17,"deletions":29}}},{"hash":"d7d233883734a9e0bcc21f4991fc8f820a6ba874","isMergeCommit":false,"messageTitle":"Update About Us from feedbacks","messageBody":"","fileTypesAndContributionMap":{"docs":{"insertions":6,"deletions":4}}},{"hash":"c363de2811d3fd0a4d3110b9047eee86e9232c22","isMergeCommit":true,"messageTitle":"Merge pull request #19 from jiahui0309/update-about-us","messageBody":"Update About Us","fileTypesAndContributionMap":{}}]},{"date":"2024-03-04","commitResults":[{"hash":"9a969a3bb60e72dcfaf0bc6d755408e91f78fe54","isMergeCommit":false,"messageTitle":"Update DG usecase","messageBody":"","fileTypesAndContributionMap":{"docs":{"insertions":97,"deletions":2}}}]},{"date":"2024-03-05","commitResults":[{"hash":"f06e933edb533409ab4cce2c551b975a0b604bd2","isMergeCommit":false,"messageTitle":"Update DG usecase from comments","messageBody":"","fileTypesAndContributionMap":{"docs":{"insertions":20,"deletions":20}}},{"hash":"f2831f7e8d61abdedfb24b7ebd72b5e7fcafd917","isMergeCommit":true,"messageTitle":"Merge pull request #29 from drustanyjt/docs-dg-glossary","messageBody":"Add medical terms in meeting notes to glossary","fileTypesAndContributionMap":{}},{"hash":"4e8320caaaf9ba28f09b91f32975fa292a0f96af","isMergeCommit":true,"messageTitle":"Merge pull request #28 from jiahui0309/update-dg-usecase","messageBody":"Update DG usecase","fileTypesAndContributionMap":{}}]},{"date":"2024-03-06","commitResults":[{"hash":"548133f9d747a41caa2218591dfc1e381a2f0f60","isMergeCommit":true,"messageTitle":"Merge pull request #33 from tengcharmaine/updateug","messageBody":"Update Quick Start section of UG","fileTypesAndContributionMap":{}},{"hash":"0d6da5c29394a526908e9fd2124d6549f57cec53","isMergeCommit":true,"messageTitle":"Merge pull request #34 from drustanyjt/docs-dg-product-scope","messageBody":"Update DeveloperGuide.md","fileTypesAndContributionMap":{}},{"hash":"8a80e337ed28e10568b9606abb2173afa58cc921","isMergeCommit":false,"messageTitle":"Update index.md","messageBody":"","fileTypesAndContributionMap":{"docs":{"insertions":4,"deletions":4}}},{"hash":"f2ec7ddff937a906bc2e2a0d7a00bc620db97ef3","isMergeCommit":true,"messageTitle":"Merge pull request #35 from jiahui0309/update-index","messageBody":"Update index.md","fileTypesAndContributionMap":{}}]},{"date":"2024-03-16","commitResults":[{"hash":"dfcbf36c65d5d96d25471da99407015f2221593a","isMergeCommit":true,"messageTitle":"Merge pull request #44 from drustanyjt/drus-update-person","messageBody":"Update Person Class","fileTypesAndContributionMap":{}},{"hash":"0813c1753e3f735d66fefa81ab4bd0698af2c3a6","isMergeCommit":false,"messageTitle":"Update Find command to search with Person\u0027s IC","messageBody":"","fileTypesAndContributionMap":{"functional-code":{"insertions":61,"deletions":17},"test-code":{"insertions":49,"deletions":42}}},{"hash":"53dac0a58990075939d2d93e04d7670b08f9eac6","isMergeCommit":false,"messageTitle":"Update PaserUtil to add parseIC","messageBody":"","fileTypesAndContributionMap":{"functional-code":{"insertions":18,"deletions":2},"test-code":{"insertions":3,"deletions":5}}},{"hash":"14de81967ef0fed342a542d525affb138668a6c0","isMergeCommit":true,"messageTitle":"Merge pull request #46 from jiahui0309/update-find-command","messageBody":"Update Find command to search using Person\u0027s IC","fileTypesAndContributionMap":{}},{"hash":"69940f556a45d2f7d548345fbbc9ee34cead237c","isMergeCommit":false,"messageTitle":"Update Delete Command to delete with Person\u0027s IC","messageBody":"","fileTypesAndContributionMap":{"functional-code":{"insertions":19,"deletions":17},"test-code":{"insertions":40,"deletions":38}}},{"hash":"e093fa404c24f17eeb13a8d96fa7c95313884e96","isMergeCommit":false,"messageTitle":"Update Delete Command class","messageBody":"","fileTypesAndContributionMap":{"functional-code":{"insertions":2,"deletions":2}}}]},{"date":"2024-03-18","commitResults":[{"hash":"7671661bb0df09ac3c55aa9c381db3cc8d8fbd05","isMergeCommit":false,"messageTitle":"Fix bugs in IdentityCardNumber class","messageBody":"","fileTypesAndContributionMap":{"functional-code":{"insertions":4,"deletions":3}}},{"hash":"60acb0663c3d3e2de1d454c6a776b59bdbd10ede","isMergeCommit":false,"messageTitle":"Fix checkstyle comments","messageBody":"","fileTypesAndContributionMap":{"functional-code":{"insertions":0,"deletions":2},"test-code":{"insertions":6,"deletions":21}}},{"hash":"541832906428e5254fbfdb0c8c44e7083e5b103c","isMergeCommit":true,"messageTitle":"Merge pull request #61 from jiahui0309/review-find-delete-commands","messageBody":"Fix bugs in IdentityCardNumber class","fileTypesAndContributionMap":{}},{"hash":"bed5d5d7d44d0f92a26211c8530e815482c3fcc6","isMergeCommit":true,"messageTitle":"Merge pull request #60 from tengcharmaine/bugfixes","messageBody":"Bugfixes for addnote command","tags":["v1.2"],"fileTypesAndContributionMap":{}}]}]},"authorFileTypeContributionMap":{"drustanyjt":{"docs":12,"functional-code":394,"test-code":475},"Jayne1010":{"docs":34,"functional-code":104,"test-code":4},"tengcharmaine":{"docs":31,"functional-code":194,"test-code":128},"jiahui0309":{"docs":120,"functional-code":98,"test-code":93}},"authorContributionVariance":{"drustanyjt":213567.73,"Jayne1010":9809.634,"tengcharmaine":30207.17,"jiahui0309":3973.7517},"authorDisplayNameMap":{"drustanyjt":"CS2103T-F14-2 YEO ..STAN","Jayne1010":"CS2103T-F14-2 CHEN..AYNE","tengcharmaine":"CS2103T-F14-2 TENG..AINE","jiahui0309":"CS2103T-F14-2 SONG.. HUI"}}
