{"authorDailyContributionsMap":{"tanjieling0":[{"date":"2024-03-07","commitResults":[{"hash":"1e1c501ffdf662bed5e911bcc23e00df2aa56290","isMergeCommit":false,"messageTitle":"Update README","messageBody":"","fileTypesAndContributionMap":{"docs":{"insertions":29,"deletions":10}}},{"hash":"5e1d32f8256bfc5de8529baa098578016ff2cb44","isMergeCommit":false,"messageTitle":"Include relevant text from original README","messageBody":"","fileTypesAndContributionMap":{"docs":{"insertions":2,"deletions":0}}}]},{"date":"2024-03-08","commitResults":[{"hash":"95c571bb7f9f4063553d40989bffb60cd68ef8fe","isMergeCommit":false,"messageTitle":"Update README.md","messageBody":"Co-authored-by: Zhong Qing \u003c104408800+starsia@users.noreply.github.com\u003e","fileTypesAndContributionMap":{"docs":{"insertions":1,"deletions":1}}},{"hash":"d342c0c80149ee42995659d20716d763de27b149","isMergeCommit":false,"messageTitle":"Update README.md","messageBody":"Co-authored-by: Zhong Qing \u003c104408800+starsia@users.noreply.github.com\u003e","fileTypesAndContributionMap":{"docs":{"insertions":1,"deletions":1}}}]}],"starsia":[{"date":"2024-03-11","commitResults":[{"hash":"a73907fb72b501c8523a6b107abcfad0d0804a49","isMergeCommit":true,"messageTitle":"Merge pull request #11 from tanjieling0/Readme","messageBody":"Update README","fileTypesAndContributionMap":{}}]}],"nuyer":[],"purivirakarin":[{"date":"2024-03-06","commitResults":[{"hash":"440cddfa80a2391f6d6ca74ee90150d68e320c56","isMergeCommit":false,"messageTitle":"Edit MyProduct to NetConnect in docs/","messageBody":"","fileTypesAndContributionMap":{"docs":{"insertions":1,"deletions":1}}}]}],"shaunlxw":[]},"authorFileTypeContributionMap":{"tanjieling0":{"docs":30,"functional-code":0,"test-code":0},"starsia":{"docs":0,"functional-code":0,"test-code":0},"nuyer":{"docs":0,"functional-code":0,"test-code":0},"purivirakarin":{"docs":1,"functional-code":0,"test-code":0},"shaunlxw":{"docs":0,"functional-code":0,"test-code":0}},"authorContributionVariance":{"tanjieling0":88.02778,"starsia":0.0,"nuyer":0.0,"purivirakarin":0.20987657,"shaunlxw":0.0},"authorDisplayNameMap":{"tanjieling0":"CS2103T-F12-1 TAN ..LING","starsia":"CS2103T-F12-1 SIA ..QING","nuyer":"CS2103T-F12-1 CHOW..AWIN","purivirakarin":"CS2103T-F12-1 VIRA..PURI","shaunlxw":"CS2103T-F12-1 SHAU.. WEI"}}
