{"authorDailyContributionsMap":{"tanjieling0":[{"date":"2024-03-07","commitResults":[{"hash":"1e1c501ffdf662bed5e911bcc23e00df2aa56290","isMergeCommit":false,"messageTitle":"Update README","messageBody":"","fileTypesAndContributionMap":{"docs":{"insertions":29,"deletions":10}}},{"hash":"5e1d32f8256bfc5de8529baa098578016ff2cb44","isMergeCommit":false,"messageTitle":"Include relevant text from original README","messageBody":"","fileTypesAndContributionMap":{"docs":{"insertions":2,"deletions":0}}}]},{"date":"2024-03-08","commitResults":[{"hash":"95c571bb7f9f4063553d40989bffb60cd68ef8fe","isMergeCommit":false,"messageTitle":"Update README.md","messageBody":"Co-authored-by: Zhong Qing \u003c104408800+starsia@users.noreply.github.com\u003e","fileTypesAndContributionMap":{"docs":{"insertions":1,"deletions":1}}},{"hash":"d342c0c80149ee42995659d20716d763de27b149","isMergeCommit":false,"messageTitle":"Update README.md","messageBody":"Co-authored-by: Zhong Qing \u003c104408800+starsia@users.noreply.github.com\u003e","fileTypesAndContributionMap":{"docs":{"insertions":1,"deletions":1}}}]},{"date":"2024-03-13","commitResults":[{"hash":"06de4120e2037ac6fbd04f05faa5662efb3ed5f4","isMergeCommit":false,"messageTitle":"Add status badge","messageBody":"","fileTypesAndContributionMap":{"docs":{"insertions":1,"deletions":1}}},{"hash":"68b372d08d86bdb084c86555d2bf5fbb0a11c6fa","isMergeCommit":false,"messageTitle":"Add required changes to text","messageBody":"","fileTypesAndContributionMap":{"docs":{"insertions":3,"deletions":4}}}]},{"date":"2024-03-14","commitResults":[{"hash":"b2c4b5c0effd23e92527ee936388e5ec3299f4b0","isMergeCommit":false,"messageTitle":"Update README.md","messageBody":"Co-authored-by: shaunlxw \u003c93519596+shaunlxw@users.noreply.github.com\u003e","fileTypesAndContributionMap":{"docs":{"insertions":1,"deletions":1}}},{"hash":"910d649cf4b270978a49ca069260ad371adf0450","isMergeCommit":true,"messageTitle":"Merge pull request #32 from tanjieling0/Readme","messageBody":"Update Readme","fileTypesAndContributionMap":{}}]}],"starsia":[{"date":"2024-03-07","commitResults":[{"hash":"c3fe1222b1648d7078446e4344182cfee3a48c52","isMergeCommit":false,"messageTitle":"Update Target User Profile and Value Proposition","messageBody":"","fileTypesAndContributionMap":{"docs":{"insertions":7,"deletions":2}}},{"hash":"846b7e08ace7c777041415296744fbdc4091f929","isMergeCommit":false,"messageTitle":"Update User Stories","messageBody":"","fileTypesAndContributionMap":{"docs":{"insertions":11,"deletions":8}}}]},{"date":"2024-03-11","commitResults":[{"hash":"a73907fb72b501c8523a6b107abcfad0d0804a49","isMergeCommit":true,"messageTitle":"Merge pull request #11 from tanjieling0/Readme","messageBody":"Update README","fileTypesAndContributionMap":{}}]},{"date":"2024-03-12","commitResults":[{"hash":"b683e78ccdbddc545dc37748073b8295315ddf74","isMergeCommit":false,"messageTitle":"Add/Update Features in User Guide: 1. Update: - \u0027Add Person\u0027 - \u0027Delete Person\u0027 2. Add: - \u0027Find Phone Number\u0027 - \u0027Tag Person\u0027 3. TBA - \u0027Remembering States\u0027 - \u0027Exporting to CSV file format\u0027","messageBody":"","fileTypesAndContributionMap":{"docs":{"insertions":41,"deletions":7}}},{"hash":"6093c8fa2359ca6e6cdf8f2e8e5d15fc872956f2","isMergeCommit":true,"messageTitle":"Merge remote-tracking branch \u0027origin/master\u0027 into Update-User-Guide","messageBody":"Merging upstream master into local master, and then into local branch User-Guide\n","fileTypesAndContributionMap":{}},{"hash":"74b9382ec601ac92957661a8b7777be6bcd6fd9a","isMergeCommit":true,"messageTitle":"Merge pull request #27 from shaunlxw/dg/glossary","messageBody":"Developer Guide: Update glossary","fileTypesAndContributionMap":{}}]},{"date":"2024-03-14","commitResults":[{"hash":"41e8a3d1767d875aed4656323cc180a9df438002","isMergeCommit":true,"messageTitle":"Merge pull request #25 from shaunlxw/dg/nfr","messageBody":"Developer Guide: Update non-functional requirements","fileTypesAndContributionMap":{}},{"hash":"97ce050b76fa99311a4bf34a3f443411a4b0622c","isMergeCommit":true,"messageTitle":"Merge pull request #34 from shaunlxw/ug/command-summary","messageBody":"User Guide: Update command summary","fileTypesAndContributionMap":{}}]},{"date":"2024-03-15","commitResults":[{"hash":"dc0010c2af2f7ffbbe931f037bd930a9a79ae8ab","isMergeCommit":true,"messageTitle":"Merge pull request #23 from shaunlxw/dg/use-case","messageBody":"Developer Guide: Update use cases","fileTypesAndContributionMap":{}}]}],"nuyer":[{"date":"2024-03-08","commitResults":[{"hash":"44564446409863a9b7ef310acc3e53c60b63263d","isMergeCommit":false,"messageTitle":"Improve About Us page","messageBody":"","fileTypesAndContributionMap":{"docs":{"insertions":87,"deletions":26}}}]},{"date":"2024-03-15","commitResults":[{"hash":"7046e74a7a2f6c8cd0dc024e8e3b5ca232f03f52","isMergeCommit":true,"messageTitle":"Merge pull request #37 from shaunlxw/dg/glossary","messageBody":"Developer Guide: Update glossary","fileTypesAndContributionMap":{}}]}],"purivirakarin":[{"date":"2024-03-06","commitResults":[{"hash":"440cddfa80a2391f6d6ca74ee90150d68e320c56","isMergeCommit":false,"messageTitle":"Edit MyProduct to NetConnect in docs/","messageBody":"","fileTypesAndContributionMap":{"docs":{"insertions":1,"deletions":1}}}]},{"date":"2024-03-11","commitResults":[{"hash":"db3a7d5be9b24d7d601b59fc317fa47cbc6d97a9","isMergeCommit":true,"messageTitle":"Merge pull request #19 from nuyer/about-us","messageBody":"Update About Us page","fileTypesAndContributionMap":{}}]},{"date":"2024-03-12","commitResults":[{"hash":"d6afd7aeb656bb97d8492ec5bcd43b71af8d67c3","isMergeCommit":true,"messageTitle":"Merge pull request #15 from starsia/Update-Target-User-Profile,-Value-Proposition","messageBody":"Update Target User Profile and Value Proposition","fileTypesAndContributionMap":{}},{"hash":"656a3b99e5b1d436a372641da146fe5da800f53f","isMergeCommit":true,"messageTitle":"Merge pull request #28 from shaunlxw/markbind-config","messageBody":"Markbind default.md: Change ref attribute of github link","fileTypesAndContributionMap":{}}]}],"shaunlxw":[{"date":"2024-03-11","commitResults":[{"hash":"4cd943a2a7f2cbf788d5b3582f6b9169e71578ea","isMergeCommit":false,"messageTitle":"Developer Guide: Update glossary","messageBody":"","fileTypesAndContributionMap":{"docs":{"insertions":4,"deletions":1}}},{"hash":"ced2bd131f2fc86fab7455fa25e389e1b40873dd","isMergeCommit":false,"messageTitle":"Developer Guide: Update non-functional requirements","messageBody":"","fileTypesAndContributionMap":{"docs":{"insertions":7,"deletions":5}}},{"hash":"0beec1c89a447c3fdeb16d0d705c5b6c4f522858","isMergeCommit":false,"messageTitle":"Developer Guide: underline defined words in nfr","messageBody":"Reason: words to be defined in glossary.\nOther changes:\n* grammar fix for point 6 in nfr\n","fileTypesAndContributionMap":{"docs":{"insertions":2,"deletions":2}}},{"hash":"cbdba3845ba4784dbc91549ea2d74c596fccc529","isMergeCommit":false,"messageTitle":"Developer Guide: Update use cases","messageBody":"","fileTypesAndContributionMap":{"docs":{"insertions":175,"deletions":10}}}]},{"date":"2024-03-12","commitResults":[{"hash":"69a30cddb9d5e85f2b850b8d45dc617859002a47","isMergeCommit":false,"messageTitle":"Markbind default.md: Change ref attribute of github link","messageBody":"","fileTypesAndContributionMap":{"docs":{"insertions":1,"deletions":1}}}]},{"date":"2024-03-14","commitResults":[{"hash":"b169e3b785d030bb22f287b443074bde9ecf9bdf","isMergeCommit":true,"messageTitle":"Merge pull request #16 from starsia/Update-User-Stories","messageBody":"Update User Stories","fileTypesAndContributionMap":{}},{"hash":"479a9eb0f4e8a95c27e845bae8562382f71cdce1","isMergeCommit":true,"messageTitle":"Merge branch \u0027master\u0027 into dg/nfr","messageBody":"","fileTypesAndContributionMap":{}},{"hash":"1778e5b96d91781736326ee8f3d1308e2f4357a4","isMergeCommit":true,"messageTitle":"Merge branch \u0027master\u0027 into dg/use-case","messageBody":"","fileTypesAndContributionMap":{}},{"hash":"50851c75a355033e4f3205bd9f3b3dcae4c2b61e","isMergeCommit":false,"messageTitle":"User Guide: Update command summary","messageBody":"Changes:\n* Update add to accomodate role\n* Update delete to delete by either ID or name\n* Update edit parameters\n* Add tag and export action\n* Set export as TBA\n","fileTypesAndContributionMap":{"docs":{"insertions":12,"deletions":9}}},{"hash":"267aa6447cd5b2f55806956dfb41143a65e57262","isMergeCommit":true,"messageTitle":"Merge branch \u0027master\u0027 into zq/ug/features","messageBody":"","fileTypesAndContributionMap":{}},{"hash":"dbda006069fe60adbc9feacb41a01105d2615aab","isMergeCommit":false,"messageTitle":"User Guide: Update features","messageBody":"* Update format of edit command\n* Update delete command to have optional fields\n* Remove tag command\n* Fix typo in findnum command\n","fileTypesAndContributionMap":{"docs":{"insertions":16,"deletions":31}}},{"hash":"168b14f28e31e1cd3bb17d7daf80b360ed8a56c6","isMergeCommit":true,"messageTitle":"Merge pull request #30 from starsia/Update-User-Guide","messageBody":"User Guide: Update Features","fileTypesAndContributionMap":{}},{"hash":"b818554c9be40829efcdc112842c1aceb3a365d6","isMergeCommit":true,"messageTitle":"Merge branch \u0027master\u0027 into dg/use-case","messageBody":"","fileTypesAndContributionMap":{}},{"hash":"a92b716eb2e358a52baecb057cd6b4816dca1651","isMergeCommit":false,"messageTitle":"Developer Guide: Update glossary","messageBody":"","fileTypesAndContributionMap":{"docs":{"insertions":1,"deletions":0}}}]}]},"authorFileTypeContributionMap":{"tanjieling0":{"docs":31,"functional-code":0,"test-code":0},"starsia":{"docs":33,"functional-code":0,"test-code":0},"nuyer":{"docs":87,"functional-code":0,"test-code":0},"purivirakarin":{"docs":1,"functional-code":0,"test-code":0},"shaunlxw":{"docs":211,"functional-code":0,"test-code":0}},"authorContributionVariance":{"tanjieling0":74.52066,"starsia":128.42975,"nuyer":554.0268,"purivirakarin":0.17355375,"shaunlxw":1986.9689},"authorDisplayNameMap":{"tanjieling0":"CS2103T-F12-1 TAN ..LING","starsia":"CS2103T-F12-1 SIA ..QING","nuyer":"CS2103T-F12-1 CHOW..AWIN","purivirakarin":"CS2103T-F12-1 VIRA..PURI","shaunlxw":"CS2103T-F12-1 SHAU.. WEI"}}
