{"authorDailyContributionsMap":{"tanjieling0":[{"date":"2024-03-07","commitResults":[{"hash":"1e1c501ffdf662bed5e911bcc23e00df2aa56290","isMergeCommit":false,"messageTitle":"Update README","messageBody":"","fileTypesAndContributionMap":{"docs":{"insertions":29,"deletions":10}}},{"hash":"5e1d32f8256bfc5de8529baa098578016ff2cb44","isMergeCommit":false,"messageTitle":"Include relevant text from original README","messageBody":"","fileTypesAndContributionMap":{"docs":{"insertions":2,"deletions":0}}}]},{"date":"2024-03-08","commitResults":[{"hash":"95c571bb7f9f4063553d40989bffb60cd68ef8fe","isMergeCommit":false,"messageTitle":"Update README.md","messageBody":"Co-authored-by: Zhong Qing \u003c104408800+starsia@users.noreply.github.com\u003e","fileTypesAndContributionMap":{"docs":{"insertions":1,"deletions":1}}},{"hash":"d342c0c80149ee42995659d20716d763de27b149","isMergeCommit":false,"messageTitle":"Update README.md","messageBody":"Co-authored-by: Zhong Qing \u003c104408800+starsia@users.noreply.github.com\u003e","fileTypesAndContributionMap":{"docs":{"insertions":1,"deletions":1}}}]},{"date":"2024-03-13","commitResults":[{"hash":"06de4120e2037ac6fbd04f05faa5662efb3ed5f4","isMergeCommit":false,"messageTitle":"Add status badge","messageBody":"","fileTypesAndContributionMap":{"docs":{"insertions":1,"deletions":1}}},{"hash":"68b372d08d86bdb084c86555d2bf5fbb0a11c6fa","isMergeCommit":false,"messageTitle":"Add required changes to text","messageBody":"","fileTypesAndContributionMap":{"docs":{"insertions":3,"deletions":4}}}]},{"date":"2024-03-14","commitResults":[{"hash":"b2c4b5c0effd23e92527ee936388e5ec3299f4b0","isMergeCommit":false,"messageTitle":"Update README.md","messageBody":"Co-authored-by: shaunlxw \u003c93519596+shaunlxw@users.noreply.github.com\u003e","fileTypesAndContributionMap":{"docs":{"insertions":1,"deletions":1}}},{"hash":"910d649cf4b270978a49ca069260ad371adf0450","isMergeCommit":true,"messageTitle":"Merge pull request #32 from tanjieling0/Readme","messageBody":"Update Readme","fileTypesAndContributionMap":{}}]},{"date":"2024-03-15","commitResults":[{"hash":"5c0c76ad2e537b9232d5af0ca69c59cdcb2f0d6c","isMergeCommit":false,"messageTitle":"Implement basic save state","messageBody":"","fileTypesAndContributionMap":{"functional-code":{"insertions":59,"deletions":2}}},{"hash":"34eaba746afbeb2ba9d05430f29e280bd91eedde","isMergeCommit":false,"messageTitle":"Implement retrieve state upon launch","messageBody":"","fileTypesAndContributionMap":{"functional-code":{"insertions":34,"deletions":16}}}]},{"date":"2024-03-18","commitResults":[{"hash":"201bdf7e7d5db862da48b54979e03537107518a9","isMergeCommit":false,"messageTitle":"Fix build errors","messageBody":"","fileTypesAndContributionMap":{"functional-code":{"insertions":33,"deletions":15}}}]},{"date":"2024-03-19","commitResults":[{"hash":"1a902e98f0967da2449d937f6128b78a577f01ec","isMergeCommit":false,"messageTitle":"Implement JUnit tests","messageBody":"","fileTypesAndContributionMap":{"functional-code":{"insertions":11,"deletions":0},"test-code":{"insertions":56,"deletions":0}}},{"hash":"2069829788dcdf5d34793c27db002d441ded7edb","isMergeCommit":true,"messageTitle":"Merge branch \u0027master\u0027 into save-state","messageBody":"","fileTypesAndContributionMap":{}},{"hash":"ffd081b2136312356140a8e591514ef50753a5a4","isMergeCommit":false,"messageTitle":"Implement more JUnit tests","messageBody":"","fileTypesAndContributionMap":{"functional-code":{"insertions":40,"deletions":10},"test-code":{"insertions":31,"deletions":12}}},{"hash":"043862f84b77ebdd6cc727167bc57c71619f1a5a","isMergeCommit":false,"messageTitle":"Fix checkstyle","messageBody":"","fileTypesAndContributionMap":{"functional-code":{"insertions":10,"deletions":7},"test-code":{"insertions":7,"deletions":7}}},{"hash":"90cd16d3f0c9b33ce62cc0a44290e649a1d70a88","isMergeCommit":false,"messageTitle":"Relocate stateStorage initialisation","messageBody":"","fileTypesAndContributionMap":{"functional-code":{"insertions":1,"deletions":3}}},{"hash":"3637acadcad9bb041d8d4abe0e74e7433feea39b","isMergeCommit":false,"messageTitle":"Add simple CommandBox JUnit tests","messageBody":"","fileTypesAndContributionMap":{"functional-code":{"insertions":2,"deletions":2},"test-code":{"insertions":42,"deletions":0}}},{"hash":"4bd202ec60ea49ceb79ca9cef800c8babe2f1dcc","isMergeCommit":false,"messageTitle":"Alternative method to setup JavaFX in test","messageBody":"","fileTypesAndContributionMap":{"test-code":{"insertions":2,"deletions":3}}},{"hash":"db4987597e9c5ea5a83711e19168dfe1809ef0ce","isMergeCommit":false,"messageTitle":"Alternative method #2 to setup JavaFX in test","messageBody":"","fileTypesAndContributionMap":{"test-code":{"insertions":20,"deletions":2}}},{"hash":"c68ba777496660abbeab523b436a04ef5e3f231a","isMergeCommit":false,"messageTitle":"Add more CommandBox tests","messageBody":"","fileTypesAndContributionMap":{"functional-code":{"insertions":12,"deletions":3},"test-code":{"insertions":21,"deletions":0}}},{"hash":"dd5cda880083e1b4abba0f07fd89bf65dec889b3","isMergeCommit":false,"messageTitle":"Extend introduction","messageBody":"","fileTypesAndContributionMap":{"docs":{"insertions":15,"deletions":4}}},{"hash":"aafac25ced64f32f38396249e5298bc88ead270a","isMergeCommit":false,"messageTitle":"Remove CommandBox tests","messageBody":"","fileTypesAndContributionMap":{"functional-code":{"insertions":12,"deletions":0},"test-code":{"insertions":6,"deletions":80}}},{"hash":"882fde35fbc532d1e4e61b184aef61eb6d7f8d9c","isMergeCommit":false,"messageTitle":"Minor changes in code logic for StateStorage","messageBody":"","fileTypesAndContributionMap":{"functional-code":{"insertions":0,"deletions":3},"test-code":{"insertions":0,"deletions":1}}}]},{"date":"2024-03-20","commitResults":[{"hash":"38adad0e242a9ea70681709932562311ec2f22a1","isMergeCommit":false,"messageTitle":"Create clear confirmation windows","messageBody":"","fileTypesAndContributionMap":{"functional-code":{"insertions":184,"deletions":2}}},{"hash":"9d9f7d966bb0b6ea22d6785473d212685134807e","isMergeCommit":false,"messageTitle":"Update features description","messageBody":"","fileTypesAndContributionMap":{"docs":{"insertions":38,"deletions":16}}},{"hash":"06aac308e99870c7cec289954bde54e8f87c1490","isMergeCommit":false,"messageTitle":"Abstract get last command from CommandBox","messageBody":"","fileTypesAndContributionMap":{"functional-code":{"insertions":15,"deletions":3},"test-code":{"insertions":9,"deletions":0}}},{"hash":"412667d36bd34be738de616d519ba6155a78077e","isMergeCommit":false,"messageTitle":"Update feature list","messageBody":"","fileTypesAndContributionMap":{"docs":{"insertions":80,"deletions":21}}},{"hash":"0487bae0f26aac2e6646fa96f8305a0dd767d739","isMergeCommit":false,"messageTitle":"More JUnit tests and add retrieval functions","messageBody":"","fileTypesAndContributionMap":{"functional-code":{"insertions":31,"deletions":9},"test-code":{"insertions":15,"deletions":2}}},{"hash":"0f002ac2d8e8852d5533e4c37a3f5bb7084097b3","isMergeCommit":false,"messageTitle":"Revert \"Abstract get last command from CommandBox\"","messageBody":"This reverts commit 06aac308e99870c7cec289954bde54e8f87c1490.\n","fileTypesAndContributionMap":{"functional-code":{"insertions":4,"deletions":32},"test-code":{"insertions":1,"deletions":26}}},{"hash":"096016687bfb4c524f3da6ba47d22b15a9876da7","isMergeCommit":false,"messageTitle":"Revert changes to abstract last command","messageBody":"","fileTypesAndContributionMap":{"functional-code":{"insertions":32,"deletions":4},"test-code":{"insertions":16,"deletions":4}}},{"hash":"1aa93faae4b27f7edd1c96a0bc8d7538e554ee08","isMergeCommit":false,"messageTitle":"Fix checkstyle","messageBody":"","fileTypesAndContributionMap":{"functional-code":{"insertions":2,"deletions":4}}},{"hash":"af5cfa5e8a1e4e9b9ac359cf1e587e596c9d19b6","isMergeCommit":false,"messageTitle":"Fix checkstyle","messageBody":"","fileTypesAndContributionMap":{"test-code":{"insertions":1,"deletions":1}}}]},{"date":"2024-03-21","commitResults":[{"hash":"193573debe281c09a1f893a3c8495dc7b094d471","isMergeCommit":true,"messageTitle":"Merge branch \u0027AY2324S2-CS2103T-F12-1:master\u0027 into userguide","messageBody":"","fileTypesAndContributionMap":{}},{"hash":"a489eda1c682682a15c055ecbb9f5423ad822375","isMergeCommit":false,"messageTitle":"Fix punctuations","messageBody":"","fileTypesAndContributionMap":{"docs":{"insertions":59,"deletions":40}}},{"hash":"b477f0d9d0b8d6995c95e922d146689a3f5c9e08","isMergeCommit":false,"messageTitle":"Add simple tests for get methods","messageBody":"","fileTypesAndContributionMap":{"test-code":{"insertions":16,"deletions":0}}},{"hash":"b3920fa2721872902493b0920a046b12ac7e4d92","isMergeCommit":true,"messageTitle":"Merge pull request #43 from tanjieling0/save-state","messageBody":"Implement Save state feature","fileTypesAndContributionMap":{}},{"hash":"3c557aa1e6b68ceacc49f2357f4efa43ba0dd971","isMergeCommit":false,"messageTitle":"Standardise assert true and false statements","messageBody":"","fileTypesAndContributionMap":{"test-code":{"insertions":161,"deletions":176}}},{"hash":"aa364cb5d821075139f2a37313768797de69eba3","isMergeCommit":true,"messageTitle":"Fix merge conflicts","messageBody":"","fileTypesAndContributionMap":{}},{"hash":"f6f477122f376a8ef18e950ddfe240e358fb8fb7","isMergeCommit":false,"messageTitle":"Clean code","messageBody":"","fileTypesAndContributionMap":{"test-code":{"insertions":90,"deletions":82}}},{"hash":"8091b333708cbd8974b909ecaec613d8239c55b1","isMergeCommit":false,"messageTitle":"Fix build errors","messageBody":"","fileTypesAndContributionMap":{"test-code":{"insertions":10,"deletions":11}}},{"hash":"c4cd48a4abf6f9c0da135fa3d6a5690f1c54ff9c","isMergeCommit":false,"messageTitle":"More cleanup","messageBody":"","fileTypesAndContributionMap":{"test-code":{"insertions":12,"deletions":14}}},{"hash":"18ea1f049a5576c16094358c35a0dae374974dec","isMergeCommit":true,"messageTitle":"Merge pull request #62 from tanjieling0/fix-assert","messageBody":"Fix and standardise assert statements","fileTypesAndContributionMap":{}}]},{"date":"2024-03-24","commitResults":[{"hash":"16c7dda846de2a7c70422abe65269872c6bc14ca","isMergeCommit":false,"messageTitle":"Implement find by role","messageBody":"","fileTypesAndContributionMap":{"functional-code":{"insertions":150,"deletions":10}}},{"hash":"32102ee7ffa01a1705304f76fd1328c91f72a799","isMergeCommit":true,"messageTitle":"Merge branch \u0027master\u0027 into findrole","messageBody":"","fileTypesAndContributionMap":{}},{"hash":"3b50880ab51e5845f78fb8fa79d969ef34637995","isMergeCommit":false,"messageTitle":"Add tests for find role","messageBody":"","fileTypesAndContributionMap":{"functional-code":{"insertions":12,"deletions":0},"test-code":{"insertions":227,"deletions":0}}}]},{"date":"2024-03-25","commitResults":[{"hash":"a10c4646f934b98a45ed50b2eb98a8fbaf5c556f","isMergeCommit":false,"messageTitle":"Move cursor to end of command after state retrieval","messageBody":"","fileTypesAndContributionMap":{"functional-code":{"insertions":1,"deletions":0}}},{"hash":"7ac1b5d2c7efa13ef5ef54aabed97b6a9b120197","isMergeCommit":false,"messageTitle":"Implement findrem","messageBody":"","fileTypesAndContributionMap":{"functional-code":{"insertions":6,"deletions":0}}},{"hash":"38a603c6ac0fdf9b802db95c86427b6a3fb77853","isMergeCommit":false,"messageTitle":"Implement tests for findrem","messageBody":"","fileTypesAndContributionMap":{"functional-code":{"insertions":140,"deletions":3},"test-code":{"insertions":227,"deletions":0}}},{"hash":"e8f4fcd3758a83503b9e0598a758b1df55bddd63","isMergeCommit":false,"messageTitle":"Fix netconnectparsertest bugs","messageBody":"","fileTypesAndContributionMap":{"test-code":{"insertions":5,"deletions":3}}}]},{"date":"2024-03-26","commitResults":[{"hash":"a4ce0645a75f68a67d723193d38292f00c6f41e6","isMergeCommit":true,"messageTitle":"Merge branch \u0027master\u0027 into clear-confirmation","messageBody":"","fileTypesAndContributionMap":{}}]},{"date":"2024-03-27","commitResults":[{"hash":"0a76127abb76c6703f7b949eca8d004d201c421c","isMergeCommit":false,"messageTitle":"Add uml diagram for save-state","messageBody":"","fileTypesAndContributionMap":{"docs":{"insertions":23,"deletions":0}}},{"hash":"1705966127613c34b2b5691fbe760cae1f522b57","isMergeCommit":false,"messageTitle":"Fix build issues","messageBody":"","fileTypesAndContributionMap":{"docs":{"insertions":1,"deletions":1}}}]},{"date":"2024-03-28","commitResults":[{"hash":"b79870d66931cdc52d0e66585d4685c543f607a0","isMergeCommit":false,"messageTitle":"Implement warnings for delete and clear commands","messageBody":"","fileTypesAndContributionMap":{"functional-code":{"insertions":80,"deletions":187},"test-code":{"insertions":25,"deletions":25}}},{"hash":"fc3180ebc61b27aa8cc2ff3fe647c44450ae5fc8","isMergeCommit":false,"messageTitle":"Refactor call of warning window into mainwindow","messageBody":"","fileTypesAndContributionMap":{"functional-code":{"insertions":30,"deletions":30}}},{"hash":"6f849838b5edcfaa1b2c2b5e5cde72e32bf240b1","isMergeCommit":false,"messageTitle":"Update tests","messageBody":"","fileTypesAndContributionMap":{"functional-code":{"insertions":37,"deletions":9},"test-code":{"insertions":51,"deletions":28}}}]},{"date":"2024-03-29","commitResults":[{"hash":"8244f451f517ef2e9aa3892433e68e8bc04e353c","isMergeCommit":true,"messageTitle":"Merge pull request #90 from shaunlxw/enable-assertions","messageBody":"Enable assertions in build.gradle","fileTypesAndContributionMap":{}},{"hash":"a4b649afcd1816a4b236a0a7fce4d6f8096cc8ed","isMergeCommit":false,"messageTitle":"Add implementation details in developer guide for savestate","messageBody":"","fileTypesAndContributionMap":{"docs":{"insertions":66,"deletions":21}}},{"hash":"a303e2a597168fcdccf29276927eae77be660a05","isMergeCommit":false,"messageTitle":"Fix minor spacing issues","messageBody":"","fileTypesAndContributionMap":{"docs":{"insertions":3,"deletions":2}}},{"hash":"35bd77527a7f4e9c3ab1f473ea308a06b4b625d3","isMergeCommit":false,"messageTitle":"Fix spacing","messageBody":"","fileTypesAndContributionMap":{"docs":{"insertions":28,"deletions":28}}},{"hash":"609a732dc5c5ae54672d04335fbf2e2c5d6c7f76","isMergeCommit":false,"messageTitle":"Fix spacing","messageBody":"","fileTypesAndContributionMap":{"docs":{"insertions":4,"deletions":4}}},{"hash":"7c853bf5fe295579d040b383c2de6b3fe080d76d","isMergeCommit":false,"messageTitle":"Add newline","messageBody":"","fileTypesAndContributionMap":{"docs":{"insertions":1,"deletions":1}}},{"hash":"eb0d7467541229d0446738e25f27ef298283b249","isMergeCommit":false,"messageTitle":"Implement dg suggestions","messageBody":"","fileTypesAndContributionMap":{"docs":{"insertions":12,"deletions":7}}},{"hash":"cf30ed4c838b7a596ea525d805f9bce611395a30","isMergeCommit":false,"messageTitle":"Remove reference of savestate as a component","messageBody":"","fileTypesAndContributionMap":{"docs":{"insertions":1,"deletions":1}}},{"hash":"2610cc9c9c8db38e4b356018eb4b87245d0048cb","isMergeCommit":true,"messageTitle":"Merge branch \u0027master\u0027 into update-dg","messageBody":"","fileTypesAndContributionMap":{}}]},{"date":"2024-03-31","commitResults":[{"hash":"ce190302fa48233e58c0e772d99cebf98992732c","isMergeCommit":false,"messageTitle":"Flush role and tag and include bday placeholder","messageBody":"","fileTypesAndContributionMap":{"functional-code":{"insertions":66,"deletions":37}}},{"hash":"44dbb87ed3ddcce498e31cd99253a3f02d6b5000","isMergeCommit":false,"messageTitle":"Move tag, role and id","messageBody":"","fileTypesAndContributionMap":{"functional-code":{"insertions":99,"deletions":83}}},{"hash":"6ba00317484cd537d9361833afc95dae84f3fc8f","isMergeCommit":false,"messageTitle":"Fix build errors","messageBody":"","fileTypesAndContributionMap":{"functional-code":{"insertions":1,"deletions":1}}},{"hash":"635208665b47d09d8f28635f25d2a624e032a0c9","isMergeCommit":true,"messageTitle":"Merge pull request #75 from shaunlxw/id-remark","messageBody":"Update remark command to use id","fileTypesAndContributionMap":{}},{"hash":"2350c09f5a591c431339de701dbf72b3c23a01fa","isMergeCommit":false,"messageTitle":"Implement showrelated","messageBody":"","fileTypesAndContributionMap":{"functional-code":{"insertions":115,"deletions":1}}}]},{"date":"2024-04-01","commitResults":[{"hash":"49558404d6bf7615276d72a29e357f38a1680f1a","isMergeCommit":false,"messageTitle":"Add tests","messageBody":"","fileTypesAndContributionMap":{"functional-code":{"insertions":30,"deletions":2},"test-code":{"insertions":108,"deletions":0}}},{"hash":"03448fbdaff72737561191ba00853ab37801d68d","isMergeCommit":true,"messageTitle":"Merge branch \u0027AY2324S2-CS2103T-F12-1:master\u0027 into show-related","messageBody":"","fileTypesAndContributionMap":{}},{"hash":"6fb74443797703ae9e233b88854460f939079c7a","isMergeCommit":true,"messageTitle":"Merge branch \u0027cs2101\u0027 into show-related","messageBody":"","fileTypesAndContributionMap":{}}]}],"starsia":[{"date":"2024-03-07","commitResults":[{"hash":"c3fe1222b1648d7078446e4344182cfee3a48c52","isMergeCommit":false,"messageTitle":"Update Target User Profile and Value Proposition","messageBody":"","fileTypesAndContributionMap":{"docs":{"insertions":7,"deletions":2}}},{"hash":"846b7e08ace7c777041415296744fbdc4091f929","isMergeCommit":false,"messageTitle":"Update User Stories","messageBody":"","fileTypesAndContributionMap":{"docs":{"insertions":11,"deletions":8}}}]},{"date":"2024-03-11","commitResults":[{"hash":"a73907fb72b501c8523a6b107abcfad0d0804a49","isMergeCommit":true,"messageTitle":"Merge pull request #11 from tanjieling0/Readme","messageBody":"Update README","fileTypesAndContributionMap":{}}]},{"date":"2024-03-12","commitResults":[{"hash":"b683e78ccdbddc545dc37748073b8295315ddf74","isMergeCommit":false,"messageTitle":"Add/Update Features in User Guide: 1. Update: - \u0027Add Person\u0027 - \u0027Delete Person\u0027 2. Add: - \u0027Find Phone Number\u0027 - \u0027Tag Person\u0027 3. TBA - \u0027Remembering States\u0027 - \u0027Exporting to CSV file format\u0027","messageBody":"","fileTypesAndContributionMap":{"docs":{"insertions":41,"deletions":7}}},{"hash":"6093c8fa2359ca6e6cdf8f2e8e5d15fc872956f2","isMergeCommit":true,"messageTitle":"Merge remote-tracking branch \u0027origin/master\u0027 into Update-User-Guide","messageBody":"Merging upstream master into local master, and then into local branch User-Guide\n","fileTypesAndContributionMap":{}},{"hash":"74b9382ec601ac92957661a8b7777be6bcd6fd9a","isMergeCommit":true,"messageTitle":"Merge pull request #27 from shaunlxw/dg/glossary","messageBody":"Developer Guide: Update glossary","fileTypesAndContributionMap":{}}]},{"date":"2024-03-14","commitResults":[{"hash":"41e8a3d1767d875aed4656323cc180a9df438002","isMergeCommit":true,"messageTitle":"Merge pull request #25 from shaunlxw/dg/nfr","messageBody":"Developer Guide: Update non-functional requirements","fileTypesAndContributionMap":{}},{"hash":"97ce050b76fa99311a4bf34a3f443411a4b0622c","isMergeCommit":true,"messageTitle":"Merge pull request #34 from shaunlxw/ug/command-summary","messageBody":"User Guide: Update command summary","fileTypesAndContributionMap":{}}]},{"date":"2024-03-15","commitResults":[{"hash":"dc0010c2af2f7ffbbe931f037bd930a9a79ae8ab","isMergeCommit":true,"messageTitle":"Merge pull request #23 from shaunlxw/dg/use-case","messageBody":"Developer Guide: Update use cases","fileTypesAndContributionMap":{}}]},{"date":"2024-03-17","commitResults":[{"hash":"fd46848d8315f1611f983327ccdb2a30f82b750c","isMergeCommit":false,"messageTitle":"Update from upstream","messageBody":"","fileTypesAndContributionMap":{"other":{"insertions":116,"deletions":124}}}]},{"date":"2024-03-19","commitResults":[{"hash":"6769ebc66f14ef323fb07638d5da0162bb0d7ba2","isMergeCommit":false,"messageTitle":"Update from upstream","messageBody":"","fileTypesAndContributionMap":{"other":{"insertions":116,"deletions":124}}},{"hash":"3d2b78b2eed6d2b434b426316393cb06814ea2d7","isMergeCommit":false,"messageTitle":"Duplicate FindCommand.java and FindContainsKeywordPredicate.java","messageBody":"","fileTypesAndContributionMap":{"functional-code":{"insertions":102,"deletions":0}}},{"hash":"3e8ca4830d2e3de7a96a7ea67feab6695176f992","isMergeCommit":false,"messageTitle":"Update PhoneContainsDigitsPredicate logic","messageBody":"","fileTypesAndContributionMap":{"functional-code":{"insertions":7,"deletions":7}}},{"hash":"c3df04dd9af2908f030ebcce4e083bd73568c5e6","isMergeCommit":false,"messageTitle":"Update FindNumCommand logic","messageBody":"","fileTypesAndContributionMap":{"functional-code":{"insertions":3,"deletions":3}}},{"hash":"7ae45151aaa6ea4b4a66fdff25b91f4a44e300fd","isMergeCommit":false,"messageTitle":"Implement FindNumCommandParser","messageBody":"","fileTypesAndContributionMap":{"functional-code":{"insertions":34,"deletions":0}}},{"hash":"d2416beebd30a688815c051e1dba41f20fc73977","isMergeCommit":false,"messageTitle":"Add FindNum as valid command","messageBody":"","fileTypesAndContributionMap":{"functional-code":{"insertions":4,"deletions":10}}},{"hash":"3e184549b61da28f0dbed399351ce941a9c26f00","isMergeCommit":false,"messageTitle":"Fix Checkstyle errors","messageBody":"","fileTypesAndContributionMap":{"functional-code":{"insertions":20,"deletions":10}}},{"hash":"c861e85e8eec57c8e707a0c3598aa897add9ad27","isMergeCommit":false,"messageTitle":"Update comments","messageBody":"","fileTypesAndContributionMap":{"functional-code":{"insertions":2,"deletions":3}}}]},{"date":"2024-03-20","commitResults":[{"hash":"9ccd07ef94ed355d092e4922111c23168fefaefe","isMergeCommit":false,"messageTitle":"Add test coverage for NetConnectParser, FindNumCommand and FindNumCommandParser","messageBody":"","fileTypesAndContributionMap":{"functional-code":{"insertions":2,"deletions":2},"test-code":{"insertions":133,"deletions":0}}},{"hash":"8393b067c4886ee5bd14d818564fad9bb68a2047","isMergeCommit":false,"messageTitle":"Add test coverage for PhoneContainsDigitsPredicate","messageBody":"","fileTypesAndContributionMap":{"test-code":{"insertions":70,"deletions":0}}},{"hash":"26806d70d658102b6fc8c447f2a31ff0680e7c87","isMergeCommit":true,"messageTitle":"Merge remote-tracking branch \u0027origin/master\u0027 into findnum Include any upstream updates","messageBody":"","fileTypesAndContributionMap":{}},{"hash":"1fb5ff120fc9fcde834de248fdf185ccb52c48c7","isMergeCommit":false,"messageTitle":"Fix checkstyle and error message","messageBody":"","fileTypesAndContributionMap":{"functional-code":{"insertions":1,"deletions":1},"test-code":{"insertions":33,"deletions":22}}},{"hash":"1c8614e983b1fac0b8941323694fa43ddacb6877","isMergeCommit":false,"messageTitle":"Revert \"Fix checkstyle and error message\"","messageBody":"This reverts commit 1fb5ff120fc9fcde834de248fdf185ccb52c48c7.\n","fileTypesAndContributionMap":{"functional-code":{"insertions":1,"deletions":1},"test-code":{"insertions":22,"deletions":33}}},{"hash":"a9d8d5b84599e4d71759462b3893dcdd2831579d","isMergeCommit":false,"messageTitle":"Merge remote-tracking branch \u0027origin/master\u0027 into findnum","messageBody":"# Conflicts:\n#\tsrc/main/java/seedu/address/logic/commands/FindNumCommand.java\n#\tsrc/test/java/seedu/address/logic/commands/FindNumCommandTest.java\n#\tsrc/test/java/seedu/address/logic/parser/FindNumCommandParserTest.java\n#\tsrc/test/java/seedu/address/model/person/PhoneContainsDigitsPredicateTest.java\n","fileTypesAndContributionMap":{"other":{"insertions":0,"deletions":572}}},{"hash":"ceb6922254eba2b34bb13d2565746eeafbb7c12e","isMergeCommit":false,"messageTitle":"Add further code coverage for equals method","messageBody":"","fileTypesAndContributionMap":{"test-code":{"insertions":8,"deletions":0}}},{"hash":"47decc6bdf8d75f415a1a325a9274036a225a14c","isMergeCommit":false,"messageTitle":"Correct checkstyle","messageBody":"","fileTypesAndContributionMap":{"test-code":{"insertions":35,"deletions":25}}}]},{"date":"2024-03-21","commitResults":[{"hash":"e16b8a964492f4f1aeb5f426ad4d662fe67de106","isMergeCommit":false,"messageTitle":"Update src/main/java/seedu/address/logic/parser/ExportCommandParser.java","messageBody":"","fileTypesAndContributionMap":{"functional-code":{"insertions":1,"deletions":1}}},{"hash":"a71959c92737c125d42e85895fd72a27251195df","isMergeCommit":true,"messageTitle":"Merge pull request #58 from tanjieling0/userguide","messageBody":"Update User Guide with all features (For v1.2 release)","fileTypesAndContributionMap":{}},{"hash":"2de0f244b02edc81da90e114db5f5c9eb05c8384","isMergeCommit":true,"messageTitle":"Merge pull request #56 from shaunlxw/help-window","messageBody":"Update link to User Guide in GUI help window","fileTypesAndContributionMap":{}},{"hash":"5e9957c7efd420c69fae9abdc387785dd4a80dcf","isMergeCommit":false,"messageTitle":"Duplicate FindCommand.java and FindContainsKeywordPredicate.java","messageBody":"","fileTypesAndContributionMap":{"functional-code":{"insertions":102,"deletions":0}}},{"hash":"3ebb33283d9e45a34f92eb2afaf258037f5da240","isMergeCommit":false,"messageTitle":"Update PhoneContainsDigitsPredicate logic","messageBody":"","fileTypesAndContributionMap":{"functional-code":{"insertions":7,"deletions":7}}},{"hash":"abfd21d30a6ebf274f8f30f81424abe902445969","isMergeCommit":false,"messageTitle":"Update FindNumCommand logic","messageBody":"","fileTypesAndContributionMap":{"functional-code":{"insertions":3,"deletions":3}}},{"hash":"2edc75977ac0efe8036877e66127554b9730388a","isMergeCommit":false,"messageTitle":"Implement FindNumCommandParser","messageBody":"","fileTypesAndContributionMap":{"functional-code":{"insertions":34,"deletions":0}}},{"hash":"2dfa20de22cd7255387389878815c55a130ce8e9","isMergeCommit":false,"messageTitle":"Add FindNum as valid command","messageBody":"","fileTypesAndContributionMap":{"functional-code":{"insertions":4,"deletions":10}}},{"hash":"87e2d81ebce138a50f16294e2817ad8ec7425d4a","isMergeCommit":false,"messageTitle":"Fix Checkstyle errors","messageBody":"","fileTypesAndContributionMap":{"functional-code":{"insertions":20,"deletions":10}}},{"hash":"4d681d7e497c1fe51e103801b0d8a452ddf38acb","isMergeCommit":false,"messageTitle":"Update comments","messageBody":"","fileTypesAndContributionMap":{"functional-code":{"insertions":2,"deletions":3}}},{"hash":"7cafa944d8b6c19b87c51ee2c8103b2e3227272c","isMergeCommit":false,"messageTitle":"Add test coverage for NetConnectParser, FindNumCommand and FindNumCommandParser","messageBody":"","fileTypesAndContributionMap":{"functional-code":{"insertions":2,"deletions":2},"test-code":{"insertions":133,"deletions":0}}},{"hash":"34e341d06585ea3e7a8567df08a345abca51cb89","isMergeCommit":false,"messageTitle":"Add test coverage for PhoneContainsDigitsPredicate","messageBody":"","fileTypesAndContributionMap":{"test-code":{"insertions":70,"deletions":0}}},{"hash":"57c01b3d22f5b817084dc08a36b15d4a4f56f4b7","isMergeCommit":false,"messageTitle":"Revert \"Merge branch \u0027findnum\u0027\"","messageBody":"This reverts commit 254c6b50847a460e57f5e3862a444027fc2b7f12, reversing\nchanges made to 6769ebc66f14ef323fb07638d5da0162bb0d7ba2.\n","fileTypesAndContributionMap":{"functional-code":{"insertions":0,"deletions":139},"test-code":{"insertions":0,"deletions":203}}},{"hash":"a29b28ea952a8cf6fbfb9fa272cdd22f0af0de69","isMergeCommit":true,"messageTitle":"Merge branch \u0027master\u0027 into findnum as pulling from upstream","messageBody":"","fileTypesAndContributionMap":{}},{"hash":"7ecdbb812e48b83f6a57aef03f8cc6c80a32e2f0","isMergeCommit":false,"messageTitle":"Add error message for invalid phone number search - Other code coverage improvements","messageBody":"","fileTypesAndContributionMap":{"functional-code":{"insertions":9,"deletions":0},"test-code":{"insertions":9,"deletions":2}}},{"hash":"8f1079b9e58e32f8cd50790c2c364a86118aa201","isMergeCommit":false,"messageTitle":"Correct error message","messageBody":"","fileTypesAndContributionMap":{"functional-code":{"insertions":3,"deletions":2}}},{"hash":"e4234865c5ab5c3ab929213a4e913cd374d6bb29","isMergeCommit":false,"messageTitle":"Fixed 1 JUnit test","messageBody":"","fileTypesAndContributionMap":{"test-code":{"insertions":1,"deletions":1}}},{"hash":"26b44ceb0b267a052ce499ff5fa47946892bcaae","isMergeCommit":true,"messageTitle":"Merge pull request #63 from nuyer/userguide-add-ToC","messageBody":"Add Table of Contents ","tags":["v1.2"],"fileTypesAndContributionMap":{}}]},{"date":"2024-03-29","commitResults":[{"hash":"dedb94fbebdf9c41158f7bf21a06b954ca4f15bc","isMergeCommit":false,"messageTitle":"Update Developer Guide with all features and user stories","messageBody":"","fileTypesAndContributionMap":{"docs":{"insertions":129,"deletions":136}}},{"hash":"17273bb43133d658cc55491589cf8ec5ac3cf77d","isMergeCommit":false,"messageTitle":"Change command argument from ro/ to role/","messageBody":"","fileTypesAndContributionMap":{"docs":{"insertions":19,"deletions":19}}},{"hash":"6d723ab1ab5c564ea7913c7b9577ea8eff530384","isMergeCommit":false,"messageTitle":"Reinclude Implementation section in DG","messageBody":"","fileTypesAndContributionMap":{"docs":{"insertions":103,"deletions":0}}},{"hash":"2290cc084d01514704485ea5ddf3908a504a11dd","isMergeCommit":true,"messageTitle":"Merge pull request #67 from starsia/v1.2_documentation_updates","messageBody":"Update Dev Guide","fileTypesAndContributionMap":{}},{"hash":"58279ee054d3b1cb6a585c58aff5a7f4ae7cbd80","isMergeCommit":true,"messageTitle":"Merge pull request #96 from shaunlxw/dg/delete-implementation","messageBody":"DeveloperGuide: Add implementation details for Delete","fileTypesAndContributionMap":{}},{"hash":"ca4fac31670f1814045e766d27cf224ee27d15ff","isMergeCommit":false,"messageTitle":"Add activity diagram","messageBody":"","fileTypesAndContributionMap":{"docs":{"insertions":44,"deletions":0}}},{"hash":"e05618212c05be2b58ef87863564b47c3a9500d2","isMergeCommit":false,"messageTitle":"Add Design Considerations for FindNum command","messageBody":"","fileTypesAndContributionMap":{"docs":{"insertions":19,"deletions":4}}},{"hash":"869777b78e8e705320eafdfd87812675a5536859","isMergeCommit":false,"messageTitle":"Fix typo","messageBody":"","fileTypesAndContributionMap":{"docs":{"insertions":1,"deletions":1}}},{"hash":"ea4ac02e8d1f5ce21590ac2476e12f31f8a7b3ab","isMergeCommit":false,"messageTitle":"Minor fixes","messageBody":"","fileTypesAndContributionMap":{"docs":{"insertions":6,"deletions":8}}},{"hash":"3c639801705bb1a0a6ac746ebac9b30e0bb4d7ca","isMergeCommit":false,"messageTitle":"Add requested changes","messageBody":"","fileTypesAndContributionMap":{"docs":{"insertions":162,"deletions":23}}},{"hash":"a76f0dbaa6ca668f74662432222a2fab7800f195","isMergeCommit":true,"messageTitle":"Merge branch \u0027master\u0027 into findnumDocumentation","messageBody":"","fileTypesAndContributionMap":{}}]},{"date":"2024-03-30","commitResults":[{"hash":"82f22a7cbad5a395b735eaccddfed25ba2ce3a79","isMergeCommit":true,"messageTitle":"Merge pull request #100 from shaunlxw/dg/delete-implementation","messageBody":"DeveloperGuide: Fix formatting","fileTypesAndContributionMap":{}},{"hash":"d05de56330fcbb8f6e8741e95c4b9255aa4484ca","isMergeCommit":true,"messageTitle":"Merge pull request #77 from shaunlxw/bug-fix/window-name","messageBody":"Fix app name in ui window","fileTypesAndContributionMap":{}}]},{"date":"2024-03-31","commitResults":[{"hash":"9bd3923aa411b8d9a78a6837590ad02bc2b79b1f","isMergeCommit":false,"messageTitle":"Create foundational files for relate command","messageBody":"","fileTypesAndContributionMap":{"functional-code":{"insertions":364,"deletions":0}}},{"hash":"78f8b20778b1c229d65a7dc27d0dd87f3c204af9","isMergeCommit":false,"messageTitle":"Add IDContainsDigitsPredicate and RelatedList data structure Update classes: - RelateCommand - RelateCommandParser - NetConnectParser - PersonTuple - RelateStorage Design decision made here to store related data structure outside of UniquePersonList/InternalList","messageBody":"","fileTypesAndContributionMap":{"functional-code":{"insertions":236,"deletions":143}}},{"hash":"4213739cfa9d505a938a306eeb6b40b868e6eed1","isMergeCommit":false,"messageTitle":"## Changes made: - Update save and load method in RelateStorage - Update PersonTuple to IdTuple, and propagate changes: Reason for change: to avoid propagation complexities due to changes to fields within the Person class, where if not propagated, will lead to inconsistencies in the calling of Person1.equals(Person1) where a single field has been changed. This also avoids the need to recreate the Person object from storage, which is computationally expensive and verbose compared to just storing the ID.","messageBody":"","fileTypesAndContributionMap":{"functional-code":{"insertions":155,"deletions":106}}},{"hash":"185926ed465c7c3fcde4a1079c4ca79f29c954b8","isMergeCommit":false,"messageTitle":"Integrate save and load of RelateStorage upon init in MainApp and StorageManager Create methods to both parse and write stored RelatedList to/from .txt file","messageBody":"","fileTypesAndContributionMap":{"functional-code":{"insertions":18,"deletions":6},"test-code":{"insertions":8,"deletions":3}}},{"hash":"c22e5de3caf6ae42066d26432f4694540d4a67c2","isMergeCommit":false,"messageTitle":"Fix Checkstyle violations","messageBody":"","fileTypesAndContributionMap":{"functional-code":{"insertions":55,"deletions":36}}},{"hash":"b317289a66371bbc8e2b7dfd1a933f25b4403cee","isMergeCommit":false,"messageTitle":"Resolve compile time error","messageBody":"","fileTypesAndContributionMap":{"functional-code":{"insertions":7,"deletions":4}}},{"hash":"39462ecc221a639b94b00441d39d39b356128d0f","isMergeCommit":false,"messageTitle":"Fix file name","messageBody":"","fileTypesAndContributionMap":{"other":{"insertions":0,"deletions":4}}},{"hash":"56a8a03c334560bb581312f92b61014bab5b617a","isMergeCommit":false,"messageTitle":"Fix preliminary PR feedback","messageBody":"","fileTypesAndContributionMap":{"functional-code":{"insertions":30,"deletions":42}}},{"hash":"64314d2588e5aa2ec72d432a2d3ab8e46eef0c2d","isMergeCommit":false,"messageTitle":"Fix bugs in input","messageBody":"","fileTypesAndContributionMap":{"functional-code":{"insertions":32,"deletions":20}}},{"hash":"36c432c8742fc9307a50e0d7d9007abbad8d8efe","isMergeCommit":false,"messageTitle":"Add interaction with Model","messageBody":"","fileTypesAndContributionMap":{"functional-code":{"insertions":16,"deletions":5}}},{"hash":"d00206fef996c32a0a46157b5772a49b63112441","isMergeCommit":false,"messageTitle":"Simplify `#add()` in `RelatedList`","messageBody":"","fileTypesAndContributionMap":{"functional-code":{"insertions":1,"deletions":8}}},{"hash":"ec9bc252effa12ccdbdb8154a7a5cc1eaf5a01f3","isMergeCommit":false,"messageTitle":"Update implementation of Relate: - To follow existing NetConnect architecture more closely","messageBody":"","fileTypesAndContributionMap":{"functional-code":{"insertions":127,"deletions":114}}},{"hash":"27b9044cd59437c874915f9f02d61a64f05ccedb","isMergeCommit":false,"messageTitle":"Fix checkstyle violations","messageBody":"","fileTypesAndContributionMap":{"functional-code":{"insertions":20,"deletions":10},"test-code":{"insertions":89,"deletions":37}}},{"hash":"f5fd3691265f19d3a2dd2d10cf0de8bf3e96daf5","isMergeCommit":false,"messageTitle":"Fix checkstyle","messageBody":"","fileTypesAndContributionMap":{"test-code":{"insertions":1,"deletions":2}}}]},{"date":"2024-04-01","commitResults":[{"hash":"3f0320dfb72bb65f792d831ddd79792de66d1bf8","isMergeCommit":false,"messageTitle":"Fix typo","messageBody":"","fileTypesAndContributionMap":{"functional-code":{"insertions":1,"deletions":1}}},{"hash":"3312f37128b57f33ea6dbd4e450135fe56bf3a5f","isMergeCommit":true,"messageTitle":"Fix merge conflicts","messageBody":"","fileTypesAndContributionMap":{}},{"hash":"140cfa707b26be42576d5256b86b9bed90bce350","isMergeCommit":true,"messageTitle":"Merge pull request #106 from starsia/cs2101","messageBody":"Merge relate command with in-progress find command","fileTypesAndContributionMap":{}}]},{"date":"2024-04-04","commitResults":[{"hash":"8f6f6177e225fd16e3fbda2f70c54bd5dc1e6881","isMergeCommit":true,"messageTitle":"Merge pull request #111 from purivirakarin/puriv/refactor-relatestorage","messageBody":"Refactor RelateStorage to be under NetConnect.json and Implement Unrelate Command","fileTypesAndContributionMap":{}}]}],"nuyer":[{"date":"2024-03-08","commitResults":[{"hash":"44564446409863a9b7ef310acc3e53c60b63263d","isMergeCommit":false,"messageTitle":"Improve About Us page","messageBody":"","fileTypesAndContributionMap":{"docs":{"insertions":87,"deletions":26}}}]},{"date":"2024-03-15","commitResults":[{"hash":"7046e74a7a2f6c8cd0dc024e8e3b5ca232f03f52","isMergeCommit":true,"messageTitle":"Merge pull request #37 from shaunlxw/dg/glossary","messageBody":"Developer Guide: Update glossary","fileTypesAndContributionMap":{}},{"hash":"3f6229c3d5fc429b50b8a3b0ac62e4c122891ad0","isMergeCommit":true,"messageTitle":"Merge pull request #17 from purivirakarin/tutorial-adding-command","messageBody":"Merge purivirakarin/tutorial-adding-command into AY2324S2-CS2103T-F12-1/tp/master","fileTypesAndContributionMap":{}},{"hash":"e1e4892bb723e13aa189cba8247a5ddbd948b336","isMergeCommit":false,"messageTitle":"Revert \"Merge purivirakarin/tutorial-adding-command into AY2324S2-CS2103T-F12-1/tp/master\"","messageBody":"","fileTypesAndContributionMap":{"functional-code":{"insertions":20,"deletions":200},"test-code":{"insertions":30,"deletions":204}}}]},{"date":"2024-03-18","commitResults":[{"hash":"9d9561c88bdb240e40a9550519c630e4768110f4","isMergeCommit":false,"messageTitle":"Create ExportCommand","messageBody":"","fileTypesAndContributionMap":{"functional-code":{"insertions":79,"deletions":0}}},{"hash":"9ea13749a8994adbbfcae39210be0165e846dde9","isMergeCommit":false,"messageTitle":"Create CSVExporter logic","messageBody":"","fileTypesAndContributionMap":{"functional-code":{"insertions":66,"deletions":7}}},{"hash":"20c6e70a11a9d211d2ae05b2c7c3ed0425f1e2b9","isMergeCommit":false,"messageTitle":"Improve error handling","messageBody":"","fileTypesAndContributionMap":{"functional-code":{"insertions":13,"deletions":9}}},{"hash":"3b931ff78ae2d1e9a43b8d27fa237eb8b1bf3c56","isMergeCommit":false,"messageTitle":"Add ExportCommandParser","messageBody":"","fileTypesAndContributionMap":{"functional-code":{"insertions":33,"deletions":8}}},{"hash":"98bd0e87269a4879a7f6dccde277ffb1f7ef5453","isMergeCommit":false,"messageTitle":"Modify NetConnectParser to parse Export command","messageBody":"","fileTypesAndContributionMap":{"functional-code":{"insertions":6,"deletions":0}}},{"hash":"93a9928068790a687ce18c5fda6e311bc2fb129d","isMergeCommit":false,"messageTitle":"Improve CSV file format","messageBody":"","fileTypesAndContributionMap":{"functional-code":{"insertions":18,"deletions":3}}},{"hash":"f43b5d82ccc16d0162a530be53d22e7841627fd0","isMergeCommit":false,"messageTitle":"Fix NetConnectParser to support export command","messageBody":"","fileTypesAndContributionMap":{"functional-code":{"insertions":2,"deletions":3}}},{"hash":"4143c5cba7139a251286d9e30ceb7f48ab9d386f","isMergeCommit":false,"messageTitle":"Add docs, method and class descriptions","messageBody":"","fileTypesAndContributionMap":{"functional-code":{"insertions":30,"deletions":2}}},{"hash":"e25ee98ede484d40b05f2d7e00734db90cb6a0a5","isMergeCommit":false,"messageTitle":"Add Test Files","messageBody":"","fileTypesAndContributionMap":{"functional-code":{"insertions":6,"deletions":2},"test-code":{"insertions":213,"deletions":0}}},{"hash":"b56f4d0921ca48eb5c55f478fdeabf45ab46c5c1","isMergeCommit":false,"messageTitle":"Correct Testcases and implementations","messageBody":"","fileTypesAndContributionMap":{"functional-code":{"insertions":10,"deletions":6},"test-code":{"insertions":10,"deletions":11}}},{"hash":"efe27c3b9db9314917bc00784e311f02e3a7602c","isMergeCommit":false,"messageTitle":"Rename and refactor CSVExporter to CsvExporter","messageBody":"","fileTypesAndContributionMap":{"functional-code":{"insertions":17,"deletions":4},"other":{"insertions":6,"deletions":6}}},{"hash":"b31faf2a940ca4475773d50aec6b5555921d6706","isMergeCommit":false,"messageTitle":"Correct Style","messageBody":"","fileTypesAndContributionMap":{"functional-code":{"insertions":12,"deletions":5}}},{"hash":"b844acdf48fd39691d7299451ed09232d6c233c2","isMergeCommit":false,"messageTitle":"Add Javadoc and Correct Style","messageBody":"","fileTypesAndContributionMap":{"functional-code":{"insertions":18,"deletions":8}}},{"hash":"bdad30ad5f563abb8471d6ed4826677b624cffe9","isMergeCommit":false,"messageTitle":"Correct ExportCommand","messageBody":"","fileTypesAndContributionMap":{"functional-code":{"insertions":1,"deletions":1}}},{"hash":"60a06fa49c3e66e08fd8671c824132bc543b0294","isMergeCommit":false,"messageTitle":"Correct Indentation","messageBody":"","fileTypesAndContributionMap":{"functional-code":{"insertions":1,"deletions":1}}},{"hash":"bf2f646fd4a16b543caa9e7933ca18fc75bf4769","isMergeCommit":false,"messageTitle":"Correct variable name convention","messageBody":"","fileTypesAndContributionMap":{"test-code":{"insertions":3,"deletions":3}}},{"hash":"6221304d7e7c17cf9745cb7fae65ef8db4aeb552","isMergeCommit":false,"messageTitle":"Correct Style","messageBody":"","fileTypesAndContributionMap":{"test-code":{"insertions":17,"deletions":9}}}]},{"date":"2024-03-21","commitResults":[{"hash":"af1be9e3e1afe069bafbde8cae9db34f7b9dbfb5","isMergeCommit":false,"messageTitle":"Add command summary table","messageBody":"","fileTypesAndContributionMap":{"docs":{"insertions":18,"deletions":12}}},{"hash":"91adf08644b748ce5dbfbdf4fb1e69d2b966521a","isMergeCommit":true,"messageTitle":"Merge pull request #47 from shaunlxw/id","messageBody":"Add unique id to Person in NetConnect","fileTypesAndContributionMap":{}},{"hash":"ebdf587c5006eeccebdb88d161ed26a5fed49492","isMergeCommit":true,"messageTitle":"Merge pull request #59 from shaunlxw/id","messageBody":"IdTest: Change equals test to test for null","fileTypesAndContributionMap":{}},{"hash":"01242757d11a7eb3e344c0ef901e0acf5e3a5832","isMergeCommit":false,"messageTitle":"Improve ExportCommandParser to check for invalid filename","messageBody":"","fileTypesAndContributionMap":{"functional-code":{"insertions":47,"deletions":3}}},{"hash":"d0bce9511b9e1f863397a1ee716a208d3e9f7790","isMergeCommit":false,"messageTitle":"Correct style","messageBody":"","fileTypesAndContributionMap":{"functional-code":{"insertions":2,"deletions":1}}},{"hash":"494085a2137fad65fed04b5deecc651ce9cf861c","isMergeCommit":false,"messageTitle":"Add Table of Contents","messageBody":"","fileTypesAndContributionMap":{"docs":{"insertions":94,"deletions":32}}},{"hash":"98198c070e124f1d43fd715c70b6c5e5d3e3be6a","isMergeCommit":true,"messageTitle":"Merge branch \u0027master\u0027 into export-csv","messageBody":"","fileTypesAndContributionMap":{}},{"hash":"847e0e6331ed159a2fcc9258ca18d186f91e9485","isMergeCommit":false,"messageTitle":"Fix bugs in ExportCommand","messageBody":"","fileTypesAndContributionMap":{"functional-code":{"insertions":0,"deletions":1},"test-code":{"insertions":2,"deletions":2}}},{"hash":"f6d162a1ee78666e33d585d39a8a0f14ff4f50a8","isMergeCommit":false,"messageTitle":"Fix UserGuide hyperlink format","messageBody":"","fileTypesAndContributionMap":{"docs":{"insertions":56,"deletions":22}}},{"hash":"e25689718b05534cd28b0b05434974026117eb2d","isMergeCommit":false,"messageTitle":"Fix caution format","messageBody":"","fileTypesAndContributionMap":{"docs":{"insertions":1,"deletions":0}}}]},{"date":"2024-03-29","commitResults":[{"hash":"38649449a674720af1c5830dde2154de14570172","isMergeCommit":false,"messageTitle":"Update DG and add diagrams for Export Feature","messageBody":"Add Export Feature Implementation details\nAdd UML Sequence Diagram for ExportCommand and CsvExporter\n","fileTypesAndContributionMap":{"docs":{"insertions":184,"deletions":0}}},{"hash":"dc1aee24183470cd933990cf0f384f5e5588c249","isMergeCommit":false,"messageTitle":"Correct The ExportCommandSequenceDiagram","messageBody":"","fileTypesAndContributionMap":{"docs":{"insertions":7,"deletions":2}}},{"hash":"2ddb18b31445184cae5d74bfaa25c167cfc48780","isMergeCommit":true,"messageTitle":"Merge branch \u0027pr/94\u0027","messageBody":"","fileTypesAndContributionMap":{}},{"hash":"1c1204541543227f6e062dd516cfa0896b037b57","isMergeCommit":false,"messageTitle":"Correct MarkDown to follow the standard","messageBody":"","fileTypesAndContributionMap":{"docs":{"insertions":6,"deletions":6}}}]}],"purivirakarin":[{"date":"2024-03-06","commitResults":[{"hash":"440cddfa80a2391f6d6ca74ee90150d68e320c56","isMergeCommit":false,"messageTitle":"Edit MyProduct to NetConnect in docs/","messageBody":"","fileTypesAndContributionMap":{"docs":{"insertions":1,"deletions":1}}}]},{"date":"2024-03-07","commitResults":[{"hash":"b351966f904c74f98bde5b7816dc52055bd2cf71","isMergeCommit":false,"messageTitle":"Logic: Add RemarkCommand and its test but without functionailty","messageBody":"Add a RemarkCommand that just throws an Exception.\n\nAdd RemarkCommandTest that will test that executeUndoableCommand()\nthrows an Exception.\n","fileTypesAndContributionMap":{"functional-code":{"insertions":34,"deletions":0},"test-code":{"insertions":30,"deletions":0}}},{"hash":"6299bf6cd6013066cb718250535e6e30bb1d9103","isMergeCommit":false,"messageTitle":"Logic: Add RemarkCommandParser to let \u0027remark\u0027 to accept an argument","messageBody":"Modify RemarkCommand to take in an Index and String for remark, and\nprint those two parameters as the error message\n\nModify RemarkCommandTest to test the equals method\n\nAdd RemarkCommandParser that will know how to parse two arguments, one\nindex and one with prefix \u0027r/\u0027\n\nAdd RemarkCommandParserTest that will test different boundary values\nfor RemarkCommandParser.\n\nModify AddressBookParser to use the newly implemented\nRemarkCommandParser\n\nModify AddressBookParserTest to ensure that what the user input\ngenerated the correct command.\n","fileTypesAndContributionMap":{"functional-code":{"insertions":85,"deletions":3},"test-code":{"insertions":87,"deletions":4}}},{"hash":"03464f0af3503257302dbb9fd4a5289de670d5a2","isMergeCommit":false,"messageTitle":"Model: Add Remark under person model","messageBody":"Add Remark to model component (copy from Address, remove the regex and\nrename accordingly).\n\nAdd test for Remark (to test the equals method).\n\nModify RemarkCommand to now take in a Remark instead of a String.\n","fileTypesAndContributionMap":{"functional-code":{"insertions":38,"deletions":3},"test-code":{"insertions":47,"deletions":9}}},{"hash":"509766f1b4b53363f930fd199b1e081a00ba76b4","isMergeCommit":false,"messageTitle":"Add remark field into Person model","messageBody":"Add Person#getRemark()\n\nModify PersonBuilder to support Remark.\n\nModify AddCommand to create a Person with a blank Remark.\n\nModify EditCommand to pass Remarks on unchanged.\n\nModify SampleDataUtil to add remarks for the sample data.\n\nAdd withRemark() to PersonBuilder.\n","fileTypesAndContributionMap":{"functional-code":{"insertions":44,"deletions":19},"test-code":{"insertions":13,"deletions":1}}}]},{"date":"2024-03-11","commitResults":[{"hash":"db3a7d5be9b24d7d601b59fc317fa47cbc6d97a9","isMergeCommit":true,"messageTitle":"Merge pull request #19 from nuyer/about-us","messageBody":"Update About Us page","fileTypesAndContributionMap":{}},{"hash":"5d0290b35480623728ac85052be535a2d0f6a38e","isMergeCommit":false,"messageTitle":"Add newline at EOF and fix trailing space","messageBody":"","fileTypesAndContributionMap":{"functional-code":{"insertions":12,"deletions":8},"test-code":{"insertions":44,"deletions":33}}}]},{"date":"2024-03-12","commitResults":[{"hash":"d6afd7aeb656bb97d8492ec5bcd43b71af8d67c3","isMergeCommit":true,"messageTitle":"Merge pull request #15 from starsia/Update-Target-User-Profile,-Value-Proposition","messageBody":"Update Target User Profile and Value Proposition","fileTypesAndContributionMap":{}},{"hash":"656a3b99e5b1d436a372641da146fe5da800f53f","isMergeCommit":true,"messageTitle":"Merge pull request #28 from shaunlxw/markbind-config","messageBody":"Markbind default.md: Change ref attribute of github link","fileTypesAndContributionMap":{}}]},{"date":"2024-03-15","commitResults":[{"hash":"56901a7d4d68d1dc66548d843562e1e80572b4a7","isMergeCommit":false,"messageTitle":"Refactor: Replace AddressBook with NetConnect","messageBody":"This commit transitions our application from the AddressBook into\nNetConnect.\n\n- Replaced AddressBook with NetConnect throughout the codebase.\n- Updated unit tests to reflect the new names\n- Conducted thorough testing to ensure compatibility and performance benchmarks are met.\n","fileTypesAndContributionMap":{"functional-code":{"insertions":498,"deletions":448},"other":{"insertions":93,"deletions":86},"docs":{"insertions":322,"deletions":305},"test-code":{"insertions":416,"deletions":392}}},{"hash":"8d74298e0e0cf9e2a67d131c419035c6168a32b6","isMergeCommit":false,"messageTitle":"Fix styling in docs/team, README, and testData","messageBody":"","fileTypesAndContributionMap":{"docs":{"insertions":45,"deletions":31}}},{"hash":"10ed5363e6357e388e58fe42c274e6deb6f12df4","isMergeCommit":false,"messageTitle":"Fix styling","messageBody":"","fileTypesAndContributionMap":{"docs":{"insertions":12,"deletions":25}}},{"hash":"8a9a088bdf54a697b8cbd3f3d858f99cb85a6a26","isMergeCommit":false,"messageTitle":"Edit Markdown coding style","messageBody":"","fileTypesAndContributionMap":{"docs":{"insertions":164,"deletions":173},"test-code":{"insertions":2,"deletions":2}}},{"hash":"b170c029a75ab0a3aedfcfd29ecf726ef2d2b661","isMergeCommit":true,"messageTitle":"Merge pull request #36 from purivirakarin/puriv/update-productname","messageBody":"Refactor: Replace AddressBook with NetConnect","fileTypesAndContributionMap":{}}]},{"date":"2024-03-16","commitResults":[{"hash":"d9c4c9fcbbe8dff952e5499bb6ba8863a4606f7f","isMergeCommit":false,"messageTitle":"Add Codecov badge to README","messageBody":"","fileTypesAndContributionMap":{"docs":{"insertions":1,"deletions":0}}}]},{"date":"2024-03-20","commitResults":[{"hash":"01312efb76fc2f18ef944b6d6a26f5402bbb57af","isMergeCommit":false,"messageTitle":"Add Client Supplier Employee class and necessary fields","messageBody":"","fileTypesAndContributionMap":{"functional-code":{"insertions":274,"deletions":0}}},{"hash":"652f315de867506ee51041aac218cdb6ae084091","isMergeCommit":false,"messageTitle":"Update Client Supplier Employee class and necessary fields","messageBody":"","fileTypesAndContributionMap":{"functional-code":{"insertions":251,"deletions":30}}},{"hash":"f1f302bf194318bb9e29563b009db6d36ff4fa78","isMergeCommit":false,"messageTitle":"Update UI to show optional fields for each person type","messageBody":"","fileTypesAndContributionMap":{"functional-code":{"insertions":118,"deletions":27},"other":{"insertions":32,"deletions":13}}},{"hash":"e6944990c870f86f553bc8dcc4947193cc261a0d","isMergeCommit":false,"messageTitle":"Update parsers and commands","messageBody":"","fileTypesAndContributionMap":{"functional-code":{"insertions":284,"deletions":23}}},{"hash":"aa0720aa9352e226c22a5d3a8fe085d4b8470470","isMergeCommit":false,"messageTitle":"Update storage for managing person json and its fields","messageBody":"","fileTypesAndContributionMap":{"functional-code":{"insertions":306,"deletions":7}}},{"hash":"6ab525a2834eff75f349601735adeabced07ad87","isMergeCommit":false,"messageTitle":"Update data utility for person model","messageBody":"","fileTypesAndContributionMap":{"functional-code":{"insertions":80,"deletions":37}}},{"hash":"2808ab06348c108b24d72308b2316efe94388fd4","isMergeCommit":false,"messageTitle":"Fix styling in main/java","messageBody":"","fileTypesAndContributionMap":{"functional-code":{"insertions":119,"deletions":123}}},{"hash":"e3788fbbc61dedfa1b905376beeafd2fc05f90b8","isMergeCommit":false,"messageTitle":"Add Javadocs and remove trailing whitespaces","messageBody":"","fileTypesAndContributionMap":{"functional-code":{"insertions":181,"deletions":53}}}]},{"date":"2024-03-21","commitResults":[{"hash":"74198dbc4f86373149b389f5e8cbc48ffe425050","isMergeCommit":false,"messageTitle":"Update add and edit arguments and handling","messageBody":"","fileTypesAndContributionMap":{"functional-code":{"insertions":250,"deletions":113}}},{"hash":"8f2aecbbc681fc1c918c3fb51792a07bbd4525fb","isMergeCommit":false,"messageTitle":"Update fields and classes for updated person class, and allows filter by role","messageBody":"","fileTypesAndContributionMap":{"functional-code":{"insertions":273,"deletions":23}}},{"hash":"1e815cfeeceb8730267bb6ef89da13fdc660e38d","isMergeCommit":false,"messageTitle":"Update utilities for unit testing for updated person role","messageBody":"","fileTypesAndContributionMap":{"test-code":{"insertions":406,"deletions":79}}},{"hash":"20260b08e403dcd2f3bd3f191429bd3b53c08b24","isMergeCommit":false,"messageTitle":"Update corresponding unit testing for updated person role","messageBody":"","fileTypesAndContributionMap":{"test-code":{"insertions":395,"deletions":185}}},{"hash":"d0c287b13114e59193f5de93e50fc85b5db60d4b","isMergeCommit":false,"messageTitle":"Edit fxml and UI to show the remark field","messageBody":"","fileTypesAndContributionMap":{"functional-code":{"insertions":5,"deletions":1}}},{"hash":"d44cef8349518994b750ab46d84c335c71fe32d7","isMergeCommit":true,"messageTitle":"Merge branch \u0027master\u0027 into puriv/add-person-roles","messageBody":"","fileTypesAndContributionMap":{}},{"hash":"8e68d7be3437dda6cd4d75b3577a1b22e5798cd6","isMergeCommit":false,"messageTitle":"Fix styling according to CheckStyleMain and Test","messageBody":"","fileTypesAndContributionMap":{"functional-code":{"insertions":1,"deletions":1},"docs":{"insertions":1,"deletions":1}}},{"hash":"728fb07e905c9718d5387a9c4325d51d37d044b3","isMergeCommit":false,"messageTitle":"Update the validations for Person-role iterations","messageBody":"","fileTypesAndContributionMap":{"functional-code":{"insertions":27,"deletions":26}}},{"hash":"5a5f856fa7625489aa6ded07885325fc55175df4","isMergeCommit":false,"messageTitle":"Update the JUnit testing for Person-role iteration","messageBody":"","fileTypesAndContributionMap":{"test-code":{"insertions":1271,"deletions":24}}},{"hash":"d3a8d60dfde9f2bff0ed22b1c9039bd5c8f7a36f","isMergeCommit":true,"messageTitle":"Merge branch \u0027master\u0027 into puriv/add-person-roles","messageBody":"","fileTypesAndContributionMap":{}},{"hash":"9b61989bbd4e023226f79e0e9d122c6b8a5fa93c","isMergeCommit":false,"messageTitle":"Resolve conflict with adding id iteration","messageBody":"","fileTypesAndContributionMap":{"functional-code":{"insertions":35,"deletions":29},"test-code":{"insertions":75,"deletions":69}}},{"hash":"be2216cfe7829a0cd6aed3710d85d56ed31df3f2","isMergeCommit":true,"messageTitle":"Merge branch \u0027master\u0027 into puriv/add-person-roles","messageBody":"","fileTypesAndContributionMap":{}},{"hash":"4118d4838c5e4a6e07473eec2fae9b63010d4274","isMergeCommit":false,"messageTitle":"Update id into index in fxml file","messageBody":"","fileTypesAndContributionMap":{"functional-code":{"insertions":3,"deletions":2}}},{"hash":"e91b95a8da272e265c0fdaaf1ae4e45d6c921872","isMergeCommit":false,"messageTitle":"Update JUnit Testing","messageBody":"","fileTypesAndContributionMap":{"functional-code":{"insertions":0,"deletions":4},"test-code":{"insertions":16,"deletions":0}}},{"hash":"448a75dc0cc2574c0e3db11dff110c6317024cdc","isMergeCommit":false,"messageTitle":"Add JUnit testing for JobTitle","messageBody":"","fileTypesAndContributionMap":{"test-code":{"insertions":55,"deletions":1}}},{"hash":"0d3cb6f91d20224d4e11fded50507364fbe0ce38","isMergeCommit":false,"messageTitle":"Add null handling for role from JSON and edit typos","messageBody":"","fileTypesAndContributionMap":{"functional-code":{"insertions":18,"deletions":16}}},{"hash":"25557c6dcd171ccc81266be58453349d014a7094","isMergeCommit":false,"messageTitle":"Remove unused constant from AddCommand","messageBody":"","fileTypesAndContributionMap":{"functional-code":{"insertions":0,"deletions":3}}},{"hash":"9b4fee3721b3e25c45360dbc7e9b4e3545bb91af","isMergeCommit":false,"messageTitle":"Update JUnit testing for EditCommand Parser","messageBody":"","fileTypesAndContributionMap":{"test-code":{"insertions":28,"deletions":0}}},{"hash":"e8b1e888a760374290833cb4bf07d12b85da662c","isMergeCommit":true,"messageTitle":"Merge branch \u0027master\u0027 into puriv/add-person-roles","messageBody":"","fileTypesAndContributionMap":{}},{"hash":"6e86795864974e6b4253e320a3e712fa52e426e2","isMergeCommit":false,"messageTitle":"Resolve conflict with updating assertion convention","messageBody":"","fileTypesAndContributionMap":{"test-code":{"insertions":8,"deletions":8}}},{"hash":"4569dc276e249c40ec57ef4a572d99eca5669e9f","isMergeCommit":false,"messageTitle":"Add JUnit Testing for Supplier class","messageBody":"","fileTypesAndContributionMap":{"test-code":{"insertions":93,"deletions":0}}},{"hash":"9d059434ae24bbb54f1bcbb60d3c4fcac17111fc","isMergeCommit":true,"messageTitle":"Merge branch \u0027master\u0027 into puriv/add-person-roles","messageBody":"","fileTypesAndContributionMap":{}},{"hash":"c6f659415913305f9f84400bc2291da6fde222d0","isMergeCommit":false,"messageTitle":"Update savecsv to include optional fields","messageBody":"","fileTypesAndContributionMap":{"functional-code":{"insertions":38,"deletions":8},"test-code":{"insertions":18,"deletions":5}}},{"hash":"f04eb3576ef28faac9ce353c048a99e3be420428","isMergeCommit":true,"messageTitle":"Merge pull request #50 from purivirakarin/puriv/add-person-roles","messageBody":"Add Employee Client Supplier classes and update necessary dependencies","fileTypesAndContributionMap":{}}]},{"date":"2024-03-29","commitResults":[{"hash":"5cc1f76fa3bc3dbb2be82b67240bc32b497b524e","isMergeCommit":false,"messageTitle":"Update DG on the person roles rimplementation","messageBody":"","fileTypesAndContributionMap":{"docs":{"insertions":42,"deletions":0}}},{"hash":"c3a70ceadf231e54ffaf502dbbddf81ed461e5e3","isMergeCommit":false,"messageTitle":"Update ModelClassDiagram to follow the person roles implementation","messageBody":"","fileTypesAndContributionMap":{"docs":{"insertions":26,"deletions":0}}},{"hash":"a37a4ea70f947da0fba4defe79c60e283ab09611","isMergeCommit":false,"messageTitle":"Update DG person\u0027s roles implementation details","messageBody":"","fileTypesAndContributionMap":{"docs":{"insertions":2,"deletions":2}}},{"hash":"b87dd2f7dc14e90c1a50701695b2e3cf9f1892c6","isMergeCommit":false,"messageTitle":"Update the PersonModelClassDiagram","messageBody":"","fileTypesAndContributionMap":{"docs":{"insertions":8,"deletions":3}}},{"hash":"c19741e057eef7d1d4c3438ef131a1eb82fba1f2","isMergeCommit":true,"messageTitle":"Merge pull request #97 from nuyer/Export-UML-DG","messageBody":"Developer Guide: Add Implementation details for Export ","fileTypesAndContributionMap":{}},{"hash":"007d9608982f792925ad6d36d982b18f7b558915","isMergeCommit":true,"messageTitle":"Merge pull request #98 from purivirakarin/puriv/role-implementation","messageBody":"Developer Guide: Add Implementation Details for Person Roles","fileTypesAndContributionMap":{}}]},{"date":"2024-04-02","commitResults":[{"hash":"d4821df87d6ff344b37a881bf5efc1f06cdf2f4d","isMergeCommit":true,"messageTitle":"Merge branch \u0027master\u0027 into tanjieling0-show-related","messageBody":"","fileTypesAndContributionMap":{}},{"hash":"1044a75de16ff365a204819d2adb87d958983f8f","isMergeCommit":false,"messageTitle":"Edit dependency with the master branch","messageBody":"","fileTypesAndContributionMap":{"functional-code":{"insertions":2,"deletions":2},"test-code":{"insertions":1,"deletions":22}}},{"hash":"01bb5783fff0f9faba4205eff55ea73a2066ebad","isMergeCommit":false,"messageTitle":"Fix whitespace format","messageBody":"","fileTypesAndContributionMap":{"docs":{"insertions":9,"deletions":9},"test-code":{"insertions":1,"deletions":3}}},{"hash":"74aaad4f2a521030a9e9277518110765abacb7a4","isMergeCommit":false,"messageTitle":"Fix checkstyle main","messageBody":"","fileTypesAndContributionMap":{"functional-code":{"insertions":0,"deletions":1}}},{"hash":"5b0ed7532ac971d43d1d835bb38a735074d71022","isMergeCommit":true,"messageTitle":"Merge branch \u0027master\u0027 into relatefeature","messageBody":"","fileTypesAndContributionMap":{}},{"hash":"38f78474ebcf1126678a7438653820adb8750d65","isMergeCommit":true,"messageTitle":"Merge pull request #105 from tanjieling0/show-related","messageBody":"Implement showrelated function","fileTypesAndContributionMap":{}},{"hash":"44415a7d84333920b4581b758243e7cfdb8151d8","isMergeCommit":true,"messageTitle":"Merge branch \u0027master\u0027 into relatefeature","messageBody":"","fileTypesAndContributionMap":{}},{"hash":"fcfee8cad92f199a879cc73088edceca967a68d5","isMergeCommit":true,"messageTitle":"Merge pull request #101 from starsia/relatefeature","messageBody":"Preliminary Implementation of Relate Feature","fileTypesAndContributionMap":{}},{"hash":"78444a9db42eb8327a71e1d37ae76bbe98abf67c","isMergeCommit":true,"messageTitle":"Merge pull request #103 from tanjieling0/improve-ui","messageBody":"UI changes: Move position of tag, role and id","fileTypesAndContributionMap":{}}]},{"date":"2024-04-03","commitResults":[{"hash":"3a89b7aa1cd577f467e562e7cd7db51be4129dce","isMergeCommit":false,"messageTitle":"Refactor related storage into netconnect storage","messageBody":"","fileTypesAndContributionMap":{"functional-code":{"insertions":61,"deletions":44},"test-code":{"insertions":264,"deletions":251}}},{"hash":"ac11ec73bbd76046a8fafa54e56462019d3a8963","isMergeCommit":false,"messageTitle":"Add Json objects for IdTuple / Relation storage","messageBody":"","fileTypesAndContributionMap":{"functional-code":{"insertions":92,"deletions":136},"test-code":{"insertions":1,"deletions":6}}},{"hash":"56cee8cc7afa3ee03daefce7206995fb2d1ab3a0","isMergeCommit":false,"messageTitle":"Edit styling in Main and Test","messageBody":"","fileTypesAndContributionMap":{"functional-code":{"insertions":19,"deletions":16},"test-code":{"insertions":203,"deletions":216}}},{"hash":"d94862ba59924c7ebf19ef7eba47bf43874e3f50","isMergeCommit":false,"messageTitle":"Implement unrelate command","messageBody":"","fileTypesAndContributionMap":{"functional-code":{"insertions":157,"deletions":5},"test-code":{"insertions":5,"deletions":0}}},{"hash":"90185c0a5fff172b6139a1e69571ee2451c37668","isMergeCommit":false,"messageTitle":"Update dependencies for relate and unrelate features","messageBody":"","fileTypesAndContributionMap":{"functional-code":{"insertions":57,"deletions":2}}},{"hash":"87f5370e3e95a6e76b141093fb8f08b37f42b93a","isMergeCommit":false,"messageTitle":"Update JUnit Testing for the relate/unrelate implementations","messageBody":"","fileTypesAndContributionMap":{"test-code":{"insertions":697,"deletions":0}}}]},{"date":"2024-04-04","commitResults":[{"hash":"d08c46b0cef4f4caa62bd7362796fa9fa48afda0","isMergeCommit":false,"messageTitle":"Edit typos and remove unused code","messageBody":"","fileTypesAndContributionMap":{"functional-code":{"insertions":3,"deletions":7}}},{"hash":"09b446bdbb9de9795764d0824654e62089ddcfe6","isMergeCommit":false,"messageTitle":"Update Javadocs and Messages for relate and unrelate commands","messageBody":"","fileTypesAndContributionMap":{"functional-code":{"insertions":3,"deletions":3}}},{"hash":"f697c963e80dd79a7e35683cc867b02e179911f2","isMergeCommit":true,"messageTitle":"Merge branch \u0027master\u0027 into destructive-warnings","messageBody":"","fileTypesAndContributionMap":{}},{"hash":"03cb2db4d8e4b4697b4a3496756287d2716dfb20","isMergeCommit":false,"messageTitle":"Update validation and JUnit Testing","messageBody":"","fileTypesAndContributionMap":{"functional-code":{"insertions":3,"deletions":7},"test-code":{"insertions":17,"deletions":2}}},{"hash":"29fdd3657886ed9f3bd70ec58f1d02984163a625","isMergeCommit":false,"messageTitle":"Update ClearCommand.java","messageBody":"","fileTypesAndContributionMap":{"functional-code":{"insertions":0,"deletions":4}}},{"hash":"6a815842ad996580c5cb0f48e7d10225db65e492","isMergeCommit":false,"messageTitle":"Update LogicManagerTest.java","messageBody":"","fileTypesAndContributionMap":{"test-code":{"insertions":0,"deletions":1}}},{"hash":"508c63970e94455165ed0fcfb7b2eca5a863b5e4","isMergeCommit":true,"messageTitle":"Merge pull request #93 from tanjieling0/destructive-warnings","messageBody":"UI Changes: Add Destructive warnings to improve UX","fileTypesAndContributionMap":{}}]}],"shaunlxw":[{"date":"2024-03-11","commitResults":[{"hash":"3157505dcab487e975fd6b6536c15b2c9d61dd9c","isMergeCommit":false,"messageTitle":"Add remark command","messageBody":"Other changes:\n* testutil/TypicalPersons.java: add custom remark to Alice and Benson\n","fileTypesAndContributionMap":{"functional-code":{"insertions":218,"deletions":11},"test-code":{"insertions":30,"deletions":12}}},{"hash":"0dc1dd2e784eb959d5b7c95fd35ae55b4eab347a","isMergeCommit":false,"messageTitle":"Add tests for Remark command","messageBody":"","fileTypesAndContributionMap":{"test-code":{"insertions":137,"deletions":0}}},{"hash":"4cd943a2a7f2cbf788d5b3582f6b9169e71578ea","isMergeCommit":false,"messageTitle":"Developer Guide: Update glossary","messageBody":"","fileTypesAndContributionMap":{"docs":{"insertions":4,"deletions":1}}},{"hash":"ced2bd131f2fc86fab7455fa25e389e1b40873dd","isMergeCommit":false,"messageTitle":"Developer Guide: Update non-functional requirements","messageBody":"","fileTypesAndContributionMap":{"docs":{"insertions":7,"deletions":5}}},{"hash":"0beec1c89a447c3fdeb16d0d705c5b6c4f522858","isMergeCommit":false,"messageTitle":"Developer Guide: underline defined words in nfr","messageBody":"Reason: words to be defined in glossary.\nOther changes:\n* grammar fix for point 6 in nfr\n","fileTypesAndContributionMap":{"docs":{"insertions":2,"deletions":2}}},{"hash":"cbdba3845ba4784dbc91549ea2d74c596fccc529","isMergeCommit":false,"messageTitle":"Developer Guide: Update use cases","messageBody":"","fileTypesAndContributionMap":{"docs":{"insertions":175,"deletions":10}}}]},{"date":"2024-03-12","commitResults":[{"hash":"69a30cddb9d5e85f2b850b8d45dc617859002a47","isMergeCommit":false,"messageTitle":"Markbind default.md: Change ref attribute of github link","messageBody":"","fileTypesAndContributionMap":{"docs":{"insertions":1,"deletions":1}}}]},{"date":"2024-03-14","commitResults":[{"hash":"b169e3b785d030bb22f287b443074bde9ecf9bdf","isMergeCommit":true,"messageTitle":"Merge pull request #16 from starsia/Update-User-Stories","messageBody":"Update User Stories","fileTypesAndContributionMap":{}},{"hash":"479a9eb0f4e8a95c27e845bae8562382f71cdce1","isMergeCommit":true,"messageTitle":"Merge branch \u0027master\u0027 into dg/nfr","messageBody":"","fileTypesAndContributionMap":{}},{"hash":"1778e5b96d91781736326ee8f3d1308e2f4357a4","isMergeCommit":true,"messageTitle":"Merge branch \u0027master\u0027 into dg/use-case","messageBody":"","fileTypesAndContributionMap":{}},{"hash":"50851c75a355033e4f3205bd9f3b3dcae4c2b61e","isMergeCommit":false,"messageTitle":"User Guide: Update command summary","messageBody":"Changes:\n* Update add to accomodate role\n* Update delete to delete by either ID or name\n* Update edit parameters\n* Add tag and export action\n* Set export as TBA\n","fileTypesAndContributionMap":{"docs":{"insertions":12,"deletions":9}}},{"hash":"267aa6447cd5b2f55806956dfb41143a65e57262","isMergeCommit":true,"messageTitle":"Merge branch \u0027master\u0027 into zq/ug/features","messageBody":"","fileTypesAndContributionMap":{}},{"hash":"dbda006069fe60adbc9feacb41a01105d2615aab","isMergeCommit":false,"messageTitle":"User Guide: Update features","messageBody":"* Update format of edit command\n* Update delete command to have optional fields\n* Remove tag command\n* Fix typo in findnum command\n","fileTypesAndContributionMap":{"docs":{"insertions":16,"deletions":31}}},{"hash":"168b14f28e31e1cd3bb17d7daf80b360ed8a56c6","isMergeCommit":true,"messageTitle":"Merge pull request #30 from starsia/Update-User-Guide","messageBody":"User Guide: Update Features","fileTypesAndContributionMap":{}},{"hash":"b818554c9be40829efcdc112842c1aceb3a365d6","isMergeCommit":true,"messageTitle":"Merge branch \u0027master\u0027 into dg/use-case","messageBody":"","fileTypesAndContributionMap":{}},{"hash":"a92b716eb2e358a52baecb057cd6b4816dca1651","isMergeCommit":false,"messageTitle":"Developer Guide: Update glossary","messageBody":"","fileTypesAndContributionMap":{"docs":{"insertions":1,"deletions":0}}}]},{"date":"2024-03-15","commitResults":[{"hash":"444a5059e18a5722c86e084fccb9494fd49d48dc","isMergeCommit":false,"messageTitle":"UG/DG: Fix minor typos","messageBody":"","fileTypesAndContributionMap":{"docs":{"insertions":5,"deletions":5}}},{"hash":"fd4a7196f7b4198d36798b74dd1c03027de01161","isMergeCommit":false,"messageTitle":"Delete vsc config files","messageBody":"Other changes:\n* Include vsc config files in .gitignore\n* Fix style\n","fileTypesAndContributionMap":{"docs":{"insertions":5,"deletions":6}}}]},{"date":"2024-03-17","commitResults":[{"hash":"7c568ba3115a076b2bf931c7947756b1550ddcf4","isMergeCommit":true,"messageTitle":"Merge pull request #42 from purivirakarin/puriv/update-codecov-badge","messageBody":"Add Codecov workflow to yaml files","fileTypesAndContributionMap":{}}]},{"date":"2024-03-18","commitResults":[{"hash":"f15399dd6e822e277cab2830c61bbc78c4093f23","isMergeCommit":false,"messageTitle":"Add Id class","messageBody":"","fileTypesAndContributionMap":{"functional-code":{"insertions":51,"deletions":0}}},{"hash":"a00c3e90be5ccb12e2f5d9782874339029348f26","isMergeCommit":false,"messageTitle":"Person class: use Id","messageBody":"","fileTypesAndContributionMap":{"functional-code":{"insertions":11,"deletions":1},"test-code":{"insertions":3,"deletions":3}}},{"hash":"022b9e0fb68344fc7da1f37c49c0c3a25ca6a4fd","isMergeCommit":false,"messageTitle":"Update UI to display ID","messageBody":"","fileTypesAndContributionMap":{"functional-code":{"insertions":7,"deletions":3}}}]},{"date":"2024-03-19","commitResults":[{"hash":"95436f4cd872db82865cd2c2ef8a6acb7b468c87","isMergeCommit":false,"messageTitle":"JsonAdaptedPerson: Configure storage to store Id of Persons","messageBody":"Changes:\n* Id: Add public constructor to Id to create Id with given int\n* Person: Overload Person constructor to create Person with specific id\n* Refactor code for variables of ab to nc\n* CommandTestUtil: Update public values to be used for tests\n* Update JsonAdaptedPersonTest\n* PersonBuilder: Update to use Id\n* TypicalPersons: Update to use Id\n\nKnown issues:\n* No checks for repeated Id values as auto created Ids will not have any\nrepeated values. Allow users to manually change the id values, possibly causing\nrepeated id values.\n","fileTypesAndContributionMap":{"functional-code":{"insertions":45,"deletions":8},"test-code":{"insertions":51,"deletions":28}}},{"hash":"ff372cf765c9f229eaa1c08f49278f7b2bca07e9","isMergeCommit":false,"messageTitle":"Add test for Id class","messageBody":"Changes:\n* Id: Add isValidId\n* JsonAdaptedPerson: use Id#isValidId\n","fileTypesAndContributionMap":{"functional-code":{"insertions":12,"deletions":3},"test-code":{"insertions":49,"deletions":0}}},{"hash":"1d4480dd9f8a915a780c1b052da0016703fe6ed6","isMergeCommit":false,"messageTitle":"bug fix: Retain id when editing person","messageBody":"","fileTypesAndContributionMap":{"functional-code":{"insertions":4,"deletions":3}}},{"hash":"9fcbf070d090027aa6d43333e4eed498d30cd542","isMergeCommit":false,"messageTitle":"JsonAdaptedPersonTest: Add test for invalidId","messageBody":"Improve code coverage\n","fileTypesAndContributionMap":{"test-code":{"insertions":9,"deletions":0}}},{"hash":"69744db42a52309a51bf8e372847a5b43d3ed8e3","isMergeCommit":false,"messageTitle":"bug fix: Prevent repeated id values in storage","messageBody":"Changes:\n* Add and modify methods in NetConnect, UniquePersonList, Person and\nJsonSerializableNetConnect to check for duplicate id\n* Create duplicateIdNetConnect used for test\n* Write tests for methods created/modified\n","fileTypesAndContributionMap":{"functional-code":{"insertions":33,"deletions":0},"test-code":{"insertions":81,"deletions":6}}},{"hash":"2d2b31ffef2ed2dbda946ee303bde46b39bf8a92","isMergeCommit":false,"messageTitle":"Update delete command to use id","messageBody":"    Changes:\n    * Add support messages, prefixes, methods and classes needed for id operations\n    * Model, NetConnect, UniquePersonList: Add #getPersonbyId and #hasId methods\n    * ParserUtil: Add #parseId method\n    * UniquePersonList: Add checks for duplicate id\n    * Id: Change all constructors to private, add factory methods\n    * Reformat/Add tests for changes\n","fileTypesAndContributionMap":{"functional-code":{"insertions":176,"deletions":48},"test-code":{"insertions":174,"deletions":65}}},{"hash":"7f2a57dd94b20b8cb125cc81b6afb252bdbf1374","isMergeCommit":false,"messageTitle":"Add tests to improve code coverage","messageBody":"","fileTypesAndContributionMap":{"test-code":{"insertions":63,"deletions":1}}}]},{"date":"2024-03-20","commitResults":[{"hash":"003af2a93831eef58cc6dd14b292979bca9c8ec1","isMergeCommit":false,"messageTitle":"Update edit command to use id","messageBody":"Changes:\n* Reformat/Add tests for changes\n* DeleteCommandTest: Fix bug\n","fileTypesAndContributionMap":{"functional-code":{"insertions":31,"deletions":29},"test-code":{"insertions":105,"deletions":99}}},{"hash":"7a2cb20c1ed45de2cae478a661845e20918fde21","isMergeCommit":true,"messageTitle":"Merge branch \u0027master\u0027 into revert","messageBody":"","fileTypesAndContributionMap":{}},{"hash":"6e6ee7e2bd3e1ece3809c961844a27468915adc4","isMergeCommit":true,"messageTitle":"Add remark command","messageBody":"","fileTypesAndContributionMap":{}},{"hash":"56189011cf53c370c3ac970bf5d57e5ccbde9f5f","isMergeCommit":false,"messageTitle":"Configure to not track bin files","messageBody":"","fileTypesAndContributionMap":{"other":{"insertions":0,"deletions":580}}},{"hash":"7363e0dd4c4388b688c99d387ca33fe6db4f33ad","isMergeCommit":false,"messageTitle":"Update link to User Guide in help window","messageBody":"","fileTypesAndContributionMap":{"functional-code":{"insertions":1,"deletions":1}}},{"hash":"37901b72489280d5df1c894d6de51761956825a1","isMergeCommit":true,"messageTitle":"Merge pull request #54 from shaunlxw/untrack-bin-files","messageBody":"Configure to not track bin files","fileTypesAndContributionMap":{}},{"hash":"c479a002145992cf4bb7de196b9630517fd5d7ff","isMergeCommit":true,"messageTitle":"Merge branch \u0027master\u0027 into help-window","messageBody":"","fileTypesAndContributionMap":{}},{"hash":"a882dfd2c49997b682a4d15a941c25fbbf69b9d3","isMergeCommit":false,"messageTitle":"Fix minor style issues","messageBody":"","fileTypesAndContributionMap":{"docs":{"insertions":13,"deletions":28}}}]},{"date":"2024-03-21","commitResults":[{"hash":"a644d970ea4b471f01eaade2f970105ef360efd8","isMergeCommit":false,"messageTitle":"EditCommand: Change variable name for code quality","messageBody":"","fileTypesAndContributionMap":{"functional-code":{"insertions":2,"deletions":2}}},{"hash":"2fbe0b6b579938dcbac1f7522527b61b736f3da3","isMergeCommit":false,"messageTitle":"IdTest: Change equals test to test for null","messageBody":"","fileTypesAndContributionMap":{"test-code":{"insertions":1,"deletions":1}}},{"hash":"91a2f356cbc0781bff71f398bd3757ca3482e249","isMergeCommit":false,"messageTitle":"Fix style","messageBody":"","fileTypesAndContributionMap":{"functional-code":{"insertions":2,"deletions":1}}},{"hash":"8353aca5142f0ca7ada52e1a9c060bd4a7555325","isMergeCommit":true,"messageTitle":"Merge branch \u0027master\u0027 into tutorial-adding-command","messageBody":"bug fix: Reading from json storage\n","fileTypesAndContributionMap":{}},{"hash":"00d376110f32a6245c58aa83aea6cbdc4f1feead","isMergeCommit":true,"messageTitle":"Merge branch \u0027master\u0027 into tutorial-adding-command","messageBody":"","fileTypesAndContributionMap":{}},{"hash":"4f9b63dfe6d3668b90d255aebaa2b77750a2344e","isMergeCommit":true,"messageTitle":"Merge pull request #21 from shaunlxw/tutorial-adding-command","messageBody":"Tutorial adding command","fileTypesAndContributionMap":{}},{"hash":"5180a5a1a12032e12297e91e7624b4462c431bb9","isMergeCommit":true,"messageTitle":"Merge pull request #52 from starsia/findnum","messageBody":"Add findnum command in NetConnect","fileTypesAndContributionMap":{}},{"hash":"25ad9c735c790d4fe31a8141882ca473beeea7f5","isMergeCommit":false,"messageTitle":"Fix order of arguments for assertEquals","messageBody":"","fileTypesAndContributionMap":{"test-code":{"insertions":9,"deletions":9}}},{"hash":"aa9cfd4290b299a8e8e5669e6ecb86bc7cc2ee9b","isMergeCommit":true,"messageTitle":"Merge pull request #46 from nuyer/export-csv","messageBody":"Implement Export CSV file feature ","fileTypesAndContributionMap":{}}]},{"date":"2024-03-22","commitResults":[{"hash":"aa3061552d68bf552adb4d96e67216eb195022f3","isMergeCommit":false,"messageTitle":"DeveloperGuide: Update UML and examples of delete","messageBody":"    Changes:\n    * Update format of delete in all instances that it was used as an example\n    * Update delete test cases under manual testing section\n    * ModelClassDiagram: Update UML to reflect Remark class\n    * MainApp: Update version number to v1.2.0\n","fileTypesAndContributionMap":{"functional-code":{"insertions":1,"deletions":1},"docs":{"insertions":33,"deletions":12}}},{"hash":"2af072abdb62245067f67bb4b7eb93ca7d427cb6","isMergeCommit":false,"messageTitle":"Fix bug","messageBody":"DeleteCommand: Display full list of persons if id not found\n","fileTypesAndContributionMap":{"functional-code":{"insertions":1,"deletions":0}}},{"hash":"8f775cccfdb54f4aabe486c56dd948d914b72ecb","isMergeCommit":false,"messageTitle":"Add test for the behaviour change from bug fix","messageBody":"","fileTypesAndContributionMap":{"test-code":{"insertions":27,"deletions":0}}},{"hash":"9d9a86075ffdb3a3a9169882eaf669950224db63","isMergeCommit":false,"messageTitle":"bug fix: error message for Delete command","messageBody":"* Add test to check accurate error message\n* Add test to check repeated id value\n","fileTypesAndContributionMap":{"functional-code":{"insertions":2,"deletions":6},"test-code":{"insertions":26,"deletions":1}}},{"hash":"ebac04dfe42d1d008cb82c8e9de6f0af5774c266","isMergeCommit":false,"messageTitle":"bug fix: error message for Edit command","messageBody":"    * Add test to check accurate error message\n    * Add test to check repeated id value\n","fileTypesAndContributionMap":{"functional-code":{"insertions":1,"deletions":6},"test-code":{"insertions":17,"deletions":9}}},{"hash":"fd3fd8d0aa8458b4e6d704f3bf4290d999daa26a","isMergeCommit":false,"messageTitle":"Fix app name in ui window","messageBody":"","fileTypesAndContributionMap":{"functional-code":{"insertions":1,"deletions":1}}},{"hash":"a6a6bb8b4b587a980a8a1cf03320d06e09dba233","isMergeCommit":false,"messageTitle":"Update NetConnect to allow duplicate names","messageBody":"* Update Person#isSamePerson to only returns true iff name, phone, and email are all\nthe same. This is regardless of role to prevent erroneous creation of person\nif role is accidentally put wrong.\n* Update tests to reflect the change\n","fileTypesAndContributionMap":{"functional-code":{"insertions":4,"deletions":47},"test-code":{"insertions":29,"deletions":14}}},{"hash":"443fe448f27afaf8fca590d59c778bcd9f5b76ba","isMergeCommit":false,"messageTitle":"Update remark command to use id","messageBody":"Changes:\n* CommandTestUtil: Added #showAllPersons(Model) and\n #assertCommandFailure(Command, Model, String, Model)\n","fileTypesAndContributionMap":{"functional-code":{"insertions":34,"deletions":32},"test-code":{"insertions":110,"deletions":71}}}]},{"date":"2024-03-23","commitResults":[{"hash":"2c0b1c6418a11f908cf3704145c6987f30ec9ed2","isMergeCommit":false,"messageTitle":"Update delete command to optionally delete by name","messageBody":"Changes:\n* DeleteCommand to be only instantiated through factory methods\n* Model: Add #hasExactlyOnePersonByName(Name)\nand #getPersonByName(Name)\n* Update tests\n\nThe delete by name functionality in this commit assumes that\nall names are unique within NetConnect.\n","fileTypesAndContributionMap":{"functional-code":{"insertions":151,"deletions":32},"test-code":{"insertions":144,"deletions":23}}},{"hash":"793c7f07643cbd285d7148ad9eadd4d8d4e43b9f","isMergeCommit":true,"messageTitle":"Merge branch \u0027id\u0027 into delete-by-name","messageBody":"Add additional test cases to test behaviour of delete command\n","fileTypesAndContributionMap":{}},{"hash":"f0d60ed930c0bdaeb0b0893db42328dc80d435cf","isMergeCommit":false,"messageTitle":"Update delete command","messageBody":"* For persons with duplicate names, displays all persons with\nmatching name in the displayed list when delete command entered\n* For delete command on names that are not in NetConnect, display\nthe full list of persons\n* Update tests to test the expected model after delete command\n","fileTypesAndContributionMap":{"functional-code":{"insertions":24,"deletions":16},"test-code":{"insertions":30,"deletions":4}}}]},{"date":"2024-03-26","commitResults":[{"hash":"3ff61bfa5f1036bb6d5268cd15defcd8717c273c","isMergeCommit":false,"messageTitle":"Update find to use name arguments","messageBody":"","fileTypesAndContributionMap":{"functional-code":{"insertions":21,"deletions":6}}},{"hash":"917e0b4bc4fde396fedf2e6c0c999d54e2604a96","isMergeCommit":false,"messageTitle":"Add Filter class","messageBody":"","fileTypesAndContributionMap":{"functional-code":{"insertions":124,"deletions":7},"test-code":{"insertions":5,"deletions":0}}},{"hash":"cef4b575a25e83a66ae9a91c4343c98560a3a812","isMergeCommit":false,"messageTitle":"Update find command to support tag argument","messageBody":"Add TagsContainsKeywordsPredicate class\n","fileTypesAndContributionMap":{"functional-code":{"insertions":91,"deletions":13},"test-code":{"insertions":9,"deletions":3}}},{"hash":"5454b3c6f375690e58613b77e5bf6db32431ce4d","isMergeCommit":true,"messageTitle":"Merge pull request #81 from tanjieling0/fix-cursor","messageBody":"Move cursor to end of command after state retrieval","fileTypesAndContributionMap":{}},{"hash":"025e22207972f37b96b0f39dfac54ebdcf371649","isMergeCommit":false,"messageTitle":"Display current filters to user after find command","messageBody":"Changes:\n* Created model.person.filter subpackage\n* Created NetConnectPredicate to support #fortmatFilter\n* Removed Model.PREDICATE_SHOW_ALL_PERSONS\n","fileTypesAndContributionMap":{"functional-code":{"insertions":64,"deletions":42},"other":{"insertions":62,"deletions":27},"test-code":{"insertions":34,"deletions":30}}}]},{"date":"2024-03-27","commitResults":[{"hash":"b9125a1a85564cda975e4c4eaf2abc2577f73ffe","isMergeCommit":false,"messageTitle":"Add tests","messageBody":"","fileTypesAndContributionMap":{"functional-code":{"insertions":16,"deletions":3},"other":{"insertions":26,"deletions":4},"test-code":{"insertions":459,"deletions":1}}},{"hash":"ee025cb23b03f25fdd5144b3d308309fab00b563","isMergeCommit":false,"messageTitle":"Enable assertions in build.gradle","messageBody":"","fileTypesAndContributionMap":{"other":{"insertions":4,"deletions":0}}}]},{"date":"2024-03-28","commitResults":[{"hash":"b2aa9a32a80e5c5cbb5558820aeca20e6b12b689","isMergeCommit":false,"messageTitle":"Improve code quality","messageBody":"Changes:\n* Add Javadoc to methods\n* Cache empty filter as a single instance in Filter\n* Add private method FindCommandParser#createPredicate\nto adhere to SLAP\n","fileTypesAndContributionMap":{"functional-code":{"insertions":58,"deletions":22},"test-code":{"insertions":33,"deletions":33}}},{"hash":"e72ee866e8d9b5b86b607d4836f34c9e013029e6","isMergeCommit":true,"messageTitle":"Merge branch \u0027master\u0027 into find","messageBody":"","fileTypesAndContributionMap":{}},{"hash":"69c2b507eb4f7aa91af42ab9dcd4ed9d28a44e28","isMergeCommit":false,"messageTitle":"Add test for StringUtil#hasPartialMatchIgnoreCase","messageBody":"","fileTypesAndContributionMap":{"functional-code":{"insertions":1,"deletions":1},"test-code":{"insertions":102,"deletions":7}}},{"hash":"60237ab024c52d8fa3965d13c0eaaf9d831e705b","isMergeCommit":false,"messageTitle":"Change Model#setPerson to ensure id not modified","messageBody":"","fileTypesAndContributionMap":{"functional-code":{"insertions":21,"deletions":7},"test-code":{"insertions":6,"deletions":6}}},{"hash":"a559fbb6ebcc0e07327868ded599f5e9df823458","isMergeCommit":true,"messageTitle":"Merge pull request #91 from tanjieling0/uml-diagrams","messageBody":"Add uml diagram for save-state","fileTypesAndContributionMap":{}}]},{"date":"2024-03-29","commitResults":[{"hash":"101ddf2bd659751d32329d641cee09346586ca1d","isMergeCommit":false,"messageTitle":"DeveloperGuide: Add implementation details for Id","messageBody":"* Add class diagram for Id\n* Change style.puml to only hide empty members instead of\nhiding all members\n* Update style.puml classAttributeFontColor and\nclassAttributeIconSize\n","fileTypesAndContributionMap":{"functional-code":{"insertions":2,"deletions":2},"docs":{"insertions":53,"deletions":1}}},{"hash":"9e8556130fe7a182a387be1442fb5016ff8a02b2","isMergeCommit":false,"messageTitle":"DeveloperGuide: Add implementation details for Delete","messageBody":"* Add sequence and activity diagram for delete command\n* Update style.puml for style of reference frames of\nsequence diagrams\n","fileTypesAndContributionMap":{"docs":{"insertions":237,"deletions":1}}},{"hash":"48d1c776b4505de21c63a627680da0c21a8cb08c","isMergeCommit":false,"messageTitle":"Add note for lifeline of DeleteCommandParser","messageBody":"","fileTypesAndContributionMap":{"docs":{"insertions":5,"deletions":0}}},{"hash":"d86cb25874f85df6fa1972f95602469742266d97","isMergeCommit":true,"messageTitle":"Merge pull request #95 from tanjieling0/update-dg","messageBody":"DeveloperGuide: Add implementation details for SaveState","tags":["v1.3"],"fileTypesAndContributionMap":{}},{"hash":"aa7f9cf3778cb5ec5941cea654d0d30a61526e70","isMergeCommit":false,"messageTitle":"Fix formatting","messageBody":"","fileTypesAndContributionMap":{"docs":{"insertions":1,"deletions":1}}},{"hash":"b46721a74c93aa7cf5a01fa82df3053876bd2457","isMergeCommit":true,"messageTitle":"Merge branch \u0027master\u0027 into dg/update-uml","messageBody":"","fileTypesAndContributionMap":{}},{"hash":"c9bfb4aa5e58d13e8356aec8010a40d5bca60d68","isMergeCommit":true,"messageTitle":"Merge pull request #71 from shaunlxw/dg/update-uml","messageBody":"DeveloperGuide: Update UML and examples of delete","fileTypesAndContributionMap":{}},{"hash":"1f78b3ee45866e5c676386f0f7436439cb0e7245","isMergeCommit":false,"messageTitle":"DeveloperGuide: Update format to ClassName#methodName","messageBody":"","fileTypesAndContributionMap":{"docs":{"insertions":1,"deletions":1}}},{"hash":"304242d81b96a75097e933bfdf506f6d01a8b050","isMergeCommit":true,"messageTitle":"Merge pull request #99 from starsia/findnumDocumentation","messageBody":"Developer Guide: Add Implementation Details for FindNum","fileTypesAndContributionMap":{}}]},{"date":"2024-03-31","commitResults":[{"hash":"2bc26595fd69794ae1fc369a75ce7eadcaf5cef8","isMergeCommit":false,"messageTitle":"DeleteCommandParserTest: Change test method name for accuracy","messageBody":"","fileTypesAndContributionMap":{"test-code":{"insertions":1,"deletions":1}}},{"hash":"ef60efef07e88af996c0d714769c2bb206aee186","isMergeCommit":true,"messageTitle":"Merge pull request #76 from shaunlxw/bug-fix/error-msg","messageBody":"Bug fix: error msg for delete and edit command","fileTypesAndContributionMap":{}},{"hash":"88d4f99427a416a06507a73e050459fe4f3bfc1c","isMergeCommit":true,"messageTitle":"Merge branch \u0027master\u0027 into delete-by-name","messageBody":"Changes:\n* DeleteCommandParser: Abstract out the creation of the DeleteCommand\nas a #createDeleteCommand(...) method\n","fileTypesAndContributionMap":{}},{"hash":"a4bcf1e26a03c14a9de8f87ffc581e269cc513bb","isMergeCommit":false,"messageTitle":"DeleteCommand: Update delete by name to be case insensitive","messageBody":"Other changes:\n* DeleteCommand: Refactor for better SLAP\n","fileTypesAndContributionMap":{"functional-code":{"insertions":23,"deletions":14}}},{"hash":"2ab51a71c0917c5ae988f064166b92541c5b598c","isMergeCommit":false,"messageTitle":"Fix DeleteCommand usage message","messageBody":"","fileTypesAndContributionMap":{"functional-code":{"insertions":1,"deletions":1}}},{"hash":"e9a27f1ff20f51642af5e0958376776d307f4393","isMergeCommit":false,"messageTitle":"UniquePersonList: Add tests for case-insensitive methods","messageBody":"","fileTypesAndContributionMap":{"test-code":{"insertions":38,"deletions":1}}},{"hash":"51b8dc15603960da3bf4409a2826822f7b4a62b0","isMergeCommit":true,"messageTitle":"Merge branch \u0027dupe-name\u0027 into cs2101","messageBody":"","fileTypesAndContributionMap":{}}]},{"date":"2024-04-01","commitResults":[{"hash":"c87a45bbbee22e3dc75f51ca91903be124230a87","isMergeCommit":false,"messageTitle":"Change version number","messageBody":"","fileTypesAndContributionMap":{"functional-code":{"insertions":1,"deletions":1}}},{"hash":"3e40f161a6656f715251a73ab3fe1eedcb4edcdc","isMergeCommit":true,"messageTitle":"Merge branch \u0027find\u0027 into cs2101","messageBody":"","fileTypesAndContributionMap":{}},{"hash":"8b557427ee9de853dad207f33aafca9e3d10e1e0","isMergeCommit":false,"messageTitle":"Fix bug","messageBody":"","fileTypesAndContributionMap":{"functional-code":{"insertions":6,"deletions":5}}},{"hash":"ed40ddbcfc8dc5f4832cf7f89aa5a3bd4b7774ad","isMergeCommit":true,"messageTitle":"Merge commit \u0027refs/pull/80/head\u0027 of https://github.com/AY2324S2-CS2103T-F12-1/tp into cs2101","messageBody":"","fileTypesAndContributionMap":{}},{"hash":"b3314264f0cc1646a5e6cf87a02c8116aae63272","isMergeCommit":false,"messageTitle":"Update find to find by role","messageBody":"","fileTypesAndContributionMap":{"functional-code":{"insertions":9,"deletions":1}}},{"hash":"66bbe5ab38ca98a50f4e730b0e6fbd8c11b71244","isMergeCommit":true,"messageTitle":"Merge commit \u0027refs/pull/83/head\u0027 of https://github.com/AY2324S2-CS2103T-F12-1/tp into cs2101","messageBody":"","fileTypesAndContributionMap":{}},{"hash":"41994cfcc804d24f9e7bbe6d8b6e0768c85738eb","isMergeCommit":false,"messageTitle":"Update find to find by remark","messageBody":"","fileTypesAndContributionMap":{"functional-code":{"insertions":14,"deletions":102},"other":{"insertions":1,"deletions":2},"test-code":{"insertions":0,"deletions":156}}}]},{"date":"2024-04-02","commitResults":[{"hash":"06cb5d37152c9d03ca32770e5a60ccdc830d969f","isMergeCommit":true,"messageTitle":"Merge pull request #80 from tanjieling0/findrole","messageBody":"Implement findrole","fileTypesAndContributionMap":{}},{"hash":"fea7dc74e32a1a9af5cfdeb375e1341ff249e961","isMergeCommit":true,"messageTitle":"Merge branch \u0027master\u0027 into findrem","messageBody":"","fileTypesAndContributionMap":{}},{"hash":"fd3dbe234e37d0033702be14f2585b5ff60d9fa0","isMergeCommit":true,"messageTitle":"Merge pull request #83 from tanjieling0/findrem","messageBody":"Implement findrem","fileTypesAndContributionMap":{}},{"hash":"2a0bbec76e3dc6b0e4619a1876c6b1908d0cba2f","isMergeCommit":false,"messageTitle":"Refactor code","messageBody":"Changes:\n* Index: removed dead code\n* DeleteCommandTest: fix naming of methods and add test\n","fileTypesAndContributionMap":{"functional-code":{"insertions":0,"deletions":89},"test-code":{"insertions":12,"deletions":148}}}]},{"date":"2024-04-04","commitResults":[{"hash":"359b6e68a1a30833e2561bc7b665acef574a230d","isMergeCommit":true,"messageTitle":"Merge branch \u0027master\u0027 into edit-same-id","messageBody":"","fileTypesAndContributionMap":{}},{"hash":"9f06f44a68680a4869f6f9250bfc82f5b9c3162d","isMergeCommit":true,"messageTitle":"Merge branch \u0027master\u0027 into refactor","messageBody":"","fileTypesAndContributionMap":{}},{"hash":"77b49bdeba1b9ff5da4cfa04e5248decfc74f4e9","isMergeCommit":false,"messageTitle":"UniquePersonListTest: Change variable name to be accurate","messageBody":"","fileTypesAndContributionMap":{"test-code":{"insertions":2,"deletions":2}}},{"hash":"7204a7d8b45ff74f007f36bc4b3a1ce992770b86","isMergeCommit":true,"messageTitle":"Merge pull request #92 from shaunlxw/edit-same-id","messageBody":"Change Model#setPerson to enforce id not modified","fileTypesAndContributionMap":{}},{"hash":"a6eea1eb8309b042cdb7e6266d0debc7b17629fc","isMergeCommit":true,"messageTitle":"Merge pull request #108 from shaunlxw/refactor","messageBody":"Refactor code","fileTypesAndContributionMap":{}}]}]},"authorFileTypeContributionMap":{"tanjieling0":{"docs":227,"functional-code":558,"test-code":388},"starsia":{"docs":190,"functional-code":552,"test-code":236},"nuyer":{"docs":408,"functional-code":284,"test-code":211},"purivirakarin":{"docs":235,"functional-code":2616,"test-code":3420,"other":1},"shaunlxw":{"docs":508,"functional-code":957,"test-code":1507,"other":2}},"authorContributionVariance":{"tanjieling0":32492.416,"starsia":108790.336,"nuyer":16619.354,"purivirakarin":666602.2,"shaunlxw":57931.23},"authorDisplayNameMap":{"tanjieling0":"CS2103T-F12-1 TAN ..LING","starsia":"CS2103T-F12-1 SIA ..QING","nuyer":"CS2103T-F12-1 CHOW..AWIN","purivirakarin":"CS2103T-F12-1 VIRA..PURI","shaunlxw":"CS2103T-F12-1 SHAU.. WEI"}}
