{"authorDailyContributionsMap":{"Tanzhiheng26":[{"date":"2024-02-29","commitResults":[{"hash":"74f4d2e10e000a3a6bbaa2432ec4271efd1c124e","isMergeCommit":false,"messageTitle":"Update user stories in DG","messageBody":"","fileTypesAndContributionMap":{"docs":{"insertions":37,"deletions":13}}}]},{"date":"2024-03-02","commitResults":[{"hash":"edba3aa302164174d2eda5374fb7832513cb40dc","isMergeCommit":true,"messageTitle":"Merge pull request #21 from ziiqii/update-use-cases-nfr","messageBody":"Update use cases and non-functional requirements","fileTypesAndContributionMap":{}}]}],"zhuuyicheng":[{"date":"2024-02-23","commitResults":[{"hash":"0004ccaa46b1be82ee1be7992ddd2a997dff27f4","isMergeCommit":true,"messageTitle":"Merge pull request #1 from AY2324S2-CS2103T-W09-3/switch-docs-to-markbind","messageBody":"Switch docs to markbind","fileTypesAndContributionMap":{}},{"hash":"da0dd2f29da0bb6f2d969048c4c6c8b1c985689a","isMergeCommit":false,"messageTitle":"Update default.md","messageBody":"","fileTypesAndContributionMap":{"docs":{"insertions":1,"deletions":1}}}]},{"date":"2024-03-02","commitResults":[{"hash":"0aee8584dcdd6581e2445e04985b3006d6b6b1e0","isMergeCommit":true,"messageTitle":"Merge pull request #18 from Tanzhiheng26/update-dg-user-stories","messageBody":"Update user stories in DG","fileTypesAndContributionMap":{}}]}],"KSSWSept20":[],"ziiqii":[{"date":"2024-03-01","commitResults":[{"hash":"db711036cd07501320c1fbed58d63c88d30e6dd3","isMergeCommit":false,"messageTitle":"Update use cases and non-functional requirements","messageBody":"","fileTypesAndContributionMap":{"docs":{"insertions":160,"deletions":17}}}]}]},"authorFileTypeContributionMap":{"Tanzhiheng26":{"docs":36,"functional-code":0,"test-code":0},"zhuuyicheng":{"docs":1,"functional-code":0,"test-code":0},"KSSWSept20":{"docs":0,"functional-code":0,"test-code":0},"ziiqii":{"docs":135,"functional-code":0,"test-code":0}},"authorContributionVariance":{"Tanzhiheng26":246.91357,"zhuuyicheng":0.3950617,"KSSWSept20":0.0,"ziiqii":3094.222},"authorDisplayNameMap":{"Tanzhiheng26":"CS2103T-W09-3 TAN ..HENG","zhuuyicheng":"CS2103T-W09-3 ZHU ..HENG","KSSWSept20":"CS2103T-W09-3 WONG..HENG","ziiqii":"CS2103T-W09-3 XU Z..ZIQI"}}
