[{"path":"docs/AboutUs.md","fileType":"docs","lines":[{"lineNumber":1,"author":{"gitId":"-"},"content":"---","lastModifiedDate":"2020-05-23"},{"lineNumber":2,"author":{"gitId":"-"},"content":"  layout: default.md","lastModifiedDate":"2023-09-12"},{"lineNumber":3,"author":{"gitId":"-"},"content":"  title: \"About Us\"","lastModifiedDate":"2023-09-12"},{"lineNumber":4,"author":{"gitId":"-"},"content":"---","lastModifiedDate":"2020-05-23"},{"lineNumber":5,"author":{"gitId":"-"},"content":"","lastModifiedDate":"2020-05-23"},{"lineNumber":6,"author":{"gitId":"-"},"content":"# About Us","lastModifiedDate":"2023-09-12"},{"lineNumber":7,"author":{"gitId":"-"},"content":"","lastModifiedDate":"2023-09-12"},{"lineNumber":8,"author":{"gitId":"-"},"content":"We are a team based in the [School of Computing, National University of Singapore](http://www.comp.nus.edu.sg).","lastModifiedDate":"2020-05-23"},{"lineNumber":9,"author":{"gitId":"-"},"content":"","lastModifiedDate":"2020-05-23"},{"lineNumber":10,"author":{"gitId":"-"},"content":"You can reach us at the email `seer[at]comp.nus.edu.sg`","lastModifiedDate":"2020-06-17"},{"lineNumber":11,"author":{"gitId":"-"},"content":"","lastModifiedDate":"2020-06-17"},{"lineNumber":12,"author":{"gitId":"-"},"content":"## Project team","lastModifiedDate":"2020-06-07"},{"lineNumber":13,"author":{"gitId":"-"},"content":"","lastModifiedDate":"2020-05-23"},{"lineNumber":14,"author":{"gitId":"-"},"content":"### John Doe","lastModifiedDate":"2020-05-23"},{"lineNumber":15,"author":{"gitId":"-"},"content":"","lastModifiedDate":"2020-05-23"},{"lineNumber":16,"author":{"gitId":"-"},"content":"\u003cimg src\u003d\"images/johndoe.png\" width\u003d\"200px\"\u003e","lastModifiedDate":"2020-06-17"},{"lineNumber":17,"author":{"gitId":"-"},"content":"","lastModifiedDate":"2020-05-23"},{"lineNumber":18,"author":{"gitId":"-"},"content":"[[homepage](http://www.comp.nus.edu.sg/~damithch)]","lastModifiedDate":"2020-05-23"},{"lineNumber":19,"author":{"gitId":"-"},"content":"[[github](https://github.com/johndoe)]","lastModifiedDate":"2020-06-17"},{"lineNumber":20,"author":{"gitId":"-"},"content":"[[portfolio](team/johndoe.md)]","lastModifiedDate":"2020-05-23"},{"lineNumber":21,"author":{"gitId":"-"},"content":"","lastModifiedDate":"2020-05-23"},{"lineNumber":22,"author":{"gitId":"-"},"content":"* Role: Project Advisor","lastModifiedDate":"2020-05-23"},{"lineNumber":23,"author":{"gitId":"-"},"content":"","lastModifiedDate":"2020-05-23"},{"lineNumber":24,"author":{"gitId":"fy17ohhh"},"content":"### Shang Feiyang","lastModifiedDate":"2024-03-02"},{"lineNumber":25,"author":{"gitId":"-"},"content":"","lastModifiedDate":"2020-05-23"},{"lineNumber":26,"author":{"gitId":"fy17ohhh"},"content":"\u003cimg src\u003d\"images/fy17ohhh.png\" width\u003d\"200px\"\u003e","lastModifiedDate":"2024-03-02"},{"lineNumber":27,"author":{"gitId":"-"},"content":"","lastModifiedDate":"2020-05-23"},{"lineNumber":28,"author":{"gitId":"fy17ohhh"},"content":"[[github](http://github.com/fy17ohhh)]","lastModifiedDate":"2024-03-02"},{"lineNumber":29,"author":{"gitId":"fy17ohhh"},"content":"[[portfolio](team/fy17ohhh.md)]","lastModifiedDate":"2024-03-02"},{"lineNumber":30,"author":{"gitId":"-"},"content":"","lastModifiedDate":"2020-05-23"},{"lineNumber":31,"author":{"gitId":"fy17ohhh"},"content":"* Role: Developer","lastModifiedDate":"2024-03-02"},{"lineNumber":32,"author":{"gitId":"fy17ohhh"},"content":"* Responsibilities: UI + Scheduling and tracking","lastModifiedDate":"2024-03-02"},{"lineNumber":33,"author":{"gitId":"-"},"content":"","lastModifiedDate":"2020-05-23"},{"lineNumber":34,"author":{"gitId":"tanjiajiajun"},"content":"### Tan Jia Jun","lastModifiedDate":"2024-03-02"},{"lineNumber":35,"author":{"gitId":"-"},"content":"","lastModifiedDate":"2020-05-23"},{"lineNumber":36,"author":{"gitId":"tanjiajiajun"},"content":"\u003cimg src\u003d\"images/tanjiajun.png\" width\u003d\"200px\"\u003e","lastModifiedDate":"2024-03-02"},{"lineNumber":37,"author":{"gitId":"-"},"content":"","lastModifiedDate":"2020-05-23"},{"lineNumber":38,"author":{"gitId":"tanjiajiajun"},"content":"[[github](https://github.com/tanjiajiajun)] [[portfolio](team/jiajun.md)]","lastModifiedDate":"2024-03-02"},{"lineNumber":39,"author":{"gitId":"-"},"content":"","lastModifiedDate":"2020-05-23"},{"lineNumber":40,"author":{"gitId":"-"},"content":"* Role: Developer","lastModifiedDate":"2020-05-23"},{"lineNumber":41,"author":{"gitId":"-"},"content":"* Responsibilities: Data","lastModifiedDate":"2020-05-23"},{"lineNumber":42,"author":{"gitId":"-"},"content":"","lastModifiedDate":"2020-05-23"},{"lineNumber":43,"author":{"gitId":"-"},"content":"### Jean Doe","lastModifiedDate":"2020-06-17"},{"lineNumber":44,"author":{"gitId":"-"},"content":"","lastModifiedDate":"2020-05-23"},{"lineNumber":45,"author":{"gitId":"-"},"content":"\u003cimg src\u003d\"images/johndoe.png\" width\u003d\"200px\"\u003e","lastModifiedDate":"2020-06-17"},{"lineNumber":46,"author":{"gitId":"-"},"content":"","lastModifiedDate":"2020-05-23"},{"lineNumber":47,"author":{"gitId":"-"},"content":"[[github](http://github.com/johndoe)]","lastModifiedDate":"2020-06-17"},{"lineNumber":48,"author":{"gitId":"-"},"content":"[[portfolio](team/johndoe.md)]","lastModifiedDate":"2020-05-23"},{"lineNumber":49,"author":{"gitId":"-"},"content":"","lastModifiedDate":"2020-05-23"},{"lineNumber":50,"author":{"gitId":"-"},"content":"* Role: Developer","lastModifiedDate":"2020-05-23"},{"lineNumber":51,"author":{"gitId":"-"},"content":"* Responsibilities: Dev Ops + Threading","lastModifiedDate":"2020-05-23"},{"lineNumber":52,"author":{"gitId":"-"},"content":"","lastModifiedDate":"2020-05-23"},{"lineNumber":53,"author":{"gitId":"-"},"content":"### James Doe","lastModifiedDate":"2020-06-17"},{"lineNumber":54,"author":{"gitId":"-"},"content":"","lastModifiedDate":"2020-05-23"},{"lineNumber":55,"author":{"gitId":"-"},"content":"\u003cimg src\u003d\"images/johndoe.png\" width\u003d\"200px\"\u003e","lastModifiedDate":"2020-06-17"},{"lineNumber":56,"author":{"gitId":"-"},"content":"","lastModifiedDate":"2020-05-23"},{"lineNumber":57,"author":{"gitId":"-"},"content":"[[github](http://github.com/johndoe)]","lastModifiedDate":"2020-06-17"},{"lineNumber":58,"author":{"gitId":"-"},"content":"[[portfolio](team/johndoe.md)]","lastModifiedDate":"2020-05-23"},{"lineNumber":59,"author":{"gitId":"-"},"content":"","lastModifiedDate":"2020-05-23"},{"lineNumber":60,"author":{"gitId":"-"},"content":"* Role: Developer","lastModifiedDate":"2020-05-23"},{"lineNumber":61,"author":{"gitId":"-"},"content":"* Responsibilities: UI","lastModifiedDate":"2020-05-23"}],"authorContributionMap":{"fy17ohhh":6,"tanjiajiajun":3,"-":52}},{"path":"docs/DeveloperGuide.md","fileType":"docs","lines":[{"lineNumber":1,"author":{"gitId":"-"},"content":"---","lastModifiedDate":"2020-05-23"},{"lineNumber":2,"author":{"gitId":"-"},"content":"  layout: default.md","lastModifiedDate":"2023-09-12"},{"lineNumber":3,"author":{"gitId":"-"},"content":"  title: \"Developer Guide\"","lastModifiedDate":"2023-09-12"},{"lineNumber":4,"author":{"gitId":"-"},"content":"  pageNav: 3","lastModifiedDate":"2023-09-12"},{"lineNumber":5,"author":{"gitId":"-"},"content":"---","lastModifiedDate":"2020-05-23"},{"lineNumber":6,"author":{"gitId":"-"},"content":"","lastModifiedDate":"2023-09-12"},{"lineNumber":7,"author":{"gitId":"-"},"content":"# AB-3 Developer Guide","lastModifiedDate":"2023-09-12"},{"lineNumber":8,"author":{"gitId":"-"},"content":"","lastModifiedDate":"2023-09-12"},{"lineNumber":9,"author":{"gitId":"-"},"content":"\u003c!-- * Table of Contents --\u003e","lastModifiedDate":"2023-09-12"},{"lineNumber":10,"author":{"gitId":"-"},"content":"\u003cpage-nav-print /\u003e","lastModifiedDate":"2023-09-12"},{"lineNumber":11,"author":{"gitId":"-"},"content":"","lastModifiedDate":"2020-05-23"},{"lineNumber":12,"author":{"gitId":"-"},"content":"--------------------------------------------------------------------------------------------------------------------","lastModifiedDate":"2020-05-23"},{"lineNumber":13,"author":{"gitId":"-"},"content":"","lastModifiedDate":"2021-07-30"},{"lineNumber":14,"author":{"gitId":"-"},"content":"## **Acknowledgements**","lastModifiedDate":"2021-07-30"},{"lineNumber":15,"author":{"gitId":"-"},"content":"","lastModifiedDate":"2021-07-30"},{"lineNumber":16,"author":{"gitId":"-"},"content":"_{ list here sources of all reused/adapted ideas, code, documentation, and third-party libraries -- include links to the original source as well }_","lastModifiedDate":"2023-09-12"},{"lineNumber":17,"author":{"gitId":"-"},"content":"","lastModifiedDate":"2021-07-30"},{"lineNumber":18,"author":{"gitId":"-"},"content":"--------------------------------------------------------------------------------------------------------------------","lastModifiedDate":"2021-07-30"},{"lineNumber":19,"author":{"gitId":"-"},"content":"","lastModifiedDate":"2020-05-23"},{"lineNumber":20,"author":{"gitId":"-"},"content":"## **Setting up, getting started**","lastModifiedDate":"2020-05-23"},{"lineNumber":21,"author":{"gitId":"-"},"content":"","lastModifiedDate":"2020-05-23"},{"lineNumber":22,"author":{"gitId":"-"},"content":"Refer to the guide [_Setting up and getting started_](SettingUp.md).","lastModifiedDate":"2020-05-23"},{"lineNumber":23,"author":{"gitId":"-"},"content":"","lastModifiedDate":"2020-05-23"},{"lineNumber":24,"author":{"gitId":"-"},"content":"--------------------------------------------------------------------------------------------------------------------","lastModifiedDate":"2020-05-23"},{"lineNumber":25,"author":{"gitId":"-"},"content":"","lastModifiedDate":"2020-05-23"},{"lineNumber":26,"author":{"gitId":"-"},"content":"## **Design**","lastModifiedDate":"2020-05-23"},{"lineNumber":27,"author":{"gitId":"-"},"content":"","lastModifiedDate":"2020-05-23"},{"lineNumber":28,"author":{"gitId":"-"},"content":"### Architecture","lastModifiedDate":"2021-07-31"},{"lineNumber":29,"author":{"gitId":"-"},"content":"","lastModifiedDate":"2020-05-23"},{"lineNumber":30,"author":{"gitId":"-"},"content":"\u003cpuml src\u003d\"diagrams/ArchitectureDiagram.puml\" width\u003d\"280\" /\u003e","lastModifiedDate":"2023-09-12"},{"lineNumber":31,"author":{"gitId":"-"},"content":"","lastModifiedDate":"2020-05-23"},{"lineNumber":32,"author":{"gitId":"-"},"content":"The ***Architecture Diagram*** given above explains the high-level design of the App.","lastModifiedDate":"2021-07-31"},{"lineNumber":33,"author":{"gitId":"-"},"content":"","lastModifiedDate":"2020-05-23"},{"lineNumber":34,"author":{"gitId":"-"},"content":"Given below is a quick overview of main components and how they interact with each other.","lastModifiedDate":"2021-07-31"},{"lineNumber":35,"author":{"gitId":"-"},"content":"","lastModifiedDate":"2021-07-31"},{"lineNumber":36,"author":{"gitId":"-"},"content":"**Main components of the architecture**","lastModifiedDate":"2021-07-31"},{"lineNumber":37,"author":{"gitId":"-"},"content":"","lastModifiedDate":"2020-05-23"},{"lineNumber":38,"author":{"gitId":"-"},"content":"**`Main`** (consisting of classes [`Main`](https://github.com/se-edu/addressbook-level3/tree/master/src/main/java/seedu/address/Main.java) and [`MainApp`](https://github.com/se-edu/addressbook-level3/tree/master/src/main/java/seedu/address/MainApp.java)) is in charge of the app launch and shut down.","lastModifiedDate":"2023-09-03"},{"lineNumber":39,"author":{"gitId":"-"},"content":"* At app launch, it initializes the other components in the correct sequence, and connects them up with each other.","lastModifiedDate":"2023-09-03"},{"lineNumber":40,"author":{"gitId":"-"},"content":"* At shut down, it shuts down the other components and invokes cleanup methods where necessary.","lastModifiedDate":"2023-09-03"},{"lineNumber":41,"author":{"gitId":"-"},"content":"","lastModifiedDate":"2020-05-23"},{"lineNumber":42,"author":{"gitId":"-"},"content":"The bulk of the app\u0027s work is done by the following four components:","lastModifiedDate":"2023-09-03"},{"lineNumber":43,"author":{"gitId":"-"},"content":"","lastModifiedDate":"2020-05-23"},{"lineNumber":44,"author":{"gitId":"-"},"content":"* [**`UI`**](#ui-component): The UI of the App.","lastModifiedDate":"2020-05-23"},{"lineNumber":45,"author":{"gitId":"-"},"content":"* [**`Logic`**](#logic-component): The command executor.","lastModifiedDate":"2020-05-23"},{"lineNumber":46,"author":{"gitId":"-"},"content":"* [**`Model`**](#model-component): Holds the data of the App in memory.","lastModifiedDate":"2020-05-23"},{"lineNumber":47,"author":{"gitId":"-"},"content":"* [**`Storage`**](#storage-component): Reads data from, and writes data to, the hard disk.","lastModifiedDate":"2020-05-23"},{"lineNumber":48,"author":{"gitId":"-"},"content":"","lastModifiedDate":"2020-05-23"},{"lineNumber":49,"author":{"gitId":"-"},"content":"[**`Commons`**](#common-classes) represents a collection of classes used by multiple other components.","lastModifiedDate":"2023-09-03"},{"lineNumber":50,"author":{"gitId":"-"},"content":"","lastModifiedDate":"2020-05-23"},{"lineNumber":51,"author":{"gitId":"-"},"content":"**How the architecture components interact with each other**","lastModifiedDate":"2020-05-23"},{"lineNumber":52,"author":{"gitId":"-"},"content":"","lastModifiedDate":"2020-05-23"},{"lineNumber":53,"author":{"gitId":"-"},"content":"The *Sequence Diagram* below shows how the components interact with each other for the scenario where the user issues the command `delete 1`.","lastModifiedDate":"2020-05-23"},{"lineNumber":54,"author":{"gitId":"-"},"content":"","lastModifiedDate":"2020-05-23"},{"lineNumber":55,"author":{"gitId":"-"},"content":"\u003cpuml src\u003d\"diagrams/ArchitectureSequenceDiagram.puml\" width\u003d\"574\" /\u003e","lastModifiedDate":"2023-09-12"},{"lineNumber":56,"author":{"gitId":"-"},"content":"","lastModifiedDate":"2020-05-23"},{"lineNumber":57,"author":{"gitId":"-"},"content":"Each of the four main components (also shown in the diagram above),","lastModifiedDate":"2021-07-31"},{"lineNumber":58,"author":{"gitId":"-"},"content":"","lastModifiedDate":"2021-07-31"},{"lineNumber":59,"author":{"gitId":"-"},"content":"* defines its *API* in an `interface` with the same name as the Component.","lastModifiedDate":"2021-07-31"},{"lineNumber":60,"author":{"gitId":"-"},"content":"* implements its functionality using a concrete `{Component Name}Manager` class (which follows the corresponding API `interface` mentioned in the previous point.","lastModifiedDate":"2021-07-31"},{"lineNumber":61,"author":{"gitId":"-"},"content":"","lastModifiedDate":"2021-07-31"},{"lineNumber":62,"author":{"gitId":"-"},"content":"For example, the `Logic` component defines its API in the `Logic.java` interface and implements its functionality using the `LogicManager.java` class which follows the `Logic` interface. Other components interact with a given component through its interface rather than the concrete class (reason: to prevent outside component\u0027s being coupled to the implementation of a component), as illustrated in the (partial) class diagram below.","lastModifiedDate":"2021-07-31"},{"lineNumber":63,"author":{"gitId":"-"},"content":"","lastModifiedDate":"2021-07-31"},{"lineNumber":64,"author":{"gitId":"-"},"content":"\u003cpuml src\u003d\"diagrams/ComponentManagers.puml\" width\u003d\"300\" /\u003e","lastModifiedDate":"2023-09-12"},{"lineNumber":65,"author":{"gitId":"-"},"content":"","lastModifiedDate":"2021-07-31"},{"lineNumber":66,"author":{"gitId":"-"},"content":"The sections below give more details of each component.","lastModifiedDate":"2020-05-23"},{"lineNumber":67,"author":{"gitId":"-"},"content":"","lastModifiedDate":"2020-05-23"},{"lineNumber":68,"author":{"gitId":"-"},"content":"### UI component","lastModifiedDate":"2020-05-23"},{"lineNumber":69,"author":{"gitId":"-"},"content":"","lastModifiedDate":"2020-05-23"},{"lineNumber":70,"author":{"gitId":"-"},"content":"The **API** of this component is specified in [`Ui.java`](https://github.com/se-edu/addressbook-level3/tree/master/src/main/java/seedu/address/ui/Ui.java)","lastModifiedDate":"2021-07-31"},{"lineNumber":71,"author":{"gitId":"-"},"content":"","lastModifiedDate":"2020-05-23"},{"lineNumber":72,"author":{"gitId":"-"},"content":"\u003cpuml src\u003d\"diagrams/UiClassDiagram.puml\" alt\u003d\"Structure of the UI Component\"/\u003e","lastModifiedDate":"2023-09-12"},{"lineNumber":73,"author":{"gitId":"-"},"content":"","lastModifiedDate":"2020-05-23"},{"lineNumber":74,"author":{"gitId":"-"},"content":"The UI consists of a `MainWindow` that is made up of parts e.g.`CommandBox`, `ResultDisplay`, `PersonListPanel`, `StatusBarFooter` etc. All these, including the `MainWindow`, inherit from the abstract `UiPart` class which captures the commonalities between classes that represent parts of the visible GUI.","lastModifiedDate":"2021-07-31"},{"lineNumber":75,"author":{"gitId":"-"},"content":"","lastModifiedDate":"2020-05-23"},{"lineNumber":76,"author":{"gitId":"-"},"content":"The `UI` component uses the JavaFx UI framework. The layout of these UI parts are defined in matching `.fxml` files that are in the `src/main/resources/view` folder. For example, the layout of the [`MainWindow`](https://github.com/se-edu/addressbook-level3/tree/master/src/main/java/seedu/address/ui/MainWindow.java) is specified in [`MainWindow.fxml`](https://github.com/se-edu/addressbook-level3/tree/master/src/main/resources/view/MainWindow.fxml)","lastModifiedDate":"2021-07-31"},{"lineNumber":77,"author":{"gitId":"-"},"content":"","lastModifiedDate":"2020-05-23"},{"lineNumber":78,"author":{"gitId":"-"},"content":"The `UI` component,","lastModifiedDate":"2020-05-23"},{"lineNumber":79,"author":{"gitId":"-"},"content":"","lastModifiedDate":"2020-05-23"},{"lineNumber":80,"author":{"gitId":"-"},"content":"* executes user commands using the `Logic` component.","lastModifiedDate":"2021-07-31"},{"lineNumber":81,"author":{"gitId":"-"},"content":"* listens for changes to `Model` data so that the UI can be updated with the modified data.","lastModifiedDate":"2021-07-31"},{"lineNumber":82,"author":{"gitId":"-"},"content":"* keeps a reference to the `Logic` component, because the `UI` relies on the `Logic` to execute commands.","lastModifiedDate":"2021-07-31"},{"lineNumber":83,"author":{"gitId":"-"},"content":"* depends on some classes in the `Model` component, as it displays `Person` object residing in the `Model`.","lastModifiedDate":"2021-07-31"},{"lineNumber":84,"author":{"gitId":"-"},"content":"","lastModifiedDate":"2020-05-23"},{"lineNumber":85,"author":{"gitId":"-"},"content":"### Logic component","lastModifiedDate":"2020-05-23"},{"lineNumber":86,"author":{"gitId":"-"},"content":"","lastModifiedDate":"2020-05-23"},{"lineNumber":87,"author":{"gitId":"-"},"content":"**API** : [`Logic.java`](https://github.com/se-edu/addressbook-level3/tree/master/src/main/java/seedu/address/logic/Logic.java)","lastModifiedDate":"2021-07-31"},{"lineNumber":88,"author":{"gitId":"-"},"content":"","lastModifiedDate":"2020-05-23"},{"lineNumber":89,"author":{"gitId":"-"},"content":"Here\u0027s a (partial) class diagram of the `Logic` component:","lastModifiedDate":"2021-07-31"},{"lineNumber":90,"author":{"gitId":"-"},"content":"","lastModifiedDate":"2020-05-23"},{"lineNumber":91,"author":{"gitId":"-"},"content":"\u003cpuml src\u003d\"diagrams/LogicClassDiagram.puml\" width\u003d\"550\"/\u003e","lastModifiedDate":"2023-09-12"},{"lineNumber":92,"author":{"gitId":"-"},"content":"","lastModifiedDate":"2020-05-23"},{"lineNumber":93,"author":{"gitId":"-"},"content":"The sequence diagram below illustrates the interactions within the `Logic` component, taking `execute(\"delete 1\")` API call as an example.","lastModifiedDate":"2023-09-03"},{"lineNumber":94,"author":{"gitId":"-"},"content":"","lastModifiedDate":"2020-05-23"},{"lineNumber":95,"author":{"gitId":"-"},"content":"\u003cpuml src\u003d\"diagrams/DeleteSequenceDiagram.puml\" alt\u003d\"Interactions Inside the Logic Component for the `delete 1` Command\" /\u003e","lastModifiedDate":"2023-09-12"},{"lineNumber":96,"author":{"gitId":"-"},"content":"","lastModifiedDate":"2023-09-12"},{"lineNumber":97,"author":{"gitId":"-"},"content":"\u003cbox type\u003d\"info\" seamless\u003e","lastModifiedDate":"2023-09-12"},{"lineNumber":98,"author":{"gitId":"-"},"content":"","lastModifiedDate":"2020-05-23"},{"lineNumber":99,"author":{"gitId":"-"},"content":"**Note:** The lifeline for `DeleteCommandParser` should end at the destroy marker (X) but due to a limitation of PlantUML, the lifeline continues till the end of diagram.","lastModifiedDate":"2023-09-12"},{"lineNumber":100,"author":{"gitId":"-"},"content":"\u003c/box\u003e","lastModifiedDate":"2023-09-12"},{"lineNumber":101,"author":{"gitId":"-"},"content":"","lastModifiedDate":"2020-05-23"},{"lineNumber":102,"author":{"gitId":"-"},"content":"How the `Logic` component works:","lastModifiedDate":"2023-09-03"},{"lineNumber":103,"author":{"gitId":"-"},"content":"","lastModifiedDate":"2023-09-03"},{"lineNumber":104,"author":{"gitId":"-"},"content":"1. When `Logic` is called upon to execute a command, it is passed to an `AddressBookParser` object which in turn creates a parser that matches the command (e.g., `DeleteCommandParser`) and uses it to parse the command.","lastModifiedDate":"2023-09-03"},{"lineNumber":105,"author":{"gitId":"-"},"content":"1. This results in a `Command` object (more precisely, an object of one of its subclasses e.g., `DeleteCommand`) which is executed by the `LogicManager`.","lastModifiedDate":"2023-09-03"},{"lineNumber":106,"author":{"gitId":"-"},"content":"1. The command can communicate with the `Model` when it is executed (e.g. to delete a person).\u003cbr\u003e","lastModifiedDate":"2024-02-09"},{"lineNumber":107,"author":{"gitId":"-"},"content":"   Note that although this is shown as a single step in the diagram above (for simplicity), in the code it can take several interactions (between the command object and the `Model`) to achieve.","lastModifiedDate":"2024-02-09"},{"lineNumber":108,"author":{"gitId":"-"},"content":"1. The result of the command execution is encapsulated as a `CommandResult` object which is returned back from `Logic`.","lastModifiedDate":"2023-09-03"},{"lineNumber":109,"author":{"gitId":"-"},"content":"","lastModifiedDate":"2023-09-03"},{"lineNumber":110,"author":{"gitId":"-"},"content":"Here are the other classes in `Logic` (omitted from the class diagram above) that are used for parsing a user command:","lastModifiedDate":"2021-07-31"},{"lineNumber":111,"author":{"gitId":"-"},"content":"","lastModifiedDate":"2021-07-31"},{"lineNumber":112,"author":{"gitId":"-"},"content":"\u003cpuml src\u003d\"diagrams/ParserClasses.puml\" width\u003d\"600\"/\u003e","lastModifiedDate":"2023-09-12"},{"lineNumber":113,"author":{"gitId":"-"},"content":"","lastModifiedDate":"2020-05-23"},{"lineNumber":114,"author":{"gitId":"-"},"content":"How the parsing works:","lastModifiedDate":"2021-07-31"},{"lineNumber":115,"author":{"gitId":"-"},"content":"* When called upon to parse a user command, the `AddressBookParser` class creates an `XYZCommandParser` (`XYZ` is a placeholder for the specific command name e.g., `AddCommandParser`) which uses the other classes shown above to parse the user command and create a `XYZCommand` object (e.g., `AddCommand`) which the `AddressBookParser` returns back as a `Command` object.","lastModifiedDate":"2021-07-31"},{"lineNumber":116,"author":{"gitId":"-"},"content":"* All `XYZCommandParser` classes (e.g., `AddCommandParser`, `DeleteCommandParser`, ...) inherit from the `Parser` interface so that they can be treated similarly where possible e.g, during testing.","lastModifiedDate":"2021-07-31"},{"lineNumber":117,"author":{"gitId":"-"},"content":"","lastModifiedDate":"2020-05-23"},{"lineNumber":118,"author":{"gitId":"-"},"content":"### Model component","lastModifiedDate":"2021-07-31"},{"lineNumber":119,"author":{"gitId":"-"},"content":"**API** : [`Model.java`](https://github.com/se-edu/addressbook-level3/tree/master/src/main/java/seedu/address/model/Model.java)","lastModifiedDate":"2020-05-23"},{"lineNumber":120,"author":{"gitId":"-"},"content":"","lastModifiedDate":"2020-05-23"},{"lineNumber":121,"author":{"gitId":"-"},"content":"\u003cpuml src\u003d\"diagrams/ModelClassDiagram.puml\" width\u003d\"450\" /\u003e","lastModifiedDate":"2023-09-12"},{"lineNumber":122,"author":{"gitId":"-"},"content":"","lastModifiedDate":"2020-05-23"},{"lineNumber":123,"author":{"gitId":"-"},"content":"","lastModifiedDate":"2020-05-23"},{"lineNumber":124,"author":{"gitId":"-"},"content":"The `Model` component,","lastModifiedDate":"2021-07-31"},{"lineNumber":125,"author":{"gitId":"-"},"content":"","lastModifiedDate":"2020-05-23"},{"lineNumber":126,"author":{"gitId":"-"},"content":"* stores the address book data i.e., all `Person` objects (which are contained in a `UniquePersonList` object).","lastModifiedDate":"2021-07-31"},{"lineNumber":127,"author":{"gitId":"-"},"content":"* stores the currently \u0027selected\u0027 `Person` objects (e.g., results of a search query) as a separate _filtered_ list which is exposed to outsiders as an unmodifiable `ObservableList\u003cPerson\u003e` that can be \u0027observed\u0027 e.g. the UI can be bound to this list so that the UI automatically updates when the data in the list change.","lastModifiedDate":"2021-07-31"},{"lineNumber":128,"author":{"gitId":"-"},"content":"* stores a `UserPref` object that represents the user’s preferences. This is exposed to the outside as a `ReadOnlyUserPref` objects.","lastModifiedDate":"2021-07-31"},{"lineNumber":129,"author":{"gitId":"-"},"content":"* does not depend on any of the other three components (as the `Model` represents data entities of the domain, they should make sense on their own without depending on other components)","lastModifiedDate":"2021-07-31"},{"lineNumber":130,"author":{"gitId":"-"},"content":"","lastModifiedDate":"2021-07-31"},{"lineNumber":131,"author":{"gitId":"-"},"content":"\u003cbox type\u003d\"info\" seamless\u003e","lastModifiedDate":"2023-09-12"},{"lineNumber":132,"author":{"gitId":"-"},"content":"","lastModifiedDate":"2023-09-12"},{"lineNumber":133,"author":{"gitId":"-"},"content":"**Note:** An alternative (arguably, a more OOP) model is given below. It has a `Tag` list in the `AddressBook`, which `Person` references. This allows `AddressBook` to only require one `Tag` object per unique tag, instead of each `Person` needing their own `Tag` objects.\u003cbr\u003e","lastModifiedDate":"2023-09-12"},{"lineNumber":134,"author":{"gitId":"-"},"content":"","lastModifiedDate":"2021-07-31"},{"lineNumber":135,"author":{"gitId":"-"},"content":"\u003cpuml src\u003d\"diagrams/BetterModelClassDiagram.puml\" width\u003d\"450\" /\u003e","lastModifiedDate":"2023-09-12"},{"lineNumber":136,"author":{"gitId":"-"},"content":"","lastModifiedDate":"2020-05-23"},{"lineNumber":137,"author":{"gitId":"-"},"content":"\u003c/box\u003e","lastModifiedDate":"2023-09-12"},{"lineNumber":138,"author":{"gitId":"-"},"content":"","lastModifiedDate":"2020-05-23"},{"lineNumber":139,"author":{"gitId":"-"},"content":"","lastModifiedDate":"2020-05-23"},{"lineNumber":140,"author":{"gitId":"-"},"content":"### Storage component","lastModifiedDate":"2020-05-23"},{"lineNumber":141,"author":{"gitId":"-"},"content":"","lastModifiedDate":"2020-05-23"},{"lineNumber":142,"author":{"gitId":"-"},"content":"**API** : [`Storage.java`](https://github.com/se-edu/addressbook-level3/tree/master/src/main/java/seedu/address/storage/Storage.java)","lastModifiedDate":"2020-05-23"},{"lineNumber":143,"author":{"gitId":"-"},"content":"","lastModifiedDate":"2020-05-23"},{"lineNumber":144,"author":{"gitId":"-"},"content":"\u003cpuml src\u003d\"diagrams/StorageClassDiagram.puml\" width\u003d\"550\" /\u003e","lastModifiedDate":"2023-09-12"},{"lineNumber":145,"author":{"gitId":"-"},"content":"","lastModifiedDate":"2021-07-31"},{"lineNumber":146,"author":{"gitId":"-"},"content":"The `Storage` component,","lastModifiedDate":"2020-05-23"},{"lineNumber":147,"author":{"gitId":"-"},"content":"* can save both address book data and user preference data in JSON format, and read them back into corresponding objects.","lastModifiedDate":"2023-09-03"},{"lineNumber":148,"author":{"gitId":"-"},"content":"* inherits from both `AddressBookStorage` and `UserPrefStorage`, which means it can be treated as either one (if only the functionality of only one is needed).","lastModifiedDate":"2021-07-31"},{"lineNumber":149,"author":{"gitId":"-"},"content":"* depends on some classes in the `Model` component (because the `Storage` component\u0027s job is to save/retrieve objects that belong to the `Model`)","lastModifiedDate":"2021-07-21"},{"lineNumber":150,"author":{"gitId":"-"},"content":"","lastModifiedDate":"2020-05-23"},{"lineNumber":151,"author":{"gitId":"-"},"content":"### Common classes","lastModifiedDate":"2020-05-23"},{"lineNumber":152,"author":{"gitId":"-"},"content":"","lastModifiedDate":"2020-05-23"},{"lineNumber":153,"author":{"gitId":"-"},"content":"Classes used by multiple components are in the `seedu.addressbook.commons` package.","lastModifiedDate":"2020-05-23"},{"lineNumber":154,"author":{"gitId":"-"},"content":"","lastModifiedDate":"2020-05-23"},{"lineNumber":155,"author":{"gitId":"-"},"content":"--------------------------------------------------------------------------------------------------------------------","lastModifiedDate":"2020-05-23"},{"lineNumber":156,"author":{"gitId":"-"},"content":"","lastModifiedDate":"2020-05-23"},{"lineNumber":157,"author":{"gitId":"-"},"content":"## **Implementation**","lastModifiedDate":"2020-05-23"},{"lineNumber":158,"author":{"gitId":"-"},"content":"","lastModifiedDate":"2020-05-23"},{"lineNumber":159,"author":{"gitId":"-"},"content":"This section describes some noteworthy details on how certain features are implemented.","lastModifiedDate":"2020-05-23"},{"lineNumber":160,"author":{"gitId":"-"},"content":"","lastModifiedDate":"2020-05-23"},{"lineNumber":161,"author":{"gitId":"-"},"content":"### \\[Proposed\\] Undo/redo feature","lastModifiedDate":"2020-06-07"},{"lineNumber":162,"author":{"gitId":"-"},"content":"","lastModifiedDate":"2020-05-23"},{"lineNumber":163,"author":{"gitId":"-"},"content":"#### Proposed Implementation","lastModifiedDate":"2020-05-23"},{"lineNumber":164,"author":{"gitId":"-"},"content":"","lastModifiedDate":"2020-05-23"},{"lineNumber":165,"author":{"gitId":"-"},"content":"The proposed undo/redo mechanism is facilitated by `VersionedAddressBook`. It extends `AddressBook` with an undo/redo history, stored internally as an `addressBookStateList` and `currentStatePointer`. Additionally, it implements the following operations:","lastModifiedDate":"2020-05-23"},{"lineNumber":166,"author":{"gitId":"-"},"content":"","lastModifiedDate":"2020-05-23"},{"lineNumber":167,"author":{"gitId":"-"},"content":"* `VersionedAddressBook#commit()` — Saves the current address book state in its history.","lastModifiedDate":"2020-05-23"},{"lineNumber":168,"author":{"gitId":"-"},"content":"* `VersionedAddressBook#undo()` — Restores the previous address book state from its history.","lastModifiedDate":"2020-05-23"},{"lineNumber":169,"author":{"gitId":"-"},"content":"* `VersionedAddressBook#redo()` — Restores a previously undone address book state from its history.","lastModifiedDate":"2020-05-23"},{"lineNumber":170,"author":{"gitId":"-"},"content":"","lastModifiedDate":"2020-05-23"},{"lineNumber":171,"author":{"gitId":"-"},"content":"These operations are exposed in the `Model` interface as `Model#commitAddressBook()`, `Model#undoAddressBook()` and `Model#redoAddressBook()` respectively.","lastModifiedDate":"2020-05-23"},{"lineNumber":172,"author":{"gitId":"-"},"content":"","lastModifiedDate":"2020-05-23"},{"lineNumber":173,"author":{"gitId":"-"},"content":"Given below is an example usage scenario and how the undo/redo mechanism behaves at each step.","lastModifiedDate":"2020-05-23"},{"lineNumber":174,"author":{"gitId":"-"},"content":"","lastModifiedDate":"2020-05-23"},{"lineNumber":175,"author":{"gitId":"-"},"content":"Step 1. The user launches the application for the first time. The `VersionedAddressBook` will be initialized with the initial address book state, and the `currentStatePointer` pointing to that single address book state.","lastModifiedDate":"2020-05-23"},{"lineNumber":176,"author":{"gitId":"-"},"content":"","lastModifiedDate":"2020-05-23"},{"lineNumber":177,"author":{"gitId":"-"},"content":"\u003cpuml src\u003d\"diagrams/UndoRedoState0.puml\" alt\u003d\"UndoRedoState0\" /\u003e","lastModifiedDate":"2023-09-12"},{"lineNumber":178,"author":{"gitId":"-"},"content":"","lastModifiedDate":"2020-05-23"},{"lineNumber":179,"author":{"gitId":"-"},"content":"Step 2. The user executes `delete 5` command to delete the 5th person in the address book. The `delete` command calls `Model#commitAddressBook()`, causing the modified state of the address book after the `delete 5` command executes to be saved in the `addressBookStateList`, and the `currentStatePointer` is shifted to the newly inserted address book state.","lastModifiedDate":"2020-05-23"},{"lineNumber":180,"author":{"gitId":"-"},"content":"","lastModifiedDate":"2020-05-23"},{"lineNumber":181,"author":{"gitId":"-"},"content":"\u003cpuml src\u003d\"diagrams/UndoRedoState1.puml\" alt\u003d\"UndoRedoState1\" /\u003e","lastModifiedDate":"2023-09-12"},{"lineNumber":182,"author":{"gitId":"-"},"content":"","lastModifiedDate":"2020-05-23"},{"lineNumber":183,"author":{"gitId":"-"},"content":"Step 3. The user executes `add n/David …​` to add a new person. The `add` command also calls `Model#commitAddressBook()`, causing another modified address book state to be saved into the `addressBookStateList`.","lastModifiedDate":"2020-05-23"},{"lineNumber":184,"author":{"gitId":"-"},"content":"","lastModifiedDate":"2020-05-23"},{"lineNumber":185,"author":{"gitId":"-"},"content":"\u003cpuml src\u003d\"diagrams/UndoRedoState2.puml\" alt\u003d\"UndoRedoState2\" /\u003e","lastModifiedDate":"2023-09-12"},{"lineNumber":186,"author":{"gitId":"-"},"content":"","lastModifiedDate":"2020-05-23"},{"lineNumber":187,"author":{"gitId":"-"},"content":"\u003cbox type\u003d\"info\" seamless\u003e","lastModifiedDate":"2023-09-12"},{"lineNumber":188,"author":{"gitId":"-"},"content":"","lastModifiedDate":"2020-05-23"},{"lineNumber":189,"author":{"gitId":"-"},"content":"**Note:** If a command fails its execution, it will not call `Model#commitAddressBook()`, so the address book state will not be saved into the `addressBookStateList`.","lastModifiedDate":"2023-09-12"},{"lineNumber":190,"author":{"gitId":"-"},"content":"","lastModifiedDate":"2023-09-12"},{"lineNumber":191,"author":{"gitId":"-"},"content":"\u003c/box\u003e","lastModifiedDate":"2023-09-12"},{"lineNumber":192,"author":{"gitId":"-"},"content":"","lastModifiedDate":"2020-05-23"},{"lineNumber":193,"author":{"gitId":"-"},"content":"Step 4. The user now decides that adding the person was a mistake, and decides to undo that action by executing the `undo` command. The `undo` command will call `Model#undoAddressBook()`, which will shift the `currentStatePointer` once to the left, pointing it to the previous address book state, and restores the address book to that state.","lastModifiedDate":"2020-05-23"},{"lineNumber":194,"author":{"gitId":"-"},"content":"","lastModifiedDate":"2020-05-23"},{"lineNumber":195,"author":{"gitId":"-"},"content":"\u003cpuml src\u003d\"diagrams/UndoRedoState3.puml\" alt\u003d\"UndoRedoState3\" /\u003e","lastModifiedDate":"2023-09-12"},{"lineNumber":196,"author":{"gitId":"-"},"content":"","lastModifiedDate":"2023-09-12"},{"lineNumber":197,"author":{"gitId":"-"},"content":"","lastModifiedDate":"2023-09-12"},{"lineNumber":198,"author":{"gitId":"-"},"content":"\u003cbox type\u003d\"info\" seamless\u003e","lastModifiedDate":"2023-09-12"},{"lineNumber":199,"author":{"gitId":"-"},"content":"","lastModifiedDate":"2020-05-23"},{"lineNumber":200,"author":{"gitId":"-"},"content":"**Note:** If the `currentStatePointer` is at index 0, pointing to the initial AddressBook state, then there are no previous AddressBook states to restore. The `undo` command uses `Model#canUndoAddressBook()` to check if this is the case. If so, it will return an error to the user rather","lastModifiedDate":"2023-09-12"},{"lineNumber":201,"author":{"gitId":"-"},"content":"than attempting to perform the undo.","lastModifiedDate":"2020-05-23"},{"lineNumber":202,"author":{"gitId":"-"},"content":"","lastModifiedDate":"2020-05-23"},{"lineNumber":203,"author":{"gitId":"-"},"content":"\u003c/box\u003e","lastModifiedDate":"2023-09-12"},{"lineNumber":204,"author":{"gitId":"-"},"content":"","lastModifiedDate":"2020-05-23"},{"lineNumber":205,"author":{"gitId":"-"},"content":"The following sequence diagram shows how an undo operation goes through the `Logic` component:","lastModifiedDate":"2024-02-09"},{"lineNumber":206,"author":{"gitId":"-"},"content":"","lastModifiedDate":"2020-05-23"},{"lineNumber":207,"author":{"gitId":"-"},"content":"\u003cpuml src\u003d\"diagrams/UndoSequenceDiagram-Logic.puml\" alt\u003d\"UndoSequenceDiagram-Logic\" /\u003e","lastModifiedDate":"2023-09-12"},{"lineNumber":208,"author":{"gitId":"-"},"content":"","lastModifiedDate":"2020-05-23"},{"lineNumber":209,"author":{"gitId":"-"},"content":"\u003cbox type\u003d\"info\" seamless\u003e","lastModifiedDate":"2023-09-12"},{"lineNumber":210,"author":{"gitId":"-"},"content":"","lastModifiedDate":"2020-05-23"},{"lineNumber":211,"author":{"gitId":"-"},"content":"**Note:** The lifeline for `UndoCommand` should end at the destroy marker (X) but due to a limitation of PlantUML, the lifeline reaches the end of diagram.","lastModifiedDate":"2023-09-12"},{"lineNumber":212,"author":{"gitId":"-"},"content":"","lastModifiedDate":"2023-09-12"},{"lineNumber":213,"author":{"gitId":"-"},"content":"\u003c/box\u003e","lastModifiedDate":"2023-09-12"},{"lineNumber":214,"author":{"gitId":"-"},"content":"","lastModifiedDate":"2020-05-23"},{"lineNumber":215,"author":{"gitId":"-"},"content":"Similarly, how an undo operation goes through the `Model` component is shown below:","lastModifiedDate":"2024-02-09"},{"lineNumber":216,"author":{"gitId":"-"},"content":"","lastModifiedDate":"2024-02-09"},{"lineNumber":217,"author":{"gitId":"-"},"content":"\u003cpuml src\u003d\"diagrams/UndoSequenceDiagram-Model.puml\" alt\u003d\"UndoSequenceDiagram-Model\" /\u003e","lastModifiedDate":"2023-09-12"},{"lineNumber":218,"author":{"gitId":"-"},"content":"","lastModifiedDate":"2024-02-09"},{"lineNumber":219,"author":{"gitId":"-"},"content":"The `redo` command does the opposite — it calls `Model#redoAddressBook()`, which shifts the `currentStatePointer` once to the right, pointing to the previously undone state, and restores the address book to that state.","lastModifiedDate":"2020-05-23"},{"lineNumber":220,"author":{"gitId":"-"},"content":"","lastModifiedDate":"2020-05-23"},{"lineNumber":221,"author":{"gitId":"-"},"content":"\u003cbox type\u003d\"info\" seamless\u003e","lastModifiedDate":"2023-09-12"},{"lineNumber":222,"author":{"gitId":"-"},"content":"","lastModifiedDate":"2023-09-12"},{"lineNumber":223,"author":{"gitId":"-"},"content":"**Note:** If the `currentStatePointer` is at index `addressBookStateList.size() - 1`, pointing to the latest address book state, then there are no undone AddressBook states to restore. The `redo` command uses `Model#canRedoAddressBook()` to check if this is the case. If so, it will return an error to the user rather than attempting to perform the redo.","lastModifiedDate":"2023-09-12"},{"lineNumber":224,"author":{"gitId":"-"},"content":"","lastModifiedDate":"2020-05-23"},{"lineNumber":225,"author":{"gitId":"-"},"content":"\u003c/box\u003e","lastModifiedDate":"2023-09-12"},{"lineNumber":226,"author":{"gitId":"-"},"content":"","lastModifiedDate":"2020-05-23"},{"lineNumber":227,"author":{"gitId":"-"},"content":"Step 5. The user then decides to execute the command `list`. Commands that do not modify the address book, such as `list`, will usually not call `Model#commitAddressBook()`, `Model#undoAddressBook()` or `Model#redoAddressBook()`. Thus, the `addressBookStateList` remains unchanged.","lastModifiedDate":"2020-05-23"},{"lineNumber":228,"author":{"gitId":"-"},"content":"","lastModifiedDate":"2020-05-23"},{"lineNumber":229,"author":{"gitId":"-"},"content":"\u003cpuml src\u003d\"diagrams/UndoRedoState4.puml\" alt\u003d\"UndoRedoState4\" /\u003e","lastModifiedDate":"2023-09-12"},{"lineNumber":230,"author":{"gitId":"-"},"content":"","lastModifiedDate":"2020-05-23"},{"lineNumber":231,"author":{"gitId":"-"},"content":"Step 6. The user executes `clear`, which calls `Model#commitAddressBook()`. Since the `currentStatePointer` is not pointing at the end of the `addressBookStateList`, all address book states after the `currentStatePointer` will be purged. Reason: It no longer makes sense to redo the `add n/David …​` command. This is the behavior that most modern desktop applications follow.","lastModifiedDate":"2020-05-23"},{"lineNumber":232,"author":{"gitId":"-"},"content":"","lastModifiedDate":"2020-05-23"},{"lineNumber":233,"author":{"gitId":"-"},"content":"\u003cpuml src\u003d\"diagrams/UndoRedoState5.puml\" alt\u003d\"UndoRedoState5\" /\u003e","lastModifiedDate":"2023-09-12"},{"lineNumber":234,"author":{"gitId":"-"},"content":"","lastModifiedDate":"2020-05-23"},{"lineNumber":235,"author":{"gitId":"-"},"content":"The following activity diagram summarizes what happens when a user executes a new command:","lastModifiedDate":"2020-05-23"},{"lineNumber":236,"author":{"gitId":"-"},"content":"","lastModifiedDate":"2020-05-23"},{"lineNumber":237,"author":{"gitId":"-"},"content":"\u003cpuml src\u003d\"diagrams/CommitActivityDiagram.puml\" width\u003d\"250\" /\u003e","lastModifiedDate":"2023-09-12"},{"lineNumber":238,"author":{"gitId":"-"},"content":"","lastModifiedDate":"2020-05-23"},{"lineNumber":239,"author":{"gitId":"-"},"content":"#### Design considerations:","lastModifiedDate":"2021-07-31"},{"lineNumber":240,"author":{"gitId":"-"},"content":"","lastModifiedDate":"2020-05-23"},{"lineNumber":241,"author":{"gitId":"-"},"content":"**Aspect: How undo \u0026 redo executes:**","lastModifiedDate":"2021-07-31"},{"lineNumber":242,"author":{"gitId":"-"},"content":"","lastModifiedDate":"2020-05-23"},{"lineNumber":243,"author":{"gitId":"-"},"content":"* **Alternative 1 (current choice):** Saves the entire address book.","lastModifiedDate":"2020-05-23"},{"lineNumber":244,"author":{"gitId":"-"},"content":"  * Pros: Easy to implement.","lastModifiedDate":"2020-05-23"},{"lineNumber":245,"author":{"gitId":"-"},"content":"  * Cons: May have performance issues in terms of memory usage.","lastModifiedDate":"2020-05-23"},{"lineNumber":246,"author":{"gitId":"-"},"content":"","lastModifiedDate":"2020-05-23"},{"lineNumber":247,"author":{"gitId":"-"},"content":"* **Alternative 2:** Individual command knows how to undo/redo by","lastModifiedDate":"2020-05-23"},{"lineNumber":248,"author":{"gitId":"-"},"content":"  itself.","lastModifiedDate":"2020-05-23"},{"lineNumber":249,"author":{"gitId":"-"},"content":"  * Pros: Will use less memory (e.g. for `delete`, just save the person being deleted).","lastModifiedDate":"2020-05-23"},{"lineNumber":250,"author":{"gitId":"-"},"content":"  * Cons: We must ensure that the implementation of each individual command are correct.","lastModifiedDate":"2020-05-23"},{"lineNumber":251,"author":{"gitId":"-"},"content":"","lastModifiedDate":"2020-05-23"},{"lineNumber":252,"author":{"gitId":"-"},"content":"_{more aspects and alternatives to be added}_","lastModifiedDate":"2020-05-23"},{"lineNumber":253,"author":{"gitId":"-"},"content":"","lastModifiedDate":"2020-05-23"},{"lineNumber":254,"author":{"gitId":"-"},"content":"### \\[Proposed\\] Data archiving","lastModifiedDate":"2020-05-23"},{"lineNumber":255,"author":{"gitId":"-"},"content":"","lastModifiedDate":"2020-05-23"},{"lineNumber":256,"author":{"gitId":"-"},"content":"_{Explain here how the data archiving feature will be implemented}_","lastModifiedDate":"2020-05-23"},{"lineNumber":257,"author":{"gitId":"-"},"content":"","lastModifiedDate":"2020-05-23"},{"lineNumber":258,"author":{"gitId":"-"},"content":"","lastModifiedDate":"2020-05-23"},{"lineNumber":259,"author":{"gitId":"-"},"content":"--------------------------------------------------------------------------------------------------------------------","lastModifiedDate":"2020-05-23"},{"lineNumber":260,"author":{"gitId":"-"},"content":"","lastModifiedDate":"2020-05-23"},{"lineNumber":261,"author":{"gitId":"-"},"content":"## **Documentation, logging, testing, configuration, dev-ops**","lastModifiedDate":"2020-06-07"},{"lineNumber":262,"author":{"gitId":"-"},"content":"","lastModifiedDate":"2020-05-23"},{"lineNumber":263,"author":{"gitId":"-"},"content":"* [Documentation guide](Documentation.md)","lastModifiedDate":"2020-06-07"},{"lineNumber":264,"author":{"gitId":"-"},"content":"* [Testing guide](Testing.md)","lastModifiedDate":"2020-06-07"},{"lineNumber":265,"author":{"gitId":"-"},"content":"* [Logging guide](Logging.md)","lastModifiedDate":"2020-06-07"},{"lineNumber":266,"author":{"gitId":"-"},"content":"* [Configuration guide](Configuration.md)","lastModifiedDate":"2020-06-07"},{"lineNumber":267,"author":{"gitId":"-"},"content":"* [DevOps guide](DevOps.md)","lastModifiedDate":"2020-06-07"},{"lineNumber":268,"author":{"gitId":"-"},"content":"","lastModifiedDate":"2020-05-23"},{"lineNumber":269,"author":{"gitId":"-"},"content":"--------------------------------------------------------------------------------------------------------------------","lastModifiedDate":"2020-05-23"},{"lineNumber":270,"author":{"gitId":"-"},"content":"","lastModifiedDate":"2020-05-23"},{"lineNumber":271,"author":{"gitId":"-"},"content":"## **Appendix: Requirements**","lastModifiedDate":"2020-05-23"},{"lineNumber":272,"author":{"gitId":"-"},"content":"","lastModifiedDate":"2020-05-23"},{"lineNumber":273,"author":{"gitId":"-"},"content":"### Product scope","lastModifiedDate":"2020-05-23"},{"lineNumber":274,"author":{"gitId":"-"},"content":"","lastModifiedDate":"2020-05-23"},{"lineNumber":275,"author":{"gitId":"-"},"content":"**Target user profile**:","lastModifiedDate":"2020-05-23"},{"lineNumber":276,"author":{"gitId":"-"},"content":"","lastModifiedDate":"2020-05-23"},{"lineNumber":277,"author":{"gitId":"-"},"content":"* has a need to manage a significant number of contacts","lastModifiedDate":"2020-05-23"},{"lineNumber":278,"author":{"gitId":"-"},"content":"* prefer desktop apps over other types","lastModifiedDate":"2020-05-23"},{"lineNumber":279,"author":{"gitId":"-"},"content":"* can type fast","lastModifiedDate":"2020-05-23"},{"lineNumber":280,"author":{"gitId":"-"},"content":"* prefers typing to mouse interactions","lastModifiedDate":"2020-05-26"},{"lineNumber":281,"author":{"gitId":"-"},"content":"* is reasonably comfortable using CLI apps","lastModifiedDate":"2020-05-23"},{"lineNumber":282,"author":{"gitId":"-"},"content":"","lastModifiedDate":"2020-05-23"},{"lineNumber":283,"author":{"gitId":"-"},"content":"**Value proposition**: manage contacts faster than a typical mouse/GUI driven app","lastModifiedDate":"2020-05-23"},{"lineNumber":284,"author":{"gitId":"-"},"content":"","lastModifiedDate":"2020-05-23"},{"lineNumber":285,"author":{"gitId":"-"},"content":"","lastModifiedDate":"2020-05-23"},{"lineNumber":286,"author":{"gitId":"-"},"content":"### User stories","lastModifiedDate":"2020-06-07"},{"lineNumber":287,"author":{"gitId":"-"},"content":"","lastModifiedDate":"2020-05-23"},{"lineNumber":288,"author":{"gitId":"-"},"content":"Priorities: High (must have) - `* * *`, Medium (nice to have) - `* *`, Low (unlikely to have) - `*`","lastModifiedDate":"2020-05-23"},{"lineNumber":289,"author":{"gitId":"-"},"content":"","lastModifiedDate":"2020-05-23"},{"lineNumber":290,"author":{"gitId":"-"},"content":"| Priority | As a …​                                    | I want to …​                 | So that I can…​                                                        |","lastModifiedDate":"2020-05-23"},{"lineNumber":291,"author":{"gitId":"-"},"content":"|----------|--------------------------------------------|------------------------------|------------------------------------------------------------------------|","lastModifiedDate":"2023-09-12"},{"lineNumber":292,"author":{"gitId":"-"},"content":"| `* * *`  | new user                                   | see usage instructions       | refer to instructions when I forget how to use the App                 |","lastModifiedDate":"2020-05-23"},{"lineNumber":293,"author":{"gitId":"-"},"content":"| `* * *`  | user                                       | add a new person             |                                                                        |","lastModifiedDate":"2020-05-23"},{"lineNumber":294,"author":{"gitId":"-"},"content":"| `* * *`  | user                                       | delete a person              | remove entries that I no longer need                                   |","lastModifiedDate":"2020-05-23"},{"lineNumber":295,"author":{"gitId":"-"},"content":"| `* * *`  | user                                       | find a person by name        | locate details of persons without having to go through the entire list |","lastModifiedDate":"2020-05-23"},{"lineNumber":296,"author":{"gitId":"-"},"content":"| `* *`    | user                                       | hide private contact details | minimize chance of someone else seeing them by accident                |","lastModifiedDate":"2020-05-23"},{"lineNumber":297,"author":{"gitId":"-"},"content":"| `*`      | user with many persons in the address book | sort persons by name         | locate a person easily                                                 |","lastModifiedDate":"2020-05-23"},{"lineNumber":298,"author":{"gitId":"-"},"content":"","lastModifiedDate":"2020-05-23"},{"lineNumber":299,"author":{"gitId":"-"},"content":"*{More to be added}*","lastModifiedDate":"2020-05-23"},{"lineNumber":300,"author":{"gitId":"-"},"content":"","lastModifiedDate":"2020-05-23"},{"lineNumber":301,"author":{"gitId":"-"},"content":"### Use cases","lastModifiedDate":"2020-06-07"},{"lineNumber":302,"author":{"gitId":"-"},"content":"","lastModifiedDate":"2020-05-23"},{"lineNumber":303,"author":{"gitId":"tanjiajiajun"},"content":"**System: EduConnect**","lastModifiedDate":"2024-03-02"},{"lineNumber":304,"author":{"gitId":"-"},"content":"","lastModifiedDate":"2020-05-23"},{"lineNumber":305,"author":{"gitId":"tanjiajiajun"},"content":"**Use Case: UC1 - Import students from local file**","lastModifiedDate":"2024-03-02"},{"lineNumber":306,"author":{"gitId":"-"},"content":"","lastModifiedDate":"2020-05-23"},{"lineNumber":307,"author":{"gitId":"tanjiajiajun"},"content":"Actor: TA","lastModifiedDate":"2024-03-02"},{"lineNumber":308,"author":{"gitId":"-"},"content":"","lastModifiedDate":"2020-05-23"},{"lineNumber":309,"author":{"gitId":"tanjiajiajun"},"content":"**MSS:**","lastModifiedDate":"2024-03-02"},{"lineNumber":310,"author":{"gitId":"-"},"content":"","lastModifiedDate":"2024-03-02"},{"lineNumber":311,"author":{"gitId":"tanjiajiajun"},"content":"1. TA enters import command with the specified file location","lastModifiedDate":"2024-03-02"},{"lineNumber":312,"author":{"gitId":"tanjiajiajun"},"content":"2. EduConnect imports all student contact info from the file","lastModifiedDate":"2024-03-02"},{"lineNumber":313,"author":{"gitId":"-"},"content":"","lastModifiedDate":"2024-03-02"},{"lineNumber":314,"author":{"gitId":"tanjiajiajun"},"content":"**Extensions:**","lastModifiedDate":"2024-03-02"},{"lineNumber":315,"author":{"gitId":"tanjiajiajun"},"content":"* 1a. EduConnect cannot find the file with specified location","lastModifiedDate":"2024-03-02"},{"lineNumber":316,"author":{"gitId":"tanjiajiajun"},"content":"* 1a1. EduConnect outputs error message to user","lastModifiedDate":"2024-03-02"},{"lineNumber":317,"author":{"gitId":"-"},"content":"","lastModifiedDate":"2024-03-02"},{"lineNumber":318,"author":{"gitId":"tanjiajiajun"},"content":"**System: EduConnect**","lastModifiedDate":"2024-03-02"},{"lineNumber":319,"author":{"gitId":"-"},"content":"","lastModifiedDate":"2024-03-02"},{"lineNumber":320,"author":{"gitId":"tanjiajiajun"},"content":"**Use Case: UC2 - Adding a class of students (tagged by class)**","lastModifiedDate":"2024-03-02"},{"lineNumber":321,"author":{"gitId":"-"},"content":"","lastModifiedDate":"2024-03-02"},{"lineNumber":322,"author":{"gitId":"tanjiajiajun"},"content":"**Actor: TA**","lastModifiedDate":"2024-03-02"},{"lineNumber":323,"author":{"gitId":"-"},"content":"","lastModifiedDate":"2024-03-02"},{"lineNumber":324,"author":{"gitId":"tanjiajiajun"},"content":"**MSS:**","lastModifiedDate":"2024-03-02"},{"lineNumber":325,"author":{"gitId":"-"},"content":"","lastModifiedDate":"2024-03-02"},{"lineNumber":326,"author":{"gitId":"tanjiajiajun"},"content":"1. TA enters command to add student S1 with class A tag","lastModifiedDate":"2024-03-02"},{"lineNumber":327,"author":{"gitId":"tanjiajiajun"},"content":"2. EduConnect creates student S1","lastModifiedDate":"2024-03-02"},{"lineNumber":328,"author":{"gitId":"tanjiajiajun"},"content":"3. TA repeats step 1 for all students to be added under class A","lastModifiedDate":"2024-03-02"},{"lineNumber":329,"author":{"gitId":"-"},"content":"","lastModifiedDate":"2020-05-23"},{"lineNumber":330,"author":{"gitId":"-"},"content":"Use case ends.","lastModifiedDate":"2020-05-23"},{"lineNumber":331,"author":{"gitId":"-"},"content":"","lastModifiedDate":"2020-05-23"},{"lineNumber":332,"author":{"gitId":"tanjiajiajun"},"content":"**Extensions:**","lastModifiedDate":"2024-03-02"},{"lineNumber":333,"author":{"gitId":"tanjiajiajun"},"content":"* 1a. EduConnect detects an invalid student ID, email, etc.","lastModifiedDate":"2024-03-02"},{"lineNumber":334,"author":{"gitId":"tanjiajiajun"},"content":"* 1a1. EduConnect informs TA of the invalid field entered.","lastModifiedDate":"2024-03-02"},{"lineNumber":335,"author":{"gitId":"tanjiajiajun"},"content":"* 1a2. TA enters new student data.","lastModifiedDate":"2024-03-02"},{"lineNumber":336,"author":{"gitId":"tanjiajiajun"},"content":"* 1a3. Steps 1a1-1a2 are repeated until the student is added successfully.","lastModifiedDate":"2024-03-02"},{"lineNumber":337,"author":{"gitId":"tanjiajiajun"},"content":"* 1a4. Use case resumes from step 3.","lastModifiedDate":"2024-03-02"},{"lineNumber":338,"author":{"gitId":"tanjiajiajun"},"content":"","lastModifiedDate":"2024-03-02"},{"lineNumber":339,"author":{"gitId":"tanjiajiajun"},"content":"","lastModifiedDate":"2024-03-02"},{"lineNumber":340,"author":{"gitId":"tanjiajiajun"},"content":"**System: EduConnect**","lastModifiedDate":"2024-03-02"},{"lineNumber":341,"author":{"gitId":"tanjiajiajun"},"content":"","lastModifiedDate":"2024-03-02"},{"lineNumber":342,"author":{"gitId":"tanjiajiajun"},"content":"**Use Case: UC3 - Giving reminders for an assignment due**","lastModifiedDate":"2024-03-02"},{"lineNumber":343,"author":{"gitId":"tanjiajiajun"},"content":"","lastModifiedDate":"2024-03-02"},{"lineNumber":344,"author":{"gitId":"tanjiajiajun"},"content":"**Actor: TA**","lastModifiedDate":"2024-03-02"},{"lineNumber":345,"author":{"gitId":"tanjiajiajun"},"content":"","lastModifiedDate":"2024-03-02"},{"lineNumber":346,"author":{"gitId":"tanjiajiajun"},"content":"**MSS:**","lastModifiedDate":"2024-03-02"},{"lineNumber":347,"author":{"gitId":"tanjiajiajun"},"content":"","lastModifiedDate":"2024-03-02"},{"lineNumber":348,"author":{"gitId":"tanjiajiajun"},"content":"1. TA enters a command to filter addresses by tags","lastModifiedDate":"2024-03-02"},{"lineNumber":349,"author":{"gitId":"tanjiajiajun"},"content":"2. EduConnect returns addresses with the filtered tags","lastModifiedDate":"2024-03-02"},{"lineNumber":350,"author":{"gitId":"tanjiajiajun"},"content":"3. TA copies the returned addresses, paste the addresses in the email and sends the reminder for assignment submission","lastModifiedDate":"2024-03-02"},{"lineNumber":351,"author":{"gitId":"tanjiajiajun"},"content":"","lastModifiedDate":"2024-03-02"},{"lineNumber":352,"author":{"gitId":"tanjiajiajun"},"content":"**Extensions:**","lastModifiedDate":"2024-03-02"},{"lineNumber":353,"author":{"gitId":"tanjiajiajun"},"content":"* 2a. EduConnect detects no known tags","lastModifiedDate":"2024-03-02"},{"lineNumber":354,"author":{"gitId":"tanjiajiajun"},"content":"* 2a1. EduConnect outputs no known tags error message to user","lastModifiedDate":"2024-03-02"},{"lineNumber":355,"author":{"gitId":"tanjiajiajun"},"content":"* 2a2. User enters new tags.","lastModifiedDate":"2024-03-02"},{"lineNumber":356,"author":{"gitId":"tanjiajiajun"},"content":"* Steps 2a1-2a2 are repeated until the tags entered are correct or the user decides to stop.","lastModifiedDate":"2024-03-02"},{"lineNumber":357,"author":{"gitId":"tanjiajiajun"},"content":"","lastModifiedDate":"2024-03-02"},{"lineNumber":358,"author":{"gitId":"tanjiajiajun"},"content":"Use Case ends","lastModifiedDate":"2024-03-02"},{"lineNumber":359,"author":{"gitId":"tanjiajiajun"},"content":"","lastModifiedDate":"2024-03-02"},{"lineNumber":360,"author":{"gitId":"tanjiajiajun"},"content":"**System: EduConnect**","lastModifiedDate":"2024-03-02"},{"lineNumber":361,"author":{"gitId":"tanjiajiajun"},"content":"","lastModifiedDate":"2024-03-02"},{"lineNumber":362,"author":{"gitId":"tanjiajiajun"},"content":"**Use Case: UC4 - List all student contacts in a tutorial class**","lastModifiedDate":"2024-03-02"},{"lineNumber":363,"author":{"gitId":"tanjiajiajun"},"content":"","lastModifiedDate":"2024-03-02"},{"lineNumber":364,"author":{"gitId":"tanjiajiajun"},"content":"**Actor: TA**","lastModifiedDate":"2024-03-02"},{"lineNumber":365,"author":{"gitId":"tanjiajiajun"},"content":"","lastModifiedDate":"2024-03-02"},{"lineNumber":366,"author":{"gitId":"tanjiajiajun"},"content":"**MSS:**","lastModifiedDate":"2024-03-02"},{"lineNumber":367,"author":{"gitId":"tanjiajiajun"},"content":"","lastModifiedDate":"2024-03-02"},{"lineNumber":368,"author":{"gitId":"tanjiajiajun"},"content":"1. TA enters filter command with specified tutorial class name","lastModifiedDate":"2024-03-02"},{"lineNumber":369,"author":{"gitId":"tanjiajiajun"},"content":"2. Educonnect returns list of all students  in the tutorial class","lastModifiedDate":"2024-03-02"},{"lineNumber":370,"author":{"gitId":"tanjiajiajun"},"content":"","lastModifiedDate":"2024-03-02"},{"lineNumber":371,"author":{"gitId":"tanjiajiajun"},"content":"**Extensions:**","lastModifiedDate":"2024-03-02"},{"lineNumber":372,"author":{"gitId":"tanjiajiajun"},"content":"* 1a. The tutorial class name is not valid","lastModifiedDate":"2024-03-02"},{"lineNumber":373,"author":{"gitId":"tanjiajiajun"},"content":"* 1a1. EduConnect outputs error message to user","lastModifiedDate":"2024-03-02"},{"lineNumber":374,"author":{"gitId":"tanjiajiajun"},"content":"* 1b. EduConnect detects an error in the command format","lastModifiedDate":"2024-03-02"},{"lineNumber":375,"author":{"gitId":"tanjiajiajun"},"content":"* 1b1. EduConnect outputs error message to user","lastModifiedDate":"2024-03-02"},{"lineNumber":376,"author":{"gitId":"tanjiajiajun"},"content":"","lastModifiedDate":"2024-03-02"},{"lineNumber":377,"author":{"gitId":"tanjiajiajun"},"content":"Use Case ends","lastModifiedDate":"2024-03-02"},{"lineNumber":378,"author":{"gitId":"tanjiajiajun"},"content":"","lastModifiedDate":"2024-03-02"},{"lineNumber":379,"author":{"gitId":"tanjiajiajun"},"content":"**System: EduConnect**","lastModifiedDate":"2024-03-02"},{"lineNumber":380,"author":{"gitId":"tanjiajiajun"},"content":"","lastModifiedDate":"2024-03-02"},{"lineNumber":381,"author":{"gitId":"tanjiajiajun"},"content":"**Use Case: UC5 - Delete students from existing contacts in a tutorial class**","lastModifiedDate":"2024-03-02"},{"lineNumber":382,"author":{"gitId":"-"},"content":"","lastModifiedDate":"2020-05-23"},{"lineNumber":383,"author":{"gitId":"tanjiajiajun"},"content":"**Actor: TA**","lastModifiedDate":"2024-03-02"},{"lineNumber":384,"author":{"gitId":"-"},"content":"","lastModifiedDate":"2020-05-23"},{"lineNumber":385,"author":{"gitId":"tanjiajiajun"},"content":"**MSS:**","lastModifiedDate":"2024-03-02"},{"lineNumber":386,"author":{"gitId":"tanjiajiajun"},"content":"","lastModifiedDate":"2024-03-02"},{"lineNumber":387,"author":{"gitId":"tanjiajiajun"},"content":"1. TA enters the remove command to delete an existing student info in a tutorial class","lastModifiedDate":"2024-03-02"},{"lineNumber":388,"author":{"gitId":"tanjiajiajun"},"content":"2. EduConnect returns the deleted student name and id","lastModifiedDate":"2024-03-02"},{"lineNumber":389,"author":{"gitId":"tanjiajiajun"},"content":"","lastModifiedDate":"2024-03-02"},{"lineNumber":390,"author":{"gitId":"tanjiajiajun"},"content":"**Extensions:**","lastModifiedDate":"2024-03-02"},{"lineNumber":391,"author":{"gitId":"tanjiajiajun"},"content":"* 1a. The student is not in the tutorial class","lastModifiedDate":"2024-03-02"},{"lineNumber":392,"author":{"gitId":"tanjiajiajun"},"content":"* 1a1. EduConnect outputs error message to user","lastModifiedDate":"2024-03-02"},{"lineNumber":393,"author":{"gitId":"tanjiajiajun"},"content":"* 1b. EduConnect detects an error in the command format","lastModifiedDate":"2024-03-02"},{"lineNumber":394,"author":{"gitId":"tanjiajiajun"},"content":"* 1b1. EduConnect outputs error message to user","lastModifiedDate":"2024-03-02"},{"lineNumber":395,"author":{"gitId":"tanjiajiajun"},"content":"","lastModifiedDate":"2024-03-02"},{"lineNumber":396,"author":{"gitId":"tanjiajiajun"},"content":"**System: EduConnect**","lastModifiedDate":"2024-03-02"},{"lineNumber":397,"author":{"gitId":"tanjiajiajun"},"content":"","lastModifiedDate":"2024-03-02"},{"lineNumber":398,"author":{"gitId":"tanjiajiajun"},"content":"**Use Case: UC6 - Find students from existing contacts by their name**","lastModifiedDate":"2024-03-02"},{"lineNumber":399,"author":{"gitId":"tanjiajiajun"},"content":"","lastModifiedDate":"2024-03-02"},{"lineNumber":400,"author":{"gitId":"tanjiajiajun"},"content":"**Actor: TA**","lastModifiedDate":"2024-03-02"},{"lineNumber":401,"author":{"gitId":"tanjiajiajun"},"content":"","lastModifiedDate":"2024-03-02"},{"lineNumber":402,"author":{"gitId":"tanjiajiajun"},"content":"**MSS:**","lastModifiedDate":"2024-03-02"},{"lineNumber":403,"author":{"gitId":"tanjiajiajun"},"content":"","lastModifiedDate":"2024-03-02"},{"lineNumber":404,"author":{"gitId":"tanjiajiajun"},"content":"1. TA enters the find command to find an existing student info","lastModifiedDate":"2024-03-02"},{"lineNumber":405,"author":{"gitId":"tanjiajiajun"},"content":"2. EduConnect returns the students with a matching/partially matching word(s)","lastModifiedDate":"2024-03-02"},{"lineNumber":406,"author":{"gitId":"tanjiajiajun"},"content":"","lastModifiedDate":"2024-03-02"},{"lineNumber":407,"author":{"gitId":"tanjiajiajun"},"content":"**Extensions:**","lastModifiedDate":"2024-03-02"},{"lineNumber":408,"author":{"gitId":"tanjiajiajun"},"content":"* 1a. EduConnect cannot find the student with specified name","lastModifiedDate":"2024-03-02"},{"lineNumber":409,"author":{"gitId":"tanjiajiajun"},"content":"* 1a1. EduConnect outputs no match error message to user","lastModifiedDate":"2024-03-02"},{"lineNumber":410,"author":{"gitId":"tanjiajiajun"},"content":"* 1b. EduConnect detects an error in the command format","lastModifiedDate":"2024-03-02"},{"lineNumber":411,"author":{"gitId":"tanjiajiajun"},"content":"* 1b1. EduConnect outputs error message to user","lastModifiedDate":"2024-03-02"},{"lineNumber":412,"author":{"gitId":"tanjiajiajun"},"content":"","lastModifiedDate":"2024-03-02"},{"lineNumber":413,"author":{"gitId":"tanjiajiajun"},"content":"Use Case ends","lastModifiedDate":"2024-03-02"},{"lineNumber":414,"author":{"gitId":"tanjiajiajun"},"content":"","lastModifiedDate":"2024-03-02"},{"lineNumber":415,"author":{"gitId":"tanjiajiajun"},"content":"**System: EduConnect**","lastModifiedDate":"2024-03-02"},{"lineNumber":416,"author":{"gitId":"tanjiajiajun"},"content":"","lastModifiedDate":"2024-03-02"},{"lineNumber":417,"author":{"gitId":"tanjiajiajun"},"content":"**Use Case: UC7 - TA finds a common time slot amongst one class of students**","lastModifiedDate":"2024-03-02"},{"lineNumber":418,"author":{"gitId":"tanjiajiajun"},"content":"","lastModifiedDate":"2024-03-02"},{"lineNumber":419,"author":{"gitId":"tanjiajiajun"},"content":"**Actor: TA**","lastModifiedDate":"2024-03-02"},{"lineNumber":420,"author":{"gitId":"tanjiajiajun"},"content":"","lastModifiedDate":"2024-03-02"},{"lineNumber":421,"author":{"gitId":"tanjiajiajun"},"content":"1. TA opens the application.","lastModifiedDate":"2024-03-02"},{"lineNumber":422,"author":{"gitId":"tanjiajiajun"},"content":"2. TA keys in the command to find a common time slot for a specific class.","lastModifiedDate":"2024-03-02"},{"lineNumber":423,"author":{"gitId":"tanjiajiajun"},"content":"3. EduConnect finds a common time slot using the student’s timetable.","lastModifiedDate":"2024-03-02"},{"lineNumber":424,"author":{"gitId":"tanjiajiajun"},"content":"","lastModifiedDate":"2024-03-02"},{"lineNumber":425,"author":{"gitId":"tanjiajiajun"},"content":"Use case ends.","lastModifiedDate":"2024-03-02"},{"lineNumber":426,"author":{"gitId":"tanjiajiajun"},"content":"","lastModifiedDate":"2024-03-02"},{"lineNumber":427,"author":{"gitId":"tanjiajiajun"},"content":"**Extensions:**","lastModifiedDate":"2024-03-02"},{"lineNumber":428,"author":{"gitId":"tanjiajiajun"},"content":"","lastModifiedDate":"2024-03-02"},{"lineNumber":429,"author":{"gitId":"tanjiajiajun"},"content":"* 3a. EduConnect is unable to find a common timeslot.","lastModifiedDate":"2024-03-02"},{"lineNumber":430,"author":{"gitId":"tanjiajiajun"},"content":"* 3a1. EduConnect shows an error message.","lastModifiedDate":"2024-03-02"},{"lineNumber":431,"author":{"gitId":"-"},"content":"Use case ends.","lastModifiedDate":"2020-05-23"},{"lineNumber":432,"author":{"gitId":"-"},"content":"","lastModifiedDate":"2020-05-23"},{"lineNumber":433,"author":{"gitId":"tanjiajiajun"},"content":"**System: EduConnect**","lastModifiedDate":"2024-03-02"},{"lineNumber":434,"author":{"gitId":"-"},"content":"","lastModifiedDate":"2020-05-23"},{"lineNumber":435,"author":{"gitId":"tanjiajiajun"},"content":"**Use Case: UC8 - Exploring the application for the first time**","lastModifiedDate":"2024-03-02"},{"lineNumber":436,"author":{"gitId":"-"},"content":"","lastModifiedDate":"2020-05-23"},{"lineNumber":437,"author":{"gitId":"tanjiajiajun"},"content":"**Actor: TA (First-time user of the product)**","lastModifiedDate":"2024-03-02"},{"lineNumber":438,"author":{"gitId":"-"},"content":"","lastModifiedDate":"2020-05-23"},{"lineNumber":439,"author":{"gitId":"tanjiajiajun"},"content":"**MSS:**","lastModifiedDate":"2024-03-02"},{"lineNumber":440,"author":{"gitId":"tanjiajiajun"},"content":"","lastModifiedDate":"2024-03-02"},{"lineNumber":441,"author":{"gitId":"tanjiajiajun"},"content":"1. TA opens the application.","lastModifiedDate":"2024-03-02"},{"lineNumber":442,"author":{"gitId":"tanjiajiajun"},"content":"2. TA is able to see a set of sample contacts pre-loaded into the application as examples.","lastModifiedDate":"2024-03-02"},{"lineNumber":443,"author":{"gitId":"tanjiajiajun"},"content":"3. TA keys in ‘help’ command.","lastModifiedDate":"2024-03-02"},{"lineNumber":444,"author":{"gitId":"tanjiajiajun"},"content":"4. EduConnect brings up a list of commands that it accepts.","lastModifiedDate":"2024-03-02"},{"lineNumber":445,"author":{"gitId":"tanjiajiajun"},"content":"5. TA keys in various commands. (Refer to UC2, UC4, UC5, UC6 …)","lastModifiedDate":"2024-03-02"},{"lineNumber":446,"author":{"gitId":"tanjiajiajun"},"content":"6. TA keys in ‘wipe’ command.","lastModifiedDate":"2024-03-02"},{"lineNumber":447,"author":{"gitId":"tanjiajiajun"},"content":"7. EduConnect erases all data.","lastModifiedDate":"2024-03-02"},{"lineNumber":448,"author":{"gitId":"tanjiajiajun"},"content":"","lastModifiedDate":"2024-03-02"},{"lineNumber":449,"author":{"gitId":"tanjiajiajun"},"content":"Use case ends.","lastModifiedDate":"2024-03-02"},{"lineNumber":450,"author":{"gitId":"-"},"content":"","lastModifiedDate":"2020-05-23"},{"lineNumber":451,"author":{"gitId":"-"},"content":"### Non-Functional Requirements","lastModifiedDate":"2020-05-23"},{"lineNumber":452,"author":{"gitId":"-"},"content":"","lastModifiedDate":"2020-05-23"},{"lineNumber":453,"author":{"gitId":"-"},"content":"1.  Should work on any _mainstream OS_ as long as it has Java `11` or above installed.","lastModifiedDate":"2020-05-23"},{"lineNumber":454,"author":{"gitId":"tanjiajiajun"},"content":"2.  Program should be able to handle multiple classes (at least 5) with each having more than 50 students","lastModifiedDate":"2024-03-02"},{"lineNumber":455,"author":{"gitId":"tanjiajiajun"},"content":"3.  The system should be able to be used by a novice who has never used the product before.","lastModifiedDate":"2024-03-02"},{"lineNumber":456,"author":{"gitId":"tanjiajiajun"},"content":"4.  The system should respond within 2 seconds after a command.","lastModifiedDate":"2024-03-02"},{"lineNumber":457,"author":{"gitId":"-"},"content":"","lastModifiedDate":"2020-05-23"},{"lineNumber":458,"author":{"gitId":"-"},"content":"","lastModifiedDate":"2020-05-23"},{"lineNumber":459,"author":{"gitId":"-"},"content":"### Glossary","lastModifiedDate":"2020-05-23"},{"lineNumber":460,"author":{"gitId":"-"},"content":"","lastModifiedDate":"2020-05-23"},{"lineNumber":461,"author":{"gitId":"tanjiajiajun"},"content":"* **CS2040**: Data Structures and Algorithms Course in School of Computing, NUS","lastModifiedDate":"2024-03-02"},{"lineNumber":462,"author":{"gitId":"tanjiajiajun"},"content":"* **Kattis**: Website with competitive programming problems, used by CS2040 students for their take-home assignments","lastModifiedDate":"2024-03-02"},{"lineNumber":463,"author":{"gitId":"tanjiajiajun"},"content":"* **NUS**: National University of Singapore","lastModifiedDate":"2024-03-02"},{"lineNumber":464,"author":{"gitId":"tanjiajiajun"},"content":"* **SoC**: School of Computing","lastModifiedDate":"2024-03-02"},{"lineNumber":465,"author":{"gitId":"tanjiajiajun"},"content":"* **Skill group**: Students who are grouped similarly by their ability and score in CS2040","lastModifiedDate":"2024-03-02"},{"lineNumber":466,"author":{"gitId":"tanjiajiajun"},"content":"* **TAs**: Teaching assistants","lastModifiedDate":"2024-03-02"},{"lineNumber":467,"author":{"gitId":"tanjiajiajun"},"content":"* **Telegram**: Preferred online messaging application used amongst students and TAs.","lastModifiedDate":"2024-03-02"},{"lineNumber":468,"author":{"gitId":"-"},"content":"--------------------------------------------------------------------------------------------------------------------","lastModifiedDate":"2020-05-23"},{"lineNumber":469,"author":{"gitId":"-"},"content":"","lastModifiedDate":"2020-05-23"},{"lineNumber":470,"author":{"gitId":"-"},"content":"## **Appendix: Instructions for manual testing**","lastModifiedDate":"2020-05-23"},{"lineNumber":471,"author":{"gitId":"-"},"content":"","lastModifiedDate":"2020-05-23"},{"lineNumber":472,"author":{"gitId":"-"},"content":"Given below are instructions to test the app manually.","lastModifiedDate":"2020-05-23"},{"lineNumber":473,"author":{"gitId":"-"},"content":"","lastModifiedDate":"2020-05-23"},{"lineNumber":474,"author":{"gitId":"-"},"content":"\u003cbox type\u003d\"info\" seamless\u003e","lastModifiedDate":"2023-09-12"},{"lineNumber":475,"author":{"gitId":"-"},"content":"","lastModifiedDate":"2023-09-12"},{"lineNumber":476,"author":{"gitId":"-"},"content":"**Note:** These instructions only provide a starting point for testers to work on;","lastModifiedDate":"2023-09-12"},{"lineNumber":477,"author":{"gitId":"-"},"content":"testers are expected to do more *exploratory* testing.","lastModifiedDate":"2020-05-23"},{"lineNumber":478,"author":{"gitId":"-"},"content":"","lastModifiedDate":"2020-05-23"},{"lineNumber":479,"author":{"gitId":"-"},"content":"\u003c/box\u003e","lastModifiedDate":"2023-09-12"},{"lineNumber":480,"author":{"gitId":"-"},"content":"","lastModifiedDate":"2020-05-23"},{"lineNumber":481,"author":{"gitId":"-"},"content":"### Launch and shutdown","lastModifiedDate":"2020-05-23"},{"lineNumber":482,"author":{"gitId":"-"},"content":"","lastModifiedDate":"2020-05-23"},{"lineNumber":483,"author":{"gitId":"-"},"content":"1. Initial launch","lastModifiedDate":"2020-05-23"},{"lineNumber":484,"author":{"gitId":"-"},"content":"","lastModifiedDate":"2020-05-23"},{"lineNumber":485,"author":{"gitId":"-"},"content":"   1. Download the jar file and copy into an empty folder","lastModifiedDate":"2020-05-23"},{"lineNumber":486,"author":{"gitId":"-"},"content":"","lastModifiedDate":"2020-05-23"},{"lineNumber":487,"author":{"gitId":"-"},"content":"   1. Double-click the jar file Expected: Shows the GUI with a set of sample contacts. The window size may not be optimum.","lastModifiedDate":"2020-05-23"},{"lineNumber":488,"author":{"gitId":"-"},"content":"","lastModifiedDate":"2020-05-23"},{"lineNumber":489,"author":{"gitId":"-"},"content":"1. Saving window preferences","lastModifiedDate":"2020-05-23"},{"lineNumber":490,"author":{"gitId":"-"},"content":"","lastModifiedDate":"2020-05-23"},{"lineNumber":491,"author":{"gitId":"-"},"content":"   1. Resize the window to an optimum size. Move the window to a different location. Close the window.","lastModifiedDate":"2020-05-23"},{"lineNumber":492,"author":{"gitId":"-"},"content":"","lastModifiedDate":"2020-05-23"},{"lineNumber":493,"author":{"gitId":"-"},"content":"   1. Re-launch the app by double-clicking the jar file.\u003cbr\u003e","lastModifiedDate":"2020-05-23"},{"lineNumber":494,"author":{"gitId":"-"},"content":"       Expected: The most recent window size and location is retained.","lastModifiedDate":"2020-05-23"},{"lineNumber":495,"author":{"gitId":"-"},"content":"","lastModifiedDate":"2020-05-23"},{"lineNumber":496,"author":{"gitId":"-"},"content":"1. _{ more test cases …​ }_","lastModifiedDate":"2020-05-23"},{"lineNumber":497,"author":{"gitId":"-"},"content":"","lastModifiedDate":"2020-05-23"},{"lineNumber":498,"author":{"gitId":"-"},"content":"### Deleting a person","lastModifiedDate":"2020-05-23"},{"lineNumber":499,"author":{"gitId":"-"},"content":"","lastModifiedDate":"2020-05-23"},{"lineNumber":500,"author":{"gitId":"-"},"content":"1. Deleting a person while all persons are being shown","lastModifiedDate":"2020-05-23"},{"lineNumber":501,"author":{"gitId":"-"},"content":"","lastModifiedDate":"2020-05-23"},{"lineNumber":502,"author":{"gitId":"-"},"content":"   1. Prerequisites: List all persons using the `list` command. Multiple persons in the list.","lastModifiedDate":"2020-05-23"},{"lineNumber":503,"author":{"gitId":"-"},"content":"","lastModifiedDate":"2020-05-23"},{"lineNumber":504,"author":{"gitId":"-"},"content":"   1. Test case: `delete 1`\u003cbr\u003e","lastModifiedDate":"2020-05-23"},{"lineNumber":505,"author":{"gitId":"-"},"content":"      Expected: First contact is deleted from the list. Details of the deleted contact shown in the status message. Timestamp in the status bar is updated.","lastModifiedDate":"2020-05-23"},{"lineNumber":506,"author":{"gitId":"-"},"content":"","lastModifiedDate":"2020-05-23"},{"lineNumber":507,"author":{"gitId":"-"},"content":"   1. Test case: `delete 0`\u003cbr\u003e","lastModifiedDate":"2020-05-23"},{"lineNumber":508,"author":{"gitId":"-"},"content":"      Expected: No person is deleted. Error details shown in the status message. Status bar remains the same.","lastModifiedDate":"2020-05-23"},{"lineNumber":509,"author":{"gitId":"-"},"content":"","lastModifiedDate":"2020-05-23"},{"lineNumber":510,"author":{"gitId":"-"},"content":"   1. Other incorrect delete commands to try: `delete`, `delete x`, `...` (where x is larger than the list size)\u003cbr\u003e","lastModifiedDate":"2020-05-23"},{"lineNumber":511,"author":{"gitId":"-"},"content":"      Expected: Similar to previous.","lastModifiedDate":"2020-05-23"},{"lineNumber":512,"author":{"gitId":"-"},"content":"","lastModifiedDate":"2020-05-23"},{"lineNumber":513,"author":{"gitId":"-"},"content":"1. _{ more test cases …​ }_","lastModifiedDate":"2020-05-23"},{"lineNumber":514,"author":{"gitId":"-"},"content":"","lastModifiedDate":"2020-05-23"},{"lineNumber":515,"author":{"gitId":"-"},"content":"### Saving data","lastModifiedDate":"2020-05-23"},{"lineNumber":516,"author":{"gitId":"-"},"content":"","lastModifiedDate":"2020-05-23"},{"lineNumber":517,"author":{"gitId":"-"},"content":"1. Dealing with missing/corrupted data files","lastModifiedDate":"2020-05-23"},{"lineNumber":518,"author":{"gitId":"-"},"content":"","lastModifiedDate":"2020-05-23"},{"lineNumber":519,"author":{"gitId":"-"},"content":"   1. _{explain how to simulate a missing/corrupted file, and the expected behavior}_","lastModifiedDate":"2020-05-23"},{"lineNumber":520,"author":{"gitId":"-"},"content":"","lastModifiedDate":"2020-05-23"},{"lineNumber":521,"author":{"gitId":"-"},"content":"1. _{ more test cases …​ }_","lastModifiedDate":"2020-05-23"}],"authorContributionMap":{"tanjiajiajun":137,"-":384}},{"path":"docs/team/feiyang.md","fileType":"docs","lines":[{"lineNumber":1,"author":{"gitId":"fy17ohhh"},"content":"---","lastModifiedDate":"2024-03-02"},{"lineNumber":2,"author":{"gitId":"fy17ohhh"},"content":"  layout: default.md","lastModifiedDate":"2024-03-02"},{"lineNumber":3,"author":{"gitId":"fy17ohhh"},"content":"  title: \"Feiyang\u0027s Project Portfolio Page\"","lastModifiedDate":"2024-03-02"},{"lineNumber":4,"author":{"gitId":"fy17ohhh"},"content":"---","lastModifiedDate":"2024-03-02"},{"lineNumber":5,"author":{"gitId":"fy17ohhh"},"content":"","lastModifiedDate":"2024-03-02"},{"lineNumber":6,"author":{"gitId":"fy17ohhh"},"content":"### Project: EduConnect","lastModifiedDate":"2024-03-02"},{"lineNumber":7,"author":{"gitId":"fy17ohhh"},"content":"","lastModifiedDate":"2024-03-02"},{"lineNumber":8,"author":{"gitId":"fy17ohhh"},"content":"EduConnect is a desktop contact management application used for teaching assistants to manage a few different courses or classes. The user interacts with it using a CLI, and it has a GUI created with JavaFX. It is written in Java, and has about [] kLoC. (to be finalised)","lastModifiedDate":"2024-03-02"},{"lineNumber":9,"author":{"gitId":"fy17ohhh"},"content":"","lastModifiedDate":"2024-03-02"},{"lineNumber":10,"author":{"gitId":"fy17ohhh"},"content":"Given below are my contributions to the project.","lastModifiedDate":"2024-03-02"},{"lineNumber":11,"author":{"gitId":"fy17ohhh"},"content":"\u003c!---","lastModifiedDate":"2024-03-02"},{"lineNumber":12,"author":{"gitId":"fy17ohhh"},"content":"* **New Feature**: Added the ability to undo/redo previous commands.","lastModifiedDate":"2024-03-02"},{"lineNumber":13,"author":{"gitId":"fy17ohhh"},"content":"    * What it does: allows the user to undo all previous commands one at a time. Preceding undo commands can be reversed by using the redo command.","lastModifiedDate":"2024-03-02"},{"lineNumber":14,"author":{"gitId":"fy17ohhh"},"content":"    * Justification: This feature improves the product significantly because a user can make mistakes in commands and the app should provide a convenient way to rectify them.","lastModifiedDate":"2024-03-02"},{"lineNumber":15,"author":{"gitId":"fy17ohhh"},"content":"    * Highlights: This enhancement affects existing commands and commands to be added in future. It required an in-depth analysis of design alternatives. The implementation too was challenging as it required changes to existing commands.","lastModifiedDate":"2024-03-02"},{"lineNumber":16,"author":{"gitId":"fy17ohhh"},"content":"    * Credits: *{mention here if you reused any code/ideas from elsewhere or if a third-party library is heavily used in the feature so that a reader can make a more accurate judgement of how much effort went into the feature}*","lastModifiedDate":"2024-03-02"},{"lineNumber":17,"author":{"gitId":"fy17ohhh"},"content":"","lastModifiedDate":"2024-03-02"},{"lineNumber":18,"author":{"gitId":"fy17ohhh"},"content":"* **New Feature**: Added a history command that allows the user to navigate to previous commands using up/down keys.","lastModifiedDate":"2024-03-02"},{"lineNumber":19,"author":{"gitId":"fy17ohhh"},"content":"","lastModifiedDate":"2024-03-02"},{"lineNumber":20,"author":{"gitId":"fy17ohhh"},"content":"* **Code contributed**: [RepoSense link]()","lastModifiedDate":"2024-03-02"},{"lineNumber":21,"author":{"gitId":"fy17ohhh"},"content":"","lastModifiedDate":"2024-03-02"},{"lineNumber":22,"author":{"gitId":"fy17ohhh"},"content":"* **Project management**:","lastModifiedDate":"2024-03-02"},{"lineNumber":23,"author":{"gitId":"fy17ohhh"},"content":"    * Managed releases `v1.3` - `v1.5rc` (3 releases) on GitHub","lastModifiedDate":"2024-03-02"},{"lineNumber":24,"author":{"gitId":"fy17ohhh"},"content":"","lastModifiedDate":"2024-03-02"},{"lineNumber":25,"author":{"gitId":"fy17ohhh"},"content":"* **Enhancements to existing features**:","lastModifiedDate":"2024-03-02"},{"lineNumber":26,"author":{"gitId":"fy17ohhh"},"content":"    * Updated the GUI color scheme (Pull requests [\\#33](), [\\#34]())","lastModifiedDate":"2024-03-02"},{"lineNumber":27,"author":{"gitId":"fy17ohhh"},"content":"    * Wrote additional tests for existing features to increase coverage from 88% to 92% (Pull requests [\\#36](), [\\#38]())","lastModifiedDate":"2024-03-02"},{"lineNumber":28,"author":{"gitId":"fy17ohhh"},"content":"","lastModifiedDate":"2024-03-02"},{"lineNumber":29,"author":{"gitId":"fy17ohhh"},"content":"* **Documentation**:","lastModifiedDate":"2024-03-02"},{"lineNumber":30,"author":{"gitId":"fy17ohhh"},"content":"    * User Guide:","lastModifiedDate":"2024-03-02"},{"lineNumber":31,"author":{"gitId":"fy17ohhh"},"content":"        * Added documentation for the features `delete` and `find` [\\#72]()","lastModifiedDate":"2024-03-02"},{"lineNumber":32,"author":{"gitId":"fy17ohhh"},"content":"        * Did cosmetic tweaks to existing documentation of features `clear`, `exit`: [\\#74]()","lastModifiedDate":"2024-03-02"},{"lineNumber":33,"author":{"gitId":"fy17ohhh"},"content":"    * Developer Guide:","lastModifiedDate":"2024-03-02"},{"lineNumber":34,"author":{"gitId":"fy17ohhh"},"content":"        * Added implementation details of the `delete` feature.","lastModifiedDate":"2024-03-02"},{"lineNumber":35,"author":{"gitId":"fy17ohhh"},"content":"","lastModifiedDate":"2024-03-02"},{"lineNumber":36,"author":{"gitId":"fy17ohhh"},"content":"* **Community**:","lastModifiedDate":"2024-03-02"},{"lineNumber":37,"author":{"gitId":"fy17ohhh"},"content":"    * PRs reviewed (with non-trivial review comments): [\\#12](), [\\#32](), [\\#19](), [\\#42]()","lastModifiedDate":"2024-03-02"},{"lineNumber":38,"author":{"gitId":"fy17ohhh"},"content":"    * Contributed to forum discussions (examples: [1](), [2](), [3](), [4]())","lastModifiedDate":"2024-03-02"},{"lineNumber":39,"author":{"gitId":"fy17ohhh"},"content":"    * Reported bugs and suggestions for other teams in the class (examples: [1](), [2](), [3]())","lastModifiedDate":"2024-03-02"},{"lineNumber":40,"author":{"gitId":"fy17ohhh"},"content":"    * Some parts of the history feature I added was adopted by several other class mates ([1](), [2]())","lastModifiedDate":"2024-03-02"},{"lineNumber":41,"author":{"gitId":"fy17ohhh"},"content":"--\u003e","lastModifiedDate":"2024-03-02"},{"lineNumber":42,"author":{"gitId":"fy17ohhh"},"content":"* **Tools**:","lastModifiedDate":"2024-03-02"},{"lineNumber":43,"author":{"gitId":"fy17ohhh"},"content":"    * Integrated a third party library (Markbind) to the project ([\\#1](https://github.com/AY2324S2-CS2103-T14-1/tp/pull/1))","lastModifiedDate":"2024-03-02"}],"authorContributionMap":{"fy17ohhh":43}},{"path":"docs/team/jiajun.md","fileType":"docs","lines":[{"lineNumber":1,"author":{"gitId":"tanjiajiajun"},"content":"---","lastModifiedDate":"2024-03-02"},{"lineNumber":2,"author":{"gitId":"tanjiajiajun"},"content":"  layout: default.md","lastModifiedDate":"2024-03-02"},{"lineNumber":3,"author":{"gitId":"tanjiajiajun"},"content":"  title: \"Jia Jun\u0027s Project Portfolio Page\"","lastModifiedDate":"2024-03-02"},{"lineNumber":4,"author":{"gitId":"tanjiajiajun"},"content":"---","lastModifiedDate":"2024-03-02"},{"lineNumber":5,"author":{"gitId":"tanjiajiajun"},"content":"","lastModifiedDate":"2024-03-02"},{"lineNumber":6,"author":{"gitId":"tanjiajiajun"},"content":"### Project: AddressBook Level 3","lastModifiedDate":"2024-03-02"},{"lineNumber":7,"author":{"gitId":"tanjiajiajun"},"content":"","lastModifiedDate":"2024-03-02"},{"lineNumber":8,"author":{"gitId":"tanjiajiajun"},"content":"AddressBook - Level 3 is a desktop address book application used for teaching Software Engineering principles. The user interacts with it using a CLI, and it has a GUI created with JavaFX. It is written in Java, and has about 10 kLoC.","lastModifiedDate":"2024-03-02"},{"lineNumber":9,"author":{"gitId":"tanjiajiajun"},"content":"","lastModifiedDate":"2024-03-02"},{"lineNumber":10,"author":{"gitId":"tanjiajiajun"},"content":"Given below are my contributions to the project.","lastModifiedDate":"2024-03-02"},{"lineNumber":11,"author":{"gitId":"tanjiajiajun"},"content":"","lastModifiedDate":"2024-03-02"},{"lineNumber":12,"author":{"gitId":"tanjiajiajun"},"content":"* **New Feature**: Added the ability to undo/redo previous commands.","lastModifiedDate":"2024-03-02"},{"lineNumber":13,"author":{"gitId":"tanjiajiajun"},"content":"    * What it does: allows the user to undo all previous commands one at a time. Preceding undo commands can be reversed by using the redo command.","lastModifiedDate":"2024-03-02"},{"lineNumber":14,"author":{"gitId":"tanjiajiajun"},"content":"    * Justification: This feature improves the product significantly because a user can make mistakes in commands and the app should provide a convenient way to rectify them.","lastModifiedDate":"2024-03-02"},{"lineNumber":15,"author":{"gitId":"tanjiajiajun"},"content":"    * Highlights: This enhancement affects existing commands and commands to be added in future. It required an in-depth analysis of design alternatives. The implementation too was challenging as it required changes to existing commands.","lastModifiedDate":"2024-03-02"},{"lineNumber":16,"author":{"gitId":"tanjiajiajun"},"content":"    * Credits: *{mention here if you reused any code/ideas from elsewhere or if a third-party library is heavily used in the feature so that a reader can make a more accurate judgement of how much effort went into the feature}*","lastModifiedDate":"2024-03-02"},{"lineNumber":17,"author":{"gitId":"tanjiajiajun"},"content":"","lastModifiedDate":"2024-03-02"},{"lineNumber":18,"author":{"gitId":"tanjiajiajun"},"content":"* **New Feature**: Added a history command that allows the user to navigate to previous commands using up/down keys.","lastModifiedDate":"2024-03-02"},{"lineNumber":19,"author":{"gitId":"tanjiajiajun"},"content":"","lastModifiedDate":"2024-03-02"},{"lineNumber":20,"author":{"gitId":"tanjiajiajun"},"content":"* **Code contributed**: [RepoSense link]()","lastModifiedDate":"2024-03-02"},{"lineNumber":21,"author":{"gitId":"tanjiajiajun"},"content":"","lastModifiedDate":"2024-03-02"},{"lineNumber":22,"author":{"gitId":"tanjiajiajun"},"content":"* **Project management**:","lastModifiedDate":"2024-03-02"},{"lineNumber":23,"author":{"gitId":"tanjiajiajun"},"content":"    * Managed releases `v1.3` - `v1.5rc` (3 releases) on GitHub","lastModifiedDate":"2024-03-02"},{"lineNumber":24,"author":{"gitId":"tanjiajiajun"},"content":"","lastModifiedDate":"2024-03-02"},{"lineNumber":25,"author":{"gitId":"tanjiajiajun"},"content":"* **Enhancements to existing features**:","lastModifiedDate":"2024-03-02"},{"lineNumber":26,"author":{"gitId":"tanjiajiajun"},"content":"    * Updated the GUI color scheme (Pull requests [\\#33](), [\\#34]())","lastModifiedDate":"2024-03-02"},{"lineNumber":27,"author":{"gitId":"tanjiajiajun"},"content":"    * Wrote additional tests for existing features to increase coverage from 88% to 92% (Pull requests [\\#36](), [\\#38]())","lastModifiedDate":"2024-03-02"},{"lineNumber":28,"author":{"gitId":"tanjiajiajun"},"content":"","lastModifiedDate":"2024-03-02"},{"lineNumber":29,"author":{"gitId":"tanjiajiajun"},"content":"* **Documentation**:","lastModifiedDate":"2024-03-02"},{"lineNumber":30,"author":{"gitId":"tanjiajiajun"},"content":"    * User Guide:","lastModifiedDate":"2024-03-02"},{"lineNumber":31,"author":{"gitId":"tanjiajiajun"},"content":"        * Added documentation for the features `delete` and `find` [\\#72]()","lastModifiedDate":"2024-03-02"},{"lineNumber":32,"author":{"gitId":"tanjiajiajun"},"content":"        * Did cosmetic tweaks to existing documentation of features `clear`, `exit`: [\\#74]()","lastModifiedDate":"2024-03-02"},{"lineNumber":33,"author":{"gitId":"tanjiajiajun"},"content":"    * Developer Guide:","lastModifiedDate":"2024-03-02"},{"lineNumber":34,"author":{"gitId":"tanjiajiajun"},"content":"        * Added implementation details of the `delete` feature.","lastModifiedDate":"2024-03-02"},{"lineNumber":35,"author":{"gitId":"tanjiajiajun"},"content":"","lastModifiedDate":"2024-03-02"},{"lineNumber":36,"author":{"gitId":"tanjiajiajun"},"content":"* **Community**:","lastModifiedDate":"2024-03-02"},{"lineNumber":37,"author":{"gitId":"tanjiajiajun"},"content":"    * PRs reviewed (with non-trivial review comments): [\\#12](), [\\#32](), [\\#19](), [\\#42]()","lastModifiedDate":"2024-03-02"},{"lineNumber":38,"author":{"gitId":"tanjiajiajun"},"content":"    * Contributed to forum discussions (examples: [1](), [2](), [3](), [4]())","lastModifiedDate":"2024-03-02"},{"lineNumber":39,"author":{"gitId":"tanjiajiajun"},"content":"    * Reported bugs and suggestions for other teams in the class (examples: [1](), [2](), [3]())","lastModifiedDate":"2024-03-02"},{"lineNumber":40,"author":{"gitId":"tanjiajiajun"},"content":"    * Some parts of the history feature I added was adopted by several other class mates ([1](), [2]())","lastModifiedDate":"2024-03-02"},{"lineNumber":41,"author":{"gitId":"tanjiajiajun"},"content":"","lastModifiedDate":"2024-03-02"},{"lineNumber":42,"author":{"gitId":"tanjiajiajun"},"content":"* **Tools**:","lastModifiedDate":"2024-03-02"},{"lineNumber":43,"author":{"gitId":"tanjiajiajun"},"content":"    * Integrated a third party library (Natty) to the project ([\\#42]())","lastModifiedDate":"2024-03-02"},{"lineNumber":44,"author":{"gitId":"tanjiajiajun"},"content":"    * Integrated a new Github plugin (CircleCI) to the team repo","lastModifiedDate":"2024-03-02"},{"lineNumber":45,"author":{"gitId":"tanjiajiajun"},"content":"","lastModifiedDate":"2024-03-02"},{"lineNumber":46,"author":{"gitId":"tanjiajiajun"},"content":"* _{you can add/remove categories in the list above}_","lastModifiedDate":"2024-03-02"}],"authorContributionMap":{"tanjiajiajun":46}}]
