{"authorDailyContributionsMap":{"darryl-chan":[{"date":"2024-03-02","commitResults":[{"hash":"4fb4f902fd5a1da1faecba6bb540c6b064cc4119","isMergeCommit":false,"messageTitle":"Update aboutUs.md darrylchan","messageBody":"","fileTypesAndContributionMap":{"docs":{"insertions":49,"deletions":3}}},{"hash":"2807c53e7bd1b85f9459080d09b8c67992a1ce2c","isMergeCommit":false,"messageTitle":"Rename aboutUs.md for darryl-chan","messageBody":"","fileTypesAndContributionMap":{"docs":{"insertions":3,"deletions":3}}},{"hash":"f95375f77722a330c3fdc0293e4b20b743b1d537","isMergeCommit":false,"messageTitle":"Update aboutUs.md for darryl-chan","messageBody":"","fileTypesAndContributionMap":{"docs":{"insertions":4,"deletions":5}}},{"hash":"b4248f39eee2e7951700619b8a863c1eec3d4788","isMergeCommit":false,"messageTitle":"update gradle build","messageBody":"","fileTypesAndContributionMap":{"docs":{"insertions":1,"deletions":1}}},{"hash":"c6c53d188b44b726e717c13efd4f73473b4e8f4c","isMergeCommit":true,"messageTitle":"Merge pull request #17 from tanjiajiajun/master","messageBody":"Update DG","fileTypesAndContributionMap":{}},{"hash":"87d55521018bef219a013e175ce7e46a6f791108","isMergeCommit":true,"messageTitle":"Merge branch \u0027master\u0027 of https://github.com/AY2324S2-CS2103-T14-1/tp","messageBody":"","fileTypesAndContributionMap":{}},{"hash":"4cc5333d72d07f0a4d0d1e2e23e9e0123b97aa57","isMergeCommit":false,"messageTitle":"Add person info for student id and telegram handle, remove phone and address","messageBody":"","fileTypesAndContributionMap":{"functional-code":{"insertions":172,"deletions":132},"other":{"insertions":25,"deletions":24},"test-code":{"insertions":18,"deletions":12}}},{"hash":"ab2f2f7d5a16a3dfcc2c84eef4ac3d7c5cc516cb","isMergeCommit":false,"messageTitle":"Change test cases from phone, address to student id and telegram handle","messageBody":"","fileTypesAndContributionMap":{"functional-code":{"insertions":25,"deletions":38},"test-code":{"insertions":375,"deletions":354}}}]},{"date":"2024-03-03","commitResults":[{"hash":"cff9e0bbda85475519979e43cdda0edb92e43a08","isMergeCommit":true,"messageTitle":"Merge pull request #18 from fy17ohhh/branch-AboutUs","messageBody":"Add profile to AboutUs Page","fileTypesAndContributionMap":{}},{"hash":"8bdc6a5247b8823b97a683a2c31338b7037b6641","isMergeCommit":true,"messageTitle":"merge conflicts","messageBody":"","fileTypesAndContributionMap":{}}]},{"date":"2024-03-04","commitResults":[{"hash":"d680bcb799c2c58b39bc0ada61aa0e30df2ad5ad","isMergeCommit":true,"messageTitle":"Merge pull request #21 from fy17ohhh/branch-AboutUs","messageBody":"Update Feiyang\u0027s portfolio url","fileTypesAndContributionMap":{}}]},{"date":"2024-03-05","commitResults":[{"hash":"d6882cfa19406e55403232079cc37f5c4f63b88d","isMergeCommit":true,"messageTitle":"Merge pull request #23 from marclamp/branch-Readme","messageBody":"Update README file to be in line with project","fileTypesAndContributionMap":{}},{"hash":"bd39433f610a152f01e390df2251d5029babb15c","isMergeCommit":true,"messageTitle":"Merge pull request #22 from marclamp/branch-AboutUs","messageBody":"Add Marcus to AboutUs.md","fileTypesAndContributionMap":{}},{"hash":"5639d1acaa61f32e7af7fcc9a6ab8dc66f7db4f0","isMergeCommit":false,"messageTitle":"Add aboutUs pictures","messageBody":"","fileTypesAndContributionMap":{"docs":{"insertions":91,"deletions":0}}},{"hash":"b3abf9982adb6378799c31ac4d0094ae44acd605","isMergeCommit":true,"messageTitle":"merge conflict aboutUs.md","messageBody":"","fileTypesAndContributionMap":{}},{"hash":"bf08efdc636a3670cb256f3d7ccc78b6da6e9d3b","isMergeCommit":false,"messageTitle":"Update aboutUs.md for darryl-chan","messageBody":"","fileTypesAndContributionMap":{"docs":{"insertions":1,"deletions":1}}},{"hash":"848d098bea7c865e62dee350e18e411459b1e131","isMergeCommit":true,"messageTitle":"Merge pull request #24 from darryl-chan/master","messageBody":"Update aboutUs.md for darryl-chan and portfolio","fileTypesAndContributionMap":{}},{"hash":"fdd16a83a5825224860e1bf4dc86a5f3cbf86695","isMergeCommit":true,"messageTitle":"merge conflict issues","messageBody":"","fileTypesAndContributionMap":{}}]},{"date":"2024-03-06","commitResults":[{"hash":"65aee1f506788d08fafb2ac2e79fe8bf64e5ff96","isMergeCommit":false,"messageTitle":"Fix NoClassDefError","messageBody":"","fileTypesAndContributionMap":{"test-code":{"insertions":1,"deletions":1}}}]},{"date":"2024-03-07","commitResults":[{"hash":"a29e04f109506affe1281c0560de82a2116e3a27","isMergeCommit":true,"messageTitle":"Merge pull request #31 from fy17ohhh/branch-README","messageBody":"Update Badge url","fileTypesAndContributionMap":{}},{"hash":"87d9eaea48722a4bc99f1b1cbf5b4c98ed94a2fa","isMergeCommit":true,"messageTitle":"Merge pull request #34 from fy17ohhh/branch-Documentation","messageBody":"Change package name and update UG","fileTypesAndContributionMap":{}},{"hash":"2377c643c760ba8ee389e84d2193562174dff157","isMergeCommit":false,"messageTitle":"Fix test-units and checkstyle","messageBody":"","fileTypesAndContributionMap":{"functional-code":{"insertions":6,"deletions":9},"test-code":{"insertions":7,"deletions":7}}},{"hash":"704c0ca5695bdb35d58ad706c478bcc73b7c1080","isMergeCommit":false,"messageTitle":"update aboutUs.md for darryl-chan","messageBody":"","tags":["v1.1"],"fileTypesAndContributionMap":{"docs":{"insertions":1,"deletions":1}}}]},{"date":"2024-03-08","commitResults":[{"hash":"cce5ab45376f69bc6a160de2a54226834a38bbc0","isMergeCommit":true,"messageTitle":"Move seedu.address to educonnect","messageBody":"","fileTypesAndContributionMap":{}}]},{"date":"2024-03-09","commitResults":[{"hash":"4bf74eae572318888eb016384b4f234e4a013961","isMergeCommit":false,"messageTitle":"create name capitalisation after every space","messageBody":"","fileTypesAndContributionMap":{"functional-code":{"insertions":24,"deletions":2}}},{"hash":"58da68bafda038b54f803b6d0986417f4fee79d8","isMergeCommit":false,"messageTitle":"Add capitalisation for student ID parser","messageBody":"","fileTypesAndContributionMap":{"functional-code":{"insertions":16,"deletions":2}}}]},{"date":"2024-03-12","commitResults":[{"hash":"1e152c2282f5feb717f682099b59f9d9bf5c51ac","isMergeCommit":true,"messageTitle":"Merge pull request #47 from jeremiahlzz/refactor-to-student","messageBody":"Refactor Person class to Student class","fileTypesAndContributionMap":{}},{"hash":"acfa5f355795ba72cbcfe766451a0d34ead6811b","isMergeCommit":false,"messageTitle":"Add able to be hyphenated","messageBody":"","fileTypesAndContributionMap":{"functional-code":{"insertions":21,"deletions":11}}},{"hash":"fb07a02f1d7cf71b0ca95aacf19a69976e510c76","isMergeCommit":false,"messageTitle":"fix checkstyle issue","messageBody":"","fileTypesAndContributionMap":{"functional-code":{"insertions":1,"deletions":2}}},{"hash":"9320870e28b2c48ab6c5f9ef7d614e1beace7838","isMergeCommit":false,"messageTitle":"Add find name by fuzzy matching","messageBody":"","fileTypesAndContributionMap":{"functional-code":{"insertions":45,"deletions":6}}},{"hash":"8bb10df702f4d151bf33af939400aea900e031b6","isMergeCommit":false,"messageTitle":"Fix unit tests for find command","messageBody":"","fileTypesAndContributionMap":{"functional-code":{"insertions":2,"deletions":22},"test-code":{"insertions":73,"deletions":58}}},{"hash":"0865a2899341c1335f162fe1ca3b98e95a73dbbe","isMergeCommit":true,"messageTitle":"Merge branch \u0027master\u0027 of https://github.com/AY2324S2-CS2103-T14-1/tp into find-fuzzy-command","messageBody":"","fileTypesAndContributionMap":{}}]},{"date":"2024-03-13","commitResults":[{"hash":"2044020445f8bf90b96b28a27c5c041a7c049c1a","isMergeCommit":true,"messageTitle":"Merge pull request #55 from fy17ohhh/branch-GUI","messageBody":"Update GUI title, background, and basic layout","fileTypesAndContributionMap":{}},{"hash":"619b4101d43f61ba5204a8d3a0831dd9aeb9fd38","isMergeCommit":false,"messageTitle":"Add rule such that students added must have a unique identifier","messageBody":"","fileTypesAndContributionMap":{"functional-code":{"insertions":212,"deletions":59},"test-code":{"insertions":220,"deletions":128}}},{"hash":"c1316b8ae94a07a6a7ae7871bf0cd218fecc6ba0","isMergeCommit":false,"messageTitle":"Fix SampleDataUtil.java duplicate ID","messageBody":"","fileTypesAndContributionMap":{"functional-code":{"insertions":1,"deletions":1}}},{"hash":"aeb45b34e2c95c10a8e5f93ff94194dc1a36d4d0","isMergeCommit":true,"messageTitle":"Merge pull request #57 from fy17ohhh/branch-GUI","messageBody":"Update styles for result display section","fileTypesAndContributionMap":{}},{"hash":"8a36fa2959149e46b7fbf3d0b398c6c0f90ec12d","isMergeCommit":true,"messageTitle":"Merge branch \u0027master\u0027 into no-duplicate-telegramhandle-studentid-email","messageBody":"","fileTypesAndContributionMap":{}}]},{"date":"2024-03-14","commitResults":[{"hash":"824eb81050a0f8d7cd9c85a3480f57028a87fa83","isMergeCommit":true,"messageTitle":"Merge pull request #59 from darryl-chan/no-duplicate-telegramhandle-studentid-email","messageBody":"No duplicate unique identifiers for students","fileTypesAndContributionMap":{}},{"hash":"7a8516b78f17d81cc03b25ae3e34e8b04981e45d","isMergeCommit":true,"messageTitle":"Merge pull request #60 from fy17ohhh/branch-GUI","messageBody":"Change display details of students and overall layout style","fileTypesAndContributionMap":{}},{"hash":"5e40d5e7cb6f6bc8e070b7bac7f99f7de0c33003","isMergeCommit":false,"messageTitle":"add function to delete by unique identifier","messageBody":"","fileTypesAndContributionMap":{"functional-code":{"insertions":295,"deletions":22},"test-code":{"insertions":34,"deletions":0}}},{"hash":"ac6abb4e07761fae444c249396648e88c154740a","isMergeCommit":false,"messageTitle":"Fix test unit cases","messageBody":"","fileTypesAndContributionMap":{"functional-code":{"insertions":35,"deletions":9},"test-code":{"insertions":139,"deletions":33}}},{"hash":"8d8867113f3ea742a6e45408aa33dc5ef1fbd85c","isMergeCommit":false,"messageTitle":"Fix checkstyle issues","messageBody":"","fileTypesAndContributionMap":{"functional-code":{"insertions":51,"deletions":36},"test-code":{"insertions":16,"deletions":13}}},{"hash":"5086aa4918c6d6f94945b516207b0f3e81a2a7f5","isMergeCommit":true,"messageTitle":"Merge pull request #77 from jeremiahlzz/update-userguide-deletecommand","messageBody":"Update delete command in UserGuide","fileTypesAndContributionMap":{}}]},{"date":"2024-03-18","commitResults":[{"hash":"4eb2c082842298b6c4c7cd8cf22f574e67e791f0","isMergeCommit":true,"messageTitle":"Merge pull request #78 from marclamp/branch-Timetable","messageBody":"Add Timetable tracking into Student","fileTypesAndContributionMap":{}},{"hash":"0d42990a6ef8d97e743a4d64f589e16fd65d07af","isMergeCommit":true,"messageTitle":"Merge pull request #87 from marclamp/branch-Timetable","messageBody":"Bug fix for SampleDataUtil typo","fileTypesAndContributionMap":{}}]},{"date":"2024-03-19","commitResults":[{"hash":"e885c749f95706378988fb1d613fda8620976eb7","isMergeCommit":true,"messageTitle":"Merge pull request #89 from tanjiajiajun/branch-UrlFeature","messageBody":"Branch url feature","fileTypesAndContributionMap":{}},{"hash":"93f99f7caaf94cd4d3a27c7f231a0103912eb441","isMergeCommit":true,"messageTitle":"Merge pull request #90 from marclamp/branch-UpdateUml","messageBody":"Update UML diagrams and respective DG sections to match","fileTypesAndContributionMap":{}},{"hash":"88f4c037c7cee8bb64733ddc1d875574e6b2d481","isMergeCommit":true,"messageTitle":"Merge pull request #91 from fy17ohhh/branch-GUI-sizing-and-index","messageBody":"Update GUI","fileTypesAndContributionMap":{}}]},{"date":"2024-03-21","commitResults":[{"hash":"702ea16b36a5c1f2e8081fa92a82d90ad2ce4c54","isMergeCommit":false,"messageTitle":"Create DeleteActivity.puml and update DeleteSequenceDiagram.puml","messageBody":"","fileTypesAndContributionMap":{"docs":{"insertions":66,"deletions":7}}},{"hash":"e3f65ce73974e9f2c68ada4db58db213c2b0e669","isMergeCommit":false,"messageTitle":"fix trailing whitespace","messageBody":"","fileTypesAndContributionMap":{"docs":{"insertions":1,"deletions":1}}},{"hash":"ec245583cc3c510931377caaeb879d7a11f35477","isMergeCommit":false,"messageTitle":"Fix build issue in Github","messageBody":"","fileTypesAndContributionMap":{"docs":{"insertions":13,"deletions":19}}},{"hash":"128c0ea6a901586b60484506045f3e8694f6aa45","isMergeCommit":false,"messageTitle":"Update tag validation regex to accept space bar","messageBody":"","fileTypesAndContributionMap":{"functional-code":{"insertions":2,"deletions":2}}},{"hash":"2baf4d37d0bb9a773b5e26b25830c0ab6b38b88f","isMergeCommit":true,"messageTitle":"Merge pull request #101 from fy17ohhh/branch-UI-UG","messageBody":"Remove unnecessary files uder diagrams","fileTypesAndContributionMap":{}},{"hash":"63bcacf8b434e194944802e41e263f30d946715e","isMergeCommit":false,"messageTitle":"Update details in UserGuide.md","messageBody":"","fileTypesAndContributionMap":{"docs":{"insertions":9,"deletions":2}}},{"hash":"fb6829f0e3ece39bdef71237d4c07cf4da42b37a","isMergeCommit":false,"messageTitle":"Added fullstop after line in userguide","messageBody":"","fileTypesAndContributionMap":{"docs":{"insertions":1,"deletions":1}}}]},{"date":"2024-03-25","commitResults":[{"hash":"c3a145d37cd2522af381cfdae45ac37e8f19f091","isMergeCommit":false,"messageTitle":"Enable assertions and improve coding readability for delete","messageBody":"","fileTypesAndContributionMap":{"functional-code":{"insertions":20,"deletions":23},"other":{"insertions":4,"deletions":0}}}]},{"date":"2024-04-02","commitResults":[{"hash":"5a0fc8c6d37a11e30f1781a31a3dcbb4557e48b1","isMergeCommit":true,"messageTitle":"Merge pull request #143 from marclamp/branch-DocumentationUpdate","messageBody":"Update DG for Timetable and finding slots feature","fileTypesAndContributionMap":{}},{"hash":"a2de61288cffac1cf47e1226f270e136ff272741","isMergeCommit":false,"messageTitle":"removed delete function using index in userguide","messageBody":"","fileTypesAndContributionMap":{"docs":{"insertions":2,"deletions":2}}},{"hash":"a75801e3b02f32da4010d4c431c95f8bf42ae5df","isMergeCommit":false,"messageTitle":"Updated add message usage to include timetable","messageBody":"","fileTypesAndContributionMap":{"functional-code":{"insertions":10,"deletions":2}}},{"hash":"5dea427a72a9014f21a424efbc3114c7c4227394","isMergeCommit":false,"messageTitle":"Add optional clause before some optional prefixes and clean command usage message","messageBody":"","fileTypesAndContributionMap":{"functional-code":{"insertions":51,"deletions":18}}},{"hash":"67c2f541715cc07d1d9790aee812e043d6a344b8","isMergeCommit":false,"messageTitle":"Ensure no duplicate prefixes in delete and edit","messageBody":"","fileTypesAndContributionMap":{"functional-code":{"insertions":7,"deletions":3}}},{"hash":"d8778d568f0976c93b6ac2aa9aa787242c17b29d","isMergeCommit":false,"messageTitle":"Add spacing for delete command usage","messageBody":"","fileTypesAndContributionMap":{"functional-code":{"insertions":2,"deletions":2}}},{"hash":"e84e96d0990b97ac99a9b2eb253223a1cd9d5157","isMergeCommit":true,"messageTitle":"Merge conflicts","messageBody":"","fileTypesAndContributionMap":{}},{"hash":"875961bc5689de5b2d194bb6a33c3ce3f1f22217","isMergeCommit":false,"messageTitle":"Capitalises start and end letter of student Id","messageBody":"","fileTypesAndContributionMap":{"functional-code":{"insertions":5,"deletions":8}}},{"hash":"10436d2011315bedbcf4787cac2a3e28e475aa0a","isMergeCommit":false,"messageTitle":"Restrict adding names with 2 spaces or hyphens or a combination of both","messageBody":"","fileTypesAndContributionMap":{"functional-code":{"insertions":9,"deletions":3},"test-code":{"insertions":5,"deletions":3}}},{"hash":"154c53d905306c7aa2a4a63c8efea69a75f972e8","isMergeCommit":false,"messageTitle":"Update userguide to show how to use optional prefixes","messageBody":"","fileTypesAndContributionMap":{"docs":{"insertions":17,"deletions":7}}},{"hash":"da48e571ce03d76931abc0bb6d9fa2f2d8915e28","isMergeCommit":false,"messageTitle":"Update clarification for optional prefixes","messageBody":"","fileTypesAndContributionMap":{"docs":{"insertions":1,"deletions":1}}}]},{"date":"2024-04-03","commitResults":[{"hash":"6a368aee705f34257e15c8992b1d76ddc0e369dc","isMergeCommit":false,"messageTitle":"Fix multiple emails copied test case","messageBody":"","fileTypesAndContributionMap":{"test-code":{"insertions":2,"deletions":2}}},{"hash":"851a61fc1e6c3f3181763b0a61f781b3c3df8b93","isMergeCommit":true,"messageTitle":"Merge branch \u0027master\u0027 into two-whitespace-dashes","messageBody":"","fileTypesAndContributionMap":{}},{"hash":"14d76e9f2bfcdb252ac508cb44a0ec3014ee796a","isMergeCommit":true,"messageTitle":"Merge branch \u0027master\u0027 into update-userguide-copycommand","messageBody":"","fileTypesAndContributionMap":{}},{"hash":"7db00d9f753998f77c730294d55768354abbc5a1","isMergeCommit":true,"messageTitle":"Merge pull request #142 from jeremiahlzz/update-userguide-copycommand","messageBody":"Update UG with copy command","fileTypesAndContributionMap":{}}]}],"fy17ohhh":[{"date":"2024-03-02","commitResults":[{"hash":"167471f20167774fa54e946b4635e48b20487408","isMergeCommit":false,"messageTitle":"Add profile to AboutUs Page","messageBody":"","fileTypesAndContributionMap":{"docs":{"insertions":49,"deletions":6}}}]},{"date":"2024-03-04","commitResults":[{"hash":"0c84372817b07a7738cea3815b7d2d249ec4a114","isMergeCommit":false,"messageTitle":"Update Feiyang\u0027s portfolio url","messageBody":"","fileTypesAndContributionMap":{"docs":{"insertions":1,"deletions":1}}}]},{"date":"2024-03-07","commitResults":[{"hash":"250a9f11ac258e4fc79d366f179ea0710d58dbc0","isMergeCommit":false,"messageTitle":"Update CI link","messageBody":"","fileTypesAndContributionMap":{"docs":{"insertions":1,"deletions":1}}},{"hash":"7addf9a8a5fa64d93753fa53bedc7703776b0b15","isMergeCommit":false,"messageTitle":"Remove trailing spaces in README","messageBody":"","fileTypesAndContributionMap":{"docs":{"insertions":3,"deletions":3}}},{"hash":"3b22fc579a69f1e2bc931dba90c7fd01166f4fa5","isMergeCommit":false,"messageTitle":"Update CI badge","messageBody":"","fileTypesAndContributionMap":{"docs":{"insertions":2,"deletions":2}}},{"hash":"2278264763eae9ddc0d196494db8a1c419553944","isMergeCommit":false,"messageTitle":"Remove trailing spaces","messageBody":"","fileTypesAndContributionMap":{"docs":{"insertions":1,"deletions":1}}},{"hash":"37c8c410c7c855573ffc840ae807625616157005","isMergeCommit":false,"messageTitle":"Add newline at EOF","messageBody":"","fileTypesAndContributionMap":{"docs":{"insertions":1,"deletions":1}}},{"hash":"ed522b4abbdf721153253e682a038e284bc6cadf","isMergeCommit":false,"messageTitle":"Update Badge url","messageBody":"","fileTypesAndContributionMap":{"docs":{"insertions":1,"deletions":1}}},{"hash":"c31aa782855496cee50a32d0dcf478dff882b5ba","isMergeCommit":false,"messageTitle":"Rename packages","messageBody":"","fileTypesAndContributionMap":{"other":{"insertions":852,"deletions":842},"test-code":{"insertions":605,"deletions":657}}},{"hash":"85073be11b8bd7fd01c249860422d773a64682a9","isMergeCommit":false,"messageTitle":"Update UG and rename packages","messageBody":"","fileTypesAndContributionMap":{"docs":{"insertions":19,"deletions":19},"test-code":{"insertions":3,"deletions":3}}},{"hash":"a9e19fa19d7101c1fb84859f3e7190e3d486780f","isMergeCommit":false,"messageTitle":"Update to meet coding standards","messageBody":"","fileTypesAndContributionMap":{"functional-code":{"insertions":28,"deletions":40},"other":{"insertions":2,"deletions":2},"test-code":{"insertions":173,"deletions":132}}},{"hash":"b61e666cb8712c8002e33ac6384ca30ed218f6c0","isMergeCommit":true,"messageTitle":"Merge pull request #35 from tanjiajiajun/master","messageBody":"Add product scope and changed AB-3 to EduConnect","fileTypesAndContributionMap":{}},{"hash":"7ce1aecec02bc4a60e2d8746d9dbfa482e28248f","isMergeCommit":true,"messageTitle":"Merge pull request #36 from matthewken19/Update_AboutUs_Page","messageBody":"Update AboutUs page for matthewken19","fileTypesAndContributionMap":{}},{"hash":"acadb045a9bd826f762f5c625693f6f4e2ea3f37","isMergeCommit":true,"messageTitle":"Merge pull request #38 from matthewken19/Update_AboutUs_Page","messageBody":"Update image name reference for matthewken19","fileTypesAndContributionMap":{}}]},{"date":"2024-03-12","commitResults":[{"hash":"697a38e15b5c57193f52b91de5be49938df04cb3","isMergeCommit":true,"messageTitle":"Merge pull request #53 from darryl-chan/find-fuzzy-command","messageBody":"Find fuzzy command","fileTypesAndContributionMap":{}}]},{"date":"2024-03-13","commitResults":[{"hash":"020c791f988bffaffdede8af3f5a2ea4cda62f2c","isMergeCommit":false,"messageTitle":"Update GUI title, background, and basic layout","messageBody":"","fileTypesAndContributionMap":{"functional-code":{"insertions":40,"deletions":38}}},{"hash":"305e2f0eb9fdf6c50ed6679958a1581c87354efd","isMergeCommit":true,"messageTitle":"Merge branch \u0027master\u0027 into branch-GUI","messageBody":"","fileTypesAndContributionMap":{}},{"hash":"68af3e7d61a1ebfaad96e73814b2f1a2980aab97","isMergeCommit":false,"messageTitle":"Update result text color and disable horizontal scroll","messageBody":"","fileTypesAndContributionMap":{"functional-code":{"insertions":10,"deletions":11}}},{"hash":"b4e2a57129a5c39b3050d7d557698e7460ae6100","isMergeCommit":false,"messageTitle":"Undo change for xmlns","messageBody":"","fileTypesAndContributionMap":{"functional-code":{"insertions":1,"deletions":1}}},{"hash":"30a4586c1414c77e2c01aa867d9bb145e52bbfe8","isMergeCommit":false,"messageTitle":"Undo change for xmlns","messageBody":"","fileTypesAndContributionMap":{"functional-code":{"insertions":1,"deletions":1}}},{"hash":"d9f5151074e21ae5af382eab95bce47e3ead56b6","isMergeCommit":false,"messageTitle":"Change shape, add spacing for student cards, command box, and result display","messageBody":"","fileTypesAndContributionMap":{"functional-code":{"insertions":39,"deletions":50}}}]},{"date":"2024-03-14","commitResults":[{"hash":"ff55c96cd6bfed8cee95111b8f5a8e31db3e9269","isMergeCommit":false,"messageTitle":"Fix resultDisplay stackPane background shape bug and change tag color","messageBody":"","fileTypesAndContributionMap":{"functional-code":{"insertions":22,"deletions":19}}},{"hash":"cf189ab3aed838fc54058b85dd9ae2a4b13e1ecb","isMergeCommit":false,"messageTitle":"Fix empty cell color bug","messageBody":"","fileTypesAndContributionMap":{"functional-code":{"insertions":1,"deletions":1}}},{"hash":"e6f9345d38fb7cf8ae5e1c3e2e898b1486c796c0","isMergeCommit":false,"messageTitle":"Update UI images in User Guide","messageBody":"","fileTypesAndContributionMap":{"docs":{"insertions":1,"deletions":1}}},{"hash":"cef58eee31c26dae4c5fc40f329fd9e86b2ce0a6","isMergeCommit":true,"messageTitle":"Merge branch \u0027master\u0027 into branch-Documentation update branch","messageBody":"","fileTypesAndContributionMap":{}},{"hash":"f5e223453a3fe5deafd42645257657b2b720142a","isMergeCommit":false,"messageTitle":"Add lines to improve readability of invalid add command","messageBody":"","fileTypesAndContributionMap":{"functional-code":{"insertions":3,"deletions":3}}},{"hash":"1d781566c509ff1712722a65d04b4ce2dbf81851","isMergeCommit":false,"messageTitle":"Change AB-3 related keywords into EduConnect and update quick start in UG","messageBody":"","fileTypesAndContributionMap":{"docs":{"insertions":14,"deletions":16}}},{"hash":"8eeb9a8b3ef03327068d53535eadaf5dac34bf33","isMergeCommit":true,"messageTitle":"Merge pull request #68 from tanjiajiajun/UGFindCommand","messageBody":"Update UG for find command","fileTypesAndContributionMap":{}},{"hash":"8ba53bedbfd66d1b01dc69b6522017a17a60f4bd","isMergeCommit":true,"messageTitle":"Merge branch \u0027fy17ohhh-branch-Documentation\u0027 Update Documentation","messageBody":"","fileTypesAndContributionMap":{}},{"hash":"03d5dd89bbd803ed5d5346aac37600f3c62bfb7a","isMergeCommit":true,"messageTitle":"Update UI images","messageBody":"","fileTypesAndContributionMap":{}},{"hash":"48c73e88185437376883fa55296efdfef902031e","isMergeCommit":true,"messageTitle":"Merge branch \u0027branch-Documentation\u0027 of github.com:fy17ohhh/tp into branch-Documentation Update UI images","messageBody":"","fileTypesAndContributionMap":{}}]},{"date":"2024-03-18","commitResults":[{"hash":"613b6d067d251e3db9f02674912680152c2ec809","isMergeCommit":false,"messageTitle":"Add index back to student cards","messageBody":"","fileTypesAndContributionMap":{"functional-code":{"insertions":9,"deletions":1}}},{"hash":"ce26f9fb4512ae86b9853cff74ae6d5c61c79f1e","isMergeCommit":false,"messageTitle":"Resize resultDisplay and StudentListPanel dynamically","messageBody":"","fileTypesAndContributionMap":{"functional-code":{"insertions":3,"deletions":4}}}]},{"date":"2024-03-20","commitResults":[{"hash":"c5c8e4adb087643a3fa179813149f2262946cd56","isMergeCommit":false,"messageTitle":"Update Storage Class Diagram","messageBody":"","fileTypesAndContributionMap":{"docs":{"insertions":3,"deletions":3}}}]},{"date":"2024-03-21","commitResults":[{"hash":"9758fea2c9ffcd7f3de575fd9986ffc9b30c25bb","isMergeCommit":true,"messageTitle":"Merge pull request #94 from jeremiahlzz/fix-json-missinglink-nullpointerexception","messageBody":"Fix NullPointerException when link field is missing from addressbook.json","fileTypesAndContributionMap":{}},{"hash":"b56f524cc6f31d3ffd53e08831d9c416a8c8934b","isMergeCommit":false,"messageTitle":"Update UI, UG, and README","messageBody":"","fileTypesAndContributionMap":{"docs":{"insertions":4,"deletions":8}}},{"hash":"2039c4c4b8dac9291cf3b4d7d30a24175bbdfef3","isMergeCommit":true,"messageTitle":"Merge pull request #97 from jeremiahlzz/update-modelclassdiagram-puml","messageBody":"Update ModelClassDiagram.puml and BetterModelClassDiagram.puml","fileTypesAndContributionMap":{}},{"hash":"c07fb6ad4d9b365540e656ad160f71372b09e71b","isMergeCommit":true,"messageTitle":"Merge pull request #99 from matthewken19/branch-update-UML","messageBody":"Add FindSequenceDiagram.puml","fileTypesAndContributionMap":{}},{"hash":"1d1c63db27185f86d4e2a1d7749b346596e579f1","isMergeCommit":false,"messageTitle":"Update image file name in README","messageBody":"","fileTypesAndContributionMap":{"docs":{"insertions":1,"deletions":1}}},{"hash":"ff59d006fe9150428e557c6d9dbf7a03b9deb1e4","isMergeCommit":true,"messageTitle":"Merge pull request #102 from matthewken19/update-UG","messageBody":"Update the find command for UG","fileTypesAndContributionMap":{}},{"hash":"4786c7877c7cf1b3faafa130ac1275fc1cf213b6","isMergeCommit":false,"messageTitle":"Update UI image in index.md","messageBody":"","fileTypesAndContributionMap":{"docs":{"insertions":1,"deletions":1}}}]},{"date":"2024-03-27","commitResults":[{"hash":"a04baf1b34203cc22af76a4415609f0d538334c1","isMergeCommit":false,"messageTitle":"Fix DG image bug","messageBody":"","fileTypesAndContributionMap":{"docs":{"insertions":2,"deletions":2}}},{"hash":"866eaf8d9bd31521504a3e288ec999f4f5609b4d","isMergeCommit":false,"messageTitle":"Update Application Icon to customized logo","messageBody":"","fileTypesAndContributionMap":{"functional-code":{"insertions":2,"deletions":2},"test-code":{"insertions":1,"deletions":1}}}]},{"date":"2024-03-28","commitResults":[{"hash":"118ef2ce45168c69fbf0163b402c0ccd6fe8389d","isMergeCommit":true,"messageTitle":"Merge pull request #127 from fy17ohhh/branch-application-icon","messageBody":"Update Application Icon to customized logo","fileTypesAndContributionMap":{}},{"hash":"dd648edd573ddf2d27440cd78f404f8ae71f9ad1","isMergeCommit":false,"messageTitle":"Update list command with option to list timetable","messageBody":"","fileTypesAndContributionMap":{"functional-code":{"insertions":94,"deletions":15},"test-code":{"insertions":21,"deletions":10}}},{"hash":"011bdcbec03737a2d36c6324f1a99dc6fdbab31a","isMergeCommit":false,"messageTitle":"Update User Guide for updated list command","messageBody":"","fileTypesAndContributionMap":{"docs":{"insertions":5,"deletions":5}}},{"hash":"1d48d9bd4f3b22294e872521b673da577b63fd03","isMergeCommit":true,"messageTitle":"Merge pull request #123 from darryl-chan/update-delete-command","messageBody":"Enable assertions and improve coding readability for delete","fileTypesAndContributionMap":{}},{"hash":"df6bd1d15b0f7ab426b7fd444bc1a74171ee6979","isMergeCommit":false,"messageTitle":"Update manual testing section in Developer Guide to include list command","messageBody":"","fileTypesAndContributionMap":{"docs":{"insertions":9,"deletions":2}}},{"hash":"6c4085c6f1dce11eb546845c59a6bd6ec55c341d","isMergeCommit":true,"messageTitle":"Merge pull request #130 from marclamp/branch-DgUpdate","messageBody":"Update DG for Timetable feature","fileTypesAndContributionMap":{}}]},{"date":"2024-04-01","commitResults":[{"hash":"ce046f17b510f5fa639de881fe82888db9fab94c","isMergeCommit":false,"messageTitle":"Update logging messages","messageBody":"","fileTypesAndContributionMap":{"functional-code":{"insertions":3,"deletions":3}}}]},{"date":"2024-04-02","commitResults":[{"hash":"bac5e51f34574629826a325ed60960d90de64be8","isMergeCommit":false,"messageTitle":"Disable saving window size to reset to default each time on launch","messageBody":"","fileTypesAndContributionMap":{"functional-code":{"insertions":0,"deletions":3}}},{"hash":"fc1d29e1193d4288b97e4b7bd1a236e82c8b7fd1","isMergeCommit":true,"messageTitle":"Merge pull request #136 from jeremiahlzz/add-copy-command","messageBody":"Add copy command","fileTypesAndContributionMap":{}},{"hash":"435f3c504780bec5c4a27b9d12755c1f40e70455","isMergeCommit":false,"messageTitle":"Update list command to save the show timetable option for subsequent command results","messageBody":"","fileTypesAndContributionMap":{"functional-code":{"insertions":62,"deletions":22}}},{"hash":"099f574af1e53e149c2dec8394e4dd6fb3a31c25","isMergeCommit":false,"messageTitle":"Update test parameters for modifed CommandResult class and Model class","messageBody":"","fileTypesAndContributionMap":{"test-code":{"insertions":17,"deletions":14}}},{"hash":"2ae9b391d36601e82a75d83b4d5d4e4b7933ce85","isMergeCommit":false,"messageTitle":"Add test cases for updated UserPrefs, Model classes","messageBody":"","fileTypesAndContributionMap":{"functional-code":{"insertions":1,"deletions":4},"test-code":{"insertions":22,"deletions":2}}},{"hash":"19de93cc62957cd2f3c8b2cd07ef3ae038905605","isMergeCommit":false,"messageTitle":"Update User Guide for list command","messageBody":"","fileTypesAndContributionMap":{"docs":{"insertions":6,"deletions":0}}},{"hash":"f4b85c5338132e9ec18ac51371cfb349fa0f5098","isMergeCommit":false,"messageTitle":"Update User Guide for list command","messageBody":"","fileTypesAndContributionMap":{"docs":{"insertions":2,"deletions":2}}},{"hash":"71d4396b127b8cc5c74400643c03786a8cb451f4","isMergeCommit":false,"messageTitle":"Delete unneccessary Ui image","messageBody":"","fileTypesAndContributionMap":{"docs":{"insertions":2,"deletions":2}}},{"hash":"180f41e150d422687afeb49dd0525127e86d6599","isMergeCommit":true,"messageTitle":"Merge pull request #145 from darryl-chan/userguide-delete","messageBody":"Remove delete function using index in userguide","fileTypesAndContributionMap":{}},{"hash":"af6fb139f4974ec554cc11c001a57161385f9898","isMergeCommit":false,"messageTitle":"Add list sequence diagram","messageBody":"","fileTypesAndContributionMap":{"docs":{"insertions":96,"deletions":4}}},{"hash":"2aff11729bf9ae89c44d7347b69b8dffc3901103","isMergeCommit":true,"messageTitle":"Merge pull request #141 from fy17ohhh/branch-Ui-V1.3b","messageBody":"Update UI settings for v1.3b","fileTypesAndContributionMap":{}}]},{"date":"2024-04-03","commitResults":[{"hash":"91462e02c301b98b9145a18cfd0e8c87b4372052","isMergeCommit":true,"messageTitle":"Merge pull request #159 from darryl-chan/master","messageBody":"Fix multiple emails copied test case","fileTypesAndContributionMap":{}},{"hash":"74f47d5d92eadb47e2024a0eab5132d4dd1eaa96","isMergeCommit":false,"messageTitle":"Update Model class method to improve readability","messageBody":"","fileTypesAndContributionMap":{"functional-code":{"insertions":10,"deletions":2},"docs":{"insertions":1,"deletions":1},"test-code":{"insertions":7,"deletions":2}}},{"hash":"53847cba9f56addb612f999251c96f8b1acd3447","isMergeCommit":true,"messageTitle":"Merge pull request #149 from fy17ohhh/branch-List-Command-v1.3b","messageBody":"Update list command to save the show timetable option","fileTypesAndContributionMap":{}},{"hash":"10e4a67527f472e584b452f28656ab0d5db0965b","isMergeCommit":true,"messageTitle":"Merge pull request #156 from darryl-chan/update-add-command","messageBody":"Add clearer command message usages, no duplicate prefixes for delete and make code readable for msg usage.","fileTypesAndContributionMap":{}},{"hash":"954fb8e9a03d32d17a4505b3b0c245b4b223a6e2","isMergeCommit":true,"messageTitle":"Merge pull request #158 from darryl-chan/update-userguide-for-optional-prefixes","messageBody":"Update userguide for optional prefixes","fileTypesAndContributionMap":{}},{"hash":"7091bc7fecb61c34d5661e675247ad8a874ee788","isMergeCommit":true,"messageTitle":"Merge pull request #157 from darryl-chan/two-whitespace-dashes","messageBody":"Two whitespace dashes","fileTypesAndContributionMap":{}}]}],"marclamp":[{"date":"2024-03-05","commitResults":[{"hash":"8b18862446ae9e68137097a50dc346af0520625c","isMergeCommit":false,"messageTitle":"Add Marcus to AboutUs.md","messageBody":"","fileTypesAndContributionMap":{"docs":{"insertions":53,"deletions":5}}},{"hash":"60da0cc271e7c586c06e5d96c0c2591413baf263","isMergeCommit":false,"messageTitle":"Resolve no newline at EOF for marcuslam.md","messageBody":"","fileTypesAndContributionMap":{"docs":{"insertions":1,"deletions":1}}},{"hash":"7e36fe47852b11c982f0b258cafe76c5f657d96d","isMergeCommit":false,"messageTitle":"Update README file to be in line with project","messageBody":"","fileTypesAndContributionMap":{"docs":{"insertions":22,"deletions":10}}},{"hash":"2b2dcf34c94fe16ece3c9187da40017de4324fa2","isMergeCommit":false,"messageTitle":"Updated Help Message to be slightly more informative","messageBody":"","fileTypesAndContributionMap":{"functional-code":{"insertions":11,"deletions":2}}}]},{"date":"2024-03-07","commitResults":[{"hash":"b72e4ca9e4e6342fdd3d6e038c975cac29e06c09","isMergeCommit":true,"messageTitle":"Merge branch \u0027branch-BetterHelpMessage\u0027 of https://github.com/marclamp/tp into branch-BetterHelpMessage","messageBody":"","fileTypesAndContributionMap":{}}]},{"date":"2024-03-14","commitResults":[{"hash":"f71241bf15f5d614ed9c2b21d2db941cc8fe00e5","isMergeCommit":false,"messageTitle":"Add Timetable as a potential additional Student detail. Missing integrated support to Student class.","messageBody":"","fileTypesAndContributionMap":{"functional-code":{"insertions":223,"deletions":0},"test-code":{"insertions":199,"deletions":0}}},{"hash":"c847c5beeca10061d2009d7c1c15629a4263dffc","isMergeCommit":true,"messageTitle":"Merge branch \u0027AY2324S2-CS2103-T14-1:master\u0027 into branch-Timetable","messageBody":"","fileTypesAndContributionMap":{}},{"hash":"c26b73b3d77b46b09e09ec865ec83352a38ad75e","isMergeCommit":false,"messageTitle":"Fix naming issues after transition from phone and address to student id and telegram handle","messageBody":"","fileTypesAndContributionMap":{"functional-code":{"insertions":14,"deletions":16},"test-code":{"insertions":12,"deletions":12}}},{"hash":"18dd7db6b9e351bd83d94d68af6d36a195791ae6","isMergeCommit":false,"messageTitle":"Fix naming issues after transition from phone and address to student id and telegram handle","messageBody":"","fileTypesAndContributionMap":{"functional-code":{"insertions":14,"deletions":16},"test-code":{"insertions":12,"deletions":12}}},{"hash":"b838a4da1c97dcccc27c99f5c56808648c6408d9","isMergeCommit":true,"messageTitle":"Merge branch \u0027branch-JavaDocsUpdate\u0027 of https://github.com/marclamp/tp into branch-JavaDocsUpdate","messageBody":"","fileTypesAndContributionMap":{}},{"hash":"262b08be3813ea6c983db9f33679880153730830","isMergeCommit":true,"messageTitle":"Merge branch \u0027branch-JavaDocsUpdate\u0027 of https://github.com/marclamp/tp into branch-JavaDocsUpdate","messageBody":"","fileTypesAndContributionMap":{}},{"hash":"634fbb8037cc85bbbf84330f411d5dac78ce6b84","isMergeCommit":false,"messageTitle":"Remove unused code","messageBody":"","fileTypesAndContributionMap":{"functional-code":{"insertions":0,"deletions":2}}},{"hash":"c75dcc2843c1069603a67b805f0d9764866dc184","isMergeCommit":false,"messageTitle":"Remove unused code","messageBody":"","fileTypesAndContributionMap":{"test-code":{"insertions":0,"deletions":2}}},{"hash":"e16368be74677ea518311132b9d39a7d95245498","isMergeCommit":true,"messageTitle":"Merge branch \u0027master\u0027 into branch-JavaDocsUpdate","messageBody":"","fileTypesAndContributionMap":{}},{"hash":"b6473a0c66294433c71a3ad44a5a4f9db26d8504","isMergeCommit":true,"messageTitle":"Merge pull request #61 from marclamp/branch-JavaDocsUpdate","messageBody":"Fix naming issues after transition ","fileTypesAndContributionMap":{}},{"hash":"ee00732343aa9cfad05e5a2687283a51cd185df7","isMergeCommit":true,"messageTitle":"Merge branch \u0027branch-BetterHelpMessage\u0027 of https://github.com/marclamp/tp into branch-BetterHelpMessage","messageBody":"","fileTypesAndContributionMap":{}},{"hash":"22f9a4432053b35a53a1c9f9c7fb5a1041ca0a01","isMergeCommit":false,"messageTitle":"Edit naming of variables to fit coding standard","messageBody":"","fileTypesAndContributionMap":{"functional-code":{"insertions":3,"deletions":3}}},{"hash":"ac1e6526f0452533c4b30f2a19a5593f15c0cc1f","isMergeCommit":true,"messageTitle":"Merge pull request #75 from marclamp/branch-BetterHelpMessage","messageBody":"Branch better help message","fileTypesAndContributionMap":{}}]},{"date":"2024-03-15","commitResults":[{"hash":"09acd434506e06e0060f049c37af49dc8d0361cc","isMergeCommit":true,"messageTitle":"Merge branch \u0027AY2324S2-CS2103-T14-1:master\u0027 into branch-Timetable","messageBody":"","fileTypesAndContributionMap":{}},{"hash":"59801d754cdffa09ca67f1cb9ef10cd949e3f57a","isMergeCommit":true,"messageTitle":"Merge branch \u0027branch-Timetable\u0027 of https://github.com/marclamp/tp into branch-Timetable","messageBody":"","fileTypesAndContributionMap":{}},{"hash":"1a6666d073f692580f5d669e238050fa93aba270","isMergeCommit":false,"messageTitle":"Add parser support for Timetable, missing Timetable parser support for Commands","messageBody":"","fileTypesAndContributionMap":{"functional-code":{"insertions":157,"deletions":10},"test-code":{"insertions":259,"deletions":5}}},{"hash":"e155a2daf4b033fb6185d3ac47cadaba0cdcc8c2","isMergeCommit":false,"messageTitle":"Fix all checkstyle issues","messageBody":"","fileTypesAndContributionMap":{"functional-code":{"insertions":91,"deletions":15},"test-code":{"insertions":118,"deletions":66}}}]},{"date":"2024-03-16","commitResults":[{"hash":"8caee18454a3764698645725b433a7b7390a1fd3","isMergeCommit":false,"messageTitle":"Improve JUnit tests","messageBody":"","fileTypesAndContributionMap":{"functional-code":{"insertions":3,"deletions":2},"test-code":{"insertions":44,"deletions":28}}}]},{"date":"2024-03-17","commitResults":[{"hash":"980bd5cd64380c00f3f27db6f48c44aa52444d4c","isMergeCommit":false,"messageTitle":"Update AddCommand, AddCommandParser, and its respective tests","messageBody":"","fileTypesAndContributionMap":{"functional-code":{"insertions":121,"deletions":27},"test-code":{"insertions":102,"deletions":30}}},{"hash":"ed82c7cb70113b1ab9f282345e8b0a912ed8fc42","isMergeCommit":false,"messageTitle":"Fix JSON Serialization and respective JUnit tests","messageBody":"","fileTypesAndContributionMap":{"functional-code":{"insertions":37,"deletions":5},"test-code":{"insertions":33,"deletions":33}}},{"hash":"9319f4eba56caeb250609fccac7b5abefcc52d22","isMergeCommit":false,"messageTitle":"Fix checkstyle for all files","messageBody":"","fileTypesAndContributionMap":{"functional-code":{"insertions":9,"deletions":9},"test-code":{"insertions":11,"deletions":11}}},{"hash":"58376b7b0fa77d5c964f9de566a9f37dd0278f43","isMergeCommit":false,"messageTitle":"Update Edit functionality and tests","messageBody":"","fileTypesAndContributionMap":{"functional-code":{"insertions":90,"deletions":11},"test-code":{"insertions":121,"deletions":41}}},{"hash":"7f75bf980be0f1f1ea7fddd37107fe55e250b722","isMergeCommit":false,"messageTitle":"Update GUI to display Timetable","messageBody":"","fileTypesAndContributionMap":{"functional-code":{"insertions":18,"deletions":9}}},{"hash":"bd7ae0630efa7c3c2d05d3f4a7852cc39a764d54","isMergeCommit":false,"messageTitle":"Fix checkstyle","messageBody":"","fileTypesAndContributionMap":{"functional-code":{"insertions":40,"deletions":7},"test-code":{"insertions":5,"deletions":5}}},{"hash":"29c98252df0bdeb06e3af3b25999ee8c9f074c5a","isMergeCommit":false,"messageTitle":"Update UserGuide.md with Timetable support","messageBody":"","fileTypesAndContributionMap":{"docs":{"insertions":12,"deletions":5}}},{"hash":"64e4a42ea873236a0cafe50802c463b1c6aa193e","isMergeCommit":false,"messageTitle":"Update AboutUs","messageBody":"","fileTypesAndContributionMap":{"docs":{"insertions":3,"deletions":3}}},{"hash":"de61be96a4115d0b89196b8a5286dcf87c18fa1a","isMergeCommit":false,"messageTitle":"Update AboutUs","messageBody":"","fileTypesAndContributionMap":{"docs":{"insertions":4,"deletions":4}}},{"hash":"99b8899e94d8ddfd73d62f0df5745f0082970637","isMergeCommit":true,"messageTitle":"Merge branch \u0027branch-AboutUs\u0027 of https://github.com/marclamp/tp into branch-AboutUs","messageBody":"","fileTypesAndContributionMap":{}},{"hash":"abdb882fdcc7a8f7833b49af82db4ae59943edc7","isMergeCommit":true,"messageTitle":"Merge pull request #80 from marclamp/branch-AboutUs","messageBody":"Update AboutUs","fileTypesAndContributionMap":{}}]},{"date":"2024-03-18","commitResults":[{"hash":"96503f8f5a7a214f4db616f51402d7811cdb7cd1","isMergeCommit":false,"messageTitle":"Bug fix for SampleDataUtil typo","messageBody":"","fileTypesAndContributionMap":{"functional-code":{"insertions":1,"deletions":1}}},{"hash":"7b9abfc49774943f4bc4e8d9bd3075398dfe5abe","isMergeCommit":false,"messageTitle":"Update UML diagrams and respective DG sections to match","messageBody":"","fileTypesAndContributionMap":{"docs":{"insertions":188,"deletions":0}}},{"hash":"e25a822ecbb1f6ce3a536c48d8965d4a08de6246","isMergeCommit":false,"messageTitle":"Fix naming issues","messageBody":"","fileTypesAndContributionMap":{"docs":{"insertions":7,"deletions":7}}}]},{"date":"2024-03-23","commitResults":[{"hash":"252c19544b9ce58f0b3431b090642be303f5dc97","isMergeCommit":false,"messageTitle":"Add FindSlots functionality to each Day","messageBody":"","fileTypesAndContributionMap":{"functional-code":{"insertions":129,"deletions":9},"test-code":{"insertions":159,"deletions":65}}}]},{"date":"2024-03-24","commitResults":[{"hash":"7b29313607bdbaf4076ba709ce76fea3d289b9ce","isMergeCommit":false,"messageTitle":"Add funcitonality to find all slots across multiple timetables","messageBody":"","fileTypesAndContributionMap":{"functional-code":{"insertions":285,"deletions":30},"test-code":{"insertions":141,"deletions":13}}},{"hash":"87a13f646fd5791ebc246ef322799bae95b03f92","isMergeCommit":false,"messageTitle":"Add JavaDoc header comments and fix checkstyle","messageBody":"","fileTypesAndContributionMap":{"functional-code":{"insertions":59,"deletions":13},"test-code":{"insertions":9,"deletions":15}}},{"hash":"39ef8d6a51f9d0980e0f17d3c6f3d8c8e7716293","isMergeCommit":false,"messageTitle":"Reduce access priviledges in Timetable package","messageBody":"","fileTypesAndContributionMap":{"functional-code":{"insertions":14,"deletions":14}}},{"hash":"b6b21c1e8c3823be182992dc7c797ca5aed93fe4","isMergeCommit":false,"messageTitle":"Fix relevant JUnit Tests and access priviledges","messageBody":"","fileTypesAndContributionMap":{"functional-code":{"insertions":4,"deletions":4},"test-code":{"insertions":14,"deletions":14}}}]},{"date":"2024-03-27","commitResults":[{"hash":"2ae00fee325c62ae32dabc9bd332f64409ac58c5","isMergeCommit":false,"messageTitle":"Add more JUnit Tests for new class, fix checkstyle","messageBody":"","fileTypesAndContributionMap":{"functional-code":{"insertions":142,"deletions":11},"test-code":{"insertions":282,"deletions":29}}}]},{"date":"2024-03-28","commitResults":[{"hash":"66196253f4bdc318fc8606219f8e29e7b4e1db5f","isMergeCommit":true,"messageTitle":"Merge pull request #126 from fy17ohhh/branch-DG-bug-fix","messageBody":"Fix DG image bug","fileTypesAndContributionMap":{}},{"hash":"d3ed25642e2b8ef9600d10c609c787d3c7c7bd35","isMergeCommit":false,"messageTitle":"Update DG for Timetable feature","messageBody":"","fileTypesAndContributionMap":{"docs":{"insertions":6,"deletions":0}}}]},{"date":"2024-03-31","commitResults":[{"hash":"9605b79dd22f1117e5a4c068258c24fa8c014b22","isMergeCommit":false,"messageTitle":"Add Parser support for finding common slots","messageBody":"No support for parsing inputs to reflect finding slots functionality.\n\nHaving parser support allows for inputs from the CLI GUI.\n\nLet\u0027s\n* Modify CliSyntax to include additional prefixes\n* Add SlotsCommand to handle the `slots` command\n* Add SlotsCommandParser to handle parsing\n* Remove Timetable overloaded constructors and have the parser handle optional inputs\n* Update the TimetableTest accordingly\n* Update ParserUtil to have additional parsing capabilities in parsing new type of String input\n* Update AddressBookParser to have additional command\n","fileTypesAndContributionMap":{"functional-code":{"insertions":330,"deletions":52},"test-code":{"insertions":8,"deletions":5}}},{"hash":"71a67263d7c96fe5d20061ebe8aec892c72292a8","isMergeCommit":false,"messageTitle":"Fix checkstyle","messageBody":"","fileTypesAndContributionMap":{"functional-code":{"insertions":40,"deletions":28}}},{"hash":"fdf3d9e05bc045451254f44a23af902a7df9ed6a","isMergeCommit":false,"messageTitle":"Fix checkstyle","messageBody":"","fileTypesAndContributionMap":{"functional-code":{"insertions":42,"deletions":30}}},{"hash":"7927f733e1bb1e963d9a1896af63e4d7b5a5ef55","isMergeCommit":true,"messageTitle":"Merge branch \u0027branch-TimetableUpdate\u0027 of https://github.com/marclamp/tp into branch-TimetableUpdate","messageBody":"","fileTypesAndContributionMap":{}},{"hash":"b3fab2b0912b11030536b87672f59c8d138ba044","isMergeCommit":false,"messageTitle":"Add JUnit Tests for finding slots","messageBody":"Includes:\n* SlotsCommandTest\n* SlotsCommandParserTest\n* ParserUtilTest\n","fileTypesAndContributionMap":{"functional-code":{"insertions":26,"deletions":14},"test-code":{"insertions":383,"deletions":7}}},{"hash":"17b339f6b387e63851852cc5f7e3f889435641aa","isMergeCommit":false,"messageTitle":"Add JUnit Tests for finding slots","messageBody":"Includes:\n* SlotsCommandTest\n* SlotsCommandParserTest\n* ParserUtilTest\n","fileTypesAndContributionMap":{"functional-code":{"insertions":28,"deletions":14},"test-code":{"insertions":383,"deletions":7}}}]},{"date":"2024-04-01","commitResults":[{"hash":"86cd9c07d5eb01513e44e35979f14806195bfc19","isMergeCommit":false,"messageTitle":"Fix JUnit tests and increase test code coverage","messageBody":"","fileTypesAndContributionMap":{"functional-code":{"insertions":44,"deletions":24},"test-code":{"insertions":33,"deletions":6}}},{"hash":"74c90f09369450f5727381ca7eb496aa87c6d229","isMergeCommit":true,"messageTitle":"Merge branch \u0027branch-TimetableUpdate\u0027 of https://github.com/marclamp/tp into branch-TimetableUpdate","messageBody":"","fileTypesAndContributionMap":{}},{"hash":"207c9904c261b099debc17fcf86e5067983ca034","isMergeCommit":true,"messageTitle":"Merge branch \u0027master\u0027 into branch-TimetableUpdate","messageBody":"","fileTypesAndContributionMap":{}},{"hash":"39c0570004341eb6e2d1c760d8fdd189211ea9b3","isMergeCommit":false,"messageTitle":"Fix checkstyle","messageBody":"","fileTypesAndContributionMap":{"functional-code":{"insertions":1,"deletions":1}}},{"hash":"97aa35fbb49c0cdf601012ab00d495833bc2b705","isMergeCommit":true,"messageTitle":"Merge branch \u0027branch-TimetableUpdate\u0027 of https://github.com/marclamp/tp into branch-TimetableUpdate","messageBody":"","fileTypesAndContributionMap":{}},{"hash":"66e901ee53dfb0898d58d1edf4529b3d8e45a4dd","isMergeCommit":true,"messageTitle":"Merge branch \u0027branch-TimetableUpdate\u0027 of https://github.com/marclamp/tp into branch-TimetableUpdate","messageBody":"","fileTypesAndContributionMap":{}},{"hash":"a1d29336ddb7681c4c58f79ffd71af4c987d3d47","isMergeCommit":true,"messageTitle":"Merge branch \u0027branch-TimetableUpdate\u0027 of https://github.com/marclamp/tp into branch-TimetableUpdate","messageBody":"","fileTypesAndContributionMap":{}},{"hash":"f107d65ab22115b2262c645ff0904b4425b8bb6f","isMergeCommit":false,"messageTitle":"Remove Link Command from UG, fix typos","messageBody":"","fileTypesAndContributionMap":{"docs":{"insertions":8,"deletions":25}}},{"hash":"b2b762b68ccbef001db0c89ea43526796cb6ba16","isMergeCommit":false,"messageTitle":"Shift finding common slots implementation into Model","messageBody":"* Move the computation of finding common slots into Model and ModelManager\n* Better design principle\n* More closes adheres to Open-Close Principle and Law of Demeter\n","fileTypesAndContributionMap":{"functional-code":{"insertions":29,"deletions":13},"test-code":{"insertions":9,"deletions":0}}},{"hash":"b376b9269c208c36b2ef1e29520f1949bf2a925b","isMergeCommit":false,"messageTitle":"Shift finding common slots implementation into Model","messageBody":"* Move the computation of finding common slots into Model and ModelManager\n* Better design principle\n* More closely adheres to Open-Close Principle and Law of Demeter\n","fileTypesAndContributionMap":{"functional-code":{"insertions":29,"deletions":13},"test-code":{"insertions":9,"deletions":0}}}]},{"date":"2024-04-02","commitResults":[{"hash":"82c2e0508cb130c6293935acc5a0586e53828f54","isMergeCommit":false,"messageTitle":"Update DG for Timetable and finding slots feature","messageBody":"Includes:\n* FindingAvailableSlotsSequenceDiagram.puml\n","fileTypesAndContributionMap":{"docs":{"insertions":170,"deletions":30}}},{"hash":"2ef49736d1a37fdbf96c173aeec1eb7855a1deb6","isMergeCommit":true,"messageTitle":"Merge branch \u0027master\u0027 into branch-TimetableUpdate","messageBody":"","fileTypesAndContributionMap":{}},{"hash":"bdcfb0b918854bc4e0543de1751ceb1df23c47b5","isMergeCommit":true,"messageTitle":"Merge pull request #135 from marclamp/branch-TimetableUpdate","messageBody":"Add finding common slots functionality","fileTypesAndContributionMap":{}}]}],"tanjiajiajun":[{"date":"2024-03-02","commitResults":[{"hash":"d619ad47c25fde8dbf1e70ce216db52ae2a6ba72","isMergeCommit":false,"messageTitle":"Update DG","messageBody":"","fileTypesAndContributionMap":{"docs":{"insertions":146,"deletions":21}}},{"hash":"67e60f0e3ee801caed8986fb9cdecb4efb264306","isMergeCommit":false,"messageTitle":"Update aboutUs.md for jiajun","messageBody":"","fileTypesAndContributionMap":{"docs":{"insertions":49,"deletions":3}}}]},{"date":"2024-03-07","commitResults":[{"hash":"09c668d4244248162c0aa1fe18361147e0374b59","isMergeCommit":false,"messageTitle":"Update image name","messageBody":"","fileTypesAndContributionMap":{"docs":{"insertions":1,"deletions":1}}},{"hash":"44e093d88efb0aa610e988a80d57c007c5b1d163","isMergeCommit":false,"messageTitle":"Rename image","messageBody":"","fileTypesAndContributionMap":{"docs":{"insertions":1,"deletions":1}}},{"hash":"06e0864612485d742ae96172d4091ee78ee0cc45","isMergeCommit":true,"messageTitle":"Merge pull request #30 from fy17ohhh/branch-README","messageBody":"Update CI in README","fileTypesAndContributionMap":{}},{"hash":"24ded47731e50d2e3cff5514cff71798baf821b0","isMergeCommit":true,"messageTitle":"Merge branch \u0027master\u0027 of https://github.com/tanjiajiajun/tp","messageBody":"","fileTypesAndContributionMap":{}},{"hash":"bf69efcc3a98e58c248d8588cc50f894d55362b3","isMergeCommit":false,"messageTitle":"Add newline","messageBody":"","fileTypesAndContributionMap":{"docs":{"insertions":1,"deletions":1}}},{"hash":"c3263a62ade5ca7024a66d5f274c2d3c7905eaed","isMergeCommit":true,"messageTitle":"Merge branch \u0027AY2324S2-CS2103-T14-1:master\u0027 into master","messageBody":"","fileTypesAndContributionMap":{}},{"hash":"db2e37f1102f1b6450c6beadc1dd42abcac7b266","isMergeCommit":true,"messageTitle":"Merge pull request #33 from tanjiajiajun/master","messageBody":"Update photo name","fileTypesAndContributionMap":{}},{"hash":"193057faa0471d3ff97fbf33a3f71c7f85a3f17f","isMergeCommit":false,"messageTitle":"Add product scope and changed AB-3 to EduConnect","messageBody":"","fileTypesAndContributionMap":{"docs":{"insertions":6,"deletions":7}}},{"hash":"ce84d881721c91373345cfb592416f86a5fb24bb","isMergeCommit":true,"messageTitle":"Merge pull request #39 from darryl-chan/update-AboutUs","messageBody":"update aboutUs.md for darryl-chan","fileTypesAndContributionMap":{}}]},{"date":"2024-03-10","commitResults":[{"hash":"08e5ac38b86867742f82303a10a99b6126116298","isMergeCommit":true,"messageTitle":"Merge pull request #42 from darryl-chan/Refactor-student","messageBody":"Refactor student","fileTypesAndContributionMap":{}}]},{"date":"2024-03-14","commitResults":[{"hash":"051ab13f9af21b1c3bf73236169311aa3a538c70","isMergeCommit":false,"messageTitle":"Update UG for find command","messageBody":"","fileTypesAndContributionMap":{"docs":{"insertions":6,"deletions":8}}},{"hash":"50ae6d5b264963dea13a2a09d91bdce71e90cb79","isMergeCommit":true,"messageTitle":"Merge pull request #67 from jeremiahlzz/update-userguide-addcommand","messageBody":"Update UserGuide - Add and Edit Command","fileTypesAndContributionMap":{}},{"hash":"0ce0265956352a8b3fb1dd28937571f548140f37","isMergeCommit":true,"messageTitle":"Merge branch \u0027master\u0027 into UGFindCommand","messageBody":"","fileTypesAndContributionMap":{}},{"hash":"88e3f5c5814aa861b177046db269778401569b7e","isMergeCommit":true,"messageTitle":"Merge pull request #73 from matthewken19/branch-update-UG-delete-feature","messageBody":"Update UG for delete command","fileTypesAndContributionMap":{}},{"hash":"a2d818473ded8646dd526f297a2fc01e4da5c6c9","isMergeCommit":true,"messageTitle":"Merge pull request #70 from fy17ohhh/branch-Documentation","messageBody":"Update Documentation for v1.2","fileTypesAndContributionMap":{}},{"hash":"58c81b0f01bd46376f8ec41ff53d891d5bbb160d","isMergeCommit":true,"messageTitle":"Merge pull request #72 from darryl-chan/delete-by-unique-identifier","messageBody":"Delete by unique identifier","fileTypesAndContributionMap":{}}]},{"date":"2024-03-16","commitResults":[{"hash":"cdac8508afe8b4da74f4cec88b1f779ad6cd6394","isMergeCommit":false,"messageTitle":"Created link class to store URL","messageBody":"","fileTypesAndContributionMap":{"functional-code":{"insertions":34,"deletions":4}}},{"hash":"f67f8d4bb5a7b07af1ef6115eea0246d1516a5ae","isMergeCommit":false,"messageTitle":"Change student code to allow storage of url\u0027 \u0027\u0027","messageBody":"","fileTypesAndContributionMap":{"functional-code":{"insertions":7,"deletions":2}}},{"hash":"c3ba2cddff2493036067eeda47d110762fe16cfe","isMergeCommit":true,"messageTitle":"Merge branch \u0027master\u0027 into Feature-URL nil","messageBody":"","fileTypesAndContributionMap":{}},{"hash":"9985dec7cf5d5da498576bdc9c8adf346ccb27ee","isMergeCommit":false,"messageTitle":"Added ability to add hyperlink","messageBody":"","fileTypesAndContributionMap":{"functional-code":{"insertions":308,"deletions":24}}},{"hash":"33ded8f09de8b903df9ed05fb50ee8f6cf4a0450","isMergeCommit":false,"messageTitle":"Fix bug where editing after adding link caused the link to be lost","messageBody":"","fileTypesAndContributionMap":{"functional-code":{"insertions":33,"deletions":10}}}]},{"date":"2024-03-18","commitResults":[{"hash":"31bd9fcec27233ff9cf18424c36526c769196801","isMergeCommit":false,"messageTitle":"Fix original tests","messageBody":"","fileTypesAndContributionMap":{"functional-code":{"insertions":26,"deletions":33},"test-code":{"insertions":68,"deletions":34}}},{"hash":"64fe39edb8d97b727844aef8b5183e75725eabb2","isMergeCommit":false,"messageTitle":"Add Unit Tests for Link Command","messageBody":"","fileTypesAndContributionMap":{"functional-code":{"insertions":19,"deletions":4},"test-code":{"insertions":153,"deletions":0}}},{"hash":"4b81ea79d2b4e06d2de61dc7e81f37e137524ed6","isMergeCommit":true,"messageTitle":"Change Student Constructor","messageBody":"","fileTypesAndContributionMap":{}},{"hash":"e44cce618234f8fe095a6821782b8c3f1457809f","isMergeCommit":false,"messageTitle":"Sucessfully merge features","messageBody":"","fileTypesAndContributionMap":{"functional-code":{"insertions":3,"deletions":1}}},{"hash":"bb68c06da297ab0ecb5fb405667e100bad4de51e","isMergeCommit":false,"messageTitle":"Fix conflicts in bugs","messageBody":"","fileTypesAndContributionMap":{"functional-code":{"insertions":1,"deletions":1},"test-code":{"insertions":3,"deletions":1}}},{"hash":"6c934202e2673b9c7cc0a64cb1f51b53a16eb1fb","isMergeCommit":false,"messageTitle":"Fix Checkstyle and UserGuide","messageBody":"","fileTypesAndContributionMap":{"functional-code":{"insertions":120,"deletions":46},"docs":{"insertions":15,"deletions":0},"test-code":{"insertions":30,"deletions":24}}}]},{"date":"2024-03-20","commitResults":[{"hash":"3615ecf18b2429760186cfffb0c1753b6c7c6c3f","isMergeCommit":false,"messageTitle":"Update UML architecture sequence diagram","messageBody":"","fileTypesAndContributionMap":{"docs":{"insertions":3,"deletions":3}}},{"hash":"fb254e3efb5b51bdca1fd5c9adcc32f6477c4683","isMergeCommit":true,"messageTitle":"Merge pull request #95 from tanjiajiajun/branch-UML","messageBody":"Update UML architecture sequence diagram","fileTypesAndContributionMap":{}}]},{"date":"2024-03-21","commitResults":[{"hash":"be6f894e2639683a4dd46e87be526ee998148472","isMergeCommit":true,"messageTitle":"Merge pull request #107 from jeremiahlzz/update-userguide-linkcommand","messageBody":"Update UserGuide and EditCommand message_usage","fileTypesAndContributionMap":{}}]},{"date":"2024-03-27","commitResults":[{"hash":"a539ec143c20137dd38e4ddd1dd67718f1c7ba5f","isMergeCommit":false,"messageTitle":"Allow link to be added to student using add command","messageBody":"","fileTypesAndContributionMap":{"functional-code":{"insertions":17,"deletions":28}}},{"hash":"cf76b118f8c5ff8165224da1f4660e263b8fa12b","isMergeCommit":false,"messageTitle":"Remove redundant link command","messageBody":"","fileTypesAndContributionMap":{"functional-code":{"insertions":4,"deletions":304},"test-code":{"insertions":0,"deletions":155}}},{"hash":"45b6169c6fde9788e567701160915be479c60928","isMergeCommit":false,"messageTitle":"Fix checkstyle","messageBody":"","fileTypesAndContributionMap":{"functional-code":{"insertions":27,"deletions":3}}}]},{"date":"2024-03-28","commitResults":[{"hash":"d30163e3ee11bea133544ff5d5ecc4688a7abd03","isMergeCommit":false,"messageTitle":"Update DG for link command","messageBody":"","fileTypesAndContributionMap":{"docs":{"insertions":25,"deletions":1}}},{"hash":"b9188106f7aefde15e01d42bf0bccec9285e27b7","isMergeCommit":true,"messageTitle":"Merge pull request #125 from tanjiajiajun/branch-AddWithLink","messageBody":"Add support to link student with URL with add command","fileTypesAndContributionMap":{}},{"hash":"1c4d66e41f552b1bb33e7e23e02e5d8a601c3431","isMergeCommit":false,"messageTitle":"Delete redundant UML diagram","messageBody":"","fileTypesAndContributionMap":{"docs":{"insertions":0,"deletions":0}}}]}],"jeremiahlzz":[{"date":"2024-03-05","commitResults":[{"hash":"792792540735883468dde1ddf011ef0a05369474","isMergeCommit":false,"messageTitle":"Update AboutUs with Jeremiah","messageBody":"","fileTypesAndContributionMap":{"docs":{"insertions":18,"deletions":5}}},{"hash":"fd420f57dfbe13e8708c15d12398471d7d5603d7","isMergeCommit":true,"messageTitle":"Merge branch \u0027master\u0027 into add-jeremiah-aboutus","messageBody":"","fileTypesAndContributionMap":{}},{"hash":"02cb5086a16d808c0c1c591fccf11027f44e3d44","isMergeCommit":false,"messageTitle":"Fix trailing whitespace","messageBody":"","fileTypesAndContributionMap":{"docs":{"insertions":1,"deletions":1}}},{"hash":"96c904b122290947de693f02f3f62af79b1a89f3","isMergeCommit":true,"messageTitle":"Merge pull request #26 from jeremiahlzz/add-jeremiah-aboutus","messageBody":"Update AboutUs with Jeremiah","fileTypesAndContributionMap":{}}]},{"date":"2024-03-12","commitResults":[{"hash":"a05b1d36493c1745f80b8f55d5cb6ecce08e4bc6","isMergeCommit":false,"messageTitle":"Refactor Person class to Student class","messageBody":"","fileTypesAndContributionMap":{"functional-code":{"insertions":439,"deletions":436},"other":{"insertions":200,"deletions":193},"test-code":{"insertions":734,"deletions":725}}},{"hash":"922df7d84d8a0196dfd4cc32ffda53667768f495","isMergeCommit":true,"messageTitle":"Merge pull request #48 from darryl-chan/parse-name-with-hyphen","messageBody":"Allow Student name with hyphen","fileTypesAndContributionMap":{}}]},{"date":"2024-03-14","commitResults":[{"hash":"891554d2b1caa99df3db52414d333f274ea2bbae","isMergeCommit":false,"messageTitle":"Add table of contents to UserGuide","messageBody":"","fileTypesAndContributionMap":{"docs":{"insertions":19,"deletions":1}}},{"hash":"7315ed5d479346fdefbc4ea8d715ef0725014a4b","isMergeCommit":false,"messageTitle":"Update add and edit commands in UserGuide","messageBody":"","fileTypesAndContributionMap":{"docs":{"insertions":32,"deletions":32}}},{"hash":"f2241cb5e1580276f7594049b3044093f2bc11ec","isMergeCommit":true,"messageTitle":"Merge pull request #62 from fy17ohhh/branch-GUI","messageBody":"Fix empty cell color bug","fileTypesAndContributionMap":{}},{"hash":"27cd0e71183121a7a6b7802443a65b314c81e4a4","isMergeCommit":false,"messageTitle":"Fix variable name in AddCommandIntegrationTest.java","messageBody":"","fileTypesAndContributionMap":{"test-code":{"insertions":2,"deletions":2}}},{"hash":"535e4f2fad8cf904d245eef8c5af55cbe3b63c17","isMergeCommit":false,"messageTitle":"Update UserGuide images","messageBody":"","fileTypesAndContributionMap":{"docs":{"insertions":1,"deletions":1}}},{"hash":"a0aa159625c3c3bcc38b22a53a8f6470891060bd","isMergeCommit":false,"messageTitle":"Update delete command in UserGuide","messageBody":"","fileTypesAndContributionMap":{"docs":{"insertions":9,"deletions":9}}}]},{"date":"2024-03-20","commitResults":[{"hash":"91c89e6f7f42bc32c6bbb6a213e0f2ca1949940c","isMergeCommit":true,"messageTitle":"Merge pull request #92 from matthewken19/branch-sort","messageBody":"Update find command for multiple filter criteria","fileTypesAndContributionMap":{}},{"hash":"6c7c837b25bf156b8f2bb9ef694fea747357f168","isMergeCommit":false,"messageTitle":"Fix json missing link field NullPointerException","messageBody":"","fileTypesAndContributionMap":{"functional-code":{"insertions":5,"deletions":1}}},{"hash":"919096ea766d1fd8c84441b0047265f8b8028ccb","isMergeCommit":false,"messageTitle":"Update all .fxml to run on JavaFX 17","messageBody":"","fileTypesAndContributionMap":{"functional-code":{"insertions":2,"deletions":2}}},{"hash":"ce80581aa2c447426fa94c46d84aab67d6c0094c","isMergeCommit":false,"messageTitle":"Refactor Student Link to Optional\u003cLink\u003e","messageBody":"","fileTypesAndContributionMap":{"functional-code":{"insertions":133,"deletions":119},"test-code":{"insertions":68,"deletions":44}}},{"hash":"6344d2190ea04cd97c9f63b6a0bd78fffe1cb591","isMergeCommit":true,"messageTitle":"Merge pull request #96 from fy17ohhh/branch-StorageClassDiagram","messageBody":"Update .puml Storage Class Diagram","fileTypesAndContributionMap":{}},{"hash":"76595cdf53e24434207471364be8bce38c045509","isMergeCommit":false,"messageTitle":"Update ModelClassDiagram.puml and BetterModelClassDiagram.puml","messageBody":"","fileTypesAndContributionMap":{"docs":{"insertions":45,"deletions":44}}}]},{"date":"2024-03-21","commitResults":[{"hash":"731aaf7235b3d24acf194f6aca30fff7f3f455cf","isMergeCommit":true,"messageTitle":"Merge pull request #98 from darryl-chan/update-uml-delete","messageBody":"Create DeleteActivity.puml and update DeleteSequenceDiagram.puml","fileTypesAndContributionMap":{}},{"hash":"4ca5b27b226d084f94139bcc698380cdf3222192","isMergeCommit":false,"messageTitle":"Update MCD.puml and BMCD.puml to include Link and Timetable","messageBody":"","fileTypesAndContributionMap":{"docs":{"insertions":20,"deletions":8}}},{"hash":"2dd1a2ed9b9699375801ee3a6d625aadfddee4c8","isMergeCommit":true,"messageTitle":"Merge pull request #104 from darryl-chan/tag-accept-space","messageBody":"Update tag validation regex to accept space bar","fileTypesAndContributionMap":{}},{"hash":"5703b7e5ec8b9415835ed7f7eeec06e16288bab4","isMergeCommit":false,"messageTitle":"Update UserGuide and EditCommand message_usage","messageBody":"","fileTypesAndContributionMap":{"functional-code":{"insertions":8,"deletions":4},"docs":{"insertions":10,"deletions":7}}},{"hash":"a663896dc814f5b571908f902b7745046191aa80","isMergeCommit":true,"messageTitle":"Merge pull request #105 from darryl-chan/update-user-guide-for-1.2","messageBody":"Update details in UserGuide.md","fileTypesAndContributionMap":{}},{"hash":"80d8e011a3e69ff9df3049702239a90dc3c2a81c","isMergeCommit":false,"messageTitle":"Update buid.gradle and version numbers","messageBody":"","tags":["v1.2"],"fileTypesAndContributionMap":{"functional-code":{"insertions":1,"deletions":1},"other":{"insertions":4,"deletions":1}}},{"hash":"c0015595c1f7915116adef53e4686a093e69b291","isMergeCommit":true,"messageTitle":"Merge pull request #108 from jeremiahlzz/update-release-v1.2","messageBody":"Update buid.gradle and version numbers","tags":["v1.3(trial)"],"fileTypesAndContributionMap":{}}]},{"date":"2024-03-30","commitResults":[{"hash":"3beb86e327214edb79b29d60527ca7d68517503c","isMergeCommit":false,"messageTitle":"Fix find command to disallow timetable prefix","messageBody":"","fileTypesAndContributionMap":{"functional-code":{"insertions":12,"deletions":30}}}]},{"date":"2024-03-31","commitResults":[{"hash":"be32ebfe1c4db828eb737e012ec719edb0c7e778","isMergeCommit":false,"messageTitle":"Add copy command","messageBody":"","fileTypesAndContributionMap":{"functional-code":{"insertions":164,"deletions":9}}},{"hash":"cf10c3b8c09ed0f25dbe5d286939d3b86c4c06c6","isMergeCommit":false,"messageTitle":"Fix add command mesage usage","messageBody":"","fileTypesAndContributionMap":{"functional-code":{"insertions":1,"deletions":1}}},{"hash":"b26eaf0832845c3ef4f59ad3bc9efb18bb9580f0","isMergeCommit":false,"messageTitle":"Fix minor warnings and add invalid link test","messageBody":"","fileTypesAndContributionMap":{"functional-code":{"insertions":7,"deletions":5},"test-code":{"insertions":16,"deletions":6}}},{"hash":"f330d3f974b4dd83c53d29d356b6f28d6fccae60","isMergeCommit":false,"messageTitle":"Fix bug where copy does not search the whole list","messageBody":"","fileTypesAndContributionMap":{"functional-code":{"insertions":9,"deletions":16}}},{"hash":"dd829bc3be1110b08d704593e115319cda532a3d","isMergeCommit":false,"messageTitle":"Fix add command prefix check bug","messageBody":"","fileTypesAndContributionMap":{"functional-code":{"insertions":5,"deletions":1}}},{"hash":"35462beb5bce3378507cd1ce40e019dcd2d54ec6","isMergeCommit":false,"messageTitle":"Add basic test cases for copy command","messageBody":"","fileTypesAndContributionMap":{"functional-code":{"insertions":30,"deletions":7},"test-code":{"insertions":100,"deletions":1}}}]},{"date":"2024-04-01","commitResults":[{"hash":"41a56e4b1f0e2a1eec9c53bab5bf4ca242946d47","isMergeCommit":false,"messageTitle":"Add CopyCommandParserTest","messageBody":"","fileTypesAndContributionMap":{"functional-code":{"insertions":5,"deletions":0},"test-code":{"insertions":65,"deletions":0}}},{"hash":"b5fe324bb54f31a6782e8244249fb9e5d8208873","isMergeCommit":true,"messageTitle":"Merge pull request #138 from marclamp/branch-UgUpdate","messageBody":"Remove Link Command from UG, fix typos","fileTypesAndContributionMap":{}}]},{"date":"2024-04-02","commitResults":[{"hash":"40ee05b4a1881cd20a8e1f520906ab8ad9a8c992","isMergeCommit":false,"messageTitle":"Update README.md site links to actual site","messageBody":"","fileTypesAndContributionMap":{"docs":{"insertions":4,"deletions":4}}},{"hash":"227c047d1f1c07e235c5c60bfda8898bea7602b5","isMergeCommit":false,"messageTitle":"Update UG for copy command and minor reformatting","messageBody":"","fileTypesAndContributionMap":{"docs":{"insertions":49,"deletions":24}}},{"hash":"4c7bb9c60b809b08ba54cc96ca979cdb47a9e721","isMergeCommit":false,"messageTitle":"Add image border to copyToGmail.png in UG","messageBody":"","fileTypesAndContributionMap":{"docs":{"insertions":1,"deletions":1}}},{"hash":"61c4f3906ddb63df6f77e5270871a6bab69e90d4","isMergeCommit":false,"messageTitle":"Update command summary add command","messageBody":"","fileTypesAndContributionMap":{"docs":{"insertions":1,"deletions":1}}},{"hash":"4a3e0eed9a01de3d9d4e89cacdbb4b9fe99330b1","isMergeCommit":false,"messageTitle":"Update copy command description to be simple","messageBody":"","fileTypesAndContributionMap":{"docs":{"insertions":1,"deletions":4}}}]}],"matthewken19":[{"date":"2024-03-07","commitResults":[{"hash":"5856df47787d60b83967479a36c958ce8a265857","isMergeCommit":false,"messageTitle":"Add Matthew Ken\u0027s profile to AboutUs page and the corresponding image and markdown file","messageBody":"","fileTypesAndContributionMap":{"docs":{"insertions":6,"deletions":6}}},{"hash":"3fcc28b88cb75b0b08428233b24b945953b5015a","isMergeCommit":false,"messageTitle":"Refactor the names for Matthew Ken\u0027s markdown file and image to match github profile","messageBody":"","fileTypesAndContributionMap":{"docs":{"insertions":0,"deletions":0}}},{"hash":"132e3a55af92e0149693035f4d333dd05e42f631","isMergeCommit":false,"messageTitle":"Change team markdown file to match EduConnect project from previous AB3 project description","messageBody":"","fileTypesAndContributionMap":{"docs":{"insertions":10,"deletions":8}}},{"hash":"7d18070a57d7084b2b7f2b76e970f3ab2fd106e8","isMergeCommit":false,"messageTitle":"Remove trailing white space in DeveloperGuide.md","messageBody":"","fileTypesAndContributionMap":{"docs":{"insertions":1,"deletions":1}}},{"hash":"b9fc79cf3e0cb3e56887f384c7ca1777bcca7f0a","isMergeCommit":false,"messageTitle":"Add newline at EOF for matthewken19.md","messageBody":"","fileTypesAndContributionMap":{"docs":{"insertions":2,"deletions":1}}},{"hash":"8e91da2f71a4bcf17c1c6c44f9dc88e97192138c","isMergeCommit":false,"messageTitle":"Update image name reference for matthewken19","messageBody":"","fileTypesAndContributionMap":{"docs":{"insertions":2,"deletions":2}}}]},{"date":"2024-03-14","commitResults":[{"hash":"bb0e8b1179d02424d113ac281e95563822d2a78b","isMergeCommit":false,"messageTitle":"Add image for find then delete feature","messageBody":"","fileTypesAndContributionMap":{"docs":{"insertions":2,"deletions":1}}}]},{"date":"2024-03-19","commitResults":[{"hash":"20e439ce7b5c6eefdb8f80245e9aa17cc7c8a627","isMergeCommit":false,"messageTitle":"Add new TagContainsKeywordPredicate class and refactor predicate classes to their own package","messageBody":"","fileTypesAndContributionMap":{"functional-code":{"insertions":58,"deletions":15},"other":{"insertions":3,"deletions":2},"test-code":{"insertions":12,"deletions":10}}},{"hash":"be6dc54f66934247e811fa46ae04a806041c2791","isMergeCommit":false,"messageTitle":"Add predicate classes for other student attributes","messageBody":"","fileTypesAndContributionMap":{"functional-code":{"insertions":177,"deletions":14}}},{"hash":"b1d5e620cc1ec63afbfd76bcec493c72dba12752","isMergeCommit":false,"messageTitle":"Refactor predicate names to be uniform with the other predicate classes","messageBody":"","fileTypesAndContributionMap":{"other":{"insertions":12,"deletions":12}}},{"hash":"7a56c841e10a117e657ccb0950f38ee7a54d3916","isMergeCommit":false,"messageTitle":"Update updateFilteredStudentList method to accept a collection of predicates instead of a single predicate","messageBody":"","fileTypesAndContributionMap":{"functional-code":{"insertions":13,"deletions":5}}},{"hash":"eb71a4db16c671b1ae85e8f80d3889fce6579514","isMergeCommit":false,"messageTitle":"Update FindCommand to support multiple criteria in filtering the students","messageBody":"","fileTypesAndContributionMap":{"functional-code":{"insertions":30,"deletions":23}}},{"hash":"99d013cf22919e887c3fc5c276b727ab328d9dea","isMergeCommit":false,"messageTitle":"Fix the bug where empty description and multiple values for single-valued fields are allowed","messageBody":"","fileTypesAndContributionMap":{"functional-code":{"insertions":10,"deletions":4}}},{"hash":"6b4e984dd38ddaae59c6f18c1fbdbd42058fab9b","isMergeCommit":false,"messageTitle":"Update the test classes with regard to the change in parameter for updateFilteredStudentList method in ModelManager class","messageBody":"","fileTypesAndContributionMap":{"functional-code":{"insertions":0,"deletions":3},"test-code":{"insertions":20,"deletions":13}}},{"hash":"9127e2a1e46a7fd3fbc3e9259303f14d33848193","isMergeCommit":true,"messageTitle":"Merge branch \u0027master\u0027 into branch-sort","messageBody":"","fileTypesAndContributionMap":{}},{"hash":"b04c683b39481b87f15174fbcb03bf576f073e6e","isMergeCommit":false,"messageTitle":"Update the import statement with respect to the refactoring of the Tag class","messageBody":"","fileTypesAndContributionMap":{"functional-code":{"insertions":1,"deletions":1}}},{"hash":"6c603a4d66c3d7fcc99f9cb9073154e4772be321","isMergeCommit":false,"messageTitle":"Update to match checkstyle standard","messageBody":"","fileTypesAndContributionMap":{"functional-code":{"insertions":30,"deletions":19}}},{"hash":"f0dedded2c6d0b6a980798d09b3b49f48b9c5143","isMergeCommit":false,"messageTitle":"Update checkstyle","messageBody":"","fileTypesAndContributionMap":{"functional-code":{"insertions":1,"deletions":3}}},{"hash":"2f6ba6ab674441adaced56da1f0c59e8742b08b2","isMergeCommit":false,"messageTitle":"Update checkstyle for test classes","messageBody":"","fileTypesAndContributionMap":{"other":{"insertions":2,"deletions":2},"test-code":{"insertions":14,"deletions":10}}},{"hash":"581ea93a14c43244e87929df13137bc35eb02d90","isMergeCommit":false,"messageTitle":"Update test classes","messageBody":"","fileTypesAndContributionMap":{"functional-code":{"insertions":6,"deletions":2},"test-code":{"insertions":8,"deletions":5}}},{"hash":"5a0bbc4a86c081c3e964ba3e3a28bdd47a927466","isMergeCommit":false,"messageTitle":"Update test","messageBody":"","fileTypesAndContributionMap":{"test-code":{"insertions":1,"deletions":1}}}]},{"date":"2024-03-21","commitResults":[{"hash":"5d427edd3ebce55935ddd629f85ef165628441f0","isMergeCommit":false,"messageTitle":"Add UML file for FindSequenceDiagram","messageBody":"","fileTypesAndContributionMap":{"docs":{"insertions":113,"deletions":0}}},{"hash":"f9bce8ed313b19a0e1d83037c54dcd6a5281d5b9","isMergeCommit":true,"messageTitle":"Merge pull request #100 from fy17ohhh/branch-UI-UG","messageBody":"Update UI, UG, and README","fileTypesAndContributionMap":{}},{"hash":"c3b9b46fc7fb627cd0517de5d5814fd88017e9b1","isMergeCommit":false,"messageTitle":"Update the find command for UG","messageBody":"","fileTypesAndContributionMap":{"docs":{"insertions":16,"deletions":7}}}]},{"date":"2024-03-28","commitResults":[{"hash":"1c563f4aaa53d054b884c5c7136e20cfb2c6ff3c","isMergeCommit":true,"messageTitle":"Merge pull request #129 from fy17ohhh/branch-update-list-command-2","messageBody":"Update list command with option to list timetable","fileTypesAndContributionMap":{}},{"hash":"40e5020d6e85b5f3c2df9be0ca70a221e9f52483","isMergeCommit":true,"messageTitle":"Merge pull request #132 from tanjiajiajun/branch-UpdateDG","messageBody":"Update DG on student link","fileTypesAndContributionMap":{}}]}]},"authorFileTypeContributionMap":{"darryl-chan":{"docs":94,"functional-code":800,"test-code":799,"other":4},"fy17ohhh":{"docs":194,"functional-code":482,"test-code":343,"other":1},"marclamp":{"docs":417,"functional-code":1633,"test-code":1624},"tanjiajiajun":{"docs":218,"functional-code":171,"test-code":97},"jeremiahlzz":{"docs":148,"functional-code":688,"test-code":973,"other":4},"matthewken19":{"docs":141,"functional-code":259,"test-code":43}},"authorContributionVariance":{"darryl-chan":54818.043,"fy17ohhh":273960.56,"marclamp":85487.91,"tanjiajiajun":18881.906,"jeremiahlzz":181490.14,"matthewken19":7345.023},"authorDisplayNameMap":{"darryl-chan":"CS2103-T14-1 DARR..CHAN","fy17ohhh":"CS2103-T14-1 SHAN..YANG","marclamp":"CS2103-T14-1 LAM ..RCUS","tanjiajiajun":"CS2103-T14-1 TAN .. JUN","jeremiahlzz":"CS2103-T14-1 JERE..HONG","matthewken19":"CS2103-T14-1 MATT.. KEN"}}
