{"authorDailyContributionsMap":{"darryl-chan":[{"date":"2024-03-02","commitResults":[{"hash":"4fb4f902fd5a1da1faecba6bb540c6b064cc4119","isMergeCommit":false,"messageTitle":"Update aboutUs.md darrylchan","messageBody":"","fileTypesAndContributionMap":{"docs":{"insertions":49,"deletions":3}}},{"hash":"2807c53e7bd1b85f9459080d09b8c67992a1ce2c","isMergeCommit":false,"messageTitle":"Rename aboutUs.md for darryl-chan","messageBody":"","fileTypesAndContributionMap":{"docs":{"insertions":3,"deletions":3}}},{"hash":"f95375f77722a330c3fdc0293e4b20b743b1d537","isMergeCommit":false,"messageTitle":"Update aboutUs.md for darryl-chan","messageBody":"","fileTypesAndContributionMap":{"docs":{"insertions":4,"deletions":5}}},{"hash":"b4248f39eee2e7951700619b8a863c1eec3d4788","isMergeCommit":false,"messageTitle":"update gradle build","messageBody":"","fileTypesAndContributionMap":{"docs":{"insertions":1,"deletions":1}}},{"hash":"c6c53d188b44b726e717c13efd4f73473b4e8f4c","isMergeCommit":true,"messageTitle":"Merge pull request #17 from tanjiajiajun/master","messageBody":"Update DG","fileTypesAndContributionMap":{}},{"hash":"87d55521018bef219a013e175ce7e46a6f791108","isMergeCommit":true,"messageTitle":"Merge branch \u0027master\u0027 of https://github.com/AY2324S2-CS2103-T14-1/tp","messageBody":"","fileTypesAndContributionMap":{}},{"hash":"4cc5333d72d07f0a4d0d1e2e23e9e0123b97aa57","isMergeCommit":false,"messageTitle":"Add person info for student id and telegram handle, remove phone and address","messageBody":"","fileTypesAndContributionMap":{"functional-code":{"insertions":172,"deletions":132},"other":{"insertions":25,"deletions":24},"test-code":{"insertions":18,"deletions":12}}},{"hash":"ab2f2f7d5a16a3dfcc2c84eef4ac3d7c5cc516cb","isMergeCommit":false,"messageTitle":"Change test cases from phone, address to student id and telegram handle","messageBody":"","fileTypesAndContributionMap":{"functional-code":{"insertions":25,"deletions":38},"test-code":{"insertions":375,"deletions":354}}}]},{"date":"2024-03-03","commitResults":[{"hash":"cff9e0bbda85475519979e43cdda0edb92e43a08","isMergeCommit":true,"messageTitle":"Merge pull request #18 from fy17ohhh/branch-AboutUs","messageBody":"Add profile to AboutUs Page","fileTypesAndContributionMap":{}},{"hash":"8bdc6a5247b8823b97a683a2c31338b7037b6641","isMergeCommit":true,"messageTitle":"merge conflicts","messageBody":"","fileTypesAndContributionMap":{}}]},{"date":"2024-03-04","commitResults":[{"hash":"d680bcb799c2c58b39bc0ada61aa0e30df2ad5ad","isMergeCommit":true,"messageTitle":"Merge pull request #21 from fy17ohhh/branch-AboutUs","messageBody":"Update Feiyang\u0027s portfolio url","fileTypesAndContributionMap":{}}]},{"date":"2024-03-05","commitResults":[{"hash":"d6882cfa19406e55403232079cc37f5c4f63b88d","isMergeCommit":true,"messageTitle":"Merge pull request #23 from marclamp/branch-Readme","messageBody":"Update README file to be in line with project","fileTypesAndContributionMap":{}},{"hash":"bd39433f610a152f01e390df2251d5029babb15c","isMergeCommit":true,"messageTitle":"Merge pull request #22 from marclamp/branch-AboutUs","messageBody":"Add Marcus to AboutUs.md","fileTypesAndContributionMap":{}},{"hash":"5639d1acaa61f32e7af7fcc9a6ab8dc66f7db4f0","isMergeCommit":false,"messageTitle":"Add aboutUs pictures","messageBody":"","fileTypesAndContributionMap":{"docs":{"insertions":91,"deletions":0}}},{"hash":"b3abf9982adb6378799c31ac4d0094ae44acd605","isMergeCommit":true,"messageTitle":"merge conflict aboutUs.md","messageBody":"","fileTypesAndContributionMap":{}},{"hash":"bf08efdc636a3670cb256f3d7ccc78b6da6e9d3b","isMergeCommit":false,"messageTitle":"Update aboutUs.md for darryl-chan","messageBody":"","fileTypesAndContributionMap":{"docs":{"insertions":1,"deletions":1}}},{"hash":"848d098bea7c865e62dee350e18e411459b1e131","isMergeCommit":true,"messageTitle":"Merge pull request #24 from darryl-chan/master","messageBody":"Update aboutUs.md for darryl-chan and portfolio","fileTypesAndContributionMap":{}},{"hash":"fdd16a83a5825224860e1bf4dc86a5f3cbf86695","isMergeCommit":true,"messageTitle":"merge conflict issues","messageBody":"","fileTypesAndContributionMap":{}}]},{"date":"2024-03-06","commitResults":[{"hash":"65aee1f506788d08fafb2ac2e79fe8bf64e5ff96","isMergeCommit":false,"messageTitle":"Fix NoClassDefError","messageBody":"","fileTypesAndContributionMap":{"test-code":{"insertions":1,"deletions":1}}}]},{"date":"2024-03-07","commitResults":[{"hash":"a29e04f109506affe1281c0560de82a2116e3a27","isMergeCommit":true,"messageTitle":"Merge pull request #31 from fy17ohhh/branch-README","messageBody":"Update Badge url","fileTypesAndContributionMap":{}},{"hash":"87d9eaea48722a4bc99f1b1cbf5b4c98ed94a2fa","isMergeCommit":true,"messageTitle":"Merge pull request #34 from fy17ohhh/branch-Documentation","messageBody":"Change package name and update UG","fileTypesAndContributionMap":{}},{"hash":"2377c643c760ba8ee389e84d2193562174dff157","isMergeCommit":false,"messageTitle":"Fix test-units and checkstyle","messageBody":"","fileTypesAndContributionMap":{"functional-code":{"insertions":6,"deletions":9},"test-code":{"insertions":7,"deletions":7}}},{"hash":"704c0ca5695bdb35d58ad706c478bcc73b7c1080","isMergeCommit":false,"messageTitle":"update aboutUs.md for darryl-chan","messageBody":"","tags":["v1.1"],"fileTypesAndContributionMap":{"docs":{"insertions":1,"deletions":1}}}]},{"date":"2024-03-08","commitResults":[{"hash":"cce5ab45376f69bc6a160de2a54226834a38bbc0","isMergeCommit":true,"messageTitle":"Move seedu.address to educonnect","messageBody":"","fileTypesAndContributionMap":{}}]},{"date":"2024-03-09","commitResults":[{"hash":"4bf74eae572318888eb016384b4f234e4a013961","isMergeCommit":false,"messageTitle":"create name capitalisation after every space","messageBody":"","fileTypesAndContributionMap":{"functional-code":{"insertions":24,"deletions":2}}},{"hash":"58da68bafda038b54f803b6d0986417f4fee79d8","isMergeCommit":false,"messageTitle":"Add capitalisation for student ID parser","messageBody":"","fileTypesAndContributionMap":{"functional-code":{"insertions":16,"deletions":2}}}]},{"date":"2024-03-12","commitResults":[{"hash":"1e152c2282f5feb717f682099b59f9d9bf5c51ac","isMergeCommit":true,"messageTitle":"Merge pull request #47 from jeremiahlzz/refactor-to-student","messageBody":"Refactor Person class to Student class","fileTypesAndContributionMap":{}},{"hash":"acfa5f355795ba72cbcfe766451a0d34ead6811b","isMergeCommit":false,"messageTitle":"Add able to be hyphenated","messageBody":"","fileTypesAndContributionMap":{"functional-code":{"insertions":21,"deletions":11}}},{"hash":"fb07a02f1d7cf71b0ca95aacf19a69976e510c76","isMergeCommit":false,"messageTitle":"fix checkstyle issue","messageBody":"","fileTypesAndContributionMap":{"functional-code":{"insertions":1,"deletions":2}}},{"hash":"9320870e28b2c48ab6c5f9ef7d614e1beace7838","isMergeCommit":false,"messageTitle":"Add find name by fuzzy matching","messageBody":"","fileTypesAndContributionMap":{"functional-code":{"insertions":45,"deletions":6}}},{"hash":"8bb10df702f4d151bf33af939400aea900e031b6","isMergeCommit":false,"messageTitle":"Fix unit tests for find command","messageBody":"","fileTypesAndContributionMap":{"functional-code":{"insertions":2,"deletions":22},"test-code":{"insertions":73,"deletions":58}}},{"hash":"0865a2899341c1335f162fe1ca3b98e95a73dbbe","isMergeCommit":true,"messageTitle":"Merge branch \u0027master\u0027 of https://github.com/AY2324S2-CS2103-T14-1/tp into find-fuzzy-command","messageBody":"","fileTypesAndContributionMap":{}}]},{"date":"2024-03-13","commitResults":[{"hash":"2044020445f8bf90b96b28a27c5c041a7c049c1a","isMergeCommit":true,"messageTitle":"Merge pull request #55 from fy17ohhh/branch-GUI","messageBody":"Update GUI title, background, and basic layout","fileTypesAndContributionMap":{}},{"hash":"619b4101d43f61ba5204a8d3a0831dd9aeb9fd38","isMergeCommit":false,"messageTitle":"Add rule such that students added must have a unique identifier","messageBody":"","fileTypesAndContributionMap":{"functional-code":{"insertions":212,"deletions":59},"test-code":{"insertions":220,"deletions":128}}},{"hash":"c1316b8ae94a07a6a7ae7871bf0cd218fecc6ba0","isMergeCommit":false,"messageTitle":"Fix SampleDataUtil.java duplicate ID","messageBody":"","fileTypesAndContributionMap":{"functional-code":{"insertions":1,"deletions":1}}},{"hash":"aeb45b34e2c95c10a8e5f93ff94194dc1a36d4d0","isMergeCommit":true,"messageTitle":"Merge pull request #57 from fy17ohhh/branch-GUI","messageBody":"Update styles for result display section","fileTypesAndContributionMap":{}},{"hash":"8a36fa2959149e46b7fbf3d0b398c6c0f90ec12d","isMergeCommit":true,"messageTitle":"Merge branch \u0027master\u0027 into no-duplicate-telegramhandle-studentid-email","messageBody":"","fileTypesAndContributionMap":{}}]},{"date":"2024-03-14","commitResults":[{"hash":"824eb81050a0f8d7cd9c85a3480f57028a87fa83","isMergeCommit":true,"messageTitle":"Merge pull request #59 from darryl-chan/no-duplicate-telegramhandle-studentid-email","messageBody":"No duplicate unique identifiers for students","fileTypesAndContributionMap":{}},{"hash":"7a8516b78f17d81cc03b25ae3e34e8b04981e45d","isMergeCommit":true,"messageTitle":"Merge pull request #60 from fy17ohhh/branch-GUI","messageBody":"Change display details of students and overall layout style","fileTypesAndContributionMap":{}},{"hash":"5e40d5e7cb6f6bc8e070b7bac7f99f7de0c33003","isMergeCommit":false,"messageTitle":"add function to delete by unique identifier","messageBody":"","fileTypesAndContributionMap":{"functional-code":{"insertions":295,"deletions":22},"test-code":{"insertions":34,"deletions":0}}},{"hash":"ac6abb4e07761fae444c249396648e88c154740a","isMergeCommit":false,"messageTitle":"Fix test unit cases","messageBody":"","fileTypesAndContributionMap":{"functional-code":{"insertions":35,"deletions":9},"test-code":{"insertions":139,"deletions":33}}},{"hash":"8d8867113f3ea742a6e45408aa33dc5ef1fbd85c","isMergeCommit":false,"messageTitle":"Fix checkstyle issues","messageBody":"","fileTypesAndContributionMap":{"functional-code":{"insertions":51,"deletions":36},"test-code":{"insertions":16,"deletions":13}}},{"hash":"5086aa4918c6d6f94945b516207b0f3e81a2a7f5","isMergeCommit":true,"messageTitle":"Merge pull request #77 from jeremiahlzz/update-userguide-deletecommand","messageBody":"Update delete command in UserGuide","fileTypesAndContributionMap":{}}]},{"date":"2024-03-18","commitResults":[{"hash":"4eb2c082842298b6c4c7cd8cf22f574e67e791f0","isMergeCommit":true,"messageTitle":"Merge pull request #78 from marclamp/branch-Timetable","messageBody":"Add Timetable tracking into Student","fileTypesAndContributionMap":{}},{"hash":"0d42990a6ef8d97e743a4d64f589e16fd65d07af","isMergeCommit":true,"messageTitle":"Merge pull request #87 from marclamp/branch-Timetable","messageBody":"Bug fix for SampleDataUtil typo","fileTypesAndContributionMap":{}}]},{"date":"2024-03-19","commitResults":[{"hash":"e885c749f95706378988fb1d613fda8620976eb7","isMergeCommit":true,"messageTitle":"Merge pull request #89 from tanjiajiajun/branch-UrlFeature","messageBody":"Branch url feature","fileTypesAndContributionMap":{}},{"hash":"93f99f7caaf94cd4d3a27c7f231a0103912eb441","isMergeCommit":true,"messageTitle":"Merge pull request #90 from marclamp/branch-UpdateUml","messageBody":"Update UML diagrams and respective DG sections to match","fileTypesAndContributionMap":{}},{"hash":"88f4c037c7cee8bb64733ddc1d875574e6b2d481","isMergeCommit":true,"messageTitle":"Merge pull request #91 from fy17ohhh/branch-GUI-sizing-and-index","messageBody":"Update GUI","fileTypesAndContributionMap":{}}]}],"fy17ohhh":[{"date":"2024-03-02","commitResults":[{"hash":"167471f20167774fa54e946b4635e48b20487408","isMergeCommit":false,"messageTitle":"Add profile to AboutUs Page","messageBody":"","fileTypesAndContributionMap":{"docs":{"insertions":49,"deletions":6}}}]},{"date":"2024-03-04","commitResults":[{"hash":"0c84372817b07a7738cea3815b7d2d249ec4a114","isMergeCommit":false,"messageTitle":"Update Feiyang\u0027s portfolio url","messageBody":"","fileTypesAndContributionMap":{"docs":{"insertions":1,"deletions":1}}}]},{"date":"2024-03-07","commitResults":[{"hash":"250a9f11ac258e4fc79d366f179ea0710d58dbc0","isMergeCommit":false,"messageTitle":"Update CI link","messageBody":"","fileTypesAndContributionMap":{"docs":{"insertions":1,"deletions":1}}},{"hash":"7addf9a8a5fa64d93753fa53bedc7703776b0b15","isMergeCommit":false,"messageTitle":"Remove trailing spaces in README","messageBody":"","fileTypesAndContributionMap":{"docs":{"insertions":3,"deletions":3}}},{"hash":"3b22fc579a69f1e2bc931dba90c7fd01166f4fa5","isMergeCommit":false,"messageTitle":"Update CI badge","messageBody":"","fileTypesAndContributionMap":{"docs":{"insertions":2,"deletions":2}}},{"hash":"2278264763eae9ddc0d196494db8a1c419553944","isMergeCommit":false,"messageTitle":"Remove trailing spaces","messageBody":"","fileTypesAndContributionMap":{"docs":{"insertions":1,"deletions":1}}},{"hash":"37c8c410c7c855573ffc840ae807625616157005","isMergeCommit":false,"messageTitle":"Add newline at EOF","messageBody":"","fileTypesAndContributionMap":{"docs":{"insertions":1,"deletions":1}}},{"hash":"ed522b4abbdf721153253e682a038e284bc6cadf","isMergeCommit":false,"messageTitle":"Update Badge url","messageBody":"","fileTypesAndContributionMap":{"docs":{"insertions":1,"deletions":1}}},{"hash":"c31aa782855496cee50a32d0dcf478dff882b5ba","isMergeCommit":false,"messageTitle":"Rename packages","messageBody":"","fileTypesAndContributionMap":{"other":{"insertions":852,"deletions":842},"test-code":{"insertions":605,"deletions":657}}},{"hash":"85073be11b8bd7fd01c249860422d773a64682a9","isMergeCommit":false,"messageTitle":"Update UG and rename packages","messageBody":"","fileTypesAndContributionMap":{"docs":{"insertions":19,"deletions":19},"test-code":{"insertions":3,"deletions":3}}},{"hash":"a9e19fa19d7101c1fb84859f3e7190e3d486780f","isMergeCommit":false,"messageTitle":"Update to meet coding standards","messageBody":"","fileTypesAndContributionMap":{"functional-code":{"insertions":28,"deletions":40},"other":{"insertions":2,"deletions":2},"test-code":{"insertions":173,"deletions":132}}},{"hash":"b61e666cb8712c8002e33ac6384ca30ed218f6c0","isMergeCommit":true,"messageTitle":"Merge pull request #35 from tanjiajiajun/master","messageBody":"Add product scope and changed AB-3 to EduConnect","fileTypesAndContributionMap":{}},{"hash":"7ce1aecec02bc4a60e2d8746d9dbfa482e28248f","isMergeCommit":true,"messageTitle":"Merge pull request #36 from matthewken19/Update_AboutUs_Page","messageBody":"Update AboutUs page for matthewken19","fileTypesAndContributionMap":{}},{"hash":"acadb045a9bd826f762f5c625693f6f4e2ea3f37","isMergeCommit":true,"messageTitle":"Merge pull request #38 from matthewken19/Update_AboutUs_Page","messageBody":"Update image name reference for matthewken19","fileTypesAndContributionMap":{}}]},{"date":"2024-03-12","commitResults":[{"hash":"697a38e15b5c57193f52b91de5be49938df04cb3","isMergeCommit":true,"messageTitle":"Merge pull request #53 from darryl-chan/find-fuzzy-command","messageBody":"Find fuzzy command","fileTypesAndContributionMap":{}}]},{"date":"2024-03-13","commitResults":[{"hash":"020c791f988bffaffdede8af3f5a2ea4cda62f2c","isMergeCommit":false,"messageTitle":"Update GUI title, background, and basic layout","messageBody":"","fileTypesAndContributionMap":{"functional-code":{"insertions":40,"deletions":38}}},{"hash":"305e2f0eb9fdf6c50ed6679958a1581c87354efd","isMergeCommit":true,"messageTitle":"Merge branch \u0027master\u0027 into branch-GUI","messageBody":"","fileTypesAndContributionMap":{}},{"hash":"68af3e7d61a1ebfaad96e73814b2f1a2980aab97","isMergeCommit":false,"messageTitle":"Update result text color and disable horizontal scroll","messageBody":"","fileTypesAndContributionMap":{"functional-code":{"insertions":10,"deletions":11}}},{"hash":"b4e2a57129a5c39b3050d7d557698e7460ae6100","isMergeCommit":false,"messageTitle":"Undo change for xmlns","messageBody":"","fileTypesAndContributionMap":{"functional-code":{"insertions":1,"deletions":1}}},{"hash":"30a4586c1414c77e2c01aa867d9bb145e52bbfe8","isMergeCommit":false,"messageTitle":"Undo change for xmlns","messageBody":"","fileTypesAndContributionMap":{"functional-code":{"insertions":1,"deletions":1}}},{"hash":"d9f5151074e21ae5af382eab95bce47e3ead56b6","isMergeCommit":false,"messageTitle":"Change shape, add spacing for student cards, command box, and result display","messageBody":"","fileTypesAndContributionMap":{"functional-code":{"insertions":39,"deletions":50}}}]},{"date":"2024-03-14","commitResults":[{"hash":"ff55c96cd6bfed8cee95111b8f5a8e31db3e9269","isMergeCommit":false,"messageTitle":"Fix resultDisplay stackPane background shape bug and change tag color","messageBody":"","fileTypesAndContributionMap":{"functional-code":{"insertions":22,"deletions":19}}},{"hash":"cf189ab3aed838fc54058b85dd9ae2a4b13e1ecb","isMergeCommit":false,"messageTitle":"Fix empty cell color bug","messageBody":"","fileTypesAndContributionMap":{"functional-code":{"insertions":1,"deletions":1}}},{"hash":"e6f9345d38fb7cf8ae5e1c3e2e898b1486c796c0","isMergeCommit":false,"messageTitle":"Update UI images in User Guide","messageBody":"","fileTypesAndContributionMap":{"docs":{"insertions":1,"deletions":1}}},{"hash":"cef58eee31c26dae4c5fc40f329fd9e86b2ce0a6","isMergeCommit":true,"messageTitle":"Merge branch \u0027master\u0027 into branch-Documentation update branch","messageBody":"","fileTypesAndContributionMap":{}},{"hash":"f5e223453a3fe5deafd42645257657b2b720142a","isMergeCommit":false,"messageTitle":"Add lines to improve readability of invalid add command","messageBody":"","fileTypesAndContributionMap":{"functional-code":{"insertions":3,"deletions":3}}},{"hash":"1d781566c509ff1712722a65d04b4ce2dbf81851","isMergeCommit":false,"messageTitle":"Change AB-3 related keywords into EduConnect and update quick start in UG","messageBody":"","fileTypesAndContributionMap":{"docs":{"insertions":14,"deletions":16}}},{"hash":"8eeb9a8b3ef03327068d53535eadaf5dac34bf33","isMergeCommit":true,"messageTitle":"Merge pull request #68 from tanjiajiajun/UGFindCommand","messageBody":"Update UG for find command","fileTypesAndContributionMap":{}},{"hash":"8ba53bedbfd66d1b01dc69b6522017a17a60f4bd","isMergeCommit":true,"messageTitle":"Merge branch \u0027fy17ohhh-branch-Documentation\u0027 Update Documentation","messageBody":"","fileTypesAndContributionMap":{}},{"hash":"03d5dd89bbd803ed5d5346aac37600f3c62bfb7a","isMergeCommit":true,"messageTitle":"Update UI images","messageBody":"","fileTypesAndContributionMap":{}},{"hash":"48c73e88185437376883fa55296efdfef902031e","isMergeCommit":true,"messageTitle":"Merge branch \u0027branch-Documentation\u0027 of github.com:fy17ohhh/tp into branch-Documentation Update UI images","messageBody":"","fileTypesAndContributionMap":{}}]},{"date":"2024-03-18","commitResults":[{"hash":"613b6d067d251e3db9f02674912680152c2ec809","isMergeCommit":false,"messageTitle":"Add index back to student cards","messageBody":"","fileTypesAndContributionMap":{"functional-code":{"insertions":9,"deletions":1}}},{"hash":"ce26f9fb4512ae86b9853cff74ae6d5c61c79f1e","isMergeCommit":false,"messageTitle":"Resize resultDisplay and StudentListPanel dynamically","messageBody":"","fileTypesAndContributionMap":{"functional-code":{"insertions":3,"deletions":4}}}]},{"date":"2024-03-20","commitResults":[{"hash":"c5c8e4adb087643a3fa179813149f2262946cd56","isMergeCommit":false,"messageTitle":"Update Storage Class Diagram","messageBody":"","fileTypesAndContributionMap":{"docs":{"insertions":3,"deletions":3}}}]}],"marclamp":[{"date":"2024-03-05","commitResults":[{"hash":"8b18862446ae9e68137097a50dc346af0520625c","isMergeCommit":false,"messageTitle":"Add Marcus to AboutUs.md","messageBody":"","fileTypesAndContributionMap":{"docs":{"insertions":53,"deletions":5}}},{"hash":"60da0cc271e7c586c06e5d96c0c2591413baf263","isMergeCommit":false,"messageTitle":"Resolve no newline at EOF for marcuslam.md","messageBody":"","fileTypesAndContributionMap":{"docs":{"insertions":1,"deletions":1}}},{"hash":"7e36fe47852b11c982f0b258cafe76c5f657d96d","isMergeCommit":false,"messageTitle":"Update README file to be in line with project","messageBody":"","fileTypesAndContributionMap":{"docs":{"insertions":22,"deletions":10}}},{"hash":"2b2dcf34c94fe16ece3c9187da40017de4324fa2","isMergeCommit":false,"messageTitle":"Updated Help Message to be slightly more informative","messageBody":"","fileTypesAndContributionMap":{"functional-code":{"insertions":11,"deletions":2}}}]},{"date":"2024-03-07","commitResults":[{"hash":"b72e4ca9e4e6342fdd3d6e038c975cac29e06c09","isMergeCommit":true,"messageTitle":"Merge branch \u0027branch-BetterHelpMessage\u0027 of https://github.com/marclamp/tp into branch-BetterHelpMessage","messageBody":"","fileTypesAndContributionMap":{}}]},{"date":"2024-03-14","commitResults":[{"hash":"f71241bf15f5d614ed9c2b21d2db941cc8fe00e5","isMergeCommit":false,"messageTitle":"Add Timetable as a potential additional Student detail. Missing integrated support to Student class.","messageBody":"","fileTypesAndContributionMap":{"functional-code":{"insertions":223,"deletions":0},"test-code":{"insertions":199,"deletions":0}}},{"hash":"c847c5beeca10061d2009d7c1c15629a4263dffc","isMergeCommit":true,"messageTitle":"Merge branch \u0027AY2324S2-CS2103-T14-1:master\u0027 into branch-Timetable","messageBody":"","fileTypesAndContributionMap":{}},{"hash":"c26b73b3d77b46b09e09ec865ec83352a38ad75e","isMergeCommit":false,"messageTitle":"Fix naming issues after transition from phone and address to student id and telegram handle","messageBody":"","fileTypesAndContributionMap":{"functional-code":{"insertions":14,"deletions":16},"test-code":{"insertions":12,"deletions":12}}},{"hash":"18dd7db6b9e351bd83d94d68af6d36a195791ae6","isMergeCommit":false,"messageTitle":"Fix naming issues after transition from phone and address to student id and telegram handle","messageBody":"","fileTypesAndContributionMap":{"functional-code":{"insertions":14,"deletions":16},"test-code":{"insertions":12,"deletions":12}}},{"hash":"b838a4da1c97dcccc27c99f5c56808648c6408d9","isMergeCommit":true,"messageTitle":"Merge branch \u0027branch-JavaDocsUpdate\u0027 of https://github.com/marclamp/tp into branch-JavaDocsUpdate","messageBody":"","fileTypesAndContributionMap":{}},{"hash":"262b08be3813ea6c983db9f33679880153730830","isMergeCommit":true,"messageTitle":"Merge branch \u0027branch-JavaDocsUpdate\u0027 of https://github.com/marclamp/tp into branch-JavaDocsUpdate","messageBody":"","fileTypesAndContributionMap":{}},{"hash":"634fbb8037cc85bbbf84330f411d5dac78ce6b84","isMergeCommit":false,"messageTitle":"Remove unused code","messageBody":"","fileTypesAndContributionMap":{"functional-code":{"insertions":0,"deletions":2}}},{"hash":"c75dcc2843c1069603a67b805f0d9764866dc184","isMergeCommit":false,"messageTitle":"Remove unused code","messageBody":"","fileTypesAndContributionMap":{"test-code":{"insertions":0,"deletions":2}}},{"hash":"e16368be74677ea518311132b9d39a7d95245498","isMergeCommit":true,"messageTitle":"Merge branch \u0027master\u0027 into branch-JavaDocsUpdate","messageBody":"","fileTypesAndContributionMap":{}},{"hash":"b6473a0c66294433c71a3ad44a5a4f9db26d8504","isMergeCommit":true,"messageTitle":"Merge pull request #61 from marclamp/branch-JavaDocsUpdate","messageBody":"Fix naming issues after transition ","fileTypesAndContributionMap":{}},{"hash":"ee00732343aa9cfad05e5a2687283a51cd185df7","isMergeCommit":true,"messageTitle":"Merge branch \u0027branch-BetterHelpMessage\u0027 of https://github.com/marclamp/tp into branch-BetterHelpMessage","messageBody":"","fileTypesAndContributionMap":{}},{"hash":"22f9a4432053b35a53a1c9f9c7fb5a1041ca0a01","isMergeCommit":false,"messageTitle":"Edit naming of variables to fit coding standard","messageBody":"","fileTypesAndContributionMap":{"functional-code":{"insertions":3,"deletions":3}}},{"hash":"ac1e6526f0452533c4b30f2a19a5593f15c0cc1f","isMergeCommit":true,"messageTitle":"Merge pull request #75 from marclamp/branch-BetterHelpMessage","messageBody":"Branch better help message","fileTypesAndContributionMap":{}}]},{"date":"2024-03-15","commitResults":[{"hash":"09acd434506e06e0060f049c37af49dc8d0361cc","isMergeCommit":true,"messageTitle":"Merge branch \u0027AY2324S2-CS2103-T14-1:master\u0027 into branch-Timetable","messageBody":"","fileTypesAndContributionMap":{}},{"hash":"59801d754cdffa09ca67f1cb9ef10cd949e3f57a","isMergeCommit":true,"messageTitle":"Merge branch \u0027branch-Timetable\u0027 of https://github.com/marclamp/tp into branch-Timetable","messageBody":"","fileTypesAndContributionMap":{}},{"hash":"1a6666d073f692580f5d669e238050fa93aba270","isMergeCommit":false,"messageTitle":"Add parser support for Timetable, missing Timetable parser support for Commands","messageBody":"","fileTypesAndContributionMap":{"functional-code":{"insertions":157,"deletions":10},"test-code":{"insertions":259,"deletions":5}}},{"hash":"e155a2daf4b033fb6185d3ac47cadaba0cdcc8c2","isMergeCommit":false,"messageTitle":"Fix all checkstyle issues","messageBody":"","fileTypesAndContributionMap":{"functional-code":{"insertions":91,"deletions":15},"test-code":{"insertions":118,"deletions":66}}}]},{"date":"2024-03-16","commitResults":[{"hash":"8caee18454a3764698645725b433a7b7390a1fd3","isMergeCommit":false,"messageTitle":"Improve JUnit tests","messageBody":"","fileTypesAndContributionMap":{"functional-code":{"insertions":3,"deletions":2},"test-code":{"insertions":44,"deletions":28}}}]},{"date":"2024-03-17","commitResults":[{"hash":"980bd5cd64380c00f3f27db6f48c44aa52444d4c","isMergeCommit":false,"messageTitle":"Update AddCommand, AddCommandParser, and its respective tests","messageBody":"","fileTypesAndContributionMap":{"functional-code":{"insertions":121,"deletions":27},"test-code":{"insertions":102,"deletions":30}}},{"hash":"ed82c7cb70113b1ab9f282345e8b0a912ed8fc42","isMergeCommit":false,"messageTitle":"Fix JSON Serialization and respective JUnit tests","messageBody":"","fileTypesAndContributionMap":{"functional-code":{"insertions":37,"deletions":5},"test-code":{"insertions":33,"deletions":33}}},{"hash":"9319f4eba56caeb250609fccac7b5abefcc52d22","isMergeCommit":false,"messageTitle":"Fix checkstyle for all files","messageBody":"","fileTypesAndContributionMap":{"functional-code":{"insertions":9,"deletions":9},"test-code":{"insertions":11,"deletions":11}}},{"hash":"58376b7b0fa77d5c964f9de566a9f37dd0278f43","isMergeCommit":false,"messageTitle":"Update Edit functionality and tests","messageBody":"","fileTypesAndContributionMap":{"functional-code":{"insertions":90,"deletions":11},"test-code":{"insertions":121,"deletions":41}}},{"hash":"7f75bf980be0f1f1ea7fddd37107fe55e250b722","isMergeCommit":false,"messageTitle":"Update GUI to display Timetable","messageBody":"","fileTypesAndContributionMap":{"functional-code":{"insertions":18,"deletions":9}}},{"hash":"bd7ae0630efa7c3c2d05d3f4a7852cc39a764d54","isMergeCommit":false,"messageTitle":"Fix checkstyle","messageBody":"","fileTypesAndContributionMap":{"functional-code":{"insertions":40,"deletions":7},"test-code":{"insertions":5,"deletions":5}}},{"hash":"29c98252df0bdeb06e3af3b25999ee8c9f074c5a","isMergeCommit":false,"messageTitle":"Update UserGuide.md with Timetable support","messageBody":"","fileTypesAndContributionMap":{"docs":{"insertions":12,"deletions":5}}},{"hash":"64e4a42ea873236a0cafe50802c463b1c6aa193e","isMergeCommit":false,"messageTitle":"Update AboutUs","messageBody":"","fileTypesAndContributionMap":{"docs":{"insertions":3,"deletions":3}}},{"hash":"de61be96a4115d0b89196b8a5286dcf87c18fa1a","isMergeCommit":false,"messageTitle":"Update AboutUs","messageBody":"","fileTypesAndContributionMap":{"docs":{"insertions":4,"deletions":4}}},{"hash":"99b8899e94d8ddfd73d62f0df5745f0082970637","isMergeCommit":true,"messageTitle":"Merge branch \u0027branch-AboutUs\u0027 of https://github.com/marclamp/tp into branch-AboutUs","messageBody":"","fileTypesAndContributionMap":{}},{"hash":"abdb882fdcc7a8f7833b49af82db4ae59943edc7","isMergeCommit":true,"messageTitle":"Merge pull request #80 from marclamp/branch-AboutUs","messageBody":"Update AboutUs","fileTypesAndContributionMap":{}}]},{"date":"2024-03-18","commitResults":[{"hash":"96503f8f5a7a214f4db616f51402d7811cdb7cd1","isMergeCommit":false,"messageTitle":"Bug fix for SampleDataUtil typo","messageBody":"","fileTypesAndContributionMap":{"functional-code":{"insertions":1,"deletions":1}}},{"hash":"7b9abfc49774943f4bc4e8d9bd3075398dfe5abe","isMergeCommit":false,"messageTitle":"Update UML diagrams and respective DG sections to match","messageBody":"","fileTypesAndContributionMap":{"docs":{"insertions":188,"deletions":0}}},{"hash":"e25a822ecbb1f6ce3a536c48d8965d4a08de6246","isMergeCommit":false,"messageTitle":"Fix naming issues","messageBody":"","fileTypesAndContributionMap":{"docs":{"insertions":7,"deletions":7}}}]}],"tanjiajiajun":[{"date":"2024-03-02","commitResults":[{"hash":"d619ad47c25fde8dbf1e70ce216db52ae2a6ba72","isMergeCommit":false,"messageTitle":"Update DG","messageBody":"","fileTypesAndContributionMap":{"docs":{"insertions":146,"deletions":21}}},{"hash":"67e60f0e3ee801caed8986fb9cdecb4efb264306","isMergeCommit":false,"messageTitle":"Update aboutUs.md for jiajun","messageBody":"","fileTypesAndContributionMap":{"docs":{"insertions":49,"deletions":3}}}]},{"date":"2024-03-07","commitResults":[{"hash":"09c668d4244248162c0aa1fe18361147e0374b59","isMergeCommit":false,"messageTitle":"Update image name","messageBody":"","fileTypesAndContributionMap":{"docs":{"insertions":1,"deletions":1}}},{"hash":"44e093d88efb0aa610e988a80d57c007c5b1d163","isMergeCommit":false,"messageTitle":"Rename image","messageBody":"","fileTypesAndContributionMap":{"docs":{"insertions":1,"deletions":1}}},{"hash":"06e0864612485d742ae96172d4091ee78ee0cc45","isMergeCommit":true,"messageTitle":"Merge pull request #30 from fy17ohhh/branch-README","messageBody":"Update CI in README","fileTypesAndContributionMap":{}},{"hash":"24ded47731e50d2e3cff5514cff71798baf821b0","isMergeCommit":true,"messageTitle":"Merge branch \u0027master\u0027 of https://github.com/tanjiajiajun/tp","messageBody":"","fileTypesAndContributionMap":{}},{"hash":"bf69efcc3a98e58c248d8588cc50f894d55362b3","isMergeCommit":false,"messageTitle":"Add newline","messageBody":"","fileTypesAndContributionMap":{"docs":{"insertions":1,"deletions":1}}},{"hash":"c3263a62ade5ca7024a66d5f274c2d3c7905eaed","isMergeCommit":true,"messageTitle":"Merge branch \u0027AY2324S2-CS2103-T14-1:master\u0027 into master","messageBody":"","fileTypesAndContributionMap":{}},{"hash":"db2e37f1102f1b6450c6beadc1dd42abcac7b266","isMergeCommit":true,"messageTitle":"Merge pull request #33 from tanjiajiajun/master","messageBody":"Update photo name","fileTypesAndContributionMap":{}},{"hash":"193057faa0471d3ff97fbf33a3f71c7f85a3f17f","isMergeCommit":false,"messageTitle":"Add product scope and changed AB-3 to EduConnect","messageBody":"","fileTypesAndContributionMap":{"docs":{"insertions":6,"deletions":7}}},{"hash":"ce84d881721c91373345cfb592416f86a5fb24bb","isMergeCommit":true,"messageTitle":"Merge pull request #39 from darryl-chan/update-AboutUs","messageBody":"update aboutUs.md for darryl-chan","fileTypesAndContributionMap":{}}]},{"date":"2024-03-10","commitResults":[{"hash":"08e5ac38b86867742f82303a10a99b6126116298","isMergeCommit":true,"messageTitle":"Merge pull request #42 from darryl-chan/Refactor-student","messageBody":"Refactor student","fileTypesAndContributionMap":{}}]},{"date":"2024-03-14","commitResults":[{"hash":"051ab13f9af21b1c3bf73236169311aa3a538c70","isMergeCommit":false,"messageTitle":"Update UG for find command","messageBody":"","fileTypesAndContributionMap":{"docs":{"insertions":6,"deletions":8}}},{"hash":"50ae6d5b264963dea13a2a09d91bdce71e90cb79","isMergeCommit":true,"messageTitle":"Merge pull request #67 from jeremiahlzz/update-userguide-addcommand","messageBody":"Update UserGuide - Add and Edit Command","fileTypesAndContributionMap":{}},{"hash":"0ce0265956352a8b3fb1dd28937571f548140f37","isMergeCommit":true,"messageTitle":"Merge branch \u0027master\u0027 into UGFindCommand","messageBody":"","fileTypesAndContributionMap":{}},{"hash":"88e3f5c5814aa861b177046db269778401569b7e","isMergeCommit":true,"messageTitle":"Merge pull request #73 from matthewken19/branch-update-UG-delete-feature","messageBody":"Update UG for delete command","fileTypesAndContributionMap":{}},{"hash":"a2d818473ded8646dd526f297a2fc01e4da5c6c9","isMergeCommit":true,"messageTitle":"Merge pull request #70 from fy17ohhh/branch-Documentation","messageBody":"Update Documentation for v1.2","fileTypesAndContributionMap":{}},{"hash":"58c81b0f01bd46376f8ec41ff53d891d5bbb160d","isMergeCommit":true,"messageTitle":"Merge pull request #72 from darryl-chan/delete-by-unique-identifier","messageBody":"Delete by unique identifier","fileTypesAndContributionMap":{}}]},{"date":"2024-03-16","commitResults":[{"hash":"cdac8508afe8b4da74f4cec88b1f779ad6cd6394","isMergeCommit":false,"messageTitle":"Created link class to store URL","messageBody":"","fileTypesAndContributionMap":{"functional-code":{"insertions":34,"deletions":4}}},{"hash":"f67f8d4bb5a7b07af1ef6115eea0246d1516a5ae","isMergeCommit":false,"messageTitle":"Change student code to allow storage of url\u0027 \u0027\u0027","messageBody":"","fileTypesAndContributionMap":{"functional-code":{"insertions":7,"deletions":2}}},{"hash":"c3ba2cddff2493036067eeda47d110762fe16cfe","isMergeCommit":true,"messageTitle":"Merge branch \u0027master\u0027 into Feature-URL nil","messageBody":"","fileTypesAndContributionMap":{}},{"hash":"9985dec7cf5d5da498576bdc9c8adf346ccb27ee","isMergeCommit":false,"messageTitle":"Added ability to add hyperlink","messageBody":"","fileTypesAndContributionMap":{"functional-code":{"insertions":308,"deletions":24}}},{"hash":"33ded8f09de8b903df9ed05fb50ee8f6cf4a0450","isMergeCommit":false,"messageTitle":"Fix bug where editing after adding link caused the link to be lost","messageBody":"","fileTypesAndContributionMap":{"functional-code":{"insertions":33,"deletions":10}}}]},{"date":"2024-03-18","commitResults":[{"hash":"31bd9fcec27233ff9cf18424c36526c769196801","isMergeCommit":false,"messageTitle":"Fix original tests","messageBody":"","fileTypesAndContributionMap":{"functional-code":{"insertions":26,"deletions":33},"test-code":{"insertions":68,"deletions":34}}},{"hash":"64fe39edb8d97b727844aef8b5183e75725eabb2","isMergeCommit":false,"messageTitle":"Add Unit Tests for Link Command","messageBody":"","fileTypesAndContributionMap":{"functional-code":{"insertions":19,"deletions":4},"test-code":{"insertions":153,"deletions":0}}},{"hash":"4b81ea79d2b4e06d2de61dc7e81f37e137524ed6","isMergeCommit":true,"messageTitle":"Change Student Constructor","messageBody":"","fileTypesAndContributionMap":{}},{"hash":"e44cce618234f8fe095a6821782b8c3f1457809f","isMergeCommit":false,"messageTitle":"Sucessfully merge features","messageBody":"","fileTypesAndContributionMap":{"functional-code":{"insertions":3,"deletions":1}}},{"hash":"bb68c06da297ab0ecb5fb405667e100bad4de51e","isMergeCommit":false,"messageTitle":"Fix conflicts in bugs","messageBody":"","fileTypesAndContributionMap":{"functional-code":{"insertions":1,"deletions":1},"test-code":{"insertions":3,"deletions":1}}},{"hash":"6c934202e2673b9c7cc0a64cb1f51b53a16eb1fb","isMergeCommit":false,"messageTitle":"Fix Checkstyle and UserGuide","messageBody":"","fileTypesAndContributionMap":{"functional-code":{"insertions":120,"deletions":46},"docs":{"insertions":15,"deletions":0},"test-code":{"insertions":30,"deletions":24}}}]},{"date":"2024-03-20","commitResults":[{"hash":"3615ecf18b2429760186cfffb0c1753b6c7c6c3f","isMergeCommit":false,"messageTitle":"Update UML architecture sequence diagram","messageBody":"","fileTypesAndContributionMap":{"docs":{"insertions":3,"deletions":3}}},{"hash":"fb254e3efb5b51bdca1fd5c9adcc32f6477c4683","isMergeCommit":true,"messageTitle":"Merge pull request #95 from tanjiajiajun/branch-UML","messageBody":"Update UML architecture sequence diagram","fileTypesAndContributionMap":{}}]}],"jeremiahlzz":[{"date":"2024-03-05","commitResults":[{"hash":"792792540735883468dde1ddf011ef0a05369474","isMergeCommit":false,"messageTitle":"Update AboutUs with Jeremiah","messageBody":"","fileTypesAndContributionMap":{"docs":{"insertions":18,"deletions":5}}},{"hash":"fd420f57dfbe13e8708c15d12398471d7d5603d7","isMergeCommit":true,"messageTitle":"Merge branch \u0027master\u0027 into add-jeremiah-aboutus","messageBody":"","fileTypesAndContributionMap":{}},{"hash":"02cb5086a16d808c0c1c591fccf11027f44e3d44","isMergeCommit":false,"messageTitle":"Fix trailing whitespace","messageBody":"","fileTypesAndContributionMap":{"docs":{"insertions":1,"deletions":1}}},{"hash":"96c904b122290947de693f02f3f62af79b1a89f3","isMergeCommit":true,"messageTitle":"Merge pull request #26 from jeremiahlzz/add-jeremiah-aboutus","messageBody":"Update AboutUs with Jeremiah","fileTypesAndContributionMap":{}}]},{"date":"2024-03-12","commitResults":[{"hash":"a05b1d36493c1745f80b8f55d5cb6ecce08e4bc6","isMergeCommit":false,"messageTitle":"Refactor Person class to Student class","messageBody":"","fileTypesAndContributionMap":{"functional-code":{"insertions":439,"deletions":436},"other":{"insertions":200,"deletions":193},"test-code":{"insertions":734,"deletions":725}}},{"hash":"922df7d84d8a0196dfd4cc32ffda53667768f495","isMergeCommit":true,"messageTitle":"Merge pull request #48 from darryl-chan/parse-name-with-hyphen","messageBody":"Allow Student name with hyphen","fileTypesAndContributionMap":{}}]},{"date":"2024-03-14","commitResults":[{"hash":"891554d2b1caa99df3db52414d333f274ea2bbae","isMergeCommit":false,"messageTitle":"Add table of contents to UserGuide","messageBody":"","fileTypesAndContributionMap":{"docs":{"insertions":19,"deletions":1}}},{"hash":"7315ed5d479346fdefbc4ea8d715ef0725014a4b","isMergeCommit":false,"messageTitle":"Update add and edit commands in UserGuide","messageBody":"","fileTypesAndContributionMap":{"docs":{"insertions":32,"deletions":32}}},{"hash":"f2241cb5e1580276f7594049b3044093f2bc11ec","isMergeCommit":true,"messageTitle":"Merge pull request #62 from fy17ohhh/branch-GUI","messageBody":"Fix empty cell color bug","fileTypesAndContributionMap":{}},{"hash":"27cd0e71183121a7a6b7802443a65b314c81e4a4","isMergeCommit":false,"messageTitle":"Fix variable name in AddCommandIntegrationTest.java","messageBody":"","fileTypesAndContributionMap":{"test-code":{"insertions":2,"deletions":2}}},{"hash":"535e4f2fad8cf904d245eef8c5af55cbe3b63c17","isMergeCommit":false,"messageTitle":"Update UserGuide images","messageBody":"","fileTypesAndContributionMap":{"docs":{"insertions":1,"deletions":1}}},{"hash":"a0aa159625c3c3bcc38b22a53a8f6470891060bd","isMergeCommit":false,"messageTitle":"Update delete command in UserGuide","messageBody":"","fileTypesAndContributionMap":{"docs":{"insertions":9,"deletions":9}}}]},{"date":"2024-03-20","commitResults":[{"hash":"91c89e6f7f42bc32c6bbb6a213e0f2ca1949940c","isMergeCommit":true,"messageTitle":"Merge pull request #92 from matthewken19/branch-sort","messageBody":"Update find command for multiple filter criteria","fileTypesAndContributionMap":{}},{"hash":"6344d2190ea04cd97c9f63b6a0bd78fffe1cb591","isMergeCommit":true,"messageTitle":"Merge pull request #96 from fy17ohhh/branch-StorageClassDiagram","messageBody":"Update .puml Storage Class Diagram","fileTypesAndContributionMap":{}}]}],"matthewken19":[{"date":"2024-03-07","commitResults":[{"hash":"5856df47787d60b83967479a36c958ce8a265857","isMergeCommit":false,"messageTitle":"Add Matthew Ken\u0027s profile to AboutUs page and the corresponding image and markdown file","messageBody":"","fileTypesAndContributionMap":{"docs":{"insertions":6,"deletions":6}}},{"hash":"3fcc28b88cb75b0b08428233b24b945953b5015a","isMergeCommit":false,"messageTitle":"Refactor the names for Matthew Ken\u0027s markdown file and image to match github profile","messageBody":"","fileTypesAndContributionMap":{"docs":{"insertions":0,"deletions":0}}},{"hash":"132e3a55af92e0149693035f4d333dd05e42f631","isMergeCommit":false,"messageTitle":"Change team markdown file to match EduConnect project from previous AB3 project description","messageBody":"","fileTypesAndContributionMap":{"docs":{"insertions":10,"deletions":8}}},{"hash":"7d18070a57d7084b2b7f2b76e970f3ab2fd106e8","isMergeCommit":false,"messageTitle":"Remove trailing white space in DeveloperGuide.md","messageBody":"","fileTypesAndContributionMap":{"docs":{"insertions":1,"deletions":1}}},{"hash":"b9fc79cf3e0cb3e56887f384c7ca1777bcca7f0a","isMergeCommit":false,"messageTitle":"Add newline at EOF for matthewken19.md","messageBody":"","fileTypesAndContributionMap":{"docs":{"insertions":2,"deletions":1}}},{"hash":"8e91da2f71a4bcf17c1c6c44f9dc88e97192138c","isMergeCommit":false,"messageTitle":"Update image name reference for matthewken19","messageBody":"","fileTypesAndContributionMap":{"docs":{"insertions":2,"deletions":2}}}]},{"date":"2024-03-14","commitResults":[{"hash":"bb0e8b1179d02424d113ac281e95563822d2a78b","isMergeCommit":false,"messageTitle":"Add image for find then delete feature","messageBody":"","fileTypesAndContributionMap":{"docs":{"insertions":2,"deletions":1}}}]},{"date":"2024-03-19","commitResults":[{"hash":"20e439ce7b5c6eefdb8f80245e9aa17cc7c8a627","isMergeCommit":false,"messageTitle":"Add new TagContainsKeywordPredicate class and refactor predicate classes to their own package","messageBody":"","fileTypesAndContributionMap":{"functional-code":{"insertions":58,"deletions":15},"other":{"insertions":3,"deletions":2},"test-code":{"insertions":12,"deletions":10}}},{"hash":"be6dc54f66934247e811fa46ae04a806041c2791","isMergeCommit":false,"messageTitle":"Add predicate classes for other student attributes","messageBody":"","fileTypesAndContributionMap":{"functional-code":{"insertions":177,"deletions":14}}},{"hash":"b1d5e620cc1ec63afbfd76bcec493c72dba12752","isMergeCommit":false,"messageTitle":"Refactor predicate names to be uniform with the other predicate classes","messageBody":"","fileTypesAndContributionMap":{"other":{"insertions":12,"deletions":12}}},{"hash":"7a56c841e10a117e657ccb0950f38ee7a54d3916","isMergeCommit":false,"messageTitle":"Update updateFilteredStudentList method to accept a collection of predicates instead of a single predicate","messageBody":"","fileTypesAndContributionMap":{"functional-code":{"insertions":13,"deletions":5}}},{"hash":"eb71a4db16c671b1ae85e8f80d3889fce6579514","isMergeCommit":false,"messageTitle":"Update FindCommand to support multiple criteria in filtering the students","messageBody":"","fileTypesAndContributionMap":{"functional-code":{"insertions":30,"deletions":23}}},{"hash":"99d013cf22919e887c3fc5c276b727ab328d9dea","isMergeCommit":false,"messageTitle":"Fix the bug where empty description and multiple values for single-valued fields are allowed","messageBody":"","fileTypesAndContributionMap":{"functional-code":{"insertions":10,"deletions":4}}},{"hash":"6b4e984dd38ddaae59c6f18c1fbdbd42058fab9b","isMergeCommit":false,"messageTitle":"Update the test classes with regard to the change in parameter for updateFilteredStudentList method in ModelManager class","messageBody":"","fileTypesAndContributionMap":{"functional-code":{"insertions":0,"deletions":3},"test-code":{"insertions":20,"deletions":13}}},{"hash":"9127e2a1e46a7fd3fbc3e9259303f14d33848193","isMergeCommit":true,"messageTitle":"Merge branch \u0027master\u0027 into branch-sort","messageBody":"","fileTypesAndContributionMap":{}},{"hash":"b04c683b39481b87f15174fbcb03bf576f073e6e","isMergeCommit":false,"messageTitle":"Update the import statement with respect to the refactoring of the Tag class","messageBody":"","fileTypesAndContributionMap":{"functional-code":{"insertions":1,"deletions":1}}},{"hash":"6c603a4d66c3d7fcc99f9cb9073154e4772be321","isMergeCommit":false,"messageTitle":"Update to match checkstyle standard","messageBody":"","fileTypesAndContributionMap":{"functional-code":{"insertions":30,"deletions":19}}},{"hash":"f0dedded2c6d0b6a980798d09b3b49f48b9c5143","isMergeCommit":false,"messageTitle":"Update checkstyle","messageBody":"","fileTypesAndContributionMap":{"functional-code":{"insertions":1,"deletions":3}}},{"hash":"2f6ba6ab674441adaced56da1f0c59e8742b08b2","isMergeCommit":false,"messageTitle":"Update checkstyle for test classes","messageBody":"","fileTypesAndContributionMap":{"other":{"insertions":2,"deletions":2},"test-code":{"insertions":14,"deletions":10}}},{"hash":"581ea93a14c43244e87929df13137bc35eb02d90","isMergeCommit":false,"messageTitle":"Update test classes","messageBody":"","fileTypesAndContributionMap":{"functional-code":{"insertions":6,"deletions":2},"test-code":{"insertions":8,"deletions":5}}},{"hash":"5a0bbc4a86c081c3e964ba3e3a28bdd47a927466","isMergeCommit":false,"messageTitle":"Update test","messageBody":"","fileTypesAndContributionMap":{"test-code":{"insertions":1,"deletions":1}}}]}]},"authorFileTypeContributionMap":{"darryl-chan":{"docs":9,"functional-code":753,"test-code":794},"fy17ohhh":{"docs":84,"functional-code":350,"test-code":303,"other":2},"marclamp":{"docs":276,"functional-code":751,"test-code":738},"tanjiajiajun":{"docs":212,"functional-code":460,"test-code":270},"jeremiahlzz":{"docs":62,"functional-code":446,"test-code":753},"matthewken19":{"docs":17,"functional-code":282,"test-code":44}},"authorContributionVariance":{"darryl-chan":79444.9,"fy17ohhh":409352.97,"marclamp":48029.156,"tanjiajiajun":18754.637,"jeremiahlzz":264661.88,"matthewken19":10468.974},"authorDisplayNameMap":{"darryl-chan":"CS2103-T14-1 DARR..CHAN","fy17ohhh":"CS2103-T14-1 SHAN..YANG","marclamp":"CS2103-T14-1 LAM ..RCUS","tanjiajiajun":"CS2103-T14-1 TAN .. JUN","jeremiahlzz":"CS2103-T14-1 JERE..HONG","matthewken19":"CS2103-T14-1 MATT.. KEN"}}
