{"authorDailyContributionsMap":{"donwong2308":[{"date":"2024-02-26","commitResults":[{"hash":"3a2275bf4c9b5cbd614c3e34a7fdf86e6550d053","isMergeCommit":true,"messageTitle":"Merge pull request #9 from larainezo/master","messageBody":"Update AboutUs.md","fileTypesAndContributionMap":{}}]},{"date":"2024-03-01","commitResults":[{"hash":"001af1c1b7a333b33f806472cc3193c7e7a3b629","isMergeCommit":false,"messageTitle":"Update README","messageBody":"","fileTypesAndContributionMap":{"functional-code":{"insertions":2,"deletions":2},"docs":{"insertions":2,"deletions":3}}}]},{"date":"2024-03-16","commitResults":[{"hash":"9a55fe491c9cdd584362a15bb1a1b9529dfc19ae","isMergeCommit":false,"messageTitle":"Remove tags","messageBody":"","fileTypesAndContributionMap":{"functional-code":{"insertions":416,"deletions":222},"test-code":{"insertions":478,"deletions":450}}},{"hash":"848dbe2e4b2a2a651d7d9be7c8e47a7a5007ff09","isMergeCommit":true,"messageTitle":"Merge branch \u0027master\u0027 of https://github.com/AY2324S2-CS2103T-F11-4/tp","messageBody":"","fileTypesAndContributionMap":{}},{"hash":"c699c07a15a15f7a4d25f176fe4b69c6a49eeb28","isMergeCommit":false,"messageTitle":"Remove trailing whitespace in AboutUs.md","messageBody":"","fileTypesAndContributionMap":{"docs":{"insertions":1,"deletions":1}}},{"hash":"0606d86a94152bf20e3a371b7ee24ff4856953ff","isMergeCommit":false,"messageTitle":"Update checkstyleTest","messageBody":"","fileTypesAndContributionMap":{"test-code":{"insertions":0,"deletions":48}}}]},{"date":"2024-03-18","commitResults":[{"hash":"6f9402a4d66d60c142489c8103fa75441b279d2a","isMergeCommit":false,"messageTitle":"Delete Tag.java","messageBody":"","fileTypesAndContributionMap":{"functional-code":{"insertions":0,"deletions":62}}},{"hash":"f5fc791fb579b2d201328434be0d8df9713413fd","isMergeCommit":false,"messageTitle":"Modify Telegram username regex","messageBody":"And removed remnants of tag field\n","fileTypesAndContributionMap":{"functional-code":{"insertions":10,"deletions":54}}},{"hash":"b49189f8e698d7dd5403a125558e7fae0542b134","isMergeCommit":false,"messageTitle":"Update checkstyle for Telegram.java","messageBody":"","fileTypesAndContributionMap":{"functional-code":{"insertions":3,"deletions":3}}}]},{"date":"2024-03-19","commitResults":[{"hash":"8feb437311050d4e0048c368cf3ba71cb77c806b","isMergeCommit":true,"messageTitle":"Merge pull request #56 from PallonCX/branch-optional-fields","messageBody":"Make some fields optional when creation","fileTypesAndContributionMap":{}},{"hash":"b9e09240b04a312d48ba40c3ce36cb79e70d8993","isMergeCommit":true,"messageTitle":"Merge pull request #58 from PallonCX/branch-others","messageBody":"Change the build jar file name","tags":["v1.2"],"fileTypesAndContributionMap":{}}]}],"PallonCX":[{"date":"2024-03-01","commitResults":[{"hash":"9cf1c3b9899726161ebce728598f7a754b443177","isMergeCommit":true,"messageTitle":"Merge pull request #22 from donwong2308/v1.1","messageBody":" Update README","fileTypesAndContributionMap":{}},{"hash":"4d3f594105348c134c3a9ee8db24c025d556689c","isMergeCommit":false,"messageTitle":"Modify target user and value proposition","messageBody":"","fileTypesAndContributionMap":{"docs":{"insertions":10,"deletions":8}}}]},{"date":"2024-03-02","commitResults":[{"hash":"d55f308a33330a2bb4b95f4eb89eb9367b093c74","isMergeCommit":false,"messageTitle":"Add user stories and use cases","messageBody":"","fileTypesAndContributionMap":{"docs":{"insertions":93,"deletions":20}}},{"hash":"514a37dca07bb32c0af31f16df2c9951eef2fd40","isMergeCommit":true,"messageTitle":"Merge branch \u0027master\u0027 into branch-dg","messageBody":"","fileTypesAndContributionMap":{}}]},{"date":"2024-03-03","commitResults":[{"hash":"4d891eb1b7a0d2d2fd3a584d546019ff1a80a054","isMergeCommit":true,"messageTitle":"Merge pull request #35 from larainezo/master","messageBody":"Update README.md","fileTypesAndContributionMap":{}}]},{"date":"2024-03-19","commitResults":[{"hash":"e6c4abdbb7c0b80ba9aaa5b3a54a52af08889a67","isMergeCommit":false,"messageTitle":"Make some fields optional when creation","messageBody":"","fileTypesAndContributionMap":{"functional-code":{"insertions":96,"deletions":39},"test-code":{"insertions":96,"deletions":1}}},{"hash":"00b2fdc83160f3612470275e9fe86c93dc15ba98","isMergeCommit":true,"messageTitle":"Merge pull request #53 from donwong2308/add-telegram-criteria","messageBody":"Add telegram criteria","fileTypesAndContributionMap":{}},{"hash":"86e98e9f16b97d4b00e384e32fb7de733953e025","isMergeCommit":true,"messageTitle":"Merge branch \u0027master\u0027 into branch-optional-fields","messageBody":"","fileTypesAndContributionMap":{}},{"hash":"9c6b250c6719eaffd47d8585a51beb6f9624ea87","isMergeCommit":false,"messageTitle":"Make some changes to pass test function","messageBody":"","fileTypesAndContributionMap":{"test-code":{"insertions":5,"deletions":4}}},{"hash":"d0febffc9be154a8015ff0b5c773b764d8e15127","isMergeCommit":false,"messageTitle":"Add more test for path coverage","messageBody":"","fileTypesAndContributionMap":{"test-code":{"insertions":42,"deletions":0}}},{"hash":"d9660c1c0cf309c7f9874976cc9e9a1a01e794a7","isMergeCommit":false,"messageTitle":"Add more test for Person.java","messageBody":"","fileTypesAndContributionMap":{"test-code":{"insertions":4,"deletions":4}}},{"hash":"fe25d3ad0103cf2d5c7cf8c3428c8278dd859c81","isMergeCommit":false,"messageTitle":"Change the build jar file name","messageBody":"","fileTypesAndContributionMap":{"other":{"insertions":1,"deletions":1}}}]},{"date":"2024-03-20","commitResults":[{"hash":"a736c0e3746367ccf83e3df5c23f563ed6dbe7bc","isMergeCommit":false,"messageTitle":"Add class diagram for freeTime","messageBody":"","fileTypesAndContributionMap":{"docs":{"insertions":8,"deletions":1}}},{"hash":"aeac5d06f553174ee09e640fbb7f3e8e197919b5","isMergeCommit":false,"messageTitle":"Change room number format in sample data","messageBody":"","fileTypesAndContributionMap":{"functional-code":{"insertions":6,"deletions":6}}}]}],"larainezo":[{"date":"2024-02-26","commitResults":[{"hash":"1df3ca051a818ba4a7628523abbda0f4d597b561","isMergeCommit":false,"messageTitle":"Update AboutUs.md","messageBody":"","fileTypesAndContributionMap":{"docs":{"insertions":10,"deletions":10}}},{"hash":"aec9c559bb273a63e2f7e6cde9bddd90eab6f779","isMergeCommit":false,"messageTitle":"Update AboutUs.md","messageBody":"","fileTypesAndContributionMap":{"docs":{"insertions":25,"deletions":17}}},{"hash":"179364ead0f77323212d63b20cbe58ea8942e87b","isMergeCommit":false,"messageTitle":"Update AboutUs.md","messageBody":"","fileTypesAndContributionMap":{"docs":{"insertions":10,"deletions":0}}},{"hash":"15e51298e800190edb04e3efc8ce0fe7ac6b8e12","isMergeCommit":false,"messageTitle":"Update AboutUs.md","messageBody":"","fileTypesAndContributionMap":{"docs":{"insertions":2,"deletions":2}}},{"hash":"65b059c5931de129fc432881028efda6ba59a93e","isMergeCommit":false,"messageTitle":"Update README.md","messageBody":"","fileTypesAndContributionMap":{"docs":{"insertions":17,"deletions":4}}},{"hash":"4dcc6bd3309df14359e6b2a1e0b3f26fba29aa45","isMergeCommit":false,"messageTitle":"Update AboutUs.md","messageBody":"","fileTypesAndContributionMap":{"docs":{"insertions":5,"deletions":5}}},{"hash":"64b44d83f67621b7c97a5714b4afb1017200d8b6","isMergeCommit":false,"messageTitle":"Update AboutUs.md","messageBody":"","fileTypesAndContributionMap":{"docs":{"insertions":2,"deletions":2}}},{"hash":"7557381158163851128e40c1cf4d5bd6bd79e520","isMergeCommit":false,"messageTitle":"Update AboutUs.md","messageBody":"","fileTypesAndContributionMap":{"docs":{"insertions":10,"deletions":10}}},{"hash":"315c12e127dd553b673f1abce4dc7f1aa0641d21","isMergeCommit":false,"messageTitle":"Update README.md","messageBody":"","fileTypesAndContributionMap":{"docs":{"insertions":1,"deletions":0}}}]},{"date":"2024-03-02","commitResults":[{"hash":"4907f1a9c5668ac7b897be507c6fcfefe50b6ff3","isMergeCommit":true,"messageTitle":"Merge pull request #24 from JustWeiHao/branch-dg","messageBody":"Modify NFR, Glossary","fileTypesAndContributionMap":{}},{"hash":"9d6ffaa66450a910033cdff4f70f6c07ef79a4b7","isMergeCommit":false,"messageTitle":"Update DeveloperGuide.md","messageBody":"","fileTypesAndContributionMap":{"docs":{"insertions":1,"deletions":1}}}]},{"date":"2024-03-03","commitResults":[{"hash":"81493bc9112609db819279d9e78bbe1af7aff306","isMergeCommit":false,"messageTitle":"Update README.md","messageBody":"","fileTypesAndContributionMap":{"docs":{"insertions":1,"deletions":7}}},{"hash":"dfee1b9ea82097740b04c4ed9ce05a3a66a73dfd","isMergeCommit":false,"messageTitle":"Update README.md","messageBody":"","fileTypesAndContributionMap":{"docs":{"insertions":1,"deletions":1}}},{"hash":"6383e85565de339e70a286006cfda0710f962fbf","isMergeCommit":false,"messageTitle":"Update README.md","messageBody":"","fileTypesAndContributionMap":{"docs":{"insertions":2,"deletions":2}}},{"hash":"ec0c2c9b547a1af3b963d616042947dff6353342","isMergeCommit":false,"messageTitle":"Update README.md","messageBody":"","fileTypesAndContributionMap":{"docs":{"insertions":8,"deletions":9}}},{"hash":"dfbf30aeb3c7d0d5e2bb8dd94dcbd1128188b18f","isMergeCommit":false,"messageTitle":"Update README.md","messageBody":"","fileTypesAndContributionMap":{"docs":{"insertions":1,"deletions":1}}}]},{"date":"2024-03-04","commitResults":[{"hash":"398de2a3194717cc64c3e0c9d86d0f28c1da93c6","isMergeCommit":false,"messageTitle":"Update README.md","messageBody":"","fileTypesAndContributionMap":{"docs":{"insertions":1,"deletions":1}}}]},{"date":"2024-03-14","commitResults":[{"hash":"3cedc2ca31210323437044fdde2cb4a7ef5b9ec3","isMergeCommit":false,"messageTitle":"Add contact fields","messageBody":"","fileTypesAndContributionMap":{"functional-code":{"insertions":350,"deletions":81},"other":{"insertions":16,"deletions":16},"test-code":{"insertions":579,"deletions":211}}},{"hash":"5df1bf3ebbd514207272b44f74a257718ec978d7","isMergeCommit":false,"messageTitle":"Clean code style","messageBody":"","fileTypesAndContributionMap":{"functional-code":{"insertions":48,"deletions":31}}},{"hash":"98d1c7af77675ea73a49023287d48ccaa6105625","isMergeCommit":false,"messageTitle":"Clean code style","messageBody":"","fileTypesAndContributionMap":{"functional-code":{"insertions":5,"deletions":4}}}]},{"date":"2024-03-15","commitResults":[{"hash":"5aed54480d82d9b867e1261c1932060a5756d7df","isMergeCommit":false,"messageTitle":"Update fields","messageBody":"","fileTypesAndContributionMap":{"functional-code":{"insertions":1,"deletions":1},"test-code":{"insertions":3,"deletions":1}}},{"hash":"046de47401e1b79cc452069c8d650b8c067d1b28","isMergeCommit":false,"messageTitle":"Update fields","messageBody":"","fileTypesAndContributionMap":{"test-code":{"insertions":0,"deletions":96}}},{"hash":"5d3886a955f0cfd88a79b2e9a08a88c2459f0420","isMergeCommit":false,"messageTitle":"Update fields","messageBody":"","fileTypesAndContributionMap":{"test-code":{"insertions":0,"deletions":1}}},{"hash":"a39905e1b26388938bc137b4e2cff92dff37cd34","isMergeCommit":false,"messageTitle":"Update README.md","messageBody":"","fileTypesAndContributionMap":{"docs":{"insertions":1,"deletions":1}}}]},{"date":"2024-03-18","commitResults":[{"hash":"4169ba1c5a10efcb6a3bd18fa1f30662fd6f2994","isMergeCommit":true,"messageTitle":"Merge pull request #45 from donwong2308/master","messageBody":"Remove tags field","fileTypesAndContributionMap":{}},{"hash":"cf4a1ff6cc515ceb60f7419b22a59358250c6692","isMergeCommit":false,"messageTitle":"Add UML class diagram","messageBody":"","fileTypesAndContributionMap":{"docs":{"insertions":79,"deletions":0}}},{"hash":"0ebbf632e0e36e07c098def82d95e47a0a350a48","isMergeCommit":false,"messageTitle":"Add UML class diagram","messageBody":"","fileTypesAndContributionMap":{"docs":{"insertions":1,"deletions":0}}},{"hash":"5c2965094e5728f5eefa73dda7fe31d2ba942283","isMergeCommit":false,"messageTitle":"Add UML class diagram","messageBody":"","fileTypesAndContributionMap":{"docs":{"insertions":1,"deletions":1}}}]},{"date":"2024-03-19","commitResults":[{"hash":"f195826005fc401e316251ec5e3dab903ecc660b","isMergeCommit":true,"messageTitle":"Merge pull request #60 from nyankoclaws/branch-last-modified","messageBody":"Last modified for Contact","fileTypesAndContributionMap":{}},{"hash":"5eeced49fc11fb388c7425271407cd2a104b4724","isMergeCommit":true,"messageTitle":"Merge pull request #59 from JustWeiHao/birthday","messageBody":"Change birthday type to LocalDate","fileTypesAndContributionMap":{}},{"hash":"7fc793541c8ffab0ae28f17d561ec0a5b4e818e2","isMergeCommit":false,"messageTitle":"Update ModelClassDiagram.puml","messageBody":"","fileTypesAndContributionMap":{"docs":{"insertions":12,"deletions":12}}},{"hash":"c5943507189068f31a6289144e7430372892feb0","isMergeCommit":true,"messageTitle":"Merge remote-tracking branch \u0027origin/uml-diagram\u0027 into uml-diagram","messageBody":"","fileTypesAndContributionMap":{}}]},{"date":"2024-03-20","commitResults":[{"hash":"829740c05f3dd1e860cffad28233d73d07f0b914","isMergeCommit":true,"messageTitle":"Merge pull request #71 from nyankoclaws/branch-uml","messageBody":"Update uml for Storage","fileTypesAndContributionMap":{}},{"hash":"6fc19b701870353943aad12c73d04fc5ccb692ab","isMergeCommit":true,"messageTitle":"Merge pull request #70 from nyankoclaws/branch-room-number","messageBody":"Edit format of room number","tags":["v1.2.1"],"fileTypesAndContributionMap":{}}]}],"nyankoclaws":[{"date":"2024-02-26","commitResults":[{"hash":"d86441e4857690f5052eb17a685298526e37d468","isMergeCommit":true,"messageTitle":"Merge pull request #13 from larainezo/master","messageBody":"Update README.md","fileTypesAndContributionMap":{}}]},{"date":"2024-02-27","commitResults":[{"hash":"d499a0b46969ed35a01b59fdffc319ac3b9dd7f4","isMergeCommit":false,"messageTitle":"Edit UserGuide","messageBody":"","fileTypesAndContributionMap":{"docs":{"insertions":44,"deletions":107}}},{"hash":"28aae27a152c8eb58bed92076b4f0bde355c21cd","isMergeCommit":true,"messageTitle":"Merge pull request #15 from nyankoclaws/master","messageBody":"Edit UserGuide","fileTypesAndContributionMap":{}}]},{"date":"2024-03-02","commitResults":[{"hash":"46f087ad6d0a934862344c34776272fc444ff5e1","isMergeCommit":true,"messageTitle":"Merge pull request #25 from PallonCX/branch-dg","messageBody":"Add user stories and use cases","fileTypesAndContributionMap":{}},{"hash":"7e3712d83727cf07092f24744154d7ec466dd97f","isMergeCommit":false,"messageTitle":"Update AboutUs","messageBody":"","fileTypesAndContributionMap":{"docs":{"insertions":1,"deletions":1}}}]},{"date":"2024-03-15","commitResults":[{"hash":"60dbd9eeda70d9701a742a83fe4034bebed14e86","isMergeCommit":true,"messageTitle":"Merge pull request #43 from larainezo/update-fields","messageBody":"Update fields","fileTypesAndContributionMap":{}}]},{"date":"2024-03-19","commitResults":[{"hash":"fac94c721a32d04a4f4d71d7b98e02fd567f9bcb","isMergeCommit":false,"messageTitle":"Add Last Modified for Room Number","messageBody":"","fileTypesAndContributionMap":{"functional-code":{"insertions":44,"deletions":1},"test-code":{"insertions":28,"deletions":0}}}]},{"date":"2024-03-20","commitResults":[{"hash":"765de6eb41bfb2951a3e423bec0e320e39b62977","isMergeCommit":false,"messageTitle":"Edit format of room number","messageBody":"","fileTypesAndContributionMap":{"functional-code":{"insertions":30,"deletions":17},"docs":{"insertions":1,"deletions":1},"test-code":{"insertions":26,"deletions":26}}},{"hash":"a335cb1e61c2c359ee3aa20648a5337b0a16ea09","isMergeCommit":false,"messageTitle":"Update uml for Storage","messageBody":"","fileTypesAndContributionMap":{"docs":{"insertions":8,"deletions":0}}}]}],"JustWeiHao":[{"date":"2024-02-26","commitResults":[{"hash":"bf101303323cd86624043e2b2751d07d3ad0f3ca","isMergeCommit":true,"messageTitle":"Merge branch \u0027master\u0027 of https://github.com/AY2324S2-CS2103T-F11-4/tp","messageBody":"","fileTypesAndContributionMap":{}}]},{"date":"2024-02-27","commitResults":[{"hash":"69e14a5f14b6b6c4f833462075a49f3d8d401759","isMergeCommit":true,"messageTitle":"Merge branch \u0027master\u0027 of https://github.com/AY2324S2-CS2103T-F11-4/tp","messageBody":"","fileTypesAndContributionMap":{}}]},{"date":"2024-03-01","commitResults":[{"hash":"1e3c19ca6a7c8d67d0ddce0533e01e4fee7700ce","isMergeCommit":true,"messageTitle":"Merge branch \u0027master\u0027 of https://github.com/AY2324S2-CS2103T-F11-4/tp","messageBody":"","fileTypesAndContributionMap":{}},{"hash":"83c1884131ca9d2215e6b988225b6c4f4f262da7","isMergeCommit":true,"messageTitle":"Merge pull request #23 from PallonCX/branch-dg","messageBody":"Modify target user and value proposition","fileTypesAndContributionMap":{}},{"hash":"66ded8a134a5b07c89fcc9f2fb1c13ca973e3a68","isMergeCommit":true,"messageTitle":"Merge branch \u0027master\u0027 of https://github.com/AY2324S2-CS2103T-F11-4/tp","messageBody":"","fileTypesAndContributionMap":{}},{"hash":"69b81be013de514061038b0828c59df06c7cdfb3","isMergeCommit":false,"messageTitle":"Modify developer guide","messageBody":"","fileTypesAndContributionMap":{"docs":{"insertions":13,"deletions":2}}}]},{"date":"2024-03-02","commitResults":[{"hash":"db05105e756811d0b108d0af0ee5285ec80df22b","isMergeCommit":true,"messageTitle":"Merge pull request #26 from larainezo/master","messageBody":"Update DeveloperGuide.md","fileTypesAndContributionMap":{}},{"hash":"a125bde2117d42649dfd04e2c98da9fa95d21f67","isMergeCommit":true,"messageTitle":"Merge pull request #28 from nyankoclaws/branch-edit-aboutus","messageBody":"Update AboutUs","fileTypesAndContributionMap":{}}]},{"date":"2024-03-04","commitResults":[{"hash":"4e6eaa6ea601b539cb64ac621d402c7921d4ed7d","isMergeCommit":true,"messageTitle":"Merge pull request #36 from larainezo/v1.1","messageBody":"Update README.md","tags":["v1.1"],"fileTypesAndContributionMap":{}}]},{"date":"2024-03-18","commitResults":[{"hash":"96ee722a7dd62fc2181baa9c8b209ccf77f92cce","isMergeCommit":true,"messageTitle":"Merge pull request #47 from larainezo/uml-diagram","messageBody":"Add UML class diagram","fileTypesAndContributionMap":{}},{"hash":"0690568714de1bc49f81a19713db1a145080967d","isMergeCommit":false,"messageTitle":"Change birth date type","messageBody":"","fileTypesAndContributionMap":{"functional-code":{"insertions":22,"deletions":7},"test-code":{"insertions":1,"deletions":1}}}]},{"date":"2024-03-19","commitResults":[{"hash":"9cbb9373ecedd23a9aa1f3d99d7aa71d7977893a","isMergeCommit":true,"messageTitle":"Merge branch \u0027master\u0027 into birthday","messageBody":"","fileTypesAndContributionMap":{}},{"hash":"541a3673d304afc77eade2b533023334b7e63cc6","isMergeCommit":false,"messageTitle":"Fix bug","messageBody":"","fileTypesAndContributionMap":{"functional-code":{"insertions":18,"deletions":13},"test-code":{"insertions":7,"deletions":6}}},{"hash":"e23084a45e34eb5a2d779b5ceeef92a2ab0c933c","isMergeCommit":true,"messageTitle":"Merge branch \u0027master\u0027 into birthday","messageBody":"","fileTypesAndContributionMap":{}},{"hash":"d0386e000f2878ddab491d62122bf48145e58b1b","isMergeCommit":true,"messageTitle":"Fix failing test cases","messageBody":"","fileTypesAndContributionMap":{}},{"hash":"faab65bc3def5f3bb21a256233acb72947369d9b","isMergeCommit":true,"messageTitle":"Merge branch \u0027birthday\u0027 of https://github.com/JustWeiHao/tp into birthday","messageBody":"","fileTypesAndContributionMap":{}},{"hash":"84a2ebcc2603db75c13aa8d3fa6188bad213275c","isMergeCommit":false,"messageTitle":"Modify output format","messageBody":"","fileTypesAndContributionMap":{"functional-code":{"insertions":4,"deletions":4},"test-code":{"insertions":2,"deletions":2}}},{"hash":"8c1b61b5f111447b8310315c9dd9ff46c10b703d","isMergeCommit":true,"messageTitle":"Merge pull request #65 from larainezo/uml-diagram","messageBody":"Update ModelClassDiagram.puml","fileTypesAndContributionMap":{}}]},{"date":"2024-03-20","commitResults":[{"hash":"4bb297e84d9db415093cd8acadb67e892e2c74de","isMergeCommit":true,"messageTitle":"Merge pull request #69 from PallonCX/branch-uml","messageBody":"Add class diagram for freeTime","fileTypesAndContributionMap":{}},{"hash":"0e5fe2fd0b27b121e9ea028112eb65937bc7dc10","isMergeCommit":true,"messageTitle":"Merge pull request #72 from PallonCX/branch-others","messageBody":"Change room number format in sample data","fileTypesAndContributionMap":{}}]}]},"authorFileTypeContributionMap":{"donwong2308":{"docs":2,"functional-code":190,"test-code":262},"PallonCX":{"docs":107,"functional-code":96,"test-code":124,"other":1},"larainezo":{"docs":150,"functional-code":46,"test-code":156},"nyankoclaws":{"docs":52,"functional-code":70,"test-code":53},"JustWeiHao":{"docs":0,"functional-code":29,"test-code":8}},"authorContributionVariance":{"donwong2308":93134.3,"PallonCX":3409.213,"larainezo":63904.785,"nyankoclaws":1328.093,"JustWeiHao":145.80246},"authorDisplayNameMap":{"donwong2308":"CS2103T-F11-4 WONG..AVON","PallonCX":"CS2103T-F11-4 TAN ..IANG","larainezo":"CS2103T-F11-4 LIM ..AINE","nyankoclaws":"CS2103T-F11-4 ANG ..HAEL","JustWeiHao":"CS2103T-F11-4 CHAN.. HAO"}}
