[{"path":"README.md","fileType":"docs","lines":[{"lineNumber":1,"author":{"gitId":"-"},"content":"[![CI Status](https://github.com/se-edu/addressbook-level3/workflows/Java%20CI/badge.svg)](https://github.com/se-edu/addressbook-level3/actions)","lastModifiedDate":"2020-05-23"},{"lineNumber":2,"author":{"gitId":"-"},"content":"[![codecov](https://codecov.io/gh/AY2324S2-CS2103T-F10-4/tp/graph/badge.svg?token\u003dH2P9OR4JFH)](https://codecov.io/gh/AY2324S2-CS2103T-F10-4/tp)","lastModifiedDate":"2024-02-21"},{"lineNumber":3,"author":{"gitId":"-"},"content":"","lastModifiedDate":"2020-05-23"},{"lineNumber":4,"author":{"gitId":"-"},"content":"![Ui](docs/images/Ui.png)","lastModifiedDate":"2020-05-23"},{"lineNumber":5,"author":{"gitId":"-"},"content":"","lastModifiedDate":"2020-05-23"},{"lineNumber":6,"author":{"gitId":"YowSiaoKang"},"content":"* Welcome to **Match**.\u003cbr\u003e","lastModifiedDate":"2024-03-06"},{"lineNumber":7,"author":{"gitId":"YowSiaoKang"},"content":"","lastModifiedDate":"2024-03-06"},{"lineNumber":8,"author":{"gitId":"YowSiaoKang"},"content":"  Created for Bob who:","lastModifiedDate":"2024-03-06"},{"lineNumber":9,"author":{"gitId":"YowSiaoKang"},"content":"  - works as the coordinator of a volunteer befriending organization","lastModifiedDate":"2024-03-06"},{"lineNumber":10,"author":{"gitId":"YowSiaoKang"},"content":"  - can type fast due to his 20 years of experience working in an office job","lastModifiedDate":"2024-03-06"},{"lineNumber":11,"author":{"gitId":"YowSiaoKang"},"content":"  - has carpal tunnel and would appreciate if there is smart tools to reduce the typing","lastModifiedDate":"2024-03-06"},{"lineNumber":12,"author":{"gitId":"YowSiaoKang"},"content":"  - is forgetful and forgets the person that he has assigns","lastModifiedDate":"2024-03-06"},{"lineNumber":13,"author":{"gitId":"YowSiaoKang"},"content":"  - day-to-day job involves matching volunteers and beneficiaries","lastModifiedDate":"2024-03-06"},{"lineNumber":14,"author":{"gitId":"YowSiaoKang"},"content":"\u003e [!CAUTION]","lastModifiedDate":"2024-03-06"},{"lineNumber":15,"author":{"gitId":"YowSiaoKang"},"content":"\u003e Problem: The challenge of efficiently managing a diverse group of volunteers. This includes tracking each volunteer’s availability, skills, interests, and participation in various activities.","lastModifiedDate":"2024-03-06"},{"lineNumber":16,"author":{"gitId":"YowSiaoKang"},"content":"","lastModifiedDate":"2024-03-06"},{"lineNumber":17,"author":{"gitId":"YowSiaoKang"},"content":"\u003e [!TIP]","lastModifiedDate":"2024-03-06"},{"lineNumber":18,"author":{"gitId":"YowSiaoKang"},"content":"\u003e Solution: Match streamlines volunteer management, facilitating efficient scheduling, and coordination of volunteers, ultimately saving time and resources for organizations focused on social impact.","lastModifiedDate":"2024-03-06"},{"lineNumber":19,"author":{"gitId":"YowSiaoKang"},"content":"","lastModifiedDate":"2024-03-06"},{"lineNumber":20,"author":{"gitId":"-"},"content":"* For the detailed documentation of this project, see the **[Address Book Product Website](https://ay2324s2-cs2103t-f10-4.github.io/tp/)**.","lastModifiedDate":"2024-02-21"},{"lineNumber":21,"author":{"gitId":"YowSiaoKang"},"content":"* This project is based on the AddressBook-Level3 project created by the [SE-EDU initiative](https://se-education.org).","lastModifiedDate":"2024-03-06"}],"authorContributionMap":{"-":6,"YowSiaoKang":15}},{"path":"docs/AboutUs.md","fileType":"docs","lines":[{"lineNumber":1,"author":{"gitId":"-"},"content":"---","lastModifiedDate":"2020-05-23"},{"lineNumber":2,"author":{"gitId":"-"},"content":"layout: page","lastModifiedDate":"2020-05-23"},{"lineNumber":3,"author":{"gitId":"-"},"content":"title: About Us","lastModifiedDate":"2020-05-23"},{"lineNumber":4,"author":{"gitId":"-"},"content":"---","lastModifiedDate":"2020-05-23"},{"lineNumber":5,"author":{"gitId":"-"},"content":"","lastModifiedDate":"2020-05-23"},{"lineNumber":6,"author":{"gitId":"-"},"content":"We are a team based in the [School of Computing, National University of Singapore](http://www.comp.nus.edu.sg).","lastModifiedDate":"2020-05-23"},{"lineNumber":7,"author":{"gitId":"-"},"content":"","lastModifiedDate":"2020-05-23"},{"lineNumber":8,"author":{"gitId":"SimKianSeng"},"content":"You can reach us at the following emails `simkianseng28@gmail.com`, `bensonang36@gmail.com`, `ho.xu.wen@gmail.com`, `ziyitay1@gmail.com`, `kangyow4@gmail.com`.","lastModifiedDate":"2024-03-06"},{"lineNumber":9,"author":{"gitId":"-"},"content":"","lastModifiedDate":"2020-06-17"},{"lineNumber":10,"author":{"gitId":"SimKianSeng"},"content":"## Project Team","lastModifiedDate":"2024-03-06"},{"lineNumber":11,"author":{"gitId":"-"},"content":"","lastModifiedDate":"2020-05-23"},{"lineNumber":12,"author":{"gitId":"SimKianSeng"},"content":"### Sim Kian Seng","lastModifiedDate":"2024-03-06"},{"lineNumber":13,"author":{"gitId":"-"},"content":"","lastModifiedDate":"2020-05-23"},{"lineNumber":14,"author":{"gitId":"SimKianSeng"},"content":"\u003cimg src\u003d\"images/simkianseng.png\" width\u003d\"200px\"\u003e","lastModifiedDate":"2024-03-07"},{"lineNumber":15,"author":{"gitId":"-"},"content":"","lastModifiedDate":"2020-05-23"},{"lineNumber":16,"author":{"gitId":"SimKianSeng"},"content":"[[github](https://github.com/SimKianSeng)]","lastModifiedDate":"2024-03-06"},{"lineNumber":17,"author":{"gitId":"SimKianSeng"},"content":"[[portfolio](team/simkianseng)]","lastModifiedDate":"2024-03-06"},{"lineNumber":18,"author":{"gitId":"-"},"content":"","lastModifiedDate":"2020-05-23"},{"lineNumber":19,"author":{"gitId":"YowSiaoKang"},"content":"- Role: Team Lead/ Developer","lastModifiedDate":"2024-03-07"},{"lineNumber":20,"author":{"gitId":"YowSiaoKang"},"content":"- Responsibilities: In charge of project coordination, documentation","lastModifiedDate":"2024-03-07"},{"lineNumber":21,"author":{"gitId":"-"},"content":"","lastModifiedDate":"2020-05-23"},{"lineNumber":22,"author":{"gitId":"SimKianSeng"},"content":"### Benson Ang Wei Kiat","lastModifiedDate":"2024-03-06"},{"lineNumber":23,"author":{"gitId":"-"},"content":"","lastModifiedDate":"2020-05-23"},{"lineNumber":24,"author":{"gitId":"Benson15912"},"content":"\u003cimg src\u003d\"images/benson15912.png\" width\u003d\"200px\"\u003e","lastModifiedDate":"2024-03-07"},{"lineNumber":25,"author":{"gitId":"-"},"content":"","lastModifiedDate":"2020-05-23"},{"lineNumber":26,"author":{"gitId":"SimKianSeng"},"content":"[[github](http://github.com/Benson15912)]","lastModifiedDate":"2024-03-06"},{"lineNumber":27,"author":{"gitId":"Benson15912"},"content":"[[portfolio](team/benson15912)]","lastModifiedDate":"2024-03-07"},{"lineNumber":28,"author":{"gitId":"-"},"content":"","lastModifiedDate":"2020-05-23"},{"lineNumber":29,"author":{"gitId":"YowSiaoKang"},"content":"- Role: Developer","lastModifiedDate":"2024-03-07"},{"lineNumber":30,"author":{"gitId":"YowSiaoKang"},"content":"- Responsibilities: In charge of components integration","lastModifiedDate":"2024-03-07"},{"lineNumber":31,"author":{"gitId":"-"},"content":"","lastModifiedDate":"2020-05-23"},{"lineNumber":32,"author":{"gitId":"SimKianSeng"},"content":"### Ho Xu Wen","lastModifiedDate":"2024-03-06"},{"lineNumber":33,"author":{"gitId":"-"},"content":"","lastModifiedDate":"2020-05-23"},{"lineNumber":34,"author":{"gitId":"xuwen-ho"},"content":"\u003cimg src\u003d\"images/xuwen-ho.png\" width\u003d\"200px\"\u003e","lastModifiedDate":"2024-03-07"},{"lineNumber":35,"author":{"gitId":"-"},"content":"","lastModifiedDate":"2020-05-23"},{"lineNumber":36,"author":{"gitId":"SimKianSeng"},"content":"[[github](http://github.com/xuwen-ho)]","lastModifiedDate":"2024-03-06"},{"lineNumber":37,"author":{"gitId":"xuwen-ho"},"content":"[[portfolio](team/xuwen-ho)]","lastModifiedDate":"2024-03-07"},{"lineNumber":38,"author":{"gitId":"-"},"content":"","lastModifiedDate":"2020-05-23"},{"lineNumber":39,"author":{"gitId":"YowSiaoKang"},"content":"- Role: Developer","lastModifiedDate":"2024-03-07"},{"lineNumber":40,"author":{"gitId":"YowSiaoKang"},"content":"- Responsibilities: In charge of deliverables and deadlines","lastModifiedDate":"2024-03-07"},{"lineNumber":41,"author":{"gitId":"-"},"content":"","lastModifiedDate":"2020-05-23"},{"lineNumber":42,"author":{"gitId":"SimKianSeng"},"content":"### Tay Zi Yi","lastModifiedDate":"2024-03-06"},{"lineNumber":43,"author":{"gitId":"-"},"content":"","lastModifiedDate":"2020-05-23"},{"lineNumber":44,"author":{"gitId":"tayziyi"},"content":"\u003cimg src\u003d\"images/tayziyi.png\" width\u003d\"200px\"\u003e","lastModifiedDate":"2024-03-07"},{"lineNumber":45,"author":{"gitId":"-"},"content":"","lastModifiedDate":"2020-05-23"},{"lineNumber":46,"author":{"gitId":"SimKianSeng"},"content":"[[github](http://github.com/tayziyi)]","lastModifiedDate":"2024-03-06"},{"lineNumber":47,"author":{"gitId":"SimKianSeng"},"content":"[[portfolio](team/tayziyi)]","lastModifiedDate":"2024-03-06"},{"lineNumber":48,"author":{"gitId":"-"},"content":"","lastModifiedDate":"2020-05-23"},{"lineNumber":49,"author":{"gitId":"YowSiaoKang"},"content":"- Role: Developer","lastModifiedDate":"2024-03-07"},{"lineNumber":50,"author":{"gitId":"YowSiaoKang"},"content":"- Responsibilities: In charge of code quality","lastModifiedDate":"2024-03-07"},{"lineNumber":51,"author":{"gitId":"-"},"content":"","lastModifiedDate":"2020-05-23"},{"lineNumber":52,"author":{"gitId":"SimKianSeng"},"content":"### Yow Siao Kang","lastModifiedDate":"2024-03-06"},{"lineNumber":53,"author":{"gitId":"-"},"content":"","lastModifiedDate":"2020-05-23"},{"lineNumber":54,"author":{"gitId":"YowSiaoKang"},"content":"\u003cimg src\u003d\"images/yowsiaokang.png\" width\u003d\"200px\"\u003e","lastModifiedDate":"2024-03-07"},{"lineNumber":55,"author":{"gitId":"-"},"content":"","lastModifiedDate":"2020-05-23"},{"lineNumber":56,"author":{"gitId":"SimKianSeng"},"content":"[[github](http://github.com/YowSiaoKang)]","lastModifiedDate":"2024-03-06"},{"lineNumber":57,"author":{"gitId":"SimKianSeng"},"content":"[[portfolio](team/yowsiaokang)]","lastModifiedDate":"2024-03-06"},{"lineNumber":58,"author":{"gitId":"-"},"content":"","lastModifiedDate":"2020-05-23"},{"lineNumber":59,"author":{"gitId":"YowSiaoKang"},"content":"- Role: Developer","lastModifiedDate":"2024-03-07"},{"lineNumber":60,"author":{"gitId":"YowSiaoKang"},"content":"- Responsibilities: In charge of testing","lastModifiedDate":"2024-03-07"}],"authorContributionMap":{"tayziyi":1,"Benson15912":2,"SimKianSeng":16,"xuwen-ho":2,"-":28,"YowSiaoKang":11}},{"path":"docs/DeveloperGuide.md","fileType":"docs","lines":[{"lineNumber":1,"author":{"gitId":"-"},"content":"---","lastModifiedDate":"2020-05-23"},{"lineNumber":2,"author":{"gitId":"-"},"content":"layout: page","lastModifiedDate":"2020-05-23"},{"lineNumber":3,"author":{"gitId":"-"},"content":"title: Developer Guide","lastModifiedDate":"2020-05-23"},{"lineNumber":4,"author":{"gitId":"-"},"content":"---","lastModifiedDate":"2020-05-23"},{"lineNumber":5,"author":{"gitId":"-"},"content":"* Table of Contents","lastModifiedDate":"2020-05-23"},{"lineNumber":6,"author":{"gitId":"-"},"content":"{:toc}","lastModifiedDate":"2020-05-23"},{"lineNumber":7,"author":{"gitId":"-"},"content":"","lastModifiedDate":"2020-05-23"},{"lineNumber":8,"author":{"gitId":"-"},"content":"--------------------------------------------------------------------------------------------------------------------","lastModifiedDate":"2020-05-23"},{"lineNumber":9,"author":{"gitId":"-"},"content":"","lastModifiedDate":"2021-07-30"},{"lineNumber":10,"author":{"gitId":"-"},"content":"## **Acknowledgements**","lastModifiedDate":"2021-07-30"},{"lineNumber":11,"author":{"gitId":"-"},"content":"","lastModifiedDate":"2021-07-30"},{"lineNumber":12,"author":{"gitId":"-"},"content":"* {list here sources of all reused/adapted ideas, code, documentation, and third-party libraries -- include links to the original source as well}","lastModifiedDate":"2021-07-30"},{"lineNumber":13,"author":{"gitId":"-"},"content":"","lastModifiedDate":"2021-07-30"},{"lineNumber":14,"author":{"gitId":"-"},"content":"--------------------------------------------------------------------------------------------------------------------","lastModifiedDate":"2021-07-30"},{"lineNumber":15,"author":{"gitId":"-"},"content":"","lastModifiedDate":"2020-05-23"},{"lineNumber":16,"author":{"gitId":"-"},"content":"## **Setting up, getting started**","lastModifiedDate":"2020-05-23"},{"lineNumber":17,"author":{"gitId":"-"},"content":"","lastModifiedDate":"2020-05-23"},{"lineNumber":18,"author":{"gitId":"-"},"content":"Refer to the guide [_Setting up and getting started_](SettingUp.md).","lastModifiedDate":"2020-05-23"},{"lineNumber":19,"author":{"gitId":"-"},"content":"","lastModifiedDate":"2020-05-23"},{"lineNumber":20,"author":{"gitId":"-"},"content":"--------------------------------------------------------------------------------------------------------------------","lastModifiedDate":"2020-05-23"},{"lineNumber":21,"author":{"gitId":"-"},"content":"","lastModifiedDate":"2020-05-23"},{"lineNumber":22,"author":{"gitId":"-"},"content":"## **Design**","lastModifiedDate":"2020-05-23"},{"lineNumber":23,"author":{"gitId":"-"},"content":"","lastModifiedDate":"2020-05-23"},{"lineNumber":24,"author":{"gitId":"-"},"content":"\u003cdiv markdown\u003d\"span\" class\u003d\"alert alert-primary\"\u003e","lastModifiedDate":"2021-07-31"},{"lineNumber":25,"author":{"gitId":"-"},"content":"","lastModifiedDate":"2020-05-23"},{"lineNumber":26,"author":{"gitId":"-"},"content":":bulb: **Tip:** The `.puml` files used to create diagrams in this document `docs/diagrams` folder. Refer to the [_PlantUML Tutorial_ at se-edu/guides](https://se-education.org/guides/tutorials/plantUml.html) to learn how to create and edit diagrams.","lastModifiedDate":"2023-09-03"},{"lineNumber":27,"author":{"gitId":"-"},"content":"\u003c/div\u003e","lastModifiedDate":"2021-07-31"},{"lineNumber":28,"author":{"gitId":"-"},"content":"","lastModifiedDate":"2020-05-23"},{"lineNumber":29,"author":{"gitId":"-"},"content":"### Architecture","lastModifiedDate":"2021-07-31"},{"lineNumber":30,"author":{"gitId":"-"},"content":"","lastModifiedDate":"2020-05-23"},{"lineNumber":31,"author":{"gitId":"-"},"content":"\u003cimg src\u003d\"images/ArchitectureDiagram.png\" width\u003d\"280\" /\u003e","lastModifiedDate":"2021-07-31"},{"lineNumber":32,"author":{"gitId":"-"},"content":"","lastModifiedDate":"2020-05-23"},{"lineNumber":33,"author":{"gitId":"-"},"content":"The ***Architecture Diagram*** given above explains the high-level design of the App.","lastModifiedDate":"2021-07-31"},{"lineNumber":34,"author":{"gitId":"-"},"content":"","lastModifiedDate":"2020-05-23"},{"lineNumber":35,"author":{"gitId":"-"},"content":"Given below is a quick overview of main components and how they interact with each other.","lastModifiedDate":"2021-07-31"},{"lineNumber":36,"author":{"gitId":"-"},"content":"","lastModifiedDate":"2021-07-31"},{"lineNumber":37,"author":{"gitId":"-"},"content":"**Main components of the architecture**","lastModifiedDate":"2021-07-31"},{"lineNumber":38,"author":{"gitId":"-"},"content":"","lastModifiedDate":"2020-05-23"},{"lineNumber":39,"author":{"gitId":"-"},"content":"**`Main`** (consisting of classes [`Main`](https://github.com/se-edu/addressbook-level3/tree/master/src/main/java/seedu/address/Main.java) and [`MainApp`](https://github.com/se-edu/addressbook-level3/tree/master/src/main/java/seedu/address/MainApp.java)) is in charge of the app launch and shut down.","lastModifiedDate":"2023-09-03"},{"lineNumber":40,"author":{"gitId":"-"},"content":"* At app launch, it initializes the other components in the correct sequence, and connects them up with each other.","lastModifiedDate":"2023-09-03"},{"lineNumber":41,"author":{"gitId":"-"},"content":"* At shut down, it shuts down the other components and invokes cleanup methods where necessary.","lastModifiedDate":"2023-09-03"},{"lineNumber":42,"author":{"gitId":"-"},"content":"","lastModifiedDate":"2020-05-23"},{"lineNumber":43,"author":{"gitId":"-"},"content":"The bulk of the app\u0027s work is done by the following four components:","lastModifiedDate":"2023-09-03"},{"lineNumber":44,"author":{"gitId":"-"},"content":"","lastModifiedDate":"2020-05-23"},{"lineNumber":45,"author":{"gitId":"-"},"content":"* [**`UI`**](#ui-component): The UI of the App.","lastModifiedDate":"2020-05-23"},{"lineNumber":46,"author":{"gitId":"-"},"content":"* [**`Logic`**](#logic-component): The command executor.","lastModifiedDate":"2020-05-23"},{"lineNumber":47,"author":{"gitId":"-"},"content":"* [**`Model`**](#model-component): Holds the data of the App in memory.","lastModifiedDate":"2020-05-23"},{"lineNumber":48,"author":{"gitId":"-"},"content":"* [**`Storage`**](#storage-component): Reads data from, and writes data to, the hard disk.","lastModifiedDate":"2020-05-23"},{"lineNumber":49,"author":{"gitId":"-"},"content":"","lastModifiedDate":"2020-05-23"},{"lineNumber":50,"author":{"gitId":"-"},"content":"[**`Commons`**](#common-classes) represents a collection of classes used by multiple other components.","lastModifiedDate":"2023-09-03"},{"lineNumber":51,"author":{"gitId":"-"},"content":"","lastModifiedDate":"2020-05-23"},{"lineNumber":52,"author":{"gitId":"-"},"content":"**How the architecture components interact with each other**","lastModifiedDate":"2020-05-23"},{"lineNumber":53,"author":{"gitId":"-"},"content":"","lastModifiedDate":"2020-05-23"},{"lineNumber":54,"author":{"gitId":"-"},"content":"The *Sequence Diagram* below shows how the components interact with each other for the scenario where the user issues the command `delete 1`.","lastModifiedDate":"2020-05-23"},{"lineNumber":55,"author":{"gitId":"-"},"content":"","lastModifiedDate":"2020-05-23"},{"lineNumber":56,"author":{"gitId":"-"},"content":"\u003cimg src\u003d\"images/ArchitectureSequenceDiagram.png\" width\u003d\"574\" /\u003e","lastModifiedDate":"2020-06-07"},{"lineNumber":57,"author":{"gitId":"-"},"content":"","lastModifiedDate":"2020-05-23"},{"lineNumber":58,"author":{"gitId":"-"},"content":"Each of the four main components (also shown in the diagram above),","lastModifiedDate":"2021-07-31"},{"lineNumber":59,"author":{"gitId":"-"},"content":"","lastModifiedDate":"2021-07-31"},{"lineNumber":60,"author":{"gitId":"-"},"content":"* defines its *API* in an `interface` with the same name as the Component.","lastModifiedDate":"2021-07-31"},{"lineNumber":61,"author":{"gitId":"-"},"content":"* implements its functionality using a concrete `{Component Name}Manager` class (which follows the corresponding API `interface` mentioned in the previous point.","lastModifiedDate":"2021-07-31"},{"lineNumber":62,"author":{"gitId":"-"},"content":"","lastModifiedDate":"2021-07-31"},{"lineNumber":63,"author":{"gitId":"-"},"content":"For example, the `Logic` component defines its API in the `Logic.java` interface and implements its functionality using the `LogicManager.java` class which follows the `Logic` interface. Other components interact with a given component through its interface rather than the concrete class (reason: to prevent outside component\u0027s being coupled to the implementation of a component), as illustrated in the (partial) class diagram below.","lastModifiedDate":"2021-07-31"},{"lineNumber":64,"author":{"gitId":"-"},"content":"","lastModifiedDate":"2021-07-31"},{"lineNumber":65,"author":{"gitId":"-"},"content":"\u003cimg src\u003d\"images/ComponentManagers.png\" width\u003d\"300\" /\u003e","lastModifiedDate":"2021-07-31"},{"lineNumber":66,"author":{"gitId":"-"},"content":"","lastModifiedDate":"2021-07-31"},{"lineNumber":67,"author":{"gitId":"-"},"content":"The sections below give more details of each component.","lastModifiedDate":"2020-05-23"},{"lineNumber":68,"author":{"gitId":"-"},"content":"","lastModifiedDate":"2020-05-23"},{"lineNumber":69,"author":{"gitId":"-"},"content":"### UI component","lastModifiedDate":"2020-05-23"},{"lineNumber":70,"author":{"gitId":"-"},"content":"","lastModifiedDate":"2020-05-23"},{"lineNumber":71,"author":{"gitId":"-"},"content":"The **API** of this component is specified in [`Ui.java`](https://github.com/se-edu/addressbook-level3/tree/master/src/main/java/seedu/address/ui/Ui.java)","lastModifiedDate":"2021-07-31"},{"lineNumber":72,"author":{"gitId":"-"},"content":"","lastModifiedDate":"2020-05-23"},{"lineNumber":73,"author":{"gitId":"-"},"content":"![Structure of the UI Component](images/UiClassDiagram.png)","lastModifiedDate":"2021-07-31"},{"lineNumber":74,"author":{"gitId":"-"},"content":"","lastModifiedDate":"2020-05-23"},{"lineNumber":75,"author":{"gitId":"-"},"content":"The UI consists of a `MainWindow` that is made up of parts e.g.`CommandBox`, `ResultDisplay`, `PersonListPanel`, `StatusBarFooter` etc. All these, including the `MainWindow`, inherit from the abstract `UiPart` class which captures the commonalities between classes that represent parts of the visible GUI.","lastModifiedDate":"2021-07-31"},{"lineNumber":76,"author":{"gitId":"-"},"content":"","lastModifiedDate":"2020-05-23"},{"lineNumber":77,"author":{"gitId":"-"},"content":"The `UI` component uses the JavaFx UI framework. The layout of these UI parts are defined in matching `.fxml` files that are in the `src/main/resources/view` folder. For example, the layout of the [`MainWindow`](https://github.com/se-edu/addressbook-level3/tree/master/src/main/java/seedu/address/ui/MainWindow.java) is specified in [`MainWindow.fxml`](https://github.com/se-edu/addressbook-level3/tree/master/src/main/resources/view/MainWindow.fxml)","lastModifiedDate":"2021-07-31"},{"lineNumber":78,"author":{"gitId":"-"},"content":"","lastModifiedDate":"2020-05-23"},{"lineNumber":79,"author":{"gitId":"-"},"content":"The `UI` component,","lastModifiedDate":"2020-05-23"},{"lineNumber":80,"author":{"gitId":"-"},"content":"","lastModifiedDate":"2020-05-23"},{"lineNumber":81,"author":{"gitId":"-"},"content":"* executes user commands using the `Logic` component.","lastModifiedDate":"2021-07-31"},{"lineNumber":82,"author":{"gitId":"-"},"content":"* listens for changes to `Model` data so that the UI can be updated with the modified data.","lastModifiedDate":"2021-07-31"},{"lineNumber":83,"author":{"gitId":"-"},"content":"* keeps a reference to the `Logic` component, because the `UI` relies on the `Logic` to execute commands.","lastModifiedDate":"2021-07-31"},{"lineNumber":84,"author":{"gitId":"-"},"content":"* depends on some classes in the `Model` component, as it displays `Person` object residing in the `Model`.","lastModifiedDate":"2021-07-31"},{"lineNumber":85,"author":{"gitId":"-"},"content":"","lastModifiedDate":"2020-05-23"},{"lineNumber":86,"author":{"gitId":"-"},"content":"### Logic component","lastModifiedDate":"2020-05-23"},{"lineNumber":87,"author":{"gitId":"-"},"content":"","lastModifiedDate":"2020-05-23"},{"lineNumber":88,"author":{"gitId":"-"},"content":"**API** : [`Logic.java`](https://github.com/se-edu/addressbook-level3/tree/master/src/main/java/seedu/address/logic/Logic.java)","lastModifiedDate":"2021-07-31"},{"lineNumber":89,"author":{"gitId":"-"},"content":"","lastModifiedDate":"2020-05-23"},{"lineNumber":90,"author":{"gitId":"-"},"content":"Here\u0027s a (partial) class diagram of the `Logic` component:","lastModifiedDate":"2021-07-31"},{"lineNumber":91,"author":{"gitId":"-"},"content":"","lastModifiedDate":"2020-05-23"},{"lineNumber":92,"author":{"gitId":"-"},"content":"\u003cimg src\u003d\"images/LogicClassDiagram.png\" width\u003d\"550\"/\u003e","lastModifiedDate":"2021-07-31"},{"lineNumber":93,"author":{"gitId":"-"},"content":"","lastModifiedDate":"2020-05-23"},{"lineNumber":94,"author":{"gitId":"-"},"content":"The sequence diagram below illustrates the interactions within the `Logic` component, taking `execute(\"delete 1\")` API call as an example.","lastModifiedDate":"2023-09-03"},{"lineNumber":95,"author":{"gitId":"-"},"content":"","lastModifiedDate":"2020-05-23"},{"lineNumber":96,"author":{"gitId":"-"},"content":"![Interactions Inside the Logic Component for the `delete 1` Command](images/DeleteSequenceDiagram.png)","lastModifiedDate":"2020-05-23"},{"lineNumber":97,"author":{"gitId":"-"},"content":"","lastModifiedDate":"2020-05-23"},{"lineNumber":98,"author":{"gitId":"-"},"content":"\u003cdiv markdown\u003d\"span\" class\u003d\"alert alert-info\"\u003e:information_source: **Note:** The lifeline for `DeleteCommandParser` should end at the destroy marker (X) but due to a limitation of PlantUML, the lifeline continues till the end of diagram.","lastModifiedDate":"2024-02-09"},{"lineNumber":99,"author":{"gitId":"-"},"content":"\u003c/div\u003e","lastModifiedDate":"2020-05-23"},{"lineNumber":100,"author":{"gitId":"-"},"content":"","lastModifiedDate":"2020-05-23"},{"lineNumber":101,"author":{"gitId":"-"},"content":"How the `Logic` component works:","lastModifiedDate":"2023-09-03"},{"lineNumber":102,"author":{"gitId":"-"},"content":"","lastModifiedDate":"2023-09-03"},{"lineNumber":103,"author":{"gitId":"-"},"content":"1. When `Logic` is called upon to execute a command, it is passed to an `AddressBookParser` object which in turn creates a parser that matches the command (e.g., `DeleteCommandParser`) and uses it to parse the command.","lastModifiedDate":"2023-09-03"},{"lineNumber":104,"author":{"gitId":"-"},"content":"1. This results in a `Command` object (more precisely, an object of one of its subclasses e.g., `DeleteCommand`) which is executed by the `LogicManager`.","lastModifiedDate":"2023-09-03"},{"lineNumber":105,"author":{"gitId":"-"},"content":"1. The command can communicate with the `Model` when it is executed (e.g. to delete a person).\u003cbr\u003e","lastModifiedDate":"2024-02-09"},{"lineNumber":106,"author":{"gitId":"-"},"content":"   Note that although this is shown as a single step in the diagram above (for simplicity), in the code it can take several interactions (between the command object and the `Model`) to achieve.","lastModifiedDate":"2024-02-09"},{"lineNumber":107,"author":{"gitId":"-"},"content":"1. The result of the command execution is encapsulated as a `CommandResult` object which is returned back from `Logic`.","lastModifiedDate":"2023-09-03"},{"lineNumber":108,"author":{"gitId":"-"},"content":"","lastModifiedDate":"2023-09-03"},{"lineNumber":109,"author":{"gitId":"-"},"content":"Here are the other classes in `Logic` (omitted from the class diagram above) that are used for parsing a user command:","lastModifiedDate":"2021-07-31"},{"lineNumber":110,"author":{"gitId":"-"},"content":"","lastModifiedDate":"2021-07-31"},{"lineNumber":111,"author":{"gitId":"-"},"content":"\u003cimg src\u003d\"images/ParserClasses.png\" width\u003d\"600\"/\u003e","lastModifiedDate":"2021-07-31"},{"lineNumber":112,"author":{"gitId":"-"},"content":"","lastModifiedDate":"2020-05-23"},{"lineNumber":113,"author":{"gitId":"-"},"content":"How the parsing works:","lastModifiedDate":"2021-07-31"},{"lineNumber":114,"author":{"gitId":"-"},"content":"* When called upon to parse a user command, the `AddressBookParser` class creates an `XYZCommandParser` (`XYZ` is a placeholder for the specific command name e.g., `AddCommandParser`) which uses the other classes shown above to parse the user command and create a `XYZCommand` object (e.g., `AddCommand`) which the `AddressBookParser` returns back as a `Command` object.","lastModifiedDate":"2021-07-31"},{"lineNumber":115,"author":{"gitId":"-"},"content":"* All `XYZCommandParser` classes (e.g., `AddCommandParser`, `DeleteCommandParser`, ...) inherit from the `Parser` interface so that they can be treated similarly where possible e.g, during testing.","lastModifiedDate":"2021-07-31"},{"lineNumber":116,"author":{"gitId":"-"},"content":"","lastModifiedDate":"2020-05-23"},{"lineNumber":117,"author":{"gitId":"-"},"content":"### Model component","lastModifiedDate":"2021-07-31"},{"lineNumber":118,"author":{"gitId":"-"},"content":"**API** : [`Model.java`](https://github.com/se-edu/addressbook-level3/tree/master/src/main/java/seedu/address/model/Model.java)","lastModifiedDate":"2020-05-23"},{"lineNumber":119,"author":{"gitId":"-"},"content":"","lastModifiedDate":"2020-05-23"},{"lineNumber":120,"author":{"gitId":"-"},"content":"\u003cimg src\u003d\"images/ModelClassDiagram.png\" width\u003d\"450\" /\u003e","lastModifiedDate":"2021-07-31"},{"lineNumber":121,"author":{"gitId":"-"},"content":"","lastModifiedDate":"2020-05-23"},{"lineNumber":122,"author":{"gitId":"-"},"content":"","lastModifiedDate":"2020-05-23"},{"lineNumber":123,"author":{"gitId":"-"},"content":"The `Model` component,","lastModifiedDate":"2021-07-31"},{"lineNumber":124,"author":{"gitId":"-"},"content":"","lastModifiedDate":"2020-05-23"},{"lineNumber":125,"author":{"gitId":"-"},"content":"* stores the address book data i.e., all `Person` objects (which are contained in a `UniquePersonList` object).","lastModifiedDate":"2021-07-31"},{"lineNumber":126,"author":{"gitId":"-"},"content":"* stores the currently \u0027selected\u0027 `Person` objects (e.g., results of a search query) as a separate _filtered_ list which is exposed to outsiders as an unmodifiable `ObservableList\u003cPerson\u003e` that can be \u0027observed\u0027 e.g. the UI can be bound to this list so that the UI automatically updates when the data in the list change.","lastModifiedDate":"2021-07-31"},{"lineNumber":127,"author":{"gitId":"-"},"content":"* stores a `UserPref` object that represents the user’s preferences. This is exposed to the outside as a `ReadOnlyUserPref` objects.","lastModifiedDate":"2021-07-31"},{"lineNumber":128,"author":{"gitId":"-"},"content":"* does not depend on any of the other three components (as the `Model` represents data entities of the domain, they should make sense on their own without depending on other components)","lastModifiedDate":"2021-07-31"},{"lineNumber":129,"author":{"gitId":"-"},"content":"","lastModifiedDate":"2021-07-31"},{"lineNumber":130,"author":{"gitId":"-"},"content":"\u003cdiv markdown\u003d\"span\" class\u003d\"alert alert-info\"\u003e:information_source: **Note:** An alternative (arguably, a more OOP) model is given below. It has a `Tag` list in the `AddressBook`, which `Person` references. This allows `AddressBook` to only require one `Tag` object per unique tag, instead of each `Person` needing their own `Tag` objects.\u003cbr\u003e","lastModifiedDate":"2021-07-31"},{"lineNumber":131,"author":{"gitId":"-"},"content":"","lastModifiedDate":"2021-07-31"},{"lineNumber":132,"author":{"gitId":"-"},"content":"\u003cimg src\u003d\"images/BetterModelClassDiagram.png\" width\u003d\"450\" /\u003e","lastModifiedDate":"2021-07-31"},{"lineNumber":133,"author":{"gitId":"-"},"content":"","lastModifiedDate":"2020-05-23"},{"lineNumber":134,"author":{"gitId":"-"},"content":"\u003c/div\u003e","lastModifiedDate":"2020-05-23"},{"lineNumber":135,"author":{"gitId":"-"},"content":"","lastModifiedDate":"2020-05-23"},{"lineNumber":136,"author":{"gitId":"-"},"content":"","lastModifiedDate":"2020-05-23"},{"lineNumber":137,"author":{"gitId":"-"},"content":"### Storage component","lastModifiedDate":"2020-05-23"},{"lineNumber":138,"author":{"gitId":"-"},"content":"","lastModifiedDate":"2020-05-23"},{"lineNumber":139,"author":{"gitId":"-"},"content":"**API** : [`Storage.java`](https://github.com/se-edu/addressbook-level3/tree/master/src/main/java/seedu/address/storage/Storage.java)","lastModifiedDate":"2020-05-23"},{"lineNumber":140,"author":{"gitId":"-"},"content":"","lastModifiedDate":"2020-05-23"},{"lineNumber":141,"author":{"gitId":"-"},"content":"\u003cimg src\u003d\"images/StorageClassDiagram.png\" width\u003d\"550\" /\u003e","lastModifiedDate":"2021-07-31"},{"lineNumber":142,"author":{"gitId":"-"},"content":"","lastModifiedDate":"2021-07-31"},{"lineNumber":143,"author":{"gitId":"-"},"content":"The `Storage` component,","lastModifiedDate":"2020-05-23"},{"lineNumber":144,"author":{"gitId":"-"},"content":"* can save both address book data and user preference data in JSON format, and read them back into corresponding objects.","lastModifiedDate":"2023-09-03"},{"lineNumber":145,"author":{"gitId":"-"},"content":"* inherits from both `AddressBookStorage` and `UserPrefStorage`, which means it can be treated as either one (if only the functionality of only one is needed).","lastModifiedDate":"2021-07-31"},{"lineNumber":146,"author":{"gitId":"-"},"content":"* depends on some classes in the `Model` component (because the `Storage` component\u0027s job is to save/retrieve objects that belong to the `Model`)","lastModifiedDate":"2021-07-21"},{"lineNumber":147,"author":{"gitId":"-"},"content":"","lastModifiedDate":"2020-05-23"},{"lineNumber":148,"author":{"gitId":"-"},"content":"### Common classes","lastModifiedDate":"2020-05-23"},{"lineNumber":149,"author":{"gitId":"-"},"content":"","lastModifiedDate":"2020-05-23"},{"lineNumber":150,"author":{"gitId":"-"},"content":"Classes used by multiple components are in the `seedu.addressbook.commons` package.","lastModifiedDate":"2020-05-23"},{"lineNumber":151,"author":{"gitId":"-"},"content":"","lastModifiedDate":"2020-05-23"},{"lineNumber":152,"author":{"gitId":"-"},"content":"--------------------------------------------------------------------------------------------------------------------","lastModifiedDate":"2020-05-23"},{"lineNumber":153,"author":{"gitId":"-"},"content":"","lastModifiedDate":"2020-05-23"},{"lineNumber":154,"author":{"gitId":"-"},"content":"## **Implementation**","lastModifiedDate":"2020-05-23"},{"lineNumber":155,"author":{"gitId":"-"},"content":"","lastModifiedDate":"2020-05-23"},{"lineNumber":156,"author":{"gitId":"-"},"content":"This section describes some noteworthy details on how certain features are implemented.","lastModifiedDate":"2020-05-23"},{"lineNumber":157,"author":{"gitId":"-"},"content":"","lastModifiedDate":"2020-05-23"},{"lineNumber":158,"author":{"gitId":"-"},"content":"### \\[Proposed\\] Undo/redo feature","lastModifiedDate":"2020-06-07"},{"lineNumber":159,"author":{"gitId":"-"},"content":"","lastModifiedDate":"2020-05-23"},{"lineNumber":160,"author":{"gitId":"-"},"content":"#### Proposed Implementation","lastModifiedDate":"2020-05-23"},{"lineNumber":161,"author":{"gitId":"-"},"content":"","lastModifiedDate":"2020-05-23"},{"lineNumber":162,"author":{"gitId":"-"},"content":"The proposed undo/redo mechanism is facilitated by `VersionedAddressBook`. It extends `AddressBook` with an undo/redo history, stored internally as an `addressBookStateList` and `currentStatePointer`. Additionally, it implements the following operations:","lastModifiedDate":"2020-05-23"},{"lineNumber":163,"author":{"gitId":"-"},"content":"","lastModifiedDate":"2020-05-23"},{"lineNumber":164,"author":{"gitId":"-"},"content":"* `VersionedAddressBook#commit()` — Saves the current address book state in its history.","lastModifiedDate":"2020-05-23"},{"lineNumber":165,"author":{"gitId":"-"},"content":"* `VersionedAddressBook#undo()` — Restores the previous address book state from its history.","lastModifiedDate":"2020-05-23"},{"lineNumber":166,"author":{"gitId":"-"},"content":"* `VersionedAddressBook#redo()` — Restores a previously undone address book state from its history.","lastModifiedDate":"2020-05-23"},{"lineNumber":167,"author":{"gitId":"-"},"content":"","lastModifiedDate":"2020-05-23"},{"lineNumber":168,"author":{"gitId":"-"},"content":"These operations are exposed in the `Model` interface as `Model#commitAddressBook()`, `Model#undoAddressBook()` and `Model#redoAddressBook()` respectively.","lastModifiedDate":"2020-05-23"},{"lineNumber":169,"author":{"gitId":"-"},"content":"","lastModifiedDate":"2020-05-23"},{"lineNumber":170,"author":{"gitId":"-"},"content":"Given below is an example usage scenario and how the undo/redo mechanism behaves at each step.","lastModifiedDate":"2020-05-23"},{"lineNumber":171,"author":{"gitId":"-"},"content":"","lastModifiedDate":"2020-05-23"},{"lineNumber":172,"author":{"gitId":"-"},"content":"Step 1. The user launches the application for the first time. The `VersionedAddressBook` will be initialized with the initial address book state, and the `currentStatePointer` pointing to that single address book state.","lastModifiedDate":"2020-05-23"},{"lineNumber":173,"author":{"gitId":"-"},"content":"","lastModifiedDate":"2020-05-23"},{"lineNumber":174,"author":{"gitId":"-"},"content":"![UndoRedoState0](images/UndoRedoState0.png)","lastModifiedDate":"2020-05-23"},{"lineNumber":175,"author":{"gitId":"-"},"content":"","lastModifiedDate":"2020-05-23"},{"lineNumber":176,"author":{"gitId":"-"},"content":"Step 2. The user executes `delete 5` command to delete the 5th person in the address book. The `delete` command calls `Model#commitAddressBook()`, causing the modified state of the address book after the `delete 5` command executes to be saved in the `addressBookStateList`, and the `currentStatePointer` is shifted to the newly inserted address book state.","lastModifiedDate":"2020-05-23"},{"lineNumber":177,"author":{"gitId":"-"},"content":"","lastModifiedDate":"2020-05-23"},{"lineNumber":178,"author":{"gitId":"-"},"content":"![UndoRedoState1](images/UndoRedoState1.png)","lastModifiedDate":"2020-05-23"},{"lineNumber":179,"author":{"gitId":"-"},"content":"","lastModifiedDate":"2020-05-23"},{"lineNumber":180,"author":{"gitId":"-"},"content":"Step 3. The user executes `add n/David …​` to add a new person. The `add` command also calls `Model#commitAddressBook()`, causing another modified address book state to be saved into the `addressBookStateList`.","lastModifiedDate":"2020-05-23"},{"lineNumber":181,"author":{"gitId":"-"},"content":"","lastModifiedDate":"2020-05-23"},{"lineNumber":182,"author":{"gitId":"-"},"content":"![UndoRedoState2](images/UndoRedoState2.png)","lastModifiedDate":"2020-05-23"},{"lineNumber":183,"author":{"gitId":"-"},"content":"","lastModifiedDate":"2020-05-23"},{"lineNumber":184,"author":{"gitId":"-"},"content":"\u003cdiv markdown\u003d\"span\" class\u003d\"alert alert-info\"\u003e:information_source: **Note:** If a command fails its execution, it will not call `Model#commitAddressBook()`, so the address book state will not be saved into the `addressBookStateList`.","lastModifiedDate":"2020-05-23"},{"lineNumber":185,"author":{"gitId":"-"},"content":"","lastModifiedDate":"2020-05-23"},{"lineNumber":186,"author":{"gitId":"-"},"content":"\u003c/div\u003e","lastModifiedDate":"2020-05-23"},{"lineNumber":187,"author":{"gitId":"-"},"content":"","lastModifiedDate":"2020-05-23"},{"lineNumber":188,"author":{"gitId":"-"},"content":"Step 4. The user now decides that adding the person was a mistake, and decides to undo that action by executing the `undo` command. The `undo` command will call `Model#undoAddressBook()`, which will shift the `currentStatePointer` once to the left, pointing it to the previous address book state, and restores the address book to that state.","lastModifiedDate":"2020-05-23"},{"lineNumber":189,"author":{"gitId":"-"},"content":"","lastModifiedDate":"2020-05-23"},{"lineNumber":190,"author":{"gitId":"-"},"content":"![UndoRedoState3](images/UndoRedoState3.png)","lastModifiedDate":"2020-05-23"},{"lineNumber":191,"author":{"gitId":"-"},"content":"","lastModifiedDate":"2020-05-23"},{"lineNumber":192,"author":{"gitId":"-"},"content":"\u003cdiv markdown\u003d\"span\" class\u003d\"alert alert-info\"\u003e:information_source: **Note:** If the `currentStatePointer` is at index 0, pointing to the initial AddressBook state, then there are no previous AddressBook states to restore. The `undo` command uses `Model#canUndoAddressBook()` to check if this is the case. If so, it will return an error to the user rather","lastModifiedDate":"2020-05-23"},{"lineNumber":193,"author":{"gitId":"-"},"content":"than attempting to perform the undo.","lastModifiedDate":"2020-05-23"},{"lineNumber":194,"author":{"gitId":"-"},"content":"","lastModifiedDate":"2020-05-23"},{"lineNumber":195,"author":{"gitId":"-"},"content":"\u003c/div\u003e","lastModifiedDate":"2020-05-23"},{"lineNumber":196,"author":{"gitId":"-"},"content":"","lastModifiedDate":"2020-05-23"},{"lineNumber":197,"author":{"gitId":"-"},"content":"The following sequence diagram shows how an undo operation goes through the `Logic` component:","lastModifiedDate":"2024-02-09"},{"lineNumber":198,"author":{"gitId":"-"},"content":"","lastModifiedDate":"2020-05-23"},{"lineNumber":199,"author":{"gitId":"-"},"content":"![UndoSequenceDiagram](images/UndoSequenceDiagram-Logic.png)","lastModifiedDate":"2024-02-09"},{"lineNumber":200,"author":{"gitId":"-"},"content":"","lastModifiedDate":"2020-05-23"},{"lineNumber":201,"author":{"gitId":"-"},"content":"\u003cdiv markdown\u003d\"span\" class\u003d\"alert alert-info\"\u003e:information_source: **Note:** The lifeline for `UndoCommand` should end at the destroy marker (X) but due to a limitation of PlantUML, the lifeline reaches the end of diagram.","lastModifiedDate":"2020-05-23"},{"lineNumber":202,"author":{"gitId":"-"},"content":"","lastModifiedDate":"2020-05-23"},{"lineNumber":203,"author":{"gitId":"-"},"content":"\u003c/div\u003e","lastModifiedDate":"2020-05-23"},{"lineNumber":204,"author":{"gitId":"-"},"content":"","lastModifiedDate":"2020-05-23"},{"lineNumber":205,"author":{"gitId":"-"},"content":"Similarly, how an undo operation goes through the `Model` component is shown below:","lastModifiedDate":"2024-02-09"},{"lineNumber":206,"author":{"gitId":"-"},"content":"","lastModifiedDate":"2024-02-09"},{"lineNumber":207,"author":{"gitId":"-"},"content":"![UndoSequenceDiagram](images/UndoSequenceDiagram-Model.png)","lastModifiedDate":"2024-02-09"},{"lineNumber":208,"author":{"gitId":"-"},"content":"","lastModifiedDate":"2024-02-09"},{"lineNumber":209,"author":{"gitId":"-"},"content":"The `redo` command does the opposite — it calls `Model#redoAddressBook()`, which shifts the `currentStatePointer` once to the right, pointing to the previously undone state, and restores the address book to that state.","lastModifiedDate":"2020-05-23"},{"lineNumber":210,"author":{"gitId":"-"},"content":"","lastModifiedDate":"2020-05-23"},{"lineNumber":211,"author":{"gitId":"-"},"content":"\u003cdiv markdown\u003d\"span\" class\u003d\"alert alert-info\"\u003e:information_source: **Note:** If the `currentStatePointer` is at index `addressBookStateList.size() - 1`, pointing to the latest address book state, then there are no undone AddressBook states to restore. The `redo` command uses `Model#canRedoAddressBook()` to check if this is the case. If so, it will return an error to the user rather than attempting to perform the redo.","lastModifiedDate":"2020-05-23"},{"lineNumber":212,"author":{"gitId":"-"},"content":"","lastModifiedDate":"2020-05-23"},{"lineNumber":213,"author":{"gitId":"-"},"content":"\u003c/div\u003e","lastModifiedDate":"2020-05-23"},{"lineNumber":214,"author":{"gitId":"-"},"content":"","lastModifiedDate":"2020-05-23"},{"lineNumber":215,"author":{"gitId":"-"},"content":"Step 5. The user then decides to execute the command `list`. Commands that do not modify the address book, such as `list`, will usually not call `Model#commitAddressBook()`, `Model#undoAddressBook()` or `Model#redoAddressBook()`. Thus, the `addressBookStateList` remains unchanged.","lastModifiedDate":"2020-05-23"},{"lineNumber":216,"author":{"gitId":"-"},"content":"","lastModifiedDate":"2020-05-23"},{"lineNumber":217,"author":{"gitId":"-"},"content":"![UndoRedoState4](images/UndoRedoState4.png)","lastModifiedDate":"2020-05-23"},{"lineNumber":218,"author":{"gitId":"-"},"content":"","lastModifiedDate":"2020-05-23"},{"lineNumber":219,"author":{"gitId":"-"},"content":"Step 6. The user executes `clear`, which calls `Model#commitAddressBook()`. Since the `currentStatePointer` is not pointing at the end of the `addressBookStateList`, all address book states after the `currentStatePointer` will be purged. Reason: It no longer makes sense to redo the `add n/David …​` command. This is the behavior that most modern desktop applications follow.","lastModifiedDate":"2020-05-23"},{"lineNumber":220,"author":{"gitId":"-"},"content":"","lastModifiedDate":"2020-05-23"},{"lineNumber":221,"author":{"gitId":"-"},"content":"![UndoRedoState5](images/UndoRedoState5.png)","lastModifiedDate":"2020-05-23"},{"lineNumber":222,"author":{"gitId":"-"},"content":"","lastModifiedDate":"2020-05-23"},{"lineNumber":223,"author":{"gitId":"-"},"content":"The following activity diagram summarizes what happens when a user executes a new command:","lastModifiedDate":"2020-05-23"},{"lineNumber":224,"author":{"gitId":"-"},"content":"","lastModifiedDate":"2020-05-23"},{"lineNumber":225,"author":{"gitId":"-"},"content":"\u003cimg src\u003d\"images/CommitActivityDiagram.png\" width\u003d\"250\" /\u003e","lastModifiedDate":"2021-07-31"},{"lineNumber":226,"author":{"gitId":"-"},"content":"","lastModifiedDate":"2020-05-23"},{"lineNumber":227,"author":{"gitId":"-"},"content":"#### Design considerations:","lastModifiedDate":"2021-07-31"},{"lineNumber":228,"author":{"gitId":"-"},"content":"","lastModifiedDate":"2020-05-23"},{"lineNumber":229,"author":{"gitId":"-"},"content":"**Aspect: How undo \u0026 redo executes:**","lastModifiedDate":"2021-07-31"},{"lineNumber":230,"author":{"gitId":"-"},"content":"","lastModifiedDate":"2020-05-23"},{"lineNumber":231,"author":{"gitId":"-"},"content":"* **Alternative 1 (current choice):** Saves the entire address book.","lastModifiedDate":"2020-05-23"},{"lineNumber":232,"author":{"gitId":"-"},"content":"  * Pros: Easy to implement.","lastModifiedDate":"2020-05-23"},{"lineNumber":233,"author":{"gitId":"-"},"content":"  * Cons: May have performance issues in terms of memory usage.","lastModifiedDate":"2020-05-23"},{"lineNumber":234,"author":{"gitId":"-"},"content":"","lastModifiedDate":"2020-05-23"},{"lineNumber":235,"author":{"gitId":"-"},"content":"* **Alternative 2:** Individual command knows how to undo/redo by","lastModifiedDate":"2020-05-23"},{"lineNumber":236,"author":{"gitId":"-"},"content":"  itself.","lastModifiedDate":"2020-05-23"},{"lineNumber":237,"author":{"gitId":"-"},"content":"  * Pros: Will use less memory (e.g. for `delete`, just save the person being deleted).","lastModifiedDate":"2020-05-23"},{"lineNumber":238,"author":{"gitId":"-"},"content":"  * Cons: We must ensure that the implementation of each individual command are correct.","lastModifiedDate":"2020-05-23"},{"lineNumber":239,"author":{"gitId":"-"},"content":"","lastModifiedDate":"2020-05-23"},{"lineNumber":240,"author":{"gitId":"-"},"content":"_{more aspects and alternatives to be added}_","lastModifiedDate":"2020-05-23"},{"lineNumber":241,"author":{"gitId":"-"},"content":"","lastModifiedDate":"2020-05-23"},{"lineNumber":242,"author":{"gitId":"-"},"content":"### \\[Proposed\\] Data archiving","lastModifiedDate":"2020-05-23"},{"lineNumber":243,"author":{"gitId":"-"},"content":"","lastModifiedDate":"2020-05-23"},{"lineNumber":244,"author":{"gitId":"-"},"content":"_{Explain here how the data archiving feature will be implemented}_","lastModifiedDate":"2020-05-23"},{"lineNumber":245,"author":{"gitId":"-"},"content":"","lastModifiedDate":"2020-05-23"},{"lineNumber":246,"author":{"gitId":"-"},"content":"","lastModifiedDate":"2020-05-23"},{"lineNumber":247,"author":{"gitId":"-"},"content":"--------------------------------------------------------------------------------------------------------------------","lastModifiedDate":"2020-05-23"},{"lineNumber":248,"author":{"gitId":"-"},"content":"","lastModifiedDate":"2020-05-23"},{"lineNumber":249,"author":{"gitId":"-"},"content":"## **Documentation, logging, testing, configuration, dev-ops**","lastModifiedDate":"2020-06-07"},{"lineNumber":250,"author":{"gitId":"-"},"content":"","lastModifiedDate":"2020-05-23"},{"lineNumber":251,"author":{"gitId":"-"},"content":"* [Documentation guide](Documentation.md)","lastModifiedDate":"2020-06-07"},{"lineNumber":252,"author":{"gitId":"-"},"content":"* [Testing guide](Testing.md)","lastModifiedDate":"2020-06-07"},{"lineNumber":253,"author":{"gitId":"-"},"content":"* [Logging guide](Logging.md)","lastModifiedDate":"2020-06-07"},{"lineNumber":254,"author":{"gitId":"-"},"content":"* [Configuration guide](Configuration.md)","lastModifiedDate":"2020-06-07"},{"lineNumber":255,"author":{"gitId":"-"},"content":"* [DevOps guide](DevOps.md)","lastModifiedDate":"2020-06-07"},{"lineNumber":256,"author":{"gitId":"-"},"content":"","lastModifiedDate":"2020-05-23"},{"lineNumber":257,"author":{"gitId":"-"},"content":"--------------------------------------------------------------------------------------------------------------------","lastModifiedDate":"2020-05-23"},{"lineNumber":258,"author":{"gitId":"-"},"content":"","lastModifiedDate":"2020-05-23"},{"lineNumber":259,"author":{"gitId":"-"},"content":"## **Appendix: Requirements**","lastModifiedDate":"2020-05-23"},{"lineNumber":260,"author":{"gitId":"-"},"content":"","lastModifiedDate":"2020-05-23"},{"lineNumber":261,"author":{"gitId":"-"},"content":"### Product scope","lastModifiedDate":"2020-05-23"},{"lineNumber":262,"author":{"gitId":"-"},"content":"","lastModifiedDate":"2020-05-23"},{"lineNumber":263,"author":{"gitId":"xuwen-ho"},"content":"**Target User Profile**:","lastModifiedDate":"2024-03-06"},{"lineNumber":264,"author":{"gitId":"-"},"content":"","lastModifiedDate":"2020-05-23"},{"lineNumber":265,"author":{"gitId":"xuwen-ho"},"content":"- Bob is the coordinator of a volunteer befriending organization.","lastModifiedDate":"2024-03-06"},{"lineNumber":266,"author":{"gitId":"xuwen-ho"},"content":"- He can type fast due to his 20 years of experience working in an office job.","lastModifiedDate":"2024-03-06"},{"lineNumber":267,"author":{"gitId":"xuwen-ho"},"content":"- He has carpal tunnel and would appreciate tools to reduce typing.","lastModifiedDate":"2024-03-06"},{"lineNumber":268,"author":{"gitId":"xuwen-ho"},"content":"- His day-to-day job involves matching volunteers and beneficiaries based on availability.","lastModifiedDate":"2024-03-06"},{"lineNumber":269,"author":{"gitId":"xuwen-ho"},"content":"- He is forgetful and often forgets the assignments he has made.","lastModifiedDate":"2024-03-06"},{"lineNumber":270,"author":{"gitId":"xuwen-ho"},"content":"- He has bad eyesight and cannot see small or low-contrast texts.","lastModifiedDate":"2024-03-06"},{"lineNumber":271,"author":{"gitId":"-"},"content":"","lastModifiedDate":"2020-05-23"},{"lineNumber":272,"author":{"gitId":"xuwen-ho"},"content":"**Value Proposition**:","lastModifiedDate":"2024-03-06"},{"lineNumber":273,"author":{"gitId":"-"},"content":"","lastModifiedDate":"2020-05-23"},{"lineNumber":274,"author":{"gitId":"xuwen-ho"},"content":"Match streamlines volunteer management, facilitating efficient scheduling and coordination of volunteers, ultimately saving time and resources for organizations focused on social impact. It helps Bob efficiently manage a diverse group of volunteers by tracking their availability.","lastModifiedDate":"2024-03-06"},{"lineNumber":275,"author":{"gitId":"-"},"content":"","lastModifiedDate":"2020-05-23"},{"lineNumber":276,"author":{"gitId":"xuwen-ho"},"content":"**User Stories**:","lastModifiedDate":"2024-03-06"},{"lineNumber":277,"author":{"gitId":"-"},"content":"","lastModifiedDate":"2020-05-23"},{"lineNumber":278,"author":{"gitId":"xuwen-ho"},"content":"Priority: High (must have) - `***`, Medium (nice to have) - `**`, Low (unlikely to have) - `*`","lastModifiedDate":"2024-03-07"},{"lineNumber":279,"author":{"gitId":"-"},"content":"","lastModifiedDate":"2020-05-23"},{"lineNumber":280,"author":{"gitId":"xuwen-ho"},"content":"| Priority | As a … | I want to … | So that I can… |","lastModifiedDate":"2024-03-06"},{"lineNumber":281,"author":{"gitId":"-"},"content":"| -------- | ------------------------------------------ | ------------------------------ | ---------------------------------------------------------------------- |","lastModifiedDate":"2020-05-23"},{"lineNumber":282,"author":{"gitId":"xuwen-ho"},"content":"| `*` | new user | see usage instructions | refer to instructions when I forget how to use the App |","lastModifiedDate":"2024-03-06"},{"lineNumber":283,"author":{"gitId":"xuwen-ho"},"content":"| `***` | coordinator | add a new volunteer | keep track of all volunteers in the organization |","lastModifiedDate":"2024-03-06"},{"lineNumber":284,"author":{"gitId":"xuwen-ho"},"content":"| `***` | coordinator | view a volunteer\u0027s details | match volunteers with beneficiaries based on their availability, skills, and interests |","lastModifiedDate":"2024-03-06"},{"lineNumber":285,"author":{"gitId":"xuwen-ho"},"content":"| `***` | coordinator | update a volunteer\u0027s information | keep volunteer information up-to-date |","lastModifiedDate":"2024-03-06"},{"lineNumber":286,"author":{"gitId":"xuwen-ho"},"content":"| `***` | coordinator | delete a volunteer | remove volunteers who are no longer with the organization |","lastModifiedDate":"2024-03-06"},{"lineNumber":287,"author":{"gitId":"xuwen-ho"},"content":"| `***` | coordinator | find volunteers by name | quickly locate a specific volunteer\u0027s information |","lastModifiedDate":"2024-03-06"},{"lineNumber":288,"author":{"gitId":"xuwen-ho"},"content":"| `**` | coordinator | view a list of all volunteers | have an overview of all registered volunteers |","lastModifiedDate":"2024-03-06"},{"lineNumber":289,"author":{"gitId":"xuwen-ho"},"content":"| `**` | coordinator | find volunteers by availability | match volunteers with beneficiaries based on their availability |","lastModifiedDate":"2024-03-06"},{"lineNumber":290,"author":{"gitId":"xuwen-ho"},"content":"| `*` | coordinator | use a GUI with large fonts and high contrast | easily view information with my bad eyesight |","lastModifiedDate":"2024-03-06"},{"lineNumber":291,"author":{"gitId":"xuwen-ho"},"content":"| `*` | coordinator | use keyboard shortcuts | reduce typing due to my carpal tunnel |","lastModifiedDate":"2024-03-06"},{"lineNumber":292,"author":{"gitId":"-"},"content":"","lastModifiedDate":"2020-05-23"},{"lineNumber":293,"author":{"gitId":"xuwen-ho"},"content":"**Use Cases**:","lastModifiedDate":"2024-03-06"},{"lineNumber":294,"author":{"gitId":"-"},"content":"","lastModifiedDate":"2020-05-23"},{"lineNumber":295,"author":{"gitId":"xuwen-ho"},"content":"**Use case: Add a Volunteer**","lastModifiedDate":"2024-03-06"},{"lineNumber":296,"author":{"gitId":"-"},"content":"","lastModifiedDate":"2020-05-23"},{"lineNumber":297,"author":{"gitId":"xuwen-ho"},"content":"**Actor**: Coordinator (Bob)","lastModifiedDate":"2024-03-06"},{"lineNumber":298,"author":{"gitId":"-"},"content":"","lastModifiedDate":"2020-05-23"},{"lineNumber":299,"author":{"gitId":"xuwen-ho"},"content":"**Precondition**: Coordinator has launched the application and is on the main screen.","lastModifiedDate":"2024-03-06"},{"lineNumber":300,"author":{"gitId":"-"},"content":"","lastModifiedDate":"2020-05-23"},{"lineNumber":301,"author":{"gitId":"xuwen-ho"},"content":"**Main Success Scenario**:","lastModifiedDate":"2024-03-06"},{"lineNumber":302,"author":{"gitId":"xuwen-ho"},"content":"1. Coordinator selects the \"Add Volunteer\" option.","lastModifiedDate":"2024-03-06"},{"lineNumber":303,"author":{"gitId":"xuwen-ho"},"content":"2. The system prompts the coordinator to enter the volunteer\u0027s name, phone number, email and availability.","lastModifiedDate":"2024-03-06"},{"lineNumber":304,"author":{"gitId":"xuwen-ho"},"content":"3. Coordinator enters the required information in the correct format.","lastModifiedDate":"2024-03-06"},{"lineNumber":305,"author":{"gitId":"xuwen-ho"},"content":"4. The system validates the input and displays a confirmation message: \"Volunteer [volunteer_name] has been added successfully.\"","lastModifiedDate":"2024-03-06"},{"lineNumber":306,"author":{"gitId":"xuwen-ho"},"content":"5. The new volunteer\u0027s information is displayed in the GUI.","lastModifiedDate":"2024-03-06"},{"lineNumber":307,"author":{"gitId":"-"},"content":"","lastModifiedDate":"2020-05-23"},{"lineNumber":308,"author":{"gitId":"xuwen-ho"},"content":"**Extensions**:","lastModifiedDate":"2024-03-06"},{"lineNumber":309,"author":{"gitId":"xuwen-ho"},"content":"3a. The coordinator enters invalid data for any of the fields.","lastModifiedDate":"2024-03-06"},{"lineNumber":310,"author":{"gitId":"xuwen-ho"},"content":"    3a1. The system displays an error message indicating the nature of the error (e.g., \"[Parameter] is invalid,\" \"[Parameter] is missing,\" \"[Parameter] is specified multiple times\").","lastModifiedDate":"2024-03-06"},{"lineNumber":311,"author":{"gitId":"xuwen-ho"},"content":"    3a2. The coordinator corrects the input and continues from step 3.","lastModifiedDate":"2024-03-06"},{"lineNumber":312,"author":{"gitId":"-"},"content":"","lastModifiedDate":"2020-05-23"},{"lineNumber":313,"author":{"gitId":"xuwen-ho"},"content":"**Use case: Find a Volunteer\u0027s Information**","lastModifiedDate":"2024-03-06"},{"lineNumber":314,"author":{"gitId":"-"},"content":"","lastModifiedDate":"2020-05-23"},{"lineNumber":315,"author":{"gitId":"xuwen-ho"},"content":"**Actor**: Coordinator (Bob)","lastModifiedDate":"2024-03-06"},{"lineNumber":316,"author":{"gitId":"-"},"content":"","lastModifiedDate":"2020-05-23"},{"lineNumber":317,"author":{"gitId":"xuwen-ho"},"content":"**Precondition**: Coordinator has launched the application and is on the main screen.","lastModifiedDate":"2024-03-06"},{"lineNumber":318,"author":{"gitId":"-"},"content":"","lastModifiedDate":"2020-05-23"},{"lineNumber":319,"author":{"gitId":"xuwen-ho"},"content":"**Main Success Scenario**:","lastModifiedDate":"2024-03-06"},{"lineNumber":320,"author":{"gitId":"xuwen-ho"},"content":"1. Coordinator selects the \"Find Volunteer\" option.","lastModifiedDate":"2024-03-06"},{"lineNumber":321,"author":{"gitId":"xuwen-ho"},"content":"2. The system prompts the coordinator to enter the volunteer\u0027s name.","lastModifiedDate":"2024-03-06"},{"lineNumber":322,"author":{"gitId":"xuwen-ho"},"content":"3. Coordinator enters the volunteer\u0027s name (or a part of it).","lastModifiedDate":"2024-03-06"},{"lineNumber":323,"author":{"gitId":"xuwen-ho"},"content":"4. The system displays all volunteers whose names contain the entered keywords.","lastModifiedDate":"2024-03-06"},{"lineNumber":324,"author":{"gitId":"-"},"content":"","lastModifiedDate":"2020-05-23"},{"lineNumber":325,"author":{"gitId":"xuwen-ho"},"content":"**Extensions**:","lastModifiedDate":"2024-03-06"},{"lineNumber":326,"author":{"gitId":"xuwen-ho"},"content":"4a. No volunteers match the entered name.","lastModifiedDate":"2024-03-06"},{"lineNumber":327,"author":{"gitId":"xuwen-ho"},"content":"    4a1. The system displays an error message: \"No volunteers found.\"","lastModifiedDate":"2024-03-06"},{"lineNumber":328,"author":{"gitId":"-"},"content":"","lastModifiedDate":"2020-05-23"},{"lineNumber":329,"author":{"gitId":"xuwen-ho"},"content":"**Use case: View Entire List of Volunteers**","lastModifiedDate":"2024-03-06"},{"lineNumber":330,"author":{"gitId":"-"},"content":"","lastModifiedDate":"2020-05-23"},{"lineNumber":331,"author":{"gitId":"xuwen-ho"},"content":"**Actor**: Coordinator (Bob)","lastModifiedDate":"2024-03-06"},{"lineNumber":332,"author":{"gitId":"-"},"content":"","lastModifiedDate":"2020-05-23"},{"lineNumber":333,"author":{"gitId":"xuwen-ho"},"content":"**Precondition**: Coordinator has launched the application and is on the main screen.","lastModifiedDate":"2024-03-06"},{"lineNumber":334,"author":{"gitId":"xuwen-ho"},"content":"","lastModifiedDate":"2024-03-06"},{"lineNumber":335,"author":{"gitId":"xuwen-ho"},"content":"**Main Success Scenario**:","lastModifiedDate":"2024-03-06"},{"lineNumber":336,"author":{"gitId":"xuwen-ho"},"content":"1. Coordinator selects the \"List Volunteers\" option.","lastModifiedDate":"2024-03-06"},{"lineNumber":337,"author":{"gitId":"xuwen-ho"},"content":"2. The system displays the entire list of volunteers, along with their details, in the GUI.","lastModifiedDate":"2024-03-06"},{"lineNumber":338,"author":{"gitId":"xuwen-ho"},"content":"","lastModifiedDate":"2024-03-06"},{"lineNumber":339,"author":{"gitId":"xuwen-ho"},"content":"**Extensions**:","lastModifiedDate":"2024-03-06"},{"lineNumber":340,"author":{"gitId":"xuwen-ho"},"content":"2a. There are no volunteers in the address book.","lastModifiedDate":"2024-03-06"},{"lineNumber":341,"author":{"gitId":"xuwen-ho"},"content":"    2a1. The system displays a message: \"There are no volunteers in the address book.\"","lastModifiedDate":"2024-03-06"},{"lineNumber":342,"author":{"gitId":"-"},"content":"","lastModifiedDate":"2020-05-23"},{"lineNumber":343,"author":{"gitId":"-"},"content":"### Non-Functional Requirements","lastModifiedDate":"2020-05-23"},{"lineNumber":344,"author":{"gitId":"-"},"content":"","lastModifiedDate":"2020-05-23"},{"lineNumber":345,"author":{"gitId":"-"},"content":"1.  Should work on any _mainstream OS_ as long as it has Java `11` or above installed.","lastModifiedDate":"2020-05-23"},{"lineNumber":346,"author":{"gitId":"-"},"content":"2.  Should be able to hold up to 1000 persons without a noticeable sluggishness in performance for typical usage.","lastModifiedDate":"2020-05-23"},{"lineNumber":347,"author":{"gitId":"-"},"content":"3.  A user with above average typing speed for regular English text (i.e. not code, not system admin commands) should be able to accomplish most of the tasks faster using commands than using the mouse.","lastModifiedDate":"2020-05-23"},{"lineNumber":348,"author":{"gitId":"-"},"content":"","lastModifiedDate":"2020-05-23"},{"lineNumber":349,"author":{"gitId":"-"},"content":"*{More to be added}*","lastModifiedDate":"2020-05-23"},{"lineNumber":350,"author":{"gitId":"-"},"content":"","lastModifiedDate":"2020-05-23"},{"lineNumber":351,"author":{"gitId":"-"},"content":"### Glossary","lastModifiedDate":"2020-05-23"},{"lineNumber":352,"author":{"gitId":"-"},"content":"","lastModifiedDate":"2020-05-23"},{"lineNumber":353,"author":{"gitId":"-"},"content":"* **Mainstream OS**: Windows, Linux, Unix, MacOS","lastModifiedDate":"2024-02-09"},{"lineNumber":354,"author":{"gitId":"-"},"content":"* **Private contact detail**: A contact detail that is not meant to be shared with others","lastModifiedDate":"2020-05-23"},{"lineNumber":355,"author":{"gitId":"-"},"content":"","lastModifiedDate":"2020-05-23"},{"lineNumber":356,"author":{"gitId":"-"},"content":"--------------------------------------------------------------------------------------------------------------------","lastModifiedDate":"2020-05-23"},{"lineNumber":357,"author":{"gitId":"-"},"content":"","lastModifiedDate":"2020-05-23"},{"lineNumber":358,"author":{"gitId":"-"},"content":"## **Appendix: Instructions for manual testing**","lastModifiedDate":"2020-05-23"},{"lineNumber":359,"author":{"gitId":"-"},"content":"","lastModifiedDate":"2020-05-23"},{"lineNumber":360,"author":{"gitId":"-"},"content":"Given below are instructions to test the app manually.","lastModifiedDate":"2020-05-23"},{"lineNumber":361,"author":{"gitId":"-"},"content":"","lastModifiedDate":"2020-05-23"},{"lineNumber":362,"author":{"gitId":"-"},"content":"\u003cdiv markdown\u003d\"span\" class\u003d\"alert alert-info\"\u003e:information_source: **Note:** These instructions only provide a starting point for testers to work on;","lastModifiedDate":"2020-05-23"},{"lineNumber":363,"author":{"gitId":"-"},"content":"testers are expected to do more *exploratory* testing.","lastModifiedDate":"2020-05-23"},{"lineNumber":364,"author":{"gitId":"-"},"content":"","lastModifiedDate":"2020-05-23"},{"lineNumber":365,"author":{"gitId":"-"},"content":"\u003c/div\u003e","lastModifiedDate":"2020-05-23"},{"lineNumber":366,"author":{"gitId":"-"},"content":"","lastModifiedDate":"2020-05-23"},{"lineNumber":367,"author":{"gitId":"-"},"content":"### Launch and shutdown","lastModifiedDate":"2020-05-23"},{"lineNumber":368,"author":{"gitId":"-"},"content":"","lastModifiedDate":"2020-05-23"},{"lineNumber":369,"author":{"gitId":"-"},"content":"1. Initial launch","lastModifiedDate":"2020-05-23"},{"lineNumber":370,"author":{"gitId":"-"},"content":"","lastModifiedDate":"2020-05-23"},{"lineNumber":371,"author":{"gitId":"-"},"content":"   1. Download the jar file and copy into an empty folder","lastModifiedDate":"2020-05-23"},{"lineNumber":372,"author":{"gitId":"-"},"content":"","lastModifiedDate":"2020-05-23"},{"lineNumber":373,"author":{"gitId":"-"},"content":"   1. Double-click the jar file Expected: Shows the GUI with a set of sample contacts. The window size may not be optimum.","lastModifiedDate":"2020-05-23"},{"lineNumber":374,"author":{"gitId":"-"},"content":"","lastModifiedDate":"2020-05-23"},{"lineNumber":375,"author":{"gitId":"-"},"content":"1. Saving window preferences","lastModifiedDate":"2020-05-23"},{"lineNumber":376,"author":{"gitId":"-"},"content":"","lastModifiedDate":"2020-05-23"},{"lineNumber":377,"author":{"gitId":"-"},"content":"   1. Resize the window to an optimum size. Move the window to a different location. Close the window.","lastModifiedDate":"2020-05-23"},{"lineNumber":378,"author":{"gitId":"-"},"content":"","lastModifiedDate":"2020-05-23"},{"lineNumber":379,"author":{"gitId":"-"},"content":"   1. Re-launch the app by double-clicking the jar file.\u003cbr\u003e","lastModifiedDate":"2020-05-23"},{"lineNumber":380,"author":{"gitId":"-"},"content":"       Expected: The most recent window size and location is retained.","lastModifiedDate":"2020-05-23"},{"lineNumber":381,"author":{"gitId":"-"},"content":"","lastModifiedDate":"2020-05-23"},{"lineNumber":382,"author":{"gitId":"-"},"content":"1. _{ more test cases …​ }_","lastModifiedDate":"2020-05-23"},{"lineNumber":383,"author":{"gitId":"-"},"content":"","lastModifiedDate":"2020-05-23"},{"lineNumber":384,"author":{"gitId":"-"},"content":"### Deleting a person","lastModifiedDate":"2020-05-23"},{"lineNumber":385,"author":{"gitId":"-"},"content":"","lastModifiedDate":"2020-05-23"},{"lineNumber":386,"author":{"gitId":"-"},"content":"1. Deleting a person while all persons are being shown","lastModifiedDate":"2020-05-23"},{"lineNumber":387,"author":{"gitId":"-"},"content":"","lastModifiedDate":"2020-05-23"},{"lineNumber":388,"author":{"gitId":"-"},"content":"   1. Prerequisites: List all persons using the `list` command. Multiple persons in the list.","lastModifiedDate":"2020-05-23"},{"lineNumber":389,"author":{"gitId":"-"},"content":"","lastModifiedDate":"2020-05-23"},{"lineNumber":390,"author":{"gitId":"-"},"content":"   1. Test case: `delete 1`\u003cbr\u003e","lastModifiedDate":"2020-05-23"},{"lineNumber":391,"author":{"gitId":"-"},"content":"      Expected: First contact is deleted from the list. Details of the deleted contact shown in the status message. Timestamp in the status bar is updated.","lastModifiedDate":"2020-05-23"},{"lineNumber":392,"author":{"gitId":"-"},"content":"","lastModifiedDate":"2020-05-23"},{"lineNumber":393,"author":{"gitId":"-"},"content":"   1. Test case: `delete 0`\u003cbr\u003e","lastModifiedDate":"2020-05-23"},{"lineNumber":394,"author":{"gitId":"-"},"content":"      Expected: No person is deleted. Error details shown in the status message. Status bar remains the same.","lastModifiedDate":"2020-05-23"},{"lineNumber":395,"author":{"gitId":"-"},"content":"","lastModifiedDate":"2020-05-23"},{"lineNumber":396,"author":{"gitId":"-"},"content":"   1. Other incorrect delete commands to try: `delete`, `delete x`, `...` (where x is larger than the list size)\u003cbr\u003e","lastModifiedDate":"2020-05-23"},{"lineNumber":397,"author":{"gitId":"-"},"content":"      Expected: Similar to previous.","lastModifiedDate":"2020-05-23"},{"lineNumber":398,"author":{"gitId":"-"},"content":"","lastModifiedDate":"2020-05-23"},{"lineNumber":399,"author":{"gitId":"-"},"content":"1. _{ more test cases …​ }_","lastModifiedDate":"2020-05-23"},{"lineNumber":400,"author":{"gitId":"-"},"content":"","lastModifiedDate":"2020-05-23"},{"lineNumber":401,"author":{"gitId":"-"},"content":"### Saving data","lastModifiedDate":"2020-05-23"},{"lineNumber":402,"author":{"gitId":"-"},"content":"","lastModifiedDate":"2020-05-23"},{"lineNumber":403,"author":{"gitId":"-"},"content":"1. Dealing with missing/corrupted data files","lastModifiedDate":"2020-05-23"},{"lineNumber":404,"author":{"gitId":"-"},"content":"","lastModifiedDate":"2020-05-23"},{"lineNumber":405,"author":{"gitId":"-"},"content":"   1. _{explain how to simulate a missing/corrupted file, and the expected behavior}_","lastModifiedDate":"2020-05-23"},{"lineNumber":406,"author":{"gitId":"-"},"content":"","lastModifiedDate":"2020-05-23"},{"lineNumber":407,"author":{"gitId":"-"},"content":"1. _{ more test cases …​ }_","lastModifiedDate":"2020-05-23"}],"authorContributionMap":{"xuwen-ho":58,"-":349}},{"path":"docs/team/benson15912.md","fileType":"docs","lines":[{"lineNumber":1,"author":{"gitId":"SimKianSeng"},"content":"---","lastModifiedDate":"2024-03-06"},{"lineNumber":2,"author":{"gitId":"SimKianSeng"},"content":"layout: page","lastModifiedDate":"2024-03-06"},{"lineNumber":3,"author":{"gitId":"SimKianSeng"},"content":"title: Benson\u0027s Project Portfolio Page","lastModifiedDate":"2024-03-06"},{"lineNumber":4,"author":{"gitId":"SimKianSeng"},"content":"---","lastModifiedDate":"2024-03-06"},{"lineNumber":5,"author":{"gitId":"SimKianSeng"},"content":"","lastModifiedDate":"2024-03-06"},{"lineNumber":6,"author":{"gitId":"SimKianSeng"},"content":"### Project: Match","lastModifiedDate":"2024-03-06"},{"lineNumber":7,"author":{"gitId":"SimKianSeng"},"content":"","lastModifiedDate":"2024-03-06"},{"lineNumber":8,"author":{"gitId":"SimKianSeng"},"content":"Match is a desktop address book application used for teaching Software Engineering principles. The user interacts with it using a CLI, and it has a GUI created with JavaFX. It is written in Java, and has about 10 kLoC.","lastModifiedDate":"2024-03-06"},{"lineNumber":9,"author":{"gitId":"SimKianSeng"},"content":"","lastModifiedDate":"2024-03-06"},{"lineNumber":10,"author":{"gitId":"SimKianSeng"},"content":"* **Code contributed**: [RepoSense link](https://nus-cs2103-ay2324s2.github.io/tp-dashboard/?search\u003dBenson15912\u0026sort\u003dgroupTitle\u0026sortWithin\u003dtitle\u0026timeframe\u003dcommit\u0026mergegroup\u003d\u0026groupSelect\u003dgroupByRepos\u0026breakdown\u003dtrue\u0026checkedFileTypes\u003ddocs~functional-code~test-code~other\u0026since\u003d2024-02-23)","lastModifiedDate":"2024-03-06"},{"lineNumber":11,"author":{"gitId":"SimKianSeng"},"content":"","lastModifiedDate":"2024-03-06"},{"lineNumber":12,"author":{"gitId":"SimKianSeng"},"content":"* **Project management**:","lastModifiedDate":"2024-03-06"},{"lineNumber":13,"author":{"gitId":"SimKianSeng"},"content":"  * NA","lastModifiedDate":"2024-03-06"},{"lineNumber":14,"author":{"gitId":"SimKianSeng"},"content":"","lastModifiedDate":"2024-03-06"},{"lineNumber":15,"author":{"gitId":"SimKianSeng"},"content":"* **Enhancements to existing features**:","lastModifiedDate":"2024-03-06"},{"lineNumber":16,"author":{"gitId":"SimKianSeng"},"content":"  * NA","lastModifiedDate":"2024-03-06"},{"lineNumber":17,"author":{"gitId":"SimKianSeng"},"content":"","lastModifiedDate":"2024-03-06"},{"lineNumber":18,"author":{"gitId":"SimKianSeng"},"content":"* **Documentation**:","lastModifiedDate":"2024-03-06"},{"lineNumber":19,"author":{"gitId":"SimKianSeng"},"content":"  * NA","lastModifiedDate":"2024-03-06"},{"lineNumber":20,"author":{"gitId":"SimKianSeng"},"content":"","lastModifiedDate":"2024-03-06"},{"lineNumber":21,"author":{"gitId":"SimKianSeng"},"content":"* **Community**:","lastModifiedDate":"2024-03-06"},{"lineNumber":22,"author":{"gitId":"SimKianSeng"},"content":"  * NA","lastModifiedDate":"2024-03-06"},{"lineNumber":23,"author":{"gitId":"SimKianSeng"},"content":"","lastModifiedDate":"2024-03-06"},{"lineNumber":24,"author":{"gitId":"SimKianSeng"},"content":"* **Tools**:","lastModifiedDate":"2024-03-06"},{"lineNumber":25,"author":{"gitId":"SimKianSeng"},"content":"  * NA","lastModifiedDate":"2024-03-06"}],"authorContributionMap":{"SimKianSeng":25}},{"path":"docs/team/simkianseng.md","fileType":"docs","lines":[{"lineNumber":1,"author":{"gitId":"SimKianSeng"},"content":"---","lastModifiedDate":"2024-03-06"},{"lineNumber":2,"author":{"gitId":"SimKianSeng"},"content":"layout: page","lastModifiedDate":"2024-03-06"},{"lineNumber":3,"author":{"gitId":"SimKianSeng"},"content":"title: Kian Seng\u0027s Project Portfolio Page","lastModifiedDate":"2024-03-06"},{"lineNumber":4,"author":{"gitId":"SimKianSeng"},"content":"---","lastModifiedDate":"2024-03-06"},{"lineNumber":5,"author":{"gitId":"SimKianSeng"},"content":"","lastModifiedDate":"2024-03-06"},{"lineNumber":6,"author":{"gitId":"SimKianSeng"},"content":"### Project: Match","lastModifiedDate":"2024-03-06"},{"lineNumber":7,"author":{"gitId":"SimKianSeng"},"content":"","lastModifiedDate":"2024-03-06"},{"lineNumber":8,"author":{"gitId":"SimKianSeng"},"content":"Match is a desktop address book application used for teaching Software Engineering principles. The user interacts with it using a CLI, and it has a GUI created with JavaFX. It is written in Java, and has about 10 kLoC.","lastModifiedDate":"2024-03-06"},{"lineNumber":9,"author":{"gitId":"SimKianSeng"},"content":"","lastModifiedDate":"2024-03-06"},{"lineNumber":10,"author":{"gitId":"SimKianSeng"},"content":"* **Code contributed**: [RepoSense link](https://nus-cs2103-ay2324s2.github.io/tp-dashboard/?search\u003dSimKianSeng\u0026sort\u003dgroupTitle\u0026sortWithin\u003dtitle\u0026timeframe\u003dcommit\u0026mergegroup\u003d\u0026groupSelect\u003dgroupByRepos\u0026breakdown\u003dtrue\u0026checkedFileTypes\u003ddocs~functional-code~test-code~other\u0026since\u003d2024-02-23)","lastModifiedDate":"2024-03-06"},{"lineNumber":11,"author":{"gitId":"SimKianSeng"},"content":"","lastModifiedDate":"2024-03-06"},{"lineNumber":12,"author":{"gitId":"SimKianSeng"},"content":"* **Project management**:","lastModifiedDate":"2024-03-06"},{"lineNumber":13,"author":{"gitId":"SimKianSeng"},"content":"  * Add `AboutUs` page.","lastModifiedDate":"2024-03-06"},{"lineNumber":14,"author":{"gitId":"SimKianSeng"},"content":"","lastModifiedDate":"2024-03-06"},{"lineNumber":15,"author":{"gitId":"SimKianSeng"},"content":"* **Enhancements to existing features**:","lastModifiedDate":"2024-03-06"},{"lineNumber":16,"author":{"gitId":"SimKianSeng"},"content":"  * NA","lastModifiedDate":"2024-03-06"},{"lineNumber":17,"author":{"gitId":"SimKianSeng"},"content":"","lastModifiedDate":"2024-03-06"},{"lineNumber":18,"author":{"gitId":"SimKianSeng"},"content":"* **Documentation**:","lastModifiedDate":"2024-03-06"},{"lineNumber":19,"author":{"gitId":"SimKianSeng"},"content":"  * NA","lastModifiedDate":"2024-03-06"},{"lineNumber":20,"author":{"gitId":"SimKianSeng"},"content":"","lastModifiedDate":"2024-03-06"},{"lineNumber":21,"author":{"gitId":"SimKianSeng"},"content":"* **Community**:","lastModifiedDate":"2024-03-06"},{"lineNumber":22,"author":{"gitId":"SimKianSeng"},"content":"  * PRs reviewed (with non-trivial review comments): [\\#11](https://github.com/AY2324S2-CS2103T-F10-4/tp/pull/11)","lastModifiedDate":"2024-03-06"},{"lineNumber":23,"author":{"gitId":"SimKianSeng"},"content":"  * NA","lastModifiedDate":"2024-03-06"},{"lineNumber":24,"author":{"gitId":"SimKianSeng"},"content":"","lastModifiedDate":"2024-03-06"},{"lineNumber":25,"author":{"gitId":"SimKianSeng"},"content":"* **Tools**:","lastModifiedDate":"2024-03-06"},{"lineNumber":26,"author":{"gitId":"SimKianSeng"},"content":"  * NA","lastModifiedDate":"2024-03-06"}],"authorContributionMap":{"SimKianSeng":26}},{"path":"docs/team/tayziyi.md","fileType":"docs","lines":[{"lineNumber":1,"author":{"gitId":"SimKianSeng"},"content":"---","lastModifiedDate":"2024-03-06"},{"lineNumber":2,"author":{"gitId":"SimKianSeng"},"content":"layout: page","lastModifiedDate":"2024-03-06"},{"lineNumber":3,"author":{"gitId":"SimKianSeng"},"content":"title: Zi Yi\u0027s Project Portfolio Page","lastModifiedDate":"2024-03-06"},{"lineNumber":4,"author":{"gitId":"SimKianSeng"},"content":"---","lastModifiedDate":"2024-03-06"},{"lineNumber":5,"author":{"gitId":"SimKianSeng"},"content":"","lastModifiedDate":"2024-03-06"},{"lineNumber":6,"author":{"gitId":"SimKianSeng"},"content":"### Project: Match","lastModifiedDate":"2024-03-06"},{"lineNumber":7,"author":{"gitId":"SimKianSeng"},"content":"","lastModifiedDate":"2024-03-06"},{"lineNumber":8,"author":{"gitId":"SimKianSeng"},"content":"Match is a desktop address book application used for teaching Software Engineering principles. The user interacts with it using a CLI, and it has a GUI created with JavaFX. It is written in Java, and has about 10 kLoC.","lastModifiedDate":"2024-03-06"},{"lineNumber":9,"author":{"gitId":"SimKianSeng"},"content":"","lastModifiedDate":"2024-03-06"},{"lineNumber":10,"author":{"gitId":"SimKianSeng"},"content":"* **Code contributed**: [RepoSense link](https://nus-cs2103-ay2324s2.github.io/tp-dashboard/?search\u003dtayziyi\u0026sort\u003dgroupTitle\u0026sortWithin\u003dtitle\u0026timeframe\u003dcommit\u0026mergegroup\u003d\u0026groupSelect\u003dgroupByRepos\u0026breakdown\u003dtrue\u0026checkedFileTypes\u003ddocs~functional-code~test-code~other\u0026since\u003d2024-02-23)","lastModifiedDate":"2024-03-06"},{"lineNumber":11,"author":{"gitId":"SimKianSeng"},"content":"","lastModifiedDate":"2024-03-06"},{"lineNumber":12,"author":{"gitId":"SimKianSeng"},"content":"* **Project management**:","lastModifiedDate":"2024-03-06"},{"lineNumber":13,"author":{"gitId":"SimKianSeng"},"content":"  * NA","lastModifiedDate":"2024-03-06"},{"lineNumber":14,"author":{"gitId":"SimKianSeng"},"content":"","lastModifiedDate":"2024-03-06"},{"lineNumber":15,"author":{"gitId":"SimKianSeng"},"content":"* **Enhancements to existing features**:","lastModifiedDate":"2024-03-06"},{"lineNumber":16,"author":{"gitId":"SimKianSeng"},"content":"  * NA","lastModifiedDate":"2024-03-06"},{"lineNumber":17,"author":{"gitId":"SimKianSeng"},"content":"","lastModifiedDate":"2024-03-06"},{"lineNumber":18,"author":{"gitId":"SimKianSeng"},"content":"* **Documentation**:","lastModifiedDate":"2024-03-06"},{"lineNumber":19,"author":{"gitId":"SimKianSeng"},"content":"  * NA","lastModifiedDate":"2024-03-06"},{"lineNumber":20,"author":{"gitId":"SimKianSeng"},"content":"","lastModifiedDate":"2024-03-06"},{"lineNumber":21,"author":{"gitId":"SimKianSeng"},"content":"* **Community**:","lastModifiedDate":"2024-03-06"},{"lineNumber":22,"author":{"gitId":"SimKianSeng"},"content":"  * NA","lastModifiedDate":"2024-03-06"},{"lineNumber":23,"author":{"gitId":"SimKianSeng"},"content":"","lastModifiedDate":"2024-03-06"},{"lineNumber":24,"author":{"gitId":"SimKianSeng"},"content":"* **Tools**:","lastModifiedDate":"2024-03-06"},{"lineNumber":25,"author":{"gitId":"SimKianSeng"},"content":"  * NA","lastModifiedDate":"2024-03-06"}],"authorContributionMap":{"SimKianSeng":25}},{"path":"docs/team/xuwen-ho.md","fileType":"docs","lines":[{"lineNumber":1,"author":{"gitId":"SimKianSeng"},"content":"---","lastModifiedDate":"2024-03-06"},{"lineNumber":2,"author":{"gitId":"SimKianSeng"},"content":"layout: page","lastModifiedDate":"2024-03-06"},{"lineNumber":3,"author":{"gitId":"SimKianSeng"},"content":"title: Xu Wen\u0027s Project Portfolio Page","lastModifiedDate":"2024-03-06"},{"lineNumber":4,"author":{"gitId":"SimKianSeng"},"content":"---","lastModifiedDate":"2024-03-06"},{"lineNumber":5,"author":{"gitId":"SimKianSeng"},"content":"","lastModifiedDate":"2024-03-06"},{"lineNumber":6,"author":{"gitId":"SimKianSeng"},"content":"### Project: Match","lastModifiedDate":"2024-03-06"},{"lineNumber":7,"author":{"gitId":"SimKianSeng"},"content":"","lastModifiedDate":"2024-03-06"},{"lineNumber":8,"author":{"gitId":"SimKianSeng"},"content":"Match is a desktop address book application used for teaching Software Engineering principles. The user interacts with it using a CLI, and it has a GUI created with JavaFX. It is written in Java, and has about 10 kLoC.","lastModifiedDate":"2024-03-06"},{"lineNumber":9,"author":{"gitId":"SimKianSeng"},"content":"","lastModifiedDate":"2024-03-06"},{"lineNumber":10,"author":{"gitId":"SimKianSeng"},"content":"* **Code contributed**: [RepoSense link](https://nus-cs2103-ay2324s2.github.io/tp-dashboard/?search\u003dxuwen-ho\u0026sort\u003dgroupTitle\u0026sortWithin\u003dtitle\u0026timeframe\u003dcommit\u0026mergegroup\u003d\u0026groupSelect\u003dgroupByRepos\u0026breakdown\u003dtrue\u0026checkedFileTypes\u003ddocs~functional-code~test-code~other\u0026since\u003d2024-02-23)","lastModifiedDate":"2024-03-06"},{"lineNumber":11,"author":{"gitId":"SimKianSeng"},"content":"","lastModifiedDate":"2024-03-06"},{"lineNumber":12,"author":{"gitId":"SimKianSeng"},"content":"* **Project management**:","lastModifiedDate":"2024-03-06"},{"lineNumber":13,"author":{"gitId":"SimKianSeng"},"content":"  * NA","lastModifiedDate":"2024-03-06"},{"lineNumber":14,"author":{"gitId":"SimKianSeng"},"content":"","lastModifiedDate":"2024-03-06"},{"lineNumber":15,"author":{"gitId":"SimKianSeng"},"content":"* **Enhancements to existing features**:","lastModifiedDate":"2024-03-06"},{"lineNumber":16,"author":{"gitId":"SimKianSeng"},"content":"  * NA","lastModifiedDate":"2024-03-06"},{"lineNumber":17,"author":{"gitId":"SimKianSeng"},"content":"","lastModifiedDate":"2024-03-06"},{"lineNumber":18,"author":{"gitId":"SimKianSeng"},"content":"* **Documentation**:","lastModifiedDate":"2024-03-06"},{"lineNumber":19,"author":{"gitId":"SimKianSeng"},"content":"  * Developer Guide:","lastModifiedDate":"2024-03-06"},{"lineNumber":20,"author":{"gitId":"SimKianSeng"},"content":"    * Add **target user profile**, **value proposition**, **user stories**, **use cases**, **non-functional requirements**, **glossary**.","lastModifiedDate":"2024-03-06"},{"lineNumber":21,"author":{"gitId":"SimKianSeng"},"content":"","lastModifiedDate":"2024-03-06"},{"lineNumber":22,"author":{"gitId":"SimKianSeng"},"content":"* **Community**:","lastModifiedDate":"2024-03-06"},{"lineNumber":23,"author":{"gitId":"SimKianSeng"},"content":"  * NA","lastModifiedDate":"2024-03-06"},{"lineNumber":24,"author":{"gitId":"SimKianSeng"},"content":"","lastModifiedDate":"2024-03-06"},{"lineNumber":25,"author":{"gitId":"SimKianSeng"},"content":"* **Tools**:","lastModifiedDate":"2024-03-06"},{"lineNumber":26,"author":{"gitId":"SimKianSeng"},"content":"  * NA","lastModifiedDate":"2024-03-06"}],"authorContributionMap":{"SimKianSeng":26}},{"path":"docs/team/yowsiaokang.md","fileType":"docs","lines":[{"lineNumber":1,"author":{"gitId":"SimKianSeng"},"content":"---","lastModifiedDate":"2024-03-06"},{"lineNumber":2,"author":{"gitId":"SimKianSeng"},"content":"layout: page","lastModifiedDate":"2024-03-06"},{"lineNumber":3,"author":{"gitId":"SimKianSeng"},"content":"title: Siao Kang\u0027s Project Portfolio Page","lastModifiedDate":"2024-03-06"},{"lineNumber":4,"author":{"gitId":"SimKianSeng"},"content":"---","lastModifiedDate":"2024-03-06"},{"lineNumber":5,"author":{"gitId":"SimKianSeng"},"content":"","lastModifiedDate":"2024-03-06"},{"lineNumber":6,"author":{"gitId":"SimKianSeng"},"content":"### Project: Match","lastModifiedDate":"2024-03-06"},{"lineNumber":7,"author":{"gitId":"SimKianSeng"},"content":"","lastModifiedDate":"2024-03-06"},{"lineNumber":8,"author":{"gitId":"SimKianSeng"},"content":"Match is a desktop address book application used for teaching Software Engineering principles. The user interacts with it using a CLI, and it has a GUI created with JavaFX. It is written in Java, and has about 10 kLoC.","lastModifiedDate":"2024-03-06"},{"lineNumber":9,"author":{"gitId":"SimKianSeng"},"content":"","lastModifiedDate":"2024-03-06"},{"lineNumber":10,"author":{"gitId":"SimKianSeng"},"content":"* **Code contributed**: [RepoSense link](https://nus-cs2103-ay2324s2.github.io/tp-dashboard/?search\u003dYowSiaoKang\u0026sort\u003dgroupTitle\u0026sortWithin\u003dtitle\u0026timeframe\u003dcommit\u0026mergegroup\u003d\u0026groupSelect\u003dgroupByRepos\u0026breakdown\u003dtrue\u0026checkedFileTypes\u003ddocs~functional-code~test-code~other\u0026since\u003d2024-02-23)","lastModifiedDate":"2024-03-06"},{"lineNumber":11,"author":{"gitId":"SimKianSeng"},"content":"","lastModifiedDate":"2024-03-06"},{"lineNumber":12,"author":{"gitId":"SimKianSeng"},"content":"* **Project management**:","lastModifiedDate":"2024-03-06"},{"lineNumber":13,"author":{"gitId":"SimKianSeng"},"content":"  * NA","lastModifiedDate":"2024-03-06"},{"lineNumber":14,"author":{"gitId":"SimKianSeng"},"content":"","lastModifiedDate":"2024-03-06"},{"lineNumber":15,"author":{"gitId":"SimKianSeng"},"content":"* **Enhancements to existing features**:","lastModifiedDate":"2024-03-06"},{"lineNumber":16,"author":{"gitId":"SimKianSeng"},"content":"  * NA","lastModifiedDate":"2024-03-06"},{"lineNumber":17,"author":{"gitId":"SimKianSeng"},"content":"","lastModifiedDate":"2024-03-06"},{"lineNumber":18,"author":{"gitId":"SimKianSeng"},"content":"* **Documentation**:","lastModifiedDate":"2024-03-06"},{"lineNumber":19,"author":{"gitId":"SimKianSeng"},"content":"  * README:","lastModifiedDate":"2024-03-06"},{"lineNumber":20,"author":{"gitId":"SimKianSeng"},"content":"    * Add **user profile**.","lastModifiedDate":"2024-03-06"},{"lineNumber":21,"author":{"gitId":"SimKianSeng"},"content":"","lastModifiedDate":"2024-03-06"},{"lineNumber":22,"author":{"gitId":"SimKianSeng"},"content":"* **Community**:","lastModifiedDate":"2024-03-06"},{"lineNumber":23,"author":{"gitId":"SimKianSeng"},"content":"  * NA","lastModifiedDate":"2024-03-06"},{"lineNumber":24,"author":{"gitId":"SimKianSeng"},"content":"","lastModifiedDate":"2024-03-06"},{"lineNumber":25,"author":{"gitId":"SimKianSeng"},"content":"* **Tools**:","lastModifiedDate":"2024-03-06"},{"lineNumber":26,"author":{"gitId":"SimKianSeng"},"content":"  * NA","lastModifiedDate":"2024-03-06"}],"authorContributionMap":{"SimKianSeng":26}}]
