{"authorDailyContributionsMap":{"zoebelle-pang":[{"date":"2024-03-11","commitResults":[{"hash":"f2e419db23e7c13f045fbd6c55e542b8b3537afd","isMergeCommit":false,"messageTitle":"Add profile picture","messageBody":"","fileTypesAndContributionMap":{"docs":{"insertions":4,"deletions":4}}}]},{"date":"2024-03-12","commitResults":[{"hash":"415c2a6fb85dcfde0e72f4d8b3029ae3e4e4ac88","isMergeCommit":false,"messageTitle":"update readme description","messageBody":"","fileTypesAndContributionMap":{"docs":{"insertions":8,"deletions":5}}},{"hash":"1142481b7f38a8116baf7a059fbce4841539adea","isMergeCommit":false,"messageTitle":"update value proposition into README","messageBody":"","fileTypesAndContributionMap":{"docs":{"insertions":9,"deletions":5}}},{"hash":"36a076f3d4feb148bbb0429b4ff6d4e4c0151d42","isMergeCommit":false,"messageTitle":"added website link to README","messageBody":"","fileTypesAndContributionMap":{"docs":{"insertions":2,"deletions":0}}}]},{"date":"2024-03-20","commitResults":[{"hash":"84bac19489555eef051c0d9fa3a5ac716061bad6","isMergeCommit":true,"messageTitle":"Merge pull request #51 from Hwww23/add_dates","messageBody":"Add dates to Student details","fileTypesAndContributionMap":{}}]}],"AL-ZT":[{"date":"2024-03-01","commitResults":[{"hash":"7347d212c9ef64d45b634a572023b2f4b9b69957","isMergeCommit":false,"messageTitle":"Update Zheng Ting\u0027s Profile in AboutUs","messageBody":"","fileTypesAndContributionMap":{"docs":{"insertions":5,"deletions":5}}},{"hash":"478b5a4c32f1eabcd8ae66e94052a05ab16b43b7","isMergeCommit":false,"messageTitle":"Update payment functionality in User Guide.","messageBody":"","fileTypesAndContributionMap":{"docs":{"insertions":27,"deletions":0}}},{"hash":"cbf7b777d4734872b6632cd7fbff7c4f7559686c","isMergeCommit":false,"messageTitle":"Hyperlink fix for mark_payment","messageBody":"","fileTypesAndContributionMap":{"docs":{"insertions":1,"deletions":1}}},{"hash":"f59c8d682dc362972628c092d047a0a1f96dc152","isMergeCommit":false,"messageTitle":"Change site-wide settings for TutorsGo","messageBody":"","fileTypesAndContributionMap":{"docs":{"insertions":7,"deletions":6}}},{"hash":"1e5de123d9a1c79a1c3cf06ca3946ac17620d928","isMergeCommit":false,"messageTitle":"Minor Fix","messageBody":"","fileTypesAndContributionMap":{"docs":{"insertions":0,"deletions":10}}}]},{"date":"2024-03-04","commitResults":[{"hash":"27dd34d30c683b78ad5c64ff1529dad2dbcba7ce","isMergeCommit":false,"messageTitle":"Syntax fix","messageBody":"","fileTypesAndContributionMap":{"docs":{"insertions":3,"deletions":3}}},{"hash":"44518a82d7fbb2bfbebceb235d19e60066738024","isMergeCommit":false,"messageTitle":"Minor fix to sentences","messageBody":"","fileTypesAndContributionMap":{"docs":{"insertions":1,"deletions":1}}},{"hash":"00b5d32183f8d086e0c6084ee53a5e61b0441c21","isMergeCommit":false,"messageTitle":"Update Developer Guide","messageBody":"Updates to target user profile, value proposition and user stories appended in Developer Guide.\n","fileTypesAndContributionMap":{"docs":{"insertions":29,"deletions":14}}}]},{"date":"2024-03-11","commitResults":[{"hash":"0ae6b7fbfb1b76fe402587a15c481538c538b3b0","isMergeCommit":true,"messageTitle":"Merge pull request #17 from Hwww23/add-profile","messageBody":"Update Haowen\u0027s profile in AboutUs","fileTypesAndContributionMap":{}},{"hash":"30af7ee0958b22442241f5e38b04848cf29fb043","isMergeCommit":true,"messageTitle":"Merge pull request #18 from Hwww23/update-readme","messageBody":"Update README.md","fileTypesAndContributionMap":{}},{"hash":"74c813365b6d07e4c5eb31e150ac6ad391f6abe2","isMergeCommit":true,"messageTitle":"Merge pull request #35 from Hwww23/update-readme","messageBody":"Update README.md","fileTypesAndContributionMap":{}},{"hash":"6459d4a5fc76023aeb3f5df0d8bf90abb43ad8af","isMergeCommit":false,"messageTitle":"Incomplete student model","messageBody":"","fileTypesAndContributionMap":{"functional-code":{"insertions":173,"deletions":0}}},{"hash":"2d70afde07269769bd7200a0e59b02a68ea1e074","isMergeCommit":false,"messageTitle":"Update use cases in DG","messageBody":"","fileTypesAndContributionMap":{"docs":{"insertions":40,"deletions":10}}},{"hash":"b3310ad52d418b11f9e0a1ca28964874de339934","isMergeCommit":true,"messageTitle":"Merge branch \u0027master\u0027 into update-developer-guide","messageBody":"","fileTypesAndContributionMap":{}},{"hash":"5cd57b5838abb37f57da16d74cbab3a52f881bc1","isMergeCommit":true,"messageTitle":"Merge pull request #36 from zoebelle-pang/profilepic","messageBody":"Add profile picture","fileTypesAndContributionMap":{}},{"hash":"89a9ee3cdaa9ebedfcb9eb83fec0c9a4b4208ad4","isMergeCommit":true,"messageTitle":"Merge branch \u0027master\u0027 into update-developer-guide","messageBody":"","fileTypesAndContributionMap":{}},{"hash":"a641bc7f842182955989615d79a44a2a509916fa","isMergeCommit":true,"messageTitle":"Merge pull request #38 from Hwww23/update-DG","messageBody":"Update DeveloperGuide.md","fileTypesAndContributionMap":{}},{"hash":"2f0bae8233fbf18c34d1e65f6d38d4ea2e0abec9","isMergeCommit":true,"messageTitle":"Merge pull request #39 from Hwww23/master","messageBody":"Update DeveloperGuide.md","fileTypesAndContributionMap":{}},{"hash":"2b36e26ad2a6f295f8ced4a65fc0d84093894e00","isMergeCommit":true,"messageTitle":"Merge branch \u0027master\u0027 into add-user-guide","messageBody":"","fileTypesAndContributionMap":{}},{"hash":"0d1d65f90d19ab17086ad66b68caf1f39d94b590","isMergeCommit":false,"messageTitle":"Fix AboutUs","messageBody":"","fileTypesAndContributionMap":{"docs":{"insertions":4,"deletions":4}}},{"hash":"7507d5d6901333358f1df4b2da788174388fc283","isMergeCommit":true,"messageTitle":"Merge branch \u0027master\u0027 of https://github.com/AY2324S2-CS2103-F15-2/tp into add-user-guide","messageBody":"","fileTypesAndContributionMap":{}}]},{"date":"2024-03-13","commitResults":[{"hash":"8bee61422384ae7e88e11772b8a9ddd8824814ed","isMergeCommit":true,"messageTitle":"Merge branch \u0027master\u0027 into mark-payments","messageBody":"","fileTypesAndContributionMap":{}}]},{"date":"2024-03-14","commitResults":[{"hash":"242a3af1e72fdb429935bab80b01795e07fa6872","isMergeCommit":false,"messageTitle":"Add student to TutorsGo","messageBody":"Additional attributes were added to cater for students.\n\nGrade and Subject are Optional details.\n","fileTypesAndContributionMap":{"functional-code":{"insertions":232,"deletions":49},"test-code":{"insertions":59,"deletions":16}}},{"hash":"bee4918d9f4c3cf6dfba2c69bd27cc1dd6139fb7","isMergeCommit":false,"messageTitle":"Fix success message","messageBody":"","fileTypesAndContributionMap":{"functional-code":{"insertions":8,"deletions":1}}},{"hash":"7f0ca58bf5c8c1c2c50992b3df3e44bac9bbf3b5","isMergeCommit":true,"messageTitle":"Merge branch \u0027master\u0027 of https://github.com/AY2324S2-CS2103-F15-2/tp into add-student","messageBody":"","fileTypesAndContributionMap":{}},{"hash":"bbf07353eba0f9471a408f2ae901a04134bb5a90","isMergeCommit":false,"messageTitle":"slight update to UG","messageBody":"","fileTypesAndContributionMap":{"docs":{"insertions":6,"deletions":5}}},{"hash":"c0ea531db77b498a622ff5c62188b81ebf2d1f5a","isMergeCommit":false,"messageTitle":"Fix partial codecov","messageBody":"","fileTypesAndContributionMap":{"functional-code":{"insertions":2,"deletions":118},"test-code":{"insertions":48,"deletions":3}}},{"hash":"ea35226b46d0656de2a8106afbae865e259e75f6","isMergeCommit":false,"messageTitle":"Fix partial codecov","messageBody":"","fileTypesAndContributionMap":{"functional-code":{"insertions":22,"deletions":6},"test-code":{"insertions":73,"deletions":7}}},{"hash":"956bf0fe2cbcb2ad5303c888ed872ece2785d251","isMergeCommit":false,"messageTitle":"Fix partial codecov","messageBody":"","fileTypesAndContributionMap":{"functional-code":{"insertions":0,"deletions":33}}}]},{"date":"2024-03-15","commitResults":[{"hash":"8dd1aed764cb75bd1b8a9277d08b6a584243d1a4","isMergeCommit":false,"messageTitle":"Fix partial codecov","messageBody":"","fileTypesAndContributionMap":{"functional-code":{"insertions":8,"deletions":1},"test-code":{"insertions":152,"deletions":0}}}]},{"date":"2024-03-19","commitResults":[{"hash":"36612845c52cceae29f9311312ee5400fe193122","isMergeCommit":true,"messageTitle":"Merge pull request #49 from gowthaman-01/master","messageBody":"Fix example Grade in ADD_COMMAND usage instructions","fileTypesAndContributionMap":{}}]}],"gowthaman-01":[{"date":"2024-03-19","commitResults":[{"hash":"a0a08b65ee0765da9e2fa2cc723823c61c757c49","isMergeCommit":false,"messageTitle":"Fix example Grade in ADD_COMMAND usage instructions","messageBody":"","fileTypesAndContributionMap":{"functional-code":{"insertions":1,"deletions":1}}}]}],"Hwww23":[{"date":"2024-03-11","commitResults":[{"hash":"0c272ad964199eca19d0a3ed63dd7c0c911abe89","isMergeCommit":false,"messageTitle":"Update AboutUs.md and Add hwww23.png","messageBody":"","fileTypesAndContributionMap":{"docs":{"insertions":5,"deletions":5}}},{"hash":"955fe0b025234d8f8ce0159708b11bc8ab9e78d4","isMergeCommit":true,"messageTitle":"Merge pull request #6 from AL-ZT/add-alzt-info","messageBody":"Update Zheng Ting\u0027s Profile in AboutUs","fileTypesAndContributionMap":{}},{"hash":"dce25f1c6e85ebe43877abc2521177ee561ebf50","isMergeCommit":true,"messageTitle":"Merge pull request #8 from AL-ZT/add-user-guide","messageBody":"Update payment functionality in User Guide","fileTypesAndContributionMap":{}},{"hash":"91c5d7158dfc5c1c9462c9cfec763df591f8ec2c","isMergeCommit":true,"messageTitle":"Merge pull request #10 from AL-ZT/change-site-wide-settings","messageBody":"Changes to site-wide settings","fileTypesAndContributionMap":{}},{"hash":"116481e582a424cb2a72493fa227d7f080735059","isMergeCommit":true,"messageTitle":"Merge pull request #15 from AL-ZT/update-developer-guide","messageBody":"Update target user profile, value proposition and user stories in Developer Guide","fileTypesAndContributionMap":{}},{"hash":"6daad9b7f85ead216395af6153230dd0b48df965","isMergeCommit":false,"messageTitle":"Update READEME.md and Ui.png","messageBody":"","fileTypesAndContributionMap":{"docs":{"insertions":4,"deletions":7}}},{"hash":"baa1f350e88756c9a1af04ef3663d42aaf509e87","isMergeCommit":false,"messageTitle":"Update README.md","messageBody":"Minor changes to remove presence of ab3\n","fileTypesAndContributionMap":{"docs":{"insertions":1,"deletions":1}}},{"hash":"c95b3b7c2eb3fc923855648fb0e01c0f65eaa6ec","isMergeCommit":false,"messageTitle":"Update DeveloperGuide.md","messageBody":"Add more NFRs\n","fileTypesAndContributionMap":{"docs":{"insertions":6,"deletions":0}}},{"hash":"384cf3844e30942d520cb0717dbd658a28556910","isMergeCommit":true,"messageTitle":"Merge pull request #37 from AL-ZT/update-developer-guide","messageBody":"Update use cases in DG","fileTypesAndContributionMap":{}},{"hash":"850fa4feb098107627e66f9cbda36ce2166315f5","isMergeCommit":false,"messageTitle":"Update DeveloperGuide.md","messageBody":"Update glossary\n","fileTypesAndContributionMap":{"docs":{"insertions":3,"deletions":2}}},{"hash":"db7a5245ec28ad8df9132204632186cdcdd6f638","isMergeCommit":true,"messageTitle":"Merge branch \u0027update-DG\u0027","messageBody":"","fileTypesAndContributionMap":{}},{"hash":"09b0f1872e2ffeb9055b419bbd25aed1189425b2","isMergeCommit":true,"messageTitle":"Merge pull request #41 from AL-ZT/add-user-guide","messageBody":"Update AboutUs","fileTypesAndContributionMap":{}}]},{"date":"2024-03-12","commitResults":[{"hash":"4fb97f430970ccf65772504d5461f32fbf9881e2","isMergeCommit":true,"messageTitle":"Merge pull request #43 from zoebelle-pang/updateReadme","messageBody":"Update readme","fileTypesAndContributionMap":{}}]},{"date":"2024-03-18","commitResults":[{"hash":"41cfa197f46261a0f5e1d0168955d773ac792d41","isMergeCommit":true,"messageTitle":"Merge pull request #47 from AL-ZT/add-student","messageBody":"Modify add function","fileTypesAndContributionMap":{}}]},{"date":"2024-03-19","commitResults":[{"hash":"fa2b17aabb0d683d0179d8b484da47973d631c37","isMergeCommit":false,"messageTitle":"Add dates to Student details","messageBody":"","fileTypesAndContributionMap":{"functional-code":{"insertions":196,"deletions":14},"docs":{"insertions":3,"deletions":2},"test-code":{"insertions":152,"deletions":29}}},{"hash":"87f1df003ac8198254363158e533e0374dff38fa","isMergeCommit":false,"messageTitle":"Update for build error","messageBody":"","fileTypesAndContributionMap":{"docs":{"insertions":4,"deletions":5}}},{"hash":"7b13fe5a346f0329660c393311f6dc0928fa0348","isMergeCommit":false,"messageTitle":"no message","messageBody":"","fileTypesAndContributionMap":{"functional-code":{"insertions":100,"deletions":100},"test-code":{"insertions":24,"deletions":24}}},{"hash":"5b1d673c93b046e126bc29987e3622aa515d8770","isMergeCommit":false,"messageTitle":"no message","messageBody":"","fileTypesAndContributionMap":{"functional-code":{"insertions":40,"deletions":12}}},{"hash":"55dd1382a22b1b18830525b468bbe6547bb637e2","isMergeCommit":false,"messageTitle":"no message","messageBody":"","fileTypesAndContributionMap":{"functional-code":{"insertions":10,"deletions":6}}},{"hash":"499da490f8617305ae57e081955ac2d24d7ff190","isMergeCommit":false,"messageTitle":"no message","messageBody":"","fileTypesAndContributionMap":{"functional-code":{"insertions":0,"deletions":1}}},{"hash":"b9db5e2e9c1d69d1e74cb0beaf51937503cc8815","isMergeCommit":false,"messageTitle":"no message","messageBody":"","fileTypesAndContributionMap":{"test-code":{"insertions":14,"deletions":10}}}]},{"date":"2024-03-20","commitResults":[{"hash":"67f6acf555f88775181e347cf8ca3d15e07eb4cd","isMergeCommit":false,"messageTitle":"Fixing gradletest issues","messageBody":"","fileTypesAndContributionMap":{"functional-code":{"insertions":18,"deletions":19},"test-code":{"insertions":21,"deletions":16}}},{"hash":"95f84975b9c2e1caaef5be54b225638d3ffde881","isMergeCommit":false,"messageTitle":"no message","messageBody":"","fileTypesAndContributionMap":{"test-code":{"insertions":0,"deletions":3}}},{"hash":"2437d61e2601210eb6e58fcf4999036ed3b1c382","isMergeCommit":false,"messageTitle":"no message","messageBody":"","fileTypesAndContributionMap":{"functional-code":{"insertions":9,"deletions":0}}}]}]},"authorFileTypeContributionMap":{"zoebelle-pang":{"docs":16,"functional-code":0,"test-code":0},"AL-ZT":{"docs":103,"functional-code":247,"test-code":299,"other":1},"gowthaman-01":{"docs":0,"functional-code":1,"test-code":0},"Hwww23":{"docs":18,"functional-code":235,"test-code":161}},"authorContributionVariance":{"zoebelle-pang":31.640608,"AL-ZT":18754.004,"gowthaman-01":0.14266118,"Hwww23":19899.697},"authorDisplayNameMap":{"zoebelle-pang":"CS2103-F15-2 ZOEB..PANG","AL-ZT":"CS2103-F15-2 LIM ..TING","gowthaman-01":"CS2103-F15-2 GOWT..NDAN","Hwww23":"CS2103-F15-2 TANG.. WEN"}}
